QUEST_LV_0500_20190419_000001	Preferiría que alguien más lo hiciera si es algo que es absolutamente necesario hacer. {nl} ¿Por qué siempre tengo que ser yo?	누군가는 해야 할 일이면 다른 사람이 했으면 좋겠어요.{nl}왜 저한태 이런 걸 시키는 걸까요.				케도라 상단원 이네타
QUEST_LV_0500_20190419_000002	Los demonios y monstruos siguen sueltos... {nl}Al menos no tenemos que preocuparnos de que nos roben los bandoleros.{nl}Eso es si podemos salir con vida.	몬스터와 마족들이 득실거리니..{nl}적어도 강도를 만날 걱정은 안 해도 되겠어.{nl}살아서 돌아갈 수 있다면 말이지.				케도라 상단원 타다스
QUEST_LV_0500_20190419_000003	Estoy aquí para ayudar a Tadas.{nl}No estoy aquí para limpiar el desastre de Wolke.	정찰하는 데 며칠, 보고하는 데 또 며칠!{nl}이러면 일은 언제 끝낼 생각인 거지?				바바리안 볼케
QUEST_LV_0500_20190419_000004	Estoy aquí para ayudar a Tadas.{nl}No estoy aquí para limpiar el desastre de Wolke.	전 타다스님을 도우러 온 것이지.{nl}볼케님이 사고 치는 걸 처리하러 온 게 아닙니다.				케도라 상단원 니르기
QUEST_LV_0500_20190419_000005	¿Por qué Kartas iría tan lejos como para encarcelarme bajo esta barrera...{nl}¿Realmente conoce las propiedades de esta semilla...?	카르타스의 눈을 속여 신수의 씨앗을 빼앗기지 않았어요.{nl}이 속박을 풀어낸다면 씨앗의 능력으로 힘을 다시 회복할 수 있을 거예요.				여신 메데이나
QUEST_LV_0500_20190419_000006	Voy a encontrar a la señorita Neringa tan pronto como me sienta un poco mejor. {nl}Estoy seguro de que sabrá una manera de rescatar a la Maestra Medeina de Kartas.	카르타스가 이 숲에 거대한 결계를 펼치면서까지 저를 쫓는 이유가 무엇일까요..{nl}정말 이 씨앗의 존재를 알고 있는 걸까요?				여신 메데이나
QUEST_LV_0500_20190419_000007	Voy a encontrar a la señorita Neringa tan pronto como me sienta un poco mejor. {nl}Estoy seguro de que sabrá una manera de rescatar a la Maestra Medeina de Kartas.	저는 몸을 추스리는대로 네링가님을 찾아가 보려 해요.{nl}네링가님이라면 분명 카르타스로부터 메데이나님을 구할 방법을 알고 계실 거에요.				큐폴 아스트라
QUEST_LV_0500_20190419_000008	Estamos atrapados dentro de la barrera de Kartas y los poderes de la Maestra Medeina no son suficientes para romperla. {nl}Necesitamos ayudarla a recuperar sus fuerzas...	아! 계시자님! 이 숲에는 사악한 결계가 펼쳐져 있어서 들어오시면 위험해요!{nl}어서 벗어나세요!				큐폴 아스트라
QUEST_LV_0500_20190419_000009	Estamos atrapados dentro de la barrera de Kartas y los poderes de la Maestra Medeina no son suficientes para romperla. {nl}Necesitamos ayudarla a recuperar sus fuerzas...	카르타스가 숲 일대에 펼친 결계 때문에 지금 메데이나님의 힘으로는 이곳을 벗어날 수 없어요.{nl}메데이나님이 어서 기운을 차리시고 회복하셔야 할 텐데..				큐폴 일로나
QUEST_LV_0500_20190419_000010	Me alegro de que Ilona esté a salvo al menos, a pesar de la barrera. {nl}Revelator, busca una manera de desactivar la barrera.	카르타스가 이곳을 발견하면 큰일이에요.{nl}메데이나님이 회복할 수 있도록 계시자님께서 도와주세요.				큐폴 일로나
QUEST_LV_0500_20190419_000011	Me alegro de que Ilona esté a salvo al menos, a pesar de la barrera. {nl}Revelator, busca una manera de desactivar la barrera.	속박의 결계에 걸리긴 했지만.. 그래도 일로나가 무사해서 다행이에요.{nl}계시자님. 결계를 해제할만한 방법이 있을지 찾아봐 주세요.				큐폴 율리아
QUEST_LV_0500_20190419_000012	Sus huellas se detienen aquí. ¿Deberíamos mirar dentro del patio?	어서 일로나와 함께 메데이나님을 찾으러 가 봐요.				큐폴 율리아
QUEST_LV_0500_20190419_000013	Revelador, por favor destruye el círculo mágico.  Esta podría ser la única oportunidad que tengamos mientras Kartas no esté.	메데이나님의 흔적이 이 앞에서 끊겼으니 이 안뜰 안쪽을 확인해보는 게 어떨까요?				큐폴 율리아
QUEST_LV_0500_20190419_000014	¡Oh, me alegro mucho de que la Maestra Medeina esté a salvo! {nl}Ese Círculo Mágico de Teletransportación debe ser destruido...	메데이나님이 무사하셔서 다행이에요!{nl}그보다 메데이나님에게 펼쳐진 마계 이동 마법진을 파훼해야 할텐데..				큐폴 율리아
QUEST_LV_0500_20190419_000015	Revelador, por favor destruye el círculo mágico. {nl} Esta podría ser la única oportunidad que tengamos mientras Kartas no esté.	계시자님! 메데이나님에게 펼쳐진 마계 이동 마법진을 없애주세요.{nl}카르타스가 없는 지금이 기회에요.				큐폴 일로나
QUEST_LV_0500_20190419_000016	La barrera del Maestra Medeina finalmente ha desaparecido. {nl} Deberíamos darnos prisa ahora...	계시자님 덕분에 메데이나님이 결계를 풀어낼 수 있었네요.{nl}어서 이곳을 벗어나야 할 텐데..				큐폴 일로나
QUEST_LV_0500_20190419_000017	Ay... Maestra Medeina...	보조 마법진에 마력을 과부하 되게 주입하는 게 효과가 있었네요.				큐폴 율리아
QUEST_LV_0500_20190419_000018	Ay... Maestra Medeina...	아.. 저희 때문에 메데이나님이..				큐폴 율리아
QUEST_LV_0500_20190419_000019	ella...	메데이나님..				큐폴 일로나
QUEST_LV_0500_20190419_000020	Aunque Kartas se llevó a la Maestra Medeina... preciosa ayuda siempre será recordada, Revelador.	제가 너무 늦었어요..				큐폴 아스트라
QUEST_LV_0500_20190419_000021	Aunque Kartas se llevó a la Maestra Medeina...{nl}Tu preciosa ayuda siempre será recordada, Revelador.{nl}	비록 메데이나님이 카르타스에게 붙잡혀 가셨지만..{nl}저희는 계시자님께서 메데이나님을 찾는 일에 적극적으로 도와주신 것을 기억하고 있어요.{nl}				큐폴 아스트라
QUEST_LV_0500_20200129_000022	Derrota al guerrero Nuka, Nuo Assassin.	누카 전사, 누오 암살자 처치				
QUEST_LV_0500_20200129_000023	A petición de la recepcionista Ramda del puesto de mercenarios {nl}, derrota al guerrero Nuka y al asesino Nuo en la fortaleza de Tvirtumas.	클라페다 의뢰소의 접수원 람다의 의뢰로{nl}트비르투마스 요새에서 누카 전사, 누오 암살자 처치를 수행해야 합니다.				
QUEST_LV_0500_20200129_000024	A petición de la recepcionista Ramda del puesto de mercenarios  derrota al guerrero pétalo de Akhlass en la fortaleza de Tvirtumas.	아클라스 페탈 전사 처치				
QUEST_LV_0500_20200129_000025	A petición de la recepcionista Ramda del puesto de mercenarios {nl}, derrota al guerrero pétalo de Akhlass en la fortaleza de Tvirtumas.	클라페다 의뢰소의 접수원 람다의 의뢰로{nl}트비르투마스 요새에서 아클라스 페탈 전사 처치를 수행해야 합니다.				
QUEST_LV_0500_20200129_000026	Derrota a la armadura viviente	리빙 아머 처치				
QUEST_LV_0500_20200129_000027	A petición de la recepcionista Ramda del Mercenary Post{nl}Derrota a la Armadura Viviente en la Fortaleza de Tvirtumas.	클라페다 의뢰소의 접수원 람다의 의뢰로{nl}트비르투마스 요새에서 리빙 아머 처치를 수행해야 합니다.				
QUEST_LV_0500_20200129_000028	Derrota a los Ilgaranka	일가란카 처치				
QUEST_LV_0500_20200129_000029	A petición de la recepcionista Ramda del Puesto Mercenario{nl}Derrota a Ilgaranka en la Fortaleza de Tvirtumas.	클라페다 의뢰소의 접수원 람다의 의뢰로{nl}트비르투마스 요새에서 일가란카 처치를 수행해야 합니다.				
QUEST_LV_0500_20200129_000030	Derrota al jinete duende Bloguz, Necko.	블로거즈 고블린 라이더, 넥코 처치				
QUEST_LV_0500_20200129_000031	A petición de la recepcionista Ramda del Mercenary Post{nl}Derrota al Bloguz Goblin Rider y a Necko en las afueras de Skalda.	클라페다 의뢰소의 접수원 람다의 의뢰로{nl}스칼다 외곽에서 블로거즈 고블린 라이더, 넥코 처치를 수행해야 합니다.				
QUEST_LV_0500_20200129_000032	lobo gris	그레이 울프 처치				
QUEST_LV_0500_20200129_000033	A petición de la recepcionista Ramda del puesto de mercenarios {nl} Derrota al lobo gris en las afueras de Skalda.	클라페다 의뢰소의 접수원 람다의 의뢰로{nl}스칼다 외곽에서 그레이 울프 처치를 수행해야 합니다.				
QUEST_LV_0500_20200129_000034	Derrota al arquero duende Bloguz	블로거즈 고블린 궁수 처치				
QUEST_LV_0500_20200129_000035	A petición de la recepcionista Ramda del Mercenary Post{nl}Derrota al Bloguz Goblin Aarcher en las afueras de Skalda.	클라페다 의뢰소의 접수원 람다의 의뢰로{nl}스칼다 외곽에서 블로거즈 고블린 궁수 처치를 수행해야 합니다.				
QUEST_LV_0500_20200129_000036	Derrota al Jefe Lobo Gris	그레이 울프 치프 처치				
QUEST_LV_0500_20200129_000037	A petición de la recepcionista Ramda del Puesto de Mercenarios{nl}Derrota al Jefe Lobo Gris en las afueras de Skalda.	클라페다 의뢰소의 접수원 람다의 의뢰로{nl}스칼다 외곽에서 그레이 울프 치프 처치를 수행해야 합니다.				
QUEST_LV_0500_20200129_000038	Derrota al lancero orco	오크 살수병 처치				
QUEST_LV_0500_20200129_000039	A petición de la recepcionista Ramda del puesto de mercenarios {nl} Derrota al lancero orco en las ruinas de Rinksmas.	클라페다 의뢰소의 접수원 람다의 의뢰로{nl}링크스마스 폐허에서 오크 살수병 처치를 수행해야 합니다.				
QUEST_LV_0500_20200129_000040	Derrota al chamán orco	오크 주술사 처치				
QUEST_LV_0500_20200129_000041	A petición de la recepcionista Ramda del puesto de mercenarios {nl} Derrota al chamán orco en las ruinas de Rinksmas.	클라페다 의뢰소의 접수원 람다의 의뢰로{nl}링크스마스 폐허에서 오크 주술사 처치를 수행해야 합니다.				
QUEST_LV_0500_20200129_000042	Derrota al orco Peltast	오크 방패병 처치				
QUEST_LV_0500_20200129_000043	A petición de la recepcionista Ramda del puesto de mercenarios {nl} Derrota al orco Peltast en las ruinas de Rinksmas.	클라페다 의뢰소의 접수원 람다의 의뢰로{nl}링크스마스 폐허에서 오크 방패병 처치를 수행해야 합니다.				
QUEST_LV_0500_20200129_000044	Derrota al líder orco	오크 리더 처치				
QUEST_LV_0500_20200129_000045	A petición de la recepcionista Ramda del puesto de mercenarios {nl}Derrota al líder orco en las ruinas de Rinksmas.	클라페다 의뢰소의 접수원 람다의 의뢰로{nl}링크스마스 폐허에서 오크 리더 처치를 수행해야 합니다.				
QUEST_LV_0500_20200129_000046	Derrota a los monstruos en las ruinas de Rinksmas.	링크스마스 폐허의 몬스터 처치				
QUEST_LV_0500_20200129_000047	A petición de la recepcionista Ramda del Mercenary Post{nl}Derrota a los monstruos en las ruinas de Rinksmas.	클라페다 의뢰소의 접수원 람다의 의뢰로{nl}링크스마스 폐허에서 충분한 수의 몬스터 처치를 수행해야 합니다.				
QUEST_LV_0500_20200129_000048	Derrota al cañonero orco	오크 캐논병 처치				
QUEST_LV_0500_20200129_000049	A petición de la recepcionista Ramda del Mercenary Post{nl}Derrota al cañonero orco en el Camino de la Perdición.	클라페다 의뢰소의 접수원 람다의 의뢰로{nl}종언의 길에서 오크 캐논병 처치를 수행해야 합니다.				
QUEST_LV_0500_20200129_000050	Derrota al abanderado orco	오크 깃발병 처치				
QUEST_LV_0500_20200129_000051	A petición de la recepcionista Ramda del Mercenary Post{nl}Derrota al abanderado orco en el Camino de la Perdición.	클라페다 의뢰소의 접수원 람다의 의뢰로{nl}종언의 길에서 오크 깃발병 처치를 수행해야 합니다.				
QUEST_LV_0500_20200129_000052	Derrota al Capitán Orco	오크 대장 처치				
QUEST_LV_0500_20200129_000053	A petición de la recepcionista Ramda del Mercenary Post{nl}Derrota al Capitán Orco en el Camino de la Perdición.	클라페다 의뢰소의 접수원 람다의 의뢰로{nl}종언의 길에서 오크 대장 처치를 수행해야 합니다.				
QUEST_LV_0500_20200129_000054	Derrota a los monstruos en el Camino de la Perdición	종언의 길의 몬스터 처치				
QUEST_LV_0500_20200129_000055	A petición de la recepcionista Ramda del Mercenary Post{nl}Derrota a los monstruos en el Camino de la Perdición.	클라페다 의뢰소의 접수원 람다의 의뢰로{nl}종언의 길에서 충분한 수의 몬스터 처치를 수행해야 합니다.				
QUEST_LV_0500_20200129_000056	A petición de la recepcionista Ramda del puesto de mercenarios, derrota al guerrero Nuka y al asesino Nuo en la fortaleza de Tvirtumas.	클라페다 의뢰소의 접수원 람다의 의뢰로 트비르투마스 요새에서 누카 전사, 누오 암살자 처치를 수행해야 합니다.				
QUEST_LV_0500_20200129_000057	A petición de la recepcionista Ramda del puesto de mercenarios, derrota al guerrero pétalo de Akhlass en la fortaleza de Tvirtumas.	클라페다 의뢰소의 접수원 람다의 의뢰로 트비르투마스 요새에서 아클라스 페탈 전사 처치를 수행해야 합니다.				
QUEST_LV_0500_20200129_000058	A petición de la recepcionista Ramda del Puesto de Mercenarios, derrota a la Armadura Viviente en la Fortaleza de Tvirtumas.	클라페다 의뢰소의 접수원 람다의 의뢰로 트비르투마스 요새에서 리빙 아머 처치를 수행해야 합니다.				
QUEST_LV_0500_20200129_000059	A petición de la recepcionista Ramda del Mercenary Post, derrota al Bloguz Goblin Rider y Necko en las afueras de Skalda.	클라페다 의뢰소의 접수원 람다의 의뢰로 트비르투마스 요새에서 일가란카 처치를 수행해야 합니다.				
QUEST_LV_0500_20200129_000060	A petición de la recepcionista Ramda del Mercenary Post, derrota al Bloguz Goblin Rider y Necko en las afueras de Skalda.	클라페다 의뢰소의 접수원 람다의 의뢰로 스칼다 외곽에서 블로거즈 고블린 라이더, 넥코 처치를 수행해야 합니다.				
QUEST_LV_0500_20200129_000061	A petición de la recepcionista Ramda del puesto de mercenarios, derrota al lobo gris en las afueras de Skalda.	클라페다 의뢰소의 접수원 람다의 의뢰로 스칼다 외곽에서 그레이 울프 처치를 수행해야 합니다.				
QUEST_LV_0500_20200129_000062	A petición de la recepcionista Ramda del Mercenary Post, derrota al Bloguz Goblin Archer en las afueras de Skalda.	클라페다 의뢰소의 접수원 람다의 의뢰로 스칼다 외곽에서 블로거즈 고블린 궁수 처치를 수행해야 합니다.				
QUEST_LV_0500_20200129_000063	A petición de la recepcionista Ramda del Puesto de Mercenarios, derrota al Jefe Lobo Gris en las afueras de Skalda.	클라페다 의뢰소의 접수원 람다의 의뢰로 스칼다 외곽에서 그레이 울프 치프 처치를 수행해야 합니다.				
QUEST_LV_0500_20200129_000064	A petición de la recepcionista Ramda del puesto de mercenarios, derrota al lancero orco en las ruinas de Rinksmas.	클라페다 의뢰소의 접수원 람다의 의뢰로 링크스마스 폐허에서 오크 살수병 처치를 수행해야 합니다.				
QUEST_LV_0500_20200129_000065	A petición de la recepcionista Ramda del puesto de mercenarios, derrota al chamán orco en las ruinas de Rinksmas.	클라페다 의뢰소의 접수원 람다의 의뢰로 링크스마스 폐허에서 오크 주술사 처치를 수행해야 합니다.				
QUEST_LV_0500_20200129_000066	A petición de la recepcionista Ramda del puesto de mercenarios, derrota al orco Peltast en las ruinas de Rinksmas.	클라페다 의뢰소의 접수원 람다의 의뢰로 링크스마스 폐허에서 오크 방패병 처치를 수행해야 합니다.				
QUEST_LV_0500_20200129_000067	A petición de la recepcionista Ramda del puesto de mercenarios, derrota al líder orco en las ruinas de Rinksmas.	클라페다 의뢰소의 접수원 람다의 의뢰로 링크스마스 폐허에서 오크 리더 처치를 수행해야 합니다.				
QUEST_LV_0500_20200129_000068	A petición de la recepcionista Ramda del puesto de mercenarios, derrota a los monstruos en las ruinas de Rinksmas.	클라페다 의뢰소의 접수원 람다의 의뢰로 링크스마스 폐허에서 충분한 수의 몬스터 처치를 수행해야 합니다.				
QUEST_LV_0500_20200129_000069	A petición de la recepcionista Ramda del puesto de mercenarios, derrota al cañonero orco en el Camino de la Muerte.	클라페다 의뢰소의 접수원 람다의 의뢰로 종언의 길에서 오크 캐논병 처치를 수행해야 합니다.				
QUEST_LV_0500_20200129_000070	A petición de la recepcionista Ramda del puesto de mercenarios, derrota al abanderado orco en el Camino de la Muerte.	클라페다 의뢰소의 접수원 람다의 의뢰로 종언의 길에서 오크 깃발병 처치를 수행해야 합니다.				
QUEST_LV_0500_20200129_000071	A petición de la recepcionista Ramda del Puesto de Mercenarios, derrota al Capitán Orco en el Camino de la Muerte.	클라페다 의뢰소의 접수원 람다의 의뢰로 종언의 길에서 오크 대장 처치를 수행해야 합니다.				
QUEST_LV_0500_20200129_000072	A petición de la recepcionista Ramda del Mercenary Post, derrota a los monstruos en el Camino de la Perdición.	클라페다 의뢰소의 접수원 람다의 의뢰로 종언의 길에서 충분한 수의 몬스터 처치를 수행해야 합니다.				
QUEST_LV_0500_20200320_000073	Espera, ¿podría ser... eres tú el Revelador?	잠시만요, 혹시 계시자인가요?				세이지 파견원
QUEST_LV_0500_20200320_000074	Estamos en grave peligro.{nl}Desde Medzio Diena, la dimensión comenzó a colapsar de vez en cuando.	큰일입니다.{nl}신수의 날 이후로 종종 차원이 붕괴하는 현상이 나타나고 있어요.{nl}				세이지 파견원
QUEST_LV_0500_20200320_000075	Los monstruos cercanos aceleran el colapso.{nl}Esto se extenderá a todo el continente si no se previene de antemano.{nl} Necesito la ayuda del Revelador ya que es un asunto que escapa a mi poder.{nl} Por favor, échame una mano.	더군다나 근처의 몬스터들이 붕괴를 가속하고 있죠.{nl}막지 않으면 차원 붕괴가 대륙 전역으로 번질 거예요.{nl}저 혼자서는 벅찬일이라 계시자들에게 도움을 구하고 있습니다.{nl}이렇게 부탁드립니다.				세이지 파견원
QUEST_LV_0500_20200320_000076	Ten cuidado de no dejarte arrastrar por el colapso dimensional. {nl} Sería prudente acercarte cuando estés completamente preparado.	차원 붕괴에 휘말려 아까운 목숨을 잃지 않도록 주의하세요.{nl}준비가 충분하지 않으면 가까이 가지 않는 게 좋습니다.				세이지 파견원
QUEST_LV_0500_20200320_000077	Evitar que la dimensión colapse	차원 붕괴 저지				
QUEST_LV_0500_20200320_000078	Eso es correcto.	계시자가 맞다고 한다.				
QUEST_LV_0500_20200320_000079	No precisamente.	계시자가 아니라고 한다.				
QUEST_LV_0500_20200320_000080	Habla con el enviado sabio.	세이지 파견원과 대화하기.				
QUEST_LV_0500_20200320_000081	El Sabio Enviado en la Ciudad Caída está proporcionando algo a los Reveladores. Habla con el enviado sabio.	폐도에 위치한 세이지 파견원이 계시자들에게 무언가를 지급하고 있습니다. 세이지 파견원과 대화하세요.				
QUEST_LV_0500_20200710_000082	Estamos investigando una reciente ola de frío severa que ocurrió aquí.{nl}	저희는 여기서 최근에 일어난 한파 현상에 대해 조사하고 있습니다.{nl}				크루세이더 마스터
QUEST_LV_0500_20200710_000083	Tres investigaciones revelaron que los demonios debajo de este acantilado fueron los responsables de la severa ola de frío.{nl}	세 차례에 걸친 조사로 이 절벽 아래에 있는 마족이 한파의 원인이라는 건 알아냈습니다.{nl}				크루세이더 마스터
QUEST_LV_0500_20200710_000084	El nombre del demonio es...{nl}	마족의 이름은..{nl}				크루세이더 마스터
QUEST_LV_0500_20200710_000085	Glacia.{nl}	글레이시어.{nl}				크루세이더 마스터
QUEST_LV_0500_20200710_000086	Era un demonio llamado Glacia.{nl}También encontramos un cristal negro flotando en un dispositivo especial.{nl}No estoy seguro de qué es, pero estaba condensando un fuerte poder mágico.{nl}	글레이시어라고 하는 마족입니다.{nl}그리고 특별한 장치 위에 떠 있는 검은 수정도 발견했습니다.{nl}정체가 확실하지는 않지만, 강한 마력을 응축하고 있었습니다.{nl}				크루세이더 마스터
QUEST_LV_0500_20200710_000087	Se hicieron varios intentos para derrotar a Glacia, pero no lograron superar la ola de frío y los demonios.{nl}	몇 차례 글레이시어 토벌을 시도했지만, 한파와 마족의 공세를 뚫는 데 실패했습니다.{nl}				크루세이더 마스터
QUEST_LV_0500_20200710_000088	Escuché sobre las actividades de los Reveladores. {nl} Por favor ayuda a derrotar a Glacia.	계시자들의 활약상은 들었습니다.{nl}글레이시어  처치를 도와주십시오.				크루세이더 마스터
QUEST_LV_0500_20200710_000089	Bueno, te veré de nuevo cuando estés listo para bajar por el acantilado.	그럼, 절벽 아래로 내려갈 준비를 마친 후 다시 뵙겠습니다.				크루세이더 마스터
QUEST_LV_0500_20200710_000090	Si bajas por el acantilado, será difícil pedir apoyo adicional.{nl}No será fácil atravesar la ola de frío generada por Glacia.{nl}	절벽 아래로 내려간다면, 추가 지원을 요청하기는 힘들 겁니다.{nl}글레이시어가 일으키고 있는 한파를 버젓이 뚫고 가기도 쉽지 않을 겁니다.{nl}				크루세이더 마스터
QUEST_LV_0500_20200710_000091	Estaremos aquí para ayudar al Revelador a montar en la jaula y descender con seguridad por el acantilado.{nl}	저희는 여기서 계시자님이 철창을 타고 절벽 아래로 무사히 내려갈 수 있도록 돕겠습니다.{nl}				크루세이더 마스터
QUEST_LV_0500_20200710_000092	Cuento contigo sobre el Glacia.	글레이시어를 잘 부탁합니다.				크루세이더 마스터
QUEST_LV_0500_20200710_000093	Revelador.{nl}¿Te importaría dedicarme un momento?{nl}	계시자님.{nl}잠시 시간 좀 내주시겠습니까?{nl}				크루세이더 파견원
QUEST_LV_0500_20200710_000094	La última vez, mientras investigaba el fondo del acantilado, encontré algunas cosas.{nl}Entre ellas, este líquido rojo..{nl}No estaba helado por el frío, solo tenía una fina capa de hielo.{nl}	지난 번, 절벽 아래를 조사하는 중에 몇 가지를 발견한 게 있습니다.{nl}그중 이 붉은 액체..{nl}그 추위 속에서 얼지 않고 살얼음만 띄고 있더군요.{nl}				크루세이더 파견원
QUEST_LV_0500_20200710_000095	Lo recopilé porque parecía muy peculiar. {nl} Si hay alguien en quien puedas confiar para analizarlo, te lo dejo a ti, Revelador.	아무래도 심상치 않아 채취했습니다.{nl}혹시 분석을 맡길 만한 사람이 있다면 계시자님께 맡기겠습니다.				크루세이더 파견원
QUEST_LV_0500_20200710_000096	Gracias.{nl}Por favor, vuelva a contactarme cuando se complete el análisis.	감사합니다.{nl}분석이 완료되면 다시 저를 찾아와 주세요.				크루세이더 파견원
QUEST_LV_0500_20200710_000097	¿Estás diciendo que quieres analizar la solución? {nl}No es difícil de hacer, pero me siento siniestro al respecto.	용액을 분석해 달라는 말씀이신가요?{nl}어려운 일은 아니지만, 불길한 짐작이 드는군요.{nl}				플레이그 닥터 마스터
QUEST_LV_0500_20200710_000098	Necesito una planta para estar seguro. {nl} No me importa cuál sea, entonces, ¿puedes conseguirme una cercana? {nl} Después de todo, no lejos de aquí crecen plantas largas.	확실히 하기 위해서는 식물이 필요합니다.{nl}근처에서 어떤 것이든 상관없으니 하나만 구해주시겠습니까?{nl}그러고 보니 마침, 여기서 멀지 않은 쪽에 길게 자란 식물이 있으니 그게 좋겠네요.				플레이그 닥터 마스터
QUEST_LV_0500_20200710_000099	Por favor, vuelva a contactarme cuando se complete el análisis.	분석이 완료되면 다시 저를 찾아와 주세요.				크루세이더 파견원
QUEST_LV_0500_20200710_000100	Esto..{nl}	이건..{nl}				플레이그 닥터 마스터
QUEST_LV_0500_20200710_000101	Parece ser Kruvina.{nl}He oído hablar de él por el rumor.{nl}Está en forma de líquido, pero... Es la primera vez que lo veo.{nl}	아무래도 크루비나인 것 같군요.{nl}소문으로 들은 적이 있습니다.{nl}액체의 형태이지만.. 실제로 보는 건 처음이군요.{nl}				플레이그 닥터 마스터
QUEST_LV_0500_20200710_000102	Sin embargo, hay más sangre mezclada aquí.{nl}Creo... alguien vomitó esto con sangre de su cuerpo.{nl}	다만, 여기에는 피가 더 많이 섞여 있습니다.{nl}아무래도.. 누군가의 몸에 있다가 피와 함께 토해낸 거로 생각합니다.{nl}				플레이그 닥터 마스터
QUEST_LV_0500_20200710_000103	Por ejemplo, puede ser el demonio Glacia como dijiste.{nl}	이를테면.. 말씀하신 글레이시어라는 마족이겠네요.{nl}				플레이그 닥터 마스터
QUEST_LV_0500_20200710_000104	Es una mala señal.	안 좋은 징조입니다.				플레이그 닥터 마스터
QUEST_LV_0500_20200710_000105	Te pedimos que investigues esto con responsabilidad. {nl}Algo como esto, no sólo el demonio común lo deseará.	이번 일에 대해서 책임을 갖고 조사해주시기를 부탁드립니다.{nl}이런 물건이라면 평범한 마족 정도만 탐낼 물건이 아닐 겁니다.				플레이그 닥터 마스터
QUEST_LV_0500_20200710_000106	Ha vuelto.{nl}	오셨습니까?{nl}				크루세이더 파견원
QUEST_LV_0500_20200710_000107	Muy bien.{nl}Nos encargaremos del proceso y la investigación de esta solución. {nl}Muchas gracias por tu ayuda.	알겠습니다.{nl}이 용액에 대한 처리와 조사는 저희가 맡겠습니다.{nl}도와주셔서 정말 감사합니다.				크루세이더 파견원
QUEST_LV_0500_20200710_000108	Revelador.{nl}Escuché de una historia sobre una mujer misteriosa presenciada entre soldados en un campamento en la meseta de Stogas.	계시자님.{nl}스토가스 고원의 야영지에 주둔한 병사 중에서 의문의 여인에 대한 목격담을 이야기했다는 소식을 들었습니다.				크루세이더 파견원
QUEST_LV_0500_20200710_000109	Recibí órdenes de mantener mi puesto actual. {nl}Como la investigación no fue informada al Maestro, no creo que pueda moverme.{nl}¿Podrías encontrarte con los soldados del campo en mi lugar?	저는 현 위치를 유지하라는 명령을 받았습니다.{nl}아무래도 마스터님에게는 보고하지 않은 조사라 제가 움직이기는 힘들 것 같습니다.{nl}저를 대신해 야영지의 병사들을 만나봐 주실 수 있으실까요?				크루세이더 파견원
QUEST_LV_0500_20200710_000110	Gracias por tu ayuda.{nl}Si buscas al oficial al mando de Stogas, Ades, en el campamento, podrás ahorrar esfuerzo.	도와주셔서 정말 감사합니다.{nl}야영지에 있는 스토가스 분대장 아데스라는 사람을 찾아보시면 수고를 줄이실 수 있으실 겁니다.				크루세이더 파견원
QUEST_LV_0500_20200710_000111	¿Viniste después de escuchar a un testigo sobre una mujer misteriosa?	의문의 여인에 대한 목격담을 듣고 오셨다고요?				스토가스 분대장 아데스
QUEST_LV_0500_20200710_000112	Lo recuerdo totalmente. {nl} Lo extraño fue que ella estaba pidiendo ayuda a gritos, pero parecía ignorarnos cuando intentamos ayudarla. {nl} Además, murmuró que nadie la estaba ayudando. {nl} Parecía que estaba loca.	분명히 기억하고 있어요.{nl}이상했던 게, 누구든지 자신을 도와달라며 울면서도 도와주려는 저희를 무시하는 듯했었죠.{nl}그러면서 아무도 자신을 돕지 않는다며 중얼거리기도 했습니다.{nl}제정신 같지가 않았어요.				스토가스 분대장 아데스
QUEST_LV_0500_20200710_000113	Si es difícil de entender, pregúntale a Mortimer. {nl}Él fue quien la encontró.	이해하기 힘드시다면, 고원병사 모티머에게 물어보시면 됩니다.{nl}그 여인을 발견했던 게 바로 모티머였습니다.				스토가스 분대장 아데스
QUEST_LV_0500_20200710_000114	Si buscas al oficial al mando de Stogas, Ades, en el campamento, podrás ahorrar esfuerzo.	야영지에 있는 스토가스 분대장 아데스라는 사람을 찾아보시면 수고를 줄이실 수 있으실 겁니다.				크루세이더 파견원
QUEST_LV_0500_20200710_000115	¿Sí? ¿Qué es?{nl}	무슨 일이시죠?				고원병사 모티머
QUEST_LV_0500_20200710_000116	Pregúntale al soldado Motimer sobre la mujer. {nl} Él fue quien la encontró.	여인에 대해서라면 고원병사 모티머에게 물어보시면 됩니다.{nl}그 여인을 발견했던 게 바로 모티머였습니다.				스토가스 분대장 아데스
QUEST_LV_0500_20200710_000117	Estás preguntando por la mujer.	여인에 대해서 여쭤보시는 거군요.				고원병사 모티머
QUEST_LV_0500_20200710_000118	Oh, pero no es un buen momento.{nl}Tengo prisa.{nl}Mientras termino mi trabajo, puedes mirar el camino hacia el lote vacío de Gehima.{nl}Fue por allí donde encontré por primera vez a la mujer.	아, 하지만 지금은 곤란합니다.{nl}서둘러 처리할 일이 있어서요.{nl}제가 일을 마무리하는 동안 게히마 공터로 가는 길목을 살펴보시는 게 좋을 겁니다.{nl}그 여인을 처음 발견했던 게 그 근처였습니다.				고원병사 모티머
QUEST_LV_0500_20200710_000119	Terminaré el trabajo rápidamente, así que primero revise las carreteras del lote vacío de Gehima.	그럼, 서둘러 일을 마무리할 테니 게히마 공터의 길목을 먼저 조사해 보십시오.				고원병사 모티머
QUEST_LV_0500_20200710_000120	Terminaré el trabajo rápidamente, así que primero revisa las carreteras del lote vacío de Gehima.	저는 서둘러 일을 마무리할 테니 게히마 공터의 길목을 먼저 조사해 보십시오.				고원병사 모티머
QUEST_LV_0500_20200710_000121	Te estaba buscando, Revelador.	마침 계시자님을 찾던 중이었습니다.				고원병사 모티머
QUEST_LV_0500_20200710_000122	Ese grillete...{nl}Es el grillete de la mujer.	그 족쇄는..{nl}그 여인의 발목에 채워져 있던 족쇄군요.				고원병사 모티머
QUEST_LV_0500_20200710_000123	Ella miraba fijamente al aire y pedía ayuda como si no pudiera vernos ni oírnos en absoluto.{nl}Intenté ayudarla, pero no pude.{nl}Se dirigió hacia el Segundo Lugar de Trabajo de Almol murmurando que nadie la ayudaba.	그 여인은 마치 저희가 전혀 보이지도 들리지도 않는 것처럼 허공을 응시하며 도와달라고만 했습니다.{nl}제가 어떻게든 도우려고 했지만, 그럴 수도 없을 지경이었죠.{nl}여인은 아무도 자신을 돕지 않는다며 중얼거리면서 알몰 제2 노역장 방향으로 갔습니다.				고원병사 모티머
QUEST_LV_0500_20200710_000124	Parecía difícil sobrevivir en este lugar.{nl}Pensándolo bien, sus ojos mirando al aire eran extraños.{nl} Creo que no había ninguna parte negra en la pupila.{nl} Dar pasos parecía serle difícil, así que romper el grillete fue todo lo que pude hacer.	이런 지형에서 살아남기도 힘들어 보이는 상태였죠.{nl}그러고 보니 허공을 응시하고 있던 눈동자가 이상했습니다.{nl}검은자가.. 없었던 것 같습니다.{nl}걷는 것이 힘들어 보여 족쇄를 끊어 주는 것만이 제가 할 수 있는 전부였습니다.				고원병사 모티머
QUEST_LV_0500_20200710_000125	Estás aquí.{nl}¿Has terminado la investigación sobre la mujer presenciada en el campo?	오셨군요.{nl}야영지에서 발견된 여인의 목격담에 대해 조사를 마치셨습니까?				크루세이더 파견원
QUEST_LV_0500_20200710_000126	Entonces eso es lo que pasó.{nl}Es muy probable que ella haya subido a este lugar y haya caído por el acantilado.{nl}Es posible que no esté a salvo con seguridad.	그렇게 된 것이군요.{nl}이곳까지 와서 절벽 아래로 떨어졌을 가능성이 높습니다.{nl}당연히 무사하진 못 했겠군요.				크루세이더 파견원
QUEST_LV_0500_20200710_000127	Kruvina Liquid estaba sobre el objeto caído significa... que la mujer debe ser Glacia.	떨어져 있던 물품에 크루비나 용액이 묻어 있었다는 말은.. 그 여인이 곧, 글레이시어겠군요.				크루세이더 파견원
QUEST_LV_0500_20200710_000128	Según lo que el Revelador ha investigado y lo que hemos estado investigando, parece que Glacia fue dañada por un ser más grande. {nl} Debe haber un demonio detrás de esto que la lastimó.	계시자님께서 조사해주신 내용과 저희가 그동안 조사한 내용을 토대로 추측해봤을 때, 글레이시어는 더 큰 존재에게 해를 입었을 것으로 생각됩니다.{nl}아무래도 그녀의 정신을 해치고 마족화시킨 배후가 있겠군요.				크루세이더 파견원
QUEST_LV_0500_20200710_000129	Revelator.{nl}Creo que es hora de bajar por el acantilado.{nl}TDime lo que encuentres en el Bosque de la Bruja Blanca.	계시자님.{nl}이제는 저 절벽 아래로 내려가봐야 할 때인 것 같습니다.{nl}하얀 마녀의 숲에서 무엇이든지 발견하신다면 저에게 알려주시길 부탁드립니다.				크루세이더 파견원
QUEST_LV_0500_20200710_000130	Glacia podría haber llegado a este estado después de caer por el acantilado.{nl} Dime lo que encuentres en el Bosque de la Bruja Blanca.	글레이시어는 절벽 아래로 떨어진 이후 지금에 이르렀을 겁니다.{nl}하얀 마녀의 숲에서 무엇이든지 발견하신다면, 저에게 알려주시길 부탁드립니다.				크루세이더 파견원
QUEST_LV_0500_20200710_000131	Revelador por ahora..	계시자님 지금은..				크루세이더 파견원
QUEST_LV_0500_20200710_000132	Deténgase, por favor.	멈춰주십시오.				크루세이더 마스터
QUEST_LV_0500_20200710_000133	Revelator.{nl} Necesito decirte algo.	계시자님.{nl}드릴 말씀이 있습니다.				크루세이더 마스터
QUEST_LV_0500_20200710_000134	Soy el comandante aquí.{nl}Por favor, absténgase de realizar actividades de investigación no autorizadas.{nl}Incluso si es un revelador, estará en desventaja si infringe las leyes del Reino.	이곳의 지휘를 담당하고 있는 것은 바로 저입니다.{nl}허가되지 않은 조사 활동은 삼가 주십시오.{nl}아무리 계시자님이라고 하셔도, 왕국의 법을 어기신다면 불리한 입장에 처하시게 될 겁니다.				크루세이더 마스터
QUEST_LV_0500_20200710_000135	Me gustaría expresar mi más sincero agradecimiento por la dedicación del Revelador que cooperó con la investigación.{nl}Sin embargo, si algún enemigo es una amenaza para el nuevo mundo, debe ser castigado.{nl}Ese es el único deber del Cruzado.	조사에 협조해주신 계시자님의 헌신에 대해서는 분명한 감사를 표하겠습니다.{nl}다만, 적이 누구든지 신수에 위협이 될 존재라면 마땅히 처단해야 합니다.{nl}크루세이더가 가진 의무는 그것뿐입니다.				크루세이더 마스터
QUEST_LV_0500_20200710_000136	Por favor, absténgase de realizar investigaciones arbitrarias de ahora en adelante.	앞으로는 독단적인 조사는 지양해주십시오.				크루세이더 마스터
QUEST_LV_0500_20200710_000137	Estamos investigando la severa ola de frío anormal proveniente del acantilado de Nubarsk.{nl}Sin embargo, estamos teniendo dificultades debido a la falta de mano de obra.{nl}Si estás bien, ¿puedes ayudarme?	누바스크 절벽에서 발생하고 있는 이상 한파 현상에 대해 조사하고 있습니다.{nl}하지만, 인력이 부족한 탓에 어려움을 겪고 있습니다.{nl}괜찮으시다면 도와주실 수 있으십니까?				크루세이더 파견원
QUEST_LV_0500_20200710_000138	Gracias.{nl} Vayamos al acantilado de Nubarsk.	감사합니다.{nl}누바스크 절벽으로 가시죠.				크루세이더 파견원
QUEST_LV_0500_20200710_000139	Una ola de frío anormal y severa llega desde el acantilado de Nubarsk.	이상 한파는 누바스크 절벽에서 발생하고 있습니다.				크루세이더 파견원
QUEST_LV_0500_20200710_000140	Gracias por ayudar en la investigación.{nl}Si se reúne suficiente evidencia, la llevaré al reino y prepararé los planes.{nl}Estoy preocupado por la falta de mano de obra todo el tiempo.	조사를 도와주셔서 감사합니다.{nl}충분한 증거가 모이면 왕국에 가져가 대책을 마련할 생각입니다.{nl}항상 인력이 부족해서 고민이군요..				크루세이더 파견원
QUEST_LV_0500_20200710_000141	No puedo ayudarte.	도울 수 없다고 한다.				
QUEST_LV_0500_20200710_000142	La Bruja Blanca y el Cruzado(1)	하얀 마녀와 크루세이더(1)				
QUEST_LV_0500_20200710_000143	Estoy ocupado con otras cosas ahora mismo.	지금은 다른 일 때문에 바쁘다고 한다.				
QUEST_LV_0500_20200710_000144	La Bruja Blanca y el Cruzado(2)	하얀 마녀와 크루세이더(2)				
QUEST_LV_0500_20200710_000145	Haré lo mejor que pueda en esta tarea.	이번 일에 최선을 다하겠다고 한다.				
QUEST_LV_0500_20200710_000146	Quiero dejar de fumar.	이쯤에서 그만두고 싶다고 한다.				
QUEST_LV_0500_20200710_000147	La Bruja Blanca y el Cruzado(3)	하얀 마녀와 크루세이더(3)				
QUEST_LV_0500_20200710_000148	No quiero involucrarme más.	더 관여하고 싶지 않다고 말한다.				
QUEST_LV_0500_20200710_000149	La Bruja Blanca y el Cruzado(4)	하얀 마녀와 크루세이더(4)				
QUEST_LV_0500_20200710_000150	No estoy interesado.	관심이 없다고 한다.				
QUEST_LV_0500_20200710_000151	La Bruja Blanca y el Cruzado(5)	하얀 마녀와 크루세이더(5)				
QUEST_LV_0500_20200710_000152	Compartir el resultado de la investigación.	조사 결과를 전한다.				
QUEST_LV_0500_20200710_000153	La Bruja Blanca y el Cruzado(6)	아직 조사가 끝나지 않았다고 한다.				
QUEST_LV_0500_20200710_000154	La Bruja Blanca y el Cruzado(6)	하얀 마녀와 크루세이더(6)				
QUEST_LV_0500_20200710_000155	Tengo otras cosas que hacer.	지금은 다른 일이 있다고 한다.				
QUEST_LV_0500_20200710_000156	La Bruja Blanca y el Cruzado(7)	하얀 마녀와 크루세이더(7)				
QUEST_LV_0500_20200710_000157	Muestra la carta.	편지를 보여준다.				
QUEST_LV_0500_20200710_000158	Finge no saberlo.	시치미를 뗀다.				
QUEST_LV_0500_20200710_000159	Ola de frío severa anormal de la meseta de Stogas	스토가스 고원의 이상 한파				
QUEST_LV_0500_20200710_000160	No ayudes con la investigación.	조사에 도움을 준다.				
QUEST_LV_0500_20200710_000161	No ayudes con la investigación.	조사를 돕지 않는다.				
QUEST_LV_0500_20200710_000162	Habla con el maestro cruzado	크루세이더 마스터와 대화하기				
QUEST_LV_0500_20200710_000163	El Maestro de los Cruzados, que estaba a cargo de las investigaciones en la Meseta de Stogas, está pidiendo ayuda a los Reveladores. {nl}Ve con Zofija Eleonora, Maestra de los Cruzados de la Meseta de Stogas y escucha la historia.	스토가스 고원 지대에서 조사 임무를 맡던 크루세이더 마스터가 계시자들에게 도움을 요청하고 있습니다.{nl}스토가스 고원의 크루세이더 마스터 조피아 엘레노라를 찾아가 이야기를 들어보세요.				
QUEST_LV_0500_20200710_000164	Prepárate y regresa con Maestro Crusader.	준비를 마치고 크루세이더 마스터에게 돌아가기				
QUEST_LV_0500_20200710_000165	Se dice que Zofija había pedido ayuda a los Reveladores para derrotar a Glacia debajo del acantilado. {nl}Si estás listo para bajar por el acantilado, regresa con Zofija y cuéntaselo.	조피아는 절벽 아래에 있는 글레이시어를 처치하기 위해 계시자들에게 도움을 요청했다고 합니다.{nl}절벽 아래로 내려 갈 준비를 마쳤다면 조피아에게 돌아가 이야기하세요.				
QUEST_LV_0500_20200710_000166	Bruja Blanca y el Cruzado	하얀 마녀와 크루세이더				
QUEST_LV_0500_20200710_000167	Habla con el enviado cruzado.	크루세이더 파견원과 대화하기.				
QUEST_LV_0500_20200710_000168	El Crusader Envoy parece tener algo que decirte. {nl}Talla con el Crusader Envoy.	크루세이더 파견원이 당신에게 할 말이 있는 듯 합니다.{nl}크루세이더 파견원과 이야기를 나눠 보세요.				
QUEST_LV_0500_20200710_000169	Recoge plantas.	식물을 채집하기.				
QUEST_LV_0500_20200710_000170	The Crusader ordenó una investigación sobre los objetos encontrados durante la exploración del Bosque de la Bruja Blanca. {nl}Ve a Maestro Médico de la Peste y pídele un análisis de Red Liquid with Thin Ice.	크루세이더 파견원은 하얀 마녀의 숲을 탐사 중 발견한 물건에 대해 조사를 맡겼습니다.{nl}플레이그 닥터 마스터에게 찾아가 살얼음 띈 붉은 액체의 분석을 의뢰하세요.				
QUEST_LV_0500_20200710_000171	Regresar al Maestro Doctor de la Plaga	플레이그 닥터 마스터에게 돌아가기.				
QUEST_LV_0500_20200710_000172	Has adquirido la planta que Maestro Médico de la Peste pidió. {nl}Vuelve con Maestro Médico de la Peste y entrégale la planta para finalizar el análisis de la solución.	플레이그 닥터 마스터가 말한 식물을 구했습니다.{nl}플레이그 닥터 마스터에게 돌아가 의뢰를 용액 분석을 마무리할 수 있도록 식물을 전해주세요.				
QUEST_LV_0500_20200710_000173	Recibe el resultado de la investigación de Maestro Médico de la Peste.	플레이그 닥터 마스터에게 조사 결과를 받기				
QUEST_LV_0500_20200710_000174	Habla con el Doctor de la Plaga nuevamente.	플레이그 닥터와 다시 이야기 하기.				
QUEST_LV_0500_20200710_000175	El Maestro Médico de la Peste expresó su preocupación de que la identidad de la solución fuera el Líquido de Kruvina. {nl} Parece tener algo que pedir, así que habla con el Maestro Médico de la Peste nuevamente.	플레이그 닥터 마스터는 용액의 정체가 크루비나 용액이라는 사실을 알고 우려를 표했습니다.{nl}그가 당부할 것이 있는 것 같으니 다시 플레이그 닥터 마스터와 대화하세요.				
QUEST_LV_0500_20200710_000176	Volver con el Enviado de los Cruzados.	크루세이더 파견원에게 돌아가기.				
QUEST_LV_0500_20200710_000177	Análisis finalizado de la solución.{nl}Regrese con Crusader Envoy y devuélvale el líquido Kruvina.	용액의 분석 의뢰를 완료했습니다.{nl}크루세이더 파견원에게 돌아가 크루비나 용액을 돌려주세요.				
QUEST_LV_0500_20200710_000178	Crusader Envoy dijo que emprenderían más investigaciones sobre el líquido Kruvina. {nl}Talla con el Envoy nuevamente para preguntarle si hay algo que pueda ayudar.	크루세이더 파견원은 크루비나 용액에 대한 이후 조사는 자신들이 맡겠다고 했습니다.{nl}파견원과 다시 이야기해서 도울 일이 있는지 물어보세요.				
QUEST_LV_0500_20200710_000179	Ades, oficial al mando de Stogas	스토가스 분대장 아데스 찾아가기.				
QUEST_LV_0500_20200710_000180	El enviado de los cruzados dice que hay un lugar donde se ha visto una figura que se sospecha que es Glacia. {nl}Ve con el oficial al mando de Stogas, Ades, en el campamento de Stogas Plateau y escúchalo.	크루세이더 파견원은 글레이시어로 추정되는 인물이 목격된 장소가 있다고 합니다.{nl}스토가스 고원의 야영지 지역에 있는 스토가스 분대장 아데스를 찾아가 관련된 이야기를 들어보세요.				
QUEST_LV_0500_20200710_000181	Ve al soldado Motimer.	고원병사 모티머 찾아가기.				
QUEST_LV_0500_20200710_000182	Escuché la historia de una mujer que se sospecha que es Glacia de Ades.{nl}Vaya a Soldier Motimer para obtener más detalles.{nl}	아데스로부터 글레이시어로 추정되는 여인의 이야기를 들었습니다.{nl}자세한 이야기를 듣기 위해 고원병사 모티머를 찾아세요.{nl}				
QUEST_LV_0500_20200710_000183	Habla con el soldado Motimer.	고원병사 모티머와 대화하기.				
QUEST_LV_0500_20200710_000184	Escuche al soldado Motimer sobre la historia de una mujer que se sospecha que es una Glacia.	고원병사 모티머에게 글레이시어로 추정되는 여인에 대한 이야기를 들으세요.				
QUEST_LV_0500_20200710_000185	Investigar el lugar del incidente.	사건 장소 조사하기.				
QUEST_LV_0500_20200710_000186	Investiga el lugar donde encontraron a la mujer mientras el soldado Motimer completaba su tarea.	고원병사 모티머가 자신의 일을 마무리하는 동안 여인이 발견되었던 장소를 조사해 보세요.				
QUEST_LV_0500_20200710_000187	Volver con el soldado Motimer.	고원병사 모티머에게 돌아가기.				
QUEST_LV_0500_20200710_000188	Encontré el líquido Krubina en la escena del incidente y pude encontrar el grillete de los monstruos. {nl}Vuelve con el soldado Motimer y muéstrale los resultados de la investigación y pregúntale sobre las circunstancias del incidente.	사건 현장에서 크루비나 용액을 발견했고, 몬스터로 부터 족쇄를 찾을 수 있었습니다.{nl}고원병사 모티머에게 돌아가 조사 결과를 보여주고 사건의 경위에 대해 물어보세요.				
QUEST_LV_0500_20200710_000189	Recuperar objetos perdidos	유실된 물건 회수				
QUEST_LV_0500_20200710_000190	Entrega el grillete desgastado al enviado cruzado.	크루세이더 파견원에게 닳고 닳은 족쇄 전해주기.				
QUEST_LV_0500_20200710_000191	Investigación finalizada desde el campamento. {nl} Regresa con Crusader Envoy y cuéntale el resultado de la investigación.	야영지에서의 조사를 끝냈습니다.{nl}크루세이더 파견원에게 돌아가 조사 결과를 알려주세요.				
QUEST_LV_0500_20200710_000192	Habla con el enviado cruzado para continuar la investigación.	조사를 지속하기 위해 크루세이더 파견원과 이야기를 나누세요.				
QUEST_LV_0500_20200710_000193	Realiza una investigación en el Bosque de la Bruja Blanca.	하얀 마녀의 숲에서 조사를 진행하기.				
QUEST_LV_0500_20200710_000194	El Enviado Cruzado supuso que habría alguien detrás de esto. {nl}Investiga las huellas de Glacia en el Bosque de la Bruja Blanca.	크루세이더 파견원은 이 일의 배후가 있을 것임을 짐작했습니다.{nl}하얀 마녀의 숲에서 글레이시어의 흔적을 조사하세요.				
QUEST_LV_0500_20200710_000195	Entrega un montón de cartas al enviado cruzado.	크루세이더 파견원에게 편지 뭉치를 전달하기.				
QUEST_LV_0500_20200710_000196	Trae los artículos del Crusader Envoy del Bosque de la Bruja Blanca.	크루세이더 파견원에게 하얀 마녀의 숲에서 발견한 것들을 가져다주세요.				
QUEST_LV_0500_20200710_000197	Habla con el maestro cruzado	크루세이더 마스터와 대화하기.				
QUEST_LV_0500_20200710_000198	La maestra cruzada Zofija Eleanora parece tener algo que decir. {nl}Talla con ella.	크루세이더 마스터 조피아 엘레노라가 할말이 있는 듯 합니다.{nl}그녀와 대화하세요.				
QUEST_LV_0500_20200710_000199	Encuentra al enviado cruzado.	크루세이더 파견원을 찾아가기.				
QUEST_LV_0500_20200710_000200	Encuentra al enviado cruzado que está investigando la severa y anormal ola de frío de la meseta de Stogas.	스토가스 고원의 이상 한파를 조사하고 있는 크루세이더 파견원에게 찾아가세요.				
QUEST_LV_0500_20200710_000201	Investigue la ola de frío severa y anormal que proviene del acantilado de Nubarsk.	누바스크 절벽에서 나타나는 이상 한파에 대해 조사하기.				
QUEST_LV_0500_20200710_000202	Investiga la anormal y severa ola de frío que viene del acantilado de Nubarsk y cuéntaselo al Crusader Envoy.	누바스크 절벽에서 이상 한파 현상에 대해 조사하고 결과를 크루세이더 파견원에게 들려주세요.				
QUEST_LV_0500_20200710_000203	Cuéntele a Crusader Envoy sobre el resultado de la investigación de una ola de frío severa y anormal.	이상 한파에 대한 조사 결과를 크루세이더 파견원에게 알려주세요.				
QUEST_LV_0500_20200826_000204	Viniste.{nl}Te pedí cooperación.	오셨습니까?{nl}협조를 부탁드리려고 계시자님을 불렀습니다.				크루세이더 마스터
QUEST_LV_0500_20200826_000205	Dado que has investigado sobre Glacia, creo que eres quien mejor sabe la verdad. {nl} ¿Cooperarás con la investigación?	글레이시어에 대한 조사를 진행하신 적이 있으시니, 아무래도 계시자님만큼 이 사건의 진상에 가까이 다가간 사람은 없을 거로 생각합니다.{nl}조사에 협조해 주실 수 있으십니까?				크루세이더 마스터
QUEST_LV_0500_20200826_000206	Gracias por su cooperación.{nl}Lo que les di es el accesorio de Glacia's Cloth.{nl}Necesitamos investigar cómo Glacia pudo haber sobrevivido del demonio y estar aquí.	협조에 감사드립니다.{nl}계시자님께 드린 물건은 글레이시어의 옷에서 떨어져 나온 장신구입니다.{nl}글레이시어가 어떻게 이곳까지 마족으로부터 목숨을 지킬 수 있었는지 알아볼 필요가 있습니다.				크루세이더 마스터
QUEST_LV_0500_20200826_000207	Por favor, muéstrale ese accesorio al demonio y observa cómo reacciona.	그 장신구를 마족에게 보여주고 반응을 살펴봐 주십시오.				크루세이더 마스터
QUEST_LV_0500_20200826_000208	Gracias por su cooperación.{nl}Muestre maravilla brillante al demonio y vea cómo reacciona.	협조에 감사드립니다.{nl}반짝이는 구슬을 마족에게 보여주고 반응을 살펴봐 주십시오.				크루세이더 마스터
QUEST_LV_0500_20200826_000209	Ha vuelto.	돌아오셨습니까?				크루세이더 마스터
QUEST_LV_0500_20200826_000210	¿Los demonios se asustaron? {nl}Es cierto que Glacia es un demonio fuerte. Podría haber sido una humana cuando pasó por aquí.	마족이 겁에 질려 도망갔다고요?{nl}글레이시어가 강력한 마족인 건 사실이지만.. 그녀가 여기를 지날 때는 아직 인간이었을 때입니다.				크루세이더 마스터
QUEST_LV_0500_20200826_000211	Entonces... Quizás algo más que Glacia pueda estar relacionado con este caso.	그렇다면.. 글레이시어 이상의 다른 마족이 이 사건과 연관되어 있을 가능성이 크군요.				크루세이더 마스터
QUEST_LV_0500_20200826_000212	Nuestro último Enviado dijo que había visto Suspicious Piece con Kruvina Liquid cerca de la raíz de la roca. {nl} No hemos tocado nada para preservar la escena.	지난번 저희 파견원이 암벽에 있는 나무뿌리 근처에서 크루비나 용액이 묻은 수상한 조각을 봤다고 하더군요.{nl}현장 보존을 위해 건들지는 않았습니다.				크루세이더 마스터
QUEST_LV_0500_20200826_000213	Investigaré la pieza, así que busque la pieza sospechosa y prepárese para la investigación.	제가 직접 그 조각을 조사할 테니 계시자님 께서는 수상한 조각을 찾아 조사를 준비해 주세요.				크루세이더 마스터
QUEST_LV_0500_20200826_000214	Baja las escaleras a la izquierda y continúa, la pieza sospechosa está entre la pared de roca y las raíces del árbol. {nl}Revelador, ve primero y prepárate para la investigación.	수상한 조각은 왼쪽 계단 아래로 내려가, 그대로 가시다 보면 암벽과 나무뿌리 사이에 있습니다.{nl}계시자님께서 먼저 가서 조사를 준비해주십시오.				크루세이더 마스터
QUEST_LV_0500_20200826_000215	¿Cómo debería decir...{nl}Para comenzar con la conclusión?	어떻게 말씀을 드려야 할지..{nl}결론부터 말씀드리자면..				크루세이더 마스터
QUEST_LV_0500_20200826_000216	Esta pieza tiene el poder de los demonios durante largos años{nl}Este es un poder que jamás he encontrado.{nl}Quizás el Glacia sea...	이 조각에는 오랜 시간에 걸쳐 마족의 힘이 배어있습니다.{nl}제가 마주쳤던 그 어떤 마족보다도 더욱 강한 힘이군요.{nl}어쩌면 글레이시어는..				크루세이더 마스터
QUEST_LV_0500_20200826_000217	¿Creerías que Glacia ya no importa comparada con el maestro del poder?	이 힘의 주인에 비하면 글레이시어는 큰 걱정거리가 아닌 수준이라면 믿으시겠습니까?				크루세이더 마스터
QUEST_LV_0500_20200826_000218	La investigación avanza rápidamente gracias a la cooperación del Revelador.	계시자님의 협조 덕분에 조사가 빠르게 진척되고 있습니다.				크루세이더 마스터
QUEST_LV_0500_20200826_000219	Inconvenientemente... Necesitamos pruebas más convincentes para demostrar quién o qué está detrás de Glacia.	번거롭게도.. 글레이시어의 배후를 증명해내기 위해서는 더 확실한 증거가 필요합니다.				크루세이더 마스터
QUEST_LV_0500_20200826_000220	¿Dijiste que el lugar donde encontraste la carta de Glacier la última vez fue debajo del acantilado? {nl}Me gustaría que fueras allí y verificaras nuevamente para ver si hay alguna evidencia que me perdí en ese momento.	지난번 글레이시어의 편지를 발견한 곳이 절벽 아래라고 하셨죠?{nl}그곳에 가서 그때 놓친 증거가 없는 지, 다시 확인해주셨으면 합니다.				크루세이더 마스터
QUEST_LV_0500_20200826_000221	Por favor investiga el Bosque de la Bruja Blanca.	하얀 마녀의 숲을 조사해주시길 바랍니다.				크루세이더 마스터
QUEST_LV_0500_20200826_000222	Las instrucciones son definitivamente una prueba. {nl} Incluso tiene el nombre de Glacia.	지령서라면 확실한 증거입니다.{nl}글레이시어의 이름까지 적혀있군요.				크루세이더 마스터
QUEST_LV_0500_20200826_000223	¿Pero cómo es que está escrito en el lenguaje de los humanos? El poder que se sentía en la pieza era definitivamente el poder del demonio.	그렇지만 어째서 인간의 언어로 적혀있을까요?{nl}조각에서 느꼈던 힘은 마족의 힘이 분명했습니다.				크루세이더 마스터
QUEST_LV_0500_20200826_000224	Quiere hablar de su presencia.	우리에게 자신의 존재를 알리고 싶어 하는군요.				크루세이더 마스터
QUEST_LV_0500_20200826_000225	Ahora la prueba de que alguien está detrás es segura. {nl}Revelador, mientras estabas en el acantilado, solicité cooperación al Reino.	배후가 있다는 증거는 확실해졌습니다.{nl}계시자님께서 절벽 아래로 내려가 있는 동안, 저는 조각을 조사하기 위해 왕국에 협조를 요청했습니다.				크루세이더 마스터
QUEST_LV_0500_20200826_000226	Se dice que hay una persona en el reino que sabe mejor cuando se trata del poder de los demonios. {nl}Por favor, dale las piezas al maestro de Rangda, Uolios Wahid.{nl}Indeseable... pero es una orden del Reino.	왕국에서는 마족의 힘이라면 가장 잘 알만한 사람이 있다고 하더군요.{nl}랑다 마스터인 우올리오스 와히드에게 조각을 전해주십시오.{nl}탐탁지는 않지만.. 왕국의 명령입니다.				크루세이더 마스터
QUEST_LV_0500_20200826_000227	Contamos contigo.{nl}Si pasas esa pieza, no queda nada más en lo que necesites ayudar.	그럼 부탁드립니다.{nl}그 조각만 전해주신다면 계시자님께서 도와주실 일은 더 없습니다.				크루세이더 마스터
QUEST_LV_0500_20200826_000228	Revelador, gracias por tu ayuda.	계시자님, 도와주셔서 감사했습니다.				크루세이더 마스터
QUEST_LV_0500_20200826_000229	Glacia Casimila.{nl}Es el nombre humano de Glacia.	글레이시어 카시밀라.{nl}글레이시어가 인간이었을 때의 이름입니다.				크루세이더 마스터
QUEST_LV_0500_20200826_000230	Viniste.{nl}Ya escuché sobre la historia.	오셨군요.{nl}이야기는 미리 들었습니다.				랑다 마스터
QUEST_LV_0500_20200826_000231	Energía poderosa.{nl}De no haber sido por la acción del Maestro Cruzado, no habría sido extraño que hubieras caído en el camino hacia este lugar.	강한 기운이군요.{nl}크루세이더 마스터님의 조치가 없었더라면, 이곳에 오는 중에 쓰러지셨어도 이상하지 않았을 겁니다.				랑다 마스터
QUEST_LV_0500_20200826_000232	El dueño de este poder es el nombre de la tierra, dado por el nombre del Beholder.{nl}Te contaré más sobre esto más adelante si tengo la oportunidad.{nl}Nos encargaremos de esta pieza.{nl}¿Se la entregarás a la chica que está a tu lado?	이 힘의 주인은 이 땅의 명칭으로 주시자라는 이름의 존재군요.{nl}이 이상의 이야기는 나중에 기회가 된다면 말씀드리죠.{nl}이 조각은 저희가 관리하겠습니다.{nl}저 옆의 소녀에게 주시겠습니까?				랑다 마스터
QUEST_LV_0500_20200826_000233	Chica Rangda	랑다 소녀				
QUEST_LV_0500_20200826_000234	Trátala bien, es una niña.	어린 아이이니 조심히 대해주세요.				랑다 마스터
QUEST_LV_0500_20200826_000235	Tenga cuidado de no perder la vida involucrándose en Dimensional Collapse y Division Singularity.{nl}Especialmente, compórtese con cuidado en Division Singularity. Es un lugar extremadamente peligroso.	차원 붕괴와 분열 특이점에 휘말려 아까운 목숨을 잃지 않도록 주의하세요.{nl}특히 분열 특이점에서는 행동을 주의하세요. 무척 위험한 장소입니다.	QUEST_LV_0500_20200320_000076	Be careful not to get swept into the dimensional collapse.{nl} It would be wise to approach when you're fully prepared.  	차원 붕괴에 휘말려 아까운 목숨을 잃지 않도록 주의하세요.{nl}준비가 충분하지 않으면 가까이 가지 않는 게 좋습니다.	세이지 파견원
QUEST_LV_0500_20200826_000236	Si no estás lo suficientemente preparado, no te acerques más. Prepárate bien antes de acercarte.	준비가 충분하지 않으면 가까이 가지 않는 게 좋습니다. 철저한 준비를 하시고 접근하시기 바랍니다. 				세이지 파견원
QUEST_LV_0500_20200826_000237	La Bruja Blanca y el Cruzado(8)	하얀 마녀와 크루세이더(8)				
QUEST_LV_0500_20200826_000238	Cooperar con la investigación.	조사에 협조한다.				
QUEST_LV_0500_20200826_000239	No cooperará con la investigación.	협조하고 싶지 않다.				
QUEST_LV_0500_20200826_000240	La Bruja Blanca y el Cruzado(9)	하얀 마녀와 크루세이더(9)				
QUEST_LV_0500_20200826_000241	Estaría preparado.	준비해 두겠다고 한다.				
QUEST_LV_0500_20200826_000242	Dile que vaya allí más tarde.	나중에 가자고 한다.				
QUEST_LV_0500_20200826_000243	La Bruja Blanca y el Cruzado(10)	하얀 마녀와 크루세이더(10)				
QUEST_LV_0500_20200826_000244	Eso es demasiado difícil de hacer ahora.	지금은 어렵다고 한다.				
QUEST_LV_0500_20200826_000245	La Bruja Blanca y el Cruzado(11)	하얀 마녀와 크루세이더(11)				
QUEST_LV_0500_20200826_000246	Lo pasaré.	전해주겠다고 말한다.				
QUEST_LV_0500_20200826_000247	No puedo ayudarte.	도울수 없다고 한다.				
QUEST_LV_0500_20200826_000248	La Bruja Blanca y el Cruzado(12)	하얀 마녀와 크루세이더(12)				
QUEST_LV_0500_20200826_000249	No quiero involucrarme más.	더 이상 관여하고 싶지 않다고 한다.				
QUEST_LV_0500_20200826_000250	Encuentra al maestro cruzado.	크루세이더 마스터를 찾아가기.				
QUEST_LV_0500_20200826_000251	Maestro Crusader parece tener algo que decirte. {nl}Ve con ella y pregúntale qué le pasa.	크루세이더 마스터가 당신에게 할 말이 있는 듯 합니다.{nl}그녀를 찾아가 무슨 일인지 물어보세요.				
QUEST_LV_0500_20200826_000252	Usa las pertenencias de Glacia para el monstruo.	글레이시어의 소지품을 몬스터에게 사용하기.				
QUEST_LV_0500_20200826_000253	Como pidió el Maestro Crusader, muestra las pertenencias de Glacia a los monstruos.	크루세이더 마스터의 요청대로, 글레시이어의 소지품을 몬스터들에게 보여주세요.				
QUEST_LV_0500_20200826_000254	Informa el resultado de la investigación al Maestro Crusader.	조사 결과를 크루세이더 마스터에게 보고하기.				
QUEST_LV_0500_20200826_000255	¡Monstruos ahuyentados mientras muestras las pertenencias de Glacia!{nl}TCuenta el resultado de la investigación.	글레시이서의 소지품을 몬스터에게 보여주니, 몬스터들은 허겁지겁 달아났습니다!{nl}조사 결과를 크루세이더 마스터에게 알려주세요.				
QUEST_LV_0500_20200826_000256	Maestro Crusader está intentando pedir cooperación para la próxima investigación. {nl}Talla con Maestro Crusader.	크루세이더 마스터가 다음 조사를 위해 협조를 요청하려고 합니다.{nl}크루세이더 마스터와 대화하세요.				
QUEST_LV_0500_20200826_000257	Prepárese para la pieza sospechosa.	수상한 조각 조사 준비하기.				
QUEST_LV_0500_20200826_000258	Maestro El Crusader ha recibido un informe del enviado sobre la pieza sospechosa que se cree que fue derramada por el glaciar. {nl}Ve a la pieza sospechosa y prepárate con antelación para que el Maestro Crusader investigue.	크루세이더 마스터는 파견원으로부터 글레이시어가 흘린 것으로 추정되는 수상한 조각에 대한 보고를 받았습니다.{nl}수상한 조각이 있는 곳으로 가서 크루세이더 마스터가 조사할 수 있도록 미리 준비를 해두세요.				
QUEST_LV_0500_20200826_000259	Volver con Maestro cruzado.	크루세이더 마스터에게 돌아가기.				
QUEST_LV_0500_20200826_000260	Maestro Crusader tomó la pieza sospechosa. {nl}Regrese con ella y escuche sobre el resultado de la investigación.	크루세이더 마스터가 수상한 조각을 가져갔습니다.{nl}그녀에게 돌아가 조사 결과에 대해 들어보세요.				
QUEST_LV_0500_20200826_000261	Pregúntale al Maestro Crusader qué se necesita para la próxima investigación.	크루세이더 마스터에게 다음 조사를 위해 필요한 건 무엇인지 물어보세요.				
QUEST_LV_0500_20200826_000262	Realiza una investigación en el Bosque de la Bruja Blanca (Leyenda).	하얀 마녀의 숲(레전드)에서 조사를 진행하기.	QUEST_LV_0500_20200710_000193	Conduct an investigation in the White Witch's Forest.	하얀 마녀의 숲에서 조사를 진행하기.	
QUEST_LV_0500_20200826_000263	Maestro El Crusader dice que se necesitan pruebas más convincentes para identificar la existencia de los demonios detrás del Glaciar. {nl}Vuelve al Bosque de la Bruja Blanca y mira la Bolsa desgastada.	크루세이더 마스터는 글레이시어의 배후에 있는 마족의 존재를 특정하기 위해서는 더 확실한 증거가 필요하다고 합니다.{nl}하얀 마녀의 숲으로 돌아가 해진 주머니를 살펴보세요.				
QUEST_LV_0500_20200826_000264	Muéstrale al maestro cruzado la orden misteriosa que encontraste en la bolsa desgastada.	크루세이더 마스터에게 해진 주머니에서 발견한 의문의 지령서를 보여주세요.				
QUEST_LV_0500_20200826_000265	Pregúntele a Maestro Crusader si necesita más ayuda.	크루세이더 마스터에게 더 도와줄 일은 없는 지 물어보세요.				
QUEST_LV_0500_20200826_000266	Ve con el Maestro Rangda.	랑다 마스터를 찾아가기.				
QUEST_LV_0500_20200826_000267	El Maestro Cruzado agradeció por cooperar con la investigación y finalmente pidió visitar al Maestro Rangda para hacer una investigación exhaustiva sobre la Escultura Sospechosa. {nl}Ve al Maestro Rangda en el Convento de Saalus y pregúntale sobre la Escultura Sospechosa.	크루세이더 마스터는 조사에 협력해주어서 고맙다는 말을 전하며, 마지막으로 수상한 조각에 대해서 확실한 조사를 하기 위해 랑다 마스터를 찾아가 달라고했습니다.{nl}살러스 수녀원에 있는 랑다 마스터를 찾아가 수상한 조각에 대해 물어보세요.				
QUEST_LV_0500_20200826_000268	Habla con el Maestro Rangda.	랑다 마스터와 대화하기.				
QUEST_LV_0500_20200826_000269	Escuche opiniones sobre la escultura sospechosa del Maestro Langda.	랑다 마스터에게 수상한 조각에 대해서 의견을 들으세요.				
QUEST_LV_0500_20200826_000270	Entrega la escultura sospechosa a Rangda Girl.	수상한 조각을 랑다 소녀에게 전해주기.				
QUEST_LV_0500_20200826_000271	Escuché la explicación de la Escultura Sospechosa del Maestro Rangda.{nl}Debido a que es peligroso, tenemos que confiarle esta escultura a Rangda, quien es más hábil en lidiar con el poder de los demonios.{nl}Por favor, entregue la escultura a la Chica Rangda.	랑다 마스터에게 수상한 조각에 대한 설명을 들었습니다.{nl}위험한 물건이니 마족의 힘을 다루는 데 더 능숙한 랑다에게 조각을 맡겨야 합니다.{nl}조각을 랑다 소녀에게 전해주세요.				
QUEST_LV_0500_20210115_000272	Aunque hemos eliminado todas las Mirtinas en el Bosque Issaugoti, las Mirtinas recolectadas por el Observador aún quedarían.{nl}Baubas y Baiga siguen buscando Mirtinas.	비록 이사우고티 숲의 머티니스는 모두 제거했지만, 주시자가 모은 머티니스가 남아 있을 겁니다.{nl}그리고 바우바스와 바이가 역시 여전히 머티니스를 노리고 있는 상황입니다.				여신 라다
QUEST_LV_0500_20210115_000273	Las mirtinas en toda el área de Orsha no han sido eliminadas por completo, los demonios {nl} deben regresar.	오르샤 일대의 머티니스가 완전히 소멸한 건 아니니,{nl}마족들은 반드시 돌아올 겁니다.				여신 라다
QUEST_LV_0500_20210115_000274	Entonces, Revelador, {nl} esta precaria paz afectará nuevamente a Orsha en un futuro cercano.	그러니 계시자.{nl}이 위태로운 평화는 머지않은 미래에 다시 오르샤를 덮칠 것입니다.				여신 라다
QUEST_LV_0500_20210115_000275	Esté completamente preparado para la amenaza. {nl} Tomando el destino que lleva como lección.	그 위협에 대비해 만반의 준비를 하세요.{nl}그대가 짊어진 운명을 교훈 삼아.				여신 라다
QUEST_LV_0500_20210115_000276	El bosque de enfrente se llama Bosque de Issaugoti.	앞에 있던 숲의 이름은 이사우고티 숲이라고 합니다.				여신 라다
QUEST_LV_0500_20210115_000277	En el bosque de Issaugoti puedo sentir la energía de Mirtinas más poderosa que en cualquier otra parte del bosque.	이사우고티 숲에서는 숲의 어느 부분보다 강렬한 머티니스의 기운이 느껴집니다.				여신 라다
QUEST_LV_0500_20210115_000278	Debe haber Mirtinas extraídas por el demonio del Espectador allí. {nl} Muchos demonios deben estar dominando ese lugar.	분명히 그곳에 주시자의 마족들이 채굴한 머티니스가 있을 겁니다.{nl}분명히 많은 마족들이 그 곳을 장악하고 있겠죠.				여신 라다
QUEST_LV_0500_20210115_000279	El espectador siempre se movía con planes. {nl}Debe haber establecido la preparación del almacenamiento de Mirtina.	주시자는 항상 계획적으로 움직였습니다.{nl}분명 머티니스의 보관에도 대비책을 마련해놨겠죠.				여신 라다
QUEST_LV_0500_20210115_000280	Si dirigirse al bosque de Issaugoti sin pensarlo le hará correr un gran riesgo.	생각 없이 이사우고티 숲으로 향했다간 큰 위험을 감수해야 할 겁니다.				여신 라다
QUEST_LV_0500_20210115_000281	El demonio del espectador ya debe haber almacenado muchas Mirtinas. {nl} Es difícil eliminarlo todo de una vez con tu poder.	주시자의 마족들은 이미 많은 머티니스를 저장해두었을 겁니다.{nl}당신의 힘만으로는 한 번에 제거하기는 버거운 일..				여신 라다
QUEST_LV_0500_20210115_000282	Me preocupa que mover Mirtinas con mi poder pueda chocar con el poder dentro de las Mirtinas. {nl}Además, los demonios notarán mi energía pronto.	제 힘으로 머티니스를 제거하는 건 머티니스에 내재된 제 힘과의 충돌이 우려됩니다.{nl}게다가 마족들이 저의 기운을 금방 알아차릴 겁니다.				여신 라다
QUEST_LV_0500_20210115_000283	Human's Bomb será adecuada para eliminar a Mirtinas lo antes posible y tantos como sea posible.	머티니스를 최대한 빨리, 최대한 많이 제거하기 위해서는 충분한 위력을 지닌 인간의 폭탄이 적당하겠군요.				여신 라다
QUEST_LV_0500_20210115_000284	¿Puedes conseguir las bombas?	혹시 폭탄을 구하실 수 있겠습니까?				여신 라다
QUEST_LV_0500_20210115_000285	¿El Señor de Orsha le dijo que pidiera ayuda cuando fuera necesario? {nl}Es algo bueno.{nl}Solo espero que haya una bomba adecuada para Orsha.	오르샤의 영주가 필요한 일이 있으면 도움을 요청하라고 했다고요?{nl}마침 다행입니다.{nl}오르샤에 적당한 폭탄이 있기만 바라죠.				여신 라다
QUEST_LV_0500_20210115_000286	[Señor de Orsha] Inesa Hamondale	[오르샤 영주]이네사 해먼데일				
QUEST_LV_0500_20210115_000287	¿Necesitas la ayuda de Orsha? {nl}Yo soy quien pidió ayuda, así que daré todo lo que pueda ser útil.	오르샤의 도움이 필요하시다고요?{nl}제가 도움을 청한 입장이니, 힘이 될 수 있다면 무엇이든 드리겠습니다.				[오르샤 영주]이네사 해먼데일
QUEST_LV_0500_20210115_000288	Necesitas una bomba.{nl}Las bombas estarán en el almacén de armamentos.{nl}Le ordenaré al guardia que la consiga.	폭탄이 필요하다는 말씀이시군요.{nl}폭탄이라면, 오르샤 군수 창고에 있을 겁니다.{nl}경비병에게 가져오라 지시하겠습니다.				[오르샤 영주]이네사 해먼데일
QUEST_LV_0500_20210115_000289	Espero que esto tenga suficiente poder como deseas.	부디 계시자님께서 바라시는 만큼 충분한 위력이길..				[오르샤 영주]이네사 해먼데일
QUEST_LV_0500_20210115_000290	Manéjelo con cuidado.{nl}Esta es una bomba mágica con un poder muy fuerte.	조심히 다루시길 바랍니다.{nl}매우 강한 위력을 가진 마법 폭탄입니다.				[오르샤 영주]이네사 해먼데일
QUEST_LV_0500_20210115_000291	Es posible que quedes atrapado en la explosión, así que ten cuidado. {nl}Debes activarlo después de evadirte hacia un área segura.	자칫하면 폭발에 휘말릴 수도 있으니, 꼭 주의하셔야 합니다.{nl}반드시 안전한 곳에 몸을 피하신 후에 작동하셔야 합니다.				[오르샤 영주]이네사 해먼데일
QUEST_LV_0500_20210115_000292	Ten tanto cuidado como puedas, Revelador.{nl}Gracias por luchar por Orsha.	모쪼록 몸조심하십시오, 계시자님.{nl}오르샤를 위해 싸워주셔서 감사합니다.				[오르샤 영주]이네사 해먼데일
QUEST_LV_0500_20210115_000293	Date prisa.{nl}Para el Orsha donde tienes que proteger.	서둘러 움직이세요.{nl}당신이 지켜야 할 오르샤를 위해서라도.				여신 라다
QUEST_LV_0500_20210115_000294	Viniste.{nl}¿Es eso lo que dio el Señor de la Bomba de Orsha?	오셨습니까?{nl}그 폭탄이 오르샤 영주가 제공한 물건인가요?				여신 라다
QUEST_LV_0500_20210115_000295	Ya veo.{nl}Hemos encontrado una manera de destruir Mirtinas, por lo que solo necesitamos acceder a ella.	그렇군요.{nl}이제 머티니스를 파괴할 수단을 찾았으니, 접근을 하는 일만 남았습니다.				여신 라다
QUEST_LV_0500_20210115_000296	Beholder, Ragana, Baiga...{nl}Tres demonios luchan con diferentes propósitos.	주시자, 라가나, 바이가..{nl}세 마족은 각자 다른 목적으로 싸우고 있습니다.				여신 라다
QUEST_LV_0500_20210115_000297	Por lo tanto, usaremos su deseo. {nl}Utilice la sugerencia que Ragana y Baiga le hicieron a Revelator al revés y les dará información falsa.	그러니, 우리는 그들의 욕망을 이용하죠.{nl}라가나와 바이가가 계시자님께 한 제안을 역으로 이용해, 그들에게 거짓 정보를 전해야 합니다.				여신 라다
QUEST_LV_0500_20210115_000298	Entonces la fuerza de Ragana y la fuerza de Baiga entrarán en conflicto, y la fuerza de Beholder no se limitará a mirar. {nl} Aprovecha la confusión en el campo de batalla y acércate a los Mirtinas. {nl} Nos trasladaremos juntos al bosque de Issaugoti, pero si me muevo apresuradamente, no será útil girar los ojos de los demonios.	그러면 라가나와 바이가의 세력이 대립할테고, 주시자의 세력도 지켜보고만 있지는 않을 겁니다.{nl}전장이 혼란한 틈을 타 머티니스 저장소로 접근하시면 됩니다.{nl}이사우고티 숲까지는 같이 이동하겠지만, 제가 섣불리 움직이면 마족들의 눈을 돌린 게 소용없어질 겁니다.				여신 라다
QUEST_LV_0500_20210115_000299	Como sabes juntos, no podemos avanzar.	아시다시피, 우리는 같이 움직일 수 없습니다.				여신 라다
QUEST_LV_0500_20210115_000300	Veré si hay otro almacén de Mirtinas cerca de Orsha.	저는 오르샤 근처에 또 다른 머티니스 저장소가 있는지 찾아보겠습니다.				여신 라다
QUEST_LV_0500_20210115_000301	No lo olvides.{nl}Encontrar la ubicación de los Mirtinas es lo primero en lugar de la fuerza de Baiga y Ragana.	잊지마십시오.{nl}바이가와 라가나 세력의 마족들보다 머티니스의 위치를 알아내는 것이 우선입니다.				여신 라다
QUEST_LV_0500_20210115_000302	Por favor, muévete en silencio pero rápido para que los demonios no se den cuenta.	마족들에게 들키지 않도록, 조용하지만 신속하게 움직여 주십시오.				여신 라다
QUEST_LV_0500_20210115_000303	Ten cuidado de no quedar atrapado en la lucha de fuerza de los demonios.	마족들의 세력 다툼에 휘말리지 않도록 조심하십시오.				여신 라다
QUEST_LV_0500_20210115_000304	¿Has encontrado un lugar donde parece estar el Almacén de Mirtinas?	머티니스 저장소로 보이는 곳은 발견하셨나요?				여신 라다
QUEST_LV_0500_20210115_000305	Afortunadamente, no parece que haya otro almacén de Mirtinas además de aquí cerca de Orsha.	다행히 이곳을 제외한 오르샤 근처에서 다른 머티니스 저장소는 보이지 않았습니다.				여신 라다
QUEST_LV_0500_20210115_000306	Como se esperaba...{nl}Los guardias de los demonios son extraordinarios como se esperaba.	역시..{nl}예상대로 마족들이 경계가 심상치 않군요.				여신 라다
QUEST_LV_0500_20210115_000307	Como estaba planeado, usemos los demonios de la fuerza de Ragana y la fuerza de Baiga.	계획대로, 라가나와 바이가 세력의 마족들을 이용하도록 하죠.				여신 라다
QUEST_LV_0500_20210115_000308	Podría ser bueno atraer a los demonios al área con suficiente espacio.{nl}Si está demasiado lejos del almacenamiento, es posible que los demonios del Beholder no se muevan.{nl}Por favor, busque un lugar adecuado.	충분한 공간이 있는 곳에 마족들을 유인하면 좋겠군요.{nl}저장소와 너무 멀다면 주시자의 마족들이 움직이지 않을 수 있습니다.{nl}적당한 장소를 찾아주세요.				여신 라다
QUEST_LV_0500_20210115_000309	¿Lo has encontrado?{nl}Te refieres al Lote Planas.	찾으셨습니까?{nl}플라나스 공터란 말씀이시군요.				여신 라다
QUEST_LV_0500_20210115_000310	No habrá ningún problema en esa zona.	그곳이라면 계획에 문제는 없을 겁니다.				여신 라다
QUEST_LV_0500_20210115_000311	Conoce primero al mensajero de Ragana.{nl}Puedo sentir la presencia del poder de Ragana en el Refugio Praeiti.{nl}El mensajero de Ragana estará allí a quien ella le dijo.{nl}Dale información falsa al mensajero.	먼저 라가나의 전령을 만나죠.{nl}라가나의 기운을 지닌 존재가 프레이티 쉼터에서 느껴집니다.{nl}그 곳에 라가나가 말했던 그녀의 전령이 있을 겁니다.{nl}전령에게 거짓 정보를 넘겨주세요.				여신 라다
QUEST_LV_0500_20210115_000312	Se puede decir información falsa de que hay un almacén de Mirtinas minado por el demonio del Espectador en Planas Lot.	거짓 정보의 내용은 플라나스 공터에 주시자의 마족들이 채굴한 머티니스 저장소가 있다고 전하면 될 겁니다.				여신 라다
QUEST_LV_0500_20210115_000313	Y por favor, dale la misma información al mensajero de Baiga en el Camping Mesalas.	그리고 메살라스 야영지에 있을 바이가의 전령에게도 같은 내용을 전해주세요.				여신 라다
QUEST_LV_0500_20210115_000314	Mensajero de Ragaña	라가나의 전령				
QUEST_LV_0500_20210115_000315	Hmm..{nl}Parece ser cierto.	흠..{nl}보아하니 사실인 것 같군.				라가나의 전령
QUEST_LV_0500_20210115_000316	Le daré esta información a Ragana.{nl}Ragana es infinitamente misericordiosa con los leales.{nl}Debes estar disponible para tener la gracia de Ragana.	이 정보는 라가나님께 전달하겠다.{nl}라가나님은 충성을 바치는 자에게 한없이 자비로운 분이지.{nl}네 녀석도 분명히 라가나님의 은총을 받을 수 있을 거다.				라가나의 전령
QUEST_LV_0500_20210115_000317	Sabia elección.	현명한 선택이군.				라가나의 전령
QUEST_LV_0500_20210115_000318	Si provocas la pelea después de dar información falsa al mensajero de Ragana y Baiga, {nl} podría desviar los ojos de los demonios en el Almacenamiento de Mirtinas. {nl}Por favor, date prisa.	라가나와 바이가의 전령들에게 거짓 정보를 주고 플라나스 공터에서 싸움을 일으키면,{nl}분명 머티니스 저장소에 있는 마족들의 시선을 돌릴 수 있을 겁니다.{nl}서둘러 주십시오.				여신 라다
QUEST_LV_0500_20210115_000319	Mmmm..{nl}Hmm..	흐음..{nl}음..				바이가의 전령
QUEST_LV_0500_20210115_000320	Está bien.{nl}Le diré a Baiga lo que has dicho.{nl}Sin embargo, será mejor que no mantengas la cabeza en alto.	좋아요.{nl}바이가님께 당신의 말을 전하도록 하겠습니다.{nl}하지만, 기고만장하지 않는 것이 좋을 겁니다.				바이가의 전령
QUEST_LV_0500_20210115_000321	A Baiga no le gustan los humanos arrogantes.	바이가님은 건방진 인간을 좋아하지 않으시니..				바이가의 전령
QUEST_LV_0500_20210115_000322	Buen trabajo.{nl}Solo tenemos que esperar la reacción de los demonios ante la información falsa.	고생하셨습니다.{nl}이제 거짓 정보에 대한 마족들의 반응을 기다리는 것만 남았군요.				여신 라다
QUEST_LV_0500_20210115_000323	Mientras los demonios que han respondido llaman su atención, accede a las Mirtinas.{nl}Sal cuando estés listo.	반응을 보인 마족들이 시선을 끄는 사이에 머티니스 저장소에 접근하시면 될 겁니다.{nl}준비가 되면 출발하세요.				여신 라다
QUEST_LV_0500_20210115_000324	Cuando las bombas exploten, los demonios te buscarán incluso en la confusión. {nl} Podría ser la causa de que los demonios ataquen a Orsha.	폭탄이 터지면, 마족들은 혼란 속에서도 당신을 찾을 겁니다.{nl}자칫하면 마족들이 오르샤를 공격하는 원인이 될 수도 있을 겁니다.				여신 라다
QUEST_LV_0500_20210115_000325	Los demonios deben pasar por aquí para dirigirse a Orsha, {nl} y tengo que recuperar las Mirtinas de los demonios.	마족들이 오르샤로 향하기 위해서는 이곳을 지나야 할 터,{nl}마침 저는 마족들이 지니고 있을 머티니스를 회수해야 하니..				여신 라다
QUEST_LV_0500_20210115_000326	Hay una razón para que derrote a los demonios que se dirigen hacia Orsha.	오르샤로 향하는 마족들을 제가 처리할 이유가 있군요.				여신 라다
QUEST_LV_0500_20210115_000327	Muévete por tu misión.	당신의 임무를 위해 움직이세요.				여신 라다
QUEST_LV_0500_20210115_000328	Tanto Ragana como Baiga son demonios con una alta autoestima. {nl} Si se dan cuenta de que los has engañado, no dejarán en paz a Revelator. {nl} No intentes pelear con ellos. {nl} Habrá una posibilidad obvia más adelante.	라가나와 바이가 모두 자긍심 높은 마족입니다.{nl}당신이 자신을 속였다는 것을 알면 계시자님을 내버려두지 않을 겁니다.{nl}그들과 함부로 싸우려 하지는 마세요.{nl}나중에 분명한 기회가 있을 겁니다.				여신 라다
QUEST_LV_0500_20210115_000329	dios demonio raga	마신 라가				
QUEST_LV_0500_20210115_000330	Te estaba esperando.{nl}Niño de Laima.	기다리고 있었단다.{nl}라이마의 아이여.				마신 라가
QUEST_LV_0500_20210115_000331	¡Excelente!{nl}Me preguntaba cuánto podría hacer un humano frágil.	훌륭한 걸?{nl}부러지기 쉬운 인간이 해봤자 얼마나 할 수 있겠나 싶었는데..				마신 라가나
QUEST_LV_0500_20210115_000332	¿Has hecho estallar las Mirtinas del Espectador?}{nl}Estoy orgulloso de ti.	주시자의 머티니스를 아주 시원하게 날려버렸잖아?{nl}기특해.				마신 라가나
QUEST_LV_0500_20210115_000333	Intentar engañarme es imperdonable, pero... {nl} has hecho estallar las Mirtinas recogidas por el Espectador, así que seguiré adelante esta vez.	나를 속이려 든 건 용서할 수 없는 일이지만..{nl}주시자가 모은 머티니스를 날려버렸으니 특별히 이번은 넘어가도록 하마.				마신 라가나
QUEST_LV_0500_20210115_000334	Por cierto, Beholder no te dejará en paz... {nl} Si quieres vivir, escapa hacia abajo. {nl} Continúa, {nl} no te dejes matar por Beholder sin mi permiso.	그건 그렇고, 주시자가 널 가만두지 않으려 할 테니..{nl}살고 싶다면 아래쪽으로 계속 도망치는 게 좋을 거야.{nl}어서,{nl}내 허락 없이 주시자 따위에게 죽지 말거라.				마신 라가나
QUEST_LV_0500_20210115_000335	Finalmente lo encontré.{nl}Revelator.	드디어 찾았군.{nl}계시자.				마왕 바이가
QUEST_LV_0500_20210115_000336	¿Estás listo para morir? {nl}Deberías pagar el total por engañarme.	목숨을 내놓을 준비는 되어있겠지?{nl}나를 기만한 대가는 톡톡히 치러야 할 것이다.				마왕 바이가
QUEST_LV_0500_20210115_000337	Has vuelto.{nl}Definitivamente escuché el sonido de la explosión de la bomba.	돌아오셨군요.{nl}폭탄이 터지는 소리는 분명히 들었습니다.				여신 라다
QUEST_LV_0500_20210115_000338	¿Conoces a Baubas?	바우바스를 만났다고요?				여신 라다
QUEST_LV_0500_20210115_000339	Dios Demonio Baubas..	마신 바우바스..				여신 라다
QUEST_LV_0500_20210115_000340	Ahora que Giltine se ha ido, Baubas es el ser más fuerte entre los Dioses Demonio. {nl}El hecho de que Baubas salvó a Baiga significa que la relación entre los dos es más fácil de lo que pensábamos.	길티네가 사라진 지금, 마신들 중에서 가장 강한 존재입니다.{nl}바우바스가 바이가를 구했다는 건, 생각보다 둘의 협력 관계가 원만한 수준인 거군요.				여신 라다
QUEST_LV_0500_20210115_000341	No son buenas noticias, pero si no fuera por Baubas, el Beholder te habría causado un daño enorme... {nl} Podría haber sido peor.	반가운 소식은 아니지만, 바우바스가 아니었다면 주시자에게 큰 화를 입을 뻔했으니..{nl}불행 중 다행이겠군요.				여신 라다
QUEST_LV_0500_20210115_000342	De todos modos, es hora de terminar tu misión.{nl}Ve a Orsha y conoce al Señor.{nl}Los demonios de Ragana, Baiga y la fuerza del Espectador ciertamente están desanimados.	아무튼 지금은 당신의 임무를 끝낼 때이군요.{nl}오르샤로 가서 영주를 만나세요.{nl}라가나와 바이가, 주시자 세력의 마족들은 확실히 기세가 한풀 꺾였습니다.				여신 라다
QUEST_LV_0500_20210115_000343	La situación aún no ha terminado por completo,{nl}pero estaremos esperando escuchar esta noticia.	아직 상황이 완전히 종식된 건 아니지만,{nl}분명 이 소식을 기다리고 있을 겁니다.				여신 라다
QUEST_LV_0500_20210115_000344	Has vuelto. {nl} Supuse que era Revelator ya que escuché el fuerte sonido de la explosión.	돌아오셨습니까.{nl}큰 폭팔음이 들려서 계시자님일 거라 짐작했습니다.				[오르샤 영주]이네사 해먼데일
QUEST_LV_0500_20210115_000345	Me alegra que parezca estar bien.	무사하신 것 같아 다행입니다.				[오르샤 영주]이네사 해먼데일
QUEST_LV_0500_20210115_000346	Ya veo. {nl}Orsha fue ayudado por el Revelador una vez más.	그렇군요.{nl}오르샤는 이렇게 또 한 번 계시자님의 도움을 받게되었군요.				[오르샤 영주]이네사 해먼데일
QUEST_LV_0500_20210115_000347	Gracias en nombre de Orsha y la provincia de Kiren.{nl}Al menos Orsha se ha ganado algo de tiempo para prepararse para la próxima batalla.	오르샤와 키렌 지방을 대표하여 감사드립니다.{nl}적어도 우리 오르샤는 다음 전투를 준비할 시간을 벌었습니다.				[오르샤 영주]이네사 해먼데일
QUEST_LV_0500_20210115_000348	Muchas personas han resultado heridas y han colapsado, pero no nos quedaremos sentados.{nl}Después de salvar a las personas que no han evacuado{nl} llegará el momento del contraataque.	많은 이들이 다치고 쓰러졌지만, 이대로 우리는 당하고만 있지는 않을 겁니다.{nl}아직 피난하지 못한 사람들을 구하고 나면{nl}반격의 시간이 오겠지요.				[오르샤 영주]이네사 해먼데일
QUEST_LV_0500_20210115_000349	Gracias nuevamente al Revelador.	계시자님께 다시 한 번 감사의 말씀을 드리겠습니다.				[오르샤 영주]이네사 해먼데일
QUEST_LV_0500_20210115_000350	Los demonios no atacarán directamente a Orsha por ahora.	당분간은 마족들이 오르샤를 직접 공격하는 일은 없을 겁니다.				여신 라다
QUEST_LV_0500_20210115_000351	Pero tú, Revelador, sabes bien que esta paz precaria no durará mucho.	하지만 이 위태로운 평화가 오래가지 못할 것은 계시자, 그대도 잘 알고 있겠지요.				여신 라다
QUEST_LV_0500_20210115_000352	Has sido fiel a tu deber de proteger a Orsha. {nl}I también fue bastante responsable.	당신은 오르샤를 지키는 임무에 충실히 임했고,{nl}저 또한 충분할 만큼 책임을 질 수 있었습니다.				여신 라다
QUEST_LV_0500_20210115_000353	¡Fuera de mi vista!	꺼져라!				마신 길티네
QUEST_LV_0500_20210115_000354	Gracias por venir.{nl}Orsha está en peligro.	부름에 달려와 주셔서 감사합니다.{nl}오르샤는 지금 위기에 처했습니다.				이네사 해먼데일
QUEST_LV_0500_20210115_000355	Enemigos poderosos que nunca antes habían aparecido aparecieron repentinamente invadieron toda la provincia de Kiren. {nl} Para proteger a Orsha y sus alrededores, pedí ayuda para	일전에 본 적 없던 강력한 적들이 돌연 키렌 지방 전역을 침공했습니다.{nl}저는 오르샤와 그 일대를 지키고자, 대륙 곳곳에서 활약을 펼치던 계시자분들..				이네사 해먼데일
QUEST_LV_0500_20210115_000356	Revelador activo en todo el continente y tú.{nl}Por favor ayuda y lucha por Orsha.	그리고 당신에게 도움을 청하게 되었습니다.{nl}부디 오르샤를 도와 함께 싸워주시길 바랍니다.				이네사 해먼데일
QUEST_LV_0500_20210115_000357	Gracias por ayudar.{nl}Orsha, donde los antepasados ​​de la familia mantuvieron sus vidas, ahora estará protegida por nosotros.	도움의 손길을 잡아주셔서 감사합니다.{nl}가문의 선조들께서 목숨을 바쳐 지켰던 오르샤를 이제는 우리가 함께 지켜낼 겁니다.				이네사 해먼데일
QUEST_LV_0500_20210115_000358	Sin embargo, antes de eso, hay alguien que te está buscando. {nl}Ve al Santuario de Laima a través de la Estatua de la Diosa Ausrine y alguien te estará esperando. {nl}El que dijo que solo tú podías estar allí.	그러나 그 전에, 당신을 찾는 분이 계십니다.{nl}마을의 여신 아우슈리네의 상을 통해 라이마의 성소라 불리는 곳으로 간다면 그 분께서 기다리고 계실 겁니다.{nl}당신만은 그 곳에 올수 있으리라 하시더군요.				이네사 해먼데일
QUEST_LV_0500_20210115_000359	Encantado de conocerte.{nl}Revelator.	반갑습니다.{nl}계시자여.				여신 라다
QUEST_LV_0500_20210115_000360	No me siento cómodo de conocerte en un momento como este.{nl}La nube de guerra en Orsha está extendiendo sus manos por todo el continente hacia el mundo.	이런 때에 만나게 되니 마음이 편하지는 않습니다.{nl}오르샤에 일어난 전운이 대륙을 넘어 세계로 그 손아귀를 뻗고 있습니다.				여신 라다
QUEST_LV_0500_20210115_000361	La razón por la que te llamé es por el hecho de que tanto tú como yo tenemos la responsabilidad de este incidente. {nl} Hablaré de los detalles en Lemprasa Pond. {nl} Si estás listo, te estaré esperando en Lemprasa Pond.	당신을 부르게 된 건 당신과 나, 우리 둘은 이번 사건에 대해 분명한 책임이 있다는 사실 때문입니다.{nl}자세한 이야기는 렘파라사 연못에서 이야기하겠습니다.{nl}준비되셨다면 렘파라사 연못에서 기다리겠습니다.				여신 라다
QUEST_LV_0500_20210115_000362	Estás listo.{nl}Te estaré esperando en el Estanque de Lemprasa.	준비되셨군요.{nl}렘파라사 연못에서 기다리겠습니다.				여신 라다
QUEST_LV_0500_20210115_000363	Estás aquí.{nl}Para contarte nuestra responsabilidad..	오셨군요.{nl}당신과 제가 가진 책임에 대해 말씀드리자면..				여신 라다
QUEST_LV_0500_20210115_000364	En el pasado incidente de Kruvina en esta área, fui capturado por Demon Lord Zaura, {nl} y fue entonces cuando se creó una poderosa Kruvina con mi poder vital. {nl} Y viste en el último viaje que el Espectador tenía algo de él.	이 일대에서 벌어진 과거의 크루비나 사건 속에서 저는 마군주 자우라에게 붙잡혔고,{nl}그때 제 생명력으로 강력한 크루비나가 만들어졌습니다.{nl}그리고 당신은 지난 여정에서 주시자가 그 일부를 가지고 있는 걸 보았죠.				여신 라다
QUEST_LV_0500_20210115_000365	Puede parecer poco razonable, {nl} pero somos los únicos que podemos ver al principal culpable de esta situación.	불합리한 이야기처럼 들릴 수 있으나,{nl}이 사태의 원흉을 똑바로 볼 수 있는 건 우리뿐입니다.				여신 라다
QUEST_LV_0500_20210115_000366	Pero debemos estar un poco más seguros de si se trata de un movimiento claro del Espectador. {nl} ¿Podrías obtener información útil de los demonios que te rodean?	그러나 이 사태가 확실히 주시자의 행보인지는 조금 더 확신이 필요합니다.{nl}주변의 마족들로부터 도움이 될 정보를 얻어와 주시겠습니까?				여신 라다
QUEST_LV_0500_20210115_000367	Te contaré más detalles después de descubrir la situación.	더 자세한 이야기는 사태를 파악하며 말씀드리겠습니다.				여신 라다
QUEST_LV_0500_20210115_000368	¿Quieres decir que los demonios tienen el mineral con magia maligna?	주변의 마족들로부터 주시자와 연관이 있을만한 증거를 찾아주세요.				여신 라다
QUEST_LV_0500_20210115_000369	¿Quieres decir que los demonios tienen el mineral con magia maligna?	그 사악한 마력을 품은 광석을 마족들이 가지고 있었다는 말입니까?				여신 라다
QUEST_LV_0500_20210115_000370	Pero, ¿cómo pueden los demonios tener este mineral que puede surgir del caos?	당신은 분명 주시자가 혼돈을 통해 이 광석을 취하는 걸 본 적이 있으시죠.				여신 라다
QUEST_LV_0500_20210115_000371	Pero, ¿cómo pueden los demonios tener este mineral que puede surgir del caos?	그러나 혼돈에서 나와야 할 이 광석이 어떻게 마족들이 가지고 있는 건지..				여신 라다
QUEST_LV_0500_20210115_000372	De todos modos necesito encontrar dónde tenían los demonios este mineral.{nl}Puede que se encuentre a través de la memoria de los demonios. 	아무래도 마족들이 이 광석을 어디서 얻었는지 찾아야겠습니다.{nl}마족들의 기억을 통해 찾을 수 있을 겁니다.				여신 라다
QUEST_LV_0500_20210115_000373	Randoluma Rest Place no llamará mucho la atención.	란돌루마 쉼터라면 큰 이목을 끌지 않을 겁니다.				여신 라다
QUEST_LV_0500_20210115_000374	No es suficiente, pero he visto el rastro de Beholder a través de la memoria de los demonios. {nl}Pero no es suficiente para estar seguro.	충분하지는 않았으나 마족들의 기억을 통해 분명히 주시자의 흔적을 보았습니다.{nl}그러나 아직 확신을 얻기에는 모자라는군요.				여신 라다
QUEST_LV_0500_20210115_000375	La identidad del mineral aún está clara.	여전히 광석의 정체는 분명하지 않습니다.				여신 라다
QUEST_LV_0500_20210115_000376	Intentemos de nuevo. {nl} Es posible que se pueda leer más memoria purificando el espíritu de los demonios con energía divina.	다시 한번 시도해보죠.{nl}마족들의 영혼을 신성력으로 정화하면 더 많은 기억을 읽어낼 수 있을 겁니다.				여신 라다
QUEST_LV_0500_20210115_000377	Compartiré mi poder contigo.{nl}El espíritu de los demonios será purificado y guiado hacia mí si usas mi bendición para los demonios en la autopista Adata.	제 권능을 조금 나누어 드리겠습니다.{nl}아다타 가도의 마족들에게 제가 드린 축복을 사용하면 마족의 영혼이 정화되어 저에게 인도될 겁니다.				여신 라다
QUEST_LV_0500_20210115_000378	Primero iré a la autopista Adata y abriré la electricidad.	저는 먼저 아다타 가도로 가서 힘을 개방해두겠습니다.				여신 라다
QUEST_LV_0500_20210115_000379	Afortunadamente, la identidad del mineral quedó clara. {nl} El nombre del mineral es Mirtinas. {nl} El espectador llamó así a este mineral malvado.	다행히 광석의 정체를 알아냈습니다.{nl}광석의 이름은 머티니스..{nl}주시자는 이 사악한 광석을 두고 그렇게 이름 불렀습니다.				여신 라다
QUEST_LV_0500_20210115_000380	Revelador,{nl}Espectador está tratando de destruir el mundo..{nl}precisamente el Árbol Divino con las Mirtinas.	계시자여,{nl}주시자가 머티니스를 통해 세계를..{nl}정확하게는 신수를 파괴하려 하고 있습니다.				여신 라다
QUEST_LV_0500_20210115_000381	Mirtinas es una Fuente Mágica comparable con Belorb.{nl}Giltine detuvo el suministro de Belorb e inundó el Árbol Divino.	머티니스는 벨로브에 견줄 수 있는 마력원입니다.{nl}길티네는 벨로브의 공급을 중단하여 신수를 폭주 시켰습니다.				여신 라다
QUEST_LV_0500_20210115_000382	Por otro lado...{nl}Si Beholder suministra Mirtinas sin cesar, el mundo se pudrirá con la Raíz del Árbol Divino y se convertirá en un mundo horrible.{nl}Si la cantidad de Mirtinas es suficiente.	반대로..{nl}주시자가 이 머티니스를 신수에 끊임없이 공급한다면 세계는 신수의 뿌리와 함께 통째로 썩어 끔찍한 세계로 변해버릴 겁니다.{nl}머티니스의 양이 충분하다면 말이죠.				여신 라다
QUEST_LV_0500_20210115_000383	He visto una grieta extraordinaria en el área derribada de Malkos desde la memoria del demonio. {nl}El poder de Mirtinas surgió de esa grieta.	마족의 기억 속 말코스 벌목지에서 심상치 않은 균열을 보았습니다.{nl}머티니스는 그 균열에서 나왔을 겁니다.				여신 라다
QUEST_LV_0500_20210115_000384	Comprobaré el camino al Bosque de los Puentes Enlazados {nl} Por favor, revisa el área talada de Malkos. {nl} Te veré en el Bosque de los Puentes Enlazados.	저는 덧댄다리 숲으로 가는 길을 확인하겠습니다.{nl}당신은 말코스 벌목지를 확인해주세요.{nl}덧댄다리 숲에서 뵙겠습니다.				여신 라다
QUEST_LV_0500_20210115_000385	Te estaba esperando.	기다리고 있었습니다.				여신 라다
QUEST_LV_0500_20210115_000386	¿Estás diciendo que esto realmente estaba en la frente de los demonios como un cuerno?	이게 정말 마족의 이마에 뿔처럼 나있었다는 말인가요?				여신 라다
QUEST_LV_0500_20210115_000387	Esta es Kruvina.	이건 크루비나 입니다.				여신 라다
QUEST_LV_0500_20210115_000388	Pero es un poco diferente.{nl}¿Crees que esto puede atravesar el cuerpo?{nl}El Señor Demonio Zaura creó a Kruvina a través de mí y también recibió ayuda del dispositivo.	그런데 조금은 다르군요.{nl}이게 몸을 뚫고 솟아날 수 있다고 생각하시나요?{nl}마군주 자우라가 저를 통해 만들어낸 크루비나도 장치의 도움을 받아서 만들어냈습니다.				여신 라다
QUEST_LV_0500_20210115_000389	Kruvina convierte a un humano en un demonio.	크루비나는 인간을 마족으로 만들기도 합니다.				여신 라다
QUEST_LV_0500_20210115_000390	También has visto a un niño darse vuelta después de usar Kruvina.	당신도 크루비나를 사용하고 변해 가던 한 아이를 본 적이 있으시죠.				여신 라다
QUEST_LV_0500_20210115_000391	Puedo sentir el poder de mi vida de esta Kruvina.{nl}Quizás Beholder usó Kruvina creada a través de mí para convertir a un humano en un demonio.{nl}Es por eso que debería ser responsable de esta situación.	이 크루비나에는 제 생명력도 조금 느껴집니다.{nl}아마도 주시자가 저를 통해 만들어낸 크루비나로 인간을 마족으로 만들었을 겁니다.{nl}제가 이 사태에 대해 책임을 져야 할 이유죠.				여신 라다
QUEST_LV_0500_20210115_000392	Todos los residentes de Orsha podrían convertirse en demonios. {nl}Necesitas salvar a Orsha, así que vamos en la misma dirección.	오르샤의 주민들도 모두 마족이 될지도 모르는 상황입니다.{nl}당신은 오르샤를 구해야 하니 지금은 당신과 제가 가야 할 방향이 같습니다.				여신 라다
QUEST_LV_0500_20210115_000393	Simplemente tenemos la misma dirección y tengamos en cuenta que nos estamos moviendo bajo nuestra propia responsabilidad.	우리는 방향이 같을 뿐, 언제까지나 각자의 책임을 위해 움직이고 있다는 사실을 명심해야 합니다.				여신 라다
QUEST_LV_0500_20210115_000394	Si te ayudo, Ausrine no se quedará sentada.	제가 당신을 돕게 된다면 아우슈리네님께서 가만히 있지는 않을 겁니다.				여신 라다
QUEST_LV_0500_20210115_000395	Este es un pasaje que conecta con el estanque Lemprasa por donde acabas de pasar. {nl}Los demonios que se reúnen para cazar a los Mirtinas y atacar a Orsha dominan el Bosque de los Puentes Enlazados.	여기는 방금 당신이 지나온 렘파라사 연못과 연결되는 통로입니다.{nl}머티니스 채굴과 오르샤를 공격하기 위해 집결한 마족들이 덧댄다리 숲을 장악하고 있습니다.				여신 라다
QUEST_LV_0500_20210115_000396	Necesito recuperar las Mirtinas que los demonios están minando.{nl}¿Qué harás?	저는 이 마족들이 채굴하고 있는 머티니스를 회수할 필요가 있습니다.{nl}당신은 무슨 일을 하실 거죠?				여신 라다
QUEST_LV_0500_20210115_000397	Lo estás entendiendo bien.{nl}Tentonces, nos vemos más tarde.	잘 이해하고 계시는군요.{nl}그럼 다시 뵙겠습니다.				여신 라다
QUEST_LV_0500_20210115_000398	Vi a los residentes de Orsha entrar a la aldea sanos y salvos, quienes no pudieron escapar mientras lidiaban con los demonios.	당신이 마족을 상대하고 있는 사이 미처 피하지 못했던 오르샤의 주민들이 무사히 마을 안으로 들어가는 걸 봤습니다.				여신 라다
QUEST_LV_0500_20210115_000399	Estás haciendo tu misión de manera excelente. {nl}I también pude recuperar algunas de Mirtinas.	당신의 임무를 훌륭히 수행하고 있군요.{nl}저 역시 머티니스를 일부 회수할 수 있었습니다.				여신 라다
QUEST_LV_0500_20210115_000400	Voy a ir al área más profunda del Bosque del Puente Vinculado para recuperar continuamente a Mirtinas.	저는 머티니스 회수를 계속하기 위해 덧댄다리 숲의 더 깊은 곳으로 갈 생각입니다.				여신 라다
QUEST_LV_0500_20210115_000401	Gyvenimo Crossroads cerca de aquí tiene la grieta que los demonios usaban para extraer las Mirtinas. {nl}A diferencia de la grieta que has visto en el estanque de Lemprasa, no vale la pena investigarla porque es difícil.	마침 여기서 가까운 지베니 대로에서 마족들이 머티니스를 채굴하던 균열이 있습니다.{nl}그곳의 균열은 당신이 봤던 렘파라사 연못의 균열과 달리 굳어있지 않으니 조사할 가치도 있습니다.				여신 라다
QUEST_LV_0500_20210115_000402	Este es el único camino al Bosque de los Puentes Enlazados, y los demonios lo están ocupando.	여기서 덧댄다리 숲으로 들어가는 유일한 길이고, 마족들이 점거하고있습니다.				여신 라다
QUEST_LV_0500_20210115_000403	He dejado aquí de sentir la magia. {nl} Definitivamente es la magia de Beholder.	저도 마침 그 마력을 느끼고 여기서 멈춰섰습니다.{nl}틀림없이 주시자의 마력이군요.				여신 라다
QUEST_LV_0500_20210115_000404	Es sólo una suposición, pero supongo que los demonios seguramente necesitan esta magia para extraer las Mirtinas. {nl} En otras palabras, si podemos encontrar y destruir la fuente de la magia, podemos detener la extracción de Mirtinas.	추측이지만, 마족들이 머티니스를 채굴하기 위해서는 반드시 이 마력이 필요할 겁니다.{nl}다시 말해, 마력의 근원지를 찾아 파괴할 수만 있다면 머티니스 채굴을 막을 수 있습니다.				여신 라다
QUEST_LV_0500_20210115_000405	Si eso sucede, podemos evitar que Mirtinas caiga en manos de Beholder.{nl}Y también dañar a los demonios reunidos para atacar a Orsha.	그렇게 된다면 주시자의 손에 머티니스가 들어가는 일을 막을 수 있겠군요.{nl}그리고 오르샤를 침공하기 위해 집결한 마족들에게도 적지 않은 피해를 줄 수 있습니다.				여신 라다
QUEST_LV_0500_20210115_000406	Voy a encontrar la fuente de la magia. {nl} Buscaré en los acantilados donde los humanos como tú no pueden volar.	저는 마력의 근원지를 찾아보려고 합니다.{nl}당신처럼 날 수 없는 인간이 가기에는 어려운 절벽을 찾아볼 겁니다.				여신 라다
QUEST_LV_0500_20210115_000407	Parece que la Diosa Lada ha dejado caer la bendición a propósito{nl}Busca la fuente de magia en Morku Farm usando la bendición.	라다 여신이 일부로 축복을 흘려둔 것 같다{nl}축복을 이용해 모르꼬스 농장에서 마력의 근원지를 찾아보자				PC
QUEST_LV_0500_20210115_000408	Encontré el Cristal Negro del Espectador, que es la fuente de la magia. {nl}Comprueba si puede ser destruido.	마력의 근원지인 주시자의 검은 수정을 발견했다{nl}파괴할 수 있는지 확인해 보자				안내
QUEST_LV_0500_20210115_000409	Usemos la Bendición de la Diosa Lada.	라다 여신의 축복을 사용해볼까?				안내
QUEST_LV_0500_20210115_000410	El líquido en la grieta todavía está hirviendo.	균열 속의 액체가 여전히 끓고 있다				PC
QUEST_LV_0500_20210115_000411	¿Investigarás la grieta?	균열을 조사하시겠습니까?				안내
QUEST_LV_0500_20210115_000412	Todavía puedo sentir la magia impregnando la grieta. {nl}Ve en dirección a Bonan Forest Road y busca el Cristal Negro del Espectador.	균열로 스며드는 마력이 여전히 느껴진다{nl}아직 조사하지 않은 보난 숲길 방향으로 가서 주시자의 검은 수정을 찾아보자				PC
QUEST_LV_0500_20210115_000413	¿Atacarás el Cristal Negro del Espectador?	주시자의 검은 수정을 공격하시겠습니까?				안내
QUEST_LV_0500_20210115_000414	Había muchos cristales además de dos cristales negros que encontraste. {nl}Destruiste todos los cristales en el bosque de los puentes vinculados.	당신이 발견한 두 개의 검은 수정 외에도 많은 수정이 있었습니다.{nl}덧댄다리 숲에 있던 수정은 모두 파괴했습니다.				여신 라다
QUEST_LV_0500_20210115_000415	Las grietas de Mirtina en el Bosque de los Puentes Enlazados están todas endurecidas.	덧댄다리 숲의 머티니스 균열들은 굳었습니다.				여신 라다
QUEST_LV_0500_20210115_000416	Sin embargo{nl}Debe haber Mirtinas que los demonios han extraído,{nl}pero no se encontró ninguna Mirtinas.	그러나{nl}그동안 마족들이 채굴한 머티니스가 있을 텐데,{nl}여기서는 머티니스를 찾을 수 없었습니다.				여신 라다
QUEST_LV_0500_20210115_000417	Esas Mirtinas no pueden llegar a las manos de Beholder. {nl}Tengo que encontrar el almacenamiento y recuperar las Mirtinas.	그 머티니스들이 주시자의 손에 들어가서는 안 됩니다.{nl}저는 그 저장소를 찾아 머티니스를 회수해야 합니다.				여신 라다
QUEST_LV_0500_20210115_000418	Revelador, {nl}, también tienes cosas que hacer.	계시자여,{nl}그대도 해야 할 일이 있습니다.				여신 라다
QUEST_LV_0500_20210115_000419	Encuentra a la Diosa Lada en Paupys Crossing.	파우피스 나루에서 라다 여신을 찾으세요				PC
QUEST_LV_0500_20210115_000420	Perseguí al Espectador pero te esperé después de mirar este lugar.	주시자를 쫓았으나, 이곳의 상황을 보고 계시자님을 기다리고 있었습니다.				여신 라다
QUEST_LV_0500_20210115_000421	¿Te has dado cuenta?{nl}Beholder no es el único que ha invadido Orsha.{nl}Incluso dos poderes de demonios forman tres fuerzas que invadieron Orsha, incluido el Beholder.	눈치 채셨겠죠?{nl}오르샤를 침공한 건 주시자 뿐만이 아니라는 이야기입니다.{nl}방금 본 두개 세력의 마족들만 하더라도 주시자를 포함하여 세 개의 세력이 오르샤를 침공했군요.				여신 라다
QUEST_LV_0500_20210115_000422	Pero es obvio que todos sus propósitos son las Mirtinas. {nl} Son demonios tanto del Rey Demonio Kartas como del Dios Demonio Ragana.	하지만 모두 머티니스가 목표인 건 확실합니다.{nl}저들은 각각 마왕 카르타스의 마족과 마신 라가나의 휘하 마족들입니다.				여신 라다
QUEST_LV_0500_20210115_000423	Sin embargo, no podemos estar seguros.{nl}Especialmente, no puedo creer que el Rey Demonio Kartas se enfrente al Dios Demonio Ragana.	그렇지만, 확신을 가질 수는 없습니다.{nl}특히나 마왕 카르타스가 마신인 라가나와 대적한다는 건 믿을 수가 없군요.				여신 라다
QUEST_LV_0500_20210115_000424	Puede haber otro ser que los controle.	저들을 움직이는 다른 존재가 있을지도 모릅니다.				여신 라다
QUEST_LV_0500_20210115_000425	Primero, necesitamos encontrar al verdadero superior que mueve a los sirvientes del Rey Demonio Kartas.{nl}¿Podrás manejar a esos demonios que invadieron Orsha?	먼저, 마왕 카르타스의 부하들을 움직이는 진짜 상급자가 누구인지 확인해 둘 필요가 있겠군요.{nl}당신은 오르샤를 침공한 저 마족들을 어떻게 하시겠습니까?				여신 라다
QUEST_LV_0500_20210115_000426	Gracias por comprender la situación.	묵묵히 이해해주셔서 감사합니다.				여신 라다
QUEST_LV_0500_20210115_000427	Todavía puedo sentir la magia impregnando la grieta.  en dirección a Bonan Forest Road y busca el Cristal Negro del Espectador.	그럼 저 역시 머티니스를 노리는 존재들이 누구인지 찾아보겠습니다.				여신 라다
QUEST_LV_0500_20210115_000428	Nos vemos de nuevo aquí.	이 자리에서 다시 뵙겠습니다.				여신 라다
QUEST_LV_0500_20210115_000429	Derrota a los Vynmedis y consigue el símbolo de superior.	파슬랍 은거지에서 빈미디스를 처치하고 상급자의 징표를 획득하세요				PC
QUEST_LV_0500_20210115_000430	Estos son el Token de Baiga y Ragana... {nl} ¿Estás diciendo que los demonios de Kartas tenían el Token de Baiga?	이건 바이가와 라가나의 증표..{nl}바이가의 증표를 카르타스의 마족들이 가지고 있었다는 말씀이신가요?				여신 라다
QUEST_LV_0500_20210115_000431	El Rey Demonio Kartas no resistirá a Ragana... {nl}Pero tal vez Baiga pueda.	마왕 카르타스가 라가나에게 대항할 수 없겠지만..{nl}바이가라면 가능할지도 모릅니다.				여신 라다
QUEST_LV_0500_20210115_000432	Demon King Baiga ha estado en estrecha cooperación con Demon God Baubas durante mucho tiempo. {nl}Demon God Baubas debe ser el demonio más fuerte sin Giltine en este momento.	마왕 바이가는 오랜 옛날부터 마신 바우바스와 긴밀한 협력을 이루고 있습니다.{nl}마신 바우바스는 길티네가 없는 지금으로서는 가장 강한 마족임이 틀림없습니다.				여신 라다
QUEST_LV_0500_20210115_000433	Puedo darme cuenta nuevamente de que es un mundo donde Giltine ha desaparecido.	길티네가 사라진 세상이라는 게 새삼 실감이 나는군요.				여신 라다
QUEST_LV_0500_20210115_000434	Los demonios de Baiga obviamente estaban detrás de Mirtinas. {nl}Es extraño que los demonios de Ragana solo intentaran interrumpir la extracción de Mirtinas, y no había circunstancias en las que estuvieran detrás de Mirtinas.	바이가의 마족들은 확실히 머티니스를 노리고 있었습니다.{nl}라가나의 마족들은 이상하게도 머티니스 채굴을 방해하려고만 했지, 머티니스 자체를 노리는 정황은 없더군요.				여신 라다
QUEST_LV_0500_20210115_000435	De todos modos, además de su propósito, no será bueno ni para los humanos ni para la Diosa si el demonio se convierte en el dueño de Mirtinas.{nl}Debemos apresurarnos a encontrar el Almacenamiento de Mirtinas.	아무튼 그들의 목적을 떠나 머티니스의 주인이 마족이 되는 건 여신에게든 인간에게든 좋을 수 없을 겁니다.{nl}서둘러 머티니스 저장소를 찾는게 좋겠습니다.				여신 라다
QUEST_LV_0500_20210115_000436	Es solo que demonios fuertes están furiosos desde todas direcciones desde que llegaron aquí. {nl} No está claro si se trata de un Cristal Negro del Espectador u otra existencia equivalente a él.	다만, 여기에 들어온 후로 사방에서 강력한 마력들이 휘몰아치고 있습니다.{nl}주시자의 검은 수정인지, 혹은 그에 버금갈 다른 존재인지는 확실하지 않습니다.				여신 라다
QUEST_LV_0500_20210115_000437	Eres el peón de Laima.	너는 라이마의 끄나풀이로군.				마왕 바이가
QUEST_LV_0500_20210115_000438	Para ser honesto, me sorprendió. {nl}Aunque Laima ayudó, se puede decir que es un talento humano el que ha llevado a Giltine a la esquina.	솔직하게 말하자면 놀라웠다.{nl}비록 라이마가 도왔다고는 하나, 인간 애송이가 길티네를 몰아넣었으니 재주라면 재주겠지.				마왕 바이가
QUEST_LV_0500_20210115_000439	¿Tienes curiosidad por saber por qué vine aquí?	내가 이곳에 온 이유가 궁금한가?				마왕 바이가
QUEST_LV_0500_20210115_000440	El mundo que conoces no es ni siquiera un grano del mundo existente.  humano mortal que morirá en una vida momentánea tiene una curiosidad arrogante.	신수의 뿌리는 너같은 애송이가 신경쓸 물건이 아니다.				마왕 바이가
QUEST_LV_0500_20210115_000441	El mundo que conoces no es ni siquiera un grano del mundo existente. {nl}El humano mortal que morirá en una vida momentánea tiene una curiosidad arrogante.	네 녀석이 알고 있는 세계는 실제 존재하는 세계의 티끌 만큼도 안 된다.{nl}고작 순간의 삶을 살다 죽을 필멸의 인간따위가 건방진 호기심을 가지고 있군.				마왕 바이가
QUEST_LV_0500_20210115_000442	No importa.	신경꺼라.				마왕 바이가
QUEST_LV_0500_20210115_000443	Has conocido a Baiga.{nl}I estaba tan concentrado en perseguir a Ragana que noté la presencia de Baiga tardíamente.	바이가를 만나셨군요.{nl}라가나를 쫓는 데 집중한 나머지 뒤늦게 바이가의 존재를 알아차렸습니다.				여신 라다
QUEST_LV_0500_20210115_000444	En el caso de Ragana, {nl}I no pude perseguirla porque era casi imposible perseguirla en el bosque.	라가나는,{nl}숲 속에서 그녀를 쫓는 건 거의 불가능한 일이라 놓치고 말았습니다.				여신 라다
QUEST_LV_0500_20210115_000445	Es obvio que Ragana y Baiga tienen conflictos.{nl}Su sugerencia podría parecernos un mérito en última instancia,{nl}pero no puedo creer la intención del demonio.{nl}Por lo tanto, no debemos aceptar ninguna tentación voluntariamente.	라가나와 바이가가 서로 대립하고 있는 건 확실하군요.{nl}그들의 제안은 궁극적으로 우리에게 이점인 것 처럼 보이겠지만,{nl}마족의 속내는 믿을 수 없습니다.{nl}그러니 어떤 유혹에도 결코 선뜻 받아들여서는 안 됩니다.				여신 라다
QUEST_LV_0500_20210115_000446	Por otro lado...{nl}Es peligroso enfrentarse a todos los Beholder, Ragana, Baiga y los Baubas.	한 편으로는..{nl}지금 당장 주시자, 라가나, 바이가와 그 뒤의 바우바스까지 모두를 대적하기에는 위험합니다.				여신 라다
QUEST_LV_0500_20210115_000447	A diferencia de cuando peleaste con Giltine, {nl}Ausrine es la única Diosa que conserva suficiente poder para ayudarte. {nl}Pero sabrás que Ausrine no quiere involucrarse en esto.	당신이 길티네와 싸웠을 때와는 달리,{nl}당신을 도울 수 있을 정도로 힘을 보존한 여신은 아우슈리네님 뿐..{nl}그러나 아우슈리네님께서는 이 일에 개입하시기를 원하지 않으신다는 걸 당신도 아실 겁니다.				여신 라다
QUEST_LV_0500_20210115_000448	Hay una manera.	방법은 있습니다.				여신 라다
QUEST_LV_0500_20210115_000449	Si encuentras las Mirtinas extraídas por los demonios que los precedieron, {nl} obviamente tendrás la iniciativa. {nl}Tasí, apurémonos y encontremos el Almacenamiento de Mirtinas.	주시자의 마족들이 채굴한 머티니스를 그들보다 먼저 찾아내 확보한다면,{nl}분명히 주도권을 쥘 수 있습니다.{nl}그러니 서둘러 머티니스의 저장소를 찾죠.				여신 라다
QUEST_LV_0500_20210115_000450	Necesito algo de tiempo para recuperarme porque he gastado mucho poder peleando con Ragana.	다만, 지금은 제가 라가나와의 싸움으로 힘을 많이 소모한 탓에 회복할 시간이 필요합니다.				여신 라다
QUEST_LV_0500_20210115_000451	De todos modos, además de su propósito, no será bueno ni para los humanos ni para la Diosa si el demonio se convierte en el dueño de Mirtinas. {nl}Debemos apresurarnos a encontrar el Almacenamiento de Mirtinas.	그러시죠.{nl}회복하는데 오래 걸리지는 않을 겁니다.				여신 라다
QUEST_LV_0500_20210115_000452	Tengan en cuenta que todavía nos estamos moviendo por cada uno de nuestra propia responsabilidad.	여전히 우리는 각자의 책임을 위해 움직이고 있다는 걸 명심하세요.				여신 라다
QUEST_LV_0500_20210115_000453	Ya veo..{nl}La Autovía de Gatves es un camino que se adentra en el bosque.	그렇군요..{nl}갓베스 가도라면 숲의 안쪽으로 이어지는 길입니다.				여신 라다
QUEST_LV_0500_20210115_000454	Necesitamos ir a la autopista Gatves.	갓베스 가도로 가 볼 필요가 있겠군요.				여신 라다
QUEST_LV_0500_20210115_000455	Todavía necesito más tiempo.	저는 아직 시간이 조금 더 필요합니다.				여신 라다
QUEST_LV_0500_20210115_000456	De todos modos, solo estamos haciendo nuestro propio trabajo,{nl}así que está bien que usted sea el primero.	어차피 우리는 각자가 해야할 일을 하고 있을 뿐이니,{nl}계시자님 께서 먼저 가셔도 괜찮습니다.				여신 라다
QUEST_LV_0500_20210115_000457	Está bien.{nl}Iré tras ti mientras me recupere.	알겠습니다.{nl}저도 회복되는대로 따라가겠습니다.				여신 라다
QUEST_LV_0500_20210115_000458	Hay una grieta de Mirtinas en la autopista Gatves.{nl}Vaya primero a la autopista Gatves.	갓베스 가도에도 머티니스 균열이 있습니다.{nl}갓베스 가도로 먼저 가세요				여신 라다
QUEST_LV_0500_20210115_000459	Iré tras de ti mientras me recupere.	저도 회복되는대로 따라가겠습니다.				여신 라다
QUEST_LV_0500_20210115_000460	Sabía que vendrías por aquí.  poder de Mirtinas está saliendo de este bosque profundo.	수레 바퀴 자국의 방향이 이사우고티 숲을 향하고있다				PC
QUEST_LV_0500_20210115_000461	Sabía que vendrías por aquí. {nl}TDemasiado poder de Mirtinas está saliendo de este bosque profundo.	이쪽으로 오실 줄 알았습니다.{nl}이 앞으로 들어가는 깊은 숲에서 너무 많은 머티니스의 힘이 흘러나오고 있습니다.				여신 라다
QUEST_LV_0500_20210115_000462	El Almacén de Mirtinas debe estar aquí dentro{nl}Es cierto que es una emergencia,{nl}pero las cosas se están haciendo más grandes, será mejor que volvamos al Santuario de Laima.	분명 머티니스 저장소는 이 안쪽에 있을 겁니다.{nl}상황이 위급한 건 사실이지만,{nl}생각보다 일이 커지고 있으니 재정비를 위해 잠시 라이마의 성소로 돌아가는 게 좋겠습니다.				여신 라다
QUEST_LV_0500_20210115_000463	Bien, {nl}Te veré de nuevo en el Santuario de Laima.	그럼,{nl}라이마의 성소에서 다시 뵙죠.				여신 라다
QUEST_LV_0500_20210115_000464	Prepararse..	준비하세요..				뮬리아
QUEST_LV_0500_20210115_000465	Se acerca el desastre..	재앙이 오고 있습니다..				뮬리아
QUEST_LV_0500_20210115_000466	Los humanos serán destruidos...	인간들은 파멸할 거예요..				뮬리아
QUEST_LV_0500_20210115_000467	Diez cuidados..	조심..				라이마
QUEST_LV_0500_20210115_000468	Por favor..{nl}Ten cuidado..	부디..{nl}조심..				라이마
QUEST_LV_0500_20210115_000469	Lo que necesitas llevar contigo..{nl}Si no te importa..{nl}Por favor, cierra los ojos..	당신이 가져가야할 게..{nl}괜찮으시다면..{nl}눈을 감아주세요..				라이마
QUEST_LV_0500_20210115_000470	Espero poder descansar más.	조금 더 쉴 수 있으면 좋겠어요.				뮬리아
QUEST_LV_0500_20210115_000471	Caja de la que sale una energía siniestra. {nl} Parece que se guardan las Mirtinas minadas.	불길한 기운이 뿜어져 나오는 상자다.{nl}채굴한 머티니스를 보관 중인 것 같다.				안내
QUEST_LV_0500_20210115_000472	Instala la bomba en la caja que acabamos de encontrar.	방금 발견한 저 상자 더미에 폭탄을 설치하자.				PC
QUEST_LV_0500_20210115_000473	{nl}Parece que la bomba está bien instalada.	{nl}무사히 폭탄을 설치한 것 같다.				PC
QUEST_LV_0500_20210115_000474	Ejecutor de Sauguma	소거마스 집행자				
QUEST_LV_0500_20210115_000475	¿Eres el ladrón que busca las preciosas Mirtinas de Beholder?	주시자님의 소중한 머티니스를 탐내는 도둑이 네 녀석인가?				소거마스 집행자
QUEST_LV_0500_20210115_000476	¡De ahora en adelante ejecutaré la pena de muerte para el ladrón!	지금부터 도둑에 대한 사형을 집행하겠다!				소거마스 집행자
QUEST_LV_0500_20210115_000477	[Reconstrucción del Reino] Oficial de Orsha	[왕국 재건단] 오르샤 담당인				
QUEST_LV_0500_20210115_000478	¿Has oído hablar de nosotros? {nl} También hemos oído hablar de algunos rumores sobre ti, Revelador.	저희에 대한 소식을 들으셨다구요?{nl}마침 저희도 계시자님에 대한 소문을 들었습니다.				[왕국 재건단] 오르샤 담당인
QUEST_LV_0500_20210115_000479	Estamos reunidos en nombre de la Reconstrucción del Reino.{nl}Nos hemos reunido para reconstruir el reino colapsado y el mundo causado por Medzio Diena.	저희는 왕국 재건단이라는 이름으로 뭉쳐있습니다.{nl}우리는 신수의 날로 인해 무너진 왕국과 세계를 다시 일으키기 위해 모였죠.				[왕국 재건단] 오르샤 담당인
QUEST_LV_0500_20210115_000480	En lugar de depender de la desaparición de la Diosa, deberíamos reconstruir el reino por nuestra cuenta.	사라진 여신들의 대답을 기다리기보다, 우리 인간들 스스로 왕국을 재건해야 합니다.				[왕국 재건단] 오르샤 담당인
QUEST_LV_0500_20210115_000481	Ah, pero no lo malinterpretes.{nl}Somos personas religiosas en la Diosa.{nl}Es solo que esta situación puede ser la voluntad de la Diosa para que los humanos sean más fuertes por sí mismos.	아, 그러나 오해하진 마세요.{nl}우리도 역시 여신들에게 신앙심을 가진 사람들입니다.{nl}다만 지금 이 상황이 어쩌면 여신들께서 인간들이 스스로 더 강해지길 바라시기 때문일 수도 있죠.				[왕국 재건단] 오르샤 담당인
QUEST_LV_0500_20210115_000482	Entonces nosotros, la Reconstrucción del Reino, somos enviados al mundo y hacemos todo lo posible para ayudar en la escena.	그래서 우리 왕국 재건단은 대륙은 물론 세계 곳곳으로 파견되어 현장의 문제를 돕는데 최선을 다하고 있습니다.				[왕국 재건단] 오르샤 담당인
QUEST_LV_0500_20210115_000483	He oído mucho sobre ti Revelador.{nl}Sería de gran ayuda si pudieras ayudarnos.	계시자님의 이야기는 익히 들었습니다.{nl}계시자님께서 저희를 도와주신다면 큰 힘이 될 겁니다.				[왕국 재건단] 오르샤 담당인
QUEST_LV_0500_20210115_000484	Conoce a los miembros de Kingdom Reconstruction enviados a cada escena. {nl} Te necesitarán.	각 현장에 파견되어 있는 왕국 재건단 단원들을 만나보세요.{nl}그들이 계시자님을 필요로 할 겁니다.				[왕국 재건단] 오르샤 담당인
QUEST_LV_0500_20210115_000485	[Reconstrucción del Reino] Soldado de Orsha	[왕국 재건단] 오르샤 파견병				
QUEST_LV_0500_20210115_000486	Si nos ayudas, seguramente te lo reembolsaremos en consecuencia. {nl}Tu heroica historia se extenderá por todo el mundo.	계시자님께서 저희를 도와주신다면 반드시 상응하는 보답을 하겠습니다.{nl}계시자님의 영웅담은 세계 각지로 뻗어나가게 될 겁니다.				[왕국 재건단] 오르샤 파견병
QUEST_LV_0500_20210115_000487	[Reconstrucción del Reino] Voluntario de Orsha	[왕국 재건단] 오르샤 자원병				
QUEST_LV_0500_20210115_000488	Lo que puede reconstruir el continente en el dolor después de Medzio Diena es la solidaridad de los humanos. {nl}Pronto, todos lucharemos para reconstruir el reino. {nl}Por favor, únete a nosotros Revelador.	신수의 날 이후로 비탄에 빠진 대륙을 다시 일으킬 수 있는 건 바로 우리 인간들의 결속력입니다.{nl}곧 우리 모두가 왕국을 일으키기 위해 싸울 겁니다.{nl}계시자님께서도 함께 하시죠.				[왕국 재건단] 오르샤 자원병
QUEST_LV_0500_20210115_000489	[Reconstrucción del Reino] Investigador de Orsha	[왕국 재건단] 오르샤 조사원				
QUEST_LV_0500_20210115_000490	Nosotros, Reconstrucción del Reino, estamos investigando continuamente la escena del desastre para ayudar a las personas en crisis. {nl}Este lugar también es un desastre.	저희 왕국 재건단이 위기에 빠진 사람들을 도울 수 있도록 재난 현장을 지속적으로 조사 중 입니다.{nl}여기도 만만치 않게 엉망이군요.				[왕국 재건단] 오르샤 조사원
QUEST_LV_0500_20210115_000491	[Reconstrucción del Reino] Soldado médico de Orsha	[왕국 재건단] 오르샤 의료지원병				
QUEST_LV_0500_20210115_000492	Estamos haciendo lo mejor que podemos, pero es desgarrador ver a los soldados moribundos.{nl}Solo deseamos que su alma regrese con la Diosa Ausrina.	항상 최선을 다하고 있지만 죽어가는 병사들의 모습을 볼 때면 가슴이 아려오네요.{nl}부디 그들의 영혼이 아우슈리네 여신에게 돌아갈 수 있기를 바라고 있어요.				[왕국 재건단] 오르샤 의료지원병
QUEST_LV_0500_20210115_000493	[Reconstrucción del Reino] Mensajero de Orsha	[왕국 재건단] 오르샤 전령				
QUEST_LV_0500_20210115_000494	Necesitamos mantenernos en contacto con el cuartel general para que los soldados no sean abandonados en el campo de batalla.{nl}Pero no es fácil romper el bloqueo.	전투 지역에 병사들이 버려지지 않도록 본부와의 연락을 계속해야 합니다.{nl}그러나 마족들의 포위망을 뚫는 건 여간 쉬운일이 아니군요.				[왕국 재건단] 오르샤 전령
QUEST_LV_0500_20210115_000495	Lo que Giltine dejó atrás	길티네가 남긴 것				
QUEST_LV_0500_20210115_000496	Cierra los ojos	눈을 감는다				
QUEST_LV_0500_20210115_000497	Mantén los ojos bien abiertos	눈을 감지 않는다				
QUEST_LV_0500_20210115_000498	Orsha en peligro	위기에 빠진 오르샤				
QUEST_LV_0500_20210115_000499	Ayudaré a Orsha.	오르샤를 돕겠다고 한다				
QUEST_LV_0500_20210115_000500	necesito pensar en ello	생각이 필요하다고 한다				
QUEST_LV_0500_20210115_000501	llamada de la diosa	여신의 부름				
QUEST_LV_0500_20210115_000502	Iniciar la investigación (1)	조사 개시(1)				
QUEST_LV_0500_20210115_000503	necesito mas tiempo	조금 더 시간이 필요하다고 한다				
QUEST_LV_0500_20210115_000504	Iniciar la investigación (2)	조사 개시(2)				
QUEST_LV_0500_20210115_000505	Nos vemos en Randoluma Rest Place	란돌루마 쉼터에서 만나자고 한다				
QUEST_LV_0500_20210115_000506	Iniciar la investigación (3)	조사 개시(3)				
QUEST_LV_0500_20210115_000507	Me dirigiré a la autopista Adata.	아다타 가도로 향하겠다고 한다				
QUEST_LV_0500_20210115_000508	vendré después de hacer otra cosa	다른 일을 먼저 하고 오겠다고 한다				
QUEST_LV_0500_20210115_000509	Su propósito es	그들의 목적은				
QUEST_LV_0500_20210115_000510	Investigaré el área talada de Malkos.	말코스 벌목지를 조사하겠다고 한다				
QUEST_LV_0500_20210115_000511	Instalación Minera de Bosques de los Puentes Vinculados	덧댄다리 숲의 채굴 시설				
QUEST_LV_0500_20210115_000512	La recuperación de Orsha es lo primero, lucharemos juntos.	오르샤의 회복이 우선이니 함께 싸우겠다고 한다				
QUEST_LV_0500_20210115_000513	No quiero involucrarme con los dioses.	더는 신들과 엮이고 싶지 않다고 한다				
QUEST_LV_0500_20210115_000514	Para proteger a Orsha	오르샤를 수호하기 위해				
QUEST_LV_0500_20210115_000515	Detendré a los monstruos que se dirigen a Orsha.	오르샤로 가는 마족들을 저지하겠다고 한다				
QUEST_LV_0500_20210115_000516	Me encargaré primero del trabajo de otro lugar.	다른 곳의 일을 우선 처리하겠다고 한다				
QUEST_LV_0500_20210115_000517	Investigar grieta	균열 조사				
QUEST_LV_0500_20210115_000518	Estaba a punto de ir a Gyvenimo Crossroads.	지베니 대로로 갈 참이었다고 한다				
QUEST_LV_0500_20210115_000519	Me encargaré primero del trabajo de otro lugar.	다른 곳의 일을 먼저 해결하겠다고 한다				
QUEST_LV_0500_20210115_000520	Fuente de magia	마력의 근원지				
QUEST_LV_0500_20210115_000521	Iré a la Granja Morku	모르꼬스 농장으로 갈 생각이라고 한다				
QUEST_LV_0500_20210115_000522	Necesito algo de tiempo para reorganizar	지금은 재정비가 필요하다고 한다				
QUEST_LV_0500_20210115_000523	Destruye el cristal negro	검은 수정 파괴				
QUEST_LV_0500_20210115_000524	Usa la bendición de la diosa Lada	라다 여신의 축복을 사용한다				
QUEST_LV_0500_20210115_000525	Para ya que parece peligroso.	위험해 보이니 그만둔다				
QUEST_LV_0500_20210115_000526	Otro cristal negro	또 다른 검은 수정				
QUEST_LV_0500_20210115_000527	Investiga la grieta	균열을 조사한다				
QUEST_LV_0500_20210115_000528	Haz otro trabajo por ahora	지금은 다른 일을 한다				
QUEST_LV_0500_20210115_000529	Destruye el último Cristal Negro	마지막 검은 수정 파괴				
QUEST_LV_0500_20210115_000530	Ataca el cristal negro	검은 수정을 공격한다				
QUEST_LV_0500_20210115_000531	Para ya que es peligroso	위험하니 그만둔다				
QUEST_LV_0500_20210115_000532	El propósito del espectador	주시자의 목적				
QUEST_LV_0500_20210115_000533	El enemigo puede resultar dañado destruyendo el almacén de Mirtinas.	머티니스 저장소를 파괴하면 적에게 큰 타격을 줄 수 있다고 한다				
QUEST_LV_0500_20210115_000534	primero lo reorganizaré	우선 재정비를 하겠다고 한다				
QUEST_LV_0500_20210115_000535	Fuerzas que ocuparon el cruce de Paupys (1)	파우피스 나루를 점거한 세력들(1)				
QUEST_LV_0500_20210115_000536	Quiero saber sobre el cruce de Paupys.	파우피스 나루의 상황을 듣고 싶다고 한다				
QUEST_LV_0500_20210115_000537	Hay un problema más emergente	보다 더 급한 일이 있다고 한다				
QUEST_LV_0500_20210115_000538	Fuerzas que ocuparon el cruce de Paupys (2)	파우피스 나루를 점거한 세력들(2)				
QUEST_LV_0500_20210115_000539	Derrotaré a los demonios que atacaron a Orsha.	오르샤를 공격한 마족들을 처치하겠다고 한다				
QUEST_LV_0500_20210115_000540	Tengo que correr a otro lugar ahora mismo.	지금은 급히 가봐야 할 곳이 있다고 한다				
QUEST_LV_0500_20210115_000541	Fuerzas que ocuparon el cruce de Paupys (3)	파우피스 나루를 점거한 세력들(3)				
QUEST_LV_0500_20210115_000542	La sugerencia de Ragana	라가나의 제안				
QUEST_LV_0500_20210115_000543	Iré a investigar en el acantilado de Rohonsa.	로혼사 절벽을 조사하러 가겠다고 한다				
QUEST_LV_0500_20210115_000544	necesito tomar un descanso	쉬어야겠다고 한다				
QUEST_LV_0500_20210115_000545	La sugerencia de Baiga	바이가의 제안				
QUEST_LV_0500_20210115_000546	pregunta el propósito	목적을 묻는다				
QUEST_LV_0500_20210115_000547	Deja el lugar.	묵묵히 자리를 떠난다				
QUEST_LV_0500_20210115_000548	Pregunta por la Raíz del Árbol Divino	신수의 뿌리에 대해 묻는다				
QUEST_LV_0500_20210115_000549	El paradero de Mirtinas (1)	머티니스의 행방(1)				
QUEST_LV_0500_20210115_000550	Mientras tanto, investigaré la grieta de Mirtinas cercana.	그동안 근처의 머티니스 균열을 조사하겠다고 한다				
QUEST_LV_0500_20210115_000551	Hay otras cosas que hacer, así que descansa.	마침 다른 일이 있으니 쉬고 있으라고 한다				
QUEST_LV_0500_20210115_000552	El paradero de Mirtinas (2)	머티니스의 행방(2)				
QUEST_LV_0500_20210115_000553	Iré primero a la autopista Gatves.	먼저 갓베스 가도로 가겠다고 한다				
QUEST_LV_0500_20210115_000554	No hay necesidad de apresurarse	서두를 필요가 없다고 한다				
QUEST_LV_0500_20210115_000555	El paradero de Mirtinas (3)	머티니스의 행방(3)				
QUEST_LV_0500_20210115_000556	es una buena idea	좋은 의견이라고 한다				
QUEST_LV_0500_20210115_000557	No es una buena idea.	좋지 않은 생각이라고 한다				
QUEST_LV_0500_20210115_000558	[Semanal] Aniquilación - Monstruo tipo mutante	[주간] 섬멸 - 변이형 몬스터				
QUEST_LV_0500_20210115_000559	[Semanal] Aniquilación: insecto, diablo, monstruo tipo planta	[주간] 섬멸 - 곤충, 악마, 식물형 몬스터				
QUEST_LV_0500_20210115_000560	[Semanal] Aniquilación - Monstruo tipo bestia	[주간] 섬멸 - 야수형 몬스터				
QUEST_LV_0500_20210115_000561	[Semanal] Aniquilación - Monstruo de gran tamaño	[주간] 섬멸 - 대형 몬스터				
QUEST_LV_0500_20210115_000562	[Semanal] Aniquilación - Monstruo de tamaño mediano	[주간] 섬멸 - 중형 몬스터				
QUEST_LV_0500_20210115_000563	[Semanal] Aniquilación - Monstruo de tamaño pequeño	[주간] 섬멸 - 소형 몬스터				
QUEST_LV_0500_20210115_000564	[Semanal] Aniquilación - Orsha Purify	[주간] 섬멸 - 오르샤 정화				
QUEST_LV_0500_20210115_000565	[Semanal] Conquista - Restos de Bernice	[주간] 정복 - 베르니케 파편 던전				
QUEST_LV_0500_20210115_000566	[Semanal] Conquista - Mazmorra de asistentes	[주간] 정복 - 어시스터 던전				
QUEST_LV_0500_20210115_000567	[Semanal] Conquista - Caza única	[주간] 정복 - 1인 레이드				
QUEST_LV_0500_20210115_000568	[Semanal] Conquista - Incursión de leyenda	[주간] 정복 - 레전드 레이드				
QUEST_LV_0500_20210115_000569	[Semanal] Conquista - Incursión semanal contra jefes	[주간] 정복 - 주간 보스 레이드				
QUEST_LV_0500_20210115_000570	[Semanal] Punta de lanza - Incursión de ataque conjunto	[주간] 선봉 - 협동전				
QUEST_LV_0500_20210115_000571	[Semanal] Punta de lanza - Nivel de mazmorra	[주간] 선봉 - 레벨 던전				
QUEST_LV_0500_20210115_000572	[Semanal] Punta de lanza - Desafío	[주간] 선봉 - 챌린지				
QUEST_LV_0500_20210115_000573	[Semanal] Punta de lanza - Singularidad de la división	[주간] 선봉 - 분열 특이점				
QUEST_LV_0500_20210115_000574	[Diario] Recuperación - Estanque de Lemprasa	[일일] 수복 - 렘파라사 연못				
QUEST_LV_0500_20210115_000575	[Diario] Recuperación - Bosques de los Puentes Vinculados	[일일] 수복 - 덧댄다리 숲				
QUEST_LV_0500_20210115_000576	[Diario] Recuperación - Cruce de Paupys	[일일] 수복 - 파우피스 나루				
QUEST_LV_0500_20210115_000577	[Diario] Recuperación - Bosque Issaugoti	[일일] 수복 - 이사우고티 숲				
QUEST_LV_0500_20210115_000578	[Diario] Recuperación - Bosque Kirtimas	[일일] 수복 - 키르티마스 숲				
QUEST_LV_0500_20210115_000579	[Diario] Recuperar - Estanque de Lemprasa	[일일] 회수 - 렘파라사 연못				
QUEST_LV_0500_20210115_000580	[Diario] Recuperar - Bosques de los Puentes Enlazados	[일일] 회수 - 덧댄다리 숲				
QUEST_LV_0500_20210115_000581	[Diario] Recuperar - Cruce de Paupys	[일일] 회수 - 파우피스 나루				
QUEST_LV_0500_20210115_000582	[Diario] Recuperar - Bosque Issaugoti	[일일] 회수 - 이사우고티 숲				
QUEST_LV_0500_20210115_000583	[Diario] Recuperar - Bosque Kirtimas	[일일] 회수 - 키르티마스 숲				
QUEST_LV_0500_20210115_000584	[Repetición] Salvación - World Purify	[반복] 구원 - 세계 정화				
QUEST_LV_0500_20210115_000585	[Repetición] Salvación - Incursión de leyenda	[반복] 구원 - 레전드 레이드				
QUEST_LV_0500_20210115_000586	[Repetición] Salvación - Desafío	[반복] 구원 - 챌린지				
QUEST_LV_0500_20210115_000587	Preparación anticipada	사전 준비				
QUEST_LV_0500_20210115_000588	En busca de medios	방법을 찾아서				
QUEST_LV_0500_20210115_000589	alguien me viene a la mente	생각나는 사람이 있다고 한다.				
QUEST_LV_0500_20210115_000590	No estoy seguro	잘 모르겠다고 한다.				
QUEST_LV_0500_20210115_000591	Almacenamiento Mirtinas	머티니스 저장소				
QUEST_LV_0500_20210115_000592	Saldré enseguida al bosque de Issaugoti.	이사우고티 숲으로 바로 출발하겠다고 한다.				
QUEST_LV_0500_20210115_000593	Divide y vencerás (1)	이이제이(1)				
QUEST_LV_0500_20210115_000594	Por favor espera un poco	잠시만 기다려달라고 한다.				
QUEST_LV_0500_20210115_000595	Divide y vencerás (2)	이이제이(2)				
QUEST_LV_0500_20210115_000596	Lo entregaré y lo devolveré.	전달하고 오겠다고 한다.				
QUEST_LV_0500_20210115_000597	Todavía hay algunas cosas por hacer.	아직 할 것이 남았다고 한다.				
QUEST_LV_0500_20210115_000598	Divide y vencerás (3)	이이제이(3)				
QUEST_LV_0500_20210115_000599	Divide y vencerás (4)	이이제이(4)				
QUEST_LV_0500_20210115_000600	Revisaré el almacenamiento de Mirtinas.	머티니스 저장소를 살펴보고 오겠다고 한다.				
QUEST_LV_0500_20210115_000601	aún no es el momento	아직 때가 아닌 것 같다고 한다.				
QUEST_LV_0500_20210115_000602	Divide y vencerás (5)	이이제이(5)				
QUEST_LV_0500_20210115_000603	Explosión	발파				
QUEST_LV_0500_20210115_000604	Mirtinas extintas (1)	소멸한 머티니스(1)				
QUEST_LV_0500_20210115_000605	Mirtinas extintas (2)	소멸한 머티니스(2)				
QUEST_LV_0500_20210115_000606	Mirtinas extintas (3)	소멸한 머티니스(3)				
QUEST_LV_0500_20210115_000607	Mirtinas extintas (4)	소멸한 머티니스(4)				
QUEST_LV_0500_20210115_000608	Iré a contarlo.	전하러 가겠다고 한다.				
QUEST_LV_0500_20210115_000609	Todavía tengo cosas que hacer aquí.	아직 이곳에 볼일이 남았다고 한다.				
QUEST_LV_0500_20210115_000610	Mirtinas extintas (5)	소멸한 머티니스(5)				
QUEST_LV_0500_20210115_000611	Amenaza sin fin	끝나지 않은 위협				
QUEST_LV_0500_20210115_000612	Reconstrucción del Reino	왕국 재건단				
QUEST_LV_0500_20210115_000613	Patrocinaré y ayudaré a la Reconstrucción Real.	왕국 재건단을 후원하고 돕겠다고 한다				
QUEST_LV_0500_20210115_000614	no puedo creerte	당신들을 믿을 수 없다고 한다				
QUEST_LV_0500_20210115_000615	Conoce a la Diosa Laima en el Santuario de Laima	라이마의 성소에서 라이마를 만나기				
QUEST_LV_0500_20210115_000616	Conoce a la Diosa Laima en el Santuario de Laima	라이마의 성소에서 라이마를 만나세요				
QUEST_LV_0500_20210115_000617	Acércate al Altar	제단으로 다가가기				
QUEST_LV_0500_20210115_000618	Has entrado al Santuario de Laima{nl}Paso cerca del Altar	라이마의 성소 내부로 들어왔습니다{nl}제단으로 다가가세요				
QUEST_LV_0500_20210115_000619	Realizar una investigación en el Bosque de la Bruja Blanca (Único).	하얀 마녀의 숲(유니크)에서 조사를 진행하기.	QUEST_LV_0500_20200710_000193	Conduct an investigation in the White Witch's Forest.	하얀 마녀의 숲에서 조사를 진행하기.	
QUEST_LV_0500_20210115_000620	Encuentra al Señor de Orsha Inesa Hamondale	오르샤의 영주 이네사 헤먼데일을 찾아가기				
QUEST_LV_0500_20210115_000621	Ocurrió un accidente en Orsha{nl}El Señor de Orsha Inesa Hamondale te busca a ti y a otros Reveladores para pedir ayuda urgente	오르샤에 이변이 일어났습니다{nl}오르샤의 영주인 이네사 헤먼데일은 계시자들을 비롯한 당신에게 급한 도움을 부탁하기 위해 당신을 찾고 있습니다				
QUEST_LV_0500_20210115_000622	Ocurrió un accidente en Orsha{nl}El Señor de Orsha Inesa Hamondale te busca a ti y a otros Reveladores para pedir ayuda urgente	오르샤에 이변이 일어났습니다{nl}오르샤의 영주인 이네사 헤먼데일은 계시자들을 비롯한 당신에게 급한 도움을 부탁하기 위해 당신을 찾고있습니다				
QUEST_LV_0500_20210115_000623	Ocurrió un accidente en Orsha{nl}El Señor de Orsha Inesa Hamondale te busca a ti y a otros Reveladores para pedir ayuda urgente	오르샤에 이변이 일어났습니다{nl}오르샤의 영주인 이네사 헤먼데일은 계시자들을 비롯, 당신에게 급한 도움을 부탁하기 위해 당신을 찾고있습니다				
QUEST_LV_0500_20210115_000624	Conoce a la Diosa Lada en el Santuario de Laima{nl}Puedes trasladarte al Santuario de Laima junto a la Estatua de la Diosa en Klaipeda, Orsha y Fedimian.	라이마의 성소에서 라다 여신을 만나기{nl}라이마의 성소는 클라페다, 오르샤, 페디미안의 여신상으로 이동할 수 있습니다				
QUEST_LV_0500_20210115_000625	El Señor de Orsha, Inesa Hamondale, dijo que deberías ir al Santuario de Laima ya que hay un ser buscándote antes de la batalla{nl}Muévete al Santuario de Laima junto a la Estatua de la Diosa en Klaipeda, Orsha y Fedimian.	이네사 헤먼데일은 본격적인 전투에 앞서, 당신을 찾는 존재가 있으니 라이마의 성소로 가보라고 합니다{nl}클라페다, 오르샤, 페디미안의 여신상을 이용해 라이마의 성소로 이동하세요				
QUEST_LV_0500_20210115_000626	Encuentra a la diosa Lada en el estanque de Lemprasa.	렘파라사 연못에서 라다 여신을 찾기				
QUEST_LV_0500_20210115_000627	La Diosa Lada está esperando en el Estanque Lemprasa{nl}Habla con la Diosa Lada en el Estanque Lemprasa	라다 여신은 렘파라사 연못에서 기다리고 있습니다{nl}렘파라사 연못에서 라다 여신과 대화하세요				
QUEST_LV_0500_20210115_000628	Habla con la Diosa Lada	라다 여신과 대화하기				
QUEST_LV_0500_20210115_000629	Habla con la Diosa Lada para saber qué hacer aquí.	이곳에서 해야 할 일을 찾기 위해 라다 여신과 대화하세요				
QUEST_LV_0500_20210115_000630	Derrota a los demonios que te rodean y consigue los productos que los demonios están recolectando.	주변의 마족을 처치하여 마족이 모으고 있는 물건을 찾아오기				
QUEST_LV_0500_20210115_000631	La diosa Lada pidió derrotar a los demonios que la rodean y descubrir qué están recolectando los demonios en Orsha.	라다 여신은 주변의 마족을 처치하고 마족들이 오르샤 일대에서 모으고 있는 것을 알아 와 주길 부탁했습니다				
QUEST_LV_0500_20210115_000632	Obtuviste mineral no identificado que se supone que es el producto que los demonios están recolectando{nl}Llévaselo a la Diosa Lada y muéstrale la sustancia no identificada.	마족이 모으고 있는 물건으로 추정되는 정체불명의 광석을 획득했습니다{nl}라다 여신에게 가져가 정체불명의 물질을 보여주세요				
QUEST_LV_0500_20210115_000633	Después de derrotar a los demonios, encontré mineral no identificado de los demonios{nl}El mineral parece peligroso de un vistazo{nl}Llévalo a la Diosa Lada y pregúntale qué es.	마족들을 처치하자 그들의 소지품 속에서 정체불명의 광석을 발견했습니다{nl}한 눈에 보기에도 위험해 보이는 광석입니다{nl}라다 여신에게 가져가 정체를 물어보세요				
QUEST_LV_0500_20210115_000634	Objetivo obtenido después de derrotar a %s.	%s 처치 후 목표 획득				
QUEST_LV_0500_20210115_000635	Pregúntale a la Diosa Lada qué hacer a continuación	라다 여신에게 다음 해야 할 일에 관해 물어보세요				
QUEST_LV_0500_20210115_000636	Ayuda a la Diosa Lada a interrogar a los demonios en Randoluma Rest Place.	란돌루마 쉼터에서 라다 여신의 마족 심문을 돕기				
QUEST_LV_0500_20210115_000637	La diosa Lada dijo que se aprovechara de los demonios para revelar los planes de los demonios que invadieron Orsha{nl}Investigar demonios en la esquina del lugar de descanso de Randoluma.	라다 여신은 오르샤를 침공한 마족들의 계획을 밝히기 위해 마족들을 이용하자고 합니다{nl}란돌루마 쉼터의 외진 곳에서 마족들을 조사하세요				
QUEST_LV_0500_20210115_000638	Después de derrotar a los demonios, la Diosa Lada lee los recuerdos a través del alma del demonio{nl}Pregúntale qué ha descubierto.	마족들을 처치하고 라다 여신이 마족의 영혼을 통해 기억을 읽어냈습니다{nl}라다 여신이 무엇을 알아냈는지 물어보세요				
QUEST_LV_0500_20210115_000639	La Diosa Lada está sumida en sus pensamientos{nl}Pregúntele a la Diosa Lada qué leyó del alma de los demonios.	라다 여신이 생각에 잠겨 있습니다{nl}라다 여신에게 마족들의 영혼으로부터 읽은 기억이 무엇인지 물어보세요				
QUEST_LV_0500_20210115_000640	Recoge el alma de los demonios y llévala a la Diosa Lada en Adata Highway.	마족들의 영혼을 모아 아다타 가도에 있는 라다 여신에게 가져가기				
QUEST_LV_0500_20210115_000641	La Diosa Lada ha leído la energía de Beholder del alma de los demonios{nl}Ahora que la situación se volvió más seria debido a que Beholder está involucrado, la Diosa Lada necesita más información{nl}Derrota a los demonios en Adata Highway y usa la bendición de la Diosa Lada para el alma del demonio restante, luego el alma del demonio se purificará y la Diosa Lada podrá leer la memoria.	라다 여신은 마족들의 영혼으로부터 주시자의 기운을 읽었습니다{nl}주시자가 엮여 있는 만큼 더 심각해진 상황에 라다 여신은 더 많은 정보가 필요하다고 합니다{nl}아다타 가도에서 마족을 처치하고 잔류한 마족의 영혼에 라다 여신의 축복을 사용하면, 마족의 영혼이 정화되어 라다 여신이 영혼의 기억을 읽을 수 있습니다				
QUEST_LV_0500_20210115_000642	Pregúntale a la Diosa Lada sobre los resultados.	라다 여신에게 결과를 묻기				
QUEST_LV_0500_20210115_000643	Purificó suficientes demonios y los envió a la Diosa Lada{nl}Encuentra a la Diosa Lada y pregúntale si descubrió algo.	충분한 마족의 영혼을 정화했고 라다 여신에게 보냈습니다{nl}라다 여신에게 찾아가 알아낸 게 있는지 물어보세요				
QUEST_LV_0500_20210115_000644	Habla con la Diosa Lada sobre el próximo objetivo.	라다 여신과 다음 목표에 관해 이야기하세요				
QUEST_LV_0500_20210115_000645	La Diosa Lada descubrió el propósito de Beholder a partir de la memoria del demonio{nl}Habla con la Diosa Lada sobre el próximo objetivo.	라다 여신은 마족의 기억으로부터 주시자의 목적을 알아냈습니다{nl}라다 여신과 다음 목표에 관해 이야기하세요				
QUEST_LV_0500_20210115_000646	Investiga la grieta no identificada en el área talada de Malkos	말코스 벌목지에서 정체불명의 균열을 조사하기				
QUEST_LV_0500_20210115_000647	Por otro lado, la diosa Lada dijo que había presenciado una extraña grieta en la memoria del demonio {nl}Dado que la Diosa Lada se dirigió primero al Bosque de Linked Bridges, si encuentras algo después de investigar el Área Talada de Malkos, ve al Bosque de Linked Bridge y entrégaselo a la Diosa Lada.	라다 여신은 한편으로, 마족의 기억으로부터 낯선 균열을 목격했다고 한다{nl}라다 여신은 먼저 덧댄다리 숲으로 향했으니 말코스 벌목지를 조사 후 무엇이든 발견하면 덧댄다리 숲에서 라다 여신을 만나 건네주자				
QUEST_LV_0500_20210115_000648	Conoce a la diosa Lada en el bosque de los puentes vinculados	덧댄다리 숲에서 라다 여신을 만나기				
QUEST_LV_0500_20210115_000649	Derrotó al Liepsna Firebug que apareció mientras investigaba la grieta y arrancó parte del cristal en la cabeza del Liepsna Firebug {nl}Ve con la Diosa Lada y muéstrale	정체불명의 균열을 조사 중 나타난 리프스나 파이어버그를 처치했고, 리프스나 파이어버그의 머리에 솟아난 수정을 일부 떼어냈습니다{nl}라다 여신에게 가져가 보여주는 게 좋겠습니다				
QUEST_LV_0500_20210115_000650	Pruebas obtenidas tras investigar la zona talada de Malkos	말코스 벌목지 조사 후 증거 획득				
QUEST_LV_0500_20210115_000651	%s invadidos derrotados	습격한 %s 처치				
QUEST_LV_0500_20210115_000652	Escuche los planos de Woods of Linked Bridge de la mano de la Diosa Lada	라다 여신에게 덧댄 다리 숲에서의 계획을 듣기				
QUEST_LV_0500_20210115_000653	Llegué a Woods of Linked Bridges de manera segura{nl}Parece que la Diosa Lada vino a escuchar antes y observó la situación de Woods of Linked Bridges{nl}Pregúntale a la Diosa Lada sobre la pieza de cristal que trajiste y lo que ella vio.	무사히 덧댄다리 숲에 도착했습니다{nl}라다 여신은 앞서 이곳에 와서 덧댄다리 숲의 정황을 살핀 듯합니다{nl}당신이 가져온 수정 조각에 대한 것과 라다 여신이 무엇을 봤는지 물어보세요				
QUEST_LV_0500_20210115_000654	Parece que hay más grietas en el Bosque de Puentes Enlazados que en el Estanque de Lemprasa{nl}Los demonios todavía estaban extrayendo las Mirtinas de la grieta emitiendo luz y humo{nl}Habla con la Diosa Lada	덧댄다리 숲에는 렘파라사 연못에서 보았던 균열이 더 많아 보입니다{nl}여전히 빛과 연기를 뿜어내는 균열 속에서 마족들이 머티니스를 채굴 중이었습니다{nl}라다 여신과 대화하세요				
QUEST_LV_0500_20210115_000655	Decidieron mudarse juntos debido a su misión de protección de Orsha y la Diosa Lada tuvo que lidiar con el pasado.	라다 여신은 과거 일로, 당신은 오르샤 수호의 임무로 함께 움직이기로 했습니다{nl}라다 여신에게 계획을 물어보세요				
QUEST_LV_0500_20210115_000656	Derrota a los demonios de Access Road en el bosque de Linked Bridges.	덧댄다리 숲 진입로의 마족 처치				
QUEST_LV_0500_20210115_000657	Debes derrotar a los demonios para evitar que los demonios del Bosque de los Puentes Enlazados se trasladen al Estanque de Lemprasa.	당신은 덧댄다리 숲의 마족들이 렘파라사 연못으로 이동하는 걸 저지하기 위해 마족들을 처치해야 합니다				
QUEST_LV_0500_20210115_000658	Regreso a la Diosa Lada	라다 여신에게 돌아가기				
QUEST_LV_0500_20210115_000659	Elimina algunos de los demonios cerca del pasaje que conecta el Bosque de los Puentes Vinculados y el Estanque Lemprasa{nl}Regresa a la Diosa Lada	덧댄다리 숲과 렘파라사 연못이 이어진 통로 부근 마족들을 일부 정리했습니다{nl}라다 여신에게 돌아가세요				
QUEST_LV_0500_20210115_000660	Derrota a los demonios de Access Road.	진입로의 마족 처치				
QUEST_LV_0500_20210115_000661	Camino de acceso despejado al estanque de Lemprasa{nl}Tienes que derrotar a los demonios del Bosque de los Puentes Enlazados y preguntarle a la Diosa Lada si ella está en el mismo camino.	렘파라사 연못으로 가는 진입로는 정리했습니다{nl}당신은 이제 덧댄 다리 숲의 마족들을 소탕해야 하며, 라다 여신에게 가는 길이 같을지 이야기해 보세요				
QUEST_LV_0500_20210115_000662	Investiga las Mirtinas Crevis de Gyvenimo Crossroads	지베니 대로의 머티니스 균열 조사하기				
QUEST_LV_0500_20210115_000663	La Diosa Lada dice que se dirige a Gyvenimo Crossroads para recuperar a Mirtinas{nl}También debes pasar allí para ir al lugar más profundo de el Bosque de los Puentes Enlazados{nl}Vale la pena investigar ya que Mirtinas Crevice está allí.	라다 여신은 머티니스 회수를 위해 지베니 대로로 향한다고 합니다{nl}당신 역시, 덧댄다리 숲의 깊은 곳으로 들어가기 위해서는 그곳을 지나야만 합니다{nl}마침 그곳에는 머티니스 균열이 있으니 조사할 가치가 있습니다				
QUEST_LV_0500_20210115_000664	Encuentra a la Diosa Lada en la parte superior de Gyvenimo Crossroads.	지베니 대로 위쪽에서 라다 여신을 만나기				
QUEST_LV_0500_20210115_000665	La grieta de Mirtinas investigada{nl}La diosa Lada también llegó a la parte superior de Gyvenimo Crossroads{nl}Conoce a la diosa Lada.	머티니스 균열을 조사했습니다{nl}마침 라다 여신도 지베니 대로 위쪽에 도착했습니다{nl}라다 여신을 만나세요				
QUEST_LV_0500_20210115_000666	Pregúntale a la Diosa Lada sobre la magia.	라다 여신에게 마력의 정체에 관해 묻기				
QUEST_LV_0500_20210115_000667	La Diosa Lada dijo que la magia que derrite la grieta es la magia del Espectador{nl}Escuche la historia de la Diosa más	라다 여신은 균열을 녹이고 있는 마력의 정체가 주시자의 마력이라고 했습니다{nl}라다 여신의 이야기를 더 들어보세요				
QUEST_LV_0500_20210115_000668	Cruza el puente Bulvytes y encuentra la fuente de la magia en Morku Farm	부뷜비떼 다리를 건너 모르꼬스 농장에서 마력의 근원지를 찾기				
QUEST_LV_0500_20210115_000669	La Diosa Lada dice que es necesario encontrar y destruir la fuente de la magia para detener la extracción de Mirtinas{nl}Parece que la fuente de la magia se puede encontrar usando la bendición que la Diosa Lada había dejado caer.	라다 여신은 머티니스 채굴을 막기 위해 마력의 근원지를 찾아 파괴할 필요가 있다고 합니다{nl}라다 여신이 떨어뜨린 축복으로 마력의 근원지를 찾을 수 있을 듯합니다				
QUEST_LV_0500_20210115_000670	Comprueba el cristal negro del espectador	주시자의 검은 수정을 확인하기				
QUEST_LV_0500_20210115_000671	El Cristal Negro del Espectador se puede encontrar usando la bendición de la Diosa Lada{nl}Míralo si se puede destruir.	라다 여신의 축복을 이용해 주시자의 검은 수정을 찾을 수 있었습니다{nl}파괴가 가능할지 살펴보세요				
QUEST_LV_0500_20210115_000672	Destruye el cristal negro del espectador	주시자의 검은 수정을 파괴하기				
QUEST_LV_0500_20210115_000673	Destruye el Cristal Negro usando la Bendición de la Diosa Lada	라다 여신의 축복을 사용해 검은 수정을 파괴하기				
QUEST_LV_0500_20210115_000674	Compruebe la grieta de Mirtinas	머티니스 균열을 확인하기				
QUEST_LV_0500_20210115_000675	La Bendición de la Diosa Lada logró destruir el Cristal Negro del Espectador{nl}Comprueba si la Grieta de Mirtinas está endurecida.	라다 여신의 축복이 주시자의 검은 수정을 파괴하는 데 성공했습니다{nl}머티니스 균열이 굳었는지 확인해보세요				
QUEST_LV_0500_20210115_000676	Investiga de nuevo la grieta de Mirtinas.	머티니스 균열을 다시 조사하기				
QUEST_LV_0500_20210115_000677	Aunque el Cristal Negro fue destruido en la Granja Morku, la Grieta de Mirtinas en el Cruce de Gyvenimo todavía está hirviendo{nl}Debe haber otro Cristal Negro{nl}Investiga la Grieta de Mirtinas y obtén una pista.	모르꼬스 농장에서 주시자의 검은 수정을 파괴했지만 지베니 대로의 머티니스 균열은 여전히 끓고 있었습니다{nl}다른 검은 수정이 있는 게 분명합니다{nl}머티니스 균열을 조사해 단서를 얻으세요				
QUEST_LV_0500_20210115_000678	Usa la bendición de la diosa Lada en Bonan Forest Road para encontrar el cristal negro del espectador	보난 숲길에서 라다 여신의 축복을 사용해 주시자의 검은 수정 찾기				
QUEST_LV_0500_20210115_000679	Todavía puedo sentir la magia impregnando la Grieta de Mirtinas{nl}Busca el Cristal Negro del Espectador en Bonan Forest Road, donde aún no has investigado.	머티니스 균열로 스며드는 마력이 여전히 느껴집니다{nl}아직 조사하지 않은 보난 숲길에서 주시자의 검은 수정을 찾아보세요				
QUEST_LV_0500_20210115_000680	Encontré el Cristal Negro del Espectador en Bonan Forest Road{nl}Usa la Bendición de la Diosa Lada nuevamente y destruye el Cristal Negro del Espectador.	보난 숲길에서 주시자의 검은 수정을 찾아냈습니다{nl}다시 라다 여신의 축복을 사용하여 주시자의 검은 수정을 파괴하세요				
QUEST_LV_0500_20210115_000681	Destruye el cristal negro	검은 수정을 파괴하기				
QUEST_LV_0500_20210115_000682	A pesar de que la Bendición de la Diosa Lada se ha ido, tenemos que destruir el Cristal Negro.	라다 여신의 축복을 잃었지만, 어떻게든 주시자의 검은 수정을 파괴해야만 합니다{nl}주시자의 검은 수정을 파괴하세요				
QUEST_LV_0500_20210115_000683	Derrota a los demonios invadidos	습격한 마족들을 처치하기				
QUEST_LV_0500_20210115_000684	La Diosa Lada está a punto de destruir el Cristal Negro del Espectador para evitar que las Mirtinas extraigan{nl}Derrota a los demonios que invadieron Orsha.	라다 여신은 머티니스 채굴을 막기 위해 주시자의 검은 수정을 파괴할 생각입니다{nl}당신은 오르샤를 침공한 마족들을 처리하세요				
QUEST_LV_0500_20210115_000685	Mientras derrotabas a los demonios que invadieron Orsha, la Diosa Lada parece haber logrado su objetivo{nl}Habla con la Diosa Lada	당신이 오르샤를 침공한 마족들을 상대하는 동안 라다 여신은 자신의 목표를 이룬 듯합니다{nl}라다 여신과 대화하세요				
QUEST_LV_0500_20210115_000686	Habla con la diosa Lada	라다 여신과 대화하세요				
QUEST_LV_0500_20210115_000687	La Diosa Lada logró destruir el último Cristal Negro{nl}Habla con la Diosa Lada	라다 여신이 마지막 검은 수정을 파괴하는 데 성공했습니다{nl}라다 여신과 이야기하세요				
QUEST_LV_0500_20210115_000688	Subir por el Camino Forestal de Bonan para llegar al Cruce de Paupys	파우피스 나루로 가기 위해 보난 숲길의 윗길로 올라가기				
QUEST_LV_0500_20210115_000689	Deberíamos encontrar el Almacenamiento de Mirtinas y destruirlo con el propósito de recuperar Mirtinas en el caso de la Diosa Lada, y derrotar los planes de los demonios en el caso del tuyo{nl}Deberíamos dirigirnos al cruce de Paupys para adentrarnos en el bosque.	머티니스 저장소를 찾아 라다 여신은 머티니스의 회수를 위해, 당신은 마족의 목적을 무산시키기 위해 파괴해야합니다{nl}숲 깊이 들어가기 위해 지금은 파우피스 나루로 향해야 합니다				
QUEST_LV_0500_20210115_000690	Deberíamos encontrar el Almacenamiento de Mirtinas y destruirlo con el propósito de recuperar Mirtinas en el caso de la Diosa Lada, y derrotar los planes de los demonios en el caso del tuyo{nl}Deberíamos dirigirnos al cruce de Paupys para adentrarnos en el bosque.	머티니스 저장소를 찾아 라다 여신은 머티니스의 회수를 위해, 당신은 마족의 목적을 무산시키기 위해 파괴해야 합니다{nl}숲 깊이 들어가기 위해 지금은 파우피스 나루로 향해야 합니다				
QUEST_LV_0500_20210115_000691	Derrota a Darbas Smasher	다르바스 스매셔 처치				
QUEST_LV_0500_20210115_000692	Fuerzas que ocuparon el cruce de Paupys	파우피스 나루를 점거한 세력들				
QUEST_LV_0500_20210115_000693	Conoce a la Diosa Lada en Paupys Crossing	파우피스 나루에서 라다 여신을 만나기				
QUEST_LV_0500_20210115_000694	La Diosa Lada persiguió al Espectador desaparecido{nl}Debe haber ido al lado más profundo del bosque, ir al cruce de Paupys y encontrarse con la Diosa Lada.	사라진 주시자를 라다 여신이 쫓아갔습니다{nl}숲의 더 깊은 곳으로 갔을 테니 파우피스 나루로 가서 라다 여신을 만나세요				
QUEST_LV_0500_20210115_000695	Habla con la diosa Lada	라다 여신과 이야기하기				
QUEST_LV_0500_20210115_000696	Los demonios se enfrentan en Paupys Crossing{nl}Habla con la Diosa Lada	파우피스 나루에는 마족들끼리 서로 대치 중입니다{nl}라다 여신과 이야기하세요				
QUEST_LV_0500_20210115_000697	Diosa Lada contó sobre la situación en Paupys Crossing {nl}Hable con Diosa Lada sobre lo que debe hacer cada uno de ustedes.	파우피스 나루의 상황을 라다 여신으로부터 들었습니다{nl}여기서부터 각자 할 일이 무엇일지 라다 여신과 이야기하세요				
QUEST_LV_0500_20210115_000698	Derrota a los demonios en el cruce vacío y obtén el símbolo de superior.	인적없는 나루터에서 마족들을 처치하고 상급자의 증표 획득하기				
QUEST_LV_0500_20210115_000699	Debemos comprobar quién controla a los subordinados de Kartas{nl}Derrota al Guardián de la Biblioteca y recupera el Símbolo de Superior que poseen.	카르타스의 부하를 움직이는 존재가 누구인지 확인해야 합니다{nl}비블리오테카 키퍼를 처치하고 그들이 가지고 있는 상급자의 증표를 회수하세요				
QUEST_LV_0500_20210115_000700	Derrota al encargado de la biblioteca y obtén el símbolo de superior.	비블리오테카 키퍼를 처치하고 상급자의 증표 획득				
QUEST_LV_0500_20210115_000701	Derrota a los demonios en Paslaptis Hideout y obtén el símbolo de superior.	파슬랍 은거지에서 마족들을 처치하고 상급자의 징표를 얻기				
QUEST_LV_0500_20210115_000702	Derrotaste a los demonios en el cruce vacío y recogiste el símbolo del superior{nl}Derrota a los demonios que ocupan el escondite de Paslaptis y recoge el símbolo del superior de los demonios del escondite de Paslaptis.	인적 없는 나루터에서 마족들을 처치하고 상급자의 징표를 모았습니다{nl}파슬랍 은거지를 점거하고 있는 마족들을 처치하고 파슬랍 은거지 마족들의 상급자 징표를 모으세요				
QUEST_LV_0500_20210115_000703	Habla con la Diosa Lada que vino al escondite de Paslaptis.	파슬랍 은거지로 온 라다 여신과 이야기하세요				
QUEST_LV_0500_20210115_000704	Has recogido suficiente Símbolo del Superior de dos fuerzas{nl}Habla con la Diosa Lada que acaba de llegar al escondite de Paslaptis en el momento adecuado.	두 세력의 상급자 징표를 충분히 모았습니다{nl}마침 파슬랍 은거지로 온 라다 여신과 이야기하세요				
QUEST_LV_0500_20210115_000705	Derrotó a Vynmedis y obtuvo el Símbolo de Superior.	빈미디스를 처치하고 상급자의 징표 획득				
QUEST_LV_0500_20210115_000706	La Diosa Lada verificó que el Rey Demonio Baiga y el Dios Demonio Ragana son los que controlan a los demonios{nl}Sigue hablando con la Diosa Lada	라다 여신으로부터 마족들을 움직이고 있는 건 각각 마왕 바이가와 마신 라가나임을 확인했습니다{nl}라다 여신과 계속 이야기하세요				
QUEST_LV_0500_20210115_000707	Investigar sobre el acantilado de Rohonsa	로혼사 절벽을 조사하기				
QUEST_LV_0500_20210115_000708	Cualquiera que sea el propósito de Ragana y Baiga, no debemos dejar que las Mirtinas caigan en manos de los demonios{nl}Deberíamos investigar en Paupys Crossing para encontrar rápidamente el Almacenamiento de Mirtinas{nl}Investigar en Rohonsa Cliff	라가나와 바이가가 어떤 목적이든 머티니스가 마족의 손에 넘어가는 건 막아야 할 일입니다{nl}서둘러 머티니스 저장소를 찾기 위해 파우피스 나루를 조사해야 합니다{nl}로혼사 절벽을 조사하세요				
QUEST_LV_0500_20210115_000709	Sigue a la Diosa Lada y Ragana hasta la Atalaya.	라다 여신과 라가나를 쫓아 감시탑으로 가기				
QUEST_LV_0500_20210115_000710	Cuando Ragana desapareció, la Diosa Lada también desapareció para seguir a Ragana{nl}Deberíamos ir a la Atalaya ya que su energía desapareció en la Atalaya.	라가나가 사라지자 라다 여신이 쫓기 위해 사라졌습니다{nl}둘의 기운이 감시탑 쪽으로 사라졌으니 감시탑으로 쫓아가야 합니다				
QUEST_LV_0500_20210115_000711	Habla con Baiga	바이가와 대화하세요				
QUEST_LV_0500_20210115_000712	Aunque siguió a Ragana y a la Diosa Lada, era el Rey Demonio Baiga quien estaba en la Atalaya{nl}No hay idea de por qué Baiga está aquí, pero Baiga no parece haber venido a pelear, al menos por ahora{nl}Debería hablar mejor con Baiga.	라가나와 라다 여신을 쫓아왔지만 감시탑에서 만난 건 다름아닌 마왕 바이가였습니다{nl}바이가가 왜 이곳에 있는지는 모르지만, 적어도 지금 바이가는 싸울 생각이 있어 보이지 않습니다{nl}바이가와 대화를 해보는 게 좋겠습니다				
QUEST_LV_0500_20210115_000713	Aunque siguió a Ragana y a la Diosa Lada, era el Rey Demonio Baiga quien estaba en la Atalaya{nl}No hay idea de por qué Baiga está aquí, pero Baiga no parece tener pelea al menos ahora{nl}Será mejor que hables con Baiga.	라가나와 라다 여신을 쫓아왔지만, 감시탑에서 만난 건 다름 아닌 마왕 바이가였습니다{nl}바이가가 왜 이곳에 있는지는 모르지만, 적어도 지금 바이가는 싸울 생각이 있어 보이지 않습니다{nl}바이가와 대화를 해보는 게 좋겠습니다				
QUEST_LV_0500_20210115_000714	Sigue a la Diosa Lada hasta el lado derecho de la Atalaya.	감시탑의 오른쪽 길로 라다 여신을 쫓아가기				
QUEST_LV_0500_20210115_000715	Baiga sugirió otra negociación{nl}No puedes confiar en él, pero no será bueno enfrentarlo por ahora{nl}Encontrar a la Diosa Lada es tu prioridad en este momento.	바이가는 당신에게 이전처럼 또다시 협상을 제안했습니다{nl}믿을 수 있는 건 아니지만, 현재로서는 그와 대적해서 좋을 게 없습니다{nl}지금은 라다 여신을 찾는 게 우선입니다				
QUEST_LV_0500_20210115_000716	Cuéntale a la Diosa Lada lo que te dijo Baiga.	라다 여신에게 바이가와 나누었던 이야기를 전하세요				
QUEST_LV_0500_20210115_000717	Investiga la grieta de Mirtinas cercana	근처의 머티니스의 균열을 조사하기				
QUEST_LV_0500_20210115_000718	Parece que la diosa Lada necesita recuperarse por un tiempo después del conflicto contra Ragana{nl}Hay una grieta de Mirtinas con un rastro de minería cerca{nl}Comprueba si hay una pista.	라다 여신은 라가나와의 충돌 이후 잠시동안 회복이 필요해 보입니다{nl}마침 근처에는 채굴한 흔적이 있는 머티니스 균열이 있습니다{nl}단서가 될만한 게 있는지 확인해 보세요				
QUEST_LV_0500_20210115_000719	Regresa con la Diosa Lada y cuéntale el resultado de la investigación.	라다 여신에게 돌아가 조사한 결과를 알려주기				
QUEST_LV_0500_20210115_000720	Al investigar la grieta de Mirtinas cercana, has descubierto el rastro y la dirección en la que se movieron las Mirtinas{nl}Vuelve con la Diosa Lada y cuéntale el resultado de la investigación.	근처의 머티니스 균열을 조사한 결과 머티니스를 옮긴 흔적과 그 방향을 알아냈습니다{nl}라다 여신에게 돌아가 조사 결과를 알려주세요				
QUEST_LV_0500_20210115_000721	Pregúntale a la Diosa Lada sobre su condición.	라다 여신의 상태를 묻기				
QUEST_LV_0500_20210115_000722	Al investigar la grieta Mirtinas cercana, has descubierto que las Mirtinas minadas se han dirigido a la autopista Gatves{nl}Antes de partir, verifica el estado de la Diosa Lada.	주변 머티니스 균열 조사로 채굴된 머티니스가 갓베스 가도를 향해 갔다는 사실을 알아냈습니다{nl}자리를 뜨기 전에, 라다 여신의 상태를 확인하세요				
QUEST_LV_0500_20210115_000723	Investiga sobre la grieta de Mirtinas en la autopista Gatves	갓베스 가도의 머티니스 균열 조사				
QUEST_LV_0500_20210115_000724	La Diosa Lada necesita un poco más de tiempo para recuperarse{nl}Pero como no hay tiempo suficiente, primero debes dirigirte a la autopista Gatves.	라다 여신은 조금 더 회복할 시간이 필요합니다{nl}그러나 시간이 많지 않은 만큼 당신은 먼저 갓베스 가도로 향해야 합니다				
QUEST_LV_0500_20210115_000725	Investiga la grieta de Mirtinas	머티니스 균열을 조사하기				
QUEST_LV_0500_20210115_000726	Pelea despejada de forma segura en la autopista Gatves{nl}Investiga la grieta de Mirtinas	갓베스 가도의 난전을 무사히 정리했습니다{nl}머티니스 균열을 조사하세요				
QUEST_LV_0500_20210115_000727	Encuentra a la Diosa Lada en la entrada del bosque Issaugoti	이사우고티 숲 입구에서 라다 여신을 만나기				
QUEST_LV_0500_20210115_000728	Trace of Wagon Wheel se dirige hacia el bosque de Issaugoti{nl}Reúnete con la diosa Lada en la entrada del bosque de Issaugoti	수레의 바퀴 자국이 이사우고티 숲을 향하고 있습니다{nl}이사우고티 숲 입구에서 라다 여신을 만나세요				
QUEST_LV_0500_20210115_000729	Conoce a la Diosa Lada en el Santuario de Laima	라이마의 성소에서 라다 여신을 만나기				
QUEST_LV_0500_20210115_000730	Tanto usted, que luchó sin parar, como la Diosa Lada, que luchó contra Ragana, necesitan tiempo para recuperarse{nl}Regrese al Santuario de Laima, donde estará seguro y encontrará a la Diosa Lada.	계속된 전투로 당신은 물론, 라가나와의 전투를 겪은 라다 여신은 재정비가 필요하다고 판단했습니다{nl}안전한 라이마의 성소로 돌아가 라다 여신을 찾으세요				
QUEST_LV_0500_20210115_000731	Derrota a 2000 monstruos de tipo mutante en el área del Episodio 13.	Episode13 지역에서 변이형 몬스터 2000마리 처치				
QUEST_LV_0500_20210115_000732	Derrota a los monstruos de tipo mutante del área del Episodio 13.	Episdoe13 지역의 변이형 몬스터 처치				
QUEST_LV_0500_20210115_000733	Derrota a 2000 monstruos tipo insecto, diablo y planta en el área del episodio 13.	Episode13 지역에서 곤충, 악마, 식물형 몬스터 2000마리 처치				
QUEST_LV_0500_20210115_000734	Derrota a insectos, demonios y monstruos tipo planta en el área del Episodio 13.	Episode13 지역의 곤충, 악마, 식물형 몬스터 처치				
QUEST_LV_0500_20210115_000735	Derrota a 2000 monstruos tipo Bestia en el área del Episodio 13.	Episode13 지역에서 야수형 몬스터 2000마리 처치				
QUEST_LV_0500_20210115_000736	Derrota a los monstruos tipo Bestia del área del Episodio 13.	Episode13 지역의 야수형 몬스터 처치				
QUEST_LV_0500_20210115_000737	Derrota a 3000 monstruos de gran tamaño en el área del Episodio 13.	Episode13 지역에서 대형 몬스터 3000마리 처치				
QUEST_LV_0500_20210115_000738	Derrota a los monstruos de gran tamaño del área del Episodio 13.	Episode13 지역의 대형 몬스터 처치				
QUEST_LV_0500_20210115_000739	Derrota a 3000 monstruos de tamaño mediano en el área del Episodio 13.	Episode13 지역에서 중형 몬스터 3000마리 처치				
QUEST_LV_0500_20210115_000740	Derrota a los monstruos de tamaño mediano del área del Episodio 13.	Episode13 지역의 중형 몬스터 처치				
QUEST_LV_0500_20210115_000741	Derrota a 3000 monstruos de tamaño pequeño en el área del Episodio 13.	Episode13 지역에서 소형 몬스터 3000마리 처치				
QUEST_LV_0500_20210115_000742	Derrota a los monstruos de tamaño pequeño del área del Episodio 13.	Episode13 지역의 소형 몬스터 처치				
QUEST_LV_0500_20210115_000743	Derrota a 8000 monstruos en el área del Episodio 13.	Episode13 지역에서 몬스터 8000마리 처치				
QUEST_LV_0500_20210115_000744	Derrota a los monstruos del área del Episodio 13.	Episode13 지역의 몬스터 처치				
QUEST_LV_0500_20210115_000745	Limpiar restos de Bernice piso 50 o superior	베르니케 파편 던전 50층 이상 클리어				
QUEST_LV_0500_20210115_000746	Completa la sección 6 o superior de la mazmorra del asistente.	어시스터 던전 6구간 이상 클리어				
QUEST_LV_0500_20210115_000747	Completar caza de suelas	1인 레이드 클리어				
QUEST_LV_0500_20210115_000748	Completa la incursión de leyenda 10 veces.	레전드 레이드 10회 클리어				
QUEST_LV_0500_20210115_000749	Inflige 500 millones o más de daño acumulado en incursiones semanales contra jefes.	주간 보스 레이드 누적 대미지 5억 이상 달성				
QUEST_LV_0500_20210115_000750	Participa en Joint Strike Raid 2 veces	협동전 2회 참가				
QUEST_LV_0500_20210115_000751	Completa la mazmorra de nivel 10 veces.	레벨 던전 10회 클리어				
QUEST_LV_0500_20210115_000752	Completa la etapa 3 del modo desafío o superior 30 veces{nl}La coincidencia automática puede continuar en el área 3.	챌린지 모드 3단 이상으로 30회 클리어{nl}자동 매칭은 제 3구역에서 진행할 수 있습니다.				
QUEST_LV_0500_20210115_000753	Modo de desafío claro: División Singularidad etapa 3 o superior, coincidencia automática 10 veces	챌린지 모드 : 분열 특이점 3단 이상, 자동 매칭 10회 클리어				
QUEST_LV_0500_20210115_000754	Derrota a 200 monstruos en los campos normales del estanque Lemprasa.	렘파라사 연못의 일반 필드에서 몬스터 200마리 처치				
QUEST_LV_0500_20210115_000755	Derrota a 200 monstruos en los campos normales del Bosque de los Puentes Enlazados.	덧댄다리 숲의 일반 필드에서 몬스터 200마리 처치				
QUEST_LV_0500_20210115_000756	Derrota a 200 monstruos en los campos normales de Paupys Crossing.	파우피스 나루의 일반 필드에서 몬스터 200마리 처치				
QUEST_LV_0500_20210115_000757	Derrota a los monstruos de Paupys Crossing.	파우피스 나루의 몬스터 처치				
QUEST_LV_0500_20210115_000758	Derrota a 200 monstruos en campos normales del bosque de Issaugoti.	이사우고티 숲의 일반 필드에서 몬스터 200마리 처치				
QUEST_LV_0500_20210115_000759	Derrota a los monstruos del bosque de Issaugoti.	이사우고티 숲의 몬스터 처치				
QUEST_LV_0500_20210115_000760	Derrota a 200 monstruos en los campos normales del bosque de Kirtimas.	키르티마스 숲의 일반 필드에서 몬스터 200마리 처치				
QUEST_LV_0500_20210115_000761	Derrota a los monstruos del bosque de Kirtimas.	키르티마스 숲의 몬스터 처치				
QUEST_LV_0500_20210115_000762	Derrota monstruos en los campos normales de Lemprasa Pond y obtén 50 productos.	렘파라사 연못의 일반 필드에서 몬스터를 처치하고 부산물 50 획득				
QUEST_LV_0500_20210115_000763	Recupera el tejido de Liepsna después de derrotar a los monstruos del estanque Lemprasa.	렘파라사 연못의 몬스터 처치 후 리프스나의 조직 회수				
QUEST_LV_0500_20210115_000764	Derrota monstruos en campos normales de el Bosque de los Puentes Enlazados y obtén 50 productos.	덧댄다리 숲의 일반 필드에서 몬스터를 처치하고 부산물 50 획득				
QUEST_LV_0500_20210115_000765	Derrota a los monstruos en el Bosque de los Puentes Enlazados y recupera suministros de Darbas.	덧댄다리 숲의 몬스터 처치 후 다르바스의 보급품 회수				
QUEST_LV_0500_20210115_000766	Derrota monstruos en los campos normales de Paupys Crossing y obtén 50 productos.	파우피스 나루의 일반 필드에서 몬스터를 처치하고 부산물 50 획득				
QUEST_LV_0500_20210115_000767	Derrota a los monstruos en Paupys Crossing y recupera la sangre del demonio.	파우피스 나루의 몬스터 처치 후 마족의 피 회수				
QUEST_LV_0500_20210115_000768	Derrota monstruos en los campos normales del bosque Issaugoti y obtén 50 productos.	이사우고티 숲의 일반 필드에서 몬스터를 처치하고 부산물 50 획득				
QUEST_LV_0500_20210115_000769	Derrota a los monstruos en el bosque de Issaugoti y recupera el alma de Saugumas.	이사우고티 숲의 몬스터 처치 후 소거마스의 영혼 회수				
QUEST_LV_0500_20210115_000770	Derrota monstruos en los campos normales del Bosque Kirtimas y obtén 50 productos.	키르티마스 숲의 일반 필드에서 몬스터를 처치하고 부산물 50 획득				
QUEST_LV_0500_20210115_000771	Derrota a los monstruos en el bosque de Kirtimas y recupera fragmentos.	키르티마스 숲의 몬스터 처치 후 파편 회수				
QUEST_LV_0500_20210115_000772	Derrota a 60.000 monstruos en el área del Episodio 13.	Episode13 지역에서 몬스터 60000마리 처치				
QUEST_LV_0500_20210115_000773	Completa la incursión de leyenda 50 veces.	레전드 레이드 50회 클리어				
QUEST_LV_0500_20210115_000774	Completa la etapa 3 del modo desafío o superior 250 veces{nl}La coincidencia automática puede continuar en el área 3.	챌린지 모드 3단 이상으로 250회 클리어{nl}자동 매칭은 제 3구역에서 진행할 수 있습니다.				
QUEST_LV_0500_20210115_000775	Pide ayuda a Inesa Hamondale, Señor de Orsha	오르샤 영주 이네사 해먼데일에게 도움을 요청해 봅시다				
QUEST_LV_0500_20210115_000776	Pide ayuda a Inesa Hamondale	이네사 해먼데일에게 도움을 요청해보세요				
QUEST_LV_0500_20210115_000777	Recibe los artículos de Inesa Hamondale	이네사 해먼데일이 지원해주는 물품을 받으세요				
QUEST_LV_0500_20210115_000778	Encontrar Almacenamiento Mirtinas	머티니스 저장소 찾기				
QUEST_LV_0500_20210115_000779	Muévete al bosque de Issaugoti y encuentra el lugar donde se guarda Mirtinas.	이사우고티 숲으로 이동하여 머티니스가 저장된 곳을 찾아봅시다				
QUEST_LV_0500_20210115_000780	Aléjate del almacenamiento	저장소에서 물러나기				
QUEST_LV_0500_20210115_000781	Encontré un lugar donde parece estar el almacenamiento pero debes dar un paso atrás porque hay demasiados enemigos.	저장소로 보이는 곳을 찾았지만 적들이 너무 많으니 물러나야 합니다				
QUEST_LV_0500_20210115_000782	Encuentra un lugar adecuado para atraer demonios.	마족들을 유인하기 적합한 장소 찾기				
QUEST_LV_0500_20210115_000783	Encuentra un lugar adecuado para atraer demonios según el plan de la Diosa Lada.	라다 여신의 계획대로 마족들을 유인하기 적합한 장소를 찾아보세요				
QUEST_LV_0500_20210115_000784	Investiga un lugar adecuado para atraer demonios.	마족들을 유인하기 적합한 장소 조사하기				
QUEST_LV_0500_20210115_000785	Encuentra un lugar adecuado para atraer a los demonios de la fuerza de Ragana y Baiga.	라가나와 바이가 세력의 마족을 유인하기에 적합한 장소를 찾아보세요				
QUEST_LV_0500_20210115_000786	Consulta el último lugar de la investigación.	마지막 조사 장소 확인하기				
QUEST_LV_0500_20210115_000787	Comprueba si el último lugar es adecuado.	마지막 장소가 적합한지 확인하세요				
QUEST_LV_0500_20210115_000788	Habla con la Diosa Lada y continúa con el siguiente plan.	라다 여신과 대화하여 다음 계획을 진행하세요				
QUEST_LV_0500_20210115_000789	Dar información falsa a la fuerza de Ragana.	라가나 세력에게 거짓 정보 전달				
QUEST_LV_0500_20210115_000790	Dale información falsa al demonio que parece ser el subordinado de Ragana y engaña a Ragana.	라가나의 직속 부하로 보이는 마족에게 거짓 정보를 전달하여 라가나를 속이세요				
QUEST_LV_0500_20210115_000791	Dio información falsa al mensajero de Ragana.	라가나의 전령에게 거짓 정보를 전달하였습니다				
QUEST_LV_0500_20210115_000792	Habla con el mensajero de Baiga.	바이가의 전령과 대화				
QUEST_LV_0500_20210115_000793	Dar información falsa al demonio que parece ser el subordinado de Baiga.	바이가의 직속 부하로 보이는 마족에게 거짓 정보를 전달하세요				
QUEST_LV_0500_20210115_000794	Dar información falsa a la fuerza de Baiga.	바이가의 세력에게 거짓 정보 전달				
QUEST_LV_0500_20210115_000795	Dio información falsa al mensajero de Baiga.	바이가의 전령에게 거짓 정보를 전달하였습니다.				
QUEST_LV_0500_20210115_000796	Informa a la Diosa Lada que has dado la información falsa de forma segura.	라다 여신에게 거짓 정보를 무사히 넘겼음을 알리세요				
QUEST_LV_0500_20210115_000797	Ir cerca del Almacén Mirtinas	머티니스 저장소 근처로 가기				
QUEST_LV_0500_20210115_000798	Comprueba si los demonios se dejan engañar por la información falsa.	마족들이 거짓 정보에 속았는지 확인해봅시다				
QUEST_LV_0500_20210115_000799	Mira alrededor del Almacén Mirtinas	머티니스 저장소 살펴보기				
QUEST_LV_0500_20210115_000800	Parece haberse infiltrado de forma segura.{nl}Mire a su alrededor y vea dónde está la Mirtinas salvada.	무사히 침투한 것 같습니다.{nl}저장된 머티니스가 어디에 있는지 살펴봅시다				
QUEST_LV_0500_20210115_000801	Derrota a los guardias demoníacos restantes.	남아있는 마족 경비병 처치하기				
QUEST_LV_0500_20210115_000802	Mire alrededor del Almacenamiento Mirtinas y encuentre un lugar adecuado para instalar la bomba.	머티니스 저장소를 살펴보고 폭탄을 설치하기 적당한 곳을 찾으세요				
QUEST_LV_0500_20210115_000803	Instalar bomba en el almacenamiento de Mirtinas	머티니스 저장소에 폭탄 설치하기				
QUEST_LV_0500_20210115_000804	Instala la bomba en la pila de Mirtinas minadas.	그동안 채굴한 머티니스가 쌓인 곳에 폭탄을 설치하세요				
QUEST_LV_0500_20210115_000805	Instalar el resto de las bombas.	폭탄을 마저 설치하기				
QUEST_LV_0500_20210115_000806	Instalar el resto de las bombas.	폭탄을 마저 설치합시다				
QUEST_LV_0500_20210115_000807	Derrota al Ejecutor Saugumas interrumpiendo la instalación de bombas.	폭탄 설치를 방해하는 소거마스 집행자 처치하기				
QUEST_LV_0500_20210115_000808	escapar del lugar	자리 벗어나기				
QUEST_LV_0500_20210115_000809	Manténgase alejado para estar fuera de los efectos de la explosión.	폭발의 영향에서 벗어나기 위해 멀리 떨어지세요				
QUEST_LV_0500_20210115_000810	activar bomba	폭탄 작동시키기				
QUEST_LV_0500_20210115_000811	Creo que es lo suficientemente seguro. Hagamos estallar la bomba con un pergamino de control remoto.	이 정도면 안전한 것 같으니 폭탄을 원격 조작 스크롤로 폭파시킵시다				
QUEST_LV_0500_20210115_000812	Parece que la bomba esta bien explotada.	폭탄이 무사히 터진 것 같습니다				
QUEST_LV_0500_20210115_000813	Examina las Mirtinas	머티니스 살펴보기				
QUEST_LV_0500_20210115_000814	Examinar si la bomba ha eliminado completamente a las Mirtinas	폭탄이 머티니스를 완벽하게 제거하였는지 살펴봅시다				
QUEST_LV_0500_20210115_000815	Huye del ataque del Espectador	주시자의 공격으로부터 도망치기				
QUEST_LV_0500_20210115_000816	Huye del ataque del enfurecido Beholder.	분노한 주시자의 공격으로부터 도망치세요				
QUEST_LV_0500_20210115_000817	Habla con el ser que te espera.	기다리고 있는 존재와 대화				
QUEST_LV_0500_20210115_000818	Parece que hay alguien esperando en el lugar.	도망친 곳에 누군가가 기다리고 있는 것 같습니다				
QUEST_LV_0500_20210115_000819	Habla con Ragana	라가나와 대화				
QUEST_LV_0500_20210115_000820	Habla con Ragana	라가나와 대화하세요				
QUEST_LV_0500_20210115_000821	Huir del espectador	주시자에게서 도망치기				
QUEST_LV_0500_20210115_000822	Huye del ataque del Espectador	주시자의 공격으로부터 도망치세요				
QUEST_LV_0500_20210115_000823	Comprueba el ser que te espera	기다리고 있는 존재 확인				
QUEST_LV_0500_20210115_000824	Parece que alguien está esperando	누군가가 기다리고 있는 것 같습니다				
QUEST_LV_0500_20210115_000825	Habla con Baiga	바이가와 대화				
QUEST_LV_0500_20210115_000826	Baiga te esta esperando	바이가가 당신을 기다리고 있습니다				
QUEST_LV_0500_20210115_000827	Informe a la Diosa Lada	라다 여신에게 보고				
QUEST_LV_0500_20210115_000828	Informa que has conocido al Dios Demonio Baubas.	마신 바우바스와 만난 사실을 라다 여신에게 보고합시다				
QUEST_LV_0500_20210115_000829	Explícale a la Diosa Lada lo que ha pasado.	라다 여신에게 겪었던 일을 설명하세요				
QUEST_LV_0500_20210115_000830	Cuéntale a Inesa Hamondale, Señor de Orsha, sobre la situación.	오르샤 영주 이네사 해먼데일에게 상황을 전달하세요				
QUEST_LV_0500_20210115_000831	Regreso a la Diosa Lada	라다 여신에게 돌아갑시다.				
QUEST_LV_0500_20210115_000832	Pregúntale a la Diosa Lada sobre los planes futuros.	라다 여신에게 앞으로의 여정에 대해 물어보세요				
QUEST_LV_0500_20210115_000833	Regreso a la Diosa Lada	라다 여신에게 돌아가세요				
QUEST_LV_0500_20210115_000834	Conozca al oficial a cargo de la reconstrucción de Orsha	왕국 재건단 오르샤 담당인과 만나기				
QUEST_LV_0500_20210115_000835	Ahora que Medzio Diena ha causado que el reino y el resto del mundo sean devastados por el desastre, hay personas en todo el mundo que se están moviendo con esperanza nuevamente.{nl}Kingdom Reconstruction fue creado por un grupo de personas que no confiaban en la desaparición de la Diosa sino que querían que el reino renaciera por sí solo.{nl}Los miembros de Kingdom Reconstruction ya están dispersos por todo el mundo y dedicados a reconstruir el reino.{nl}Habla con la persona a cargo de la Reconstrucción del Reino de Orsha.	신수의 날로 왕국을 비롯한 세계가 재앙의 피해로 무너진 지금, 세계 곳곳에는 다시 희망을 갖고 움직이는 사람들이 있습니다{nl}왕국 재건단은 사라진 여신들에 의지 하지 않고, 인간 스스로의 힘으로 다시 왕국이 부흥하기를 바라는 사람들이 모여 만들어졌습니다{nl}이미 세계 곳곳에는 왕국 재건단의 단원들이 흩어져 왕국 재건에 헌신하고 있습니다.{nl}그들의 이야기를 들어보기 위해 오르샤의 왕국 재건단 담당인과 만나세요				
QUEST_LV_0500_20210518_000836	Parece que la Diosa Lada ha dejado caer la bendición a propósito{nl}Busca la fuente de magia en Morku Farm usando la bendición.	라다 여신이 일부러 축복을 흘려둔 것 같다{nl}축복을 이용해 모르꼬스 농장에서 마력의 근원지를 찾아보자	QUEST_LV_0500_20210115_000407	Seems like Goddess Lada has dropped the blessing by purpose{nl}Search for the source of magic in Morku Farm by using the blessing.	라다 여신이 일부로 축복을 흘려둔 것 같다{nl}축복을 이용해 모르꼬스 농장에서 마력의 근원지를 찾아보자	PC
QUEST_LV_0500_20210809_000837	Equipo de recuperación de daños de Orsha	오르샤 피해복구반 단원				
QUEST_LV_0500_20210809_000838	Escuché que el Revelador está en Orsha, pero no esperaba que{nl}recibiera ayuda como esta.{nl}La última vez que estuve aquí, solo había unos pocos Kepas.	계시자님이 오르샤에 계신다는 이야기는 들었습니다만{nl}이렇게 저희를 도와주실 줄은 몰랐군요.{nl}마지막으로 이곳에 왔을 땐, 고작 케파 몇 마리가 전부였건만..				오르샤 피해복구반 단원
QUEST_LV_0500_20210809_000839	Mucha gente se está reuniendo de todo el Sur para ayudar en la Reconstrucción del Reino...{nl}pero no creo que nadie pueda entrar a la ciudad de manera segura si hay monstruos por todo el bosque.	남부 각지에서 왕국 재건단을 돕기 위해 모이고 있습니다만..{nl}숲 사이 샛길조차 이렇게 괴물들이 들끓어서야 누구 하나 무사히 도시로 진입하기 힘들 것 같군요.				오르샤 피해복구반 단원
QUEST_LV_0500_20210809_000840	¿Nos ayudarías si puedes?	여유가되신다면 저희를 좀 도와주실 수 있겠습니까?				오르샤 피해복구반 단원
QUEST_LV_0500_20210809_000841	¡Dios mío, eres EL Revelador!{nl}He tenido noticias de los miembros, pero es un honor conocerte en persona.	이럴 수가, 계시자님이셨군요!{nl}단원들에게 이야기는 익히 들었습니다만 실제로 뵙게 되어 영광입니다.				오르샤 피해복구반 단원
QUEST_LV_0500_20210809_000842	{nl}Supongo que soy el afortunado del día.{nl}¡Nunca pensé que vería al héroe del Reino y al Revelador en un día!{nl}Quizás también puedas reunirte con Pajauta.	{nl}오늘은 제게 운이 따르나 봅니다.{nl}이렇게 왕국의 영웅과 계시자를 한날한시에 뵙게 될 줄이야!{nl}계시자님도 어쩌면 파야우타님과 만날 수도 있겠군요.				오르샤 피해복구반 단원
QUEST_LV_0500_20210809_000843	Ojalá pudiera presentarles a Pajauta, {nl}pero desafortunadamente, Pajauta pasó por la autopista Adata temprano en la mañana.{nl}Y verás...	계시자님께도 파야우타님을 소개시켜드리면 좋겠지만,{nl}안타깝게도 이른 아침에 파야우타님은 아다타 가도 너머로 수색을 나가셨습니다.{nl}그리고 말입니다...				오르샤 피해복구반 단원
QUEST_LV_0500_20210809_000844	Poco después de que Pajauta se fuera, encontramos demonios reunidos en el área del Campamento Temporal de Colonos.{nl}Creo que están planeando ocupar el área cercana, y temo que Pajauta se tope con ellos cuando regrese.{nl}Entonces, la cuestión es, ¿por qué no te ocupas de ellos en el Campamento Temporal de Colonos?	파야우타님이 출발하시고 얼마 후에 임시 이주민 캠프 지역에 마족들이 집결하는 걸 발견 했습니다.{nl}아마도 이 주변을 장악할 생각인 것 같은데, 파야우타님이 돌아오실 때 맞닥뜨릴까 걱정이군요.{nl}그래서 말인데, 계시자님이 임시 이주민 캠프에서 녀석들을 처리해주시는 게 어떻겠습니까?				오르샤 피해복구반 단원
QUEST_LV_0500_20210809_000845	He oído que la situación es mala, pero es peor de lo que pensaba.{nl}Escuché que estás haciendo un gran trabajo aquí y allá. Dicen que hasta las Diosas sólo te vigilan a ti.	상황이 안 좋다는 건 들었지만, 예상보다 훨씬 안 좋아.{nl}듣기론 아주 대단한 일을 하며 돌아다니고 있던데, 여신들도 너만 바라본다고 하더구나.{nl}아주 대단해.				파야우타
QUEST_LV_0500_20210809_000846	Revelador... Revelador, Revelador...{nl}Todos los Kupoles que conocí en el camino hacia aquí te estaban alabando.{nl}La próxima vez que te encuentres con las diosas, ¿les hablarás de mí?	계시자.. 계시자.. 계시자..{nl}이곳에 오며 만난 큐폴들도 모두 널 칭송하고 있더구나.{nl}다음에 여신들을 만나면 내 이야기도 좀 해주겠어?				파야우타
QUEST_LV_0500_20210809_000847	Que hay un ser humano que lo ha perdido todo por tu culpa.	당신들 때문에 모든 걸 잃어버린 인간이 있다고.				파야우타
QUEST_LV_0500_20210809_000848	¿Crees que estoy siendo demasiado gruñón?{nl}Cuando lo que has hecho es simplemente ayudar a las diosas a salvar el mundo.	내가 너무 투덜거린 걸까?{nl}너는 그저 여신들을 도와 세상을 구한 것 뿐인데 말이야.				파야우타
QUEST_LV_0500_20210809_000849	Bueno, basta de tonterías por hoy y sigamos adelante.{nl}Vas a ir conmigo, ¿verdad?	잡담은 여기까지 하고 다시 떠나야겠어.{nl}너도 물론 함께 가겠지?				파야우타
QUEST_LV_0500_20210809_000850	Primero debemos dirigirnos a Amzina Fork. {nl} Necesitamos detener a los demonios desde allí para que los refugiados de el Bosque de los Puentes Enlazados puedan llegar a Orsha de manera segura.	우선 암지나 갈림길로 향해야 해.{nl}거기서 마족들을 처리해야 덧댄다리 숲에서 도망쳐 온 피난민들이 오르샤까지 무사히 갈 수 있어.				파야우타
QUEST_LV_0500_20210809_000851	Dime cuando estés listo.	출발할 준비가 되면 말해줘.				파야우타
QUEST_LV_0500_20210809_000852	¿Has conocido alguna vez a un Kupole llamado Velad?	혹시 블라드라는 큐폴을 만난 적 있어?				파야우타
QUEST_LV_0500_20210809_000853	Nada.	아무것도 아니야.				파야우타
QUEST_LV_0500_20210809_000854	Aún estás bien.{nl}Bueno, entonces, ¿vamos a la siguiente área?	실력이 여전하구나.{nl}그럼 다음 지역으로 가볼까?				파야우타
QUEST_LV_0500_20210809_000855	La siguiente parada es Malkos Felled Area.{nl}Kingdom Reconstruction, convocada desde Klaipeda a Orsha, pasa por allí.{nl}Están cerca de un comerciante que viaja largas distancias, por lo que les resultará difícil lidiar con los demonios en esta área.	다음은 말코스 벌목지야.{nl}클라페다령에서 오르샤로 소집된 왕국 재건단들이 말코스 벌목지를 지나서 오고 있어.{nl}먼거리를 이동하는 상단 정도의 집단이어서 이 지역의 마족들을 제대로 상대하기 힘들 거야.				파야우타
QUEST_LV_0500_20210809_000856	Vámonos cuando estés listo.	준비되면 출발하자.				파야우타
QUEST_LV_0500_20210809_000857	Me encontré con muchos Kupoles en las áreas Memorial y Suburb cuando busqué en la capital... {nl} y la mayoría de ellos me menospreciaron, excepto unos pocos.	수도 근처를 수색할 때 기념구 지역과 외곽지역에서 큐폴들을 꽤 많이 마주쳤는데..{nl}몇 녀석 빼곤 날 무시했어.				파야우타
QUEST_LV_0500_20210809_000858	Incluso si les salvé la vida, ¿un ser humano es un ser humano de todos modos?	목숨을 살려줘도 인간은 어차피 인간이란 걸까?				파야우타
QUEST_LV_0500_20210809_000859	Pensé que ya estarías aquí.{nl}Me preocupaba detrás de la roca qué pasaría si no venías.{nl}Pajauta también parece estar bien.	지금쯤이면 오실 거라 생각했습니다.{nl}뒤쪽 바위에서 안 오면 어쩌나 걱정하고 있었습니다.{nl}파야우타님도 무사해 보이는 군요.				오르샤 피해복구반 단원
QUEST_LV_0500_20210809_000860	Vayamos juntos al Bosque de los Puentes Vinculados. {nl} Seguiré adelante y echaré un vistazo.	그럼 덧댄다리 숲으로 함께 가시죠.{nl}저는 먼저 가서 주변을 살피고 있겠습니다.				오르샤 피해복구반 단원
QUEST_LV_0500_20210809_000861	Ahora los miembros de Klaipeda podrán llegar a Orsha de forma segura.{nl}Pero también necesitamos ayuda con las personas que se dirigen desde otras direcciones a Orsha.{nl}Volvamos al Equipo de Recuperación de Daños de Orsha.	이제 클라페다에서 오는 단원들이 안전하게 오르샤까지 갈 수 있을 거야.{nl}하지만 다른 방향에서 오르샤로 향하는 사람들도 도와야 해.{nl}오르샤 피해복구반 단원에게 돌아가자.				파야우타
QUEST_LV_0500_20210809_000862	Gracias por venir de inmediato.	이렇게 바로 와주셔서 감사합니다.				오르샤 피해복구반 단원
QUEST_LV_0500_20210809_000863	Acabo de hablar con el mensajero del Señor.{nl}Hay tantos refugiados en Orsha que necesitan crear una residencia temporal para que se queden.{nl}Sin embargo, el Señor solicitó ayuda a Kingdom Construction porque no hay suministros.	방금전 영주님의 전령과 이야기를 나눴습니다.{nl}오르샤에 피난민들이 너무 많아져서 그들을 쉬게 할 임시 거주지를 만들어야한다고 하는군요.{nl}하지만 물자가 없어서 왕국 재건단원들에게 도움을 요청하고 있다고 하십니다.				오르샤 피해복구반 단원
QUEST_LV_0500_20210809_000864	Esto es difícil.{nl}Es un problema que la ciudad está saturada, pero los refugiados que han sufrido no tienen un lugar donde descansar.	난감하군요.{nl}도시가 포화되는 것도 문제지만 고생한 피난민들이 쉴 곳이 없다니..				오르샤 피해복구반 단원
QUEST_LV_0500_20210809_000865	Revelador, ¿hay alguna buena manera?	계시자님, 뭔가 좋은 방법이 없을까요?				오르샤 피해복구반 단원
QUEST_LV_0500_20210809_000866	No me mires así.{nl}No soy la Diosa Vaivora, eso no sale de un bolsillo.	그런 눈으로 보지 말아줘.{nl}난 바이보라 여신이 아니야, 그런 걸 주머니에서 꺼내줄 수 없다고.				파야우타
QUEST_LV_0500_20210809_000867	Espera, tengo una idea.	잠깐, 내게 좋은 생각이 있어.				파야우타
QUEST_LV_0500_20210809_000868	¿Viste las cosas que sostienen los demonios?{nl}¿Por qué no las 'pedimos prestadas' después de tener una pequeña 'conversación' con ellos?	이곳의 마족들이 손에 쥐고 있는 물건들 봤어?{nl}녀석들을 손봐주고 그걸 좀 빌려 가는 게 어떨까?				파야우타
QUEST_LV_0500_20210809_000869	{nl}Si el propietario ya no está, ni siquiera necesitaremos devolverlo, no hay problema.{nl}¿No crees que es una buena idea?	{nl}어차피 주인은 없어졌으니 돌려줄 필요도 없고 뒤탈은 없을 거 같은데 말이지.{nl}좋은 생각 같지 않아?				파야우타
QUEST_LV_0500_20210809_000870	¡Las personas extraordinarias tienen pensamientos extraordinarios!{nl}Te lo dejo a ti y guiaré a los Mensajeros hasta aquí.	역시 비범한 분들은 생각도 비범하군요!{nl}저는 여러분만 믿고 여기서 전령들을 안내하고 있겠습니다.				오르샤 피해복구반 단원
QUEST_LV_0500_20210809_000871	Bueno, recopilemos uno por uno.{nl}Yo guardaré los materiales, tú ve y ocúpate de ello.	좋아 그럼 하나하나 모아볼까?{nl}일단 자재들은 내가 들고 있을 태니 네가 처리하는 게 좋겠어.				파야우타
QUEST_LV_0500_20210809_000872	En primer lugar, será mejor que te preste una pala del Darbas Carrier, ¿verdad?{nl}	우선 다르바스 캐리어에게 삽을 빌려오는 게 좋겠지?{nl}				파야우타
QUEST_LV_0500_20210809_000873	Bien, esto satisfará al Señor.{nl}¿De quién prestaremos...?	좋아, 이 정도면 영주님도 만족할 거야.{nl}다음은 어느녀석껄 빌려볼까..				파야우타
QUEST_LV_0500_20210809_000874	Bien... ese servirá.{nl}¿Por qué no conseguimos un pico del minero Darbas?	좋아, 저 녀석이 좋겠어.{nl}다르바스 마이너에게 곡괭이를 얻어볼까?				파야우타
QUEST_LV_0500_20210809_000875	Será mejor que desechemos algunos.{nl}Es demasiado pesado.	몇 개는 좀 버리고 가야겠어.{nl}너무 무거우니까.				파야우타
QUEST_LV_0500_20210809_000876	Consigamos una última cosa.{nl}No podremos transportar más.	마지막으로 하나만 더 구해보자.{nl}더 들고 다니긴 무리니까.				파야우타
QUEST_LV_0500_20210809_000877	Creo que podremos obtener esto y aquello de Darbas Loader...	다르바스 로더에게 이것저것 모을 수 있을 거 같은데..				파야우타
QUEST_LV_0500_20210809_000878	¡Has vuelto!{nl}¿Qué trajiste?{nl}Sin duda será algo útil ya que ustedes dos trabajaron juntos.{nl}Veamos...	돌아오셨군요!{nl}어떤 걸 모아오셨습니까?{nl}분명 두 분이 힘을 합치셨으니 큰 도움이 되는 물건일 겁니다.{nl}어디보자..				오르샤 피해복구반 단원
QUEST_LV_0500_20210809_000879	Pala... el mango está roto.	삽.. 이건 손잡이가 부러졌군요.				오르샤 피해복구반 단원
QUEST_LV_0500_20210809_000880	Pico... esto será útil para los mineros cuando lo reparen.	곡괭이.. 이건 복구가 끝나면 광부들에게 유용하겠어요.				오르샤 피해복구반 단원
QUEST_LV_0500_20210809_000881	Piedra... esto... será mejor que lo desechemos.	석재.. 이건.. 버리고 가는 게 좋겠군요.				오르샤 피해복구반 단원
QUEST_LV_0500_20210809_000882	Gracias a ambos por su arduo trabajo en nombre de los miembros.{nl}Pero esto no es lo que necesitamos en este momento.	단원을 대신하여 두 분의 노고에 감사드립니다.{nl}하지만 지금 당장 필요한 물건들은 아니군요.				오르샤 피해복구반 단원
QUEST_LV_0500_20210809_000883	Pajauta parece estar buscando algo más	파야우타는 뭔가 다른 것을 찾는 것 같다.				파야우타
QUEST_LV_0500_20210809_000884	No hay necesidad de preocuparse demasiado.{nl}Ambos brindarán esperanza a la gente de Orsha simplemente quedándose allí.	너무 걱정하실 필요는 없습니다.{nl}두 분께서 오르샤에 있다는 것만으로 많은 주민들에게 희망이 되어줄 겁니다.				오르샤 피해복구반 단원
QUEST_LV_0500_20210809_000885	Ah, por cierto, me encontré con el mensajero mientras estabas fuera por suministros.{nl}Dicen que habrá residentes escondidos en la cabaña en el bosque circundante, sin poder escapar a Orsha.	아참, 두 분께서 물자를 구하러 가시는 동안 전령과 만났습니다.{nl}주변 숲 속에 오르샤로 도망치지 못하고 오두막에 숨어있는 주민들이 있을 거라고 하는군요.				오르샤 피해복구반 단원
QUEST_LV_0500_20210809_000886	{nl}Estoy pensando en ir primero al cruce de Paupys{nl}¿Qué tal ustedes dos?	{nl}저는 우선 파우피스 나루로 가볼까 합니다만..{nl}두 분께서는 어떻게 하시겠습니까?				오르샤 피해복구반 단원
QUEST_LV_0500_20210809_000887	Este camino conduce al cruce de Paupys.{nl}Estaré allí primero. Nos vemos en la entrada de Paupys Crossing cuando estés listo.	이 길로 나아가면 파우피스 나루입니다.{nl}먼저 가 있을 태니 준비되시면 파우피스 나루 초입에서 뵙지요.				오르샤 피해복구반 단원
QUEST_LV_0500_20210809_000888	Ah, estás aquí.{nl}Miré a mi alrededor antes de que vinieras y los demonios están prosperando.	아, 오셨군요.{nl}오시기 전에 제가 잠시 둘러봤는데 마족들이 너무 많군요.				오르샤 피해복구반 단원
QUEST_LV_0500_20210809_000889	Debía haber gente viviendo en la casa de al lado, por la apariencia del humo.{nl}Me pregunto qué pasó...	옆 집은 연기가 나는 거로 봐선 얼마 전까지 사람이 있었나 봅니다.{nl}지금은 어떻게 된 건지..				오르샤 피해복구반 단원
QUEST_LV_0500_20210809_000890	Si está bien, me gustaría pedirles a ustedes dos que realicen la búsqueda restante.{nl}Será mejor que busque al mensajero y a los residentes en lo más profundo del bosque.	두 분이 괜찮으시다면 이곳에서 나머지 수색을 부탁드리고 싶군요.{nl}저는 좀 더 깊은 숲으로 가서 전령과 주민들을 찾아봐야겠습니다.				오르샤 피해복구반 단원
QUEST_LV_0500_20210809_000891	No es el momento de estar así...	이러고 있을 때가 아닌데..				파야우타
QUEST_LV_0500_20210809_000892	{nl}Correcto.{nl}Vamos.	{nl}알겠어.{nl}가자.				파야우타
QUEST_LV_0500_20210809_000893	Ve al lugar donde nos dijo el miembro.{nl}He marcado la ubicación en el mapa.	단원이 알려준 곳으로 우선 가보자.{nl}위치는 내가 지도에 표기해 뒀어.				파야우타
QUEST_LV_0500_20210809_000894	No creo que haya ningún otro lugar en Paupys Crossing.{nl}Bien hecho.	적어도 파우피스 나루에는 확인할 곳이 더 없는 것 같아.{nl}수고했어.				파야우타
QUEST_LV_0500_20210809_000895	¿Nos separamos de aquí?{nl}Necesito comprobar algo más en este lugar.{nl}¿Volverás a Orsha?	그럼 동행은 여기까지만 할까?{nl}난 좀 더 이곳에서 확인해야 할 게 있어.{nl}넌 오르샤로 돌아갈꺼야?				파야우타
QUEST_LV_0500_20210809_000896	Qué situación tan difícil...{nl}Incluso las aldeas que sobrevivieron por aquí están en peor situación que Orsha, por lo que no podemos obtener ayuda de ellos.	난감하군요..{nl}이 주변에 살아남은 마을도 오르샤보단 상황이 좋지 못하니 그들의 도움을 받을 수도 없습니다.				오르샤 피해복구반 단원
QUEST_LV_0500_20210809_000897	Bien, ¡cuéntale nuestro plan al miembro del equipo!{nl}Estaré esperando a un lado.	좋아, 그럼 단원 아저씨에게 우리 계획을 말해줘!{nl}난 옆에서 기다리고 있을게.				파야우타
QUEST_LV_0500_20210809_000898	Mmm...	음....				파야우타
QUEST_LV_0500_20210809_000899	Será útil para reparar la muralla de la ciudad.{nl}Volvamos al Equipo de Recuperación.	성벽 보수하는 데 쓸만하겠는데.{nl}이제 복구반 단원에게 돌아가자.				파야우타
QUEST_LV_0500_20210809_000900	Por favor lleve los que recogió hace un momento.{nl}Yo llevaré el resto.	방금 모은 건 네가 들어줘.{nl}나머지는 내가 가지고 갈게.				파야우타
QUEST_LV_0500_20210809_000901	¿Quieres?{nl}Es muy tranquilizador que ustedes dos estén aquí.{nl}Los encontraré frente a Paupys Crossing.	그래 주시겠습니까?{nl}두 분이 계셔서 정말 든든하군요.{nl}그럼 파우피스 나루 앞에서 뵙겠습니다.				오르샤 피해복구반 단원
QUEST_LV_0500_20210809_000902	¡Qué confiable!{nl}Te diré dónde podría esconderse la gente.	역시 믿음직스럽군요!{nl}제가 사람들이 숨어있을 만한 곳을 알려드리겠습니다.				오르샤 피해복구반 단원
QUEST_LV_0500_20210809_000903	Bueno, entonces,{nl}Confiaré en ustedes dos y me pondré en marcha.	그럼 잘 부탁드립니다.{nl}두 분만 믿고 저는 먼저 가보겠습니다.				오르샤 피해복구반 단원
QUEST_LV_0500_20210809_000904	Terminemos este trabajo sin perder el tiempo.	꾸물거리지 말고 어서 일을 끝내자.				파야우타
QUEST_LV_0500_20210809_000905	Bien...{nl}Entonces busquemos por aquí un poquito más.	그래..{nl}그럼 좀 더 이 근처를 수색해볼까.				파야우타
QUEST_LV_0500_20210809_000906	De alguna manera, creo que podré encontrar lo que estaba buscando.	뭔가 내가 찾는 걸 발견할 수 있을 거 같아.				파야우타
QUEST_LV_0500_20210809_000907	Tú, {nl}, ¿has oído hablar del Sacellum del Santo?	자네,{nl}성자의 기도소에 대해 들어본 적이 있는가?				채플린 마스터
QUEST_LV_0500_20210809_000908	Es un lugar sagrado donde el legendario sabio Silvestro Maven oró toda su vida.	전설적인 인물이셨던 대현자 실베스트로 메이번께서 살아생전 늘 기도를 올리시던 신성한 장소이지.				채플린 마스터
QUEST_LV_0500_20210809_000909	Nadie sabe exactamente dónde está.{nl}Mientras Sage Maven no lo desee, el Sacellum no se mostrará a nadie.{nl}Esto nunca ha cambiado incluso después de que Sage Maven falleciera.	그곳이 정확히 어디에 있는지는 모르네.{nl}메이번께서 스스로 바라지 않는 한 그 누구에게도 기도소의 모습은 보이지 않거든.{nl}메이번께서 이 세상을 떠난 지 오랜 지금까지도 마찬가지라네.				채플린 마스터
QUEST_LV_0500_20210809_000910	Aun así, tengo una razón para decirte esto.{nl}Vilnius, el Maestro Arbalester, y su familia estaban en el Bosque de los Puentes Enlazados cerca de Orsha en Medzio Diena.{nl}Se dijo que mientras estaban siendo perseguidos por un poderoso demonio, la familia de Vilnius y el demonio quedaron atrapados en una misteriosa explosión y desaparecieron.	그러나, 자네에게 이런 이야기를 하는 이유가 있네.{nl}신수의 날 당시 아발리스터 마스터인 빌리우스와 그 가족들이 오르샤 근방의 덧댄다리 숲에 있었네.{nl}그 당시 강력한 마족에게 쫓기다가 그의 가족들과 마족이 함께 의문의 폭발에 휩 싸이고는 감쪽같이 사라졌다고 하지.				채플린 마스터
QUEST_LV_0500_20210809_000911	Se dice que el Sacelo del Santo se construyó después del lugar donde el propio Maven fue ordenado.{nl}Ese lugar es el Salón de Honor, ahora llamado Abadía de Maven.	성자의 기도소는 메이번께서 서품을 받았던 장소를 본따 만들었다고 전해지네.{nl}바로 그 장소가 지금은 메이번 대수도원으로 불리는 곳의 영광의 홀이라네.				채플린 마스터
QUEST_LV_0500_20210809_000912	Ahora, la Abadía de Maven y el lugar donde desapareció la familia de Vilnius están bastante cerca, geológicamente hablando.{nl}Si ahí es donde está el Sacellum del Santo...{nl}Tengo fe en que la desaparición se debió a la voluntad de Maven.	마침, 빌리우스의 가족들이 사라진 지점과 메이번 대수도원은 지리적으로 꽤 가깝지.{nl}만약 그곳이 성자의 기도소라면..{nl}분명 메이번님의 뜻으로 그런 일이 벌어진 거로 생각하네.				채플린 마스터
QUEST_LV_0500_20210809_000913	Ahora que Vilnius acaba de enterarse de la situación de Orsha y fue al Bosque de los Puentes Enlazados, ¿por qué no lo conoces?	마침 빌리우스가 오르샤의 상황을 듣고 덧댄다리 숲으로 갔으니 그를 만나보는 게 어떻겠나?				채플린 마스터
QUEST_LV_0500_20210809_000914	Buena idea.{nl}Villius debe tener una gran carga en su mente, a diferencia de lo que parece.	좋은 생각일세.{nl}빌리우스는 겉과 달리 마음속에 큰 짐을 지니고 있을게야.				채플린 마스터
QUEST_LV_0500_20210809_000915	Adelante, conócelo.	어서 가서 그를 만나보게나.				채플린 마스터
QUEST_LV_0500_20210809_000916	¿El Sacellum del Santo?	성자의 기도소?				아발리스터 마스터
QUEST_LV_0500_20210809_000917	Entonces estás diciendo que el demonio podría estar todavía vivo.	그렇다면 아직 그 마족이 살아 있을지도 모른다는 말이구나.				아발리스터 마스터
QUEST_LV_0500_20210809_000918	Si es cierto, con gusto pediré ayuda.{nl}No espero que mi familia esté viva después de todo este tiempo.	그렇다면 기꺼이 도움을 청할게.{nl}이제 와서 가족들이 살아있기까지는 바라지 않아.				아발리스터 마스터
QUEST_LV_0500_20210809_000919	Sin embargo,{nl}si ese demonio escapa por casualidad...{nl}Orsha se convertirá en ruinas en poco tiempo.	다만,{nl}그 마족이 만에 하나 그곳을 빠져나오게 된다면..{nl}오르샤는 순식간에 쑥대밭이 될 거야.				아발리스터 마스터
QUEST_LV_0500_20210809_000920	Preparémonos y pongámonos en marcha.	단단히 준비하고 출발하자.				아발리스터 마스터
QUEST_LV_0500_20210809_000921	Si es el lugar donde Maven oró toda su vida…{nl}Debe ser un lugar sagrado comparable a una catedral o un lugar sagrado para las diosas.	메이번께서 평생을 기도하던 장소라면..{nl}분명 대성당이나 여신을 모시는 성소에 버금가는 신성력이 존재하는 성역일걸세.				채플린 마스터
QUEST_LV_0500_20210809_000922	En un lugar así, la familia de Vilnius podría seguir viva a pesar de que han pasado años después de Medzio Diena.{nl}Sin embargo, esto también se puede decir del demonio...	그런 장소라면 신수의 날로부터 몇 년이 지난 지금도 여전히 빌리우스의 가족들이 살아있을지도 모를 일이지.{nl}어쩌면 그 마족도 마찬가지겠지만..				채플린 마스터
QUEST_LV_0500_20210809_000923	Ve a buscar a Vilnius.{nl}Escuché que está en el Bosque de los Puentes Enlazados.	어서 가서 빌리우스를 찾아보게.{nl}빌리우스는 덧댄다리 숲에 있다고 들었네.				채플린 마스터
QUEST_LV_0500_20210809_000924	Vine a ayudar después de escuchar lo que le pasó a Orsha.{nl}Aquí también descansa mi familia.{nl}No dejaré que ningún demonio se apodere del lugar.	오르샤의 상황을 듣고 도우러 왔어.{nl}여긴 내 가족들의 무덤이기도 해.{nl}그 어떤 마족에게도 넘겨줄 수 없어.	QUEST_20200128_011902	Now I'm here to help the convent work.{nl}I'll run wherever I need help.	지금은 여기서 수녀원의 일을 돕고 있어.{nl}도움이 필요한 곳이 있다면 언제든지 달려갈 생각이야.	아발리스터 마스터
QUEST_LV_0500_20210809_000925	Eso estuvo cerca.	하마터면 큰일 날 뻔했어.				파야우타
QUEST_LV_0500_20210809_000926	No sé exactamente cómo destruí el arco del Espectador...	내가 어떻게 주시자의 활을 파괴했는지는 잘 모르겠지만..				파야우타
QUEST_LV_0500_20210809_000927	Paulius Soul... el Espectador se lo llevó al final, ¿verdad?	파울루스의 영혼은 결국 주시자가 가져간 거지?				파야우타
QUEST_LV_0500_20210809_000928	Apresurémonos a Delmore.	서둘러 델무어로 갈 준비를 하자.				파야우타
QUEST_LV_0500_20210809_000929	¿Podrías entregarle las pruebas recopiladas aquí al Señor de Orsha de mi parte?{nl}Nos reuniremos en Delmore cuando estés listo.	나 대신 오르샤 영주에게 여기서 모은 증거품들을 전해줄래?{nl}준비되면 델무어에서 다시 만나자.				파야우타
QUEST_LV_0500_20210809_000930	Muestra la evidencia a Inesa Hamondale, el Señor de Orsha.	오르샤의 영주인 이네사 해먼데일에게 증거품들을 보여주자				PC
QUEST_LV_0500_20210809_000931	Muchas gracias por sus esfuerzos por Orsha en crisis.	위기에 처한 오르샤를 위해서 애써주셔서 정말 감사합니다.				이네사 해먼데일
QUEST_LV_0500_20210809_000932	Quieres decir que los encontraste en la prisión subterránea de Ashaq.	이것들을 아샤크 지하 감옥에서 발견했다는 말씀이시군요.				이네사 해먼데일
QUEST_LV_0500_20210809_000933	Gracias.{nl}Es vergonzoso pensar que no hemos logrado salvar las vidas de inocentes de los experimentos inhumanos del Demonio.	감사합니다.{nl}마족의 반인격적인 실험으로부터 무고한 백성들의 목숨을 지키지 못했다고 생각하니 면목이 없군요..				이네사 해먼데일
QUEST_LV_0500_20210809_000934	Debes prepararte antes de dirigirte a Delmore.{nl}Por favor, esperamos que tú, Revelador, guíes nuestro camino.	델무어로 가기 위해 만반의 준비를 해야겠습니다.{nl}부디, 계사자께서 우리의 선봉에 서주시기를 바랍니다.				이네사 해먼데일
QUEST_LV_0500_20210809_000935	Revelador.{nl}¿Viste el enorme muro de Kruvina levantándose en el lado de Kiren, Paupys Crossing?	계시자님.{nl}키렌 지방의 파우피스 나루 한쪽에 거대한 크루비나 장벽이 솟아오른 걸 혹시 보셨습니까?				이네사 해먼데일
QUEST_LV_0500_20210809_000936	Estaba conectado a la entrada del primer piso de la prisión subterránea de Ashaq en el pasado.{nl}Por qué en un lugar así...{nl}Es un fenómeno muy antinatural, en mi opinión.	그곳은 과거 아샤크 지하 감옥의 1층의 입구와 이어져 있던 길입니다.{nl}그런 곳에 어째서..{nl}너무나도 부자연스러운 현상이라고 생각합니다.				이네사 해먼데일
QUEST_LV_0500_20210809_000937	Podría pedirles a otros que investiguen{nl}pero algo me dice que es peligroso mirar a la Kruvina extragrande.	다른 이에게 조사를 맡길 수도 있겠지만,{nl}유독 심상치 않은 커다란 크루비나인만큼 위험한 예감이 듭니다.				이네사 해먼데일
QUEST_LV_0500_20210809_000938	Me gustaría que lo investigaras.	계시자님께서 부디 조사해주셨으면 합니다.				이네사 해먼데일
QUEST_LV_0500_20210809_000939	Gracias por su cooperación.{nl}Los muros de Kruvina están bloqueando la entrada al primer piso de la prisión subterránea de Ashaq,{nl}pero si pasa por una calle lateral, podrá ingresar al segundo piso de la prisión subterránea de Ashaq.	군말 없이 협조해주셔서 감사합니다.{nl}크루비나 장벽이 아샤크 지하 감옥 1층의 입구를 막고 있지만, {nl}샛길을 통한다면 아샤크 지하 감옥 2층으로 진입하실 수 있을 겁니다.				이네사 해먼데일
QUEST_LV_0500_20210809_000940	Será mejor que primero investigues el enorme muro de Kruvina y entres al segundo piso de la prisión subterránea de Ashaq.	거대 크루비나 장벽을 먼저 조사해보시고 아샤크 지하 감옥 2층으로 진입하시는 게 좋을 겁니다.				이네사 해먼데일
QUEST_LV_0500_20210809_000941	El enorme muro de Kruvina bloquea el camino a la prisión subterránea 1F de Ashaq	거대한 크루비나 장벽이 아샤크 지하 감옥 1층으로 가는 길을 막아서고 있다				PC
QUEST_LV_0500_20210809_000942	Podrás ingresar al segundo piso de la prisión subterránea de Ashaq por una calle lateral.	샛길을 통한다면 아샤크 지하 감옥 2층으로 진입하실 수 있을 겁니다.				이네사 해먼데일
QUEST_LV_0500_20210809_000943	¿Revelador?	계시자?				파야우타
QUEST_LV_0500_20210809_000944	Tú eres el llamado "Revelador".	당신은 계시자라 불리는 사람이군요.				파울루스
QUEST_LV_0500_20210809_000945	El Espectador a veces hablaba de personas llamadas con ese título.{nl}Estas son las personas que soñaron con la diosa Laima, ¿verdad?{nl}También pareces conocer a mi hermana pequeña, Pajauta.	간혹 주시자가 그렇게 불리는 사람들에 대한 이야기를 한 적이 있습니다.{nl}라이마 여신의 꿈을 꾼 사람들이라지요?{nl}제 동생 파야우타와 인연이 있으신 듯하네요.				파울루스
QUEST_LV_0500_20210809_000946	Si estás aquí para investigar, ¿podrías ayudar a mi hermana?{nl}Es mejor que pase desapercibido para los demonios que siguen al Espectador.	혹시 이곳을 조사하러 오신 거라면 제 동생을 도와주시겠습니까?{nl}저는 주시자를 따르는 마족들에게 보여서 좋을 게 없습니다.				파울루스
QUEST_LV_0500_20210809_000947	Creo que los demonios cercanos han sido eliminados.{nl}Podremos avanzar más profundamente.	주변의 마족들은 이제 정리가 된 거 같네.{nl}이 정도면 좀 더 깊이 들어갈 수 있겠어.				파야우타
QUEST_LV_0500_20210809_000948	Mira lo que visten los demonios aquí.{nl}Es más bien como... un alquimista o un médico de la plaga.	여기 있는 마족들의 복장을 봐봐.{nl}알케미스트나 플레이그 닥터랑 비슷한 느낌이야.				파야우타
QUEST_LV_0500_20210809_000949	Obviamente está relacionado con lo que dijo Paulius sobre el experimento.	파울루스가 말한 실험과 분명 연관이 있어.				파야우타
QUEST_LV_0500_20210809_000950	Quizás podamos encontrar algo de ellos.	녀석들에게서 뭐라도 찾을 수 있을지도 몰라.				파야우타
QUEST_LV_0500_20210809_000951	Mokslas tendrá algo.{nl}Capturémoslos y miremos lo que tienen.	모크슬라들이 뭐라도 가지고 있을 거야.{nl}녀석들을 잡아서 소지품을 보자.				파야우타
QUEST_LV_0500_20210809_000952	Datos de la investigación en humanos...{nl}Hay bastantes contenidos superpuestos entre ellos.{nl}Creo que esto es suficiente.	인간에 관한 연구 자료..{nl}이 중에서도 겹치는 내용이 꽤 있네.{nl}이 정도면 충분한 거 같아.				파야우타
QUEST_LV_0500_20210809_000953	Me quedaré con las pruebas.	증거물들은 내가 가지고 있을게.				파야우타
QUEST_LV_0500_20210809_000954	Paulius estará en algún lugar cercano.{nl}Busquemos a Paulius.	근처에 파울루스가 있을 거야.{nl}파울루스를 찾아보자.				파야우타
QUEST_LV_0500_20210809_000955	Me alegra verte de regreso sano y salvo.{nl}Pajauta, gracias por estar en el lugar de tu hermano.	무사히 들어오셨군요.{nl}파야우타, 이 오빠를 대신해줘서 정말 고맙다.				파울루스
QUEST_LV_0500_20210809_000956	Revelador.{nl}La estantería que ves por aquí es donde Mokslas guarda los registros de las investigaciones o los materiales necesarios.	계시자님.{nl}이 근처에 보이시는 책장들은 모크슬라들이 연구의 기록지나 필요한 자료들을 보관하는 곳입니다.				파울루스
QUEST_LV_0500_20210809_000957	Debe haber algo que hubiera sido necesario para ese terrible experimento.	분명히 그 끔찍한 실험을 위해 필요했을 무언가가 있을 겁니다.				파울루스
QUEST_LV_0500_20210809_000958	Vuelve aquí cuando encuentres los datos.{nl}Me mantendré alejado por un tiempo.	자료를 찾으시면 다시 이곳으로 와주세요.{nl}저는 잠시 피해 있겠습니다.				파울루스
QUEST_LV_0500_20210809_000959	El experimento de Quipmage...	큅메이지의 연구라..				파울루스
QUEST_LV_0500_20210809_000960	Quipmage es un humano que se convirtió en demonio. {nl} The Beholder ha llevado a cabo experimentos utilizando Kruvina para convertir a los humanos en un demonio...	큅 메이지는 마족이 된 인간이죠.{nl}주시자는 크루비나를 이용해 인간을 마족으로 만드는 실험을 강행했으니..				파울루스
QUEST_LV_0500_20210809_000961	Esos datos serán una evidencia sólida.	그 자료는 확실한 증거가 될 겁니다.				파울루스
QUEST_LV_0500_20210809_000962	También conservaré los datos de esta investigación.	이 연구 자료도 내가 보관하고 있을게.				파야우타
QUEST_LV_0500_20210809_000963	Mokslas tendrá las pertenencias de las víctimas del experimento.	실험에 희생당한 사람들의 소지품을 모크슬라들이 가지고 있을 겁니다.				파울루스
QUEST_LV_0500_20210809_000964	Tienen la costumbre de llenar sus bolsas.{nl}Pero también son torpes y tienden a dejar caer sus cosas aquí y allá.	녀석들은 자기 주머니에 물건을 채워 넣는 습성이 있습니다.{nl}하지만 꼼꼼한 녀석들은 아니라 바닥에 곧, 잘 흘리고 다닙니다.				파울루스
QUEST_LV_0500_20210809_000965	Busque las pertenencias de los muertos en la bolsa de Mokslas en el suelo.	바닥에 떨어진 모크슬라들의 주머니에서 죽은 사람들의 소지품을 찾아보세요.				파울루스
QUEST_LV_0500_20210809_000966	Si las personas que murieron en el experimento eran aristócratas, la familia real no cerrará los ojos ante el asunto.{nl}El pasaje central es un lugar por donde Mokslas pasa con frecuencia, por lo que encontrarás fácilmente las bolsas.	실험으로 죽은 사람들이 귀족이라면, 왕실에서도 예민한 반응을 보일 겁니다.{nl}중앙 통로는 모크슬라들이 자주 지나다니는 곳이니 주머니를 쉽게 찾으실 수 있을 겁니다.				파울루스
QUEST_LV_0500_20210809_000967	Y cuando vayas a la sala de examen, encontrarás un material de investigación importante llamado Soul Binder.{nl}Te veré allí.	그리고 검사실에 가면 영혼 구속제라는 중요한 연구 재료가 보관되어 있을 겁니다.{nl}그곳에서 뵙죠.				파울루스
QUEST_LV_0500_20210809_000968	Es un poco gracioso pensar que se llevaban joyas mientras el reino se desmoronaba.	왕국이 무너지는 와중에도 보석이나 챙기고 있었다고 생각하니 조금은 우습네.				파야우타
QUEST_LV_0500_20210809_000969	Dámelo, me lo quedaré.	내게 줘, 보관하고 있을게.				파야우타
QUEST_LV_0500_20210809_000970	Paulus dijo que un importante material de investigación llamado Soul Binder se encuentra en la sala de examen de aquí arriba.	파울루스는 영혼 구속제라는 중요한 연구 재료가 이 위에 있는 검사실에 있다고 했어.				파야우타
QUEST_LV_0500_20210809_000971	Corramos a la sala de examen.	서둘러 검사실로 가자.				파야우타
QUEST_LV_0500_20210809_000972	El Soul Binder estará en la sala de examen.	영혼 구속제는 검사실에 보관되어 있을 거야.				파야우타
QUEST_LV_0500_20210809_000973	Gracias a Dios.{nl}Revisemos el almacenamiento.	다행이야.{nl}보관함을 확인해 보자.				파야우타
QUEST_LV_0500_20210809_000974	Algo es extraño...{nl}¿Por qué no reacciona?	이상해..{nl}왜 아무 반응도 없는 거지?				파야우타
QUEST_LV_0500_20210809_000975	El alma de Paulius ha regresado sana y salva.	파울루스의 영혼이 무사히 돌아왔다				PC
QUEST_LV_0500_20210809_000976	Querido...{nl}Supongo que se me ha roto el alma.	이런..{nl}제 영혼이 부서졌었나 보군요..				파울루스
QUEST_LV_0500_20210809_000977	Pajauta, perdón por preocuparte.{nl}Gracias Revelador.	파야우타, 걱정시켜서 미안하구나.{nl}계시자님께도 감사합니다.				파울루스
QUEST_LV_0500_20210809_000978	Frente a esto está la entrada al Área de Contención de la Prisión Subterránea de Ashaq.{nl}Sin embargo, no será fácil porque Mokslas Vhaldobas, el líder de Mokslas, se encuentra allí.	이 앞은 아샤크 지하 감옥 격리 구역으로 통하는 입구가 있습니다.{nl}그러나, 모크슬라 발도바스라는 모크슬라들의 우두머리가 그 안에 있어서 쉽지 않을 겁니다.				파울루스
QUEST_LV_0500_20210809_000979	Será mejor que atraigamos a Mokslas Vhaldobas hasta aquí y lo superemos mientras tanto.{nl}Si tú, Revelator atraerías a Vhaldobas primero,{nl}Pajauta y yo entraremos al Área de Contención primero y despejaremos el camino para que puedas seguir.	모크슬라 발도바스를 이쪽으로 불러들이고 그 사이에 통과하는 게 좋겠습니다.{nl}계시자님께서 발도바스를 유인해주신다면,{nl}파야우타와 제가 먼저 격리 구역으로 진입해 계시자님이 무사히 따라 올 수 있도록 그곳을 정리해두겠습니다.				파울루스
QUEST_LV_0500_20210809_000980	Parece inconsciente{nl}Comprueba el estado de Pajauta	의식을 잃었다{nl}파야우타의 상태를 확인하자				PC
QUEST_LV_0500_20210809_000981	Lo... siento{nl}bajé la guardia.	미안..{nl}방심했어.				파야우타
QUEST_LV_0500_20210809_000982	¿Qué pasa con Paulio?	파울루스는?				파야우타
QUEST_LV_0500_20210809_000983	Parece que no puedo controlar mi cuerpo...{nl}¿Estás bien?	몸이 말을 듣지 않아..{nl}너는 괜찮은 거야?				파야우타
QUEST_LV_0500_20210809_000984	Por favor.{nl}No dejes que Beholder se escape.	부탁이야.{nl}주시자를 놓치지 마.				파야우타
QUEST_LV_0500_20210809_000985	Aunque nos traicionó, Paulus es mi familia.{nl}Por favor, ayúdame a recuperar el alma de Paulius.	비록 우리를 배신했지만 파울루스는 내 가족이야.{nl}파울루스의 영혼을 되찾아 줘.				파야우타
QUEST_LV_0500_20210809_000986	Si tú, Revelator atraería a Vhaldobas usando la palanca, {nl}Pajauta y yo entraremos primero al Área de Contención y despejaremos el camino para que puedas seguir.	계시자님께서 레버를 사용해 발도바스를 유인해주신다면,{nl}파야우타와 제가 먼저 격리 구역으로 진입해 계시자님이 따라 올 수 있도록 그곳을 정리해두겠습니다.				파울루스
QUEST_LV_0500_20210809_000987	Será mejor dividirse en dos bandos con Pajauta para evitar que Lunatic Marnox se escape.{nl}Por favor, elige el bando al que deseas ir primero.	광기의 마르녹스가 도망가지 못하도록 파야우타와 양쪽으로 나뉘어 녀석을 몰아넣는 게 좋습니다.{nl}원하시는 방향으로 먼저 출발하시죠.				파울루스
QUEST_LV_0500_20210809_000988	Narrador misterioso	의문의 이야기꾼				
QUEST_LV_0500_20210809_000989	{#FF0000}※ Misión tutorial de cuento heroico.{/}{nl}Saludos, Revelador.	{#FF0000}※ 영웅담 진행을 위한 튜토리얼 퀘스트입니다.{/}{nl}계시자 님 안녕하세요?				의문의 이야기꾼
QUEST_LV_0500_20210809_000990	Te llamé porque quería contarte una historia que conozco.	계시자님에게 들려 드리고 싶은 이야기가 있어서 계시자님을 불렀습니다.				의문의 이야기꾼
QUEST_LV_0500_20210809_000991	¿Qué tal?	어떠실까요?				의문의 이야기꾼
QUEST_LV_0500_20210809_000992	[Cuento heroico] Historias que no duraron	[영웅담] 남지 못한 이야기들				
QUEST_LV_0500_20210809_000993	Tengo curiosidad por la historia.	이야기가 궁금하다고 한다				
QUEST_LV_0500_20210809_000994	Secretos escondidos bajo tierra (1)	지하에 감춘 비밀들(1)				
QUEST_LV_0500_20210809_000995	Secretos escondidos bajo tierra (2)	지하에 감춘 비밀들(2)				
QUEST_LV_0500_20210809_000996	No puedo confiar en Paulius	파울루스를 믿을 수 없다고 한다				
QUEST_LV_0500_20210809_000997	Secretos escondidos bajo tierra (3)	지하에 감춘 비밀들(3)				
QUEST_LV_0500_20210809_000998	descansemos un rato	잠시 쉬자고 한다				
QUEST_LV_0500_20210809_000999	Secretos escondidos bajo tierra (4)	지하에 감춘 비밀들(4)				
QUEST_LV_0500_20210809_001000	Trabajaré en otras cosas primero.	다른 일을 먼저 하겠다고 한다				
QUEST_LV_0500_20210809_001001	Secretos escondidos bajo tierra (5)	지하에 감춘 비밀들(5)				
QUEST_LV_0500_20210809_001002	Secretos escondidos bajo tierra (6)	지하에 감춘 비밀들(6)				
QUEST_LV_0500_20210809_001003	Secretos escondidos bajo tierra (7)	지하에 감춘 비밀들(7)				
QUEST_LV_0500_20210809_001004	vamos a comprobar	어서 확인하자고 한다				
QUEST_LV_0500_20210809_001005	Por favor espera un momento	미안하지만 기다려달라고 한다				
QUEST_LV_0500_20210809_001006	Secretos escondidos bajo tierra (8)	지하에 감춘 비밀들(8)				
QUEST_LV_0500_20210809_001007	Señor Demonio Atormentado	고통받는 마군주				
QUEST_LV_0500_20210809_001008	A la derecha (1)	우측으로(1)				
QUEST_LV_0500_20210809_001009	A la derecha (2)	우측으로(2)				
QUEST_LV_0500_20210809_001010	A la izquierda (1)	좌측으로(1)				
QUEST_LV_0500_20210809_001011	A la izquierda (2)	좌측으로(2)				
QUEST_LV_0500_20210809_001012	Unirse	합류				
QUEST_LV_0500_20210809_001013	La muerte como ser humano (1)	인간다운 죽음(1)				
QUEST_LV_0500_20210809_001014	La muerte como ser humano (2)	인간다운 죽음(2)				
QUEST_LV_0500_20210809_001015	desmayado	기절헀다고 한다				
QUEST_LV_0500_20210809_001016	Lo comprobaré de nuevo	다시 확인해보겠다고 한다				
QUEST_LV_0500_20210809_001017	Persiguiendo al predicador (1)	설교자 쫓기(1)				
QUEST_LV_0500_20210809_001018	Persiguiendo al predicador (2)	설교자 쫓기(2)				
QUEST_LV_0500_20210809_001019	Persiguiendo al predicador (3)	설교자 쫓기(3)				
QUEST_LV_0500_20210809_001020	Persiguiendo al predicador (4)	설교자 쫓기(4)				
QUEST_LV_0500_20210809_001021	Persiguiendo al predicador (5)	설교자 쫓기(5)				
QUEST_LV_0500_20210809_001022	Persiguiendo al predicador (6)	설교자 쫓기(6)				
QUEST_LV_0500_20210809_001023	Persiguiendo al predicador (7)	설교자 쫓기(7)				
QUEST_LV_0500_20210809_001024	Persiguiendo al predicador (8)	설교자 쫓기(8)				
QUEST_LV_0500_20210809_001025	Persiguiendo al predicador (9)	설교자 쫓기(9)				
QUEST_LV_0500_20210809_001026	Persiguiendo al predicador (10)	설교자 쫓기(10)				
QUEST_LV_0500_20210809_001027	Persiguiendo al predicador (11)	설교자 쫓기(11)				
QUEST_LV_0500_20210809_001028	necesito tomar un descanso	지금은 쉬어야겠다고 한다				
QUEST_LV_0500_20210809_001029	Sacellum del Santo	성자의 기도소				
QUEST_LV_0500_20210809_001030	Pregunta más sobre el Sacellum del Santo	성자의 기도소에 대해 더 묻는다				
QUEST_LV_0500_20210809_001031	Cruce de caminos	갈림길				
QUEST_LV_0500_20210809_001032	Solicitud de reconstrucción del reino	왕국 재건단의 부탁				
QUEST_LV_0500_20210809_001033	Soy el Revelador y con gusto te ayudaré.	계시자임을 밝히고 기꺼이 돕겠다고 한다				
QUEST_LV_0500_20210809_001034	Demonio en el estanque de Lemprasa	렘파라사 연못의 마족들				
QUEST_LV_0500_20210809_001035	Sin respaldo, no	지원이 없으면 싫다고 한다				
QUEST_LV_0500_20210809_001036	Caras familiares	반가운 얼굴				
QUEST_LV_0500_20210809_001037	El ataque es la mejor defensa (1)	최선의 방어는 공격(1)				
QUEST_LV_0500_20210809_001038	no me gusta el plan	계획이 마음에 들지 않는다고 한다				
QUEST_LV_0500_20210809_001039	El ataque es la mejor defensa (2)	최선의 방어는 공격(2)				
QUEST_LV_0500_20210809_001040	Yo lideraré el camino	앞장서겠다고 한다				
QUEST_LV_0500_20210809_001041	Ve al Bosque de los Puentes Enlazados	덧댄다리 숲으로 향하세요				
QUEST_LV_0500_20210809_001042	Falta de todo	모든 것이 부족한 상황				
QUEST_LV_0500_20210809_001043	Hablaré del asunto con Pajauta.	파야우타와 의논해보겠다고 한다				
QUEST_LV_0500_20210809_001044	Supongo que no hay otra manera	별 수 없다고 한다				
QUEST_LV_0500_20210809_001045	Buena idea (1)	좋은 방법(1)				
QUEST_LV_0500_20210809_001046	Que idea tan genial	천재적인 발상이라고 한다				
QUEST_LV_0500_20210809_001047	Estoy confundido	혼란스럽다고 한다				
QUEST_LV_0500_20210809_001048	Buena idea (2)	좋은 방법(2)				
QUEST_LV_0500_20210809_001049	Buena idea (3)	좋은 방법(3)				
QUEST_LV_0500_20210809_001050	Buena idea (4)	좋은 방법(4)				
QUEST_LV_0500_20210809_001051	Espléndido suministro	훌륭한 물자				
QUEST_LV_0500_20210809_001052	yo iré contigo	같이 가겠다고 한다				
QUEST_LV_0500_20210809_001053	hablaré de eso	의논해보겠다고 한다				
QUEST_LV_0500_20210809_001054	Dirígete al cruce de Paupys con el equipo de recuperación de daños de Orsha	오르샤 피해 복구반을 따라 파우피스 나루로 이동하세요				
QUEST_LV_0500_20210809_001055	Otras víctimas	또 다른 피해자들				
QUEST_LV_0500_20210809_001056	lo buscaré tanto como pueda	최대한 찾아보겠다고 한다				
QUEST_LV_0500_20210809_001057	No dejar a nadie atrás	남겨지는 사람이 없도록				
QUEST_LV_0500_20210809_001058	es inútil	가망 없는 이야기라고 한다				
QUEST_LV_0500_20210809_001059	Recuerdos perdidos	잃어버린 기억				
QUEST_LV_0500_20210809_001060	te acompañaré un poquito más	좀 더 함께 다니겠다고 한다				
QUEST_LV_0500_20210809_001061	Alguien tiene una historia que contarte.	누군가 당신에게 들려줄 이야기가 있습니다				
QUEST_LV_0500_20210809_001062	Alguien quiere contarte, Revelador, una historia especial.	누군가 계시자인 당신에게 특별한 이야기를 해주고 싶어합니다				
QUEST_LV_0500_20210809_001063	Lea la introducción de la Historia Perdida	잊혀진 이야기의 서문을 읽어보세요				
QUEST_LV_0500_20210809_001064	Te mudaste a un espacio lleno de sentimientos extraños y familiares.{nl}Escucha la historia del narrador paso a paso.	낯설기도 하지만 익숙한 느낌이 가득한 공간으로 이동했습니다{nl}이야기꾼의 이야기를 차근차근 들어보세요				
QUEST_LV_0500_20210809_001065	Habla con el narrador de historias	이야기꾼과 대화하세요.				
QUEST_LV_0500_20210809_001066	La historia de Story Teller ha terminado.	이야기꾼의 이야기가 끝났습니다				
QUEST_LV_0500_20210809_001067	Conoce al señor de Orsha	오르샤의 영주를 만나기				
QUEST_LV_0500_20210809_001068	Inesa Hamondale, Señor de Orsha, te está esperando{nl}Ve al Señor de Orsha y escucha lo que tiene que decir{nl}	오르샤의 영주 이네사 해먼데일이 당신을 기다리고 있습니다{nl}오르샤의 영주를 찾아가 이야기를 들어보세요{nl}				
QUEST_LV_0500_20210809_001069	Investiga los muros de Kruvina que bloquean la entrada a la prisión subterránea de Ashaq 1F.	아샤크 지하 감옥 1층의 입구를 막아선 크루비나 장벽을 조사하기				
QUEST_LV_0500_20210809_001070	El Señor de Orsha te ha hablado de los enormes muros de Kruvina que bloquean la entrada al cruce de Paupys y el primer piso de la prisión subterránea de Ashaq.{nl}Ella te pidió que investigaras la prisión subterránea de Ashaq.{nl}Investiga los muros de Kruvina antes de entrar a la prisión subterránea de Ashaq 2F	오르샤의 영주는 당신에게 파우피스 나루와 아샤크 지하 감옥 1층의 입구를 차단하고 있는 거대한 크루비나 장벽에 대해 의문을 이야기했습니다{nl}그와 함께 아샤크 지하 감옥에 대한 조사를 부탁했습니다{nl}아샤크 지하 감옥 2층으로 진입하기 전에 크루비나 장벽을 먼저 조사해보세요				
QUEST_LV_0500_20210809_001071	Ingrese a la prisión subterránea de Ashaq 2F	아샤크 지하 감옥 2층 진입하기				
QUEST_LV_0500_20210809_001072	Es sospechoso que haya un enorme muro de Kruvina cerca del vasto Orsha.{nl}Ve a la prisión subterránea de Ashaq 2F por el pasaje informado por el Señor de Orsha.	넓은 오르샤 근방에 거대한 크루비나 장벽이 서 있는 게 수상합니다{nl}오르샤의 영주가 일러준 진입로를 통해 아샤크 지하 감옥 2층으로 이동하세요				
QUEST_LV_0500_20210809_001073	hablar con paulius	파울루스와 이야기하기				
QUEST_LV_0500_20210809_001074	Te encontraste con el hermano de Pajauta, Paulius{nl}Habla con él	파야우타의 오빠인 파울루스를 만났습니다{nl}그와 이야기해보세요				
QUEST_LV_0500_20210809_001075	Caza a los monstruos antes de comenzar la investigación real.	본격적인 조사에 앞서 몬스터들을 정리하세요				
QUEST_LV_0500_20210809_001076	Necesitamos iniciar una investigación para reunir pruebas de la brutalidad cometida por el Espectador.{nl}Derrota a los monstruos cercanos para evitar que interfieran con la investigación.	주시자가 벌인 만행에 대한 증거를 모으기 위해 조사를 시작해야 합니다{nl}조사에 방해가 되지 않도록 주변 몬스터를 처치하세요				
QUEST_LV_0500_20210809_001077	Habla con Pajauta	파야우타와 대화하기				
QUEST_LV_0500_20210809_001078	Has derrotado a una cantidad suficiente de monstruos{nl}Discute el siguiente objetivo con Pajauta	공격해오는 몬스터들을 충분히 제거했습니다{nl}다음 목표를 위해 파야우타와 상의하세요				
QUEST_LV_0500_20210809_001079	Discute el próximo objetivo con Pajauta	이다음을 위해 파야우타와 논의하세요				
QUEST_LV_0500_20210809_001080	Roba los datos de investigación de los monstruos.	몬스터들로부터 연구자료 훔치기				
QUEST_LV_0500_20210809_001081	Los datos de investigación que tienen los Mokslas son evidencia importante{nl}Caza a los Mokslas y roba sus datos de investigación.	모크슬라들이 가지고 있는 연구 자료는 중요한 증거물입니다{nl}모크슬라들을 처치하고 그들의 연구자료를 탈취하세요				
QUEST_LV_0500_20210809_001082	Has robado suficientes datos de Mokslas{nl}Habla con Pajauta sobre qué hacer a continuación	모크슬라들로부터 충분한 자료들을 훔쳤습니다{nl}파야우타와 대화하고 다음 할 일을 이야기하세요				
QUEST_LV_0500_20210809_001083	Cazar al Mokslas	모크슬라 처치				
QUEST_LV_0500_20210809_001084	encontrar a paulius	파울루스를 찾기				
QUEST_LV_0500_20210809_001085	Búsqueda de Paulius	파울루스를 찾으세요				
QUEST_LV_0500_20210809_001086	Investigar los datos de la investigación	연구 자료를 조사하기				
QUEST_LV_0500_20210809_001087	Los datos de la investigación de Mokslas son importantes, pero hay un documento separado que contiene el núcleo de la investigación.{nl}Encuentre los datos en la estantería.	모크슬라들의 연구 자료는 중요한 자료이지만, 정작 중요한 핵심적인 연구의 성과를 이룰 수 있는 연구에 대해 적힌 자료는 따로 있다고 합니다{nl}책장에서 자료를 찾아야합니다				
QUEST_LV_0500_20210809_001088	Encontraste un libro escrito sobre la transacción entre el Espectador y el Quipmage.{nl}Muéstrale el libro a Paulius	주시자와 퀩 메이지의 거래에 관한 이야기가 적힌 서적을 찾았습니다{nl}파울루스에게 서적을 보여주세요				
QUEST_LV_0500_20210809_001089	Adquirió los datos de investigación importantes{nl}La parte no comparte los datos de investigación importantes	중요한 연구 자료 획득{nl}중요한 연구 자료는 파티 공유로 획득되지 않습니다.				
QUEST_LV_0500_20210809_001090	hablar con paulius	파울루스와 대화하기				
QUEST_LV_0500_20210809_001091	Tienes evidencia del tipo de investigación que busca el Beholder.{nl}Habla con Paulius sobre el próximo objetivo.	주시자가 어떤 연구를 목표로하는 지에 대한 증거를 확보했습니다{nl}파울루스와 다음 할 일에 대해 이야기하세요				
QUEST_LV_0500_20210809_001092	Recupera las pertenencias que dejó caer el Mokslas.	모크슬라들이 떨어뜨린 분실물 회수				
QUEST_LV_0500_20210809_001093	Necesitamos pruebas para demostrar que las víctimas eran humanos.{nl}Los Mokslas son torpes y tienden a dejar caer sus pertenencias con facilidad.{nl}Recupera las pertenencias de las víctimas humanas que dejaron caer los Mokslas.	연구에 희생된 대상이 인간들임을 증명할 수 있는 증거가 필요합니다{nl}모크슬라들은 꼼꼼하지 못한 성격이니 쉽게 소지품을 떨어뜨린다고 합니다{nl}모크슬라들이 떨어뜨린 희생된 인간들의 소지품을 회수하세요				
QUEST_LV_0500_20210809_001094	Hemos encontrado artículos costosos que se cree que pertenecen a dignatarios reales.{nl}Entrégale los artículos a Pajauta y habla sobre el próximo objetivo.	왕실 고위 인사들의 소지품으로 추정되는 값비싼 물건들을 발견했습니다{nl}파야우타에게 소지품들을 맡기고 다음 목표에 관해 이야기하세요				
QUEST_LV_0500_20210809_001095	Habla con Pajauta sobre el próximo objetivo	파야우타와 다음 목표에 관해 이야기 하세요				
QUEST_LV_0500_20210809_001096	Investigar el gabinete roto	고장 난 보관함 조사하기				
QUEST_LV_0500_20210809_001097	Investigar el gabinete roto	고장 난 보관함을 조사하세요				
QUEST_LV_0500_20210809_001098	Te has defendido de la emboscada de los monstruos{nl}Habla con Pajauta	몬스터들의 습격을 방어했습니다{nl}파야우타와 대화하세요				
QUEST_LV_0500_20210809_001099	Revisa el gabinete roto	고장난 보관함 확인하기				
QUEST_LV_0500_20210809_001100	Revisa el gabinete roto	고장 난 보관함을 확인하세요				
QUEST_LV_0500_20210809_001101	Recupera el alma dividida de Paulius{nl}Después de haber recolectado cada pieza del alma, puedes restaurarla yendo a un lugar seguro.	조각난 파울루스의 영혼을 회수하기{nl}영혼을 모두 모으면 안전한 곳으로 이동해 파울루스의 영혼을 복구할 수 있습니다				
QUEST_LV_0500_20210809_001102	Has adquirido con éxito un Soul Binder del Gabinete Roto{nl}Sin embargo, el alma de Paulius se partió en pedazos debido a la explosión{nl}Recoge los pedazos del alma de Paulius antes de que su alma desaparezca por completo{nl}Después de haber recolectado cada pedazo del alma, puedes restaurar el alma yendo a un lugar seguro.	고장 난 보관함에서 성공적으로 영혼 구속제를 획득했습니다{nl}그러나, 폭발의 영향으로 파울루스의 영혼까지 조각나버렸습니다{nl}파울루스의 영혼이 완전히 사라지기 전에 그의 영혼들을 다시 모으세요{nl}영혼을 모두 모으면 안전한 곳으로 이동해 파울루스의 영혼을 복구할 수 있습니다				
QUEST_LV_0500_20210809_001103	Habla con Paulius{nl}Después de recolectar cada pedazo del alma, ve a un lugar seguro para restaurar el alma de Paulius.	파울루스와 대화하기{nl}영혼을 모두 모으면 안전한 곳으로 이동해 파울루스의 영혼을 복구하세요				
QUEST_LV_0500_20210809_001104	Afortunadamente, cada pedazo del alma de Paulius está reunido{nl}Habla con Paulius	다행히 파울루스의 영혼을 모두 모았습니다{nl}파울루스와 이야기하세요				
QUEST_LV_0500_20210809_001105	hablar con paulius	파울루스와 대화하세요				
QUEST_LV_0500_20210809_001106	Activar palanca	레버 작동시키기				
QUEST_LV_0500_20210809_001107	Para ingresar al área de contención de la prisión subterránea de Ashaq, debes eliminar al líder de Mokslas{nl}Activa la palanca para llamar a Mokslas Vhaldobas.	아샤크 지하 감옥 격리 구역으로 진입하기 위해서는 모크슬라들의 우두머리를 처치해야 합니다{nl}레버를 작동시켜 모크슬라 발도바스를 부르세요				
QUEST_LV_0500_20210809_001108	Ingrese al área de contención de la prisión subterránea de Ashaq	아샤크 지하 감옥 격리구역으로 진입하기				
QUEST_LV_0500_20210809_001109	Derrotaste a Mokslas Vhaldobas{nl}Ahora puedes ingresar de manera segura a la zona de cuarentena	모크슬라 발도바스를 처치했습니다{nl}이제 안전하게 격리 구역으로 진입할 수 있습니다				
QUEST_LV_0500_20210809_001110	Dirígete al área de contención de la prisión subterránea de Ashaq	아샤크 지하 감옥 격리 구역으로 향하기				
QUEST_LV_0500_20210809_001111	Ve al área de contención de la prisión subterránea de Ashaq{nl}Pajauta y Paulius te están esperando	아샤크 지하 감옥 격리 구역으로 이동하세요{nl}파울루스와 파야우타가 기다리고 있습니다				
QUEST_LV_0500_20210809_001112	Detener al lunático Marnox	광기의 마르녹스 막기				
QUEST_LV_0500_20210809_001113	Detén la emboscada del Lunático Marnox	습격한 광기의 마르녹스를 저지하세요				
QUEST_LV_0500_20210809_001114	El lunático Marnox se escapó cuando lo superaron.{nl}Habla con Paulius	광기의 마르녹스가 수세에 몰리자 도망쳤습니다{nl}파울루스와 대화하세요				
QUEST_LV_0500_20210809_001115	Bloquea a Marnox para que no se escape hacia la derecha.	우측으로 마르녹스의 퇴로를 차단하기				
QUEST_LV_0500_20210809_001116	Bloquea a Marnox para que no se escape yendo al pasaje correcto.	오른쪽의 길로 이동하며 마르녹스의 퇴로를 차단하세요				
QUEST_LV_0500_20210809_001117	Derrota a los subordinados de Marnox e instala las trampas.	마르녹스의 부하들을 처치하고 함정 설치하기				
QUEST_LV_0500_20210809_001118	Evita que Marnox huya derrotando a los subordinados que siguen a Lunatic Marnox e instala las trampas.	광기의 마르녹스를 따르는 무리를 처치하고 함정을 설치해 퇴로를 차단하세요				
QUEST_LV_0500_20210809_001119	Esquina a Lunatic Marnox al siguiente punto.	다음 지점으로 광기의 마르녹스를 계속 몰아넣기				
QUEST_LV_0500_20210809_001120	Instalaste una bomba en el primer punto y derrotaste a los seguidores de Marnox{nl}Pasar al siguiente punto	첫 번째 지점에 폭탄을 설치하고 마르녹스를 따르는 무리를 처치했습니다{nl}다음 지점을 향해 이동하세요				
QUEST_LV_0500_20210809_001121	Enfréntate al Lunatic Marnox e instala la bomba.	광기의 마르녹스를 상대하고 폭탄을 설치하기				
QUEST_LV_0500_20210809_001122	Encontraste a Lunatic Marnox{nl}Derrota a Lunatic Marnox e instala la bomba.	광기의 마르녹스를 발견했습니다{nl}광기의 마르녹스를 격퇴하고 폭탄을 설치하세요				
QUEST_LV_0500_20210809_001123	Bloquea a Marnox para que no huya hacia la izquierda.	좌측으로 마르녹스의 퇴로를 차단하기				
QUEST_LV_0500_20210809_001124	Bloquea a Marnox para que no se escape yendo al pasaje de la izquierda.	왼쪽의 길로 이동가며 마르녹스의 퇴로를 차단하세요				
QUEST_LV_0500_20210809_001125	Únete a Pajauta	파야우타와 합류하기				
QUEST_LV_0500_20210809_001126	Has bloqueado todo el camino por un pasaje.{nl}Únete a Pajauta en el punto de unión	한 쪽 길의 퇴로를 모두 막았습니다{nl}합류 지점에서 파야우타와 합류하세요				
QUEST_LV_0500_20210809_001127	Derrota a los monstruos que atacan.	습격하는 몬스터들 격퇴하기				
QUEST_LV_0500_20210809_001128	Lunatic Marnox huyó al área de vigilancia central mientras lo conducían a un callejón sin salida{nl}Derrota a los monstruos que vienen detrás de Lunatic Marnox y Pajauta.	광기의 마르녹스가 막다른 길에 몰리자 중앙 감시 지역으로 도망쳤습니다{nl}광기의 마르녹스와 파야우타의 뒤를 쫓기 위해 습격해오는 몬스터들을 처치하세요				
QUEST_LV_0500_20210809_001129	Habla con Pajauta	파야우타와 이야기하기				
QUEST_LV_0500_20210809_001130	Lunatic Marnox ha huido al área de vigilancia central{nl}Habla con Pajauta antes de perseguirlo por última vez.	광기의 마르녹스가 중앙 감시 지역으로 도망쳤습니다{nl}마지막으로 그를 쫓기 전에 파야우타와 대화하세요				
QUEST_LV_0500_20210809_001131	Derrota a los monstruos atacantes.	습격해오는 몬스터들 처치				
QUEST_LV_0500_20210809_001132	Ir al Área de Vigilancia Central	중앙 감시 구역으로 가기				
QUEST_LV_0500_20210809_001133	Detuviste el ataque del monstruo{nl}Ve al Área de Vigilancia Central, donde huyó el Lunático Marnox, con Pajauta.	몬스터들의 습격을 막아냈습니다{nl}파야우타와 광기의 마르녹스가 사라진 중앙 감시 구역으로 이동하세요				
QUEST_LV_0500_20210809_001134	Derrota a Paulius	파울루스 처치하기				
QUEST_LV_0500_20210809_001135	Paulius reveló sus verdaderos colores y atacó a Pajauta.{nl}Evita que Paulius controle el cuerpo de Lunatic Marnox.	파울루스가 본색을 드러내고 파야우타를 습격했습니다{nl}광기의 마르녹스의 몸을 지배하고 있는 파울루스를 저지하세요				
QUEST_LV_0500_20210809_001136	Consulta el estado de Paulius noqueado	쓰러진 파울루스의 상태를 확인하기				
QUEST_LV_0500_20210809_001137	Consulta el estado de Paulius noqueado	쓰러진 파울루스의 상태를 확인하세요				
QUEST_LV_0500_20210809_001138	Derrota a Paulius	파울루스 처치				
QUEST_LV_0500_20210809_001139	Consulta el estado de Pajauta	파야우타의 상태를 확인하기				
QUEST_LV_0500_20210809_001140	Consulta el estado de Pajauta	파야우타의 상태를 확인하세요				
QUEST_LV_0500_20210809_001141	Habla con Pajauta antes de perseguir al Espectador.	주시자를 쫓기 전에 파야우타와 이야기하세요				
QUEST_LV_0500_20210809_001142	Persigue al espectador	주시자를 추적하기				
QUEST_LV_0500_20210809_001143	Persigue al espectador	주시자를 추적하세요				
QUEST_LV_0500_20210809_001144	Persigue al espectador	주시자 추격하기				
QUEST_LV_0500_20210809_001145	Persigue al espectador	주시자를 쫓아가세요				
QUEST_LV_0500_20210809_001146	El espectador se dirige a algún lugar y habla contigo.{nl}Persigue al espectador rompiendo el ataque del monstruo.	주시자는 어딘가로 향하며 당신에게 이야기하고 있습니다{nl}몬스터들의 공격을 뚫고 주시자를 쫓으세요				
QUEST_LV_0500_20210809_001147	Persigue al espectador en la dirección donde desapareció.	주시자가 사라진 방향으로 주시자를 추격하세요				
QUEST_LV_0500_20210809_001148	Derrota al monstruo y persigue al Espectador.	몬스터를 처치하고 주시자 추격하기				
QUEST_LV_0500_20210809_001149	Detén el ataque de los monstruos y persigue al Espectador.	몬스터들의 습격을 저지하고 주시자를 추격하세요				
QUEST_LV_0500_20210809_001150	Persigue al espectador en la dirección donde desapareció.	주시자가 사라진 방향으로 주시자를 쫓아가세요				
QUEST_LV_0500_20210809_001151	Detén el ataque de los monstruos y persigue al Espectador.	몬스터들의 습격을 저지하고 주시자를 쫓으세요				
QUEST_LV_0500_20210809_001152	Derrota a la Abominación inútil	쓸모없는 어보미네이션을 처치하기				
QUEST_LV_0500_20210809_001153	Apareció una abominación inútil{nl}Chase the Beholder después de derrotar a la abominación	쓸모없는 어보미네이션이 나타났습니다{nl}어보미네이션을 처치하고 주시자를 추격하세요				
QUEST_LV_0500_20210809_001154	Persiguiendo al espectador	주시자 추격				
QUEST_LV_0500_20210809_001155	Defensas contra ataques	습격을 막아내기				
QUEST_LV_0500_20210809_001156	Derrota a los monstruos que atacan y continúa persiguiendo al Espectador.	습격해오는 몬스터들을 처치하고 주시자를 계속 추격하세요				
QUEST_LV_0500_20210809_001157	Rompe los muros de Kruvina	크루비나 장벽을 부수기				
QUEST_LV_0500_20210809_001158	Persigue al Espectador después de romper los muros de Kruvina hechos por él.	주시자가 만들어낸 크루비나 장벽을 부수고 주시자를 추격하세요				
QUEST_LV_0500_20210809_001159	Romper %s	%s 부수기				
QUEST_LV_0500_20210809_001160	Derrota a todos los enemigos en el camino.	막아서는 적들을 모두 처치하기				
QUEST_LV_0500_20210809_001161	Derrota a todos los enemigos que intentan impedirte perseguir al Espectador.	주시자를 추격하기 위해 막아서고 있는 적들을 모두 처치하세요				
QUEST_LV_0500_20210809_001162	Derrota al monstruo que bloquea el camino.	길을 막아서고 있는 몬스터 처치				
QUEST_LV_0500_20210809_001163	Batalla contra el espectador	주시자와 전투				
QUEST_LV_0500_20210809_001164	El Espectador te enfrenta {nl}Derrota al Espectador	주시자가 당신과 대면합니다{nl}주시자를 상대하세요				
QUEST_LV_0500_20210809_001165	Frente al espectador	주시자와 대면하기				
QUEST_LV_0500_20210809_001166	Enfréntate al espectador	주시자와 대면하세요				
QUEST_LV_0500_20210809_001167	Habla con el Señor de Orsha	오르샤의 영주와 대화하기				
QUEST_LV_0500_20210809_001168	Habla con el Señor de Orsha	오르샤의 영주와 대화하세요				
QUEST_LV_0500_20210809_001169	Escuche un rumor sobre el Sacellum del Santo del maestro capellán.	채플린 마스터에게서 성자의 기도소에 관한 소문을 듣기				
QUEST_LV_0500_20210809_001170	El maestro capellán tiene una petición especial para el Revelador ya que Orsha es invadida por los demonios{nl}Ve con el maestro capellán y escucha el rumor sobre el Sacellum del Santo.	채플린 마스터는 오르샤가 마족에게 침공당한 시점에서 계시자에게 특별히 부탁하고 싶은 일이 있다고 합니다{nl}채플린 마스터를 찾아가 성자의 기도소에 관한 소문을 들으세요				
QUEST_LV_0500_20210809_001171	Ve con el maestro Arbalester en el Bosque de los Puentes Enlazados.	덧댄다리 숲의 아발리스터 마스터를 찾아가기				
QUEST_LV_0500_20210809_001172	El maestro capellán dice que hay muchas posibilidades de que el lugar indicado por el maestro Arbalester sea el Sacellum del Santo{nl}Ve con el maestro Arbalester enviado a Orsha.	채플린 마스터는 아발리스터 마스터가 말했던 장소가 성자의 기도소일 확률이 크다고합니다.{nl}오르샤에 지원 간 아발리스터 마스터를 찾아가세요.				
QUEST_LV_0500_20210809_001173	Elige un lado del pasaje y haz esquina con Lunatic Marnox.	양쪽의 길 중 한 방향을 선택해 광기의 마르녹스 포위하기				
QUEST_LV_0500_20210809_001174	Debes elegir izquierda o derecha y arrinconar a Lunatic Marnox.	오른쪽 길과 왼쪽 길 중 한 곳을 선택해 광기의 마르녹스를 포위해야 하세요				
QUEST_LV_0500_20210809_001175	Derrota a 2000 monstruos de tipo mutante en el área del Episodio 13-1.	Episode13-1 지역에서 변이형 몬스터 2000마리 처치				
QUEST_LV_0500_20210809_001176	Derrota a los monstruos de tipo mutante del área del Episodio 13-1.	Episode13-1 지역의 변이형 몬스터 처치	QUEST_LV_0500_20210115_000732	Defeat Mutant-type Monsters of Episode 13 area	Episdoe13 지역의 변이형 몬스터 처치	
QUEST_LV_0500_20210809_001177	Derrota a 2000 monstruos tipo insecto, diablo y planta en el área del Episodio 13-1.	Episode13-1 지역에서 곤충, 악마, 식물형 몬스터 2000마리 처치				
QUEST_LV_0500_20210809_001178	Derrota a monstruos tipo insecto, diablo y planta en el área del episodio 13-1.	Episode13-1 지역의 곤충, 악마, 식물형 몬스터 처치	QUEST_LV_0500_20210115_000734	Defeat Insect, Devil, Plant-type Monsters in Episode 13 area	Episode13 지역의 곤충, 악마, 식물형 몬스터 처치	
QUEST_LV_0500_20210809_001179	Derrota a 2000 monstruos tipo Bestia en el área del Episodio 13-1.	Episode13-1 지역에서 야수형 몬스터 2000마리 처치				
QUEST_LV_0500_20210809_001180	Derrota a los monstruos tipo Bestia del área del Episodio 13-1.	Episode13-1 지역의 야수형 몬스터 처치	QUEST_LV_0500_20210115_000736	Defeat Beast-type Monsters of Episode 13 area	Episode13 지역의 야수형 몬스터 처치	
QUEST_LV_0500_20210809_001181	Derrota a 3000 monstruos de gran tamaño en el área del Episodio 13-1.	Episode13-1 지역에서 대형 몬스터 3000마리 처치				
QUEST_LV_0500_20210809_001182	Derrota a los monstruos de gran tamaño del área del Episodio 13-1.	Episode13-1 지역의 대형 몬스터 처치	QUEST_LV_0500_20210115_000738	Defeat large-sized monsters of Episode 13 area	Episode13 지역의 대형 몬스터 처치	
QUEST_LV_0500_20210809_001183	Derrota a 3000 monstruos de tamaño mediano en el área del Episodio 13-1.	Episode13-1 지역에서 중형 몬스터 3000마리 처치				
QUEST_LV_0500_20210809_001184	Derrota a los monstruos de tamaño mediano del área del Episodio 13-1.	Episode13-1 지역의 중형 몬스터 처치	QUEST_LV_0500_20210115_000740	Defeat medium-sized monsters of Episode 13 area	Episode13 지역의 중형 몬스터 처치	
QUEST_LV_0500_20210809_001185	Derrota a 3000 monstruos de tamaño pequeño en el área del Episodio 13-1.	Episode13-1 지역에서 소형 몬스터 3000마리 처치				
QUEST_LV_0500_20210809_001186	Derrota a los monstruos de tamaño pequeño del área del Episodio 13-1.	Episode13-1 지역의 소형 몬스터 처치	QUEST_LV_0500_20210115_000742	Defeat small-sized monsters of Episode 13 area	Episode13 지역의 소형 몬스터 처치	
QUEST_LV_0500_20210809_001187	Derrota a 8000 monstruos en el área del Episodio 13-1.	Episode13-1 지역에서 몬스터 8000마리 처치				
QUEST_LV_0500_20210809_001188	Derrota a los monstruos del área del Episodio 13-1.	Episode13-1 지역의 몬스터 처치	QUEST_LV_0500_20210115_000744	Defeat the monsters of Episode 13 area	Episode13 지역의 몬스터 처치	
QUEST_LV_0500_20210809_001189	Eliminar restos de Bernice etapa 20 o superior	베르니케 파편 던전 20 스테이지 이상 클리어				
QUEST_LV_0500_20210809_001190	Completa el modo Desafío 10 veces{nl}Puedes continuar con el Desafío de campo (Solo) desde la etapa 3 y superiores.	챌린지 모드 10회 클리어{nl}필드 챌린지(1인)는 3단 이상에서 진행할 수 있습니다.				
QUEST_LV_0500_20210809_001191	Derrota a 60.000 monstruos en el área del Episodio 13-1.	Episode13-1 지역에서 몬스터 60000마리 처치				
QUEST_LV_0500_20210809_001192	Completa el modo Desafío 80 veces{nl}Puedes continuar con el Desafío de campo (Solo) desde la etapa 3 en adelante.	챌린지 모드 80회 클리어{nl}필드 챌린지(1인)는 3단 이상에서 진행할 수 있습니다.				
QUEST_LV_0500_20210809_001193	Hable con el equipo de recuperación de daños de Orsha	오르샤 피해복구반 단원과 대화				
QUEST_LV_0500_20210809_001194	El equipo de recuperación de daños de Orsha lo está esperando en Lemprasa Pond.	렘파라사 연못에서 오르샤 피해복구반 단원이 당신을 기다리고 있습니다				
QUEST_LV_0500_20210809_001195	Derrota a los demonios en el campamento de colonos temporales.	임시 이주민 캠프의 마족 처치				
QUEST_LV_0500_20210809_001196	Derrota a los demonios en el campamento de colonos temporales en el estanque Lemprasa.	렘파라사 연못에 위치한 임시 이주민 캠프의 마족 처치				
QUEST_LV_0500_20210809_001197	El ataque sorpresa del demonio	마족의 급습				
QUEST_LV_0500_20210809_001198	Derrota a los demonios que atacan.	마족의 급습을 물리치세요				
QUEST_LV_0500_20210809_001199	Pajauta te espera en el Estanque de Lemprasa	렘파라사 연못에서 파야우타가 당신을 기다리고 있습니다				
QUEST_LV_0500_20210809_001200	Derrota a los demonios en Amzina Fork	암지나 갈림길의 마족 처치				
QUEST_LV_0500_20210809_001201	Ve al estanque Lemprasa y derrota a los demonios en Amzina Fork.	렘파라사 연못으로 이동 후 암지나 갈림길의 마족을 처치 하세요				
QUEST_LV_0500_20210809_001202	Derrota a los demonios en la zona derribada de Malkos.	말코스 벌목지의 마족 처치				
QUEST_LV_0500_20210809_001203	Ve al estanque Lemprasa y derrota a los demonios en el área talada de Malkos.	렘파라사 연못으로 이동 후 말코스 벌목지의 마족을 처치하세요				
QUEST_LV_0500_20210809_001204	El equipo de recuperación de daños de Orsha te está esperando en el Bosque de los Puentes Vinculados.	덧댄다리 숲에서 오르샤 피해복구반 단원이 당신을 기다리고 있습니다				
QUEST_LV_0500_20210809_001205	Pajauta te espera en el Bosque de los Puentes Enlazados	덧댄다리 숲에서 파야우타가 당신을 기다리고 있습니다				
QUEST_LV_0500_20210809_001206	Toma la pala de Darbas Carrier	다르바스 캐리어에게 삽 빼앗기				
QUEST_LV_0500_20210809_001207	Derrota al Darbas Carrier en el Bosque de los Puentes Enlazados, toma la pala y entrégasela a Pajauta.	덧댄다리 숲에서 다르바스 캐리어를 처치하고 삽을 빼앗아 파야우타에게 건네주세요				
QUEST_LV_0500_20210809_001208	Toma el pico de Darbas Carrier	다르바스 캐리어에게 곡괭이 빼앗기				
QUEST_LV_0500_20210809_001209	Derrota al minero Darbas en el Bosque de los Puentes Vinculados, toma el pico y entrégaselo a Pajauta.	덧댄다리 숲에서 다르바스 캐리어를 처치하고 곡괭이를 빼앗아 파야우타에게 건네주세요				
QUEST_LV_0500_20210809_001210	Toma el pico de Darbas Miner	다르바스 마이너에게 곡괭이 빼앗기				
QUEST_LV_0500_20210809_001211	Toma las piedras de Darbas Loader	다르바스 로더에게 석재 빼앗기				
QUEST_LV_0500_20210809_001212	Derrota al cargador Darbas en el bosque de los puentes vinculados, toma la piedra y entrégasela a Pajauta.	덧댄다리 숲에서 다르바스 로더를 처치하고 석재를 빼앗아 파야우타에게 건네주세요				
QUEST_LV_0500_20210809_001213	El equipo de recuperación de daños de Orsha lo está esperando en Paupys Crossing.	파우피스 나루에서 오르샤 피해복구반 단원이 당신을 기다리고 있습니다				
QUEST_LV_0500_20210809_001214	Pajauta te espera en Cruce de Paupys.	파우피스 나루에서 파야우타가 당신을 기다리고 있습니다				
QUEST_LV_0500_20210809_001215	Búsqueda de residentes aislados en Paupys Crossing	파우피스 나루의 고립된 주민 수색				
QUEST_LV_0500_20210809_001216	Búsqueda de residentes aislados en las casas cercanas a Paupys Crossing	파우피스 나루 지역에 위치한 민가에서 고립된 주민이 있는지 수색하세요				
QUEST_LV_0500_20210809_001217	Busque la dirección de la prisión subterránea de Ashaq	아샤크 지하 감옥 방향 수색				
QUEST_LV_0500_20210809_001218	Pajauta desea buscar un poco más en Paupys Crossing. Buscar Cruce De Paupys con Pajauta	파야우타는 파우피스 나루를 좀 더 확인해보겠다고 합니다. 파야우타와 함께 파우피스 나루를 수색하세요.				
QUEST_LV_0500_20220204_001219	Tenga cuidado de no perder la vida involucrándose en Division Singularity. {nl} Compórtate con cuidado en Division Singularity. Es un lugar extremadamente peligroso.	분열 특이점에 휘말려 아까운 목숨을 잃지 않도록 주의하세요.{nl}분열 특이점에서는 행동을 주의하세요. 무척 위험한 장소입니다.	QUEST_LV_0500_20200826_000235	Be careful not to lose your life getting involved in Dimensional Collapse and Division Singularity.{nl}Especially, behave carefully in the Division Singularity. It is an extremely dangerous place.	차원 붕괴와 분열 특이점에 휘말려 아까운 목숨을 잃지 않도록 주의하세요.{nl}특히 분열 특이점에서는 행동을 주의하세요. 무척 위험한 장소입니다.	세이지 파견원
QUEST_LV_0500_20220204_001220	Guardias de la embajada	공관 경비병				
QUEST_LV_0500_20220204_001221	¡Detente!{nl}Estamos inspeccionando la identidad de cada visitante y el propósito de la visita.{nl}Así que tienes que esperar hasta tu turno.	멈추십시오!{nl}방문객들은 모두 신분과 방문 사유를 검사하고 있습니다.{nl}그러니 당신도 차례가 올 때까지 기다리셔야 합니다.				공관 경비병
QUEST_LV_0500_20220204_001222	ilusión de la niña	소녀의 환영				
QUEST_LV_0500_20220204_001223	Has llegado hasta aquí siguiendo mis consejos.{nl}Tu presencia es clara incluso entre personas ansiosas.	내 인도를 따라 여기까지 왔구나.{nl}불안한 인간들 사이에서도 네 존재가 확실히 느껴져.				소녀의 환영
QUEST_LV_0500_20220204_001224	Estás atado a mi destino.{nl}Así que acepta y sigue mis consejos.	너는 내 숙명에 묶여 있어.{nl}그러니 내 인도를 받아들이고 따라줬으면 해.				소녀의 환영
QUEST_LV_0500_20220204_001225	Me aseguraré de que llegues a Orsha a tiempo.{nl}Así que no puedes perder el tiempo aquí.	난 너를 정해진 시간에 오르샤에 도착할 수 있게 할 거야.{nl}그러니 여기서 이렇게 시간을 낭비하고 있을 수 없다.				소녀의 환영
QUEST_LV_0500_20220204_001226	El combate comenzará pronto.{nl}Es un buen combate para ti, así que avísame cuando estés listo.	곧 전투가 시작될 거야.{nl}네가 충분히 상대할 수 있는 상대이니 준비되면 말해줘.				소녀의 환영
QUEST_LV_0500_20220204_001227	Gran General Ramin	대장군 라민				
QUEST_LV_0500_20220204_001228	¿Fuiste tú quien derrotó a los demonios en la entrada?{nl}Parece que no eres solo un refugiado.{nl}¿Quién eres?	입구의 마족들을 처치한 게 자네인가?{nl}단순한 피난민은 아닌 것 같군.{nl}자넨 누구지?				대장군 라민
QUEST_LV_0500_20220204_001229	Entonces viniste después de soñar con una revelación.	계시의 꿈을 꾸고 왔단 말이군.				대장군 라민
QUEST_LV_0500_20220204_001230	He oído que hay gente así en el Reino.{nl}Muchos de ellos.	왕국에도 그런 자들이 있다는 소식을 들었지.{nl}그것도 아주 많이.				대장군 라민
QUEST_LV_0500_20220204_001231	Una noche, una diosa se apareció en sueños a personas como tú y les dijo que iban a algún lugar.{nl}Piensa en decenas y cientos de personas concentradas.{nl}Si fueras un comandante, ¿creerías en esas personas?	여신이 어느 날 밤 자네 같은 사람들의 꿈에 나타나 어딘가로 향한다는 이야기를 했고.{nl}그래서 수십 수 백명이 몰려든다고 생각해보게.{nl}자네가 지휘관이라면 그런 사람들을 믿을 수 있겠나?				대장군 라민
QUEST_LV_0500_20220204_001232	{nl}Además, insistir en ser un Revelador de las Islas Moroth... Quiero decir, no es exactamente una parte del continente, ¿verdad?{nl}Es más difícil confiar.	{nl}게다가 왕국 본토도 아닌, 모로스 섬에서 계시자라 주장하다니.{nl}신뢰하기 힘들어.				대장군 라민
QUEST_LV_0500_20220204_001233	{nl}Sin embargo, la princesa Kaonilla dijo que conocería a cualquiera que dijera ser un Revelador...{nl}Ve a visitar a la princesa.{nl}	{nl}하지만 카오닐라 공주님께서 계시자라 주장하는 사람이 오면 일단 만나보겠다고 하셨으니..{nl}공주님을 찾아가 보게.{nl}				대장군 라민
QUEST_LV_0500_20220204_001234	Personas que decían ser un Revelador se reunieron alrededor de Klaipeda.{nl}Es una vieja historia, pero Laima escondió a un verdadero Revelador entre ellos.{nl}Así que Giltine no puede encontrar al Revelador.	계시자라 주장하는 자들이 왕국의 클라페다로 모여들기 시작했어.{nl}오래된 이야기지만 라이마는 그들 사이에 진실된 계시자 한 명을 숨겼지.{nl}길티네가 찾을 수 없도록 말이야.				소녀의 환영
QUEST_LV_0500_20220204_001235	Sin embargo, el sueño que te mostré no es de Laima.{nl}Estás aquí para mí y la revelación de Laima no tiene nada que ver contigo.{nl}Pero no hay mejor posición que un Revelador para tener la confianza de la gente del reino.{nl}Por favor, vive como un Revelador por ahora.	하지만 내가 네게 보여준 꿈은 라이마가 보여준 게 아니야.{nl}넌 나를 위해 여기 온 것이고 라이마의 계시는 너와 상관없어.{nl}하지만 왕국의 인간들에게 신뢰를 얻으려면 계시자만큼 훌륭한 신분도 없으니까.{nl}당분간 계시자로 살아가 줘.				소녀의 환영
QUEST_LV_0500_20220204_001236	Antes de conocer a la princesa, debes demostrar que tienes suficiente talento.{nl}Por supuesto, matar a los demonios que aparecieron en la Embajada sí cuenta para esto, y será convincente si fue una revelación con la que soñaste.	공주를 만나기 전에 네가 실력자라는 사실을 보여줄 필요가 있어.{nl}물론 공관에 나타난 마족들을 처치한 것만으로도 충분하고 그게 계시의 꿈을 꾼 계시라면 설득력이 있겠지.				소녀의 환영
QUEST_LV_0500_20220204_001237	{nl}Aún así, eso no será suficiente para garantizar tu capacidad e identidad.{nl}Te daré	{nl}하지만 그것만으로는 실력과 신분을 보장받기 힘들 거야.{nl}내가 				소녀의 환영
QUEST_LV_0500_20220204_001238	A usted.	를 줄 테니.				소녀의 환영
QUEST_LV_0500_20220204_001239	{nl}Abra el Inventario (F2) y use	{nl}인벤토리(F2)의 				소녀의 환영
QUEST_LV_0500_20220204_001240	para agregar una clase.{nl}	를 사용해서 직업을 추가해봐.{nl}				소녀의 환영
QUEST_LV_0500_20220204_001241	Por lo que dijeron los maestros del Reino,{nl}ustedes, Reveladores, pueden cambiar o restablecer la habilidad que han aprendido.{nl}Habrá mucho apoyo para ustedes, Reveladores, cuando lleguen a Orsha.	왕국의 마스터들이 말하길.{nl}너희 계시자들은 배운 직업을 변경하거나 학습한 스킬을 초기화할 수 있는 것 같아.{nl}오르샤에 도착하면 계시자인 너에게 많은 지원이 있을 거야.				소녀의 환영
QUEST_LV_0500_20220204_001242	Simplemente seleccione la clase sin dudarlo por ahora.	지금은 망설이지 말고 직업을 선택해줘.				소녀의 환영
QUEST_LV_0500_20220204_001243	Esa es una decisión audaz.{nl}Hay un disfraz de la clase a la que has avanzado en el Inventario (F2). Pruébalo si quieres destacar.	과감한 결정이구나.{nl}인벤토리(F2)에 전직한 직업의 코스튬도 있으니 신분을 돋보이고 싶다면 입어보도록 해.				소녀의 환영
QUEST_LV_0500_20220204_001244	Ve a ver a la persona a cargo aquí.{nl}Ella es miembro de la familia real que escapó del reino para evitar a Beholder.{nl}Se instaló aquí ya que mantenía buenas relaciones con las Islas Moroth entre la familia real.	이제 이곳의 책임자를 만나러 가봐.{nl}그녀는 주시자를 피해 왕국에서 도망친 왕족 중 한 명이야.{nl}비교적 왕족 중에선 모로스 군도와 좋은 관계를 유지하고 있어서 이곳에 정착할 수 있었지.				소녀의 환영
QUEST_LV_0500_20220204_001245	Lo primero que debes hacer es ganarte la confianza de ella.{nl}Volveré contigo una vez que ella crea en ti.	그녀에게 신뢰를 얻는 게 지금 네가 해야 할 일이야.{nl}그녀가 충분히 널 신뢰할 수 있게 되면 다시 널 찾아올게.				소녀의 환영
QUEST_LV_0500_20220204_001246	Después de que la familia real desapareció para evitar al Espectador, la gente del reino vivió con miedo y ansiedad.{nl}Ahora que se desconoce el paradero del rey y sus descendientes, la princesa Kaonilla es la única esperanza para la gente del reino.	왕족들이 주시자를 피해 사라진 후 왕국민들은 공포와 불안 속에 살아왔지.{nl}국왕과 그 후손들의 행방이 묘연해진 지금, 카오닐라 공주만이 왕국민들의 유일한 희망이야.				소녀의 환영
QUEST_LV_0500_20220204_001247	Kaoneela Henrjusi	카오닐라 헨류시				
QUEST_LV_0500_20220204_001248	Escuché que derrotaste al demonio que invadió la Embajada.{nl}Me gustaría agradecerte en nombre del reino.	공관에 마족이 침입했고 그걸 당신이 처리했다고 들었습니다.{nl}왕국을 대표하여 감사를 표합니다.				카오닐라 헨류시
QUEST_LV_0500_20220204_001249	{nl}Además, escuché que has soñado con la revelación.{nl}Escuché sobre la historia de un Revelador como tú de Orsha y Klaipeda.{nl}El Reino ha sido violado por el Dios Demonio Giltine y sus demonios.{nl}Parece que la Diosa Demonio Giltine está tratando de destruir el reino.	{nl}그리고 계시의 꿈을 꾸셨다고 하시더군요.{nl}오르샤와 클라페다로부터 당신 같은 계시자의 이야기를 전해 들었습니다.{nl}왕국은 지금 마신 길티네와 그분의 마족들에게 유린당하고 있습니다.{nl}아무래도 마신 길티네는 왕국을 멸망시키려고 하시는 것 같더군요.				카오닐라 헨류시
QUEST_LV_0500_20220204_001250	Puede que lo hayas visto en tus sueños, pero si la previsión de la Diosa Laima no estuvo equivocada, a estas alturas...	당신도 꿈에서 보았겠지만 라이마 여신의 예지가 틀리지 않았다면 지금쯤이면..				카오닐라 헨류시
QUEST_LV_0500_20220204_001251	{nl}Un revelador distinto a ti debe estar luchando por detenerla.	{nl}당신이 아닌 다른 계시자가 그분을 막아서기 위해 분투 중일 것입니다.				카오닐라 헨류시
QUEST_LV_0500_20220204_001252	{nl}Por supuesto, no me refiero a que seas un Revelador falso.{nl}Aquellos que dicen ser Reveladores están mostrando grandes resultados con excelentes habilidades en batallas con demonios.{nl}Espero que tú también tengas una habilidad más que suficiente.	{nl}물론 당신이 가짜 계시자라는 의미는 아닙니다.{nl}계시자라 주장하는 자들은 뛰어난 실력으로 마족들과의 전투에서 성과를 보이고 있다고 합니다.{nl}당신도 그에 걸맞은 실력이 있겠죠.				카오닐라 헨류시
QUEST_LV_0500_20220204_001253	Este es uno de los pocos lugares donde la gente del reino puede permanecer a salvo en las Islas Moroth. {nl}Sin embargo, los demonios están invadiendo con frecuencia estos días.{nl}Sería bueno si fuera solo un explorador, pero podría ser un enfoque con un propósito.	이곳은 모로스 군도에서 왕국민들이 비교적 안전하게 지낼 수 있는 몇 안 되는 곳 중 하나입니다.{nl}하지만 최근 마족들이 빈번하게 침입하고 있습니다.{nl}그저 정찰대라면 다행이겠지만, 뭔가 목적을 갖고 접근하는 것일 수도 있습니다.				카오닐라 헨류시
QUEST_LV_0500_20220204_001254	Tengo algo en mente, pero..{nl}Por ahora no me queda más remedio que confiar y esperar a que Owynia Dilben lo solucione ya que se lo he dejado a ella.	짐작가는 게 있지만..{nl}지금은 오위니아 딜벤에게 맡겨두었으니 그녀가 해결할 때까지 믿고 기다리는 수밖에 없습니다.				카오닐라 헨류시
QUEST_LV_0500_20220204_001255	Te daré esta carta. Ve a visitarla si planeas quedarte en esta Embajada y ayúdanos.{nl}La mujer sabia te asignará la tarea correcta.	당신이 이 공관에 머물며 우릴 도와줄 계획이라면 이 편지를 드릴 테니 그녀를 찾아가 보십시오.{nl}지혜로운 그녀라면 당신에게 적절한 일을 배정해 줄 것입니다.				카오닐라 헨류시
QUEST_LV_0500_20220204_001256	Tú eres quien acaba de resolver el problema.{nl}Por lo general, me llaman cuando las cosas se vuelven más grandes. Pero como nadie lo ha hecho, me preguntaba quién era.	방금 전 소란을 해결한 게 당신이군요.{nl}일이 커지면 저를 부를 텐데 아무런 연락도 없어서 누군지 궁금해하던 참이에요.				오위니아 딜벤
QUEST_LV_0500_20220204_001257	Nos enteramos de Klaipeda que los demonios están secuestrando a la gente del reino disfrazándose de humanos.{nl}Necesitamos prepararnos.	클라페다로부터 마족들이 인간으로 변해 왕국민들을 납치한다는 이야기를 들었습니다.{nl}우리도 뭔가 대비를 해야 합니다.				카오닐라 헨류시
QUEST_LV_0500_20220204_001258	Hmm...{nl}La princesa seguro que tiene muchas dudas.{nl}Un demonio que se transforma en humano...{nl}Historias como esa solo se usan para asustar a los jóvenes cuando te están dando problemas.	음..{nl}공주님은 정말 의심이 많군요.{nl}인간으로 변하는 마족이라니..{nl}그런건 어린 아이들이 말썽부릴 때나 써먹는 건데.				오위니아 딜벤
QUEST_LV_0500_20220204_001259	Aún así, no puedo evitarlo ya que es orden de la princesa.{nl}Yo también debería darte algo de trabajo, ¿verdad?	그래도 공주님의 명령이니 어쩔 수 없네요.{nl}당신에게도 뭔가 일거리를 줘야겠죠?				오위니아 딜벤
QUEST_LV_0500_20220204_001260	Echa un vistazo a la Embajada mientras hago algunas herramientas.{nl}Te llamaré una vez que haya terminado.	제가 적절한 도구를 만드는 동안 잠시 공관을 돌아보고 계세요.{nl}다 만들면 당신을 부를게요.				오위니아 딜벤
QUEST_LV_0500_20220204_001261	No puedo evitar que la princesa Kaonilla tenga muchas dudas.{nl}Muchas personas murieron cuando el Espectador persiguió a la realeza.	카오닐라 공주가 의심이 많은 건 어쩔 수 없어.{nl}주시자가 벌이는 왕족 사냥에 여러 인간이 당했으니까.				소녀의 환영
QUEST_LV_0500_20220204_001262	Owynia Dilben es más respetada de lo que crees entre los humanos. {nl}El hecho de que la princesa Kaonilla pueda gobernar como regente aquí se debe a ella.	오위니아 딜벤은 네가 생각하는 것보다 인간들 사이에선 추앙받는 인물이야.{nl}카오닐라 공주가 이곳에서 섭정 노릇을 영유할 수 있는 것도 다 그녀 덕이지.				소녀의 환영
QUEST_LV_0500_20220204_001263	Parece que viajas una larga distancia solo cada vez. Creo que aún quedan muchas cosas por contarte..	그런데 너는 매번 먼 거리를 직접 이동하는 것 같은데, 내가 알려줄 게 아직 많이 남은 것 같구나..				소녀의 환영
QUEST_LV_0500_20220204_001264	Te llamaré cuando termine.{nl}Mientras tanto, tómate tu tiempo para mirar a tu alrededor.	다 만들면 부를게요.{nl}그 동안 주변을 둘러보세요.				오위니아 딜벤
QUEST_LV_0500_20220204_001265	No tienes tiempo suficiente para caminar la larga distancia tú solo.{nl}El reino es mucho más amplio de lo que piensas y habrá más personas que te necesitarán en el futuro.{nl}Usar la estatua de Vakarine está bien, pero usar	매번 먼 거리를 직접 걸어 다닐 만큼, 네 여정은 여유롭지 않아.{nl}왕국은 네가 생각하는 것보다 훨씬 넓고 앞으로 널 필요로하는 사람들 더 많아질 거야.{nl}바카리네 여신상을 사용하는 것도 하나의 방법이지만 				소녀의 환영
QUEST_LV_0500_20220204_001266	será mucho más fácil.	 기능을 이용하면 훨씬 편할 거야.				소녀의 환영
QUEST_LV_0500_20220204_001267	Si has completado la solicitud o misión de alguien, puedes pasar inmediatamente al cliente.{nl}Owynia Dilben probablemente ya te estará buscando.{nl}	누군가의 의뢰나 퀘스트를 완료했다면 의뢰인에게 바로 이동할 수 있어.{nl}아마 지금쯤 오위니아 딜벤이 널 찾을 거야.{nl}				소녀의 환영
QUEST_LV_0500_20220204_001268	debe usarse para moverse rápidamente hacia ella.	 기능을 써서 그녀에게 빠르게 이동해봐.				소녀의 환영
QUEST_LV_0500_20220204_001269	¿Oh? ¿Cómo supiste que estaba a punto de llamarte?{nl}¿Es cierto que los Reveladores son capaces de tener al menos una habilidad especial?	어? 마침 부르려고 했는데 어떻게 알고 딱 맞춰 온 거죠?{nl}계시자들은 다들 신기한 능력이 하나씩 있다고 하던데, 그런 건가요?				오위니아 딜벤
QUEST_LV_0500_20220204_001270	De todos modos, hice una obra maestra que satisfará las expectativas de la princesa. Espero que lo pruebes.	아무튼 공주님의 기대에 부응할만한 역작을 만들었으니 이걸 당신이 시험해봤으면 해요.				오위니아 딜벤
QUEST_LV_0500_20220204_001271	Ir a Owynia Dilben.{nl}	어서 오위니아 딜벤에게 가봐.{nl}				소녀의 환영
QUEST_LV_0500_20220204_001272	será útil a partir de ahora. Asegúrese de aprender esta función.	 기능은 앞으로도 유용하게 쓰일 테니 꼭 익혀둬.				소녀의 환영
QUEST_LV_0500_20220204_001273	Permítanme presentarles esta herramienta.	이 도구를 소개하자면..				오위니아 딜벤
QUEST_LV_0500_20220204_001274	Puedes ver el color del alma del oponente simplemente mezclando topacio con varias piedras mágicas y haciendo brillar un poco de luz.{nl}Normalmente aparecerá blanco si el objeto que se proyecta no es un Sadhu.{nl}Sadhu generalmente aparece azul.	토파즈와 여러 마석을 섞고 살짝 빛을 비추는 것만으로 수정 너머로 상대방의 영혼의 색을 볼 수 있죠.{nl}투영하는 대상이 사두가 아니라면 보통 흰색으로 보일 거에요.{nl}사두는 보통 파란색으로 보이거든요.				오위니아 딜벤
QUEST_LV_0500_20220204_001275	Entonces, ¿proyectarás mi alma con esto? {nl}Verás rojo o morado si soy un demonio.	그래서 이걸로 한 번 제 영혼을 투영해서 봐주시겠어요?{nl}제가 마족이라면 붉은색이나 보라색으로 보이겠죠.				오위니아 딜벤
QUEST_LV_0500_20220204_001276	¿Cómo es? ¿De qué color mostró mi alma?	어때요? 제 영혼의 색깔이 어떤 색이었나요?				오위니아 딜벤
QUEST_LV_0500_20220204_001277	{nl}Está bien, entonces necesito que hagas algo con esto.	{nl}자, 그럼 이걸 가지고 다음에 당신이 해줘야할 일이 있어요.				오위니아 딜벤
QUEST_LV_0500_20220204_001278	Acabo de mirarte.{nl}No eres un demonio.	당신은 방금 잠시 들여다보았는데.{nl}마족은 아니더군요.				오위니아 딜벤
QUEST_LV_0500_20220204_001279	Utilice este Proyector de almas y controle a los refugiados que entraron a la Embajada con usted.{nl}La princesa Kaonilla no se pondrá ansiosa una vez que sepa que no hay demonios.{nl}Por favor, dímelo después de comprobarlo con tus propios ojos.{nl}La princesa Kaonilla odia a los mentirosos.	이 영혼 투사기를 써서 당신과 함께 공관에 들어온 피난민들을 확인해주세요.{nl}이렇게 해서 마족이 없다는 걸 알게 되면 카오닐라 공주님도 불안해하지 않겠죠.{nl}꼭 두 눈으로 확인하고 말해주세요.{nl}카오닐라 공주님은 거짓말 하는 사람을 정말 싫어하니까요.				오위니아 딜벤
QUEST_LV_0500_20220204_001280	Es una situación grave a menos que esta herramienta se rompa.{nl}Los demonios se esconden entre los refugiados.{nl}¿Qué debemos hacer?	제가 만든 도구가 고장 난 게 아니라면 정말 심각한 상황이네요.{nl}피난민들 사이에 마족들이 숨어있다니.{nl}이제 어쩌면 좋죠?				오위니아 딜벤
QUEST_LV_0500_20220204_001281	¿Está funcionando?{nl}¿Todo bien...?	잘 되고 있나요?{nl}별일 없는 거겠죠...?				오위니아 딜벤
QUEST_LV_0500_20220204_001282	Ve a tu albergue y descansa. {nl} Hablaré con la princesa Kaonilla sobre los demonios que has descubierto.	당신은 일단 숙소로 돌아가 쉬고 계세요.{nl}저는 카오닐라 공주님과 당신이 발견한 마족에 대해 논의해봐야겠어요.				오위니아 딜벤
QUEST_LV_0500_20220204_001283	Gracias a tus esfuerzos, hemos verificado que los demonios han invadido bajo las órdenes del Espectador.{nl}El propósito aún está claro, pero considerando que no se ha revelado...	당신이 활약해주신 덕에 이 마족들이 주시자의 명령으로 이곳 공관에 침입했다는 걸 알아냈어요.{nl}목적이 무엇인지 모르겠지만 아직까지 본색을 드러내지 않는 거로 봐서는..				오위니아 딜벤
QUEST_LV_0500_20220204_001284	Quizás haya un propósito que no conocemos.	우리가 모르는 목적이 있는 것 같아요.				오위니아 딜벤
QUEST_LV_0500_20220204_001285	No podemos perder el tiempo sin conocer el propósito del enemigo.{nl}No tengo más remedio que encontrar al líder de los demonios e interrogarlo.{nl}Por favor, ve a la Capilla.	적의 목적도 모른 채 이렇게 시간을 보낼 순 없습니다.{nl}이 녀석들의 통솔자로 보이는 마족을 찾아 심문해 보는 수밖에 없겠어요.{nl}예배당으로 가주세요.				오위니아 딜벤
QUEST_LV_0500_20220204_001286	{nl}Esta vez, realmente necesito descubrir qué están haciendo.	{nl}무슨짓을 꾸미는지 이번에는 꼭 알아내야겠어요.				오위니아 딜벤
QUEST_LV_0500_20220204_001287	Espero que no se descubran los planes de la princesa Kaonilla...	카오닐라 공주님의 계획이 들킨 건 아니겠지..				오위니아 딜벤
QUEST_LV_0500_20220204_001288	¿Es por los Rangda?{nl}¿Pero por qué?	그 랑다들 때문이라고요?{nl}어째서?				오위니아 딜벤
QUEST_LV_0500_20220204_001289	Parece que nos están ocultando algo.{nl}Tenemos que decírselo a la princesa.{nl}¡Los Rangdas se irán pronto!	그녀들이 우리게 뭔가 숨기는 게 있는 모양이군요.{nl}어서 공주님께 알려야해요.{nl}곧 그 랑다들이 떠날거라고요!				오위니아 딜벤
QUEST_LV_0500_20220204_001290	¡Ve con la princesa!{nl}¡Y dile que debemos evitar que los Rangda se vayan por ahora!	공주님께 가세요!{nl}그리고 일단 랑다들을 붙잡아 두어야한다고 말해주세요!				오위니아 딜벤
QUEST_LV_0500_20220204_001291	Poder distante y noble que los humanos no pueden tener.	인간이 손에 넣을 수 없는 아득하고 고귀한 힘.				소녀의 환영
QUEST_LV_0500_20220204_001292	Los poderes de la Diosa y el Dios Demonio que eventualmente desaparecerán también regresarán algún día.	이윽고 사라질 여신과 마신의 힘들도 언젠가는 되돌아 오게 돼.				소녀의 환영
QUEST_LV_0500_20220204_001293	Debe estar furioso.{nl}Pero es lo que es.{nl}Ese es el papel de ustedes, humanos.	분하겠지.{nl}그래도 어쩔 수 없어.{nl}그게 너희 인간의 역할이니까.				소녀의 환영
QUEST_LV_0500_20220204_001294	¡Vamos!	어서 빨리요!				오위니아 딜벤
QUEST_LV_0500_20220204_001295	No puedes detener a los Rangdas.{nl}Deben dirigirse a la cuna del dios donde no podrás regresar.	너희는 랑다들을 막아선 안 돼.{nl}그녀들은 이제 돌아올 수 없는 신의 요람으로 향해야만 하니까.				소녀의 환영
QUEST_LV_0500_20220204_001296	Así que ahora, guárdate lo que viste y regresa con Owynia Dilben como deseo.{nl}Dile que no viste nada.	그러니 이제 내 바람대로 네가 본 것을 네 마음속 깊이 묻고 오위니아 딜벤에게 돌아가.{nl}아무것도 보지 못했다고 말하렴.				소녀의 환영
QUEST_LV_0500_20220204_001297	¿Qué quieres decir con que te has perdido?{nl}¿Está a salvo la princesa Kaonilla?	놓쳤다니요?{nl}카오닐라 공주님은 무사하신 건가요?				오위니아 딜벤
QUEST_LV_0500_20220204_001298	¿Qué está pasando en esta Embajada?	이 공관에 무슨 일이 벌어지고 있는 거죠?				오위니아 딜벤
QUEST_LV_0500_20220204_001299	El ser humano no puede mirar lo que hay en la mente del dios.{nl}Simplemente sigue su voluntad.	인간이 신들의 마음을 들여다볼 순 없어.{nl}오직 그들 뜻만을 따르렴.				소녀의 환영
QUEST_LV_0500_20220204_001300	¡No puedo despedirlos sin saber nada!{nl}La seguiré por aquí, así que por favor díselo a la princesa.	이렇게 아무것도 알아내지 못하고 그녀들을 보낼 수 없어요!{nl}저는 이 길로 그녀들을 쫓아갈 테니 공주님께 전해주세요.				오위니아 딜벤
QUEST_LV_0500_20220204_001301	Eres tú.{nl}¿Qué te hizo venir aquí con tanta urgencia?	당신이군요.{nl}무슨 일로 이렇게 급히 찾아오신 겁니까?				카오닐라 헨류시
QUEST_LV_0500_20220204_001302	¿Owynia siguió a los Rangda?	오위니아가 랑다들을 쫓아갔단 말입니까?				카오닐라 헨류시
QUEST_LV_0500_20220204_001303	Por favor ve con la princesa. Me voy en unos minutos.	저는 곧 떠날 테니 당신은 공주님께 가주세요.				오위니아 딜벤
QUEST_LV_0500_20220204_001304	Ya veo.{nl}Sabía que Owynia haría eso.{nl}Se dirigirá a Orsha, siguiendo a los Rangdas.	그렇군요.{nl}오위니아가 그런 행동을 할 거란 건 알고 있었습니다.{nl}랑다들을 따라 오르샤로 향하겠지요.				카오닐라 헨류시
QUEST_LV_0500_20220204_001305	Pero los Rangda no se han dirigido a Orsha, sino a la Capital del Reino.	하지만 그 랑다들은 오르샤가 아닌 왕국의 수도로 향했습니다.				카오닐라 헨류시
QUEST_LV_0500_20220204_001306	Lo que quieren los demonios que invadieron la embajada es que Rangdas se dirija hacia Orsha.{nl}Por eso me perdonaron la vida. Querían que Rangdas llegara sano y salvo a Orsha.	공관에 침입한 마족들이 원하는 건 그 랑다들이 오르샤로 향하는 것.{nl}그러니 저를 살려둬서 그녀들이 무사히 오르샤에 도착하길 원했겠죠.				카오닐라 헨류시
QUEST_LV_0500_20220204_001307	Puede que no lo sepas, pero la tribu Rangda siguió a Giltine y los jefes de la tribu la han transmitido de generación en generación...	당신은 모르시겠지만 랑다 부족이 마신 길티네를 추종하고 그들의 부족장들이 대대로 전승한..				카오닐라 헨류시
QUEST_LV_0500_20220204_001308	Destino.	숙명.				카오닐라 헨류시
QUEST_LV_0500_20220204_001309	La única clave para reconstruir el Reino.{nl}No perturbes el destino.	그 숙명을 방해하지 않는 것이.{nl}왕국을 재건할 수 있는 유일한 방법입니다.				카오닐라 헨류시
QUEST_LV_0500_20220204_001310	No lo entiendes.{nl}Tiene sentido.{nl}La voluntad de Dios siempre está más allá de la imaginación humana.{nl}Ni tú ni yo podemos cambiar nada frente a su fatalismo.	이해할 수 없다는 표정이군요.{nl}그럴 수 있습니다.{nl}신의 뜻은 언제나 인간의 상상을 초월하니까요.{nl}저도 당신도 그들의 숙명론 앞에선 그 무엇도 바꿀 수 없으니까요.				카오닐라 헨류시
QUEST_LV_0500_20220204_001311	No hay nada más que puedas hacer aquí.{nl}Te daré este cuadro. Ve con el General Heosha.{nl}Ella te enviará a Orsha.	이제 이곳에서 당신이 더 이상 할 일이 없습니다.{nl}이 해도를 드릴 테니 헤오샤 장군에게 찾아가십시오.{nl}그녀가 당신을 오르샤로 보내줄 것입니다.				카오닐라 헨류시
QUEST_LV_0500_20220204_001312	Heosha	헤오샤				
QUEST_LV_0500_20220204_001313	Ah, eres tú, Revelador{nl}¿Te envió la Princesa?	아, 계시자님이시군요.{nl}공주님이 보내셨다고요?				헤오샤
QUEST_LV_0500_20220204_001314	Mi ejército y yo comenzaremos a prepararnos para partir. {nl}Esperaré el momento.	저와 제 군대도 이제 이곳을 떠날 준비를 시작할 것입니다.{nl}그때를 기다리겠습니다.				카오닐라 헨류시
QUEST_LV_0500_20220204_001315	No hace mucho, la princesa me habló de ti.{nl}Me dijo que te llevara en otro barco a Orsha...{nl}¿Has oído más?	얼마 전에 공주님께서 당신에 대한 이야기를 하셨죠.{nl}오르샤로 향하는 다른 배를 태우라고 하셨는데..{nl}더 들으신 이야기가 있으십니까?				헤오샤
QUEST_LV_0500_20220204_001316	{nl}Parece que no lo sabes.	{nl}표정을 보니 모르시는 모양이군요.				헤오샤
QUEST_LV_0500_20220204_001317	Hace unos días, los rumores de regresar a Orsha se habían extendido por toda la Embajada.{nl}La Princesa dividió a los refugiados y los demonios que invadieron la Embajada para llevarlos en un barco.{nl}Los dos barcos partieron juntos, pero el barco en el que están los demonios ahora habrá entrado en el reino de la Diosa Jurate.{nl}Será difícil para ellos estar a salvo.	얼마 전에 오르샤로 돌아간다는 이야기가 공관 내에 퍼진 적이 있습니다.{nl}공주님은 피난민과 공관에 침입한 마족들을 분류해서 배에 태우셨죠.{nl}두 배는 같이 출발했지만, 마족들이 탄 배는 지금쯤 유라테 여신의 영역으로 들어갔을 겁니다.{nl}아마 녀석들은 무사하기 힘들 겁니다.				헤오샤
QUEST_LV_0500_20220204_001318	La princesa me dijo que me asegurara de que el barco en el que viajas se desvíe del reino de la Diosa Jurate y vaya sano y salvo a Orsha.{nl}Por favor, avísame cuando estés listo.{nl}Será un largo viaje.	공주님은 당신이 탈 배는 유라테 여신의 영역을 우회하여 무사히 오르샤로 갈 수 있게 하라고 하시더군요.{nl}준비가 되면 말씀해주십시오.{nl}먼 항해가 될 겁니다.				헤오샤
QUEST_LV_0500_20220204_001319	La princesa Kaonilla te ha enviado sano y salvo.	카오닐라 공주가 널 무사히 보내줬구나.				소녀의 환영
QUEST_LV_0500_20220204_001320	También el Jurate..{nl}	그리고 유라테도..{nl}				소녀의 환영
QUEST_LV_0500_20220204_001321	Ahora que has llegado a Orsha, ayuda al Señor de Orsha hasta que te encuentre.	이제 오르샤에 도착했으니 내가 다시 찾을 때까지 오르샤 영주를 도와줘야 해.				소녀의 환영
QUEST_LV_0500_20220204_001322	Pase lo que pase, a quién conozca.	앞으로 네가 무엇을 겪던, 누구를 만나건.				소녀의 환영
QUEST_LV_0500_20220204_001323	Te cubro la espalda.	난 항상 네 뒤에 있을 거니까.				소녀의 환영
QUEST_LV_0500_20220204_001324	Quedarse vivo.	살아 남아줘.				소녀의 환영
QUEST_LV_0500_20220204_001325	Parece que aún no estás listo para sobrevivir.{nl}Es mejor abrir tu inventario (F2) y equipar tu equipo.	아직까지 살아남을 준비가 되지 않은 것 같구나.{nl}인벤토리(F2)를 열어서 장비를 착용하는 게 좋겠어.				소녀의 환영
QUEST_LV_0500_20220204_001326	¿Aún no te has preparado?{nl}¿Cómo es eso?	아직 장비를 꺼내입지 않은 거야?{nl}어째서?				소녀의 환영
QUEST_LV_0500_20220204_001327	Eso será suficiente para que sobrevivas al combate.	그 정도면 곧 있을 전투에서 살아남을 수 있을 거야.				소녀의 환영
QUEST_LV_0500_20220204_001328	Ya que estoy ocupada, ve a ver a la princesa.	난 바쁘니 어서 공주님께 찾아가게.				대장군 라민
QUEST_LV_0500_20220204_001329	El refugiado que me has dicho...{nl}Desayunamos juntos.{nl}Cómo puede pasar esto...	당신이 말한 그 피난민...{nl}오늘 아침에 저와 아침 식사를 했어요.{nl}어떻게 이런 일이..				오위니아 딜벤
QUEST_LV_0500_20220204_001330	Revelador.{nl}He entregado la evidencia recuperada de la prisión subterránea de Ashaq al Reino.	계시자님.{nl}지난번 아샤크 지하감옥에서 회수했던 증거물들을 왕실에 전달했습니다.				이네사 해먼데일
QUEST_LV_0500_20220204_001331	Y finalmente, estamos armados una vez más para enfrentarnos a las fuerzas del Espectador que atacaron la provincia de Kiren y Orsha.{nl}El Ejército Real, liderado por el General Ramin, ya ha atacado Delmore, la fortaleza del Espectador.	그리고 마침내, 키렌 지방과 오르샤를 공격한 주시자의 군세에 맞서기 위해 우리는 다시금 검을 쥐었습니다.{nl}주시자의 본거지인 델무어를 향해 라민 대장군이 이끄는 왕국군이 대대적인 공격을 개시했습니다.				이네사 해먼데일
QUEST_LV_0500_20220204_001332	Ya se habrían librado varias batallas, grandes y pequeñas.{nl}Pajauta pasó por aquí, antes de unirse al ejército, para pedirte que te unieras a ella también.	지금쯤이면, 크고 작은 전투가 몇 차례 치러진 후일 겁니다.{nl}공격에 앞서서 공격대에 합류한 파야우타씨께서 당신께 합류해 달라는 부탁을 남기기 위해 이곳에 들렀습니다.				이네사 해먼데일
QUEST_LV_0500_20220204_001333	Revelador.{nl}Nuestro pueblo te respeta y el enemigo te debe.{nl}Por favor, como señor de Orsha, te pido sinceramente que hagas todo lo posible para proteger a Kiren.	계시자님.{nl}당신께서는 많은 이들에게 존경의 대상으로, 적에게는 경외의 대상입니다.{nl}부디, 키렌 지방의 수호를 위해 힘써주시길 오르샤의 영주로서 간곡히 부탁드리겠습니다.				이네사 해먼데일
QUEST_LV_0500_20220204_001334	Gracias por tomar una decisión tan importante.{nl}Te recompensaré por tus esfuerzos y sacrificio.	크나큰 결정을 해주셔서 감사합니다.{nl}당신의 희생과 노고에 반드시 보답하겠습니다.				이네사 해먼데일
QUEST_LV_0500_20220204_001335	Delmore Hamlet es la entrada a Delmore, y puedes llegar allí atravesando el bosque de Kirtimas.{nl}La ruta de suministro que conecta directamente las afueras de Delmore y el estanque de Lemprasa ha sido bloqueada debido al combate.	델무어의 초입지인 델무어 소작촌은 현재 키르티마스 숲을 지나 도달하실 수 있을 겁니다.{nl}렘파라사 연못과 연결된 델무어 외성으로 곧바로 갈 수 있는 보급로는 전투의 여파로 차단되어 버렸습니다.				이네사 해먼데일
QUEST_LV_0500_20220204_001336	Buena suerte y mantente a salvo.	그럼 부디 무사하시길 바랍니다.				이네사 해먼데일
QUEST_LV_0500_20220204_001337	Delmore Hamlet es la entrada a Delmore, y puedes llegar allí atravesando el bosque de Kirtimas.{nl}La ruta de suministro que conecta directamente las afueras de Delmore y el estanque de Lemprasa ha sido bloqueada debido al combate.	델무어의 초입지인 델무어 소작촌은 현재 키르티마스 숲을 지나 도달하실 수 있을 겁니다.{nl}렘파라사 연못과 연결된 델무어 외성으로 곧바로 갈 수 있는 보급로는 현재는 전투의 여파로 차단되어 버렸습니다.				이네사 해먼데일
QUEST_LV_0500_20220204_001338	Entonces eres el Revelador del que me habló Pajauta.{nl}Es un honor conocerte.	당신이 파야우타씨 께서 말씀하신 계시자로군요.{nl}뵙게 되어 영광입니다.				센츄리온 마스터
QUEST_LV_0500_20220204_001339	He oído mucho sobre ti.{nl}Pero dado el lugar en el que nos encontramos ahora, mantengamos la pequeña charla hasta un mejor momento.	당신의 이야기라면 익히 들었습니다.{nl}하지만 여긴 전쟁터이니 사담은 다음을 기약하기로 하죠.				센츄리온 마스터
QUEST_LV_0500_20220204_001340	Pajauta dijo que eres el único que puede acabar con esta guerra.	파야우타씨께서는 당신만이 이 전쟁의 종지부를 찍을 수 있는 사람이라고 말했습니다.				센츄리온 마스터
QUEST_LV_0500_20220204_001341	He estado vigilando y esperando aquí para darte la bienvenida.{nl}Sin embargo, no pude resistir mucho porque los enemigos estaban atacando.	저는 여기서 당신을 맞이하기 위해 이곳을 지키고 있었습니다.{nl}하지만 적들의 공세에 오래 버티지는 못했습니다.				센츄리온 마스터
QUEST_LV_0500_20220204_001342	La pelea continúa y los soldados se han dividido.{nl}No será difícil lograr que entres a través de todo esto, pero también debemos ganar esta guerra.	난전이 계속되고 있고 와중에 병사들이 흩어져 버렸습니다.{nl}계시자님 한 분을 안쪽으로 들여보내기는 어렵지 않겠지만, 전쟁에서의 승리도 중요합니다.				센츄리온 마스터
QUEST_LV_0500_20220204_001343	Necesitamos reunir a los soldados y reforzar el escuadrón principal.{nl}¿Me ayudarás a aclarar la situación aquí?	흩어진 병사들을 다시 합류시키고 본대를 증원할 필요가 있습니다.{nl}우선 저와 함께 이곳 상황을 정리해주시겠습니까?				센츄리온 마스터
QUEST_LV_0500_20220204_001344	Busquemos a los soldados dispersos.	서둘러 흩어진 병사들을 찾죠.				센츄리온 마스터
QUEST_LV_0500_20220204_001345	Los soldados deben haber estado luchando.{nl}Afortunadamente, la batalla no parece verse afectada por esto.	병사들이 꽤 고전 중이었나 보군요.{nl}다행히 전투에는 지장이 없을 거 같습니다.				센츄리온 마스터
QUEST_LV_0500_20220204_001346	Quedan más soldados.{nl}Empecemos por el punto más cercano.	아직 흩어진 병사들이 더 많습니다.{nl}가까운 지점부터 찾아보도록 하죠.				센츄리온 마스터
QUEST_LV_0500_20220204_001347	Apurémonos.{nl}La situación no parece ir bien.	서두르죠.{nl}전황이 좋지 않습니다.				센츄리온 마스터
QUEST_LV_0500_20220204_001348	Como pensaba... algunos están heridos.{nl}También veo algunos más con armas dañadas.	역시나 부상자도 나오고 있군요.{nl}무기가 손상된 병사들도 더러 보입니다.				센츄리온 마스터
QUEST_LV_0500_20220204_001349	Hay soldados que todavía pueden luchar, pero las armas están dañadas.{nl}Tomemos las armas de los {#003399}Blickferrets{/} y entreguémoslas a los soldados.	싸울 수 있는 병사들은 있지만 정작 무기들이 제구실을 못하고 있습니다.{nl}{#003399}블릭페릿{/}들에게서 무기를 탈취한다면 병사들이 쓸 무기를 확보할 수 있을 겁니다.				센츄리온 마스터
QUEST_LV_0500_20220204_001350	Una vez que tomemos las armas de {#003399}Blickferrets{/}, podremos conseguir suficientes armas para los soldados.	{#003399}블릭페릿{/}들에게서 무기를 탈취한다면 병사들이 쓸 무기를 확보할 수 있을 겁니다.				센츄리온 마스터
QUEST_LV_0500_20220204_001351	Esto será suficiente.	이 정도면 부족하지 않을 겁니다.				센츄리온 마스터
QUEST_LV_0500_20220204_001352	Parece que la mayoría de los soldados esparcidos en Delmore Hamlet han regresado. {nl}Gracias al Revelador, también pudimos asegurar armas insuficientes... así que, aunque pueda ser leve, se puede decir que hemos recuperado nuestro poder.	델무어 소작촌에서 흩어진 병사들은 대부분 모인 거 같습니다.{nl}계시자님 덕에 부족한 무기도 확보할 수 있었으니 미약하지만, 전력을 회복했다고 볼 수 있겠군요.				센츄리온 마스터
QUEST_LV_0500_20220204_001353	Parece que los enemigos también comenzaron a seguir nuestros movimientos{nl}Somos menos numerosos, por lo que no hay manera de que podamos luchar cuando los enemigos comienzan a reunirse.	우리의 움직임에 따라 적들도 움직이기 시작한 거 같습니다.{nl}아무래도 수적으로는 열세이니 적들이 모이기 시작하면 당해낼 도리가 없습니다.				센츄리온 마스터
QUEST_LV_0500_20220204_001354	Primero deshagámonos de los contactos que pasan la información entre enemigos.{nl}Esto nos dará algo de tiempo.	적들의 무리와 무리 사이의 연락을 넘기는 연락책을 미리 제거하도록 하죠.{nl}적들이 집결할 시간을 조금이나마 벌 수 있을 겁니다.				센츄리온 마스터
QUEST_LV_0500_20220204_001355	Pues bien, movámonos.	그럼 어서 움직이죠.				센츄리온 마스터
QUEST_LV_0500_20220204_001356	Una vez que nos deshagamos de los contactos, esto nos dará algo de tiempo.	연락책들을 제거한다면 적들이 집결할 시간을 조금이나마 늦출 수 있을 겁니다.				센츄리온 마스터
QUEST_LV_0500_20220204_001357	Definitivamente funcionará ya que estamos en medio de un campo de batalla caótico.	혼란스러운 전쟁터의 한가운데이니 확실히 효과가 있을 겁니다.				센츄리온 마스터
QUEST_LV_0500_20220204_001358	Hay un ascensor a Delmore Manor cerca.{nl}¿Por qué no lo comprobamos ya que podría ser una salida en caso de una crisis inesperada?	근처에 델무어 장원으로 가는 승강기가 있습니다.{nl}혹시 모를 위기에 퇴로가 될 수도 있을 테니 미리 확인해 보는 게 어떠십니까?				센츄리온 마스터
QUEST_LV_0500_20220204_001359	Muy bien.{nl}Puedes ir al ascensor siguiendo la carretera superior en Ishinti Crossroads.	좋습니다.{nl}이쉰티 사거리에서 윗길을 따라가면 승강기가 있는 곳입니다.				센츄리온 마스터
QUEST_LV_0500_20220204_001360	Puede llegar al remonte siguiendo la carretera superior en Ishinti Crossroads.	이쉰티 사거리에서 윗길을 따라가면 승강기가 있는 곳입니다.				센츄리온 마스터
QUEST_LV_0500_20220204_001361	Oh, no..	이런..				센츄리온 마스터
QUEST_LV_0500_20220204_001362	Los soldados perderán el ánimo si descubren que no hay salida.	병사들이 퇴로가 없다는 사실을 알게 되면 전의를 잃게 될 겁니다.				센츄리온 마스터
QUEST_LV_0500_20220204_001363	El muro de Kruvina, levantado desde el suelo, destruyó el medio de transporte.	솟아난 크루비나 장벽이 이동 장치를 파괴했다				PC
QUEST_LV_0500_20220204_001364	La única forma ahora es asegurar la ruta conectada a Delmore Manor.	방법은 델무어 장원으로 이어진 육로를 확보하는 방법뿐입니다.				센츄리온 마스터
QUEST_LV_0500_20220204_001365	Los soldados estarán muy motivados si te unes a la batalla.	계사자님 께서 참전해주신다면 병사들에게도 큰 힘이 될 겁니다.				센츄리온 마스터
QUEST_LV_0500_20220204_001366	Gracias por ser la mitad de los soldados.	병사들을 대신하여 감사드립니다.				센츄리온 마스터
QUEST_LV_0500_20220204_001367	Puedes ir a Delmore Manor por la carretera superior del cementerio.{nl}Ahí será donde atacaremos.	공동묘지의 윗길을 통해 델무어 장원으로 갈 수 있습니다.{nl}그곳을 공격하죠.				센츄리온 마스터
QUEST_LV_0500_20220204_001368	Si no fuera por ti, Revelador, los soldados no habrían podido luchar con tanta valentía.	계시자님이 없었더라면 병사들도 용맹하게 싸우지 못했을 겁니다.				센츄리온 마스터
QUEST_LV_0500_20220204_001369	Iré a Delmore Manor.	델무어 장원으로 이동하겠습니다.				센츄리온 마스터
QUEST_LV_0500_20220204_001370	También habrá muchos soldados luchando allí.	그곳에서도 고전 중인 병사들이 많이 있을 겁니다.				센츄리온 마스터
QUEST_LV_0500_20220204_001371	La situación de la batalla no pinta tan bien.	전황이 제 생각보다 안 좋습니다.				센츄리온 마스터
QUEST_LV_0500_20220204_001372	Los soldados están agotados.	병사들이 지쳐있습니다.				센츄리온 마스터
QUEST_LV_0500_20220204_001373	Probablemente sea porque entraron en pánico en el aislamiento.{nl}Necesitamos un lugar para reunir y reorganizar a nuestros soldados, incluso si estamos en medio de un campo de batalla.	아무래도 고립된 상황에서 공황을 겪은 탓일 겁니다.{nl}전장의 한가운데지만 병사들을 집결하고 재정비할 장소가 필요합니다.				센츄리온 마스터
QUEST_LV_0500_20220204_001374	Una simple barricada hecha con suministros rotos hará que los soldados se sientan aliviados.	주변에 부서진 물자들을 이용한 간단한 바리케이드만 있어도 병사들이 조금은 안심할 수 있을 겁니다.				센츄리온 마스터
QUEST_LV_0500_20220204_001375	Puede que sea una tarea insignificante para alguien como tú, pero gracias por ayudarnos.{nl}Por favor, echa un vistazo a la cabaña de trabajadores abandonados.	시답지 않은 일이겠지만, 나서주셔서 감사합니다.{nl}근처에 버려진 인부 숙소 근처를 찾아보시길 바랍니다.				센츄리온 마스터
QUEST_LV_0500_20220204_001376	Gracias a que recogiste materiales para la tienda, ahora hay un lugar para que los soldados heridos se acuesten.	텐트 자재까지 모아 주신 덕에 부상병들의 몸을 누일 곳이 생겼군요.				센츄리온 마스터
QUEST_LV_0500_20220204_001377	Ahora necesitamos instalar la barricada.	이제 바리케이드를 배치하면 되겠군요.				센츄리온 마스터
QUEST_LV_0500_20220204_001378	¿Estás preparado para el trabajo?	그렇게 해주시겠습니까?				센츄리온 마스터
QUEST_LV_0500_20220204_001379	Podremos garantizar la seguridad de la base temporal colocando barricadas apropiadamente.	바리케이드를 적당히 배치해주시면 임시 거점의 안전을 확보할 수 있을 겁니다.				센츄리온 마스터
QUEST_LV_0500_20220204_001380	Esto es suficiente.	충분합니다.				센츄리온 마스터
QUEST_LV_0500_20220204_001381	Habrá soldados en Delmore Manor, divididos y combatiendo en diferentes lugares.	델무어 장원에 곳곳에 흩어져 교전 중인 병사들이 있을 겁니다.				센츄리온 마스터
QUEST_LV_0500_20220204_001382	Podríamos apoyar los combates en el futuro si llevas a los soldados dispersos a la base temporal y los reorganizas.	흩어진 병사들을 이곳 임시 거점으로 모아 재정비한다면 추후 있을 전투를 지원할 수 있을 겁니다.				센츄리온 마스터
QUEST_LV_0500_20220204_001383	No podemos simplemente dejar a estos dos soldados en pánico.{nl}Me quedaré aquí para reforzar la base temporal. ¿Podrías enviar aquí a los soldados dispersos?	공황에 빠진 저 두 병사만 이곳에 두고 가기는 곤란합니다.{nl}저는 여기 남아 임시 거점을 보강할 테니 계시자님께서 흩어진 병사들을 이곳으로 보내주실 수 있겠습니까?				센츄리온 마스터
QUEST_LV_0500_20220204_001384	Gracias.{nl}Diríjase al distrito de reconstrucción de Rampart, pase el cruce y Buried Central Plaza.	감사합니다.{nl}삼거리와 매몰된 광장을 지나 성벽 재건 구역으로 가보십시오.				센츄리온 마스터
QUEST_LV_0500_20220204_001385	Es un terreno amplio. Podrás encontrarlos allí si los soldados están luchando.	넓은 지형이니 병사들이 교전 중이라면 그곳부터 찾아보실 수 있을 겁니다.				센츄리온 마스터
QUEST_LV_0500_20220204_001386	Diríjase al distrito de reconstrucción de Rampart, pase el cruce y Buried Central Plaza.	삼거리와 매몰된 광장을 지나 성벽 재건 구역으로 가보십시오.				센츄리온 마스터
QUEST_LV_0500_20220204_001387	Es un terreno amplio. Podrás encontrarlos allí si los soldados están luchando.	넓은 지형이니 병사들이 교전 중이라면 그 곳부터 찾아 보실 수 있을 겁니다.				센츄리온 마스터
QUEST_LV_0500_20220204_001388	Estuvo cerca.{nl}Gracias a que llegó justo a tiempo, esa es una crisis superada.	하마터면 큰일 날 뻔 했군요.{nl}제때 와주신 덕에 위기를 넘겼습니다.				센츄리온 마스터
QUEST_LV_0500_20220204_001389	Creo que debería quedarme aquí y encontrar soldados que aún no se hayan unido.{nl}La fuerza principal del ejército real liderada por el gran general luchará con tu colega, Pajauta.	아무래도 저는 여기 남아 주변에서 아직 합류하지 못한 병사들을 찾아야겠습니다.{nl}이 앞으로는 대장군께서 이끄는 왕국군의 본대와 당신의 동료인 파야우타씨가 교전 중일 겁니다.				센츄리온 마스터
QUEST_LV_0500_20220204_001390	Eso nos ayudará mucho.	그렇게 해주신다면 큰 도움이 될 겁니다.				센츄리온 마스터
QUEST_LV_0500_20220204_001391	Bueno, entonces nos vemos de nuevo.	그럼, 다시 뵙겠습니다,				센츄리온 마스터
QUEST_LV_0500_20220204_001392	La fuerza principal del ejército real liderada por el gran general y tu colega Pajauta luchará desde aquí.	이 앞으로는 대장군께서 이끄는 왕국군의 본대와 당신의 동료인 파야우타씨가 교전 중일 겁니다.				센츄리온 마스터
QUEST_LV_0500_20220204_001393	Bueno, entonces nos vemos de nuevo.	그럼, 다시 뵙겠습니다.				센츄리온 마스터
QUEST_LV_0500_20220204_001394	Parece que nuestro encuentro siempre se ve así.	우리는 항상 이런 식으로 만나는 거 같네.				파야우타
QUEST_LV_0500_20220204_001395	Es posible que lo hayas visto en el camino hasta aquí, pero las cosas no se ven tan brillantes.{nl}Me alivia que hayas venido.	여기까지 지나오며 봤겠지만, 상황이 마냥 좋지 않아.{nl}그래도 네가 와줬으니 안심이야.				파야우타
QUEST_LV_0500_20220204_001396	El Gran General y la fuerza principal del ejército real se encuentran en una ubicación más interior.{nl}Me muevo por separado para buscar la base de {#003399}Blickferrets{/}.	대장군과 왕국군 본대는 더 안쪽에 있어.{nl}나는 여기에 거점을 잡고 있는 {#003399}블릭페릿{/}들의 거점을 찾으며 별도로 움직이고 있어.				파야우타
QUEST_LV_0500_20220204_001397	Deben tener el plan de defensa y los documentos operativos del Delmore.{nl}Podremos revertir la situación desfavorable una vez que los tengamos.	녀석들이 델무어 전체의 방어 계획과 작전 계획서를 가지고 있을 거야.{nl}그것만 손에 넣는다면 불리한 전황을 뒤집을 수 있어.				파야우타
QUEST_LV_0500_20220204_001398	Bien.{nl}Primero derrotemos a los enemigos reunidos en la carretera de acceso a Degalm.	좋아.{nl}데가름 진입로에 집결한 적들을 먼저 처리하자.				파야우타
QUEST_LV_0500_20220204_001399	Los {#003399}Blickferrets{/} aquí deben tener el plan de defensa y los documentos operativos de Delmore.{nl}Podremos revertir la situación desfavorable una vez que los tengamos.	이곳의 {#003399}블릭페릿{/}들이 델무어 전체의 방어 계획과 작전 계획서를 가지고 있을 거야.{nl}그것만 손에 넣는다면 불리한 전황을 뒤집을 수 있어.				파야우타
QUEST_LV_0500_20220204_001400	El plan de defensa de Delmore Hamlet y Delmore Manor...{nl}No sirve de nada ya que el Ejército Real ya pasó por esos lugares.	델무어 소작촌과 델무어 장원의 방어 계획..{nl}왕국군 본대가 이미 돌파한 곳이라 큰 소용은 없겠어.				파야우타
QUEST_LV_0500_20220204_001401	Al menos está claro que los enemigos tienen el plan de defensa.	적어도 적들이 방어 계획을 가지고 있다는 사실은 명확해졌네.				파야우타
QUEST_LV_0500_20220204_001402	Busquemos la base de los enemigos.	적들이 거점으로 삼고 있는 곳을 찾자.				파야우타
QUEST_LV_0500_20220204_001403	Tagika Crossroads es por donde pasan muchos enemigos. Podríamos encontrar el camino si rastreamos las huellas allí.	타지카 갈림길은 적들이 많이 지나는 곳이니 그곳에서 족적을 추적해보면 길을 찾을 수 있을 거야.				파야우타
QUEST_LV_0500_20220204_001404	Investiga la huella de los enemigos en Tagika Crossroads.	타지카 갈림길에서 적들의 족적을 조사해보자.				파야우타
QUEST_LV_0500_20220204_001405	Hay muchas huellas que conducen al Orem Metting Hall.	유난히 오렘 집회장으로 이어지는 족적이 많아.				파야우타
QUEST_LV_0500_20220204_001406	Vayamos a Orem Metting Hall.{nl}Su base podría estar allí, o al menos podríamos descubrir algo.	오렘 집회장으로 가보자.{nl}그곳에 적들의 거점이 있거나, 적어도 뭔가를 알아낼 수 있을 거야.				파야우타
QUEST_LV_0500_20220204_001407	Apurémonos. Perderemos más gente si llegamos tarde.	서두르자, 우리가 늦으면 더 많은 사람이 희생될 거야.				파야우타
QUEST_LV_0500_20220204_001408	Si encontramos la base del enemigo, será mejor que la destruyamos.	적의 거점이 있다면 시설을 파괴하는 게 좋겠어.				파야우타
QUEST_LV_0500_20220204_001409	No podemos simplemente dejar la base enemiga así.{nl}Les provocará un gran pánico si la destruimos.	적들의 거점을 이대로 놔둘 수 없어.{nl}시설을 파괴하면 적들을 혼란에 빠뜨릴 수 있을 거야.				파야우타
QUEST_LV_0500_20220204_001410	El plan de defensa no está aquí. Creo que ya lo llevaron a otro lado.	방어 계획은 여기에 없어 이미 다른 곳으로 가져간 거 같아.				파야우타
QUEST_LV_0500_20220204_001411	El camino que hay hasta allí.{nl}Que lleva al Estanque de Lemprasa.	저 윗길.{nl}렘파라사 연못으로 이어지는 길이야.				파야우타
QUEST_LV_0500_20220204_001412	Sería una ventaja para nosotros si pudiéramos utilizar ese camino.	저 길을 쓸 수 있다면 아군에게 큰 이점이 될 거야.				파야우타
QUEST_LV_0500_20220204_001413	Bien, movámonos.	좋아 움직이자.				파야우타
QUEST_LV_0500_20220204_001414	Si aseguramos ese camino, también podemos usar la carretera que conecta las afueras de Delmore y el estanque Lemprasa.	저 길을 확보하면 델무어 외성과 렘파라사 연못이 이어진 길을 사용할 수 있어.				파야우타
QUEST_LV_0500_20220204_001415	¡Buen trabajo! Dejémoslo en manos de los soldados ahora.	성공이야 이제 여긴 병사들에게 맡기자.				파야우타
QUEST_LV_0500_20220204_001416	A juzgar por las huellas alrededor, parece que no ha pasado mucho tiempo desde que los enemigos abandonaron esta base.	주변의 족적들을 보니 적들이 이 거점에서 무리 지어 떠나간 지 얼마 되지 않았어.				파야우타
QUEST_LV_0500_20220204_001417	Podríamos atraparlos si nos damos prisa.	서두르면 따라잡을 수 있을 거야.				파야우타
QUEST_LV_0500_20220204_001418	La huella conduce a la Plaza Central de las Afueras.{nl}Démonos prisa.	족적이 외성 광장을 향해 이어져 있어.{nl}어서 가자.				파야우타
QUEST_LV_0500_20220204_001419	Es el plan de defensa de Delmore Outskirts.	델무어 외성의 방어 계획이야.				파야우타
QUEST_LV_0500_20220204_001420	Esto nos ayudará a encontrar su base principal.	이거라면 녀석들의 중요 거점을 찾을 수 있어.				파야우타
QUEST_LV_0500_20220204_001421	Según el plan, su base superior está en Fortress Uphill.{nl}A juzgar por la escala, el resto del plan operativo y de defensa debería estar aquí también.	계획도에 따르면 성채 마루에 녀석들의 상부 거점이 있어.{nl}규모를 보니 나머지 방어 계획과 작전 계획서도 여기 있을 거야.				파야우타
QUEST_LV_0500_20220204_001422	Destruyamos también las instalaciones en Fortress Uphill.	성채 마루에 있는 시설도 파괴하자.				파야우타
QUEST_LV_0500_20220204_001423	Bien, creo que estamos cerca de nuestro objetivo.	좋아 목표가 머지않은 거 같아.				파야우타
QUEST_LV_0500_20220204_001424	El objetivo está muy cerca.{nl}Destruyamos también las instalaciones en Fortress Uphill.	목표가 머지않았어.{nl}성채 마루에 있는 거점 시설도 파괴하자.				파야우타
QUEST_LV_0500_20220204_001425	Deben estar en pánico ya que su base ha desaparecido.	거점이 사라졌으니 녀석들이 꽤 곤란할 거야.				파야우타
QUEST_LV_0500_20220204_001426	Aquí arriba está su base superior.	저 계단을 올라가면 녀석들의 상부 거점이야.				파야우타
QUEST_LV_0500_20220204_001427	Será de gran ayuda si les quitamos el plan de defensa y el documento operativo de Delmore Citadel y Delmore Garden.	녀석들에게서 델무어 내성과 델무어 정원의 방어 계획, 작전 계획서를 빼앗는다면 아군에게 큰 도움이 될 거야.				파야우타
QUEST_LV_0500_20220204_001428	Bien.{nl}Confiable como siempre.	좋아.{nl}역시 너는 믿음직한 친구구나.				파야우타
QUEST_LV_0500_20220204_001429	¿Qué me acaba de pasar...?	방금 내게 무슨 일이 일어난 거지..?				파야우타
QUEST_LV_0500_20220204_001430	Si no te importa, por favor mantén lo que acaba de pasar entre tú y yo.	괜찮다면 방금 있었던 일은 비밀로 해줘.				파야우타
QUEST_LV_0500_20220204_001431	Los soldados del ejército real tienen grandes expectativas para mí.{nl}Tendré que pagar el precio más tarde pero...{nl}Por ahora, debemos ganar esta guerra.	왕국군의 병사들이 내게 걸고 있는 기대가 클 거야.{nl}죗값은 나중에 치러야 겠지만..{nl}지금은 일단 이 전쟁에서 이기는 게 우선이야.				파야우타
QUEST_LV_0500_20220204_001432	Si sigues el camino superior, encontrarás la base de la fuerza principal liderada por el general Ramin.{nl}Vayamos allí.	윗길을 따라가면 라민 대장군이 이끄는 본대가 거점으로 삼은 곳이 있어.{nl}그곳으로 가자.				파야우타
QUEST_LV_0500_20220204_001433	Debemos entregar su plan operativo y de defensa al ejército real.	서둘러 적들의 방어 계획과 작전 계획서를 왕국군에게 넘겨줘야 해.				파야우타
QUEST_LV_0500_20220204_001434	ramín	라민				
QUEST_LV_0500_20220204_001435	Pajauta.{nl}¿Trajiste los documentos?	파야우타로군.{nl}지시한 문서들은 가져왔겠지?				라민
QUEST_LV_0500_20220204_001436	Ramin, el gran general del ejército real, es un hombre riguroso en el campo de batalla.{nl}Es un guerrero talentoso y un héroe admirado por muchos soldados.	왕국군의 대장군인 라민은 전장에서만큼은 규율에 철저한 사람이야.{nl}유능한 전사이고 많은 병사가 존경하는 영웅과도 같아.				파야우타
QUEST_LV_0500_20220204_001437	Y tú debes ser el Revelador del que habló Pajauta.{nl}Soy Ramin, el Gran General del Reino.	네가 파야우타가 이야기한 계시자군.{nl}난 왕국의 대장군인 라민이라고 한다.				라민
QUEST_LV_0500_20220204_001438	Este es un campo de batalla, y si estás ayudando al ejército real, ten en cuenta que estás bajo mis órdenes.	이곳은 전장이고 네가 왕국군을 돕는 사람이라면, 이곳의 책임자인 나의 부하라는 건 알아두도록.				라민
QUEST_LV_0500_20220204_001439	Sobre los documentos que trajiste… Sería un tonto si confiara en todo lo que hay allí sin verificarlo.{nl}Haré que los soldados verifiquen.{nl}Pajauta, ve a ayudar con esto.	가져온 방어 계획과 작전 계획서를 곧이곧대로 믿을 수는 없다.{nl}병사에게 시켜 사실 여부를 판단하겠다.{nl}파야우타는 이 일을 돕도록.				라민
QUEST_LV_0500_20220204_001440	Revelador, te daré otra misión. {nl} Envié un explorador para vigilar la situación, pero aún han regresado.	계시자 네게는 다른 임무를 주겠다.{nl}한참 전에 적들의 동향을 살피러 정찰병을 내보냈으나 아직 돌아오지 않았다.				라민
QUEST_LV_0500_20220204_001441	Es posible que tenga información importante, así que tráigalo de regreso.	중요한 정보를 획득했을 수도 있으니 그 병사를 찾아 데려오도록.				라민
QUEST_LV_0500_20220204_001442	Si el soldado está muerto, trae sus pertenencias.	만약 전사했다면 병사의 소지품이라도 가지고 와라.				라민
QUEST_LV_0500_20220204_001443	Mover.	움직이도록.				라민
QUEST_LV_0500_20220204_001444	Podrás encontrarlo siguiendo la ruta de apoyo bloqueada por los enemigos.	적들에게 차단된 보급로를 따라가면 찾을 수 있을 거다.				라민
QUEST_LV_0500_20220204_001445	Estar a salvo.	조심히 다녀와.				파야우타
QUEST_LV_0500_20220204_001446	Afortunadamente, no fue demasiado tarde.{nl}Bien hecho.	다행히 늦지 않았군.{nl}수고했다.				라민
QUEST_LV_0500_20220204_001447	El explorador parece haber encontrado algo.{nl}Ven aquí y escucha esto conmigo.	아무래도 정찰병이 무언가를 알아낸 거 같다.{nl}자네도 함께 듣도록.				라민
QUEST_LV_0500_20220204_001448	Explorador salvado	구출된 정찰병				
QUEST_LV_0500_20220204_001449	¡Informe, señor!	보고드립니다!				구출된 정찰병
QUEST_LV_0500_20220204_001450	{#003399}Grasme{/}, los extraños cuervos que deambulan por aquí, son el mismo ser que los hurones que custodiaban Hamlet y la mansión.	이곳을 떠돌고 있는 기이한 까마귀인 일명 {#003399}그레스미{/}들은 앞선 소작촌과 장원을 지키던 페릿들과 같은 존재들입니다.				구출된 정찰병
QUEST_LV_0500_20220204_001451	Hemos confirmado la existencia de un poderoso demonio que convierte a los Hurones en {#003399}Grasmes{/}.	페릿들을 {#003399}그레스미{/}로 변형시키는 강력한 마족을 확인했습니다.				구출된 정찰병
QUEST_LV_0500_20220204_001452	Y este poderoso demonio debe ser el líder de este lugar.	그 강력한 마족이 이 지역의 우두머리임이 확실하다.				라민
QUEST_LV_0500_20220204_001453	Nuestro ejército todavía necesita una reorganización.{nl}Dado que tenemos tanto a Pajauta como al Revelador, será mejor que tratemos esto con un número mínimo de soldados.	우리 군은 아직 재정비가 필요하다.{nl}마침 파야우타와 계시자가 있으니 최소한의 인원으로 해결을 해보는 게 좋겠군.				라민
QUEST_LV_0500_20220204_001454	Pajauta, Revelador.{nl}Ustedes dos reunirán una fuerza separada conmigo y encontrarán a ese demonio.	파야우타, 계시자.{nl}너희는 나와 함께 별동대를 꾸려 그 마족을 찾아낸다.				라민
QUEST_LV_0500_20220204_001455	Revelador.{nl}Derrota a los demonios que rodean nuestra base mientras reúno la fuerza destacada.	계시자.{nl}별동대를 꾸리는 동안 아군 거점을 포위하고 있는 마족들을 처리하도록.				라민
QUEST_LV_0500_20220204_001456	Derrota a los demonios que rodean nuestra base mientras reúno la fuerza destacada.	별동대를 꾸리는 동안 아군 거점을 포위한 마족들을 처리해라.				라민
QUEST_LV_0500_20220204_001457	Bien hecho.{nl}La fuerza destacada podrá partir de forma segura.	수고했다.{nl}별동대가 안전히 출발할 수 있을 거다.				라민
QUEST_LV_0500_20220204_001458	La preparación está casi terminada.{nl}Iremos al centro y nos dividiremos para encontrar al líder.	준비는 거의 끝났다.{nl}중심지로 이동한 뒤 나뉘어 우두머리를 찾도록 한다.				라민
QUEST_LV_0500_20220204_001459	Revelador, toma la iniciativa.	계시자가 앞장서도록.				라민
QUEST_LV_0500_20220204_001460	Lo seguiré con la fuerza destacada.	별동대를 이끌고 따라가겠다.				라민
QUEST_LV_0500_20220204_001461	Definitivamente funcionó.	확실히 효과가 있었군.				라민
QUEST_LV_0500_20220204_001462	Ahora lidera a todos los soldados que puedan luchar y entra.	이제 싸울 수 있는 병사들을 모두 이끌고 안쪽으로 진입한다.				라민
QUEST_LV_0500_20220204_001463	Debemos reunir a los soldados dispersos.{nl}Este puede ser un gran poder a la hora de reforzar la fuerza principal.	흩어진 병사들을 규합해야 합니다.{nl}본대를 증원할 때 막강한 전력이 될 수 있습니다.				센츄리온 마스터
QUEST_LV_0500_20220204_001464	¿Has visto a los enemigos deambulando?{nl}Solían ser soldados, ciudadanos y comerciantes de Orsha.{nl}Algunos refugiados que escaparon a Delmore después de Medzio Diena también podrían estar allí.	이 곳을 배회하고 있는 적들의 모습을 보았나?{nl}오르샤에 소속되었던 병사이거나, 시민 혹은 상인들이 었다.{nl}신수의 날 이후 델무어로 피신한 피난민들도 다수 있었겠지.				라민
QUEST_LV_0500_20220204_001465	Está claro que ahora son nuestros enemigos y bloquean el camino del ejército real.{nl}Pero veo vacilaciones en los ojos de los soldados.	그러나 저들이 우리 왕국군의 길을 막고 있으니 적이라는 사실은 명확하다.{nl}다만 병사들의 눈빛에 망설임이 만연하군.				라민
QUEST_LV_0500_20220204_001466	Si la batalla comienza así, seremos aniquilados sin una lucha adecuada.{nl}Necesitamos animar a los soldados.	이대로 전투가 시작되면 제대로 싸워보지도 못하고 전멸당할 거다.{nl}병사들을 독려할 필요가 있다.				라민
QUEST_LV_0500_20220204_001467	Para el combate, aseguraos los suministros desechados por los soldados corruptos y reorganizaos.	아군의 전투를 준비하기 위해 변질된 병사들이 버려둔 보급품을 확보하고 재정비해라.				라민
QUEST_LV_0500_20220204_001468	Bien.{nl}Date prisa.	좋다.{nl}서둘러 움직이도록.				라민
QUEST_LV_0500_20220204_001469	Asegure los suministros desechados por los soldados corruptos.	변질된 병사들이 버려둔 보급품을 확보해라.				라민
QUEST_LV_0500_20220204_001470	¿Todo listo?{nl}Y veo que esta es una bandera de Orsha.{nl}	준비가 끝났나?{nl}이건 오르샤의 깃발이군.{nl}				라민
QUEST_LV_0500_20220204_001471	No podemos esperar más.{nl}¿Estás listo?	시간을 더 지체할 수는 없다.{nl}자네도 준비가 끝났나?				라민
QUEST_LV_0500_20220204_001472	Bien.	좋다.				라민
QUEST_LV_0500_20220204_001473	Vuelve a la posición y prepárate.{nl}Coloca la bandera de Orsha junto con la bandera del Ejército Real.{nl}Tendrá un efecto positivo en la batalla si pudiéramos motivar a nuestros soldados para vengarse.	자리로 가서 준비해라.{nl}왕국군의 깃발과 함께 오르샤의 깃발을 함께 세워라.{nl}적당한 복수심을 심어준다면 전투에 있어서도 큰 효과를 가져올 거다.				라민
QUEST_LV_0500_20220204_001474	Lo hiciste genial.{nl}Ocasionalmente se encuentran monstruos hostiles fuera de Delmore, pero no es suficiente para ser una amenaza para el ejército real.	잘 싸워주었다.{nl}델무어 외부에는 간간히 적대적인 무리들이 발견되긴 하지만, 왕국군에 큰 위협이 될 정도는 아니다.				라민
QUEST_LV_0500_20220204_001475	Hemos asignado el límite trasero y los restos al Maestro Centurión.	센츄리온 마스터에게는 후방 경계와 잔당 처리를 맡겼다.				라민
QUEST_LV_0500_20220204_001476	Escuché la noticia. {nl} Limpiaré a los enemigos restantes en el área de retaguardia por orden del Gran General.	소식을 들었습니다.{nl}저는 대장군의 명령에 따라 후방 지역의 잔당을 소탕하겠습니다.				센츄리온 마스터
QUEST_LV_0500_20220204_001477	El ejército real aprecia tu actuación.	당신의 활약에 대해 왕국군은 높이 사고 있습니다.				센츄리온 마스터
QUEST_LV_0500_20220204_001478	Este no es el final.{nl}Reúne a los soldados que puedan luchar.	아직 전쟁이 끝난 건 아니다.{nl}싸울 수 있는 동료들을 모아라.				라민
QUEST_LV_0500_20220204_001479	En posiciones.{nl}No hay tiempo que perder.	자리로 이동해라.{nl}뭉그적거릴 여유는 없다.				라민
QUEST_LV_0500_20220204_001480	Espera, escucho a los soldados gritar.{nl}Revelador, ¿escuchaste eso?	잠깐, 병사들의 비명 소리가 들린다.{nl}계시자 너도 들었나?				라민
QUEST_LV_0500_20220204_001481	El arma de asedio de Orsha ha llegado.{nl}Muchos soldados del ejército real sacrificaron sus vidas sólo para mover el arma de asedio sobre la barricada.	오르샤의 공성장비가 도착했다.{nl}공성장비를 바리케이드 너머로 옮기는 데에만 많은 왕국군이 희생을 치렀다.				라민
QUEST_LV_0500_20220204_001482	Se dice que los Reveladores que recibieron una revelación de la Diosa muestran poderes más allá de los límites humanos.{nl}Tu historia ha sido escuchada entre los soldados que lucharon junto a ti en la última batalla.	여신의 계시를 받은 계시자들은 인간의 한계를 넘어선 힘을 발휘한다고 하지.{nl}지난 전투에서 너와 함께 싸운 병사들 사이에서 네 이야기가 들리더군.				라민
QUEST_LV_0500_20220204_001483	Eres su héroe.{nl}La razón por la que los soldados no se dieron por vencidos cuando perdieron amigos o cuando quedaron aislados en el campo de batalla, fue porque estabas peleando con ellos.{nl}	그들에게 너는 영웅이 되었다.{nl}친구이자 전우를 잃고 전장에 고립된 상황에서도 병사들이 포기하지 않은 건{nl}네가 병사들과 함께 싸워주고 있기 때문이었다.				라민
QUEST_LV_0500_20220204_001484	Arriesgaron sus vidas y lograron llevar el arma de asedio al campo de batalla para ayudarte en la batalla.{nl}Ahora es tu turno.	병사들이 목숨을 걸고 너의 전투를 돕기위해 공성장비를 전장에 들여 놓는 데는 성공했다.{nl}이제 네 차례다.				라민
QUEST_LV_0500_20220204_001485	Ve y abre la {#003399}Gate{/}.	가서 {#003399}성문{/}을 열어라.				라민
QUEST_LV_0500_20220204_001486	Ingresa el {#003399}Battlefield{/}.	{#003399}격전지{/}로 진입한다.				라민
QUEST_LV_0500_20220204_001487	Ingresa el {#003399}Battlefield{/}.	{#003399}격전지{/}로 진입하도록.				라민
QUEST_LV_0500_20220204_001488	El camino que conduce al interior de Delmore está abierto gracias a ti.{nl}La princesa Kaonilla apreciará mucho este logro.	덕분에 델무어 내부로 가는 길이 열렸군.{nl}이 공로는 카오닐라 공주님께서 크게 치하하실 거다.				라민
QUEST_LV_0500_20220204_001489	Por supuesto, también aprecio tu logro.{nl}Lo hiciste bien.	물론, 나 역시 네 공로를 인정하고 있다.{nl}잘 싸워주었다.				라민
QUEST_LV_0500_20220204_001490	Te llamaré nuevamente una vez que la preparación para ingresar esté lista.	내부로 들어갈 준비가 끝나면 다시 너를 찾겠다.				라민
QUEST_LV_0500_20220204_001491	{img GuideQuest_StartLine3_MiniMap_2 300 240}{nl}El mapa de aspecto tosco permite estimar qué tan lejos están Orsha y la embajada de Moroth en el Reino.	      {img GuideQuest_StartLine3_MiniMap_2 300 240}{nl}조잡해 보이는 해도는 오르샤와 왕국령 모로스 공관이 얼마나 멀리 떨어져 있는지 가늠하게 한다.				PC
QUEST_LV_0500_20220204_001492	Revelador de Moroth (1)	모로스의 계시자(1)				
QUEST_LV_0500_20220204_001493	Ingrese a la Embajada de Moroth en Kingdom	왕국령 모로스 공관으로 진입하세요				
QUEST_LV_0500_20220204_001494	[Tutorial] Diálogo e Interacción	[튜토리얼] 대화와 상호작용				
QUEST_LV_0500_20220204_001495	Parece tener un problema.{nl}Hablemos con los refugiados que esperan el examen.	문제가 있는 것 같습니다.{nl}검사를 기다리고 있는 피난민들과 대화해봅시다.				
QUEST_LV_0500_20220204_001496	Habla con la ilusión de la niña.	소녀의 환영과 대화해봅시다.				
QUEST_LV_0500_20220204_001497	[Tutorial] Equipar equipo de crecimiento	[튜토리얼] 성장 장비 착용				
QUEST_LV_0500_20220204_001498	Revelador de Moroth (2)	모로스의 계시자(2)				
QUEST_LV_0500_20220204_001499	Revelador de Moroth (3)	모로스의 계시자(3)				
QUEST_LV_0500_20220204_001500	La Ilusión de la Niña te está buscando.	소녀의 환영이 당신을 찾고 있습니다.				
QUEST_LV_0500_20220204_001501	[Tutorial] Primer Avance de Clase	[튜토리얼] 첫 번째 전직				
QUEST_LV_0500_20220204_001502	Probaré el Avance de Clase	전직해 보겠다고 한다				
QUEST_LV_0500_20220204_001503	Revelador de Moroth (4)	모로스의 계시자(4)				
QUEST_LV_0500_20220204_001504	eres irresponsable	무책임하다고 한다				
QUEST_LV_0500_20220204_001505	Revelador de Moroth (5)	모로스의 계시자(5)				
QUEST_LV_0500_20220204_001506	Iré a Owynia Dilben	오위니아 딜벤을 찾아가겠다고 한다				
QUEST_LV_0500_20220204_001507	No planeo quedarme aquí por mucho tiempo.	이곳에 오래 머무를 생각이 없다고 한다				
QUEST_LV_0500_20220204_001508	Revelador de Moroth (6)	모로스의 계시자(6)				
QUEST_LV_0500_20220204_001509	echaré un vistazo a mi alrededor	잠시 둘러보고 오겠다고 한다				
QUEST_LV_0500_20220204_001510	Revelador de Moroth (7)	모로스의 계시자(7)				
QUEST_LV_0500_20220204_001511	simplemente caminaré	걸어가겠다고 한다				
QUEST_LV_0500_20220204_001512	[Tutorial] Usar objeto de misión	[튜토리얼] 퀘스트 아이템 사용				
QUEST_LV_0500_20220204_001513	Parece sospechoso. no quiero hacerlo	수상해서 하기 싫다고 한다				
QUEST_LV_0500_20220204_001514	Revelador de Moroth (8)	모로스의 계시자(8)				
QUEST_LV_0500_20220204_001515	no quiero causar ningun problema	문제를 일으키고 싶지 안핟고 한다				
QUEST_LV_0500_20220204_001516	Revelador de Moroth (9)	모로스의 계시자(9)				
QUEST_LV_0500_20220204_001517	[Tutorial] Combate con el monstruo jefe	[튜토리얼] 보스 몬스터와의 전투				
QUEST_LV_0500_20220204_001518	lo descubriré	알아내겠다고 한다				
QUEST_LV_0500_20220204_001519	Es demasiado peligroso hacerlo solo.	혼자선 위험하다고 한다				
QUEST_LV_0500_20220204_001520	Revelador de Moroth (10)	모로스의 계시자(10)				
QUEST_LV_0500_20220204_001521	Revelador de Moroth (11)	모로스의 계시자(11)				
QUEST_LV_0500_20220204_001522	No tienes más remedio que seguir	어쩔 수 없이 따른다				
QUEST_LV_0500_20220204_001523	Revelador de Moroth (12)	모로스의 계시자(12)				
QUEST_LV_0500_20220204_001524	Mantén la calma	흥분하지 말라고 한다				
QUEST_LV_0500_20220204_001525	Revelador de Moroth (13)	모로스의 계시자(13)				
QUEST_LV_0500_20220204_001526	Revelador de Moroth (14)	모로스의 계시자(14)				
QUEST_LV_0500_20220204_001527	estoy listo para irme	떠날 준비가 되었다고 한다				
QUEST_LV_0500_20220204_001528	al combate	전장 속으로				
QUEST_LV_0500_20220204_001529	Me uniré de inmediato	곧장 합류하겠다고 한다				
QUEST_LV_0500_20220204_001530	Reunir la tropa (1)	병력 재집결(1)				
QUEST_LV_0500_20220204_001531	es dificil ayudar	돕기 어렵다고 한다				
QUEST_LV_0500_20220204_001532	Reunir la tropa (2)	병력 재집결(2)				
QUEST_LV_0500_20220204_001533	apurémonos	서둘러 가자고 한다				
QUEST_LV_0500_20220204_001534	Reunir la tropa (3)	병력 재집결(3)				
QUEST_LV_0500_20220204_001535	Reunir la tropa (4)	병력 재집결(4)				
QUEST_LV_0500_20220204_001536	Verifique el dispositivo de transporte	이동 장치 확인				
QUEST_LV_0500_20220204_001537	eso es demasiado	번거롭다고 한다				
QUEST_LV_0500_20220204_001538	A la mansión Delmore	델무어 장원으로				
QUEST_LV_0500_20220204_001539	me uniré	참전하겠다고 한다				
QUEST_LV_0500_20220204_001540	Base temporal	임시 거점				
QUEST_LV_0500_20220204_001541	Vamos a la mansión Delmore	델무어 장원으로 가자고 한다				
QUEST_LV_0500_20220204_001542	todavía tengo otras cosas que hacer	아직 할 일이 있다고 한다				
QUEST_LV_0500_20220204_001543	Recoger a los proveedores.	물자 모으기				
QUEST_LV_0500_20220204_001544	Encontraré a los proveedores.	물자들을 찾아보겠다고 한다				
QUEST_LV_0500_20220204_001545	es inútil	시답지 않은 일이라고 한다				
QUEST_LV_0500_20220204_001546	construir barricada	바리케이드 구축				
QUEST_LV_0500_20220204_001547	lo instalaré	직접 설치해주겠다고 한다				
QUEST_LV_0500_20220204_001548	Resuelve la pelea (1)	난전 해결 (1)				
QUEST_LV_0500_20220204_001549	Iré a buscar a los soldados.	병사들을 찾아보겠다고 한다				
QUEST_LV_0500_20220204_001550	Resuelve la pelea (2)	난전 해결 (2)				
QUEST_LV_0500_20220204_001551	Resuelve la pelea (3)	난전 해결 (3)				
QUEST_LV_0500_20220204_001552	El hombre indicado en el lugar indicado	적재 적소				
QUEST_LV_0500_20220204_001553	Tarea de cada uno	각자가 할 일				
QUEST_LV_0500_20220204_001554	Prepararé el camino a las afueras de Delmore.	그럼 델무어 외성으로 가는 길을 정리해두고 가겠다고 한다				
QUEST_LV_0500_20220204_001555	tengo otras cosas que hacer primero	먼저 할 일이 있다고 한다				
QUEST_LV_0500_20220204_001556	colega que vino antes	먼저 온 동료				
QUEST_LV_0500_20220204_001557	Plan de defensa del demonio (1)	마족의 방어 계획 (1)				
QUEST_LV_0500_20220204_001558	Plan de defensa del demonio (2)	마족의 방어 계획 (2)				
QUEST_LV_0500_20220204_001559	Estoy de acuerdo en encontrar la Base.	거점을 찾는 데 동의한다				
QUEST_LV_0500_20220204_001560	Plan de defensa del demonio (3)	마족의 방어 계획 (3)				
QUEST_LV_0500_20220204_001561	Plan de defensa del demonio (4)	마족의 방어 계획 (4)				
QUEST_LV_0500_20220204_001562	Vamos a rastrearlos	어서 추적하자고 한다				
QUEST_LV_0500_20220204_001563	Plan de defensa del demonio (5)	마족의 방어 계획 (5)				
QUEST_LV_0500_20220204_001564	Plan de defensa del demonio (6)	마족의 방어 계획 (6)				
QUEST_LV_0500_20220204_001565	Salvar al ejército real	왕국군 구조				
QUEST_LV_0500_20220204_001566	Ramin el gran general	라민 대장군				
QUEST_LV_0500_20220204_001567	mejor descansa un poco	조금 쉬는 게 좋겠다고 한다				
QUEST_LV_0500_20220204_001568	Búsqueda de los supervivientes	생존자 탐색				
QUEST_LV_0500_20220204_001569	seguiré tu orden	명령을 따르겠다고 한다				
QUEST_LV_0500_20220204_001570	Necesito prepararme para seguir tu orden.	명령을 따르기 위해 준비가 필요하다고 한다				
QUEST_LV_0500_20220204_001571	Quitar asedio	포위 해제				
QUEST_LV_0500_20220204_001572	Fuerza separada	별동대				
QUEST_LV_0500_20220204_001573	Identidad de Grasme	그레스미의 정체				
QUEST_LV_0500_20220204_001574	La realidad del signo siniestro	흉조의 실체				
QUEST_LV_0500_20220204_001575	Arma abandonada	버려진 무기들				
QUEST_LV_0500_20220204_001576	Guerra total	총력전				
QUEST_LV_0500_20220204_001577	estaré en mi posición	자리로 가겠다고 한다				
QUEST_LV_0500_20220204_001578	todavía no estoy listo	아직 준비가 끝나지 않았다고 한다				
QUEST_LV_0500_20220204_001579	Delantero izquierdo (1)	좌측 전선(1)				
QUEST_LV_0500_20220204_001580	Delantero izquierdo (2)	좌측 전선(2)				
QUEST_LV_0500_20220204_001581	al centro	중앙 진출				
QUEST_LV_0500_20220204_001582	Frente derecho	우측 전선				
QUEST_LV_0500_20220204_001583	Avance del lado	측면 돌파				
QUEST_LV_0500_20220204_001584	Noticias de victoria	승전보				
QUEST_LV_0500_20220204_001585	El obstáculo del ser humano	인간의 관문				
QUEST_LV_0500_20220204_001586	lo escuché	들었다				
QUEST_LV_0500_20220204_001587	no escuché nada	못 들었다				
QUEST_LV_0500_20220204_001588	Campo de batalla de Delmore	델무어 격전지				
QUEST_LV_0500_20220204_001589	estoy listo	준비가 끝났다고 한다				
QUEST_LV_0500_20220204_001590	Cruzar el umbral	문턱을 넘는다				
QUEST_LV_0500_20220204_001591	Revelador de Moroth	모로스의 계시자				
QUEST_LV_0500_20220204_001592	Ingrese a la embajada de Moroth	왕국령 모로스 공관 진입				
QUEST_LV_0500_20220204_001593	Finalmente has llegado aquí con la persistente persuasión de la chica de tu sueño. ¿Será este un nuevo comienzo? Todavía no sabemos nada, pero podemos encontrar una pista preguntando a la gente de aquí. Habla con el guardia y busca a alguien con quien puedas hablar.	꿈 속 소녀의 집요한 설득으로 당신은 결국 이 곳에 도착했습니다. 이것이 새로운 시작일까요? 아직 아무것도 알 수 없지만 이 곳 사람들에게 물어보면 실마리를 찾을 수 있을 것 같습니다. 공관 경비병에게 사정을 이야기하고 말이 통하는 사람을 찾아봅시다.				
QUEST_LV_0500_20220204_001594	Habla con el refugiado	피난민들과 대화하기				
QUEST_LV_0500_20220204_001595	Puede que tarde un poco en entrar a la embajada. Habla con los refugiados cerca de la entrada y descubre qué pasó con los Moroth recientemente.	아무래도 공관으로 들어가려면 시간이 걸릴 것 같습니다. 입구의 피난민들과 대화하며 최근 모로스에서 벌어진 일들을 알아봅시다.				
QUEST_LV_0500_20220204_001596	Habla con la ilusión de la niña.	소녀의 환영과 대화하기				
QUEST_LV_0500_20220204_001597	Ilusión de la Niña que había venido a tus sueños desde hacía mucho tiempo y te dijo que visitaras esta Embajada y apareció el sueño del Apocalipsis. Habla con la ilusión de la niña.	오랜 기간 당신의 꿈 속에 나타나 계시의 꿈과 이 공관을 찾아가라고 말하던 소녀의 환영이 나타났습니다. 소녀의 환영과 대화해 봅시다.				
QUEST_LV_0500_20220204_001598	Equipar equipo de crecimiento	성장 장비 착용				
QUEST_LV_0500_20220204_001599	Abra el inventario y seleccione el equipo de crecimiento para equipar.	인벤토리를 열어 성장 장비를 선택하고 착용하세요				
QUEST_LV_0500_20220204_001600	Habla con la ilusión de la niña.	소녀의 환영과 대화				
QUEST_LV_0500_20220204_001601	Habla con el general Ramin	대장군 라민과 대화				
QUEST_LV_0500_20220204_001602	Avance de Clase Completado por 1 vez	전직 1회 완료				
QUEST_LV_0500_20220204_001603	Encuentra la embajada	공관실 찾아가기				
QUEST_LV_0500_20220204_001604	Habla con Kaoneela Henrjusi	카오닐라 헨류시와 대화				
QUEST_LV_0500_20220204_001605	Regreso a Owynia Dilben	오위니아 딜벤에게 되돌아 가기				
QUEST_LV_0500_20220204_001606	Usar proyector de alma	영혼 투사기 사용				
QUEST_LV_0500_20220204_001607	Usa el proyector de almas para Owynia Dilben	오위니아 딜벤에게 영혼 투사기 사용				
QUEST_LV_0500_20220204_001608	Descansar	휴식 취하기				
QUEST_LV_0500_20220204_001609	Derrota al demonio oculto Keyman	숨어든 마족 간부 처치				
QUEST_LV_0500_20220204_001610	Sigue al Maestro Rangda	랑다 마스터 따라가기				
QUEST_LV_0500_20220204_001611	Habla con el general de guardia Heosha	호위대장 헤오샤와 대화				
QUEST_LV_0500_20220204_001612	Encuentra al Señor de Orsha Inesa Hamondale	오르샤의 영주 이네사 해먼데일을 찾아가기				
QUEST_LV_0500_20220204_001613	El Señor de Orsha te busca urgentemente{nl}Ve a Orsha y encuentra al Señor	오르샤의 영주가 급히 당신을 찾고 있습니다{nl}오르샤로 가 영주를 만나세요				
QUEST_LV_0500_20220204_001614	Pasa el bosque Kirtimas y dirígete a Delmore.	키르티마스 숲을 지나 델무어 소작촌으로 가기				
QUEST_LV_0500_20220204_001615	Según el Señor de Orsha, el Ejército Real ha atacado la fortaleza del Espectador, Delmore, para contrarrestar las fuerzas del Espectador que invadieron la Provincia de Kiren{nl}Pajauta ya se ha unido al Ejército Real y espera que tú te unas al Ejército Real{nl}Puedes ir a Delmore Hamlet a través de la ruta terrestre a lo largo del Estanque Lemprasa y el Bosque Kirtimas, pero el paso al Estanque Lemprasa está bloqueado debido a la guerra{nl}Ve a Delmore Hamlet pasando por el bosque de Kirtimas{nl}	오르샤 영주의 말에 의하면, 키렌 지방을 침공한 주시자의 군세에 맞서기 위하여 왕국군이 주시자의 본거지인 델무어를 공격했다고 합니다{nl}파야우타는 일찍이 왕국군에 합류했으며 그녀는 당신 역시 왕국군에 가세해 주기를 바라고 있습니다{nl}델무어 소작촌으로 가는 방법은 렘파라사 연못과 키르티마스 숲을 통해 이어진 육로가 있으나, 전쟁의 여파로 렘파라사 연못과 이어진 통로는 차단된 상태입니다{nl}키르티마스 숲을 지나 델무어 소작촌으로 이동하세요{nl}				
QUEST_LV_0500_20220204_001616	Habla con el maestro centurión	센츄리온 마스터와 대화하기				
QUEST_LV_0500_20220204_001617	Cuando ingresaste a Delmore Halmet, te encontraste con el Ejército Real y el Maestro Centurión luchando{nl}Parece que Maestro Centurión te conoce.{nl}Habla con el Maestro Centurión.	델무어 소작촌에 진입하자 교전 중이던 왕국군과 센츄리온 마스터를 만났습니다{nl}센츄리온 마스터는 당신을 알고 있는 눈치입니다{nl}센츄리온 마스터와 이야기하세요				
QUEST_LV_0500_20220204_001618	Pajauta le ha hablado de ti al Maestro Centurión{nl}Sin embargo, deja de lado la conversación personal y pídele que se una	센츄리온 마스터는 파야우타로 부터 당신의 이야기를 들었다고 합니다{nl}그러나 사담은 다음을 기약하고 센츄리온 마스터와 합류할 수 있도록 그와 이야기하세요				
QUEST_LV_0500_20220204_001619	Encuentra a los soldados dispersos	흩어진 병사들을 찾기				
QUEST_LV_0500_20220204_001620	Maestro Centurión estaba vigilando aquí debido a la solicitud de Pajauta para que pudieras unirte de manera segura a la fuerza principal del Ejército Real.{nl}Sin embargo, no pudo soportar el ataque del enemigo por mucho tiempo, y los soldados que lo siguieron se dividieron para el combate en varios lugares{nl}Debes ayudar a Maestro Centurión a reunir a los soldados y hacerlos unirse para que el Ejército Real pueda ganar.	센츄리온 마스터는 파야우타의 부탁으로 당신을 왕국군 본대에 무사히 합류시키기 위해 이곳을 지키던 중이었습니다{nl}그러나 적의 공세에 오래 버티지는 못했고 그를 따르던 병사들이 흩어져 곳곳에서 교전 중이라고 합니다{nl}전쟁에서 왕국군이 승리할 수 있도록 센츄리온 마스터를 도와 흩어진 병사들을 합류시켜야 합니다				
QUEST_LV_0500_20220204_001621	Encontré‌ algunos soldados peleando{nl}Habla con el Maestro Centurión antes de pasar a la siguiente área.	교전 중이던 병사들을 일부 찾았습니다{nl}다음 지역으로 이동하기 전에 센츄리온 마스터와 대화하세요				
QUEST_LV_0500_20220204_001622	Encontré algunos soldados{nl}Habla con el Maestro Centurión antes de pasar a la siguiente área.	병사들을 일부 찾았습니다{nl}다음 지역으로 이동하기 전에 센츄리온 마스터와 대화하세요				
QUEST_LV_0500_20220204_001623	Encuentra a los soldados escondidos en la inferioridad.	열세 속에 숨어 있는 병사들을 찾아보기				
QUEST_LV_0500_20220204_001624	Muévete a un área cercana para expulsar a los enemigos y encontrar soldados.	가까운 지역으로 이동해 적들을 몰아내고 병사들을 찾으세요				
QUEST_LV_0500_20220204_001625	Encontré algunos soldados ocultos{nl}Habla con el Maestro Centurión antes de pasar a la siguiente área.	숨어있던 병사들을 일부 찾았습니다{nl}다음 지역으로 이동하기 전에 센츄리온 마스터와 대화하세요				
QUEST_LV_0500_20220204_001626	Habla con el maestro centurión	센츄리온 마스터와 대화하세요				
QUEST_LV_0500_20220204_001627	Derrota a los enemigos cercanos y consigue objetos útiles como armas.	주변의 몬스터를 처치하고 무기로 쓸만한 것들을 획득하기				
QUEST_LV_0500_20220204_001628	Para prepararse para la batalla en el futuro, los soldados deben estar listos para luchar{nl}Tomar armas de los Blickferrets.	앞으로 있을 전투에 대비하기 위해 병사들이 싸울 수 있는 여건이 되어야 합니다{nl}블릭페릿들로부터 무기를 탈취하세요				
QUEST_LV_0500_20220204_001629	Has conseguido suficiente arma{nl}Habla con el Maestro Centurión	충분히 많은 무기를 확보했습니다{nl}센츄리온 마스터와 대화하세요				
QUEST_LV_0500_20220204_001630	Habla sobre la próxima chica con Maestro Centurión	센츄리온 마스터와 다음 목표에 대해 상의하세요				
QUEST_LV_0500_20220204_001631	Encuentra el contacto entre los Blickferrets y derrótalo.	블릭페릿 사이에서 연락책을 찾아 처치하기				
QUEST_LV_0500_20220204_001632	Los soldados dispersos en Delmore Hamlet se encuentran en su mayoría{nl}Sin embargo, los hurones negros han detectado tu movimiento y el del Maestro Centurión{nl}Encuentra y elimina el contacto de los enemigos para retrasar su reunión.	델무어 소작촌에 흩어진 병사들은 대부분 찾았습니다{nl}그러나 당신과 센츄리온 마스터의 움직임을 블릭페릿들도 감지했습니다{nl}적들의 집결 시간을 지연시키기 위해 연락책을 맡은 적들을 찾아 제거하세요				
QUEST_LV_0500_20220204_001633	Se eliminaron los contactos lo suficiente{nl}Habla con el Maestro Centurión	연락책들을 찾아 충분히 제거했습니다{nl}센츄리온 마스터와 대화하세요				
QUEST_LV_0500_20220204_001634	Verifique el dispositivo de transporte a Delmore Manor	델무어 장원으로 가는 이동 장치 확인하기				
QUEST_LV_0500_20220204_001635	Había un ascensor que conectaba Delmore Hamlet y Delmore Outskirts{nl}Para ver si se puede utilizar, siga la carretera superior desde Ishinti Crossroads y verifique el ascensor.	과거 델무어 소작촌과 델무어 외성을 잇던 승강기가 있습니다{nl}승강기를 사용할 수 있는 지 확인하기 위해 이쉰티 사거리에서 윗길을 따라가 승강기를 확인하세요				
QUEST_LV_0500_20220204_001636	El Massive Kruvina ha destruido totalmente el ascensor{nl}Habla con el Maestro Centurión	거대한 크루비나 장벽이 승강기를 완전히 박살 냈습니다{nl}센츄리온 마스터와 대화하세요				
QUEST_LV_0500_20220204_001637	Habla con el Maestro Centurión para encontrar una manera de llegar a Delmore Manor.	델무어 장원으로 이동할 방법을 모색하기 위해 센츄리온 마스터와 상의하세요				
QUEST_LV_0500_20220204_001638	Asegure el área de entrada de Delmore Manor	델무어 장원 입구 지역을 확보하기				
QUEST_LV_0500_20220204_001639	La única forma es asegurar la ruta terrestre a Delmore Manor{nl}Asegura la entrada atacando cerca de la entrada de Delmore Manor con el Maestro Centurión y sus soldados.	델무어 장원으로 이어진 육로를 확보하는 게 유일한 방법입니다{nl}센츄리온 마스터와 그의 병사들과 함께 델무어 장원 진입지 근처를 공격해 입구를 확보하세요				
QUEST_LV_0500_20220204_001640	Asegurado con éxito cerca de la entrada de Delmore Manor{nl}Hable con el Maestro Centurión cerca de la entrada de Delmore Manor	델무어 장원 진입지 근처를 성공적으로 확보했습니다{nl}델무어 장원 입구 근처의 센츄리온 마스터와 대화하세요				
QUEST_LV_0500_20220204_001641	Habla con el Maestro Centurión antes de mudarte a Delmore Manor.	델무어 장원으로 이동하기 전에 센츄리온 마스터와 대화하세요				
QUEST_LV_0500_20220204_001642	Únase a Maestro Centurión en Delmore Manor e investigue cerca	델무어 장원에서 센츄리온 마스터와 합류하고 근처를 조사하기				
QUEST_LV_0500_20220204_001643	Habrá un ejército real luchando en Delmore Manor{nl}Primero, únete al Maestro Centurión en Delmore Manor e investiga cerca	델무어 장원에서도 교전 중인 왕국군들이 있을 겁니다{nl}우선 델무어 장원에서 센츄리온 마스터와 합류하고 근처를 조사하세요				
QUEST_LV_0500_20220204_001644	Rescató al ejército real en crisis en Delmore Manor.{nl}Habla con el Maestro Centurión.	델무어 장원에서 위기에 처해 죽을 뻔한 왕국군을 구했습니다{nl}센츄리온 마스터와 대화하세요				
QUEST_LV_0500_20220204_001645	El Maestro Centurión expresó su preocupación porque la situación no está bien{nl}Pero en tal situación, debemos encontrar algo que se pueda hacer{nl}Consultar con el Maestro Centurión.	센츄리온 마스터는 전황이 안좋다는 우려를 표했습니다{nl}그러나 이런 상황에서 할 수 있는 일을 찾아야만 합니다{nl}센츄리온 마스터와 상의하세요				
QUEST_LV_0500_20220204_001646	Recoge los suministros para reforzar la base temporal.	임시 거점을 보강할 물자를 모으기				
QUEST_LV_0500_20220204_001647	Maestro Centurión dijo que los soldados en pánico o heridos necesitan un lugar seguro para descansar por un tiempo{nl}Hay muchos materiales rotos ya que es un campo de batalla{nl}Puedes reunir materiales para hacer una barricada simple.	센츄리온 마스터는 공황을 겪고 있거나 다친 병사들이 잠시나마 안전한 휴식을 취할 수 있는 장소가 필요하다고 합니다{nl}현재 이곳은 전쟁터이고 주변에는 부서진 자재들이 많습니다{nl}간단한 바리케이드를 만들 수 있는 물자를 모을 수 있습니다				
QUEST_LV_0500_20220204_001648	Llevar material al maestro centurión	센츄리온 마스터에게 물자를 가져다주기				
QUEST_LV_0500_20220204_001649	Recogiste suficientes materiales{nl} y cortaste algunas tiendas de campaña abandonadas para tener materiales utilizables de la tienda{nl}Lleva los materiales al Maestro Centurión.	부족하지 않을 만큼 부서진 자재를 확보했으며{nl}근처에서 버려진 텐트의 일부를 잘라내 쓸만한 텐트 자재도 모았습니다{nl}센츄리온 마스터에게 모은 물자들을 가져가세요				
QUEST_LV_0500_20220204_001650	Gracias a los materiales que has recolectado, preparamos una tienda de campaña temporal para colocar a los soldados heridos{nl}Habla con el Maestro Centurión.	당신이 모아온 물자 덕분에 부상병들을 눕게 할 임시 텐트도 마련했습니다{nl}센츄리온 마스터와 대화하세요				
QUEST_LV_0500_20220204_001651	Instalar barricada en la base.	거점에 바리게이트 설치하기				
QUEST_LV_0500_20220204_001652	Instalar una barricada en un área designada para defender la base temporal.	임시 거점을 방어할 수 있도록 지정된 곳에 바리케이드를 설치하세요				
QUEST_LV_0500_20220204_001653	Informar los resultados al Maestro Centurión	센츄리온 마스터에게 결과를 보고하기				
QUEST_LV_0500_20220204_001654	Se instaló suficiente barricada{nl}Habla con el Maestro Centurión	바리케이드를 충분히 설치했습니다{nl}센츄리온 마스터와 대화하세요				
QUEST_LV_0500_20220204_001655	Ayuda a los soldados en la batalla en el Distrito de Reconstrucción de Rampart y guíalos hasta la base.	성벽 재건 구역에서 전투 중인 병사들을 돕고 병사들을 거점으로 안내하기				
QUEST_LV_0500_20220204_001656	Encuentra al ejército real comprometido en el Distrito de Reconstrucción de Rampart, expulsa a los enemigos enfrentados y ordena al ejército real que se retire a una base temporal.	성벽 재건 구역에서 교전 중인 왕국군들을 찾아 그들과 교전 중인 적들을 몰아내고, 왕국군들이 임시 거점으로 후퇴하도록 명령하세요				
QUEST_LV_0500_20220204_001657	Ayuda a los soldados en la batalla en el terreno baldío de Kalbos y guíalos hasta la base.	칼보스 공터에서 전투 중인 병사들을 돕고 병사들을 거점으로 안내하기				
QUEST_LV_0500_20220204_001658	Encuentra al ejército real ocupado en el terreno baldío de Kalbos, expulsa a los enemigos enfrentados y ordena al ejército real que se retire a una base temporal.	칼보스 공터에서 교전 중인 왕국군들을 찾아 그들과 교전 중인 적들을 몰아내고, 왕국군들이 임시 거점으로 후퇴하도록 명령하세요				
QUEST_LV_0500_20220204_001659	Ayuda a los soldados en la batalla en Ratas Crossroads y guíalos hasta la base.	라타스 사거리에서 전투 중인 병사들을 돕고 병사들을 거점으로 안내하기				
QUEST_LV_0500_20220204_001660	Encuentra al ejército real comprometido en el cruce de Ratas, expulsa a los enemigos enfrentados y ordena al ejército real que se retire a una base temporal.	라타스 사거리에서 교전 중인 왕국군들을 찾아 그들과 교전 중인 적들을 몰아내고, 왕국군들이 임시 거점으로 후퇴하도록 명령하세요				
QUEST_LV_0500_20220204_001661	Traslado al Taller de Artesanía Distancia	공방 거리로 이동하기				
QUEST_LV_0500_20220204_001662	Encuentra al ejército real ocupado en la distancia del taller de artesanía, expulsa a los enemigos enfrentados y ordena al ejército real que se retire a una base temporal.	공방 거리에서 교전 중인 왕국군들을 찾아 그들과 교전 중인 적들을 몰아내고, 왕국군들이 임시 거점으로 후퇴하도록 명령하세요				
QUEST_LV_0500_20220204_001663	Evita que los enemigos ataquen tu base	아군 거점을 공격하는 적들을 저지하기				
QUEST_LV_0500_20220204_001664	Los enemigos se han reunido para atacar la base temporal del ejército real{nl}Detén a los enemigos atacantes.	적들이 왕국군의 임시 거점을 공격하기 위해 집결했습니다{nl}공격해오는 적들을 막으세요				
QUEST_LV_0500_20220204_001665	Como llegaste a tiempo, pudimos proteger la base temporal.{nl}Habla con el Maestro Centurión.	다행히 당신이 늦지 않은 덕에 임시 거점을 지켜낼 수 있었습니다{nl}센츄리온 마스터와 대화하세요				
QUEST_LV_0500_20220204_001666	Asegure la entrada a las afueras de Delmore y muévase a las afueras de Delmore	델무어 외성 진입로를 확보하고 델무어 외성으로 이동하기				
QUEST_LV_0500_20220204_001667	Maestro Centurión decidió quedarse en la base temporal para reunir a los soldados dispersos{nl}Está planeando unirse a la fuerza principal después de reorganizarse{nl}Para entonces, derrota a los enemigos que custodian el paso a las afueras de Delmore.	센츄리온 마스터는 아직 흩어져 있는 병사들을 규합하기 위해 이곳 임시 거점에 남겠다고 합니다{nl}추후 그가 재정비를 마치면 본대에 합류할 계획입니다{nl}그때를 위해 델무어 외성으로 이어지는 통로를 지키는 적들을 몰아내세요				
QUEST_LV_0500_20220204_001668	Múdate a las afueras de Delmore	델무어 외성으로 이동하기				
QUEST_LV_0500_20220204_001669	Múdate a las afueras de Delmore	델무어 외성으로 이동하세요				
QUEST_LV_0500_20220204_001670	Conociste a Pajauta en las afueras de Delmore{nl}Habla con Pajauta	델무어 외성에서 파야우타를 만났습니다{nl}파야우타와 이야기를 나누세요				
QUEST_LV_0500_20220204_001671	Pregunta qué hacía Pajauta aquí	파야우타가 이곳에서 무엇을 하고 있었는 들어보세요				
QUEST_LV_0500_20220204_001672	Derrota a los enemigos en el área objetivo y toma sus pertenencias.	목표 지점의 적들을 소탕하고 소지품을 탈취하기				
QUEST_LV_0500_20220204_001673	Pajauta buscaba la base enemiga al mando del gran general, comandante del ejército real.{nl}Encuentra los planes de defensa y documentos operativos que pueda tener el enemigo en la base enemiga con Pajauta{nl} Ataca a los enemigos reunidos en la vía de acceso a Degalm.	파야우타는 왕국군의 지휘관인 대장군의 명령으로 적들의 거점을 찾고 있었습니다{nl}적의 거점에서 적들이 가지고 있을 거라 추정되는 방어 계획서들과 작전 문서를 찾기 위해 파야우타와 함께 움직이세요{nl}데가름 진입로에 집결 중인 적들을 공격하세요				
QUEST_LV_0500_20220204_001674	Recibiste el Plan de Defensa de Delmore Hamlet y Delmore Manor{nl}Habla con Pajauta	델무어 소작촌과 델무어 장원의 방어 계획도를 획득했습니다{nl}파야우타와 대화하세요				
QUEST_LV_0500_20220204_001675	Obtener el Plan de Defensa	방어 계획도 획득				
QUEST_LV_0500_20220204_001676	Habla con Pajauta sobre el próximo plan	파야우타와 다음 계획을 이야기하기				
QUEST_LV_0500_20220204_001677	Esos planes de defensa no sirven de nada, ya hemos pasado{nl}Habla con Pajauta para el próximo plan.	두 방어 계획도는 이미 지나온 곳이라 큰 소용이 있지는 않습니다{nl}다음 계획을 위해 파야우타와 대화하세요				
QUEST_LV_0500_20220204_001678	Investiga las huellas de los monstruos en el área objetivo.	목표 지점에서 몬스터들의 족적을 조사하기				
QUEST_LV_0500_20220204_001679	Pajauta aseguró que al menos confirmó que el enemigo tenía un plan de defensa.{nl}Investiga las huellas en el cruce de Tagika que conduce a las afueras de Delmore para encontrar la base del enemigo.	파야우타는 적어도 적들이 방어 계획도를 가지고 있다는 사실을 확인했다며 의기를 다졌습니다{nl}적의 거점을 찾기 위해 델무어 외성 곳곳으로 이어져 있는 타지카 갈림길에서 족적을 조사하세요				
QUEST_LV_0500_20220204_001680	Habla con Pajauta sobre el resultado de la investigación de huellas	족적의 조사 결과를 파야우타와 이야기하기				
QUEST_LV_0500_20220204_001681	Excepcionalmente muchas huellas son conducidas al Salón de Reuniones de Orem{nl}Discute las huellas con Pajauta	유난히 많은 족적이 오렘 집회장으로 이어져 있습니다{nl}파야우타와 족적에 대해 논의하세요				
QUEST_LV_0500_20220204_001682	Discute el próximo plan con Pajauta	파야우타와 다음 계획을 논의하기				
QUEST_LV_0500_20220204_001683	Discute el próximo plan con Pajauta	다음 계획에 대해 파야우타와 상의하세요				
QUEST_LV_0500_20220204_001684	Sigue las huellas y ataca la base enemiga.	족적을 따라 적의 거점을 습격하기				
QUEST_LV_0500_20220204_001685	Pajauta dice que la base enemiga estará en Orem Metting Hall{nl}Ve a Orem Metting Hall, derrota a los enemigos y destruye la base.	파야우타는 오렘 집회장으로 가면 적들의 거점이 있을 거라고 합니다{nl}오렘 집회장으로 이동해 적들을 처치하고 거점을 파괴하세요				
QUEST_LV_0500_20220204_001686	La base está destruida, pero aún se encuentra el plan de defensa{nl}Habla con Pajauta	거점을 파괴했지만, 방어 계획도는 찾지 못했습니다{nl}파야우타와 이야기하세요				
QUEST_LV_0500_20220204_001687	Pajauta está investigando cuidadosamente la calle superior del Salón de Reuniones de Orem{nl}Pregunta qué piensa Pajauta	파야우타는 오렘 집회장의 윗길을 유심히 살피고 있습니다{nl}파야우타의 생각을 들어보세요				
QUEST_LV_0500_20220204_001688	Garantizar la seguridad de la Ruta de Apoyo que conduce al Estanque de Lemprasa	렘파라사 연못과 이어지는 보급로의 안전을 확보하기				
QUEST_LV_0500_20220204_001689	El camino superior del Salón de Reuniones de Orem está conectado directamente con el Estanque Lemprasa, donde dijo el Señor de Orsha pero fue bloqueado debido a la guerra{nl}Asegure el camino para asegurar la Ruta de Apoyo de los aliados.	오렘 집회장의 윗길이 바로 오르샤의 영주가 말한 렘파라사 연못과 연결되었으나 전쟁의 여파로 차단된 통로입니다{nl}아군의 보급로를 확보하기 위해 통로를 확보하세요				
QUEST_LV_0500_20220204_001690	Derrotaste a los enemigos que venían a bloquear el camino bloqueado{nl}Habla con Pajauta	차단된 통로를 막아서기 위해 몰려오는 적들을 저지했습니다{nl}파야우타와 대화하세요				
QUEST_LV_0500_20220204_001691	Discute el próximo plan con Pajauta	파야우타와 다음 계획에 대해 상의하세요				
QUEST_LV_0500_20220204_001692	Sal de la base y rastrea a los monstruos en movimiento.	거점에서 벗어나 이동 중인 몬스터를 추적하기				
QUEST_LV_0500_20220204_001693	Según Pajauta, hay otras huellas que continúan desde la base.{nl}Es un rastro nuevo, así que puedes rastrearlo{nl}Ve a la Plaza Central de las Afueras donde están conectadas las huellas, derrota a los enemigos y encuentra el plan de defensa.	파야우타의 말에 의하면 거점에서 이어지는 또 다른 족적들이 있다고 합니다{nl}생긴 지 얼마 안 된 족적이니 추적할 수 있습니다{nl}족적이 이어지는 외성 광장으로 이동해 적들을 처치하고 방어 계획서를 찾으세요				
QUEST_LV_0500_20220204_001694	Encontré el Plan de Defensa de las Afueras de Delmore{nl}Muéstralo a Pajauta	델무어 외성의 방어 계획서를 찾았습니다{nl}파야우타에게 보여주세요				
QUEST_LV_0500_20220204_001695	Plan de defensa obtenido	방어 계획서 획득				
QUEST_LV_0500_20220204_001696	Discute el próximo plan con Pajauta basado en el Plan de Defensa de las Afueras de Delmore	다음 계획에 대해 델무어 외성의 방어 계획도를 토대로 파야우타와 상의하세요				
QUEST_LV_0500_20220204_001697	Destruye la base principal del enemigo.	적의 주요 거점을 파괴하기				
QUEST_LV_0500_20220204_001698	Según el plan de defensa de las afueras de Delmore, hay una base de gran escala en Fortress Uphill{nl}Tal vez puedas encontrar el resto del plan de defensa y los documentos operativos{nl}Derrota a los enemigos en Fortress Uphill y destruye la base.	델무어 외성의 방어 계획도에 따르면 성채 마루 지역에 규모가 큰 거점이 있습니다{nl}그곳이라면 나머지 방어 계획도와 작전 문서를 찾을 수 있을 겁니다{nl}성채 마루에 있는 적들을 처치하고 거점을 파괴하세요				
QUEST_LV_0500_20220204_001699	Destruiste todas las bases{nl}Habla con Pajauta	거점을 모조리 파괴했습니다{nl}파야우타와 대화하세요				
QUEST_LV_0500_20220204_001700	Habla con Pajauta para el próximo plan	다음 계획을 위해 파야우타와 대화하세요				
QUEST_LV_0500_20220204_001701	Atacar la base superior	상부 거점을 공격하기				
QUEST_LV_0500_20220204_001702	Ataca la base superior conectada a la fortaleza cuesta arriba.	성채 마루와 이어져 있는 상부 거점을 공격하세요				
QUEST_LV_0500_20220204_001703	Destruye %s dentro del tiempo limitado	시간내에 %s 파괴하기				
QUEST_LV_0500_20220204_001704	Encuentra a Pajauta en la ciudadela de Delmore	델무어 내성에서 파야우타를 찾기				
QUEST_LV_0500_20220204_001705	Obtuviste todos los planes de defensa y documentos operativos de la ciudadela y el jardín de Delmore{nl}Ve a la ciudadela de Delmore y encuentra a Pajauta.	모든 델무어 내성과 정원의 방어 계획도와 작전문서를 확보했습니다{nl}델무어 내성으로 이동해 파야우타를 찾으세요				
QUEST_LV_0500_20220204_001706	Sobrevive con Pajauta	파야우타와 함께 살아남기				
QUEST_LV_0500_20220204_001707	El misterioso poder irradiado por Pajauta envolvió a los enemigos cercanos e incluso al ejército real.{nl}No sé qué es esto, pero sobreviví de los enemigos que se precipitaban en respuesta a la conmoción.	파야우타로 부터 방출된 의문의 힘이 근처의 적들과 왕국군까지 집어삼켰습니다{nl}어떻게 된 영문인지는 모르겠지만, 소란에 반응해 몰려오는 적들로부터 살아남으세요				
QUEST_LV_0500_20220204_001708	Afortunadamente, el ataque parece haber remitido.{nl}Comprueba el estado de Pajauta	다행히 공격이 잠잠해진 듯합니다{nl}파야우타의 상태를 확인하세요				
QUEST_LV_0500_20220204_001709	La propia Pajauta también parece un poco confundida{nl} Habla con Pajauta	파야우타 본인도 적지 않게 당황해 보입니다{nl}파야우타와 대화하세요				
QUEST_LV_0500_20220204_001710	Ir a la base del ejército real	왕국군의 거점을 찾아가기				
QUEST_LV_0500_20220204_001711	La fuerza principal del Ejército Real liderada por el General Ramin ha construido una base cerca de aquí{nl}Ir a la base del Ejército Real	라민 대장군이 이끄는 왕국군 본대가 근처에 거점을 지었다고 합니다{nl}왕국군 거점을 찾아가세요				
QUEST_LV_0500_20220204_001712	Encuentra al general Ramin	대장군 라민을 찾기				
QUEST_LV_0500_20220204_001713	Encuentra al general Ramin en la base del ejército real.	왕국군 거점에서 라민 대장군을 찾으세요				
QUEST_LV_0500_20220204_001714	Habla con el general Ramin	대장군 라민과 대화하기				
QUEST_LV_0500_20220204_001715	Encontrado General Ramin{nl}Habla con el Gran General	라민 대장군을 찾았습니다{nl}대장군과 이야기를 나누세요				
QUEST_LV_0500_20220204_001716	Encuentra al explorador perdido y escolta a la base.	낙오된 정찰병을 찾아 거점까지 호위하기				
QUEST_LV_0500_20220204_001717	Pajauta decidió quedarse en la base para ayudar a descifrar los documentos{nl}Mientras tanto, Ramin te ordenó encontrar a los exploradores que se quedaron atrás{nl}Busca en la ruta de suministro bloqueada, encuentra a los exploradores que se quedaron atrás y escoltalos a la base.	파야우타는 거점에 남아 문서들의 판독을 돕기로 했습니다{nl}그사이 라민은 당신에게 낙오된 정찰병을 찾을 것을 지시했습니다{nl}차단된 보급로를 수색하고 낙오된 정찰병을 찾아 거점까지 호위하세요				
QUEST_LV_0500_20220204_001718	Escolté a los exploradores que se quedaron atrás de forma segura hasta la base{nl}Infórmalo al general Ramin.	낙오되었던 정찰병을 무사히 거점까지 호위했습니다{nl}라민 대장군에게 보고하세요				
QUEST_LV_0500_20220204_001719	Escuche informes de exploradores rescatados con el general Ramin.	라민 대장군과 함께 구출된 정찰병의 보고를 들으세요				
QUEST_LV_0500_20220204_001720	Derrota a los enemigos frente a la base.	거점 앞의 적들을 처치하기				
QUEST_LV_0500_20220204_001721	Tú, Pajauta y el General formarán una fuerza separada para encontrar al líder de los demonios{nl}Derrota a los enemigos en el frente mientras el General Ramin y Pajauta reúnen la fuerza separada.	적의 우두머리로 추정되는 마족을 찾기 위해 당신과 파야우타, 대장군은 별동대를 꾸려 움직일 겁니다{nl}라민 대장군과 파야우타가 별동대를 꾸리는 동안 거점을 포위하고 있는 전방의 적들을 처치하세요				
QUEST_LV_0500_20220204_001722	Informe al general Ramin	대장군 라민에게 보고하기				
QUEST_LV_0500_20220204_001723	Has eliminado adecuadamente a los enemigos que rodean la base.{nl}Informe al general Ramin.	거점을 포위하고 있던 적들을 적당히 정리했습니다{nl}라민 대장군에게 보고하세요				
QUEST_LV_0500_20220204_001724	La fuerza destacada se preparará pronto{nl}Habla con el general Ramin	곧 별동대가 준비를 마칠 겁니다{nl}라민 대장군과 대화하세요				
QUEST_LV_0500_20220204_001725	Hacia el centro	중심지로 향하기				
QUEST_LV_0500_20220204_001726	Muévete hacia el centro para que la Fuerza Detached pueda partir{nl}La Fuerza Detached se dividirá a su manera.	별동대가 출발하기 위해 중심지로 향하세요{nl}별동대는 각자 맡은 길로 흩어질 겁니다{nl}당신도 한 경로를 맡아 적들을 처치하고 나아가세요				
QUEST_LV_0500_20220204_001727	Derrota al enemigo y continúa.	적을 처치하고 나아가기				
QUEST_LV_0500_20220204_001728	Comprueba la figura oscura en el camino al siguiente punto.	다음 지점으로 가는 길의 검은 형상을 확인하기				
QUEST_LV_0500_20220204_001729	Hay un misterioso sujeto negro en el camino entre el centro y el área de erosión{nl}Investiga al sujeto negro.	중심지와 침식 지역 사이를 잇는 길에 정체를 알 수 없는 검은 형상이 있습니다{nl}검은 형상을 조사하세요				
QUEST_LV_0500_20220204_001730	Hay un cristal negro de Beholder en el área de erosión{nl}El cristal negro de Beholder está erosionando a los hurones{nl}Si lo dejamos, causará un gran daño al ejército real{nl}Encuentra una manera de destruir el cristal negro de Beholder{nl}Tal vez encontremos el poder para sobrecargar el cristal negro de Beholder.	침식 지역에 주시자의 검은 수정이 있습니다{nl}주시자의 검은 수정이 페릿들을 침식하고 있습니다{nl}이대로 둔다면 왕국군에게도 큰 피해를 가져올 겁니다{nl}주시자의 검은 수정을 파괴할 방법을 찾아보세요{nl}어쩌면 주시자의 검은 수정을 과부하 시킬 힘을 찾아볼 수 있을 겁니다				
QUEST_LV_0500_20220204_001731	Múdate al Nido del Cuervo	까마귀 둥지로 이동하기				
QUEST_LV_0500_20220204_001732	El cristal negro del Beholder se destruye con éxito{nl}Mover al Nido del Cuervo	주시자의 검은 수정을 성공적으로 파괴했습니다{nl}까마귀 둥지 지역으로 이동하세요				
QUEST_LV_0500_20220204_001733	Derrota al Grasme Truss	그레스미 트루스를 처치하기				
QUEST_LV_0500_20220204_001734	Al llegar al Nido del Cuervo, apareció el jefe de un enemigo que un explorador habría visto{nl}Derrota al Grasme Truss.	까마귀 둥지에 도착하자, 정찰병이 보았을 법한 적의 우두머리가 나타났습니다{nl}그레스미 트루스를 처치하세요				
QUEST_LV_0500_20220204_001735	Habla con el general Ramin.	라민 대장군과 이야기하기				
QUEST_LV_0500_20220204_001736	Derrotó a Grasme Truss junto con el General Ramin y Pajauta, quienes llegaron justo a tiempo{nl}Habla con el General Ramin antes de pasar a la siguiente área.	때마침 도착한 라민 대장군과 파야우타와 함께 그레스미 트루스를 처치했습니다{nl}다음 지역으로 이동하기 전에 라민 대장군과 대화하세요				
QUEST_LV_0500_20220204_001737	Únete al General Ramin en Delmore Garden	델무어 정원에서 라민 대장군과 합류하기				
QUEST_LV_0500_20220204_001738	Ve al Jardín Delmore y únete al General Ramin.	델무어 정원으로 가서 라민 대장군과 합류하세요				
QUEST_LV_0500_20220204_001739	Recoge los suministros que tiraron los soldados corruptos	변질되어 버린 병사들이 버려둔 보급품을 모으세요				
QUEST_LV_0500_20220204_001740	El general Ramin dijo que deberíamos animar a los soldados exhaustos antes de que comience la batalla.{nl}Dado que los soldados corruptos, deambulando por el Jardín Delmore, tiraron las armas que usaron durante su vida, él dio una orden para ayudar con el reordenamiento{nl} Revisa los suministros abandonados para el reordenamiento e instala la bandera para el discurso del general Ramin.	라민 대장군은 전투에 앞서 많은 피로감이 누적된 병사들을 독려해야한다고 합니다{nl}델무어 정원을 활보하는 변질된 병사들이 생전에 사용하던 무기들을 버려두었으니, 재정비를 도우라는 명령 하달했습니다{nl}재정비를 위해 버려진 보급품을 확인하고, 라민 대장군의 연설을 위해 깃발을 설치하세요				
QUEST_LV_0500_20220204_001741	Informe al general Ramin que la preparación está hecha.	라민 대장군에게 준비가 끝났음을 보고하기				
QUEST_LV_0500_20220204_001742	Los suministros están asegurados y la bandera está instalada{nl}Vaya al general Ramin e informe que la preparación está hecha.	보급품을 확보 했고 깃발을 설치했습니다{nl}라민 대장군에게 준비가 끝났음을 보고하세요				
QUEST_LV_0500_20220204_001743	Toma el arma de los suministros abandonados.	방치된 보급품에서 무기 회수				
QUEST_LV_0500_20220204_001744	Coge el kit de reparación urgente de los suministros abandonados.	방치된 보급품에서 긴급 구급 키트 회수				
QUEST_LV_0500_20220204_001745	Recupera la bandera rota de Orsha	부러진 오르샤 깃발 회수				
QUEST_LV_0500_20220204_001746	Habla con el general Ramin	라민 대장군과 대화하기				
QUEST_LV_0500_20220204_001747	El discurso del general Ramin está a punto de comenzar{nl}Habla con el general Ramin	라민 대장군의 연설이 곧 시작됩니다{nl}라민 대장군과 이야기하세요				
QUEST_LV_0500_20220204_001748	Mover al destino	목표 지점으로 이동하기				
QUEST_LV_0500_20220204_001749	El discurso del general Ramin está a punto de comenzar{nl}Ir al destino	라민 대장군의 연설이 곧 시작됩니다{nl}목표 지점으로 이동하세요				
QUEST_LV_0500_20220204_001750	Atacar el frente de izquierda	좌측 전선을 공격하기				
QUEST_LV_0500_20220204_001751	¡El combate ha comenzado!{nl}Ataque el frente izquierdo	전투가 시작되었습니다!{nl}좌측 전선을 공격하세요				
QUEST_LV_0500_20220204_001752	Continuar hacia el frente izquierdo	좌측 전선으로 계속 나아가기				
QUEST_LV_0500_20220204_001753	Muévete al centro y refuerza al General Ramin.	중앙으로 이동해 라민 대장군을 증원하기				
QUEST_LV_0500_20220204_001754	El frente izquierdo está bloqueado{nl}Muévete al frente central y apoya al general Ramin.	좌측 전선이 막혔습니다{nl}중앙 전선으로 이동해 라민 대장군을 지원하세요				
QUEST_LV_0500_20220204_001755	Únete al Frente de Derecha y ayuda a Pajauta	우측 전선으로 합류해 파야우타를 돕기				
QUEST_LV_0500_20220204_001756	Sigue las órdenes del general Ramin y ayuda a Pajauta en el frente derecho.	라민 대장군의 명령에 따라 우측 전선에서 파야우타를 도우세요				
QUEST_LV_0500_20220204_001757	Siga la línea del frente derecho	우측 전선을 따라 나아가기				
QUEST_LV_0500_20220204_001758	Se unió a Pajauta{nl}Romper el frente derecho con Pajauta	파야우타와 합류했습니다{nl}함께 우측 전선을 돌파하세요				
QUEST_LV_0500_20220204_001759	Ataque total al patio delantero	앞마당 지역을 총공격하기				
QUEST_LV_0500_20220204_001760	Finalmente, solo queda el último punto de ataque{nl}Ataque el patio delantero con el ejército real	마침내 마지막 공격 지점만이 남았습니다{nl}왕국군의 총공격과 함께 앞마당을 공격하세요				
QUEST_LV_0500_20220204_001761	Has ganado todos los combates{nl}El General Ramin te está esperando para hablar{nl}Habla con el General Ramin	모든 전투에서 승리했습니다{nl}라민 대장군이 당신과 대화하기를 기다리고 있습니다{nl}라민대장군과 대화하세요				
QUEST_LV_0500_20220204_001762	Las posibilidades de victoria parecen dirigirse hacia los aliados{nl}Hable con el general Ramin sobre el próximo plan.	전쟁의 승기가 아군 쪽으로 기울어 보입니다{nl}라민 대장군과 다음 계획에 대해서 이야기하세요				
QUEST_LV_0500_20220204_001763	Ganamos la batalla pero la guerra aún no ha terminado{nl}Habla con el general Ramin.	방금의 전투는 이겼으나, 전쟁은 아직 끝나지 않았습니다{nl}라민 대장군과 대화하세요				
QUEST_LV_0500_20220204_001764	Únete al general Ramin	라민 대장군과 합류하기				
QUEST_LV_0500_20220204_001765	El general Ramin y el ejército real están completando su reorganización.{nl}Únete al general Ramin en la batalla final para entrar a Delmore.	라민 대장군과 왕국군이 재정비를 끝마쳐갑니다.{nl}델무어 내부로 들어가기 위한 마지막 전투를 위해 라민 대장군과 합류하세요.				
QUEST_LV_0500_20220204_001766	Completa [Diosa: Campo de batalla de Delmore]	[가디스 : 델무어 격전지] 완수하기				
QUEST_LV_0500_20220204_001767	Completa el Campo de Batalla Delmore: Diosa	가디스 레이드 델무어 격전지를 완수하세요				
QUEST_LV_0500_20220204_001768	Habla con el general Ramin	라민 대장군과 대화하세요				
QUEST_LV_0500_20220426_001769	Aunque hemos eliminado todas las {#003399}Mirtinas{/} en el bosque de Issaugoti, quedan las {#003399}Mirtinas{/} recolectadas por Beholder. {nl}Baubas y Baiga todavía están buscando las {#003399}Mirtinas{/}.	비록 이사우고티 숲의 {#003399}머티니스{/}는 모두 제거했지만, 주시자가 모은 {#003399}머티니스{/}가 남아 있을 겁니다.{nl}그리고 바우바스와 바이가 역시 여전히 {#003399}머티니스{/}를 노리고 있는 상황입니다.	QUEST_LV_0500_20210115_000272	Although we have removed all Mirtinas in Issaugoti Forest, Mirtinas collected by Beholder would be left.{nl}Baubas and Baiga are still seeking Mirtinas.	비록 이사우고티 숲의 머티니스는 모두 제거했지만, 주시자가 모은 머티니스가 남아 있을 겁니다.{nl}그리고 바우바스와 바이가 역시 여전히 머티니스를 노리고 있는 상황입니다.	여신 라다
QUEST_LV_0500_20220426_001770	Las {#003399}Mirtinas{/} en todo Orsha no se han eliminado por completo, {nl}, lo que significa que los demonios seguramente regresarán.	오르샤 일대의 {#003399}머티니스{/}가 완전히 소멸한 건 아니니,{nl}마족들은 반드시 돌아올 겁니다.	QUEST_LV_0500_20210115_000273	Mirtinas in the whole area of Orsha isn't completely removed,{nl}demons must return.	오르샤 일대의 머티니스가 완전히 소멸한 건 아니니,{nl}마족들은 반드시 돌아올 겁니다.	여신 라다
QUEST_LV_0500_20220426_001771	En el bosque de Issaugoti, puedo sentir la energía más poderosa de {#003399}Mirtinas{/} que en cualquier otra parte del bosque.	이사우고티 숲에서는 숲의 어느 부분보다 강렬한 {#003399}머티니스{/}의 기운이 느껴집니다.	QUEST_LV_0500_20210115_000277	In the Issaugoti forest, I can feel the most powerful energy of Mirtinas than any other part of the forest.	이사우고티 숲에서는 숲의 어느 부분보다 강렬한 머티니스의 기운이 느껴집니다.	여신 라다
QUEST_LV_0500_20220426_001772	Debe haber {#003399}Mirtinas{/} extraídas por el demonio del Espectador allí.{nl}Muchos demonios deben estar dominando ese lugar.	분명히 그곳에 주시자의 마족들이 채굴한 {#003399}머티니스{/}가 있을 겁니다.{nl}분명히 많은 마족들이 그 곳을 장악하고 있겠죠.	QUEST_LV_0500_20210115_000278	There must be Mirtinas mined by the Beholder's demon there.{nl}Lot of demons must be dominating that place.	분명히 그곳에 주시자의 마족들이 채굴한 머티니스가 있을 겁니다.{nl}분명히 많은 마족들이 그 곳을 장악하고 있겠죠.	여신 라다
QUEST_LV_0500_20220426_001773	El espectador siempre se movía con planes.{nl}Debe haber establecido la preparación del almacenamiento de {#003399}Mirtinas{/}.	주시자는 항상 계획적으로 움직였습니다.{nl}분명 {#003399}머티니스{/}의 보관에도 대비책을 마련해놨겠죠.	QUEST_LV_0500_20210115_000279	Beholder always moved with plans.{nl}He must have set preparation of Mirtinas storage.	주시자는 항상 계획적으로 움직였습니다.{nl}분명 머티니스의 보관에도 대비책을 마련해놨겠죠.	여신 라다
QUEST_LV_0500_20220426_001774	El demonio del espectador ya debe haber almacenado una gran cantidad de {#003399}Mirtinas{/}.{nl}Con tu poder, no será fácil eliminarlos todos a la vez.	주시자의 마족들은 이미 많은 {#003399}머티니스{/}를 저장해두었을 겁니다.{nl}당신의 힘만으로는 한 번에 제거하기는 버거운 일..	QUEST_LV_0500_20210115_000281	Beholder's demon must have already stored a lot of Mirtinas.{nl}It's hard to remove all at once with your power..	주시자의 마족들은 이미 많은 머티니스를 저장해두었을 겁니다.{nl}당신의 힘만으로는 한 번에 제거하기는 버거운 일..	여신 라다
QUEST_LV_0500_20220426_001775	Me preocupa que mover {#003399}Mirtinas{/} con mi poder pueda chocar con el poder dentro de {#003399}Mirtinas{/}.{nl}Además, los demonios notarán mi energía pronto.	제 힘으로 {#003399}머티니스{/}를 제거하는 건 {#003399}머티니스{/}에 내재된 제 힘과의 충돌이 우려됩니다.{nl}게다가 마족들이 저의 기운을 금방 알아차릴 겁니다.	QUEST_LV_0500_20210115_000282	I am worried that moving Mirtinas with my power may crash with the power inside the Mirtinas.{nl}Besides demons will notice my energy soon.	제 힘으로 머티니스를 제거하는 건 머티니스에 내재된 제 힘과의 충돌이 우려됩니다.{nl}게다가 마족들이 저의 기운을 금방 알아차릴 겁니다.	여신 라다
QUEST_LV_0500_20220426_001776	Las bombas hechas por los humanos serán adecuadas para eliminar las {#003399}Mirtinas{/} tan pronto como sea posible.	{#003399}머티니스{/}를 최대한 빨리, 최대한 많이 제거하기 위해서는 충분한 위력을 지닌 인간의 폭탄이 적당하겠군요.	QUEST_LV_0500_20210115_000283	Human's Bomb will be suitable to remove Mirtinas as soon and as many as possible.	머티니스를 최대한 빨리, 최대한 많이 제거하기 위해서는 충분한 위력을 지닌 인간의 폭탄이 적당하겠군요.	여신 라다
QUEST_LV_0500_20220426_001777	Ya veo.{nl}Hemos encontrado una manera de destruir {#003399}Mirtinas{/}, por lo que solo necesitamos acceder a ella.	그렇군요.{nl}이제 {#003399}머티니스{/}를 파괴할 수단을 찾았으니, 접근을 하는 일만 남았습니다.	QUEST_LV_0500_20210115_000295	I see.{nl}We have found a way to destroy Mirtinas, so we only need to access it.	그렇군요.{nl}이제 머티니스를 파괴할 수단을 찾았으니, 접근을 하는 일만 남았습니다.	여신 라다
QUEST_LV_0500_20220426_001778	Entonces la fuerza de Ragana y la fuerza de Baiga entrarán en conflicto, y la fuerza de Beholder no se limitará a mirar.{nl} Aprovecha la confusión en el campo de batalla y acércate a las {#003399}Mirtinas{/}.{nl}Nos trasladaremos juntos al bosque de Issaugoti, pero si me muevo apresuradamente, no será útil girar los ojos de los demonios.	그러면 라가나와 바이가의 세력이 대립할테고, 주시자의 세력도 지켜보고만 있지는 않을 겁니다.{nl}전장이 혼란한 틈을 타 {#003399}머티니스{/} 저장소로 접근하시면 됩니다.{nl}이사우고티 숲까지는 같이 이동하겠지만, 제가 섣불리 움직이면 마족들의 눈을 돌린 게 소용없어질 겁니다.	QUEST_LV_0500_20210115_000298	Then Ragana's force and Baiga's force will conflict, and Beholder's force won't just watch.{nl} Take advantage of the confusion on the battlefield and approach the Mirtinas.{nl}We'll move together to the Issaugoti Forest, but if I move hastily, it won't be useful to turn the demons' eyes.	그러면 라가나와 바이가의 세력이 대립할테고, 주시자의 세력도 지켜보고만 있지는 않을 겁니다.{nl}전장이 혼란한 틈을 타 머티니스 저장소로 접근하시면 됩니다.{nl}이사우고티 숲까지는 같이 이동하겠지만, 제가 섣불리 움직이면 마족들의 눈을 돌린 게 소용없어질 겁니다.	여신 라다
QUEST_LV_0500_20220426_001779	Veré si hay otro almacén de {#003399}Mirtinas{/} cerca de Orsha.	저는 오르샤 근처에 또 다른 {#003399}머티니스{/} 저장소가 있는지 찾아보겠습니다.	QUEST_LV_0500_20210115_000300	I'll see if there is another Mirtinas storage near Orsha.	저는 오르샤 근처에 또 다른 머티니스 저장소가 있는지 찾아보겠습니다.	여신 라다
QUEST_LV_0500_20220426_001780	No lo olvides.{nl}Encontrar la ubicación de las {#003399}Mirtinas{/} antes de la fuerza de Baiga y Ragana es nuestra prioridad.	잊지마십시오.{nl}바이가와 라가나 세력의 마족들보다 {#003399}머티니스{/}의 위치를 알아내는 것이 우선입니다.	QUEST_LV_0500_20210115_000301	Don't forget.{nl}Finding the location of the Mirtinas is first rather than the force of Baiga and Ragana.	잊지마십시오.{nl}바이가와 라가나 세력의 마족들보다 머티니스의 위치를 알아내는 것이 우선입니다.	여신 라다
QUEST_LV_0500_20220426_001781	¿Encontraste el lugar que se parece a {#003399}Mirtinas{/} Almacenamiento?	{#003399}머티니스{/} 저장소로 보이는 곳은 발견하셨나요?	QUEST_LV_0500_20210115_000304	Have you find a place where seems to be the Mirtinas Storage?	머티니스 저장소로 보이는 곳은 발견하셨나요?	여신 라다
QUEST_LV_0500_20220426_001782	Afortunadamente, este parece ser el único almacenamiento {#003399}Mirtinas{/} cerca de Orsha.	다행히 이곳을 제외한 오르샤 근처에서 다른 {#003399}머티니스{/} 저장소는 보이지 않았습니다.	QUEST_LV_0500_20210115_000305	Fortunately, it doesn't seems like there is another Mirtinas Storage besides here near Orsha.	다행히 이곳을 제외한 오르샤 근처에서 다른 머티니스 저장소는 보이지 않았습니다.	여신 라다
QUEST_LV_0500_20220426_001783	La información falsa se puede decir que hay un almacenamiento {#003399}Mirtinas{/} minado por el demonio del Beholder en Planas Lot.	거짓 정보의 내용은 플라나스 공터에 주시자의 마족들이 채굴한 {#003399}머티니스{/} 저장소가 있다고 전하면 될 겁니다.	QUEST_LV_0500_20210115_000312	The false information can be told that there is a Mirtinas Storage mined by the Beholder's demon in the Planas Lot.	거짓 정보의 내용은 플라나스 공터에 주시자의 마족들이 채굴한 머티니스 저장소가 있다고 전하면 될 겁니다.	여신 라다
QUEST_LV_0500_20220426_001784	Si comienzas la pelea después de dar información falsa al mensajero de Ragana y Baiga, {nl} podría desviar los ojos de los demonios en el {#003399}Mirtinas{/} Almacenamiento.{nl}Por favor, date prisa.	라가나와 바이가의 전령들에게 거짓 정보를 주고 플라나스 공터에서 싸움을 일으키면,{nl}분명 {#003399}머티니스{/} 저장소에 있는 마족들의 시선을 돌릴 수 있을 겁니다.{nl}서둘러 주십시오.	QUEST_LV_0500_20210115_000318	If you arouse the fight after giving false information to the Ragana and Baiga's messenger,{nl}it might avert the demons' eyes in the Mirtinas Storage.{nl}Please hurry up.	라가나와 바이가의 전령들에게 거짓 정보를 주고 플라나스 공터에서 싸움을 일으키면,{nl}분명 머티니스 저장소에 있는 마족들의 시선을 돌릴 수 있을 겁니다.{nl}서둘러 주십시오.	여신 라다
QUEST_LV_0500_20220426_001785	Mientras los demonios que han reaccionado llaman la atención, ve al almacén {#003399}Mirtinas{/}.{nl}Sal cuando estés listo.	반응을 보인 마족들이 시선을 끄는 사이에 {#003399}머티니스{/} 저장소에 접근하시면 될 겁니다.{nl}준비가 되면 출발하세요.	QUEST_LV_0500_20210115_000323	While the demons who have responded are catching their eyes, access the Mirtinas.{nl}Leave when you're ready.	반응을 보인 마족들이 시선을 끄는 사이에 머티니스 저장소에 접근하시면 될 겁니다.{nl}준비가 되면 출발하세요.	여신 라다
QUEST_LV_0500_20220426_001786	Los demonios deben pasar por aquí para dirigirse a Orsha, {nl} y yo tengo que recuperar las {#003399}Mirtinas{/} de los demonios.	마족들이 오르샤로 향하기 위해서는 이곳을 지나야 할 터,{nl}마침 저는 마족들이 지니고 있을 {#003399}머티니스{/}를 회수해야 하니..	QUEST_LV_0500_20210115_000325	Demons must pass here to head for the Orsha,{nl}and I have to retrieve the Mirtinas from the demons..	마족들이 오르샤로 향하기 위해서는 이곳을 지나야 할 터,{nl}마침 저는 마족들이 지니고 있을 머티니스를 회수해야 하니..	여신 라다
QUEST_LV_0500_20220426_001787	¿Has hecho estallar el {#003399}Mirtinas{/}?}{nl}Estoy orgulloso de ti.	주시자의 {#003399}머티니스{/}를 아주 시원하게 날려버렸잖아?{nl}기특해.	QUEST_LV_0500_20210115_000332	You've blown up the Beholder's Mirtinas?}{nl}I'm proud of you.	주시자의 머티니스를 아주 시원하게 날려버렸잖아?{nl}기특해.	마신 라가나
QUEST_LV_0500_20220426_001788	Intentar engañarme es imperdonable, pero...{nl}has hecho estallar las {#003399}Mirtinas{/} recolectadas por el Espectador, así que seguiré adelante esta vez.	나를 속이려 든 건 용서할 수 없는 일이지만..{nl}주시자가 모은 {#003399}머티니스{/}를 날려버렸으니 특별히 이번은 넘어가도록 하마.	QUEST_LV_0500_20210115_000333	You trying to fool me is unforgivable, but..{nl}you've blown up the Mirtinas collected by the Beholder, so I'll move on this time.	나를 속이려 든 건 용서할 수 없는 일이지만..{nl}주시자가 모은 머티니스를 날려버렸으니 특별히 이번은 넘어가도록 하마.	마신 라가나
QUEST_LV_0500_20220426_001789	Afortunadamente, la identidad del mineral quedó clara.{nl}El nombre del mineral es {#003399}Mirtinas{/}..{nl}El espectador llamó así a este mineral malvado.	다행히 광석의 정체를 알아냈습니다.{nl}광석의 이름은 {#003399}머티니스{/}..{nl}주시자는 이 사악한 광석을 두고 그렇게 이름 불렀습니다.	QUEST_LV_0500_20210115_000379	Fortunately, the identity of ore became clear.{nl}The name of ore is Mirtinas..{nl}Beholder called this evil ore like that.	다행히 광석의 정체를 알아냈습니다.{nl}광석의 이름은 머티니스..{nl}주시자는 이 사악한 광석을 두고 그렇게 이름 불렀습니다.	여신 라다
QUEST_LV_0500_20220426_001790	Revelador,{nl}Espectador está tratando de destruir el mundo..{nl}precisamente el Árbol Divino con las {#003399}Mirtinas{/}.	계시자여,{nl}주시자가 {#003399}머티니스{/}를 통해 세계를..{nl}정확하게는 신수를 파괴하려 하고 있습니다.	QUEST_LV_0500_20210115_000380	Revelator,{nl}Beholder is trying to destroy the world..{nl}precisely the Divine Tree with the Mirtinas.	계시자여,{nl}주시자가 머티니스를 통해 세계를..{nl}정확하게는 신수를 파괴하려 하고 있습니다.	여신 라다
QUEST_LV_0500_20220426_001791	{#003399}Mirtinas{/} es una Fuente Mágica comparable con Belorb.{nl}Giltine inundó el Árbol Divino al detener el suministro de Belorb.	{#003399}머티니스{/}는 벨로브에 견줄 수 있는 마력원입니다.{nl}길티네는 벨로브의 공급을 중단하여 신수를 폭주시켰습니다.	QUEST_LV_0500_20210115_000381	Mirtinas is a Magic Source comparable with the Belorb.{nl}Giltine stopped the supply of Belorb and flooded the Divine Tree.	머티니스는 벨로브에 견줄 수 있는 마력원입니다.{nl}길티네는 벨로브의 공급을 중단하여 신수를 폭주 시켰습니다.	여신 라다
QUEST_LV_0500_20220426_001792	Por otro lado...{nl}Si Beholder suministra las {#003399}Mirtinas{/} sin cesar, el mundo se pudrirá junto con la Raíz del Árbol Divino y se convertirá en una pesadilla.{nl}Solo si la cantidad de {#003399}Mirtinas{/} es suficiente, claro está.	반대로..{nl}주시자가 이 {#003399}머티니스{/}를 신수에 끊임없이 공급한다면 세계는 신수의 뿌리와 함께 통째로 썩어 끔찍한 세계로 변해버릴 겁니다.{nl}{#003399}머티니스{/}의 양이 충분하다면 말이죠.	QUEST_LV_0500_20210115_000382	On other hand..{nl}If Beholder supplies Mirtinas endlessly, the world will rote with Root of Divin Tree and will turn to a horrible world.{nl}If the amount of Mirtinas is enough.	반대로..{nl}주시자가 이 머티니스를 신수에 끊임없이 공급한다면 세계는 신수의 뿌리와 함께 통째로 썩어 끔찍한 세계로 변해버릴 겁니다.{nl}머티니스의 양이 충분하다면 말이죠.	여신 라다
QUEST_LV_0500_20220426_001793	He visto una grieta extraordinaria en el área derribada de Malkos desde la memoria del demonio. {nl}{#003399}Mirtinas{/} podría haber venido de esa grieta.	마족의 기억 속 말코스 벌목지에서 심상치 않은 균열을 보았습니다.{nl}{#003399}머티니스{/}는 그 균열에서 나왔을 겁니다.	QUEST_LV_0500_20210115_000383	I have seen an extraordinary crevice in the Malkos Felled Area from the demon's memory.{nl}Mirtinas might came from that crevice.	마족의 기억 속 말코스 벌목지에서 심상치 않은 균열을 보았습니다.{nl}머티니스는 그 균열에서 나왔을 겁니다.	여신 라다
QUEST_LV_0500_20220426_001794	Este es un pasaje que conecta con el estanque de Lemprasa por donde acabas de pasar.{nl}Los demonios que se reúnen para cazar a las {#003399}Mirtinas{/} y atacar a Orsha dominan el Bosque de los Puentes Vinculados.	여기는 방금 당신이 지나온 렘파라사 연못과 연결되는 통로입니다.{nl}{#003399}머티니스{/} 채굴과 오르샤를 공격하기 위해 집결한 마족들이 덧댄다리 숲을 장악하고 있습니다.	QUEST_LV_0500_20210115_000395	This is a passage connecting to the Lemprasa Pond where you've just passed.{nl}Demons who rally to hunt down the Mirtinas and attack Orsha is dominating the Woods of the Linked Bridges.	여기는 방금 당신이 지나온 렘파라사 연못과 연결되는 통로입니다.{nl}머티니스 채굴과 오르샤를 공격하기 위해 집결한 마족들이 덧댄다리 숲을 장악하고 있습니다.	여신 라다
QUEST_LV_0500_20220426_001795	Necesito recuperar las {#003399}Mirtinas{/} que los demonios están minando.{nl}¿Qué harás?	저는 이 마족들이 채굴하고 있는 {#003399}머티니스{/}를 회수할 필요가 있습니다.{nl}당신은 무슨 일을 하실 거죠?	QUEST_LV_0500_20210115_000396	I need to retrieve the Mirtinas which demons are mining.{nl}What will you do?	저는 이 마족들이 채굴하고 있는 머티니스를 회수할 필요가 있습니다.{nl}당신은 무슨 일을 하실 거죠?	여신 라다
QUEST_LV_0500_20220426_001796	Estás cumpliendo excelentemente tu misión.{nl}También pude recuperar algunas de {#003399}Mirtinas{/}.	당신의 임무를 훌륭히 수행하고 있군요.{nl}저 역시 {#003399}머티니스{/}를 일부 회수할 수 있었습니다.	QUEST_LV_0500_20210115_000399	You are doing your mission excellently.{nl}I also could retrieve some of Mirtinas.	당신의 임무를 훌륭히 수행하고 있군요.{nl}저 역시 머티니스를 일부 회수할 수 있었습니다.	여신 라다
QUEST_LV_0500_20220426_001797	Me estoy adentrando más en el Bosque del Puente Vinculado para seguir recuperando las {#003399}Mirtinas{/}.	저는 {#003399}머티니스{/} 회수를 계속하기 위해 덧댄다리 숲의 더 깊은 곳으로 갈 생각입니다.	QUEST_LV_0500_20210115_000400	I am going to go to the deeper area of the Woods of the Linked Bridge to continuously retrieve Mirtinas.	저는 머티니스 회수를 계속하기 위해 덧댄다리 숲의 더 깊은 곳으로 갈 생각입니다.	여신 라다
QUEST_LV_0500_20220426_001798	Gyvenimo Crossroads cerca de aquí tiene la grieta que los demonios usaban para extraer las {#003399}Mirtinas{/}.{nl}A diferencia de la grieta que has visto en el estanque de Lemprasa, vale la pena investigar porque aún se ha endurecido.	마침 여기서 가까운 지베니 대로에서 마족들이 {#003399}머티니스{/}를 채굴하던 균열이 있습니다.{nl}그곳의 균열은 당신이 봤던 렘파라사 연못의 균열과 달리 굳어있지 않으니 조사할 가치도 있습니다.	QUEST_LV_0500_20210115_000401	Gyvenimo Crossroads near here has the crevice which demons used to mine the Mirtinas.{nl}Unlike the crevice you've seen in the Lemprasa Pond, it isn't worth investigation because it is hard.	마침 여기서 가까운 지베니 대로에서 마족들이 머티니스를 채굴하던 균열이 있습니다.{nl}그곳의 균열은 당신이 봤던 렘파라사 연못의 균열과 달리 굳어있지 않으니 조사할 가치도 있습니다.	여신 라다
QUEST_LV_0500_20220426_001799	Este es el único camino al Bosque de los Puentes Enlazados, y los demonios lo están ocupando.	여기서 덧댄다리 숲으로 들어가는 유일한 길이고, 마족들이 점거하고 있습니다.	QUEST_LV_0500_20210115_000402	This is the only way to the Woods of the Linked Bridges, and the demons are occupying.	여기서 덧댄다리 숲으로 들어가는 유일한 길이고, 마족들이 점거하고있습니다.	여신 라다
QUEST_LV_0500_20220426_001800	Es solo una suposición, pero los demonios seguramente necesitan esta magia para minar las {#003399}Mirtinas{/}.{nl}En otras palabras, si podemos encontrar y destruir la fuente de magia, podemos detener la minería de {#003399}Mirtinas{/}.	추측이지만, 마족들이 {#003399}머티니스{/}를 채굴하기 위해서는 반드시 이 마력이 필요할 겁니다.{nl}다시 말해, 마력의 근원지를 찾아 파괴할 수만 있다면 {#003399}머티니스{/} 채굴을 막을 수 있습니다.	QUEST_LV_0500_20210115_000404	It is just an assumption, but I guess the demons surely need this magic to mine the Mirtinas.{nl}In other words if we can find and destroy the source of magic, we can stop the Mirtinas mining.	추측이지만, 마족들이 머티니스를 채굴하기 위해서는 반드시 이 마력이 필요할 겁니다.{nl}다시 말해, 마력의 근원지를 찾아 파괴할 수만 있다면 머티니스 채굴을 막을 수 있습니다.	여신 라다
QUEST_LV_0500_20220426_001801	Si eso sucede, podemos evitar que {#003399}Mirtinas{/} caiga en manos del Espectador.{nl}Y también infligir daño a los demonios que se reunieron para atacar a Orsha.	그렇게 된다면 주시자의 손에 {#003399}머티니스{/}가 들어가는 일을 막을 수 있겠군요.{nl}그리고 오르샤를 침공하기 위해 집결한 마족들에게도 적지 않은 피해를 줄 수 있습니다.	QUEST_LV_0500_20210115_000405	If that happens we can prevent Mirtinas from getting in hands of Beholder.{nl}And also damage the demons rallied to attack the Orsha.	그렇게 된다면 주시자의 손에 머티니스가 들어가는 일을 막을 수 있겠군요.{nl}그리고 오르샤를 침공하기 위해 집결한 마족들에게도 적지 않은 피해를 줄 수 있습니다.	여신 라다
QUEST_LV_0500_20220426_001802	La cuestión es que{nl}debe haber {#003399}Mirtinas{/} que los demonios han extraído todo este tiempo en algún lugar,{nl}pero no se encontró ni una sola {#003399}Mirtinas{/} aquí.	그러나{nl}그동안 마족들이 채굴한 {#003399}머티니스{/}가 있을 텐데,{nl}여기서는 {#003399}머티니스{/}를 찾을 수 없었습니다.	QUEST_LV_0500_20210115_000416	However{nl}There must be Mirtinas which demons have mined,{nl}but none of Mirtinas was found.	그러나{nl}그동안 마족들이 채굴한 머티니스가 있을 텐데,{nl}여기서는 머티니스를 찾을 수 없었습니다.	여신 라다
QUEST_LV_0500_20220426_001803	Esas {#003399}Mirtinas{/} no pueden llegar a las manos de Beholder. {nl}Tengo que encontrar el almacenamiento y recuperar las {#003399}Mirtinas{/}.	그 {#003399}머티니스{/}들이 주시자의 손에 들어가서는 안 됩니다.{nl}저는 그 저장소를 찾아 {#003399}머티니스{/}를 회수해야 합니다.	QUEST_LV_0500_20210115_000417	That Mirtinas cannot get in to Beholder's hands.{nl}I have to find the storage and retrieve the Mirtinas.	그 머티니스들이 주시자의 손에 들어가서는 안 됩니다.{nl}저는 그 저장소를 찾아 머티니스를 회수해야 합니다.	여신 라다
QUEST_LV_0500_20220426_001804	¿Te has dado cuenta?{nl}El Espectador no es el único que ha invadido Orsha.{nl}Los dos poderes de los demonios que acabas de ver forman tres fuerzas que invadieron Orsha, incluido el Espectador.	눈치채셨겠죠?{nl}오르샤를 침공한 건 주시자뿐만이 아니라는 이야기입니다.{nl}방금 본 두 개 세력의 마족들만 하더라도 주시자를 포함하여 세 개의 세력이 오르샤를 침공했군요.	QUEST_LV_0500_20210115_000421	Have you noticed?{nl}Beholder isn't the only one who has invaded Orsha.{nl}Even two powers of demons makes three forces who invaded the Orsha including the Beholder.	눈치 채셨겠죠?{nl}오르샤를 침공한 건 주시자 뿐만이 아니라는 이야기입니다.{nl}방금 본 두개 세력의 마족들만 하더라도 주시자를 포함하여 세 개의 세력이 오르샤를 침공했군요.	여신 라다
QUEST_LV_0500_20220426_001805	Pero es obvio que el propósito de todos radica en las {#003399}Mirtinas{/}.{nl}Son demonios de cada Rey Demonio Kartas y Dios Demonio Ragana.	하지만 모두 {#003399}머티니스{/}가 목표인 건 확실합니다.{nl}저들은 각각 마왕 카르타스의 마족과 마신 라가나의 휘하 마족들입니다.	QUEST_LV_0500_20210115_000422	But it is obvious that all of their purposes is the Mirtinas.{nl}They are demons of each Demon King Kartas and Demon God Ragana.	하지만 모두 머티니스가 목표인 건 확실합니다.{nl}저들은 각각 마왕 카르타스의 마족과 마신 라가나의 휘하 마족들입니다.	여신 라다
QUEST_LV_0500_20220426_001806	También encontraré quién está detrás del {#003399}Mirtinas{/}.	그럼 저 역시 {#003399}머티니스{/}를 노리는 존재들이 누구인지 찾아보겠습니다.	QUEST_LV_0500_20210115_000427	I also will find who is after the Mirtinas.	그럼 저 역시 머티니스를 노리는 존재들이 누구인지 찾아보겠습니다.	여신 라다
QUEST_LV_0500_20220426_001807	Los demonios de Baiga obviamente estaban detrás de las {#003399}Mirtinas{/}.{nl}Es extraño que los demonios de Ragana solo intentaran interrumpir la extracción de las {#003399}Mirtinas{/}, y no había circunstancias en las que estuvieran detrás de las {#003399}Mirtinas{/} en sí.	바이가의 마족들은 확실히 {#003399}머티니스{/}를 노리고 있었습니다.{nl}라가나의 마족들은 이상하게도 {#003399}머티니스{/} 채굴을 방해하려고만 했지, {#003399}머티니스{/} 자체를 노리는 정황은 없더군요.	QUEST_LV_0500_20210115_000434	Demons of Baiga were obviously after Mirtinas.{nl}It is strange that demons of Ragana only tried to interrupt mining the Mirtinas, and there were no circumstances of them being after the Mirtinas.	바이가의 마족들은 확실히 머티니스를 노리고 있었습니다.{nl}라가나의 마족들은 이상하게도 머티니스 채굴을 방해하려고만 했지, 머티니스 자체를 노리는 정황은 없더군요.	여신 라다
QUEST_LV_0500_20220426_001808	De todos modos, además de su propósito, no será bueno ni para los humanos ni para las Diosas si un demonio se convierte en el dueño de las {#003399}Mirtinas{/}.{nl}Debemos apresurarnos a encontrar el Almacenamiento {#003399}Mirtinas{/}.	아무튼 그들의 목적을 떠나 {#003399}머티니스{/}의 주인이 마족이 되는 건 여신에게든 인간에게든 좋을 수 없을 겁니다.{nl}서둘러 {#003399}머티니스{/} 저장소를 찾는 게 좋겠습니다.	QUEST_LV_0500_20210115_000435	Anyway besides their purpose, it won't be good for both human and Goddess if the demon becomes the owner of Mirtinas.{nl}We should hurry to find the Mirtinas Storage.	아무튼 그들의 목적을 떠나 머티니스의 주인이 마족이 되는 건 여신에게든 인간에게든 좋을 수 없을 겁니다.{nl}서둘러 머티니스 저장소를 찾는게 좋겠습니다.	여신 라다
QUEST_LV_0500_20220426_001809	Es obvio que Ragana y Baiga están teniendo conflictos.{nl}Su sugerencia podría parecernos un mérito al final,{nl}pero no puedo creer la intención del demonio.{nl}Por lo tanto, no debemos aceptar ninguna tentación voluntariamente.	라가나와 바이가가 서로 대립하고 있는 건 확실하군요.{nl}그들의 제안은 궁극적으로 우리에게 이점인 것처럼 보이겠지만,{nl}마족의 속내는 믿을 수 없습니다.{nl}그러니 어떤 유혹에도 결코 선뜻 받아들여서는 안 됩니다.	QUEST_LV_0500_20210115_000445	It is obvious that Ragana and Baiga have conflicts.{nl}Their suggestion might seem like merit to us ultimately,{nl}but can't believe the demon's intention.{nl}Therefore, we shouldn't accept any temptation willingly.	라가나와 바이가가 서로 대립하고 있는 건 확실하군요.{nl}그들의 제안은 궁극적으로 우리에게 이점인 것 처럼 보이겠지만,{nl}마족의 속내는 믿을 수 없습니다.{nl}그러니 어떤 유혹에도 결코 선뜻 받아들여서는 안 됩니다.	여신 라다
QUEST_LV_0500_20220426_001810	Si encuentras las {#003399}Mirtinas{/} extraídas por los demonios antes que ellos,{nl}obviamente tendrás la iniciativa.{nl}Entonces, apresurémonos y encontremos el almacenamiento de {#003399}Mirtinas{/}.	주시자의 마족들이 채굴한 {#003399}머티니스{/}를 그들보다 먼저 찾아내 확보한다면,{nl}분명히 주도권을 쥘 수 있습니다.{nl}그러니 서둘러 {#003399}머티니스{/}의 저장소를 찾죠.	QUEST_LV_0500_20210115_000449	If you find the Mirtinas mined by the demons before them,{nl}you'll obviously have the initiative.{nl}Thus, let's hurry and find the Mirtinas Storage.	주시자의 마족들이 채굴한 머티니스를 그들보다 먼저 찾아내 확보한다면,{nl}분명히 주도권을 쥘 수 있습니다.{nl}그러니 서둘러 머티니스의 저장소를 찾죠.	여신 라다
QUEST_LV_0500_20220426_001811	Hay una grieta {#003399}Mirtinas{/} en la autopista Gatves.{nl}Vaya primero a la autopista Gatves.	갓베스 가도에도 {#003399}머티니스{/} 균열이 있습니다.{nl}갓베스 가도로 먼저 가세요	QUEST_LV_0500_20210115_000458	There is Mirtinas crevice in the Gatves Highway.{nl}Go to Gatves Highway first.	갓베스 가도에도 머티니스 균열이 있습니다.{nl}갓베스 가도로 먼저 가세요	여신 라다
QUEST_LV_0500_20220426_001812	Sabía que vendrías por aquí.{nl}Demasiado poder de {#003399}Mirtinas{/} está saliendo de este bosque profundo.	이쪽으로 오실 줄 알았습니다.{nl}이 앞으로 들어가는 깊은 숲에서 너무 많은 {#003399}머티니스{/}의 힘이 흘러나오고 있습니다.	QUEST_LV_0500_20210115_000461	I knew you would come this way.{nl}Too much power of Mirtinas is coming out from this deep forest.	이쪽으로 오실 줄 알았습니다.{nl}이 앞으로 들어가는 깊은 숲에서 너무 많은 머티니스의 힘이 흘러나오고 있습니다.	여신 라다
QUEST_LV_0500_20220426_001813	{#003399}Mirtinas{/} El almacenamiento debe estar aquí adentro.{nl}Es una emergencia,{nl}pero las cosas se están yendo de las manos y será mejor que regresemos al Santuario de Laima para un reagrupamiento rápido.	분명 {#003399}머티니스{/} 저장소는 이 안쪽에 있을 겁니다.{nl}상황이 위급한 건 사실이지만,{nl}생각보다 일이 커지고 있으니 재정비를 위해 잠시 라이마의 성소로 돌아가는 게 좋겠습니다.	QUEST_LV_0500_20210115_000462	Mirtinas Storage must be inside here{nl}It is true that it's an emergency,{nl}but things are getting bigger, we'd better go back to Laima's Sanctuary.	분명 머티니스 저장소는 이 안쪽에 있을 겁니다.{nl}상황이 위급한 건 사실이지만,{nl}생각보다 일이 커지고 있으니 재정비를 위해 잠시 라이마의 성소로 돌아가는 게 좋겠습니다.	여신 라다
QUEST_LV_0500_20220426_001814	¿Eres el ladrón que busca las preciosas {#003399}Mirtinas{/} de Beholder?	주시자님의 소중한 {#003399}머티니스{/}를 탐내는 도둑이 네 녀석인가?	QUEST_LV_0500_20210115_000475	Are you the thief who's after Beholder's precious Mirtinas?	주시자님의 소중한 머티니스를 탐내는 도둑이 네 녀석인가?	소거마스 집행자
QUEST_LV_0500_20220426_001815	[Semanal] Conquista - Caza única	[주간] 정복 - 프리던전 레이드				
QUEST_LV_0500_20220426_001816	Completar caza de suelas	프리던전 레이드 클리어				
QUEST_LV_0500_20220614_001817	Sin embargo, antes de eso, hay alguien buscándote.{nl}Ve al Santuario de Laima a través de la Estatua de la Diosa Ausrina en la ciudad y allí estará alguien que te espera.{nl}Me dijeron que tú, de todas las personas, serías capaz de llegar allí.	그러나 그 전에, 당신을 찾는 분이 계십니다.{nl}마을의 여신 아우슈리네의 상을 통해 라이마의 성소라 불리는 곳으로 간다면 그분께서 기다리고 계실 겁니다.{nl}당신만은 그곳에 올 수 있으리라 하시더군요.	QUEST_LV_0500_20210115_000358	However, before that, there is someone who is looking for you.{nl}Go to the Laima's Sanctuary via Statue of Goddess Ausrine and the one will be waiting for you.{nl}The one said only you could be there.	그러나 그 전에, 당신을 찾는 분이 계십니다.{nl}마을의 여신 아우슈리네의 상을 통해 라이마의 성소라 불리는 곳으로 간다면 그 분께서 기다리고 계실 겁니다.{nl}당신만은 그 곳에 올수 있으리라 하시더군요.	이네사 해먼데일
QUEST_LV_0500_20220614_001818	Encuentre alguna evidencia relacionada con el Espectador de los demonios cercanos.	주변의 마족들로부터 주시자와 연관이 있을 만한 증거를 찾아주세요.	QUEST_LV_0500_20210115_000368	Please find some evidence related to the Beholder from the demons nearby.	주변의 마족들로부터 주시자와 연관이 있을만한 증거를 찾아주세요.	여신 라다
QUEST_LV_0500_20220614_001819	¿Estás diciendo que esto realmente estaba en la frente de los demonios, como un cuerno?	이게 정말 마족의 이마에 뿔처럼 나 있었다는 말인가요?	QUEST_LV_0500_20210115_000386	Are you saying that this was really on the forehead of the demons like a horn?	이게 정말 마족의 이마에 뿔처럼 나있었다는 말인가요?	여신 라다
QUEST_LV_0500_20220614_001820	Me detuve aquí, sintiendo la magia.{nl}Definitivamente es la magia del Espectador.	저도 마침 그 마력을 느끼고 여기서 멈춰 섰습니다.{nl}틀림없이 주시자의 마력이군요.	QUEST_LV_0500_20210115_000403	I've stopped here feeling the magic.{nl}It is definitely the magic of Beholder.	저도 마침 그 마력을 느끼고 여기서 멈춰섰습니다.{nl}틀림없이 주시자의 마력이군요.	여신 라다
QUEST_LV_0500_20220614_001821	La raíz del Árbol Divino no es algo que deba importarte.	신수의 뿌리는 너 같은 애송이가 신경 쓸 물건이 아니다.	QUEST_LV_0500_20210115_000440	Root of the Divine Tree isn't a thing that you should care.	신수의 뿌리는 너같은 애송이가 신경쓸 물건이 아니다.	마왕 바이가
QUEST_LV_0500_20220614_001822	El mundo que conoces ni siquiera haría un grano del mundo existente. {nl}El humano mortal que morirá en una vida momentánea tiene una curiosidad arrogante.	네 녀석이 알고 있는 세계는 실제 존재하는 세계의 티끌만큼도 안 된다.{nl}고작 순간의 삶을 살다 죽을 필멸의 인간 따위가 건방진 호기심을 가지고 있군.	QUEST_LV_0500_20210115_000441	The world you know is not even a grain of the existing world.{nl}Mortal human which will die in a momentary life has an arrogant curiosity.	네 녀석이 알고 있는 세계는 실제 존재하는 세계의 티끌 만큼도 안 된다.{nl}고작 순간의 삶을 살다 죽을 필멸의 인간따위가 건방진 호기심을 가지고 있군.	마왕 바이가
QUEST_LV_0500_20220614_001823	En el caso de Ragana,{nl}No pude perseguirla porque era casi imposible hacerlo en el bosque.	라가나는,{nl}숲속에서 그녀를 쫓는 건 거의 불가능한 일이라 놓치고 말았습니다.	QUEST_LV_0500_20210115_000444	In case of Ragana,{nl}I couldn't chase her because it was near impossible chasing her in the forest.	라가나는,{nl}숲 속에서 그녀를 쫓는 건 거의 불가능한 일이라 놓치고 말았습니다.	여신 라다
QUEST_LV_0500_20220614_001824	Muy bien.{nl}No tardará mucho en recuperarse.	그러시죠.{nl}회복하는 데 오래 걸리지는 않을 겁니다.	QUEST_LV_0500_20210115_000451	Sure.{nl}It won't take long to recover.	그러시죠.{nl}회복하는데 오래 걸리지는 않을 겁니다.	여신 라다
QUEST_LV_0500_20220614_001825	De todos modos, simplemente estamos haciendo nuestro propio trabajo.{nl}Está bien que vayas primero, Revelador.	어차피 우리는 각자가 해야 할 일을 하고 있을 뿐이니,{nl}계시자님께서 먼저 가셔도 괜찮습니다.	QUEST_LV_0500_20210115_000456	We are just doing our own jobs anyway,{nl}so it's okay for you to go first.	어차피 우리는 각자가 해야할 일을 하고 있을 뿐이니,{nl}계시자님 께서 먼저 가셔도 괜찮습니다.	여신 라다
QUEST_LV_0500_20220614_001826	El rastro de la rueda del carro se dirige al bosque de Issaugoti.	수레바퀴 자국의 방향이 이사우고티 숲을 향하고 있다	QUEST_LV_0500_20210115_000460	Trace of wagon wheel is heading to the Issaugoti Forest.	수레 바퀴 자국의 방향이 이사우고티 숲을 향하고있다	PC
QUEST_LV_0500_20220614_001827	Escuché que se ha detectado Division Singularity en {#003399}Delmore{/}.{nl}Me dirigiré a {#003399}Delmore{/} tan pronto como despeje esta área y me prepare.	지금은 {#003399}델무어{/} 지역에 분열 특이점이 발견되고 있다고 들었어요.{nl}저도 준비가 끝나는대로 여기를 정리하고 {#003399}델무어{/}로 이동할 생각입니다.	QUEST_LV_0500_20220204_001219	Be careful not to lose your life getting involved in Division Singularity.{nl}Behave carefully in the Division Singularity. It is an extremely dangerous place.	분열 특이점에 휘말려 아까운 목숨을 잃지 않도록 주의하세요.{nl}분열 특이점에서는 행동을 주의하세요. 무척 위험한 장소입니다.	세이지 파견원
QUEST_LV_0500_20220614_001828	Puedes ir directamente a tu cliente si has completado la solicitud o las misiones de alguien.{nl}Haz clic en el icono a la izquierda de la misión en la lista de misiones debajo del minimapa.	누군가의 의뢰나 퀘스트를 완료했다면 의뢰인에게 바로 이동할 수 있어.{nl}미니맵 아래에 있는 퀘스트 목록에서 퀘스트 왼쪽에 띄워져있는 아이콘을 클릭하면 될거야.	QUEST_LV_0500_20220204_001267	If you've completed someone's request or quest, you can move right away to the client.{nl}Owynia Dilben will probably be looking for you by now.{nl}	누군가의 의뢰나 퀘스트를 완료했다면 의뢰인에게 바로 이동할 수 있어.{nl}아마 지금쯤 오위니아 딜벤이 널 찾을 거야.{nl}	소녀의 환영
QUEST_LV_0500_20220614_001829	Creo que Owynia Dilben ya te llamará.{nl}	지금쯤 오위니아 딜벤이 널 찾을 거야.{nl}	ETC_20150317_003683	Return	되돌아가기	소녀의 환영
QUEST_LV_0500_20220614_001830	Ahora que has llegado aquí a Orsha, ve a ayudar a Inesa Hamondale, la señora de este lugar, hasta que yo te llame.	이제 오르샤에 도착했으니 내가 다시 찾을 때까지 오르샤 영주 이네사 헤먼데일 도와줘야 해.	QUEST_LV_0500_20220204_001321	Now that you've arrived at the Orsha, please help the Orsha Lord until I find you.	이제 오르샤에 도착했으니 내가 다시 찾을 때까지 오르샤 영주를 도와줘야 해.	소녀의 환영
QUEST_LV_0500_20220614_001831	Inesa Hamondale	이네사 헤먼데일				
QUEST_LV_0500_20220614_001832	La Princesa Kaonilla me informó de usted.{nl}Ella nos dijo que ayudáramos a los Reveladores.	카오닐라 공주님께 연락을 받았습니다.{nl}계시자님들의 편의를 봐달라는 이야기를 전달받았습니다.				이네사 헤먼데일
QUEST_LV_0500_20220614_001833	Sin embargo, antes de hacerlo, debemos asegurarnos de que usted sea realmente un Revelador. Verás, los impostores están prosperando.{nl}¿Esperarás un momento?	그러나 계시자를 사칭하는 이가 많아서 잠시 확인이 필요합니다.{nl}조금만 기다려주시겠나요?				이네사 헤먼데일
QUEST_LV_0500_20220614_001834	Disculpas por hacerte esperar.{nl}Es un procedimiento necesario y te agradeceríamos que fueras generoso.	불편을 끼쳐드려서 죄송합니다.{nl}그러나 필요한 절차인지라 너그럽게 봐주시면 감사하겠습니다.				이네사 헤먼데일
QUEST_LV_0500_20220614_001835	Ahora que has demostrado que eres el verdadero Revelador{nl}aquí están los elementos que te ayudarán en tu aventura.	계시자님이 진짜 계시자라는 것이 증명되었으니{nl}계시자님의 모험에 도움이 되는 물품을 전달해드려고 합니다.				이네사 헤먼데일
QUEST_LV_0500_20220614_001836	Esto se proporciona solo {#FF0000}una vez{/}, así que úselo con prudencia.	그러나 {#FF0000}한번 밖에 드릴 수 없는 물품{/}이니 신중하게 쓰시기 바랍니다.				이네사 헤먼데일
QUEST_LV_0500_20220614_001837	Aquí está tu {#003399}Paquete de salto de nivel (Lv.460){/} y {#003399}Quest Clear Scroll - EP12{/}.{nl}Te ayudará a volverte poderoso.	물품은 {#003399}460레벨 점핑권{/}과 {#003399}에피소드 12 클리어권{/}입니다.{nl}사용하시면 계시자님의 성장에 도움이 되실 겁니다.				이네사 헤먼데일
QUEST_LV_0500_20220614_001838	Abra {#003399}Logro{/} presionando F4 y complete {#003399}Logro principal - Misión - [Inicio de la aventura, crecimiento más rápido]{/}.{nl}Podrá recibir los elementos que acabo de decir.{nl}Espero que le ayude en su viaje.	F4를 눌러{#003399} 업적{/}에 들어가셔서 {#003399}주요업적 - 퀘스트 - [모험의 시작! 빠른 성장]{/}이라는 업적을 완료해주십시오.{nl}말씀드린 물품을 받으실 수 있을 겁니다.{nl}모험에 큰 도움이 되셨으면 합니다.				이네사 헤먼데일
QUEST_LV_0500_20220614_001839	Oficial de entrada al puerto de Orsha	오르샤 입항 수속 담당자				
QUEST_LV_0500_20220614_001840	¡Para!{nl}Muéstrame tu	정지!{nl}신분과 소속을 밝히십시오.				오르샤 입항 수속 담당자
QUEST_LV_0500_20220614_001841	Lo que debes llevar contigo es...{nl}Si no te importa...{nl}Por favor, cierra los ojos...	당신이 가져가야 할 게..{nl}괜찮으시다면..{nl}눈을 감아주세요..	QUEST_LV_0500_20210115_000469	What you need to take with you..{nl}If you don't mind..{nl}Please Close your eyes..	당신이 가져가야할 게..{nl}괜찮으시다면..{nl}눈을 감아주세요..	라이마
QUEST_LV_0500_20220614_001842	Oficial de entrada al puerto	입항 수속 담당자				
QUEST_LV_0500_20220614_001843	¿La búsqueda?	수색 작업이요?				입항 수속 담당자
QUEST_LV_0500_20220614_001844	Tienes razón.{nl}Actualmente estamos buscando en el área porque algunas personas en la lista de refugiados están desaparecidas del barco que vino de la Embajada de Moroth.	맞습니다.{nl}모로스 공관에서 입항한 배의 피난민 명단에서 일부 인원이 보이지 않아 일대를 수색 중입니다.				입항 수속 담당자
QUEST_LV_0500_20220614_001845	Pero la cuestión es que miramos desde arriba hasta abajo del barco pero no encontramos ningún rastro de las personas desaparecidas. {nl} Estábamos empezando a pensar que probablemente no subieron a bordo en primer lugar.	하지만, 배를 샅샅이 수색했지만 실종된 인원들의 흔적이 전혀 보이질 않습니다.{nl}애초에 배에 타지 못한 게 아닐까 싶네요.				입항 수속 담당자
QUEST_LV_0500_20220614_001846	Sería de gran ayuda si usted, Revelador, nos ayudara.	계시자님께서 도와주신다면 큰 도움이 될 겁니다.				입항 수속 담당자
QUEST_LV_0500_20220614_001847	Por cierto, había algo que quería preguntarle a alguien fuerte y que sabe viajar, como tú.	마침, 계시자님처럼 여행이 가능하시고 강한 분께 부탁드리고 싶은 일이 있었습니다.				입항 수속 담당자
QUEST_LV_0500_20220614_001848	Encontramos algo que estaba en posesión de un demonio mientras buscábamos el barco procedente de la Embajada de Moroth.	모로스 공관에서 입항한 배에서 마족의 소지품을 일부 발견했습니다.				입항 수속 담당자
QUEST_LV_0500_20220614_001849	De nuestra investigación, el nombre {#003399}	조사해보니 {#003399}				입항 수속 담당자
QUEST_LV_0500_20220614_001850	{/} fue detectado. {nl}Es un nombre común, pero algo parece sospechoso, especialmente porque lo encontramos en posesión de un demonio.	{/}라는 이름이 언급되더군요.{nl}흔한 인간의 이름인데 아무래도 마족의 소지품에서 발견되어서 의심스럽습니다.				입항 수속 담당자
QUEST_LV_0500_20220614_001851	Por favor investiga si hay algún traidor entre los humanos,{nl}y si tiene algo que ver con la desaparición.	마족과 내통하고 있는 인간이 있는 건 아닌지,{nl}무엇보다 실종 사건과 연관이 있을지 모르니 조사를 부탁드립니다.				입항 수속 담당자
QUEST_LV_0500_20220614_001852	Ya hemos hecho nuestra parte de investigar nosotros mismos.	계시자님이 오시기 전까지 가능한 조사는 이미 해두었습니다.				입항 수속 담당자
QUEST_LV_0500_20220614_001853	Hay alguien llamado Nijole en la meseta de Fasika, la Puerta del Gran Rey y la Costa de Igti. Por favor, empieza por ahí.	파사카 협곡과 대왕의 관문, 이기티 연안에 니욜레라는 이름을 가진 사람이 있다고 하니 조사를 부탁드립니다.				입항 수속 담당자
QUEST_LV_0500_20220614_001854	¿Qué?{nl}¿Presentarme?{nl}	네?{nl}저에 대한 소개요?{nl}				니욜레
QUEST_LV_0500_20220614_001855	Yo... mi nombre es Nijole y soy de Nestospa.{nl}Tengo la fe de confiar en la Diosa hasta el mismo...{nl}	제.. 이름은 니욜레고, 네스토스파의 사람이에요.{nl}여신을 끝까지 믿고자 하는 신념을..{nl}				니욜레
QUEST_LV_0500_20220614_001856	Espera.{nl}¿Quién eres de todos modos?	아니.{nl}그보다 당신은 누구신 거죠?				니욜레
QUEST_LV_0500_20220614_001857	Veo. Que caso.{nl}Ahora lo entiendo, pero no tengo nada que ver con lo que pasó allí.{nl}Ha pasado mucho tiempo desde que dejé este lugar.	오르샤에서 그런 일이 있었군요.{nl}사정은 이해하겠습니다만, 저는 그 일과는 상관이 없다고 말씀드리고 싶네요.{nl}저는 이곳에 머문 지 오래됐거든요.{nl}				니욜레
QUEST_LV_0500_20220614_001858	Puedes preguntar por ahí si no puedes creerme.	믿지 못하시겠다면, 다른 분께 확인해보셔도 괜찮습니다.				니욜레
QUEST_LV_0500_20220614_001859	¿Mi nombre?{nl}Soy Nijole.{nl}Estoy con los investigadores aquí.	제 이름을 묻는 건가요?{nl}저는 니욜레라고 합니다.{nl}이곳에서 연구원들과 함께하고 있어요.				니욜레
QUEST_LV_0500_20220614_001860	No siempre me quedo aquí, pero pasé la mayor parte de mi vida por aquí.{nl}Como bien sabrás, en este lugar suceden muchas cosas que intrigan la curiosidad de un investigador desde Medzio Diena.	항상 이곳에 머물고 있지는 않지만, 이 일대에서 대부분의 일생을 보냈죠.{nl}아시겠지만 신수의 날 이후로는 연구원의 호기심을 자극할만한 것들이 더 많아졌죠.{nl}				니욜레
QUEST_LV_0500_20220614_001861	Lo siento por los que desaparecieron.{nl}Espero que estén todos a salvo.	실종자들의 일은 유감입니다.{nl}모두 무사하길 바랄게요.				니욜레
QUEST_LV_0500_20220614_001862	Soy Nijole.{nl}Una Loremaster, siguiendo a la Diosa Jurate.	제 이름은 니욜레입니다.{nl}유라테 여신을 모시는 전승자이죠.				니욜레
QUEST_LV_0500_20220614_001863	¿Falta gente en el barco que entró en Orsha?{nl}Y veo que un nombre igual al mío salió de la posesión del demonio.	오르샤에 입항한 배에서 실종자가 발생했다는 말씀이신가요?{nl}숨어든 마족의 소지품에서 저와 같은 이름이 언급되었다는 말씀이시군요.				니욜레
QUEST_LV_0500_20220614_001864	Entonces quieres decir que hubo dos barcos que salieron de la Embajada de Moroth, {nl} y algunos refugiados abordaron el barco equivocado y fueron atacados por el demonio.	모로스에서 출발한 배가 두 개였고,{nl}이쪽 배에 탔어야 할 피난민들이 착오로 다른 배에 승선했다가 마족의 습격을 받았다는 말씀이시군요.				입항 수속 담당자
QUEST_LV_0500_20220614_001865	Entonces, ¿quién era esa persona llamada 'Nijole'?	그럼 그, 니욜레라는 인물의 정체는 무엇이었나요?				입항 수속 담당자
QUEST_LV_0500_20220614_001866	¿Disculpe? {nl}¿Quieres decir que es solo una hierba?	네?{nl}약초라는 말씀입니까?				입항 수속 담당자
QUEST_LV_0500_20220614_001867	Bueno, eso no tenía sentido...	허무하네요..				입항 수속 담당자
QUEST_LV_0500_20220614_001868	Te informaré que te solicitamos, Revelador, que rescataras a las personas desaparecidas.	그럼 실종자들의 구출은 계시자님께 의뢰하였다고 상부에 보고하겠습니다.				입항 수속 담당자
QUEST_LV_0500_20220614_001869	¿Todo salió bien?{nl}	잘 처리하고 오셨나요?{nl}				니욜레
QUEST_LV_0500_20220614_001870	¿Una…hierba?{nl}¿Y compraron esa excusa?{nl}	약초.. 말입니까?{nl}그걸 믿던가요?{nl}				니욜레
QUEST_LV_0500_20220614_001871	{nl}No importa.{nl}Esa no es la parte importante.{nl}{nl}¿Estás listo?	{nl}상관은 없습니다.{nl}중요한 건 그 부분이 아니니.{nl}{nl}준비 되셨습니까?				니욜레
QUEST_LV_0500_20220614_001872	Complete la solicitud con la presencia del Dios Demonio Nijole oculta a la persona que le pidió que investigara.{nl}Después de eso, ingresaremos al área de la Diosa Jurate.	오르샤에서 당신께 이 일을 의뢰한 자에게 마신 니욜레의 존재를 숨길 수 있도록 처리하고 오십시오.{nl}그 후에 유라테 여신의 영역으로 들어가도록 하죠.				니욜레
QUEST_LV_0500_20220614_001873	¿No te fuiste?{nl}Si te queda alguna duda, por favor entiende que se trata de un malentendido.	아직 이곳에 계셨군요.{nl}저를 계속 의심하고 계신다면 오해라는 점을 알아주시길 바랍니다.				니욜레
QUEST_LV_0500_20220614_001874	Entiendo que tu misión es importante,{nl}pero espero que no me quites demasiado tiempo.{nl}Estoy muy, muy ocupado en este momento.	당신의 임무가 중요한 건 알겠지만,{nl}더는 저의 시간을 빼앗지 않으셨으면 좋겠네요.{nl}정말 정말 바쁘거든요.				니욜레
QUEST_LV_0500_20220614_001875	Revelador de Moroth (15)	모로스의 계시자(15)				
QUEST_LV_0500_20220614_001876	No es nada.	아무것도 아니라고 한다.				
QUEST_LV_0500_20220614_001877	Las personas desaparecidas	실종된 인원				
QUEST_LV_0500_20220614_001878	ayudaré a la búsqueda	수색을 돕겠다고 한다				
QUEST_LV_0500_20220614_001879	No es asunto mío	신경끈다				
QUEST_LV_0500_20220614_001880	Los llamados Nijole (1)	동명이인의 니욜레 (1)				
QUEST_LV_0500_20220614_001881	Los llamados Nijole (2)	동명이인의 니욜레 (2)				
QUEST_LV_0500_20220614_001882	Lamento sospechar de ti	의심해서 미안하다고 한다				
QUEST_LV_0500_20220614_001883	(Manténgase en silencio)	침묵한다				
QUEST_LV_0500_20220614_001884	Los llamados Nijole (3)	동명이인의 니욜레 (3)				
QUEST_LV_0500_20220614_001885	Convulsión de hundimiento (1)	가라앉는 나포선 (1)				
QUEST_LV_0500_20220614_001886	¿Cuál es el significado de este silencio?	침묵의 의미에 대해 묻는다				
QUEST_LV_0500_20220614_001887	Convulsión de hundimiento (2)	가라앉는 나포선 (2)				
QUEST_LV_0500_20220614_001888	Aún no	아직이라고 한다				
QUEST_LV_0500_20220614_001889	Habla con el oficial de entrada de Orsha	오르샤 수속 담당자와 이야기하기				
QUEST_LV_0500_20220614_001890	Has llegado a Orsha desde la Embajada de Moroth.{nl} La Ilusión de la Chica te dijo que ayudaras al Señor de Orsha.{nl}Habla con el Oficial de Entrada de Orsha para averiguar dónde está Inesa.	모로스 공관에서 오르샤로 도착했다. {nl} 소녀의 환영은 영주를 도우라고 했다. {nl} 입항 수속자에게 말을 걸어 이네사의 위치에 대해서 물어보자.				
QUEST_LV_0500_20220614_001891	Una vez que hayas revelado que eres el Revelador, el Oficial de Entrada amablemente te informó dónde encontrar a Inesa.{nl}Habla con el Señor de Orsha Inesa Hamondale.	수속 담당자는 계시자인 것을 밝히자 친절하게 영주의 위치에 대해서 알려주었다.{nl}오르샤의 영주 이네사 헤먼데일과 이야기를 하자.				
QUEST_LV_0500_20220614_001892	Habla con Inesa Hamondale	이네사 헤먼데일과 이야기하기				
QUEST_LV_0500_20220614_001893	Creyendo que eres un Revelador, Inesa ha decidido darte el apoyo que necesitas.{nl}Habla con Inesa.	우리가 계시자임을 안 이네사는 우리에게 필요한 지원을 해주기로 한다.{nl}이네사와 이야기하자.				
QUEST_LV_0500_20220614_001894	Incursión de la diosa	가디스 레이드 				
QUEST_LV_0500_20220614_001895	Convulsión de hundimiento	 가라앉는 나포선				
QUEST_LV_0500_20220614_001896	Encuentre al oficial de entrada del puerto de Orsha	오르샤의 입항 수속 담당자를 찾기				
QUEST_LV_0500_20220614_001897	El oficial de entrada del puerto de Orsha está buscando a los refugiados desaparecidos.{nl}Descubre lo que está pasando y ayuda al oficial de entrada del puerto.	오르샤로 들어오는 선박들의 입항 수속 담당자가 실종된 피난민들을 수색하고 있다고 합니다.{nl}무슨 일이 있는지 파악하고 입항 수속 담당자를 도우세요.				
QUEST_LV_0500_20220614_001898	Encuentra a Nijole en la meseta de Fasika e investiga.	파사카 협곡에서 니욜레를 찾아 조사하기				
QUEST_LV_0500_20220614_001899	En el barco donde desaparecieron personas, un demonio entró sigilosamente. encontramos el nombre	실종자가 발생한 배에 숨어든 마족이 있었고 해당 마족의 소지품 일부에서 				
QUEST_LV_0500_20220614_001900	de la posesión del demonio.{nl}	라는 이름이 언급되었습니다.{nl}				
QUEST_LV_0500_20220614_001901	es un nombre común, pero el oficial de entrada del puerto ve algo sospechoso en él, especialmente porque proviene de la posesión de un demonio.{nl}Debes investigar para descubrir quién es Nijole. Primero, visita a Nijole en Fasika Plateau e investiga.	는 흔한 인간의 이름이지만, 입항 수속 담당자는 마족에게 언급되어 의심스러운 부분이 있다고합니다.{nl}니욜레의 정체를 알아내기 위해 조사가 필요합니다. 먼저 파사카 협곡에 있는 니욜레를 찾아가 조사하세요.				
QUEST_LV_0500_20220614_001902	Habla con Nijole en Fasika Plateau	파사카 협곡의 니욜레와 대화하기				
QUEST_LV_0500_20220614_001903	Encontraste a Nijole en Fasika Plateau.{nl}Habla con Nijole en Fasika Plateau.	파사카 협곡에서 니욜레를 찾았습니다.{nl}파사카 협곡의 니욜레와 대화하세요				
QUEST_LV_0500_20220614_001904	Encuentra a Nijole en la Puerta del Gran Rey e investiga.	대왕의 관문에서 니욜레를 찾아 조사하기				
QUEST_LV_0500_20220614_001905	Nijole en Fasika Plateau no tuvo nada que ver con este incidente.{nl}Encuentra a Nijole en la Puerta del Gran Rey e investiga.	파사카 협곡에서 찾은 니욜레라는 사람은 적어도 이번 사건과는 연관이 없었습니다.{nl}다음은 대왕의 관문에서 니욜레를 찾아 조사하세요				
QUEST_LV_0500_20220614_001906	Habla con Nijole en la Puerta del Gran Rey	대왕의 관문의 니욜레와 대화하기				
QUEST_LV_0500_20220614_001907	Encontraste a Nijole en la Puerta del Gran Rey.{nl}Nijole en la Puerta del Gran Rey se presentó como investigadora.{nl}Habla con Nijole	대왕의 관문에서 니욜레를 찾았습니다.{nl}대왕의 관문에 있는 니욜레는 자신을 연구원이라고 소개했습니다.{nl}니욜레와 대화하세요				
QUEST_LV_0500_20220614_001908	Encuentra a Nijole en la costa de Igti e investiga.	이기티 연안에서 니욜레를 찾아 조사하기				
QUEST_LV_0500_20220614_001909	Nijole en la Puerta del Gran Rey tampoco parece tener nada que ver con este incidente.{nl}Encuentra a Nijole en la Costa de Igti e investiga por última vez.	대왕의 관문에서 찾은 니욜레도 이번 사건과는 연관성이 없어보입니다.{nl}마지막으로 이기티 연안에 있다는 니욜레를 찾아가세요.				
QUEST_LV_0500_20220614_001910	Habla con Loremaster Nijole en la costa de Igti	이기티 연안의 전승자 니욜레와 대화하기				
QUEST_LV_0500_20220614_001911	Encontraste al Loremaster Nijole en la Costa de Igti, que sirve a la Diosa Jurate{nl}Habla con Loremaster Nijole	이기티 연안에서 유라테 여신을 모시는 전승자 니욜레를 찾았습니다{nl}전승자 니욜레와 대화하세요				
QUEST_LV_0500_20220614_001912	Hable con el oficial de entrada del puerto de Orsha	오르샤의 입항 수속 담당자와 대화하기				
QUEST_LV_0500_20220614_001913	Recibiste una profecía de la Diosa Jurate a través de Loremaster Nijole.{nl}Como la Diosa Jurate te dijo que te guardaras la verdad, ve y cuenta la información superficial al Oficial de Entrada del Puerto.	전승자 니욜레를 통해 유라테 여신으로부터 신탁을 받았습니다.{nl}유라테 여신은 사건의 진상에 대해 함구하라 하였으니, 필요한 부분만 입항 수속 담당자에게 보고하세요.				
QUEST_LV_0500_20220614_001914	Regreso a Nijole en la costa de Igti	이기티 연안의 니욜레에게 돌아가기				
QUEST_LV_0500_20220614_001915	Inventaste una historia para contarle al oficial de entrada del puerto de Orsha.{nl}Parecía bastante incómodo, pero afortunadamente no parece sospechar.{nl}Regresa con Nijole en la costa de Igti.	오르샤 입항 수속 담당자에게는 적당히 이야기를 둘러댔습니다{nl}입항 수속 담당자는 다소 찜찜한 기분을 내비쳤지만, 다행히 의심은 없어보입니다{nl}이기티 연안의 니욜레에게 돌아가세요				
QUEST_LV_0500_20220614_001916	Despeja Raid de la Diosa: Convulsión Hundida	가디스 레이드 : 가라앉는 나포선 완료하기				
QUEST_LV_0500_20220614_001917	Ve a derrotar a Nijole siguiendo el camino que abrió en la costa de Igti{nl}Debes superar Goddess Raid: Sinking Seizure una vez, independientemente de la dificultad.	이기티 연안에서 니욜레가 열어준 길을 따라 젤리젤을 처치하러 가십시오{nl}가디스 레이드 : 가라앉는 나포선을 난이도에 상관 없이 1회 완료하여야 합니다				
QUEST_LV_0500_20220823_001918	Me siento un poco aliviado al ver que he llegado sano y salvo.	무사히 도착한 것을 보니 조금 안심이 되는군.				대장군 라민
QUEST_LV_0500_20220823_001919	Después de tener pistas y rastrear el paradero del Espectador, descubrí que se estaba escondiendo en algún lugar aquí.	주시자가 사라진 곳에 대한 단서를 얻고 추적한 결과, 이 곳 어딘가에 놈이 숨었다는 사실을 알았다.				대장군 라민
QUEST_LV_0500_20220823_001920	Es demasiado peligroso poner soldados a gran escala{nl}porque este lugar es como un lugar secreto creado por Lord Delmore.	이 곳은 델무어 영주가 만든 비밀의 장소 같은 곳이라{nl}대규모로 병사들을 투입하는 것은 너무 위험하다고 판단했다.				대장군 라민
QUEST_LV_0500_20220823_001921	Por eso pedí que vinieran sólo Pajauta, tú y algunos soldados.	그래서 파야우타와 자네 그리고 소수의 병사들만 오라고 했다.				대장군 라민
QUEST_LV_0500_20220823_001922	Estoy seguro de que el Espectador está aquí.{nl}Busquemos dónde está escondido.	이 곳에 주시자가 있는 것은 분명해.{nl}그러나 어디에 숨었는지는 지금부터 수색해야겠지.				대장군 라민
QUEST_LV_0500_20220823_001923	Cuando estés listo para aplastar sus ambiciones, sigamos adelante.	놈의 야욕을 부술 준비가 되었다면 움직여 보자.				대장군 라민
QUEST_LV_0500_20220823_001924	Algo no está bien.	심상치 않아.				대장군 라민
QUEST_LV_0500_20220823_001925	¿Qué está tratando de hacer Beholder aquí?	주시자는 도대체 이곳에서 무엇을 하려는 거지? 				대장군 라민
QUEST_LV_0500_20220823_001926	No es bueno. Si no hay ninguna conclusión aquí...	어쩐지 불길해. 여기서조차 결론이 나지 않는다면…				대장군 라민
QUEST_LV_0500_20220823_001927	Los soldados están agitados.{nl}Me iré después de calmar a los soldados.{nl}Por favor investigue la señal que acaba de ocurrir con Pajauta.	병사들이 동요하고 있다.{nl}나는 병사들을 진정시킨 뒤에 출발할테니{nl}파야우타와 방금 전 징조에 대해 조사해 주겠나?				대장군 라민
QUEST_LV_0500_20220823_001928	Supongo que hubo rumores entre los soldados.	병사들 사이에서 흉흉한 말들이 돌았나봐.				파야우타
QUEST_LV_0500_20220823_001929	Uno de los deberes del general es calmar a los soldados agitados.	불안해 하는 병사들을 진정시키는 일도 대장군님의 임무겠지.				파야우타
QUEST_LV_0500_20220823_001930	Entonces, ¡hagamos bien nuestro trabajo también!{nl}Mientras miro alrededor del área, quédate aquí y elimina los monstruos que hay por allí.	그러니 우리도 우리의 임무를 잘 해내자!{nl}나는 주변을 정찰할테니까 계시자 너는 그쪽 주변 몬스터들을 정리해줘.				파야우타
QUEST_LV_0500_20220823_001931	No hay mucho tiempo.{nl}Hagamos nuestros propios trabajos rápidamente.	이러고 있을 때가 아니야.{nl}빨리 각자 할 일을 하자.				파야우타
QUEST_LV_0500_20220823_001932	Parece que el general Ramin ha terminado de reorganizar a los soldados.{nl}¡Vamos!	라민 대장군님이 병사들의 재정비를 마친 거 같아.{nl}이제 가 보자!				파야우타
QUEST_LV_0500_20220823_001933	Primero, he dado un paso hacia los soldados agitados.	우선 동요하는 병사들에게는 적당한 조치를 취했다.				대장군 라민
QUEST_LV_0500_20220823_001934	Comencemos la investigación.{nl}¿Estás listo?	이제 조사를 시작하도록 하지.{nl}준비는 되었나?				대장군 라민
QUEST_LV_0500_20220823_001935	Sin embargo, no hay suficiente información para moverme con los soldados agitados.{nl}Primero, regresaré a Orsha para organizar a los soldados,{nl}y obtener información de Lord Inesa.	그러나 동요하는 병사들을 두고 이동하기에는 정보가 너무 부족하다.{nl}난 우선 다시 오르샤로 돌아가 병사를 정돈하고,{nl} 이네사 영주로부터 정보를 구해서 돌아오지.				대장군 라민
QUEST_LV_0500_20220823_001936	Hasta entonces, por favor recopila toda la información que puedas con Pajauta.	그때까지 파야우타와 함께 최대한 모을 수 있는 정보를 모아주게.				대장군 라민
QUEST_LV_0500_20220823_001937	Hasta que el general Ramin regrese de Orsha, será mejor que hagamos lo que podamos.	라민 대장군님이 오르샤에 다녀오실 동안 우리는 우리가 할 수 있는 일을 하는 게 좋겠어.				파야우타
QUEST_LV_0500_20220823_001938	Miré a mi alrededor mientras cazabas a los monstruos{nl}y había rastros rojos aquí y allá.	네가 몬스터를 잡고 있는 동안 주변을 조사했는데,{nl}여기저기에서 붉은 흔적 같은 것이 있었어.				파야우타
QUEST_LV_0500_20220823_001939	Esto... se siente como Kruvina de hace mucho tiempo. He sentido una onda mágica similar a la vibración de ahora de esos. ¿Podrías averiguar si hay algún tipo de cristal que emita rastros rojos como este en el área de espera de Liepsnos?{nl}Miraré los rastros rojos que he estado investigando.	이건 … 오래 전의 크루비나 같은 느낌이야. 그것들에서 방금 전 진동과 비슷한 마력 파장 같은 게 느껴졌거든. 너는 라이프스노스 대기실에 혹시 이런 붉은 흔적을 뿜는 수정 같은 게 있나 알아봐줄래?{nl}난 내가 조사한 붉은 흔적들을 좀 살펴봐야겠어.				파야우타
QUEST_LV_0500_20220823_001940	A juzgar por estas huellas, parece una Kruvina...	이 흔적들을 볼 때, 이건 크루비나 같아보이는데..				파야우타
QUEST_LV_0500_20220823_001941	Supongo que tenía razón al verte venir desde esa dirección. {nl}Pásame esos cristales rojos.	그쪽에서 돌아오는 걸 보니 역시, 예상이 맞았네. {nl}그 붉은 수정들을 줘봐.				파야우타
QUEST_LV_0500_20220823_001942	Tal como esperaba, el cristal rojo que trajiste está relacionado con {#003399}Kruvina{/}.	네가 가져온 붉은 수정들은 내 예상대로, {#003399}크루비나{/}와 관련된 게 틀림없어.				파야우타
QUEST_LV_0500_20220823_001943	Si tu predicción es correcta, los monstruos alrededor del centro del área de espera también tendrán estos cristales rojos pegados. {nl} Si sigues ese camino, es posible que te encuentres con el Espectador.	네 예상이 맞다면, 대합실 중앙 주변의 몬스터들에게도 이 붉은 수정들이 박혀있을거고,{nl}그 길을 따라 가면 주시자놈을 만날 수 있겠는걸?				파야우타
QUEST_LV_0500_20220823_001944	Reunámonos después de derrotar a los monstruos en el camino para recolectar sus cristales.{nl}Este cristal rojo será útil.	길을 따라 몬스터들을 잡아서 수정들을 모은 뒤에 만나자.{nl}이 붉은 수정이 쓸모가 있을 거야.				파야우타
QUEST_LV_0500_20220823_001945	Viniste de inmediato.{nl}Ahora, los cristales que trajiste ayudarán a abrir esta barrera.	역시 바로 찾아왔네.{nl}이제 네가 가져온 수정들이 이 결계를 여는 데 도움이 될 것 같아.				파야우타
QUEST_LV_0500_20220823_001946	Acerquémonos a la barrera.	한 번 결계에 다가가 볼까?				파야우타
QUEST_LV_0500_20220823_001947	Si el cristal rojo es realmente Kruvina puro, {nl} y la barrera es la barrera del Espectador, ¡tal vez podamos romper la barrera...!	붉은 수정이 정말 순수한 크루비나라면,{nl}그리고 저 결계가 주시자의 결계라면 결계를 부술 수 있을거야…!				파야우타
QUEST_LV_0500_20220823_001948	Adelante.	어서 한 번 가봐.				파야우타
QUEST_LV_0500_20220823_001949	Buen trabajo.{nl}¿Descubriste algo?	고생했다.{nl}무언가 수확이 있었나?				대장군 라민
QUEST_LV_0500_20220823_001950	Eso es un pergamino.{nl}Por supuesto. La respuesta siempre está cerca de la pregunta.	그건 스크롤이군.{nl}역시. 언제나 해답은 문제의 근처에 있는 법.				대장군 라민
QUEST_LV_0500_20220823_001951	Ahora, eliminemos esa barrera con este pergamino.{nl}Ese será tu trabajo.{nl}Yo haré guardia.	이제 그 스크롤을 이용해서 저 결계를 해제하는 것이다.{nl}그 역할은 자네가 해 주게.{nl}난 뒤에서 주변을 살피도록 하지.				대장군 라민
QUEST_LV_0500_20220823_001952	Elimina la barrera.{nl}Tu Energía Divina será suficiente para hacer que el pergamino reaccione.	결계를 해제해 주게.{nl}아마 자네의 신성력이라면 충분히 스크롤이 반응할거다.				대장군 라민
QUEST_LV_0500_20220823_001953	Se elimina la barrera.{nl}Marcha hacia el Pasaje Oculto.	결계가 해제되었군.{nl}숨겨진 통로로 진군한다.				대장군 라민
QUEST_LV_0500_20220823_001954	El Espectador debe haber activado la barrera después de entrar aquí a través del Área de Espera.{nl}Entremos.	주시자는 대합실을 통해서 이 곳으로 진입한 뒤 결계를 작동해 두었을 것이다.{nl}안쪽으로 들어가 보자.				대장군 라민
QUEST_LV_0500_20220823_001955	Mala vibra aquí...{nl}Debes encontrar y destruir al Espectador aquí...	기분나쁜 기운이군....{nl}이 곳에서 반드시 주시자를 찾아 없애야 한다....				대장군 라민
QUEST_LV_0500_20220823_001956	Según la información de Orsha,{nl}Delmore Rephaim ha instalado dispositivos de control mágico en varios lugares{nl}en caso de que pierda el control del poder de Kruvina.	오르샤에서 들은 정보에 의하면,{nl}이 곳에는 아마도 델무어 르바임이 자신이 크루비나의 힘을 제어할 수 없을 때를 대비해서{nl}곳곳에 마력 제어장치를 만들어 두었다는 것이다.				대장군 라민
QUEST_LV_0500_20220823_001957	Independientemente de si el Espectador los usó o no,{nl} sería bueno encontrar el dispositivo de control y encontrar una manera de controlar su magia.{nl}Para prepararse para más tarde y asegurar un camino a las profundidades.	주시자가 그 장치들을 이용했는지의 여부와는 관계없이,{nl}우선 나중을 대비하고 심부로의 길을 확보하기 위해{nl}그 제어장치들을 찾아 마력을 제어할 방도를 만들어 두면 좋을 것이다.				대장군 라민
QUEST_LV_0500_20220823_001958	Aquí está el mapa que tiene la ubicación del dispositivo de control...	제어 장치의 위치를 표시한 지도를 여기 받아왔는데…				대장군 라민
QUEST_LV_0500_20220823_001959	Monstruo atacando justo cuando abrí el mapa con la ubicación del dispositivo de control...{nl}¿Es esto una coincidencia?	제어 장치가 표시된 지도를 펼치는 순간에 몬스터의 습격이라니....{nl}우연인가?				대장군 라민
QUEST_LV_0500_20220823_001960	De todos modos, ya que detuvimos el ataque, déjame contarte sobre el dispositivo de control mágico.	어쨌든 습격을 막았으니 마력 제어 장치에 대한 설명을 하도록 하지.				대장군 라민
QUEST_LV_0500_20220823_001961	Ahora debemos controlar 4 dispositivos de control mágico.	우리는 이제 이 4개의 마력 제어 장치를 조작해야만 한다.				대장군 라민
QUEST_LV_0500_20220823_001962	El primer dispositivo de control mágico está en la entrada de Delmore. Ve y comprueba.	첫번째 마력 제어 장치는 델무어 연결로 쪽에 있으니 자네가 확인 해 보도록.				대장군 라민
QUEST_LV_0500_20220823_001963	Para el otro lado, ve tú, Pajauta.	다른 쪽은 파야우타 자네가 다녀오게.				대장군 라민
QUEST_LV_0500_20220823_001964	Vaya al primer dispositivo marcado en esta página y actívelo.{nl} La ubicación está marcada en el mapa.	이 쪽에 표시된 첫 번째 장치로 가서 작동을 시켜라.{nl}위치는 지도에 표시되어 있다.				대장군 라민
QUEST_LV_0500_20220823_001965	¿El dispositivo de control no funcionó?{nl}Quizás agotó su poder mágico mientras estuvo fuera de uso por mucho tiempo.	제어 장치가 작동하지 않았다는 것인가?{nl}아마도 오랜 시간 사용하지 않아서 마력이 떨어진 모양이군. 				대장군 라민
QUEST_LV_0500_20220823_001966	En preparación para tal situación, el señor de Orsha le regaló su colgante.{nl}Se dice que aunque es un colgante pequeño, puede tener una gran cantidad de poder mágico.	이런 상황을 대비해서 오르샤의 영주가 자신의 펜던트를 내주었다.{nl}작은 펜던트지만 대량의 마력을 주입할 수 있다고 한다.				대장군 라민
QUEST_LV_0500_20220823_001967	Si derrotas a los monstruos cercanos e inyectas el poder mágico en el colgante, podrás operar el dispositivo de control nuevamente.	주변의 몬스터들을 처치해서 펜던트에 마력을 주입해 두면 제어 장치를 다시 가동할 수 있을 것이다.				대장군 라민
QUEST_LV_0500_20220823_001968	Derrota a los enemigos cercanos y llena el poder mágico del colgante.	이 일대에 있는 몬스터를 잡아 펜던트에 마력을 채우면 된다.				대장군 라민
QUEST_LV_0500_20220823_001969	Genial.{nl}Esto servirá.	훌륭하군.{nl}이 정도면 제어 장치가 작동할 것이다.				대장군 라민
QUEST_LV_0500_20220823_001970	Parece que hay suficiente poder mágico en el colgante.{nl}Tráelo al dispositivo de control y actívalo.	펜던트에 마력이 충분히 모인 듯 하다.{nl}이제 그걸 가지고 다시 제어 장치로 가서 작동시키도록.				대장군 라민
QUEST_LV_0500_20220823_001971	¿Se activó el dispositivo de control mágico?	마력 제어 장치는 작동되었나?				대장군 라민
QUEST_LV_0500_20220823_001972	Se activa el primer dispositivo de control mágico.	첫 번째 마력 제어 장치가 작동되었군.				대장군 라민
QUEST_LV_0500_20220823_001973	Por supuesto. Parece que la desagradable sensación de presión intensa ha desaparecido un poco después de activar el dispositivo de control.{nl}Hiciste un gran trabajo.	역시. 제어장치가 작동되니 기분 나쁜 위압감이 조금 사라진 것 같다.{nl}수고했다.				대장군 라민
QUEST_LV_0500_20220823_001974	Es hora de activar el resto del dispositivo de control mágico.{nl}Bueno... Parece que acaba de pasar Central Square.	그럼 이제 나머지 마력 제어 장치를 작동시킬 차례다.{nl}어디… 중앙 광장을 넘어가면 있는 모양이군.				대장군 라민
QUEST_LV_0500_20220823_001975	Únase a Pajauta en la Plaza Central y vayan juntos.	중앙 광장에서 파야우타와 합류해서 간다.				대장군 라민
QUEST_LV_0500_20220823_001976	¿Estás bien?	괜찮나?				대장군 라민
QUEST_LV_0500_20220823_001977	El último del Espectador debe ser...	주시자의 마지막은 반드시…….				대장군 라민
QUEST_LV_0500_20220823_001978	Oh, tengo que hablar con el general Ramin.{nl}¿Podemos tener un minuto a solas?	아, 나는 잠시 라민 대장군님이랑 할 이야기가 있어.{nl}자리를 좀 비켜주지 않을래? 				파야우타
QUEST_LV_0500_20220823_001979	Ser emboscado y descuidado por un tiempo... {nl}Qué pena.	잠시 방심한 사이에 기습을 당하다니...{nl}대장군으로서 부끄럽군.				대장군 라민
QUEST_LV_0500_20220823_001980	De todos modos, activemos rápidamente el dispositivo de control y persigamos al Espectador.	어쨌든 빨리 제어 장치를 작동하고 주시자를 추격하도록 하지.				대장군 라민
QUEST_LV_0500_20220823_001981	Volveré después de revisar a los soldados.{nl}Si pasa algo, habla con Pajauta.	난 잠시 병사들의 상태를 확인하고 오겠다.{nl}무슨 일이 생기면 파야우타와 이야기를 하도록.				대장군 라민
QUEST_LV_0500_20220823_001982	¡Casi sentí que el segundo dispositivo de control mágico funcionaba de inmediato!{nl}¡Excelente trabajo!	두 번째 마력 장치가 작동한게 바로 느껴질 정도였어!{nl}고생했어!				파야우타
QUEST_LV_0500_20220823_001983	El último dispositivo de control mágico debería estar bien. El poder mágico del colgante aún es suficiente.{nl}Activemos el último dispositivo de control mágico de inmediato.	펜던트의 마력도 아직 충분한 걸 보니 마지막 마력 제어 장치는 문제 없을거야.{nl}바로 마지막 마력 장치를 작동해보자.				파야우타
QUEST_LV_0500_20220823_001984	Las cosas están progresando bien.{nl}Ahora vamos...	일이 차근차근 진행되고 있어.{nl}이대로 놈을…				파야우타
QUEST_LV_0500_20220823_001985	¿Qué fue la vibración y el ruido fuerte? {nl}General Ramin, ¿lo ha oído?	방금 진동이랑 굉음은 뭐지?{nl}라민 대장군님은 들으셨나요?				파야우타
QUEST_LV_0500_20220823_001986	¿Qué fue ese ruido tan fuerte?	방금 전 굉음은 뭐지?				대장군 라민
QUEST_LV_0500_20220823_001987	¿El fuerte ruido se debió a la activación del último dispositivo de control mágico?{nl}Vayamos a Central Square, la fuente del sonido.	마지막 마력 제어 장치를 작동시켰더니 이런 굉음이 발생했다고?{nl}일단 소리의 근원인 중앙 광장 쪽으로 가보자.				대장군 라민
QUEST_LV_0500_20220823_001988	Finalmente llegué al Salón de Asambleas donde se esconde el Beholder.{nl}Podemos especificar la ubicación de Beholder.{nl}Supongo que está tramando algo aquí.	드디어 주시자가 숨어있는 의사당에 도착했다.{nl}주시자가 있는 위치는 특정할 수 있다.{nl}녀석은 여기서 무언가를 꾸미고 있는 모양이야.				대장군 라민
QUEST_LV_0500_20220823_001989	Hay una barrera donde es probable que esté Beholder.{nl}No he tenido noticias del señor desde aquí.	일단 주시자가 있을 법한 곳에 결계가 있다.{nl}여기서부터는 나도 영주에게 들은 것이 없다.				대장군 라민
QUEST_LV_0500_20220823_001990	Revelador, tu poder puede destruir la barrera.{nl}Destruye la barrera.	계시자, 너의 힘이라면 결계를 파괴할 수도 있을지 모른다.{nl}결계를 파괴해봐라.				대장군 라민
QUEST_LV_0500_20220823_001991	Nos estamos quedando sin tiempo.{nl}Date prisa y destruye la barrera.	시간은 일각을 다투고 있다.{nl}어서 결계를 파괴해라.				대장군 라민
QUEST_LV_0500_20220823_001992	¿Ni siquiera puede ser destruido por la energía divina de quien recibió la revelación...?{nl}Pajauta, debe haber otra manera.	한 때 계시를 받은 자의 신성력으로도 파괴는 힘들다는 건가…{nl}파야우타, 무언가 방법이 없나?				대장군 라민
QUEST_LV_0500_20220823_001993	Lo sentí desde la sala de espera... {nl}También hay una Kruvina aquí que pensé que había desaparecido hace mucho tiempo, y que Kruvina no respondió mucho a la barrera.{nl}Parecía algo más poderoso... está custodiando esta barrera mágica.	내가 대합실에서부터 느꼈지만…{nl}이 곳에 오래 전 모두 사라진 줄 알았던 크루비나도 있고, 그 크루비나가 결계에 큰 반응도 없었거든.{nl}뭔가 더 엄청난 힘이… 이 마법 장벽을 지키고 있는 것 같았어.				파야우타
QUEST_LV_0500_20220823_001994	Investigué un poco esperando que mis expectativas estuvieran equivocadas, pero...	내 예상이 틀리길 바라면서 조사를 해봤는데...				파야우타
QUEST_LV_0500_20220823_001995	Esto es...	이건…				파야우타
QUEST_LV_0500_20220823_001996	{#003399}Mirtinas{/}.	{#003399}머티니스{/}야.				파야우타
QUEST_LV_0500_20220823_001997	Pensé que estaba todo destruido...	분명 모두 파괴되었다고 알고 있었는데....				파야우타
QUEST_LV_0500_20220823_001998	Supongo que hay varias {#003399}Mirtinas{/} como esta, y ese poder mantiene la barrera en alto.	이런 {#003399}머티니스{/}가 몇 개 있고, 그 힘 때문에 장벽이 사라지지 않는거지. 				파야우타
QUEST_LV_0500_20220823_001999	Debemos encontrar el {#003399}Mirtinas{/} y destruirlo.	그 {#003399}머티니스{/}를 찾아서 파괴해야 해.				파야우타
QUEST_LV_0500_20220823_002000	Las {#003399}Mirtinas{/} deben destruirse una vez encontradas.	{#003399}머티니스{/}를 찾으면 반드시 파괴하자.				파야우타
QUEST_LV_0500_20220823_002001	....{nl}Pajauta...	....{nl}파야우타...				대장군 라민
QUEST_LV_0500_20220823_002002	La destrucción del mundo...{nl}El Espectador estaba planeando algo tan terrible...{nl}Debemos hacer algo.	세상의 파멸....{nl}주시자는 이런 끔찍한 것을 계획하고 있었다니....{nl}이러고 있을 때가 아니다.				대장군 라민
QUEST_LV_0500_20220823_002003	Detengamos el plan del Espectador y salvemos a Pajauta.	주시자의 계략을 막고, 파야우타를 구해낸다.				대장군 라민
QUEST_LV_0500_20220823_002004	Debo decirle a la princesa lo grave que es la situación.{nl}Quiero que vayas a Orsha y le cuentes esto al señor.	난 이 일을 공주님께 사태의 심각성을 알려야겠네.{nl}자네는 오르샤에 가서 영주에게 이 사실을 알려주길 바란다.				대장군 라민
QUEST_LV_0500_20220823_002005	Revelador, tu espalda.{nl}¿Dónde están Pajauta y el General Ramin?	계시자님, 돌아오셨군요.{nl}파야우타 씨와 라민 대장군은 어디에 계신거죠?				이네사 헤먼데일
QUEST_LV_0500_20220823_002006	El Espectador tomó a Pajauta y desapareció, y el verdadero objetivo del Espectador es destruir el Árbol Divino...	주시자가 파야우타 씨를 데리고 사라졌고, 주시자의 진정한 목표는 신수를 파괴하는 것....				이네사 헤먼데일
QUEST_LV_0500_20220823_002007	No puedo creer esto...{nl}Aunque... No creo que estés mintiendo.	믿겨지지 않군요...{nl}믿겨지지 않지만... 거짓을 말씀하시는 거 같진 않습니다.				이네사 헤먼데일
QUEST_LV_0500_20220823_002008	Por si acaso, el General Ramin y el Revelador han enviado un equipo de investigación al área donde fueron antes.{nl}Le informaremos de inmediato cuando encontremos algún rastro relacionado con el Revelador.	혹시 몰라 라민 대장군과 계시자님이 앞서 간 곳에 조사대를 파견했습니다.{nl}주시자에 관련된 흔적을 찾는다면 바로 말씀을 드리겠습니다.				이네사 헤먼데일
QUEST_LV_0500_20220823_002009	Parece que el equipo de investigación en el Salón de Asambleas de la Asociación Mágica ha encontrado algo.{nl}Dirígete al Salón de Asambleas de la Asociación Mágica.	마침 마법 결사의 의사당에 있던 조사대가 뭔가 발견한 모양입니다.{nl}마법 결사의 의사당으로 향해 주십시오.				이네사 헤먼데일
QUEST_LV_0500_20220823_002010	Inesa Hamondale	이네사 헤먼데일 				
QUEST_LV_0500_20220823_002011	Parece tener un rastro en el Salón de Asambleas de la Asociación Mágica. {nl}Revisemos si puede haber información sobre el Espectador.	마법 결사의 의사당에 무언가 흔적이 있는 듯 합니다.{nl}혹시 주시자에 대한 정보일지도 모르니 한번 확인해보시죠.				이네사 헤먼데일 
QUEST_LV_0500_20220823_002012	Investigador de Orsha	오르샤 조사원				
QUEST_LV_0500_20220823_002013	Hola Revelador, estoy investigando aquí bajo el mando del señor.	안녕하세요. 계시자님, 저는 영주님의 명을 받아서 이곳을 조사하는 중입니다.				오르샤 조사원
QUEST_LV_0500_20220823_002014	Algunos de nuestros investigadores han entrado en ese cristal para investigar y no han regresado.	저희 조사원 중 일부가 저 수정 안으로 들어가서 조사를 한 뒤에 돌아오지 못하고 있습니다.				오르샤 조사원
QUEST_LV_0500_20220823_002015	Un día, una nota se cayó del cristal.{nl}La nota decía que el Depósito de Corrupción está vivo.	그러던 어느 날 수정 안에서 쪽지가 한 장 떨어졌습니다.{nl}내용은 쓰러뜨린 줄 알았던 변질의 전파자가 살아있다고 합니다.				오르샤 조사원
QUEST_LV_0500_20220823_002016	Hay una historia de que lo que estamos planeando matar son los clones.{nl}Según la nota, los investigadores están siendo perseguidos por el esparcidor.{nl}Por favor, salven a mis colegas.	아마 저희가 쓰러뜨리는 것은 분신일 거라는 이야기가 있습니다.{nl}쪽지에 따르면 현재 조사원들은 전파자에게 쫓기고 있다고 합니다.{nl}제 동료들을 구해주십시오.				오르샤 조사원
QUEST_LV_0500_20220823_002017	Revelador... Gracias por ayudarnos...	계시자님.... 도와주셔서 감사합니다...				오르샤 조사원
QUEST_LV_0500_20220823_002018	Volveré al Núcleo Turbulento y encontraré los cuerpos y las pertenencias de mis colegas muertos.	저는 다시 격동의 핵으로 들어가서 죽은 동료들의 시신이나 물건들을 찾아보겠습니다...				오르샤 조사원
QUEST_LV_0500_20220823_002019	Gracias por evitar más daños.	더 큰 피해가 발생하지 않게 해주셔서 감사합니다.				오르샤 조사원
QUEST_LV_0500_20220823_002020	Dispositivo de control mágico que Pajauta ha activado.{nl}Pajauta parece haber controlado el poder mágico del Dispositivo de control mágico.	파야우타가 가동한 마력 제어 장치이다.{nl}파야우타는 다른 수단으로 마력 제어 장치에 마력을 제어한 모양이다.				마력 제어 장치
QUEST_LV_0500_20220823_002021	Revelador, he oído hablar de tu gran movimiento en el campo de batalla de Delmore.	계시자님, 델무어 격전지에서의 활약은 전해들었습니다.				이네사 헤먼데일
QUEST_LV_0500_20220823_002022	Hemos encontrado dónde está Beholder mientras investigamos dentro del campo de batalla.{nl}El general Ramin y Pajauta ya se dirigen a donde está Beholder.	격전지 내부를 조사해보니 주시자가 행방을 찾았습니다.{nl}이미 라민 대장군과 파야우타 씨가 먼저 주시자가 있는 곳으로 향했습니다.				이네사 헤먼데일
QUEST_LV_0500_20220823_002023	¿Podrías echarnos una mano, Revelador?	계시자님도 힘을 빌려주시겠습니까?				이네사 헤먼데일
QUEST_LV_0500_20220823_002024	Vaya al área de espera de Delmore pasando por Delmore Garden.{nl}Si hay algo en lo que pueda ayudar, estaré encantado de hacerlo.	델무어 정원을 통해서 델무어 대합실로 향해주십시오.{nl}도와드릴 일이 있다면 성심성의껏 도움을 드리겠습니다.				이네사 헤먼데일
QUEST_LV_0500_20220823_002025	Estoy ocupado en este momento.	지금은 바쁘다고 한다.				
QUEST_LV_0500_20220823_002026	Asegurar la entrada (1)	입구 확보(1)				
QUEST_LV_0500_20220823_002027	Volveré cuando haya terminado con otros recados.	다른 일을 마치고 온다고 한다.				
QUEST_LV_0500_20220823_002028	Asegurar la entrada (2)	입구 확보(2)				
QUEST_LV_0500_20220823_002029	Necesito hacer otra cosa ahora mismo.	지금은 다른 것을 해야한다고 한다.				
QUEST_LV_0500_20220823_002030	Orden de investigación	조사 지시				
QUEST_LV_0500_20220823_002031	Necesito hacer otras cosas ahora mismo.	지금은 다른 일을 해야 한다고 한다.				
QUEST_LV_0500_20220823_002032	Cristal rojo siniestro (1)	불길한 붉은 수정(1)				
QUEST_LV_0500_20220823_002033	Estoy listo.	준비가 되었다고 한다.				
QUEST_LV_0500_20220823_002034	vendré después de hacer otra cosa	다른 일은 먼저하고 오겠다고 한다.				
QUEST_LV_0500_20220823_002035	Cristal rojo siniestro (2)	불길한 붉은 수정(2)				
QUEST_LV_0500_20220823_002036	Es demasiado peligroso ir solo.	혼자 가는 것은 위험하다고 한다.				
QUEST_LV_0500_20220823_002037	Cristal rojo siniestro (3)	불길한 붉은 수정(3)				
QUEST_LV_0500_20220823_002038	Investigar la barrera	결계 조사				
QUEST_LV_0500_20220823_002039	Vendré después de hacer otra cosa.	다른 일을 처리하고 오겠다고 한다.				
QUEST_LV_0500_20220823_002040	De dónde se escapa la energía siniestra (1)	불길한 기운이 새어나오는 곳(1)				
QUEST_LV_0500_20220823_002041	De dónde se escapa la energía siniestra (2)	불길한 기운이 새어나오는 곳(2)				
QUEST_LV_0500_20220823_002042	Es peligroso tocar la barrera sin cuidado.	결계를 함부로 건드는 것은 위험하다고 한다.				
QUEST_LV_0500_20220823_002043	Aura siniestra creciente (1)	강해지는 불길한 기운(1)				
QUEST_LV_0500_20220823_002044	Vendré después de hacer otra cosa.	다른 일을 처리하고 온다고 한다.				
QUEST_LV_0500_20220823_002045	Aura siniestra creciente (2)	강해지는 불길한 기운(2)				
QUEST_LV_0500_20220823_002046	¿Qué pasó?	무슨 일이 있는 건가 물어본다.				
QUEST_LV_0500_20220823_002047	Hablemos más tarde.	좀 있다가 이야기하라고 한다.				
QUEST_LV_0500_20220823_002048	Control mágico (1)	마력 제어(1)				
QUEST_LV_0500_20220823_002049	Trabajaré en otras cosas primero.	다른 일을 먼저 해결하겠다고 한다.				
QUEST_LV_0500_20220823_002050	Activando el dispositivo...	장치를 작동하는 중...				
QUEST_LV_0500_20220823_002051	¡Parece que el poder mágico del Dispositivo de Control Mágico está vacío!	마력 제어 장치의 마력이 텅 비어 있는 것 같다!				
QUEST_LV_0500_20220823_002052	Control mágico (2)	마력 제어(2)				
QUEST_LV_0500_20220823_002053	Control mágico (3)	마력 제어(3)				
QUEST_LV_0500_20220823_002054	Necesitamos más poder mágico.	마력을 더 모아야한다고 한다.				
QUEST_LV_0500_20220823_002055	Ejército demoníaco bloqueando el camino	가로막는 악마군단				
QUEST_LV_0500_20220823_002056	todavía no estoy listo	준비가 아직 안됐다고 한다.				
QUEST_LV_0500_20220823_002057	Control mágico (4)	마력 제어(4)				
QUEST_LV_0500_20220823_002058	Las lesiones deben tratarse primero.	부상을 먼저 치료해야 한다고 한다.				
QUEST_LV_0500_20220823_002059	Control mágico (5)	마력 제어(5)				
QUEST_LV_0500_20220823_002060	Necesitamos reorganizarnos.	잠시 정비를 해야한다고 한다.				
QUEST_LV_0500_20220823_002061	Energía negra espeluznante	음산한 검은 기운				
QUEST_LV_0500_20220823_002062	Vamos.	바로 가자고 한다.				
QUEST_LV_0500_20220823_002063	Me prepararé más ya que es peligroso.	위험하니 조금 더 준비를 한다고 한다.				
QUEST_LV_0500_20220823_002064	En el salón de actos	의사당 안으로				
QUEST_LV_0500_20220823_002065	Barrera mágica que bloquea el camino	가로막는 마법 장벽				
QUEST_LV_0500_20220823_002066	todavía tengo otras cosas que hacer	아직 처리할 일이 있다고 한다.				
QUEST_LV_0500_20220823_002067	Quitar Mirtinas (1)	머티니스 제거(1)				
QUEST_LV_0500_20220823_002068	Vendré después de quitar las Mirtinas.	머티니스를 제거하고 온다고 한다.				
QUEST_LV_0500_20220823_002069	Necesito algo de tiempo para prepararme.	준비할 시간이 필요한다고 한다.				
QUEST_LV_0500_20220823_002070	Quitar Mirtinas (2)	머티니스 제거(2)				
QUEST_LV_0500_20220823_002071	Quitar Mirtinas (3)	머티니스 제거(3)				
QUEST_LV_0500_20220823_002072	Detener al espectador (1)	주시자 저지(1)				
QUEST_LV_0500_20220823_002073	Detener al espectador (2)	주시자 저지(2)				
QUEST_LV_0500_20220823_002074	Signo de turbulencia	격동의 조짐				
QUEST_LV_0500_20220823_002075	Cuéntale lo que pasó.	그 동안의 이야기를 전한다.				
QUEST_LV_0500_20220823_002076	Necesito prepararme.	마음의 준비가 필요하다고 한다.				
QUEST_LV_0500_20220823_002077	Al núcleo turbulento: RAID_CASTLE_EP14_2_MQ_2	격동의 핵으로 : RAID_CASTLE_EP14_2_MQ_2				
QUEST_LV_0500_20220823_002078	Al núcleo turbulento	격동의 핵으로				
QUEST_LV_0500_20220823_002079	Localizar al espectador	주시자 추적				
QUEST_LV_0500_20220823_002080	Me uniré.	합류하겠다고 한다.				
QUEST_LV_0500_20220823_002081	Habla con el general Ramin.	대장군 라민과 이야기하기				
QUEST_LV_0500_20220823_002082	Finalmente llegó a la sala de espera de Delmore. {nl} Habla con el general Ramin sobre el plan futuro.	마침내 델무어 대합실에 도착했다. {nl} 대장군 라민과 앞으로의 작전에 대해서 이야기를 해보자.				
QUEST_LV_0500_20220823_002083	El general Ramin dijo que vinieras con él una vez que estés listo.{nl}Esté completamente preparado y hable con el general Ramin.	대장군 라민은 준비가 되면 자신에게 오라고 한다. {nl} 만전의 준비를 하고 대장군 라민에게 이야기를 하자.				
QUEST_LV_0500_20220823_002084	Los soldados están sumidos en el caos debido a la vibración.{nl}Habla con el general Ramin.	방금 전의 진동으로 병사들이 혼란에 빠져있다. {nl} 대장군 라민과 이야기를 하자.				
QUEST_LV_0500_20220823_002085	Los soldados están sumidos en el caos debido a la vibración.{nl}Habla con el general Ramin sobre qué hacer.	방금 전 진동으로 오르샤 병사들이 혼란에 빠졌다. {nl} 대장군 라민과 어떻게 해야할지 이야기를 하자.				
QUEST_LV_0500_20220823_002086	El general Ramin está ocupado reorganizando a los soldados de Orsha.{nl}Hablemos con Pajauta sobre planes futuros.	대장군 라민은 오르샤 군을 재정비하느라 바쁘다. {nl} 파야우타와 앞으로의 계획에 대해 이야기를 하자.				
QUEST_LV_0500_20220823_002087	Derrota a Blickferret	블릭페릿 처치				
QUEST_LV_0500_20220823_002088	La ansiedad aumentó aún más con la vibración y el ataque de los monstruos.{nl}Habla con Pajauta para encontrar una solución.	한 차례 진동과 몬스터의 습격으로 불안감이 더욱 고조되었다. {nl} 파야우타와 이야기를 해서 해결책을 찾아보자.				
QUEST_LV_0500_20220823_002089	Derrota xxx	xxx 처치				
QUEST_LV_0500_20220823_002090	Derrota al xxx cercano.	주변에 xxx를 처치하자.				
QUEST_LV_0500_20220823_002091	Elimina monstruos cercanos.{nl}Habla con Pajauta.	주변에 있던 몬스터들을 정리를 했다. {nl} 파야우타에게 이야기를 하자.				
QUEST_LV_0500_20220823_002092	Parece que Ramin terminó de reorganizar a los soldados de Orsha mientras limpiaba a los monstruos cercanos.{nl} Habla con Ramin.	주변 몬스터들을 정리한 사이에 라민이 오르샤 군의 정비를 마친 모양이다. {nl} 라민과 대화하자.				
QUEST_LV_0500_20220823_002093	Escuche los detalles del General Ramin	대장군 라민의 설명듣기				
QUEST_LV_0500_20220823_002094	Ramin se fue para obtener información de Orsha.	라민은 오르샤에서 정보를 얻기 위해서 떠났다.				
QUEST_LV_0500_20220823_002095	Ramin regresó a Orsha para buscar información. {nl} Hasta que se vaya, tenemos que investigar aquí con Pajauta.{nl}Habla con Pajauta.	라민은 정보를 찾기 위해 오르샤로 돌아갔다. {nl} 그가 돌아올 동안 파야우타와 이곳을 조사해야한다. {nl} 파야우타와 이야기하자.				
QUEST_LV_0500_20220823_002096	Recoge el cristal rojo	붉은 수정 채취하기				
QUEST_LV_0500_20220823_002097	Pajauta dice que los Cristales Rojos en la sala de espera de Liepsnos son similares a la onda mágica de la vibración anterior.{nl}Recoge cristales y tráelos a Pajauta.	파야우타는 라이프스노스 대기실 쪽의 붉은 수정들이 방금 전 진동의 마력 파장과 비슷하다고 한다. {nl} 수정을 캐서 파야우타에게 가져가자.				
QUEST_LV_0500_20220823_002098	Recogiste el Cristal Rojo como dijo Pajauta.{nl}Vuelve con Pajauta.	파야우타가 시킨대로 붉은 수정을 채취했다. {nl} 파야우타에게 돌아가자.				
QUEST_LV_0500_20220823_002099	Pajauta parece saber lo del cristal. {nl}Hablemos con Pajauta.	파야우타는 가져온 수정을 보고 무언가 안 거 같다.{nl}파야우타에게 이야기를 걸어보자.				
QUEST_LV_0500_20220823_002100	Obtén Crystal derrotando a los monstruos en el centro del área de espera.	대합실 중앙의 몬스터를 처치해 수정 획득				
QUEST_LV_0500_20220823_002101	Como no hay tiempo que perder, Payauta está investigando otra área.{nl}Recojamos los cristales derrotando a los monstruos cerca de Liepsnos.	파야우타는 지체할 시간이 없다며 다른 곳을 조사해보겠다고 한다.{nl}라이프스노스 주변의 몬스터를 처치해 나온 수정을 모아보자.				
QUEST_LV_0500_20220823_002102	%s obtenidos	%s를 획득				
QUEST_LV_0500_20220823_002103	Recogiste los cristales que pidió Pajauta.{nl}Ve a la ubicación marcada en el mapa y únete a Pajauta.	파야우타가 부탁했던 수정을 모았다.{nl}지도에 표시된 위치로 가서 파야우타와 합류하자.				
QUEST_LV_0500_20220823_002104	Elimina monstruos cercanos. {nl}Ve a Pajauta.	주변 몬스터들을 정리했다.{nl}파야우타에게 가보자.				
QUEST_LV_0500_20220823_002105	Pajauta dijo que encontró una pista...{nl}Hablemos con ella sobre la pista.	파야우타가 무언가 단서를 찾았다고 하는데....{nl}그녀와 이야기를 해 단서에 대해서 알아보자.				
QUEST_LV_0500_20220823_002106	Investiga la barrera de la que habló Pajauta	파야우타가 알려준 결계 조사				
QUEST_LV_0500_20220823_002107	Pajauta dice que si atravesamos la barrera, podemos usar el pasaje por el que entró el observador.{nl}Examina la barrera.	파야우타는 결계를 뚫고 나가면 주시자가 들어간 통로를 사용할 수 있다고 말한다.{nl}결계를 조사해보자.				
QUEST_LV_0500_20220823_002108	La barrera parece irrompible de forma normal.{nl}Hablemos con Pajauta.	일반적인 방법으론 결계를 제거할 수 없는 것 같다.{nl}파야우타와 이야기를 하자.				
QUEST_LV_0500_20220823_002109	No pudiste romper la barrera.{nl}Hablemos con Pajauta.	결계를 해제할 수 없어서 난관에 봉착했다.{nl}어떻게 해야할까?{nl}파야우타와 이야기를 해보자.				
QUEST_LV_0500_20220823_002110	Buscar desplazamiento de eliminación de barreras	결계 해제 스크롤 찾기				
QUEST_LV_0500_20220823_002111	Ramin dice que Delmor Rephaim dejó un pergamino para eliminar la barrera en algún lugar del área de espera. {nl}Derrota a los monstruos en el laboratorio para encontrar el Pergamino de eliminación de barreras.	라민은 대합실 어딘가에 델무어 르하임이 결계를 해제할 스크롤을 남겨놨다고 한다.{nl}실험실 쪽의 몬스터들을 처치해 결계 해제 스크롤을 찾자.				
QUEST_LV_0500_20220823_002112	Encontré la pista que me dijo Ramin.{nl}Habla con Ramin.	라민이 말했던 단서를 찾은 거 같다.{nl}라민과 이야기를 해보자.				
QUEST_LV_0500_20220823_002113	Recibe %s al derrotar a Blickferret	블릭페릿을 처치해 %s 획득				
QUEST_LV_0500_20220823_002114	Habla con Ramin	라민과 이야기하기				
QUEST_LV_0500_20220823_002115	Obtuviste el Pergamino de eliminación de barreras.{nl}Ve con Ramin y descubre si el pergamino es real.	결계 해제 스크롤을 획득했다.{nl}라민에게 스크롤의 진위여부를 파악하자.				
QUEST_LV_0500_20220823_002116	Quitar la barrera	결계를 해제하기				
QUEST_LV_0500_20220823_002117	El pergamino que has traído puede eliminar la barrera.{nl}Usa el pergamino para eliminar la barrera.	가져온 스크롤은 결계를 해제할 수 있는 스크롤이었다.{nl}스크롤을 사용해서 결계를 해제하자.				
QUEST_LV_0500_20220823_002118	Se eliminó la barrera. {nl}Infórmalo a Ramin.	결계를 해제했다.{nl}라민에게 보고하자.				
QUEST_LV_0500_20220823_002119	Puedes sentir una energía extraordinaria en el pasaje oculto al que llegaste después de romper la barrera.{nl}Habla con Ramin y piensa en una estrategia.	결계를 해제해서 도착한 숨겨진 통로에서 심상치 않은 기운이 느껴진다.{nl}라민과 이야기를 해서 대책을 생각해보자.				
QUEST_LV_0500_20220823_002120	Mientras hablaba con Ramin, sentí una fuerte vibración con energía oscura.{nl}Habla con Ramin y piensa en una estrategia.	라민과 이야기를 하던 도중, 어둠의 기운과 함께 강한 진동이 느껴졌다.{nl}라민과 이야기를 해 대책을 세우자.				
QUEST_LV_0500_20220823_002121	La vibración parece más fuerte y peligrosa que la vibración que sentí en la sala de espera. {nl}Hablemos con Ramin.	방금 전 진동은 대합실에서 느꼈던 진동보다 강하고, 위험해보인다.{nl}라민과 이야기를 해보자.				
QUEST_LV_0500_20220823_002122	Derrota a los monstruos atacantes.	습격한 몬스터를 처치하기				
QUEST_LV_0500_20220823_002123	Mientras hablaba con Ramin sobre el pasaje oculto, los monstruos atacaron.{nl}Derrota a los monstruos.	라민과 숨겨진 통로에 대해서 이야기를 하던 도중 몬스터가 습격했다.{nl}몬스터들을 처치하자.				
QUEST_LV_0500_20220823_002124	Derrotó a los monstruos atacantes.	몬스터의 습격을 물리쳤다.				
QUEST_LV_0500_20220823_002125	Elimina los monstruos atacantes.{nl}Habla con Ramin y descubre qué hacer.	몬스터들의 습격을 정리했다.{nl}라민과 이야기를 해 무엇을 해야할 지 알아보자.				
QUEST_LV_0500_20220823_002126	Encuentra el dispositivo de control mágico	마력 제어 장치 찾기				
QUEST_LV_0500_20220823_002127	Ramin dice que si tomamos los 3 Dispositivos de Control Mágico dejados por Delmore Rephaim, podemos ir al Salón de Asambleas de la Asociación Mágica donde se esconde el Espectador. {nl}Encuentra el Dispositivo de Control Mágico y utilízalo.	라민은 델무어 르바임이 남긴 마력 제어 장치 3개를 장악하면 주시자가 숨어있는 마법 결사의 의사당으로 갈 수 있다고 말한다.{nl}마력 제어 장치를 찾은 뒤에 조작해보자.				
QUEST_LV_0500_20220823_002128	Hemos encontrado el Dispositivo de Control Mágico pero no podemos controlarlo porque no tiene poder mágico. {nl}Informe a Ramin.	마력 제어 장치를 찾았지만, 마력이 텅 비어서 제어할 수 없다고 한다.{nl}라민에게 보고하자.				
QUEST_LV_0500_20220823_002129	Le informé a Ramin que no hay poder mágico en el dispositivo de control mágico.{nl}¿Tiene alguna solución?{nl}Habla con Ramin.	마력 제어 장치에 마력이 없다는 사실을 라민에 보고했다.{nl}라민은 대책이 있는 걸까?{nl}라민과 이야기를 해보자.				
QUEST_LV_0500_20220823_002130	Derrota a los monstruos cercanos	주변 몬스터를 처치하기				
QUEST_LV_0500_20220823_002131	El colgante recibido de Ramin puede recolectar el poder mágico, pero no lo suficiente.{nl}Derrota a los monstruos cercanos y absorbe el poder mágico.	라민에게 받은 펜던트는 마력을 모을 수 있지만, 충분한 양의 마력이 모이지 않았다.{nl}주변 몬스터를 처치해 마력을 흡수하자.				
QUEST_LV_0500_20220823_002132	Esto parece ser suficiente poder mágico.{nl}Volvamos a Ramin.	이 정도면 마력이 충분히 모인 듯하다. {nl}라민에게 돌아가자.				
QUEST_LV_0500_20220823_002133	Derrota a los monstruos en Delmore	델무어 연결로의 몬스터 처치				
QUEST_LV_0500_20220823_002134	Controla el dispositivo de control mágico	마력 제어 장치 조작하기				
QUEST_LV_0500_20220823_002135	Activé el primer dispositivo de control mágico.{nl}Ahora, busquemos el segundo dispositivo de control mágico.{nl}Habla con Ramin.	첫번째 마력 제어 장치를 가동했다.{nl}이제 두번째 마력 제어 장치의 위치를 찾아야한다.{nl}라민과 이야기를 해보자.				
QUEST_LV_0500_20220823_002136	Vaya al segundo dispositivo de control mágico	두번째 마력 제어 장치로 가기				
QUEST_LV_0500_20220823_002137	Vaya al segundo dispositivo de control mágico y verifique el estado.	두번째 마력 제어 장치로 가서 마력 제어 장치의 상태를 확인해보자.				
QUEST_LV_0500_20220823_002138	Se trasladó a un lugar seguro cercano para evitar el ataque de los monstruos.{nl}Habla con Ramin.	몬스터들의 습격을 피해 주변의 안전한 장소로 이동했다.{nl}라민과 이야기를 하자.				
QUEST_LV_0500_20220823_002139	Parece que los soldados de Ramin resultaron heridos en la emboscada.{nl}Habla con Ramin.	라민의 병사들이 기습으로 인해서 부상을 당한 모양이다.{nl}라민와 이야기를 하자.				
QUEST_LV_0500_20220823_002140	Activa el segundo dispositivo de control mágico	두 번째 마력 제어 장치 가동하기				
QUEST_LV_0500_20220823_002141	Ve al Segundo Dispositivo de Control Mágico donde Ramin te dijo y activa el dispositivo.	라민이 알려준 두번째 마력 제어 장치의 위치로 가 장치를 가동하자.				
QUEST_LV_0500_20220823_002142	Derrota a los monstruos que estaban al acecho.	매복해있던 몬스터 처치				
QUEST_LV_0500_20220823_002143	Activa el segundo dispositivo de control mágico	두번째 마력 제어 장치 작동시키기				
QUEST_LV_0500_20220823_002144	Al derrotar a los monstruos, se ha acumulado suficiente poder mágico en el Colgante de Inesa.{nl}Activa el segundo Dispositivo de Control Mágico	기습한 몬스터들을 처치해 이네사의 펜던트에 충분한 마력이 모인 것 같다.{nl}두번째 마력 제어 장치를 작동시켜보자.				
QUEST_LV_0500_20220823_002145	Se activó el segundo dispositivo de control mágico.{nl}Ramin se está recuperando de sus heridas, así que vayamos a hablar con Pajauta.	두번째 마력 제어 장치를 작동시켰다.{nl}라민은 부상을 치료 중이니 파야우타에게 가서 이야기를 하자.				
QUEST_LV_0500_20220823_002146	Activó el segundo dispositivo de control mágico.{nl}Habla con Pajauta mientras Ramin cuida a los soldados.	두번째 마력 제어 장치를 가동시켰다.{nl}라민이 병사들을 돌보는 동안 파야우타와 이야기를 나눠보자.				
QUEST_LV_0500_20220823_002147	Activar el último dispositivo de control mágico	마지막 마력 제어 장치 가동하기				
QUEST_LV_0500_20220823_002148	Activa el último dispositivo de control mágico.	마지막 마력 제어 장치를 가동하자.				
QUEST_LV_0500_20220823_002149	Activa el Último Dispositivo de Control Mágico.{nl}Hubo un ruido fuerte al activar el último Dispositivo de Control Mágico...{nl}Habla con Pajauta.	마지막 마력 제어 장치까지 가동을 했다.{nl}마지막 마력 장치를 가동하니 뭔가 엄청난 굉음이 들렸는데...{nl}파야우타와 이야기를 해보자.				
QUEST_LV_0500_20220823_002150	Debido al fuerte ruido, Ramin parece tener un negocio contigo.{nl}Habla con Ramin.	방금 전 굉음으로 라민이 당신에게 용건이 있는 모양이다.{nl}라민과 이야기를 해보자.				
QUEST_LV_0500_20220823_002151	Mover a la Plaza Central	중앙 광장으로 이동하기				
QUEST_LV_0500_20220823_002152	Ramin pide ir a la Plaza Central para una investigación.{nl}Muévete a la Plaza Central e investiga.	라민은 원인을 조사하기 위해서 중앙 광장으로 가보자고 한다.{nl}중앙 광장으로 이동해 원인을 조사하자.				
QUEST_LV_0500_20220823_002153	Derrota a la presa de Blickferret	블릭페릿 프레이 처치				
QUEST_LV_0500_20220823_002154	Ingrese al Salón de Asambleas	의사당으로 진입하기				
QUEST_LV_0500_20220823_002155	Después de derrotar a Blickferret Prey, se creó un portal.{nl}Toma esto y ve a la Sociedad Mágica.	블랙페릿 프레이를 처리하자, 포탈이 생겼다.{nl}이것을 타고, 마볍 결사의 의사당으로 가자.				
QUEST_LV_0500_20220823_002156	Entró al Salón de Asambleas.{nl}Habla con Ramin.	의사당에 진입했다.{nl}라민과 이야기를 해보자.				
QUEST_LV_0500_20220823_002157	Finalmente llegué al Salón de Asambleas de la Asociación Mágica persiguiendo a Beholde.{nl}Habla con Ramin.	주시자를 쫓아 드디어 마법 결사의 의사당에 도착했다.{nl}라민과 이야기를 하자.				
QUEST_LV_0500_20220823_002158	Investigar en Barrera Mágica	마법 장벽 조사				
QUEST_LV_0500_20220823_002159	Hay una barrera mágica en un lugar donde parece estar Beholder.{nl}Investiguemos eso.	주시자가 있을 법한 장소에 마력 장벽이 쳐져 있다고 한다.{nl}그것에 대해 조사해보자.				
QUEST_LV_0500_20220823_002160	La barrera mágica está bloqueada por algún poder.{nl}Informe el resultado a Ramin.	마력 장벽은 무언가의 힘에 의해 막혀있는 거 같다.{nl}조사 결과를 라민에게 보고하자.				
QUEST_LV_0500_20220823_002161	Parece que Pajauta conoce el avance de la barrera mágica.{nl}Habla con Pajauta.	마법 장벽의 돌파구를 파야우타가 알고 있는 모양이다.{nl}파야우타와 이야기를 해보자.				
QUEST_LV_0500_20220823_002162	Retirar las Mirtinas	머티니스 제거하기				
QUEST_LV_0500_20220823_002163	Según Pajauta, hay tres Mirtinas que proporcionan poder mágico a la barrera mágica y al Espectador.{nl} Eliminémoslas una por una en orden.	파야우타의 말에 의하면 마법 장벽과 주시자에게 마력을 공급하는 3개의 머티니스가 있다고 한다.{nl}순서대로 하나씩 제거해보자.				
QUEST_LV_0500_20220823_002164	Ahí están las Mirtinas.{nl}Eliminemos una a una en orden.	머티니스가 있다고 한다.{nl}순서대로 하나씩 제거해보자.				
QUEST_LV_0500_20220823_002165	Derrota a los monstruos que estaban al acecho.	매복하고 있던 몬스터 처치				
QUEST_LV_0500_20220823_002166	Derrotar el depósito de corrupción	변질의 전파자 처치				
QUEST_LV_0500_20220823_002167	Después de eliminar tres Mirtinas, la barrera mágica desapareció.{nl}Vayamos hacia el Espectador.	세 개의 머티니스를 제거하니 마법 장벽이 사라졌다.{nl}주시자가 있는 곳으로 향하자.				
QUEST_LV_0500_20220823_002168	Derrote el depósito de corrupción	앞을 가로막는 변질의 전파자를 처리하자.				
QUEST_LV_0500_20220823_002169	Detener al espectador	주시자 저지하기				
QUEST_LV_0500_20220823_002170	Derrotado Depósito de Corrupción.{nl}Ahora, detén al Espectador.	변질의 전파자를 처리했다.{nl}이제 주시자를 막아야 한다.				
QUEST_LV_0500_20220823_002171	El espectador tomó a Pajauta.{nl}¿Y ahora qué?{nl}Habla con Ramin.	주시자가 파야우타를 데리고 갔다.{nl}이제 어떻게 해야할까?{nl}라민과 이야기를 해보자.				
QUEST_LV_0500_20220823_002172	El espectador tomó a Pajauta.{nl}¿Y ahora qué?{nl}Habla con Ramin.	주시자가 파야우타를 데리고 갔다.{nl}이제 어떻게 해야할까?{nl}라민과 이야기를 해보자				
QUEST_LV_0500_20220823_002173	El general Ramin se dirigió a la princesa Kaonilla para rastrear al Espectador.{nl}Cuéntale al Señor de Orsha lo que pasó.	라민 대장군은 주시자의 흔적을 찾기 위해서 카오닐라 공주에게 향했다.{nl}그 동안의 일을 오르샤의 영주와 이야기를 하자.				
QUEST_LV_0500_20220823_002174	Habla con el investigador de Orsha	오르샤 조사원과 이야기하기				
QUEST_LV_0500_20220823_002175	Inesa Hamondale está investigando en el Salón de Asambleas de la Asociación Mágica.{nl}Ve al Salón de Asambleas de la Asociación Mágica y conoce al Investigador.	이네사 헤먼데일이 마법 결사의 의사당을 중심으로 조사를 진행하고 있다고 한다.{nl}마법 결사 의사당으로 가서 조사원을 만나자.				
QUEST_LV_0500_20220823_002176	Habla con el investigador de Orsha	오르샤 조사원에게 이야기하기				
QUEST_LV_0500_20220823_002177	Después de escuchar al Investigador de Orsha, decidimos entrar en el Cristal Raíz.	오르샤 조사원의 이야기를 듣고, 뿌리 수정의 내부로 들어가기로 했다.				
QUEST_LV_0500_20220823_002178	Completa [Incursión de la Diosa: Núcleo turbulento]	[가디스 레이드 : 격동의 핵] 클리어하기				
QUEST_LV_0500_20220823_002179	Completa el Núcleo Turbulento del Incursión de la Diosa	[가디스 레이드 : 격동의 핵]을 완수하세요				
QUEST_LV_0500_20220823_002180	Habla con el investigador de Orsha	오르샤 조사원과 이야기하세요				
QUEST_LV_0500_20220823_002181	Parece que la información vino del soldado de Orsha, que estaba investigando en el campo de batalla de Delmore.{nl}Habla con el Señor de Orsha, Inesa Hamondale.	델무어 격전지에서 조사를 하던 오르샤 군에게서 정보가 들어온 모양이다.{nl}오르샤의 영주 이네사 헤먼데일과 이야기를 하자.				
QUEST_LV_0500_20220823_002182	Únase al General Ramin en el área de espera de Delmore	델무어 대합실로 가 라민 대장군과 합류하기				
QUEST_LV_0500_20220823_002183	Según Inesa, el general Ramin y Pajauta ya se dirigieron al área de espera de Delmore.{nl}Vaya al área de espera de Delmore.	이네사에 말에 따르면 라민 대장군과 파야우타는 이미 델무어 대합실로 향한거 같다.{nl}델무어 정원을 넘어 델무어 대합실로 가자.				
QUEST_LV_0500_20221125_002184	Revelador, gracias por derrotar al Depósito de Corrupción durante la investigación del Núcleo Turbulento.	계시자님, 지난번 격동의 핵 조사 중에 변질의 전파자를 처리해주셔서 감사합니다.				오르샤 조사원
QUEST_LV_0500_20221125_002185	Después de cazar el Reservorio de Corrupción {nl} y continuar con la investigación, encontramos un monstruo que nunca antes había sido visto.	변질의 전파자를 처리하고,{nl}조사를 진행하던 와중에 이때까지 본 적 없던 새로운 종류의 몬스터가 발견되었습니다.				오르샤 조사원
QUEST_LV_0500_20221125_002186	Era un monstruo que parecía un demonio en la mitad superior y un caballo en la otra mitad.	상체는 마족의 모습을 그리고 하체는 말과 같은 몬스터였습니다.				오르샤 조사원
QUEST_LV_0500_20221125_002187	El monstruo huyó antes de quedar expuesto, pero parece muy poco probable investigar sin encontrar a esta criatura.	그 괴물에 발각되기 전에 도망은 쳤지만, 그것을 피해서 조사하는 것은 어려울 거 같습니다.				오르샤 조사원
QUEST_LV_0500_20221125_002188	Necesito tu ayuda.	계시자님의 도움이 필요합니다.				영주 호위병
QUEST_LV_0500_20221125_002189	Necesitamos cazar al monstruo en el Núcleo Turbulento para continuar con la investigación.	조사 진행을 위해 격동의 핵 안의 괴물을 빨리 처리해야 합니다.				오르샤 조사원
QUEST_LV_0500_20221125_002190	Investigar Orsha	오르샤 조사				
QUEST_LV_0500_20221125_002191	Derrotaste a los monstruos.	몬스터를 처치해주셨군요.				오르샤 조사
QUEST_LV_0500_20221125_002192	Le informaré de esto al Señor.{nl}Gracias por cooperar.	저는 이 사실을 영주님께 보고를 드리겠습니다.{nl}협력해주셔서 감사합니다.				오르샤 조사
QUEST_LV_0500_20221125_002193	Siempre puedes convertirte en un objetivo si estás con la guardia baja.	재규어가 되었다고 방심하면 적들의 표적이 된다.				[재규어 마스터] 엘 이트샤
QUEST_LV_0500_20221125_002194	Ahora entrénate como un Jaguar.	이제 재규어로서 자신을 단련하도록.				[재규어 마스터] 엘 이트샤
QUEST_LV_0500_20221125_002195	Basta ya de ser vago. Ve a entrenarte.	게으름 피우지 말고, 어서 가서 자신을 단련해라.				[재규어 마스터] 엘 이트샤
QUEST_LV_0500_20221125_002196	Bien hecho.{nl}Como Jaguar, nunca olvides entrenarte.	고생했다.{nl}항상 재규어로서 단련을 잊지 말도록.				[재규어 마스터] 엘 이트샤
QUEST_LV_0500_20221125_002197	Y envía a tus enemigos en un doloroso viaje hacia las Diosas.	그리고 적들을 고통스럽게 여신의 곁으로 보내라.				[재규어 마스터] 엘 이트샤
QUEST_LV_0500_20221125_002198	Monstruo Misterioso: Falouros	의문의 몬스터 : 팔로우로스				
QUEST_LV_0500_20221125_002199	[Jaguar] Cazador	[재규어] 사냥꾼의 증표				
QUEST_LV_0500_20221125_002200	Necesito trabajar en otras cosas primero/	다른 일이 먼저라고 한다.				
QUEST_LV_0500_20221125_002201	El investigador de Orsha parece haber encontrado algo en el Núcleo Turbulento.{nl}Vayamos a ver qué es.	오르샤 조사원이 격동의 핵에서 무언가 발견한 모양이다.{nl}무슨 일인지 알아보자.				
QUEST_LV_0500_20221125_002202	Núcleo turbulento claro: Falouros	격동의 핵 : 팔로우로스 클리어하기				
QUEST_LV_0500_20221125_002203	Derrota a Falouros, un misterioso monstruo que apareció en el Núcleo Turbulento.	격동의 핵에 나타난 의문의 몬스터 팔로우로스를 처치하자.				
QUEST_LV_0500_20221125_002204	Derrotaste a Falouros.{nl}Ve y cuéntale esto al investigador de Orsha.	팔로우로스를 쓰러뜨렸다.{nl}오르샤 조사원에게 이 사실을 전하자.				
QUEST_LV_0500_20221125_002205	Maestro Jaguar desea contarte los deberes de Jaguar.{nl}Habla con Maestro Jaguar	재규어 마스터는 당신이 재규어가 됨으로써 재규어로써 해야할 일을 알려주려고 한다.{nl}재규어 마스터와 이야기하자				
QUEST_LV_0500_20221125_002206	Cuida las tareas que te asignó el Maestro Jaguar	재규어 마스터가 준 의뢰 처리하기				
QUEST_LV_0500_20221125_002207	El Maestro Jaguar te dice que no descuides el entrenamiento porque te has convertido en un Jaguar.{nl}Ocúpate de las tareas que te asignó el Maestro Jaguar.	재규어 마스터는 재규어가 되었다고 단련을 게을리하지 말라고 한다.{nl}재규어 마스터가 준 의뢰를 처리하자.				
QUEST_LV_0500_20230130_002208	Revelador, hemos estado buscando a Pajauta desde su desaparición, pero llegamos con las manos vacías.	계시자님, 파야우타 씨가 사라진 이후로 계속해서 수색을 진행하고 있지만, 단서가 될만한 것이 보이지 않고 있습니다.				이네사 헤먼데일
QUEST_LV_0500_20230130_002209	Junto con la búsqueda estamos orando a la Diosa, pero ella no les responde.	수색과 함께 여신께 기도를 올려도 아무런 답이 없으십니다.				이네사 헤먼데일
QUEST_LV_0500_20230130_002210	¿Quizás puedas obtener algunas respuestas?	계시자님이라면 어떠한 답변을 들으실 수 있지 않을까요?				이네사 헤먼데일
QUEST_LV_0500_20230130_002211	Que la Bendición de la Diosa esté contigo.	부디 여신의 가호가 계시자님과 함께 하길 바랍니다.				이네사 헤먼데일
QUEST_LV_0500_20230130_002212	Te estaba esperando. Revelador.	기다리고 있었습니다. 계시자님.				라이마
QUEST_LV_0500_20230130_002213	Te hicimos venir aquí a través de Neringa, por lo que podríamos ayudarte en tu viaje para resolver los dos problemas que enfrentas.	네링가를 통해서 계시자님을 이 곳으로 오도록 한 이유는, 눈 앞에 놓은 두 가지 의문에 대한 답으로 가는 길을 알려 드리기 위해서입니다. 				라이마
QUEST_LV_0500_20230130_002214	Dos preguntas son el paradero de {#003399}Pajauta{/} y el Espectador.	두 가지 의문이란, 바로 {#003399}파야우타{/}와 주시자의 행방일 것입니다.				라이마
QUEST_LV_0500_20230130_002215	De los dos, el que puede poner al mundo en peligro es el Espectador. Empezaré por su paradero.	그 중 세상을 또 다른 위기에 빠뜨릴 수 있는 주시자. 우선 그 자의 행방부터 알려드리도록 하지요.				라이마
QUEST_LV_0500_20230130_002216	Beholder fue una vez un Dios Demonio... ha ido a Novaha para encontrar su verdadera forma.	주시자의 원래 모습은 마신... 그 마신의 모습을 되찾기 위해 노바하로 향했습니다.				라이마
QUEST_LV_0500_20230130_002217	Todas sus malas acciones llevadas a cabo durante tanto tiempo... todo fue para despertar los guantes sellados del Dios Demonio con los poderes de Kruvina y el caos...	그 자의 그토록 오랜 세월간 악행의 원인은, 봉인해 둔 마신의 장갑을 크루비나와 혼돈의 힘으로 일깨우기 위함...				라이마
QUEST_LV_0500_20230130_002218	Serás guiado desde la Estatua de la Diosa hasta Novaha.	이 곳의 여신상으로부터 노바하로 인도해 드리겠습니다.				라이마
QUEST_LV_0500_20230130_002219	¿Revelador?{nl}¿Qué te trae por aquí...?	계시자님, 아니십니까?{nl}여긴 어쩐 일로...				에드문다스
QUEST_LV_0500_20230130_002220	Ah, después del incidente pensé que mi hermana y yo no podíamos vivir con los aldeanos, así que nos estamos escondiendo aquí en el bosque de Bracken.	아, 저와 제 동생은 그 일 이후로, 마을 사람들과 살 수 없다고 생각해서, 이렇게 고사리 숲에서 은둔 중입니다.				에드문다스
QUEST_LV_0500_20230130_002221	Ha pasado tanto tiempo que pensábamos que te habías olvidado de nosotros.{nl}¿Qué está pasando?	너무 오랜만이라 저희를 잊으신 줄 알았습니다.{nl}어쩐 일이십니까?				에드문다스
QUEST_LV_0500_20230130_002222	En el momento...	그때...				에드문다스
QUEST_LV_0500_20230130_002223	Tú, Revelador, nos salvaste de ser víctima del Mago en el Bosque de Helechos.	고사리 숲에서 마법사의 희생양이 될 뻔했던 위기를 계시자님께서 구해주셨지요.				에드문다스
QUEST_LV_0500_20230130_002224	Sin embargo, éramos sujetos de prueba para un experimento y pensamos que las esporas de helecho que llevamos podrían infectar a los aldeanos, razón por la cual no podemos regresar...	하지만 저희는 실험의 대상이었고, 저희가 지닌 고사리 포자가 마을 사람들에게 감염될 수도 있다고 생각해서 마을로 돌아가지 못하고 있습니다...				에드문다스
QUEST_LV_0500_20230130_002225	Después de eso me recuperé un poco...	그 이후 저는 그럭저럭 회복이 되었지만....				에드문다스
QUEST_LV_0500_20230130_002226	Mi hermana Rose no muestra ningún signo de recuperación.{nl}No sé qué hacer.	제 동생 로제는 도저히 회복의 기미가 보이질 않습니다.{nl}어쩌면 좋을지 모르겠습니다.				에드문다스
QUEST_LV_0500_20230130_002227	Todo lo que puedo hacer es mantener viva a Rose con las pocas hierbas que puedo encontrar por aquí.	계속해서 주변에서 구할 수 있는 약재로 겨우 로제를 쓰러지지 않게 해줄 수 밖에 없습니다.				에드문다스
QUEST_LV_0500_20230130_002228	¿Espectador?	주시자요?				에드문다스
QUEST_LV_0500_20230130_002229	El misterioso Mago que nos usó para su experimento, ¿así se llama?{nl}No lo vi.	그, 의문의 마법사, 저희를 실험 대상으로 썼던 그 마법사의 원래 이름인가요?{nl}저는 그를 본 적이 없습니다.				에드문다스
QUEST_LV_0500_20230130_002230	Rose podría saber algo, pero en su condición dudo que pueda terminar una frase.	하지만 로제라면 무언가 알고 있을텐데 지금 상태로는 말하기 힘들 것 같습니다.				에드문다스
QUEST_LV_0500_20230130_002231	Tengo que mantener sus fuerzas, pero el peligro de las amenazas de Vubbe ha empeorado y no puedo moverme solo.	어떻게든 기력이 더 떨어지지 않게 해줘야 하는데, 최근 부베들의 위협이 부쩍 심해져 혼자 움직일 수가 없습니다.				에드문다스
QUEST_LV_0500_20230130_002232	Revelador, tengo que mantener a Rose a salvo aquí, su medicina requiere Red Bracken, ¿podrías traerme algunas?	그, 계시자님 제가 로제를 지켜야 하니, 로제의 약으로 쓸 붉은 고사리를 좀 구해주실 수 있을까요?				에드문다스
QUEST_LV_0500_20230130_002233	Red Bracken crece por todas partes. {nl}Yo debería ser quien fuera... si no fuera por los Vubbes...	주변에서 구할 수 있는 붉은 고사리입니다.{nl}부베놈들만 아니면… 제가 가도 되는데…				에드문다스
QUEST_LV_0500_20230130_002234	Gracias.{nl}Puedo hacer un medicamento con esto...	감사합니다.{nl}이걸로 약을 만들 수 있겠는데…				에드문다스
QUEST_LV_0500_20230130_002235	Tenemos que ir a un lugar seguro.{nl}Va a ser difícil fabricar el medicamento aquí.	이제 안전한 곳으로 가야합니다.{nl}이곳에서 약을 만들기는 힘들 거 같거든요.				에드문다스
QUEST_LV_0500_20230130_002236	Parece que hay cada vez más Vubbes por ahí, ¿crees que es por el Espectador?	부베들이 요즘 부쩍 많아진 것이 혹시 그 주시자 때문일까요?				에드문다스
QUEST_LV_0500_20230130_002237	Hay tantos Vubbes... Estoy preocupada por Rose...	부베들이… 너무 많아서… 로제가 다치면 안되는데…				에드문다스
QUEST_LV_0500_20230130_002238	Revelador, iré a esconderme con Rose.	계시자님, 저는 로제를 데리고 피난처로 가겠습니다.				에드문다스
QUEST_LV_0500_20230130_002239	Marqué el lugar en el mapa. Por favor ven a este lugar.	장소를 지도에 표시해드렸으니 이곳으로 오시면 됩니다.				에드문다스
QUEST_LV_0500_20230130_002240	Um... Revelador...	저... 계시자님...				에드문다스
QUEST_LV_0500_20230130_002241	Tratando de evitar los Vubbes, no teníamos el lujo de una comida decente.	부베들을 피해다니면서 생활하던 터라 제대로 된 것을 먹지 못했습니다.				에드문다스
QUEST_LV_0500_20230130_002242	Para que Rose tome su medicina tiene que comer algo... ¿podrías traernos algo de comida por casualidad?	로제가 약을 먹으려면 무언가 먹어야 하기도 해서... 어떻게 좀... 식량이 될 만한 걸 구해주실 수 있을까요?				에드문다스
QUEST_LV_0500_20230130_002243	Ella necesita su energía... {nl}Por favor.	로제가 너무 기력이 없어서... {nl}꼭 부탁드립니다.				에드문다스
QUEST_LV_0500_20230130_002244	Muchas gracias Revelador...	정말 감사합니다, 계시자님...				에드문다스
QUEST_LV_0500_20230130_002245	¡Rosa, rosa! ¿Te sientes mejor?	로제, 로제! 정신이 좀 드니? 				에드문다스
QUEST_LV_0500_20230130_002246	¿Ah... ah? Puedo ver claramente ahora.	아...아? 이제 좀 제대로 뭔가가 보여요.				로제
QUEST_LV_0500_20230130_002247	Hace apenas un momento, sentí como si estuviera flotando en la oscuridad... {nl}No podía respirar...	조금 전까지는 눈 앞이 깜깜한 채 발이 둥둥 떠 있는 것 같았거든요... {nl}숨도 잘 안쉬어지고…				로제
QUEST_LV_0500_20230130_002248	Pero ahora puedo... ¡Espera!	그런데 이제 좀 ...그런데!				로제
QUEST_LV_0500_20230130_002249	¿Eres tú Revelador? Ahh...que gusto verte de nuevo...	계시자님이셨어요? 아아... 너무 반가워요...				로제
QUEST_LV_0500_20230130_002250	Después de enviarte así... {nl}Quería volver a la ciudad si mejoraba para encontrarme con Anne y algunos amigos comerciantes...	저는... 그때 그렇게 계시자님을 보내고 나서...{nl}다시 건강해지면 마을로 돌아가서 안네도 만나고 행상인 친구들도 만나고 그러려고 했는데...				로제
QUEST_LV_0500_20230130_002251	Sin embargo, las cosas no salieron según lo planeado... Me debilité... seguí desmayándome... me convertí en una carga para mi hermano...	마음대로 안되었어요... 체력은 점점 약해지고... 자꾸만 쓰러지고... 오빠만 힘들게 하고...				로제
QUEST_LV_0500_20230130_002252	¡Ah! Sí. ¡El espectador! ¡El Mago que nos destrozó a nosotros y a la ciudad! ¡Lo vi!	아! 네. 주시자! 그 주시자! 저희와 저희 마을을 만신창이로 만든 그 ... 마법사! 제가 봤어요!				로제
QUEST_LV_0500_20230130_002253	Ese Mago... {nl}Ah, ¿Beholder dijiste?	그렇게 그 마법사...{nl}아, 주시자라고 하셨나요?				로제
QUEST_LV_0500_20230130_002254	Fue a la biblioteca Novaha.	녀석은 노바하 서고로 갔습니다.				로제
QUEST_LV_0500_20230130_002255	Si vas a la Biblioteca Novaha, allí encontrarás pistas de su paradero.	노바하 서고로 가면 주시자에 대한 단서가 있을 겁니다.				로제
QUEST_LV_0500_20230130_002256	Yo te mostraré el camino.	제가 안내해드릴게요. 				로제
QUEST_LV_0500_20230130_002257	La biblioteca está a través de la Capilla.{nl}¡Date prisa! Revelador.	서고는 본원 예배당을 통해서 가야 해요.{nl}어서 가요, 계시자님!				로제
QUEST_LV_0500_20230130_002258	¿Qué estás haciendo?{nl}Todavía estás enfermo.	무슨 소리 하는거야.{nl}너 지금 많이 아픈 상태야.				에드문다스
QUEST_LV_0500_20230130_002259	¿Apenas te has despertado y ahora vas a la Biblioteca de la Capilla?	겨우 정신 차렸다고 해서 그 예배당에 서고까지 가겠다는 거야?				에드문다스
QUEST_LV_0500_20230130_002260	No, solo no.{nl}¡Si debes ir, voy contigo!	안돼, 혼자서는 안돼.{nl}꼭 가야한다면 나도 같이 가!				에드문다스
QUEST_LV_0500_20230130_002261	Revelador... para ver todos los monstruos, {nl}es demasiado peligroso que Rose te guíe.	계시자님... 방금 그런 몬스터들을 보니{nl}로제를 안내역으로 맡기기에는 위험하다는 생각밖에 들지 않습니다.				에드문다스
QUEST_LV_0500_20230130_002262	Rose, ¿estás segura de que estás bien...?	로제 정말 괜찮은거니....?				에드문다스
QUEST_LV_0500_20230130_002263	*Suspiro*... Por favor.{nl}No creo poder persuadirla...	하아, 부탁드려요.{nl}이제는 제가 말려도 소용 없을 것 같아요...				에드문다스
QUEST_LV_0500_20230130_002264	Sé que estás preocupado.	오빠가 걱정하는 거 알아.				로제
QUEST_LV_0500_20230130_002265	Pero soy el único que puede hacer esto.	하지만 이 일은 나밖에 할 수 없다고 생각해.				로제
QUEST_LV_0500_20230130_002266	Revelator está haciendo todo lo posible para salvar este mundo y ayudar con eso. {nl}lastimarme o tener miedo no me hará cambiar de opinión.	계시자님도 지금 세상을 구하는 것에 전력을 다하시는데 그런 멋진 일을 돕는데{nl}아프고, 무섭다고 도망치면 안된다고 생각해.				로제
QUEST_LV_0500_20230130_002267	Si lo dices así no te voy a detener.{nl}Pero voy contigo hasta el final. Todo saldrá bien si tenemos cuidado.	네가 그렇게 말하면 더 말리지는 못하겠다.{nl}하지만 나도 끝까지 따라갈거야. 조심하면 어떻게든 되겠지.				에드문다스
QUEST_LV_0500_20230130_002268	Revelador, vamos a la Biblioteca.	계시자님, 서고로 가시죠.				에드문다스
QUEST_LV_0500_20230130_002269	Eh... qué está pasando...{nl}Me siento mal y mareado...	어... 왜 이러지...{nl}여기 오니까 갑자기 소, 속이 울렁거리고 아찔하네요...				로제
QUEST_LV_0500_20230130_002270	Sólo un poco... un poco de descanso y estaré bien.	잠시, 조금만 쉬면, 조금만 기다리면 괜찮아질 거예요...				로제
QUEST_LV_0500_20230130_002271	Me duelen los ojos...	눈이 아파와요...				로제
QUEST_LV_0500_20230130_002272	Esto es extraño... mis ojos, ¿por qué me duelen? Está todo borroso...	이상하다... 눈이, 눈이 왜 아프지... 앞이 아찔... 아득해...				로제
QUEST_LV_0500_20230130_002273	Ella no era tan débil.{nl}Para ser un comerciante ambulante necesitabas algo de fuerza...	저렇게까지 약하지는 않았어요.{nl}행상일을 하려면 체력이 기본이었으니...				에드문다스
QUEST_LV_0500_20230130_002274	Pero ella se puso tan enferma...	그런데 너무 쇠약해져서...				에드문다스
QUEST_LV_0500_20230130_002275	¿Qué? Así que esto es lo que los Vubbes saquearon a los aldeanos.	네? 부베가 이런 것들을 마을사람들로부터 약탈한 거군요...				로제
QUEST_LV_0500_20230130_002276	Lo siento... pero voy a necesitar toda la fuerza que me queda para guiarte, así que gracias por esto.	속상하지만... 기운을 차려야 또 계시자님을 안내할 수 있을 테니, 감사히 받을게요.				로제
QUEST_LV_0500_20230130_002277	Así está mejor.{nl}Aunque todavía me duelen los ojos...	이제 조금 기운이 나네요.{nl}눈은 여전히 아프지만...				로제
QUEST_LV_0500_20230130_002278	Ahora que lo pienso, mi condición empeoró tan pronto como llegamos a este lugar... hay una energía maligna y desagradable en esta Biblioteca.	그런데 가만 생각해보니, 제가 여기 도착해서 더 상태가 안 좋아진 건, 이 근처... 여기 서고에서 느껴지는 어떤... 꺼림칙하고 나쁜 기운 때문인 것 같아요.				로제
QUEST_LV_0500_20230130_002279	Esta energía oscura...{nl}Debe ser la razón por la cual los Vubbes son más violentos y viciosos.	그... 사악한 기운 때문에...{nl}부베들도 더 포악해지고 사나워진 게 틀림없어요.				로제
QUEST_LV_0500_20230130_002280	Puedo sentir que la energía se hace más fuerte... en esta dirección.{nl}Aquí, estoy seguro de que hay algo aquí.	어떤 방향으로 점점....그 사악한 기운이 짙어지는 것이 느껴져요.{nl}여기, 무언가 있는 게 확실해요.				로제
QUEST_LV_0500_20230130_002281	Te mostraré dónde la energía se vuelve más fuerte.{nl}En la dirección en que el dolor empeora...	제가... 기운이 짙어지는 쪽으로 안내할게요.{nl}눈이 더 아프고 아찔해지는 방향으로... 가면...				로제
QUEST_LV_0500_20230130_002282	Rose, es muy amable de tu parte hacer esto, pero por favor no te esfuerces demasiado...	다 좋은데 로제, 너무 무리하지 말자, 제발...				에드문다스
QUEST_LV_0500_20230130_002283	Esto... parece la caña de un instrumento de viento.{nl}¿Una flauta?	이건... 무슨... 관악기의 리드 부분 같이 생겼어요.{nl}피리인가?				로제
QUEST_LV_0500_20230130_002284	De todos modos está lleno de energía maligna.	어쨌든 그 사악한 기운이 가득 서려 있어요.				로제
QUEST_LV_0500_20230130_002285	Maligno y siniestro... ¿y qué hay ahí dentro?	사악하고 불길함이... 그리고 저 안에 있는 것은 뭘까요?				로제
QUEST_LV_0500_20230130_002286	¡Debe tener algo que ver con el Espectador!	틀림없이 그 주시자와 관련이 있어요! 				로제
QUEST_LV_0500_20230130_002287	Deberíamos investigar esto...	이걸 알아봐야 할 텐데...				로제
QUEST_LV_0500_20230130_002288	No podemos tomar esa cápsula así que deberíamos averiguar qué es esta caña...	저 캡슐을 들고 갈 수는 없으니 이 관악기 리드 같은 게 뭔지부터 알아보면...				로제
QUEST_LV_0500_20230130_002289	Creo que eso aliviaría mi dolor de cabeza.	그, 그래야 제 머리랑 눈이 좀 덜 아플 것 같아요.				로제
QUEST_LV_0500_20230130_002290	Ah… creo que Rose siente demasiado dolor… ¿qué hago…?	아... 로제가 많이 아픈가 봐요... 어쩌지, 어쩌죠...				에드문다스
QUEST_LV_0500_20230130_002291	Buscaré hierbas que pueda usar para hacer analgésicos, mientras tanto, ¿puedes descubrir qué hace esa caña?	제가 주변에서 진통제로 쓸만한 약초를 구해 볼테니, 계시자님은 그 악기 리드 부분을 가지고 가셔서 그게 뭔지 알아보시면 어떨까요?				에드문다스
QUEST_LV_0500_20230130_002292	Necesitamos saber qué es para que Rose pueda mejorar...	그게 뭔지 알아야 로제의 통증이 나아질테니까요...				에드문다스
QUEST_LV_0500_20230130_002293	Um... La Asociación Mágica de Orsha podría tener algunas respuestas.	그... 오르샤의 마법협회 같은 곳에 가서 물어보면 알려줄 거예요.				에드문다스
QUEST_LV_0500_20230130_002294	Me duele la cabeza... los ojos...	머리가... 눈이... 너무 아파요.				로제
QUEST_LV_0500_20230130_002295	Necesitamos descubrir qué es esa caña...	그 피리의 리드 부분이 뭔지 빨리 알아야 해요...				로제
QUEST_LV_0500_20230130_002296	Bienvenidos a la Asociación Mágica de Orsha.	어서오세요. 마법협회 오르샤 지부입니다.				플로아나
QUEST_LV_0500_20230130_002297	¿Qué estás buscando?	무엇을 찾으시나요?				플로아나
QUEST_LV_0500_20230130_002298	¿En qué puedo ayudarte?	도와드릴 게 있나요?				플로아나
QUEST_LV_0500_20230130_002299	Mmm. Lo que tienes ahí es seguramente una lengüeta de un instrumento de viento.	흠. 들고 계신 그 물건은, 확실히 관악기의 리드 부분이군요.				플로아나
QUEST_LV_0500_20230130_002300	Además... es difícil de ver, pero tiene impresa la marca de Jogaila, el maestro flautista.	그리고... 희미하지만, 파이드 파이퍼 마스터이신 요가일라 님의 각인이 남아 있는 것으로 보입니다.				플로아나
QUEST_LV_0500_20230130_002301	Quizás puedas obtener más respuestas si vas a ver al maestro Jogaila.	아마, 파이드 파이퍼 마스터 요가일라 님을 찾아가시면 확실한 답을 들으실 수 있을 것입니다.				플로아나
QUEST_LV_0500_20230130_002302	De hecho, está en el bosque Issaugoti, que no está lejos de aquí. Deberías ir a verlo.	마침 파이드 파이터 마스터님은 오르샤에서 멀지 않은 이사우고티 숲에 잠시 와 계시니, 가서 만나보시기 바랍니다.				플로아나
QUEST_LV_0500_20230130_002303	Ah, Revelador, mucho tiempo sin verte.	아, 계시자님 오랜만에 뵙습니다.				파이드 파이퍼 마스터
QUEST_LV_0500_20230130_002304	¿Cómo has estado?	잘 지내셨나요?				파이드 파이퍼 마스터
QUEST_LV_0500_20230130_002305	Sé por qué viniste aquí.	무슨 일로 오셨는지는 알고 있습니다.				파이드 파이퍼 마스터
QUEST_LV_0500_20230130_002306	Es hora de contarles esta historia.	이제는 이야기할 때가 됐군요.				파이드 파이퍼 마스터
QUEST_LV_0500_20230130_002307	Esto es parte de mi	이건 바로 제 				파이드 파이퍼 마스터
QUEST_LV_0500_20230130_002308	melodía secreta	비밀의 곡조				파이드 파이퍼 마스터
QUEST_LV_0500_20230130_002309	.{nl}Esta caña se ha quedado obsoleta, entonces debe significar que los guantes se han despertado.	라는 것의 일부입니다.{nl}이렇게 수명을 다하고 리드만 남은 것을 보니 아마 그 장갑이 깨어난 모양이군요.				파이드 파이퍼 마스터
QUEST_LV_0500_20230130_002310	Para ser precisos,	아니 정확하게 말하면 				파이드 파이퍼 마스터
QUEST_LV_0500_20230130_002311	deben haber regresado	돌아왔다				파이드 파이퍼 마스터
QUEST_LV_0500_20230130_002312	, debería decir.	라고 해야되려나요.				파이드 파이퍼 마스터
QUEST_LV_0500_20230130_002313	En pocas palabras, les diré la verdad Reveladora.	긴 설명을 드릴 수는 없을테고, 계시자님이시니 솔직하게 고백하겠습니다.				파이드 파이퍼 마스터
QUEST_LV_0500_20230130_002314	Hice un trato con el Espectador, Dios Demonio {#003399}Slogutis{/}. Me aseguré de que Beholder pudiera volver a convertirse en {#003399}Slogutis{/} ayudando con el regreso del Guante; a cambio, podría convertirme en Amjinas.	저는 주시자, 마족이자 마신인 {#003399}슬로거티스{/}와 거래를 했습니다. 제가 암지나스가 되는 것과, 주시자가 다시 {#003399}슬로거티스{/}가 될 수 있도록 장갑을 돌아오게 도와주는 것을 교환하였죠.				파이드 파이퍼 마스터
QUEST_LV_0500_20230130_002315	Pero ahora que los guantes han regresado y mi trato con {#003399}Slogutis{/} está completo, debo limpiar este desastre como maestro humano.	하지만 이제 장갑은 돌아왔으니, {#003399}슬로거티스{/}와의 거래는 완료된 셈이고 저는 한 사람의 인간 마스터로서 이 일을 수습해야겠네요.				파이드 파이퍼 마스터
QUEST_LV_0500_20230130_002316	Voy a hacer una melodía diferente con esta caña.	일단 제가 이 리드로 다시 어떤 곡조를 만들어드리죠.				파이드 파이퍼 마스터
QUEST_LV_0500_20230130_002317	Con él... ah, dijiste que estaba en una cápsula.	그걸로 ... 아, 캡슐에 들어있다고 하셨죠.				파이드 파이퍼 마스터
QUEST_LV_0500_20230130_002318	Sí. Te haré una melodía que puede romper la cápsula.	네. 그 캡슐을 깰 수 있는 곡조를 드리겠습니다.				파이드 파이퍼 마스터
QUEST_LV_0500_20230130_002319	Como maestro, estoy vinculado al reino, perdóname por no poder actuar a pesar de que fui yo quien entregó la Melodía Secreta.	마스터로 왕국에 매인 몸이기도 하고, 어쨌든 비밀의 곡조를 내줬던 사람으로서 직접 나서지 못함을 용서하십시오.				파이드 파이퍼 마스터
QUEST_LV_0500_20230130_002320	Con esta melodía seguro que consigues romper la cápsula.	계시자님이라면 이 곡조로 캡슐을 쉽게 깰 수 있을 겁니다.				파이드 파이퍼 마스터
QUEST_LV_0500_20230130_002321	Y luego... te haces una idea.	그 다음은... 잘 아시는 바 대로.				파이드 파이퍼 마스터
QUEST_LV_0500_20230130_002322	¿Descubriste qué es?	그게 뭔지 알아보셨나요?				로제
QUEST_LV_0500_20230130_002323	Estoy mucho mejor gracias a las hierbas que me dio mi hermano.	저는 오빠가 구해 준 약초 덕분에 조금 견딜 만해졌어요.				로제
QUEST_LV_0500_20230130_002324	Tal vez sea porque te llevaste la caña contigo...	어쩌면 그 리드 같은 걸 계시자님이 가지고 가 주셔서 그랬나...				로제
QUEST_LV_0500_20230130_002325	Ah… ¿entonces era la caña de una flauta?	아... 역시, 그건 피리의 리드 부분이었군요?				로제
QUEST_LV_0500_20230130_002326	Ahora que pareces el maestro del flautista, finalmente podemos detener esta energía maligna, ¿verdad?	파이드 파이퍼 마스터님까지 만나보고 오셨으니 이제 이 사악한 기운을 멈출 수 있겠죠?				로제
QUEST_LV_0500_20230130_002327	Incluso sabía de esta gran cápsula...	파이드 파이퍼 마스터님은 이 커다란 캡슐의 존재까지 알고 계셨군요...				로제
QUEST_LV_0500_20230130_002328	Haciendo un instrumento que pueda romper la cápsula con la caña malvada...{nl}Qué ser más misterioso...	사악한 기운이 서려 있던 리드 같은 걸로 이 큰 캡슐을 파괴할 악기를 만들어 주시다니... {nl}신비한 분이시군요....				로제
QUEST_LV_0500_20230130_002329	¿Amjinas?	암지나스요?				로제
QUEST_LV_0500_20230130_002330	No sé sobre eso...	그런 어려운 건 잘 몰라도...				로제
QUEST_LV_0500_20230130_002331	¡Ahh mi cabeza!	아악, 다시 머리가!				로제
QUEST_LV_0500_20230130_002332	¡Revelador, por favor destruye la cápsula con el instrumento!	계시자님, 지체하지 말고 그 악기로 이 캡슐을 파괴해주세요!				로제
QUEST_LV_0500_20230130_002333	Si esta energía maligna se extendiera... el Espectador... el mundo...	이 사악한 기운이 더 퍼져나가면... 그 주시자가... 세상을... 				로제
QUEST_LV_0500_20230130_002334	Revelador, ¡¡tenemos que salvar a Rose!!	계시자님, 로제를 구해야 해요!!				에드문다스
QUEST_LV_0500_20230130_002335	¡Estaré en El Confesionario!	저 먼저 참회의 기도실로 가겠습니다!				에드문다스
QUEST_LV_0500_20230130_002336	Necesito... necesito proteger a Rose a cualquier precio...{nl}Me da vergüenza ser este hermano...	어떻게든... 어떻게든 로제를 지켜야 하는데...{nl}이런 정도의 오빠라니 너무 부끄럽습니다...				에드문다스
QUEST_LV_0500_20230130_002337	Cuando vinieron los monstruos me asusté...	막상 몬스터들이 몰려오니 겁이 나서 그만...				에드문다스
QUEST_LV_0500_20230130_002338	Me pregunto si podré protegerla...	이대로 동생을 지킬 수 있을까요...				에드문다스
QUEST_LV_0500_20230130_002339	Estaría muerto si no fuera por ti...{nl}Aún estoy temblando...	지금도 계시자님이 안계셨으면 전 죽었을 겁니다...{nl}지금도 덜덜 떨려요... 				에드문다스
QUEST_LV_0500_20230130_002340	Incluso con toda la ayuda que me has brindado, gracias por dar un paso adelante nuevamente...	지금까지도 도와주셨는데, 다시 나서주시다니 정말 감사합니다...				에드문다스
QUEST_LV_0500_20230130_002341	Por favor, por favor salva a mi hermana...	꼭, 꼭 동생을 구해주셔야 합니다...				에드문다스
QUEST_LV_0500_20230130_002342	De esa manera puedo cumplir la promesa que hice con mis padres...	그게 돌아가신 부모님과의 약속을 지키는 길이에요...				에드문다스
QUEST_LV_0500_20230130_002343	¿Viste eso, Revelador?	보셨습니까, 계시자님?				에드문다스
QUEST_LV_0500_20230130_002344	No puedo ayudarte directamente, ¡pero puedo decirte lo que veo!	제가 직접 도움은 안되었지만, 본 것은 말씀드릴 수 있어서 다행이에요!				에드문다스
QUEST_LV_0500_20230130_002345	¡El caído Vubbes dejó caer un pergamino!	부베들이 쓰러지면서 스크롤을 떨어뜨렸습니다!				에드문다스
QUEST_LV_0500_20230130_002346	¡El pergamino debe contener algunas pistas!	틀림없이, 이 스크롤에 단서가 있을 겁니다!				에드문다스
QUEST_LV_0500_20230130_002347	Bueno... veamos...	이건... 어디보자...				에드문다스
QUEST_LV_0500_20230130_002348	{@st66d_y}{s25}Orden del demonio{/}{/}{nl}El Espectador ha ordenado la protección de la Piedra Sello durante la ceremonia.{nl}Protege las Piedras Sello tanto en el Primer como en el Segundo Oratorio a toda costa.	{@st66d_y}{s25}마족지령서{/}{/}{nl}주시자님께서 의식이 진행될 동안 봉인석을 지키라고 명하셨다.{nl}제 1 기도실과 제 2 기도실에 있는 봉인석을 철저히 방어해라.				PC
QUEST_LV_0500_20230130_002349	Esta barrera la crea el Espectador utilizando una Piedra Sello.	주시자가 봉인석을 이용해 만든 결계다.				
QUEST_LV_0500_20230130_002350	Ugh... No soy bueno en el combate...{nl}Al menos debería salir del camino de Revelator...{nl}Me lastimé tratando de esconderme...	으윽... 저는 아직은 전투 능력이 없어서....{nl}최소한 계시자님께 방해는 되지 말아야겠어서...{nl}숨다가 그만.. 좀, 다친 것 같습니다....				에드문다스
QUEST_LV_0500_20230130_002351	No... te preocupes por mí...	신경쓰지 마시...고...				에드문다스
QUEST_LV_0500_20230130_002352	Vamos a destruir la Piedra del Sello en El Segundo Oratorio.	이제 제 2 기도실에 있는 봉인석을 파괴하러 가시죠...				에드문다스
QUEST_LV_0500_20230130_002353	¿Dónde... está el Segundo Oratorio...?	제 2 기도실은 어디...지....				에드문다스
QUEST_LV_0500_20230130_002354	Puaj...	윽...				에드문다스
QUEST_LV_0500_20230130_002355	Es difícil convertir a un humano puro en un subordinado leal.	순수한 인간으로는 충실한 부하를 만들기 어렵군.				주시자
QUEST_LV_0500_20230130_002356	La pureza no vale nada, es casi una maldición....	순수함 따윈 볼품없고, 저주와 마찬가지인 것을....				주시자
QUEST_LV_0500_20230130_002357	Rose... debería haber hecho más por ti...	로제... 아직 못해준 게 너무 많은데...				에드문다스
QUEST_LV_0500_20230130_002358	Lo siento... lo siento mucho...	미안해... 오빠가  미안하구나...				에드문다스
QUEST_LV_0500_20230130_002359	Revelador, si no estás demasiado ocupado, ¿puedes ayudarme con una tarea sin que nuestro señor lo sepa?	계시자님, 혹시 바쁘시지 않다면 영주님 몰래 한가지 일을 해결해주실 수 있으십니까?				영주 호위병
QUEST_LV_0500_20230130_002360	Hay una investigación en curso porque la gente escucha los gritos de una niña todas las noches en Novaha y el Bosque de los Puentes Enlazados.	현재 노바하와 덧댄다리 숲에서 밤마다 소녀의 비명소리가 들린다는 소리를 듣고 조사를 하고 있습니다.				영주 호위병
QUEST_LV_0500_20230130_002361	Dicen que el sonido se hace más fuerte a medida que te acercas a Novaha...	이 소리는 노바하 쪽에 가까워지면 가까워질 수록 커진다고 하는데...				영주 호위병
QUEST_LV_0500_20230130_002362	Lord Hamondale está poniendo todo su esfuerzo en encontrar a Pajauta y al Espectador y, además de manejar los asuntos públicos, no irá a ninguna parte pronto.	현재 파야우타님과 주시자를 찾고, 민원을 처리하는데 영주님이 전력을 쏟고 계셔서 움직일 수가 없으십니다.				영주 호위병
QUEST_LV_0500_20230130_002363	Por favor ayude con la investigación de este caso.	이 일에 대해서 조사를 해주십시오.				영주 호위병
QUEST_LV_0500_20230130_002364	¿Oh, Revelador?{nl}¿Qué te trae por aquí?	어, 계시자님?{nl}여긴 어쩐 일로?				큐폴 루타
QUEST_LV_0500_20230130_002365	He venido a purificar periódicamente el alma de Rose dentro del Incensario.	저는 향로 안에 있는 로제의 영혼을 정기적으로 정화하기 위해서 왔습니다.				큐폴 루타
QUEST_LV_0500_20230130_002366	¿Qué? ¿El sonido de los gritos de Rose está causando problemas en Orsha?	네? 로제의 비명소리로 오르샤에서 난리라고요?				큐폴 루타
QUEST_LV_0500_20230130_002367	La purificación normal no solucionará esto.	단순 정화로는 해결이 안되는 거 같군요.				큐폴 루타
QUEST_LV_0500_20230130_002368	Revelador. Vamos a acabar con Rose.	계시자님. 로제를 제압하러 가시죠.				큐폴 루타
QUEST_LV_0500_20230130_002369	Yo, Ruta te ayudaré Revelador.	저 루타가 계시자님을 돕겠습니다.				큐폴 루타
QUEST_LV_0500_20230130_002370	Este fenómeno podría seguir ocurriendo regularmente porque el poder del Espectador está contaminando el alma.	주시자의 힘이 영혼을 더럽혀서 주기적으로 이런 현상이 발생할 거 같네요.				큐폴 루타
QUEST_LV_0500_20230130_002371	Necesitamos urgentemente su ayuda, Revelador.	계시자님의 힘이 절실할 거 같습니다.				큐폴 루타
QUEST_LV_0500_20230130_002372	Que haya paz en tus viajes Revelador...	계시자님의 모험에 평안이 있기를... 				파이드 파이퍼 마스터
QUEST_LV_0500_20230130_002373	Edmundas se fue en silencio como si su alma hubiera abandonado su cuerpo.	에드문다스는 넋이 나간 듯, 조용히 자리를 떠났다.				PC
QUEST_LV_0500_20230130_002374	Tablón de anuncios de Orsha	오르샤 공고판				
QUEST_LV_0500_20230130_002375	Se buscan aventureros para limpiar los Vubbes en Novaha.	노바하 지역의 부베를 잡아주실 모험가를 모집하고 있습니다.				오르샤 공고판
QUEST_LV_0500_20230130_002376	Cuida a los Vubbes y recibe tu recompensa en Orsha.	부베를 잡으시고, 오르샤로 오셔서 보상을 받아기십시오.				오르샤 공고판
QUEST_LV_0500_20230130_002377	Un tablero con avisos de solicitudes.	의뢰에 관련 공고들이 모여있는 게시판이다.				오르샤 공고판
QUEST_LV_0500_20230130_002378	Guardia del Señor de Orsha	오르샤 영주 경비병				
QUEST_LV_0500_20230130_002379	Revelador, ¿qué te trae por aquí?	계시자님, 무슨 일로 오셨습니까?				오르샤 영주 경비병
QUEST_LV_0500_20230130_002380	¿Eh? ¿Estás aquí para esta solicitud?	네? 이 의뢰를 보고 오셨다고요?				오르샤 영주 경비병
QUEST_LV_0500_20230130_002381	Novaha está pasando por un momento difícil con la falta de personal y aventureros....	노바하 쪽은 지금 인력이 없고, 자원하시는 모험가분도 없으셔서 고생이 많았는데....				오르샤 영주 경비병
QUEST_LV_0500_20230130_002382	Asociación de Magia de Orsha en busca de Pokubu Fangs.	오르샤 마법협회에서 포쿠부 송곳니를 구하고 있습니다.				오르샤 공고판
QUEST_LV_0500_20230130_002383	¡Aquellos que estén interesados, traigan sus Pokubu Fangs a la Asociación Mágica de Orsha!	관심이 있는 분들을 포쿠부 송곳니를 모아서 오르샤 마법협회를 찾아와주세요!				오르샤 공고판
QUEST_LV_0500_20230130_002384	Hola{nl}¿Cómo puedo ayudarte?	안녕하세요{nl}무슨 일로 오셨나요?				플로아나
QUEST_LV_0500_20230130_002385	¿Trajiste los Pokubu Fangs de la solicitud de búsqueda?	공고문을 보고 포쿠부 송곳니를 구해오셨다고요?				플로아나
QUEST_LV_0500_20230130_002386	Mercante codiciosa	탐욕스러운 여상인				
QUEST_LV_0500_20230130_002387	¡Ah, inaceptable!	아오, 짜증나!				탐욕스러운 여상인
QUEST_LV_0500_20230130_002388	Esos apestosos Vubbes... ¡se llevaron todas mis cosas!	망할 부베놈들... 내 물건들을 모두 가져갔어!				탐욕스러운 여상인
QUEST_LV_0500_20230130_002389	Um, si no estás ocupado, ¿podrías traer mis cosas de Vubbes?	어, 당신 지금 바쁘지 않다면 부베 놈들이 가져간 내 물건 좀 가져와 줄 수 있어?				탐욕스러운 여상인
QUEST_LV_0500_20230130_002390	Serás bien recompensado.	내가 충분한 보상을 해줄게.				탐욕스러운 여상인
QUEST_LV_0500_20230130_002391	Vale.{nl}Será difícil traer todo el vagón, así que ¿puedes traer algunas cosas del interior?	좋아.{nl}마차를 가져오는 건 힘드니까. 안에 있는 물건들이라도 좀 가져와줘.				탐욕스러운 여상인
QUEST_LV_0500_20230130_002392	Gracias.{nl}Todavía tengo algunos asuntos pendientes....	고마워.{nl}하지만 이대로 끝낼 순 없지....				탐욕스러운 여상인
QUEST_LV_0500_20230130_002393	¡Necesito venganza por lo que han hecho los Vubbe!	부베 놈들한테 받은 것을 되갚아야 해!				탐욕스러운 여상인
QUEST_LV_0500_20230130_002394	He notado que los Vubbes tienen joyas en el cuerpo...	부베를 보니까 몸에 보석을 박고 있던데....				탐욕스러운 여상인
QUEST_LV_0500_20230130_002395	Estoy pensando que puedo compensar las pérdidas aquí vendiendo esas joyas.	저것들을 팔면 내가 본 손해를 메꿀 수 있을 거 같거든?				탐욕스러운 여상인
QUEST_LV_0500_20230130_002396	Ve a matar algunos Vubbes y tráeme esas joyas.	부베를 잡아 죽이고 보석 좀 가져와줘. 				탐욕스러운 여상인
QUEST_LV_0500_20230130_002397	Esa joya brillante, tráemela.	저 반짝이는 보석을 빨리 가져와줘.				탐욕스러운 여상인
QUEST_LV_0500_20230130_002398	Bien.{nl}Puedo vender esto por mucho dinero.	좋아.{nl}이거라면 아주 비싸게 팔릴 거야.				탐욕스러운 여상인
QUEST_LV_0500_20230130_002399	La comerciante tomó la joya y se fue.	여상인은 보석을 들고 자리를 떠났다.				탐욕스러운 여상인
QUEST_LV_0500_20230130_002400	Erudito aislado	고립된 학자				
QUEST_LV_0500_20230130_002401	Uf, ¿qué hago...?	으, 이걸 어떻게 해야하지...				고립된 학자
QUEST_LV_0500_20230130_002402	¿Eh? ¿podrías ayudarme....?	어? 혹시 나 좀 도와주실 수 있겠나....?				고립된 학자
QUEST_LV_0500_20230130_002403	No puedo moverme por culpa de los Vubbes...	부베들 때문에 여기서 움직일 수가 없다네...				고립된 학자
QUEST_LV_0500_20230130_002404	Tengo que llegar a Orsha....	오르샤로 가야 하는데....				고립된 학자
QUEST_LV_0500_20230130_002405	En realidad...!	정말인가...!				고립된 학자
QUEST_LV_0500_20230130_002406	¡Gracias!	고맙네!				고립된 학자
QUEST_LV_0500_20230130_002407	Este libro no estaba aquí antes.{nl}¿Debería leerlo?	이곳을 지나갔을 때는 못 봤던 책이다.{nl}읽어볼까?				
QUEST_LV_0500_20230130_002408	Guardia del Señor de Orsha	오르샤 영주 호위병				
QUEST_LV_0500_20230130_002409	Ah, Revelador.{nl}¿Cómo puedo ser de ayuda?	아, 계시자님. 어서 오십시오.{nl}무슨 일로 찾아오셨나요?				오르샤 영주 호위병
QUEST_LV_0500_20230130_002410	¿Diario de experimentos?	실험 일지요?				오르샤 영주 호위병
QUEST_LV_0500_20230130_002411	Suena como algo que no debería tomarse a la ligera.	내용을 들어보니 간단히 넘어가야 할 사항은 아닌 거 같군요.				오르샤 영주 호위병
QUEST_LV_0500_20230130_002412	Informaré lo que dijiste al Señor.	계시자님께서 말씀해주신 것들은 제가 영주님께 보고드리겠습니다.				오르샤 영주 호위병
QUEST_LV_0500_20230130_002413	Nos has ayudado una vez más.	계시자님께는 또 도움을 받는군요.				오르샤 영주 호위병
QUEST_LV_0500_20230130_002414	Tienes que encargarte de ello antes de que el Señor se entere.{nl}Será un problema si hay más trabajo por hacer.	영주님이 아시기 전에 처리해주셔야 합니다.{nl}더 이상 일이 늘어나면 곤란합니다.				영주 호위병
QUEST_LV_0500_20230130_002415	De hecho, está en el bosque Issaugoti, que no está lejos de aquí. Deberías ir a verlo.	파이드 파이터 마스터님은 오르샤에서 멀지 않은 이사우고티 숲에 잠시 와 계시니, 가서 만나보시기 바랍니다.				플로아나
QUEST_LV_0500_20230130_002416	Necesito volver a Orsha...{nl}Pero ¿cómo?	오르샤로 돌아가야하는데...{nl}어떻게 해야지?				고립된 학자
QUEST_LV_0500_20230130_002417	El consejo del Señor	영주의 조언				
QUEST_LV_0500_20230130_002418	Intentaré orar.	기도를 드려보겠다고 한다.				
QUEST_LV_0500_20230130_002419	Necesito un momento para pensar.	잠시 생각을 해보겠다고 한다.				
QUEST_LV_0500_20230130_002420	Pista en Novaha	단서는 노바하에				
QUEST_LV_0500_20230130_002421	Dime la respuesta.	답을 알려달라고 한다.				
QUEST_LV_0500_20230130_002422	Necesito estar preparado para oírlo.	들을 준비를 하고 온다고 한다.				
QUEST_LV_0500_20230130_002423	Chica debilitada, Rose	쇠약한 소녀, 로제				
QUEST_LV_0500_20230130_002424	Ha pasado un tiempo.	오랜만이라고 한다.				
QUEST_LV_0500_20230130_002425	No lo recuerdo.	누군지 기억이 안난다고 한다.				
QUEST_LV_0500_20230130_002426	helecho rojo	붉은 고사리				
QUEST_LV_0500_20230130_002427	¿Conoces al Espectador?	주시자에 대해서 아는 것이 있냐고 묻는다.				
QUEST_LV_0500_20230130_002428	No estoy interesado en nada más que el Espectador.	주시자에 대한 것 말고는 관심이 없다고 한다.				
QUEST_LV_0500_20230130_002429	¿Por qué estás aquí?	왜 이 곳에 있는지 물어본다.				
QUEST_LV_0500_20230130_002430	A un lugar seguro	안전한 곳으로				
QUEST_LV_0500_20230130_002431	Ya han sufrido bastante	고생한 그들을 위해				
QUEST_LV_0500_20230130_002432	Iré a buscarlo.	구해오겠다고 말한다.				
QUEST_LV_0500_20230130_002433	La memoria de rosa	로제의 기억				
QUEST_LV_0500_20230130_002434	Pregunta por el espectador	주시자에 대해서 묻는다.				
QUEST_LV_0500_20230130_002435	Necesito prepararme.	마음의 준비를 하고 온다고 한다.				
QUEST_LV_0500_20230130_002436	Siguiendo la memoria	기억을 따라서				
QUEST_LV_0500_20230130_002437	Necesito hacer algo de preparación.	단단히 준비하고 온다고 한다.				
QUEST_LV_0500_20230130_002438	Pista en la biblioteca	단서는 서고 안에				
QUEST_LV_0500_20230130_002439	Escuchemos a Rose.	로제의 의견을 들어보라고 한다.				
QUEST_LV_0500_20230130_002440	Estás siendo demasiado entrometido.	너무 오지랖이 넓다고 꾸짖는다.				
QUEST_LV_0500_20230130_002441	rosa sufriente	고통받는 로제				
QUEST_LV_0500_20230130_002442	Ojo por ojo	약탈은 약탈로				
QUEST_LV_0500_20230130_002443	Rastro borroso (1)	흐린 흔적(1)				
QUEST_LV_0500_20230130_002444	Yo también lo siento.	나도 느끼고 있다고 말한다.				
QUEST_LV_0500_20230130_002445	Necesitas descansar.	안정을 취해야한다고 말한다.				
QUEST_LV_0500_20230130_002446	Rastro borroso (2)	흐린 흔적(2)				
QUEST_LV_0500_20230130_002447	Aún necesitas descansar.	아직은 좀 더 쉬어야 한다고 한다.				
QUEST_LV_0500_20230130_002448	En busca del maestro de la melodía	곡조의 주인을 찾아서				
QUEST_LV_0500_20230130_002449	Buscaré la información sobre la flauta.	피리에 대한 정보를 찾아보겠다고 한다.				
QUEST_LV_0500_20230130_002450	Melodía de destrucción	파괴의 곡조				
QUEST_LV_0500_20230130_002451	Entrega el artículo de Rose.	로제에게 받은 물품을 건넨다.				
QUEST_LV_0500_20230130_002452	Volveré más tarde.	좀 있다가 다시 온다고 한다.				
QUEST_LV_0500_20230130_002453	Devilglove despertado	깨어난 데블글로브				
QUEST_LV_0500_20230130_002454	Lo destruiré.	파괴하겠다고 한다.				
QUEST_LV_0500_20230130_002455	Tengo un mal presentimiento.	불길한 느낌이 든다고 한다.				
QUEST_LV_0500_20230130_002456	En el Oratorio	기도실 안으로				
QUEST_LV_0500_20230130_002457	Búsqueda de Oratoria (1)	기도실 수색(1)				
QUEST_LV_0500_20230130_002458	Búsqueda de Oratoria (2)	기도실 수색(2)				
QUEST_LV_0500_20230130_002459	Eres patético, he perdido las ganas de ayudarte.	한심한 모습에 도와줄 마음이 사라졌다고 한다.				
QUEST_LV_0500_20230130_002460	Dos piedras de sello (1)	두 개의 봉인석(1)				
QUEST_LV_0500_20230130_002461	Es peligroso, no lo toques.	위험하니 만지지 말라고 한다.				
QUEST_LV_0500_20230130_002462	Dos piedras de sello (2)	두 개의 봉인석(2)				
QUEST_LV_0500_20230130_002463	Primero curemos la herida.	상처를 먼저 치료해야한다고 한다.				
QUEST_LV_0500_20230130_002464	Los no redimidos	구원받지 못한 자				
QUEST_LV_0500_20230130_002465	Grito del alma	영혼의 절규				
QUEST_LV_0500_20230130_002466	Estoy un poco ocupada así que hablemos más tarde.	바쁘니 나중에 이야기하자고 한다.				
QUEST_LV_0500_20230130_002467	Incensario de la Salvación	구원의 향로				
QUEST_LV_0500_20230130_002468	Yo lo solucionaré.	해결하겠다고 한다.				
QUEST_LV_0500_20230130_002469	Me iré a hacer otra cosa.	다른 일을 하고 오겠다고 한다.				
QUEST_LV_0500_20230130_002470	Aviso de búsqueda de Vubbe	부베 처치 공고				
QUEST_LV_0500_20230130_002471	Cazaré a los Vubbe.	부베를 처리하러 간다.				
QUEST_LV_0500_20230130_002472	Necesito ocuparme de algo más.	다른 일을 처리하러 간다.				
QUEST_LV_0500_20230130_002473	¡Pokubu Fang quería!	포쿠부 송곳니 구합니다!				
QUEST_LV_0500_20230130_002474	Conseguiré esos colmillos.	구해서 전해주도록 한다.				
QUEST_LV_0500_20230130_002475	Necesito ocuparme de algo más.	다른 일이 우선이라고 한다.				
QUEST_LV_0500_20230130_002476	Avaricia de un comerciante (1)	상인은 이익을 놓치지 않는다(1)				
QUEST_LV_0500_20230130_002477	Yo te ayudaré.	돕는다고 한다.				
QUEST_LV_0500_20230130_002478	Estoy demasiado ocupado buscando a alguien más.	바빠서 다른 사람에게 부탁하라고 한다.				
QUEST_LV_0500_20230130_002479	Avaricia de un comerciante (2)	상인은 이익을 놓치지 않는다(2)				
QUEST_LV_0500_20230130_002480	Tengo otras cosas que hacer.	다른 일을 해야한다고 한다.				
QUEST_LV_0500_20230130_002481	Aislado	고립무원				
QUEST_LV_0500_20230130_002482	Secreto del Oratorio (1)	기도실의 비밀(1)				
QUEST_LV_0500_20230130_002483	Échale un vistazo.	확인해본다.				
QUEST_LV_0500_20230130_002484	Hacer retroceder.	신경쓰지 않고 돌아간다.				
QUEST_LV_0500_20230130_002485	Secreto del Oratorio (2)	기도실의 비밀(2)				
QUEST_LV_0500_20230130_002486	Habla con Inesa Hamondale, Señor de Orsha	오르샤의 영주 이네사 헤먼데일과 이야기하기				
QUEST_LV_0500_20230130_002487	¿Hay alguna manera de encontrar el rastro del Espectador?{nl}Hablemos con Inesa Hamondale, Señor de Orsha.	주시자의 흔적을 찾을 수 있는 방법이 없을까?{nl}오르샤의 영주 이네사 헤먼데일과 이야기를 해보자.				
QUEST_LV_0500_20230130_002488	Ve a la estatua de Ausrine y reza.	여신 아우슈리네의 상으로 가서 기도하기				
QUEST_LV_0500_20230130_002489	Inesa Hamondale dijo que orar podría dar algunas respuestas.{nl}Vamos a orar ante la estatua de Ausrine.	오르샤의 영주 이네사 헤먼데일은 계시자인 당신에게 기도를 드리면 무언가 답을 해줄지도 모른다고 한다.{nl}여신 아우슈리네의 상으로 가서 기도를 드려보자.				
QUEST_LV_0500_20230130_002490	Habla con la diosa Laima	여신 라이마와 이야기하기				
QUEST_LV_0500_20230130_002491	Orando ante la Estatua de la Diosa en Orsha, Neringa te informa que la Diosa Laima te está buscando.{nl}Hablemos con la Diosa Laima.	오르샤의 여신상에서 기도를 드리니, 네링가가 찾아와 라이마 여신이 찾는다고 한다.{nl}무슨 일인지 여신 라이마와 이야기를 하자.				
QUEST_LV_0500_20230130_002492	Ve a Novaha usando la estatua de la diosa.	여신상으로 가서 노바하로 가기				
QUEST_LV_0500_20230130_002493	La Diosa Laima te dice que vayas a la Estatua de la Diosa y te dirijas a Novaha cuando estés listo.{nl}Prepárate y ve a la estatua en el Santuario de Laima.	여신 라이마는 준비가 되면 여신상으로 가서 노바하로 떠나라고 한다.{nl} 준비를 마치고 라이마의 성소에 있는 여신상으로 가자				
QUEST_LV_0500_20230130_002494	Habla con Edmundas	에드문다스와 대화하기				
QUEST_LV_0500_20230130_002495	La Diosa Laima dice que la pista sobre el paradero del Espectador está en Novaha.{nl}¿Pero alguien le resulta familiar...?	라이마 여신은 노바하에 주시자를 찾을 수 있는 단서가 있다고 한다.{nl}그런데 익숙한 얼굴이 보이는 거 같은데...?				
QUEST_LV_0500_20230130_002496	Derrota a los Vubbes	나타난 부베 처치				
QUEST_LV_0500_20230130_002497	Te has ocupado de todas las emboscadas de Vubbes.{nl}Habla con Edmundas.	습격해온 부베를 모두 처리했다.{nl}에드문다스와 이야기해보자.				
QUEST_LV_0500_20230130_002498	Recoge el helecho rojo	붉은 고사리 채집하기				
QUEST_LV_0500_20230130_002499	Edmundas te contó lo que pasó.{nl}Se dice que se necesita Red Bracken{nl}para hacer una cura para Rose.{nl}Excavemos Red Bracken.	에드문다스에게 그 동안의 이야기를 들었다.{nl}로제를 위한 치료제를 만들기 위해서 붉은 고사리가 필요하다고 한다.{nl}붉은 고사리를 캐자.				
QUEST_LV_0500_20230130_002500	El Red Bracken parece suficiente.{nl}Habla con Edmundas.	필요한 만큼 고사리를 캔 거 같다.{nl}에드문다스에게 말을 걸어보자.				
QUEST_LV_0500_20230130_002501	Recogiendo helecho rojo	붉은 고사리 채집				
QUEST_LV_0500_20230130_002502	Establecer una conversación con Edmundas	에드문다스와 이야기하기				
QUEST_LV_0500_20230130_002503	Tienes todos los Red Brackens utilizados como ingredientes de la medicina.{nl}Habla con Edmundas.	약의 재료인 붉은 고사리를 모두 구했다.{nl}에드문다스와 이야기를 하자.				
QUEST_LV_0500_20230130_002504	Muévete a un lugar seguro	안전한 곳으로 이동하기				
QUEST_LV_0500_20230130_002505	Te dijo que tenemos que ir a un lugar seguro para hacer el medicamento con Red Brackens.{nl}Vayamos a un lugar seguro.	붉은 고사리로 약을 지을 안전한 곳을 가야한다고 한다.{nl}안전한 곳으로 이동하자.				
QUEST_LV_0500_20230130_002506	Edmundas y Rose parecen haber llegado sanos y salvos.{nl}Habla con Edmundas.	에드문다스와 로제가 무사히 도착한 거 같다.{nl}에드문다스에게 말을 걸자.				
QUEST_LV_0500_20230130_002507	Habla con Edmundas que hizo la medicina.	약을 제조한 에드문다스에게 말을 걸어보자.				
QUEST_LV_0500_20230130_002508	Consigue la carne del Violento Pokubu.	포악한 포쿠부를 잡아 고기를 얻기				
QUEST_LV_0500_20230130_002509	Edmunds parece no haber comido nada mientras cuidaba a Rose.{nl}Caza al Pokubu violento en el área de descanso principal y consigue algo de carne para alimentar a Edmunds y Rose.	에드문다스는 로제를 챙기는 동안 정작 자신은 아무것도 못 먹은 모양이다.{nl}본원 휴게소의 포악한 포쿠부를 잡아 에드문다스와 로제에게 먹일 고기를 얻어오자.				
QUEST_LV_0500_20230130_002510	Trajiste algo de carne para alimentar a Edmundas y Rose.{nl}Habla con Edmundas.	에드문다스와 로제를 먹일 고기를 가져왔다.{nl} 에드문다스와 이야기를 하자.				
QUEST_LV_0500_20230130_002511	hablar con rosa	로제와 이야기하기				
QUEST_LV_0500_20230130_002512	Rose parece haber recuperado algo de energía después de tomar alimentos y medicamentos.{nl}Habla con Rose.	로제가 음식과 약을 먹고 어느 정도 기운을 차린 거 같다.{nl}로제와 이야기를 해보자.				
QUEST_LV_0500_20230130_002513	Rose te contó lo que pasó en Novaha antes.{nl}Ella sugirió guiarte hasta donde está el Beholder.	로제는 과거에 노바하에 있었던 일을 이야기해주었다.{nl}자신이 주시자가 있는 곳으로 안내해준다고 한다.				
QUEST_LV_0500_20230130_002514	Rose parece saber dónde está el Espectador.{nl}Hablemos con ella.	로제는 주시자의 위치에 대해서 아는 듯한 모양이다.{nl}좀 더 이야기를 해보자.				
QUEST_LV_0500_20230130_002515	Dirígete a la Capilla Principal	본원 예배당으로 이동하기				
QUEST_LV_0500_20230130_002516	Edmundas desea ir contigo si Rose va.{nl}Ve a la Capilla Principal.	에드문다스는 로제가 가겠다면 자신도 가겠다면서, 따라오기로 했다.{nl}본원 예배당으로 이동하자.				
QUEST_LV_0500_20230130_002517	Edmundas desea ir contigo.{nl}Ve a la Capilla Principal.	에드문다스는 가겠다면 자신도 가겠다면서, 따라가기로 했다.{nl}본원 예배당으로 이동하자.				
QUEST_LV_0500_20230130_002518	Derrota a Vubbas	부바스 처치				
QUEST_LV_0500_20230130_002519	Derrotaste a los Vubbas en la Capilla Principal.{nl}Edmundas parece tener algo que decir como si sintiera algo inusual.{nl}Hablemos con Edmundas.	본원 예배당에서 나타난 부바스를 처치했다.{nl}에드문다스는 심상치 않은 것을 느꼈는지 할 말이 있는 거 같다.{nl}에드문다스와 이야기하자.				
QUEST_LV_0500_20230130_002520	hablar con rosa	로제와 대화하기				
QUEST_LV_0500_20230130_002521	Edmundas se siente incómodo porque su hermana va a la biblioteca.{nl}Hablemos con Rose sobre esto.	에드문다스는 여동생이 서고로 가는 것에 불안함을 느끼고 있다.{nl}로제에게 이것에 대해서 이야기하자.				
QUEST_LV_0500_20230130_002522	Rose está diciendo firmemente que es algo que sólo ella puede hacer.{nl}Cuéntale esto a Edmundas.	로제는 자신만이 할 수 있는 일이라며 단호하게 이야기하고 있다.{nl}에드문다스에게 이것에 대해서 말을 해주자.				
QUEST_LV_0500_20230130_002523	Ir a la biblioteca Novaha	노바하 서고로 가기				
QUEST_LV_0500_20230130_002524	Derrota a los Vubbas y lleva a Edmundas y Rose a la biblioteca Novaha.	부바스를 쓰러뜨리고, 에드문다스와 로제를 데리고, 노바하 서고로 간다.				
QUEST_LV_0500_20230130_002525	Rose parece estar pasando por un momento difícil tan pronto como llega a la Biblioteca Novaha.{nl}¿Está bien?{nl}Hablemos con Rose.	노바하 서고에 도착하자마자 로제는 많이 힘들어하는 거 같다.{nl}괜찮은 걸까?{nl}로제와 이야기를 해보자.				
QUEST_LV_0500_20230130_002526	Rose parece estar enferma.{nl}¿Hay algo que puedas hacer?	로제의 상태가 좋지 않아보인다.{nl}할 수 있는 일이 없을까?				
QUEST_LV_0500_20230130_002527	Derrota a los Vubbe y toma lo que saquearon.	부베를 처치하고, 약탈한 물건들 가져오기				
QUEST_LV_0500_20230130_002528	La salud de Rose parece estar fallando. Miraste a tu alrededor y viste un montón de cosas robadas por los Vubbes.{nl}Revisemos el montón y veamos si hay algo que pueda ayudar a Rose.	로제의 상태가 좋지 않아, 주변을 보니 부베들이 약탈한 물건들이 쌓여있는 것을 보았다.{nl}물건들을 확인해서 로제에게 도움이 될만한 것이 있는지 찾아보자.				
QUEST_LV_0500_20230130_002529	Encontraste algo para alimentar a Rose del botín de Vubbe.{nl}Volvamos con Rose.	부베가 약탈한 물건에서 로제에게 먹일 만한 것들이 발견되었다.{nl}로제에게 돌아가자.				
QUEST_LV_0500_20230130_002530	Consigue algo para Rose del carruaje.	마차 안에서 로제가 먹을 만한 것을 가져오기				
QUEST_LV_0500_20230130_002531	Rose parece haber ganado fuerza después de comer lo que trajiste.{nl}Habla con Rose.	로제가 가져온 것을 먹고 힘이 난 모양이다.{nl}로제와 이야기를 해보자.				
QUEST_LV_0500_20230130_002532	Derrota al emboscado Vubbe.	습격한 부베 처치하기				
QUEST_LV_0500_20230130_002533	Los Vubbes atacaron repentinamente mientras Rose intentaba guiarte.{nl}Derrota a todos los Vubbes.	로제가 안내하려고 하던 중에 갑자기 부베들이 습격했다.{nl}부베들을 모두 처치하자.				
QUEST_LV_0500_20230130_002534	Derrotaste a todos los Vubbe.{nl}Habla con Rose.	부베들을 모두 처치했다.{nl}로제와 이야기를 하자.				
QUEST_LV_0500_20230130_002535	Derrota al emboscado Vubbe.	습격해온 부베 처치				
QUEST_LV_0500_20230130_002536	Derrotaste a las hordas de Vubbe que atacaron a Rose y Edmundas.{nl}Habla con Rose.	로제와 에드문다스를 습격한 부베 무리를 처치했다.{nl}로제에게 말을 걸어보자.				
QUEST_LV_0500_20230130_002537	Investigar el rastro	흔적 조사하기				
QUEST_LV_0500_20230130_002538	Rose dice que podrás descubrir algo siguiendo los rastros en la biblioteca.{nl}Sigue a Rose e investiga	쉬던 로제는 서고에 있는 흔적들을 따라가면 무언가 알 수 있다고 한다.{nl}로제를 따라서 조사를 해보자.				
QUEST_LV_0500_20230130_002539	Comprobar el estado de Rose	로제의 상태를 확인하기				
QUEST_LV_0500_20230130_002540	Hay un guante dentro de una cápsula enorme.{nl}¿Qué es esto?{nl}Hablemos primero con Rose.	흔적을 따라간 곳에는 거대한 캡슐 안에 있는 장갑이 있었다.{nl}이건 뭘까?{nl}우선 로제와 이야기를 해보자.				
QUEST_LV_0500_20230130_002541	Rose parece haber encontrado algo mientras luchabas contra los Vubbes.{nl}Habla con Rose.	로제가 부베들과 싸우는 동안 무언가 발견한 모양이다.{nl}로제와 이야기를 해보자.				
QUEST_LV_0500_20230130_002542	Edmundas parece estar harto de su hermana Rose.{nl}Habla con Edmundas	로제에 대해서 오빠인 에드문다스는 걱정이 이만저만이 아닌 모양이다.{nl}에드문다스와 이야기하자.				
QUEST_LV_0500_20230130_002543	Habla con Florianna de la Asociación Mágica de Orsha.	오르샤의 마법협회 플로아나와 이야기하기				
QUEST_LV_0500_20230130_002544	Es probable que alguien de la Asociación de Magia conozca bien la flauta.{nl}Habla con Florianna de la Asociación de Magia.	피리에 대해서 잘 알 법한 사람은 보통 마법협회 쪽의 사람일 것이다.{nl}마법협회의 플로아나와 이야기를 해보자.				
QUEST_LV_0500_20230130_002545	Habla con Florianna de la Asociación Mágica de Orsha.	오르샤 마법협회의 플로아나와 대화하기				
QUEST_LV_0500_20230130_002546	La Asociación Mágica de Orsha puede que sepa algo sobre la flauta.{nl}Habla con Florianna.	오르샤의 마법협회라면 피리에 대한 정보를 알 수 있을 지도 모른다.{nl}플로아나와 대화를 해보자.				
QUEST_LV_0500_20230130_002547	Ve a buscar al maestro flautista Jogaila en el bosque de Issaugoti.	이사우고티 숲에 있는 파이드파이퍼 마스터 요가일라 찾아가기				
QUEST_LV_0500_20230130_002548	Florianna dice que el maestro flautista podría saber sobre la flauta.{nl}Ve al bosque de Issaugoti y conoce al maestro flautista.	플로아나는 파이드파이퍼 마스터라면 피리에 대해서 자세히 알 수 있다고 말한다.{nl}이사우고티 숲에 있는 파이드파이퍼 마스터를 만나자.				
QUEST_LV_0500_20230130_002549	El maestro flautista te habló de la flauta y te dio una nueva.{nl}Volvamos a la Biblioteca Novaha.	파이드 파이퍼 마스터가 피리에 대한 이야기를 해주고, 새로운 피리를 건네주었다.{nl}노바하 서고로 돌아가자.				
QUEST_LV_0500_20230130_002550	Rose está sufriendo dolor.{nl}Habla con Rose.	로제는 고통에 힘들어하고 있다.{nl}로제와 이야기하자.				
QUEST_LV_0500_20230130_002551	Destruye la cápsula que contiene el Devilglove.	데블 글로브가 들어있는 캡슐 파괴하기				
QUEST_LV_0500_20230130_002552	Rose dice que la mente se aclarará si destruyes la cápsula. {nl}Usa la Melodía de Destrucción que te dio Jogaila.	로제는 캡슐을 파괴하면 정신이 맑아질 거라고 한다.{nl}요가일라가 준 파괴의 곡조를 사용해보자.				
QUEST_LV_0500_20230130_002553	The Beholder y Black Devilglove secuestraron a Rose.{nl}Vamos a perseguirlos.	로제를 주시자와 블랙 데블글로브가 잡아갔다.{nl}그들을 쫓아가자.				
QUEST_LV_0500_20230130_002554	Seguir a Edmundas	에드문다스 쫓아가기				
QUEST_LV_0500_20230130_002555	Edmunds perdió la razón cuando vio que se llevaban a Rose y corrió al confesionario.{nl}Síguelo.	동생인 로제가 잡혀가는 모습을 본 에드문다스는 이성을 잃고, 참회의 기도실로 달려갔다.{nl}그를 뒤쫓아 가자.				
QUEST_LV_0500_20230130_002556	Caza al Vubbe que atacó a Edmundas.	에드문다스를 습격한 부베 처치하기				
QUEST_LV_0500_20230130_002557	Cuando seguiste a Edmundas, estaba siendo atacado por Vubbe.{nl}Caza a Vubbe y sálvalo.	에드문다스를 뒤쫓으니 부베에게 공격당하고 있었다.{nl}부베를 처치하고 그를 구하자.				
QUEST_LV_0500_20230130_002558	Caza al Vubbe atacante	습격한 부베 처치				
QUEST_LV_0500_20230130_002559	Edmundas parece tener el corazón roto.{nl}Hablemos con él.	에드문다스는 낙심한 듯하다.{nl}그에게 말을 걸어보자.				
QUEST_LV_0500_20230130_002560	Buscando a rosa	로제를 찾기				
QUEST_LV_0500_20230130_002561	Edmundas parece haber vuelto a armarse de valor después de escuchar que le echarás una mano.{nl}Busquemos a Rose con este espíritu.	에드문다스에게 힘을 빌려준다고 하니, 에드문다스가 다시 힘을 낸 모양이다.{nl}이 기세로 로제를 찾아보자.				
QUEST_LV_0500_20230130_002562	Debes encontrar una manera de atravesar la pared en el camino.{nl}Habla con Edmundas.	가로막힌 장벽을 해결할 방법을 찾아야 한다.{nl}에드문다스와 이야기를 해보자.				
QUEST_LV_0500_20230130_002563	Edmundas parece haber encontrado algo.{nl}Habla con él.	에드문다스가 무언가를 발견한 모양이다.{nl}그와 이야기를 나눠보자.				
QUEST_LV_0500_20230130_002564	Destruye la piedra del sello en el primer oratorio.	제 1 기도실의 봉인석 파괴하기				
QUEST_LV_0500_20230130_002565	El pergamino que leyó Edmundas indica destruir las dos piedras del sello.{nl}Destruyamos primero la piedra del sello de la izquierda.	에드문다스가 읽은 스크롤에는 두 개의 봉인석을 파괴하라고 한다.{nl}먼저 왼쪽에 있는 봉인석부터 파괴를 하자.				
QUEST_LV_0500_20230130_002566	Destruye la piedra del sello en el primer oratorio.	제1기도실의 봉인석 파괴하기				
QUEST_LV_0500_20230130_002567	Destruiste la piedra del sello de la izquierda.{nl}¿Está bien Edmundas?{nl}Hablemos con él.	왼쪽의 결계석을 파괴하는데 성공했다.{nl}에드문다스는 괜찮은 걸까?{nl}그와 대화를 해보자.				
QUEST_LV_0500_20230130_002568	Destruye la piedra del sello en el segundo oratorio.	제 2 기도실의 봉인석 파괴하기				
QUEST_LV_0500_20230130_002569	Edmundas admite que está superando sus límites, pero te insta a que vayas a destruir la piedra del sello.{nl}Destruyamos la piedra del sello de la derecha.	에드문다스는 힘들지만 어서 가서 봉인석을 파괴하자고 말한다.{nl}오른쪽의 봉인석을 파괴하자.				
QUEST_LV_0500_20230130_002570	Destruye la piedra del sello en el segundo oratorio.	제2기도실의 봉인석 파괴하기				
QUEST_LV_0500_20230130_002571	La piedra del sello está destruida.{nl}Vamos a salvar a Rose más allá de la barrera.	결계가 파괴되었다.{nl}결계 너머에 로제가 있을 테니 이제 로제를 구하러 가보자.				
QUEST_LV_0500_20230130_002572	Habla con Edmundas angustiado.	실의에 빠진 에드문다스와 이야기하기				
QUEST_LV_0500_20230130_002573	Edmundas está de luto por la muerte de Rose...{nl}Hablemos con él.	로제의 죽음에 애통해하는 에드문다스...{nl}그와 이야기를 하자.				
QUEST_LV_0500_20230130_002574	Habla con la Guardia del Señor de Orsha	오르샤의 영주 호위병과 이야기하기				
QUEST_LV_0500_20230130_002575	La Guardia del Señor te busca urgentemente.{nl}Ve a comprobar de qué se trata.	영주 호위병이 나를 급하게 찾는 모양이다.{nl}무슨 일인지 알아보자.				
QUEST_LV_0500_20230130_002576	Habla con Kupole Ruta	큐폴 루타와 이야기하기				
QUEST_LV_0500_20230130_002577	Según el guardia de Orsha, el grito de una niña suena todas las noches alrededor de Novaha.{nl}Parece haber algo mal con la botella de calabaza que la diosa Ausrine dio.{nl}Vayamos al confesionario.	오르샤 경비병의 말로는 노바하 일대에 소녀의 비명 소리가 밤마다 울린다고 한다.{nl}아우슈리네 여신이 준 호리병에서 무언가 문제가 생긴 모양이다.{nl}참회의 기도실로 가자.				
QUEST_LV_0500_20230130_002578	Kupole Ruta también parece tener un recado aquí.{nl}Habla con ella.	큐폴 루타도 이곳에 용무가 있는지 온 모양이다.{nl}그녀와 이야기하자.				
QUEST_LV_0500_20230130_002579	Derrota a Rosa la Miserable	로제 더 미저러블 처치				
QUEST_LV_0500_20230130_002580	Kupole Ruta dice que algo parece estar sucediendo dentro de la botella de calabaza.{nl}	큐폴 루타는 호리병 안에서 무슨 일이 있는 거 같다고 말한다.{nl}				
QUEST_LV_0500_20230130_002581	Le diste felicidad al alma de Rose.{nl}Regresa a Kupole Ruta.	로제의 영혼을 성불시켰다.{nl}큐폴 루타에게 돌아가자.				
QUEST_LV_0500_20230130_002582	Consulta el aviso en el Tablón de Anuncios.	모집판의 공고 확인하기				
QUEST_LV_0500_20230130_002583	Parece que hay algo escrito en el tablón de anuncios.{nl}Comprueba lo que dice.	모집판에 무언가 적혀 있는 거 같다.{nl}내용을 확인해보자.				
QUEST_LV_0500_20230130_002584	Caza al Vubbe en el Instituto Novaha	노바하 본원의 부베 처치하기				
QUEST_LV_0500_20230130_002585	El aviso solicita cazar a los Vubbes.{nl}Ve a cazar a los Vubbe.	공고판에서 부베를 처치하라고 한다.{nl}부베를 처리하도록 하자.				
QUEST_LV_0500_20230130_002586	Informe a la Guardia del Señor de Orsha	오르샤의 영주 경비병에게 보고하기				
QUEST_LV_0500_20230130_002587	Los Vubbes en el Instituto Novaha parecen estar suficientemente limpios.{nl}Informe a la Guardia del Señor de Orsha	노바하 본원의 부베들을 정리한 거 같다.{nl}오르샤의 영주 경비병에게 가서 보고하고 보상을 받자.				
QUEST_LV_0500_20230130_002588	Caza al Vubbe en el Instituto Novaha	노바하 본원의 부베 처치				
QUEST_LV_0500_20230130_002589	Consulte el aviso en el tablón de anuncios de Orsha.	오르샤 공고판에서 내용 읽기				
QUEST_LV_0500_20230130_002590	Parece que hay algo escrito en el tablón de anuncios de Orsha.{nl}Comprueba lo que dice.	오르샤 공고판에 무언가 적혀 있는 듯하다.{nl}내용을 읽어보자				
QUEST_LV_0500_20230130_002591	Consigue los colmillos del Pokubu	포쿠부 송곳니 구하기				
QUEST_LV_0500_20230130_002592	La Asociación Mágica de Orsha está solicitando los colmillos de Pokubu.{nl}Recoge 20 de ellos y entrégaselos a la Asociación Mágica de Orsha.	오르샤 마법 협회에서 포쿠부 송곳니를 구하고 있다고 한다.{nl}20개 정도만 모아서 가져가보도록 하자.				
QUEST_LV_0500_20230130_002593	Ir a la Asociación Mágica de Orsha	오르샤 마법협회 찾아가기				
QUEST_LV_0500_20230130_002594	Parece que hay suficientes colmillos de Pokubu.{nl}Ve a la Asociación Mágica de Orsha.	포쿠부의 송곳니를 적당히 모은 것 같다.{nl}오르샤 마법협회를 찾아가보자.				
QUEST_LV_0500_20230130_002595	Habla con el comerciante codicioso	탐욕스러운 여상인과 이야기하기				
QUEST_LV_0500_20230130_002596	Hay una mujer comerciante parada firmemente donde los Vubbes están prosperando.{nl}Parece estar furiosa.{nl}Pregúntale qué le pasa.	부베가 깔린 이곳에 당당하게 서있는 여상인이 있다.{nl}여상인은 화가 잔뜩 나있는 듯하다.{nl}무슨 일인지 물어보자.				
QUEST_LV_0500_20230130_002597	Recuperar los objetos robados	마차 물품을 되찾아오기				
QUEST_LV_0500_20230130_002598	El comerciante está furioso porque su carruaje ha sido saqueado.{nl}Recupera los artículos y obtén la recompensa.	여상인은 마차를 도둑맞은 것에 화가 나있다.{nl}물건을 되찾고 보수를 받자.				
QUEST_LV_0500_20230130_002599	Recuperaste algunos de los artículos.{nl}Es posible que el comerciante no esté satisfecho, pero se lo daremos de todos modos.	물건을 어느정도 되찾은 거 같다.{nl}여상인이 만족할지는 모르겠지만, 일단 가져다 주자.				
QUEST_LV_0500_20230130_002600	Recuperar los bienes que robaron los Vubbe	부베가 약탈한 물품 되찾아오기				
QUEST_LV_0500_20230130_002601	Habla con la comerciante codiciosa	탐욕스러운 여상인과 대화하기				
QUEST_LV_0500_20230130_002602	Has recuperado los artículos, pero la Comerciante no parece estar contenta.{nl}Habla con la Comerciante.	물건을 되찾아왔지만, 여상인은 탐탁치 않은 모양이다.{nl}여상인과 대화를 해보자.				
QUEST_LV_0500_20230130_002603	Caza al Vubbe y llévate la joya.	부베를 처치해서 보석을 가져오기				
QUEST_LV_0500_20230130_002604	La comerciante desea vengar a los Vubbe llevándose la joya dentro de sus cuerpos y vendiéndolas.	여상인은 부베에게 복수할겸, 부베의 몸 안에 있는 보석을 가져와 팔 생각을 하고 있다.{nl}부베를 첯해서 보석을 가져오자				
QUEST_LV_0500_20230130_002605	Has recogido la joya de Vubbe.{nl}Dásela a la comerciante.	부베의 보석을 모았다.{nl}여상인에게 가져다 주자.				
QUEST_LV_0500_20230130_002606	Recoge el fragmento de joya de Vubbes.	부베가 지니고 있는 보석 파편 획득				
QUEST_LV_0500_20230130_002607	Habla con el erudito aislado	고립된 학자와 이야기하기				
QUEST_LV_0500_20230130_002608	Hay alguien temblando de miedo en la Biblioteca Novaha.{nl}Pregunta qué pasa.	노바하 서고에서 두려움에 떨고 있는 사람이 있다.{nl}무슨 일인지 대화를 해보자.				
QUEST_LV_0500_20230130_002609	Deshazte del Vubbe	부베 처리하기				
QUEST_LV_0500_20230130_002610	El erudito no pudo regresar a Orsha debido al Vubbe.{nl}Caza al Vubbe y guía al erudito al Instituto Novaha.	학자는 부베들 때문에 오르샤로 돌아가지 못하고 있다고 한다.{nl}부베를 처치하고, 노바하 본원으로 가는 곳으로 안내하자.				
QUEST_LV_0500_20230130_002611	Guía de la entrada del Instituto Novaha	노바하 본원 입구로 안내하기				
QUEST_LV_0500_20230130_002612	Te deshiciste del Vubbe. Llevemos al erudito sano y salvo al instituto.	부베들을 처리했다. 이제 안전하게 데려다 주자.				
QUEST_LV_0500_20230130_002613	Lee el libro caído	떨어진 책 읽기				
QUEST_LV_0500_20230130_002614	Hay un libro que no notaste cuando estuviste aquí con Edmundas.	에드문다스와 지나갔을 떄는 보이지 않던 책이 놓여져 있다.				
QUEST_LV_0500_20230130_002615	Leámoslo.	책을 읽어보도록 하자.				
QUEST_LV_0500_20230130_002616	leer otro libro	다른 책을 읽어보기				
QUEST_LV_0500_20230130_002617	El contenido del libro parece extraño.{nl}Leamos los otros libros que te rodean.	책의 내용이 심상치 않다.{nl}주변에 떨어져 있는 다른 책을 읽어보자.				
QUEST_LV_0500_20230130_002618	Leer otro libro más	또 다른 책 찾기				
QUEST_LV_0500_20230130_002619	El libro era un diario de experimentos sobre el experimento realizado con los residentes de Novaha.{nl}Busquemos más evidencia.	책의 내용은 노바하 주민들을 실험하는 내용이 담긴 실험 일지였다.{nl}또 다른 단서를 찾아보자.				
QUEST_LV_0500_20230130_002620	Dile a la Guardia del Señor de Orsha	오르샤의 영주 호위병에게 알리기				
QUEST_LV_0500_20230130_002621	Has leído el diario del experimento.{nl}Informa a la Guardia del Señor de Orsha sobre esto.	실험일지의 내용을 모두 보았다.{nl}오르샤의 영주 호위병에게 이 사실을 알리자				
QUEST_LV_0500_20230308_002622	Tu fama se puede escuchar incluso en las zonas rurales.	계시자님의 명성은 변방에도 들릴 정도로 유명해요.				[신극 마스터] 단 아
QUEST_LV_0500_20230308_002623	¿Estás interesado en el manejo de la lanza, Salvador?{nl}¿Quizás desees aprender algunas de mis habilidades?	계시자님은 창에 대해서 관심이 있으신가요?{nl}관심이 있으시면 저의 기술을 배워보시겠나요?				[신극 마스터] 단 아
QUEST_LV_0500_20230308_002624	Veo que, después de todo, estás a la altura de tu fama...	계시자님의 명성은 거짓이 아니군요...				[신극 마스터] 단 아
QUEST_LV_0500_20230308_002625	Aunque yo también estoy lejos de ser perfecto, te enseñaré mis habilidades.	미흡한 실력이지만 제 기술을 알려드리겠습니다.				[신극 마스터] 단 아
QUEST_LV_0500_20230308_002626	Ahora que has aprendido el arte de Shenji, ¿qué tal si consigues algo de ropa para demostrar de qué eres digno?	신극의 기술을 익히셨으니, 신극의 자격을 증명하는 옷도 필요하시지 않은가요?				[신극 마스터] 단 아
QUEST_LV_0500_20230308_002627	Buen trabajo.	고생하셨습니다.				[신극 마스터] 단 아
QUEST_LV_0500_20230308_002628	Disculpe que dude de usted y le dé tareas para demostrar su valía.	잠시나마 계시자님의 실력을 의심해 과제를 드린 것을 사죄드립니다,				[신극 마스터] 단 아
QUEST_LV_0500_20230308_002629	Rezaré por tu suerte en las batallas, un nuevo Shenji.	신극되신 계시자님의 무운을 빌게요.				[신극 마스터] 단 아
QUEST_LV_0500_20230308_002630	De hecho, está en el bosque Issaugoti, que no está lejos de aquí. Deberías ir a verlo.	파이드 파이터 마스터님은 오르샤에서 머지 않은 이사우고티 숲에 잠시 와 계시니, 가서 만나보시기 바랍니다.				플로아나
QUEST_LV_0500_20230308_002631	[Shenji] Dios de la lanza	[신극] 창의 달인				
QUEST_LV_0500_20230308_002632	Tengo asuntos más urgentes que atender.	다른 일이 더 급하다고 한다.				
QUEST_LV_0500_20230308_002633	[Shenji] Lanza inexpugnable	[신극] 부러지지 않는 창				
QUEST_LV_0500_20230308_002634	No creo que sea necesario.	필요가 없다고 한다.				
QUEST_LV_0500_20230308_002635	Habla con el Maestro Shenji Dana	신극 마스터 단 아와 대화하기				
QUEST_LV_0500_20230308_002636	Dana está interesada en conocer tu reputación.{nl}Si quieres saber sobre Shenji, habla con Dana.	단아는 당신의 명성을 듣고 흥미를 보이고 있습니다.{nl}신극에 대해서 알고 싶다면 단아와 이야기를 하세요.				
QUEST_LV_0500_20230308_002637	Completa la tarea que te dio el Maestro Shenji Dana.	신극 마스터 단 아가 준 일을 해결하기				
QUEST_LV_0500_20230308_002638	Maestro Shenji Dana te dio una tarea.{nl}Resuelve la tarea y demuestra tu capacidad.	신극 마스터 단 아는 당신에게 과제를 주었습니다.{nl}과제를 해결해서 자신의 능력을 증명하셍.				
QUEST_LV_0500_20230308_002639	Completaste la solicitud de Dana.{nl}Ve con Dana y muéstrale que eres lo suficientemente digno para convertirte en Shenji.	단 아가 준 일을 해결했다.{nl}단 아에게 가서 신극의 자격을 인정받으세요.				
QUEST_LV_0500_20230308_002640	Habla con el Maestro Shenji Dana	신극 마스터 단 아와 이야기하기				
QUEST_LV_0500_20230308_002641	Dana dice que tiene algo que contarte, un nuevo Shenji. {nl}Habla con Dana.	단 아는 신극이 된 당신에게 무언가 전해줄 게 있다고 한다.{nl}단 아와 이야기를 하자.				
QUEST_LV_0500_20230308_002642	Completa la tarea que te dio el Maestro Shenji Dana.	신극 마스터 단 아 준 과제를 해결하기				
QUEST_LV_0500_20230308_002643	La Maestra Shenji Dana te dio la tarea de entrenarte.{nl}Resuelve la tarea para demostrar tu valía y recibe el disfraz que demuestra que eres digno de ser un Shenji.	단 아는 신극으로서 단련할 과제를 주었다.{nl}자격을 증명받고, 신극의 자격을 보여주는 옷을 받자.				
QUEST_LV_0500_20230308_002644	Completaste la tarea de Dana.{nl}Vuelve con Dana y habla con ella.	단 아가 준 과제를 완료했다.{nl}단 아에게 돌아가 이야기하자.				
QUEST_LV_0500_20230703_002645	[Maestro ingeniero] Margaret Ineija	[엔지니어 마스터]마가렛 이네자				
QUEST_LV_0500_20230703_002646	¡Revelador! ¡Aquí está!	계시자! 여기야. 여기!				[엔지니어 마스터]마가렛 이네자
QUEST_LV_0500_20230703_002647	Escuché que eres el mismísimo 'Revelador'.	네가 그 유명한 계시자라고 들었어.				[엔지니어 마스터]마가렛 이네자
QUEST_LV_0500_20230703_002648	Vayamos directo al grano...{nl}¿Estás interesado en la ingeniería?{nl}Si es así, puedo enseñarte algunas habilidades...	바로 본론부터 이야기하자면...{nl}너 공학에 관심없어?{nl}관심이 있다면 내가 공학기술을 가르쳐줄 수 있는데...				[엔지니어 마스터]마가렛 이네자
QUEST_LV_0500_20230703_002649	¡Pero no gratis!{nl}Tendrás que completar algunas tareas que te doy.	그냥은 안돼!{nl}내가 낸 과제를 처리해야해!				[엔지니어 마스터]마가렛 이네자
QUEST_LV_0500_20230703_002650	Completaste todas las tareas que te di...	내가 내준 과제를 전부 해결하다니...				[엔지니어 마스터]마가렛 이네자
QUEST_LV_0500_20230703_002651	¡Tal como pensaba!{nl}¡Podrías aprender las habilidades de un ingeniero de inmediato!	역시 대단해!{nl}엔지니어의 기술을 당장 배워도 되겠는데?				[엔지니어 마스터]마가렛 이네자
QUEST_LV_0500_20230703_002652	[Ingeniero] Creación propia	[엔지니어]창작은 자기 손으로				
QUEST_LV_0500_20230703_002653	Dile que eso no es lo tuyo.	그런 취미가 없다고 한다.				
QUEST_LV_0500_20230703_002654	Habla con el maestro ingeniero en Orsha	오르샤의 엔지니어 마스터와 이야기하기				
QUEST_LV_0500_20230703_002655	El Ingeniero Maestro le pregunta si le gustaría comenzar el viaje de la ingeniería.{nl}Hable con el Ingeniero Maestro Margaret Ineija si está interesado.	엔지니어 마스터가 당신에게 공학의 길을 걸어보겠냐고 물어봅니다.{nl}관심이 있다면 엔지니어 마스터 마가렛 이네자를 만나보세요.				
QUEST_LV_0500_20230703_002656	Margaret Ineija se propone ayudarte a convertirte en ingeniero.	마가렛 이네자는 당신이 엔지니어가 되기 위한 과제를 내줍니다.				
QUEST_LV_0500_20230703_002657	Completaste todas las tareas de Margaret Ineija.{nl}Regresa con el Ingeniero Maestro y demuestra que estás calificado.	마가렛 이네자가 내준 과제를 모두 해결했습니다.{nl}엔지니어 마스터에게 돌아가 자격을 획득하세요.				
QUEST_LV_0500_20230904_002658	Estás aquí...	오셨군요...				라이마
QUEST_LV_0500_20230904_002659	Sabemos lo que pasó.	무슨 일이 있었는지는 잘 알고 있습니다.				네링가
QUEST_LV_0500_20230904_002660	Mi maestra Laima está buscando al Revelador.	저의 주인이신 라이마님께서 계시자님을 찾고 계십니다.				네링가
QUEST_LV_0500_20230904_002661	Beholder finalmente se prepara para liberar a su otro yo y regresar como el Dios Demonio.	주시자는 결국 자신의 반신을 해방시키고, 마신으로서 돌아갈 준비를 하고 있습니다.				라이마
QUEST_LV_0500_20230904_002662	Una de nuestras hermanas te ayudará.{nl}Juntas, debéis detener al Espectador....	저의 자매 중 한명이 당신을 도와드릴 겁니다.{nl}함께 힘을 합쳐서 주시자를 막으셔야 합니다....				라이마
QUEST_LV_0500_20230904_002663	Esto está prohibido a partir de ahora.	이 앞으로는 출입 금지입니다.				니코폴리스 경비병
QUEST_LV_0500_20230904_002664	¿Eres el Revelador?	계시자님이시라고요?				니코폴리스 경비병
QUEST_LV_0500_20230904_002665	Oh, Diosa mía... Lo que nos espera ahora es territorio demoníaco.	맙소사... 지금 이 앞은 마족의 영역이 되었습니다.				니코폴리스 경비병
QUEST_LV_0500_20230904_002666	El Maestro Owynia y yo pusimos una barrera protectora para que los demonios ya no puedan salir de aquí, pero...	오위니아님과 함께 결계를 쳐서 마족들이 더 이상 이곳으로 못 나오게 했습니다만....				니코폴리스 경비병
QUEST_LV_0500_20230904_002667	No podemos hacer nada al respecto por nuestra cuenta, así que nos hemos puesto en contacto con Orsha en busca de ayuda, pero parece que se va a desmoronar en cualquier momento.	저희만으로는 어떻게 해결할 수 없어서 오르샤에 지원 요청을 했지만, 결계가 금방이라도 무너질 거 같습니다.				니코폴리스 경비병
QUEST_LV_0500_20230904_002668	Revelador, por favor ayuda...	계시자님 도와주십시오....				니코폴리스 경비병
QUEST_LV_0500_20230904_002669	Este lugar ya es el dominio de Beholder, o más bien de Slogutis, con su magia.{nl}Al igual que la Prisión Demoníaca de Vakarine...	이 곳은 이미 주시자, 아니 슬로거티스의 마력으로 그의 영역이 되었지.{nl}마치 바카리네의 마족수감소처럼 말이지...				여신 아우슈리네
QUEST_LV_0500_20230904_002670	Es peligroso para usted, un ser humano, entrar en estos lugares.	인간인 네가 이러한 곳을 함부로 움직이는 것은 위험하다.				여신 아우슈리네
QUEST_LV_0500_20230904_002671	Tomaré la iniciativa y me desharé de lo que está más allá de tu poder.	내가 먼저 앞장서서 그대의 힘으로는 해결할 수 없는 것을 없애주도록 하겠다.				여신 아우슈리네
QUEST_LV_0500_20230904_002672	¿Seguramente puedes manejar tanto como esos demonios por tu cuenta?	아까 나온 마족들 정도는 해치울 수 있겠지?				여신 아우슈리네
QUEST_LV_0500_20230904_002673	Estás aquí.	왔구나.				여신 아우슈리네
QUEST_LV_0500_20230904_002674	Quité la mayoría de los cristales encantados de Slogutis mientras venías.	네가 오는 동안 슬로거티스의 마력이 담긴 수정을 대부분 제거했다.				여신 아우슈리네
QUEST_LV_0500_20230904_002675	Pero me llevará un tiempo estar solo.	하지만 나 혼자만으로는 시간이 걸릴 거 같구나.				여신 아우슈리네
QUEST_LV_0500_20230904_002676	No queremos depender de la mano humana, pero...	인간의 힘을 빌리고 싶지는 않지만...				여신 아우슈리네
QUEST_LV_0500_20230904_002677	Revelador, ¿puedes ayudarme, porque te prestaré mi fuerza?	계시자, 내가 힘을 빌려줄 테니 나를 도울 수 있겠느냐?				여신 아우슈리네
QUEST_LV_0500_20230904_002678	Bien.{nl}Esto contiene mi poder dentro.	좋아.{nl}이것은 나의 힘이 담긴 것이다.				여신 아우슈리네
QUEST_LV_0500_20230904_002679	Úselo para eliminar el cristal de Slogutis cercano.	이것을 사용해서 근처에 있는 슬로거티스의 수정을 제거해라.				여신 아우슈리네
QUEST_LV_0500_20230904_002680	Veamos si podemos encontrar otro Cristal Negro de Slogutis.	또 다른 슬로거티스의 검은 수정이 있는지 찾아보자.				None
QUEST_LV_0500_20230904_002681	Ahora que nos hemos ocupado del ataque de Papillon, volvamos a buscar el Cristal Negro.	빠삐용들의 습격을 처리했으니, 다시 검은 수정을 찾아보자.				None
QUEST_LV_0500_20230904_002682	Revelador, antes de ir a Slogutis, ¿no te preguntas por qué han aparecido los Dioses Demonio y por qué no confío en los humanos?	계시자, 슬로거티스를 치러 가기 전에 왜 마신들이 등장했는지, 그리고 내가 왜 인간을 못 믿는지 궁금하지 않느냐?				여신 아우슈리네
QUEST_LV_0500_20230904_002683	¿Por qué no tomas un respiro y escuchas mi historia?	잠시 숨을 돌릴 겸 이야기를 들어보지 않겠느냐?				여신 아우슈리네
QUEST_LV_0500_20230904_002684	Ahora vamos a ir a la fortaleza de Slogutis.	이제 슬로거티스의 본거지로 갈 것이다.				여신 아우슈리네
QUEST_LV_0500_20230904_002685	¿Estás listo?	준비는 되었느냐?				여신 아우슈리네
QUEST_LV_0500_20230904_002686	Slogutis está ganando poder más rápido de lo que esperaba.	내 예상보다 빠르게 슬로거티스의 힘이 커지고 있어.				여신 아우슈리네
QUEST_LV_0500_20230904_002687	Supongo que tendré que usar la Melodía de la Destrucción que llevé conmigo el otro día...	예전에 내가 가져갔던 파괴의 곡조를 써야할 거 같군...				여신 아우슈리네
QUEST_LV_0500_20230904_002688	Ve con el Maestro Flautista, el que la creó, y haz que repare y mejore aún más el poder de esta Melodía.	이것을 만든 장본인인 파이드 파이퍼 마스터에게 가서 이 곡조의 힘을 수리하고 더욱 강화하도록 해라.				여신 아우슈리네
QUEST_LV_0500_20230904_002689	Él está en la Biblioteca Novaha en este momento,{nl}así que intentaré encontrar la fuente de esa magia mientras tú vas con el Maestro Flautista.	그는 지금 노바하 서고에 있다고 하니{nl}네가 파이드 파이퍼 마스터에게 가는 동안 저 마력의 근원지를 찾아보겠다.				여신 아우슈리네
QUEST_LV_0500_20230904_002690	¿Es eso así?	그렇게 되었습니까?				파이드 파이퍼 마스터
QUEST_LV_0500_20230904_002691	El Dios Demonio ha despertado nuevamente y ahora está a un paso, tal vez a medio paso, de la resurrección total, ¿estoy en lo cierto?	마신은 다시 깨어났고, 이제 완전한 부활까지는 한 걸음, 아니 반 걸음 정도 남은 상태라는 말씀이지요?				파이드 파이퍼 마스터
QUEST_LV_0500_20230904_002692	Y esa Melodía de Destrucción originalmente estaba destinada a usarse una vez y luego quedarse sin energía y desaparecer...	그리고 그 파괴의 곡조는 원래 한 번 쓰면 기운이 다 하여 없어지도록 해두었는데...				파이드 파이퍼 마스터
QUEST_LV_0500_20230904_002693	Como pensaba, el poder de la Diosa Ausrine todavía estaba ahí.	역시 여신 아우슈리네 님의 권능은 전혀 사라짐이 없이 그대로이셨군요.				파이드 파이퍼 마스터
QUEST_LV_0500_20230904_002694	Si tan solo la diosa hubiera mirado un poco el mundo humano...	그렇다면 인간 세상을 좀 더 편하게 해주셨으면 좋았을 것을...				파이드 파이퍼 마스터
QUEST_LV_0500_20230904_002695	Ah, no es nada. De todos modos, esta Melodía de Destrucción sólo necesita ser... bueno, reparada. Es sencillo.	아, 아닙니다. 어쨌든, 이 파괴의 곡조를 ... 그냥, 수리만 하면 되는 거라면 간단합니다.				파이드 파이퍼 마스터
QUEST_LV_0500_20230904_002696	Aquí tienes. Tómalo.	여기 있습니다. 가져 가시죠.				파이드 파이퍼 마스터
QUEST_LV_0500_20230904_002697	Soy un vagabundo y quedarme aquí mucho tiempo no servirá de nada.	그리고 저는 방랑자임으로 이곳에 오래 있는 것은 좋지 않습니다.				파이드 파이퍼 마스터
QUEST_LV_0500_20230904_002698	Nos volveremos a encontrar si el destino nos lleva, Revelador...	계시자님 인연이 있다면 또 만나겠지요...				파이드 파이퍼 마스터
QUEST_LV_0500_20230904_002699	Has vuelto.	돌아왔구나.				여신 아우슈리네
QUEST_LV_0500_20230904_002700	Ahora puedes quitar la estatua de piedra de Slogutis en dos lugares para destruir la barrera de Slogutis.	이제 두 곳에 있는 슬로거티스의 석상을 제거하면 슬로거티스의 결계를 파괴할 수 있다.				여신 아우슈리네
QUEST_LV_0500_20230904_002701	Quitar las estatuas de piedra es una tarea sencilla. Si no puedes hacer eso, ¿eres siquiera capaz de derrotar a Slogutis?	석상을 제거하는 일은 간단한 일이지만, 이런 일조차 해결하지 못한다면  과연 슬로거티스를 쓰러뜨릴 수 있을까?				여신 아우슈리네
QUEST_LV_0500_20230904_002702	La llamada de Laima	라이마의 부름				
QUEST_LV_0500_20230904_002703	Voy a ir.	가겠다고 한다.				
QUEST_LV_0500_20230904_002704	Necesito más tiempo para prepararme.	아직 준비가 필요하다고 한다.				
QUEST_LV_0500_20230904_002705	Energía oscura espesa	짙은 어둠의 기운				
QUEST_LV_0500_20230904_002706	Preparémonos más.	준비를 더하고 오자.				
QUEST_LV_0500_20230904_002707	Destruye el cristal del dios demonio (1)	마신의 수정 파괴(1)				
QUEST_LV_0500_20230904_002708	Necesito preparar algo.	잠깐 준비할 게 있다고 한다.				
QUEST_LV_0500_20230904_002709	En busca de otro cristal	또 다른 수정을 찾아서				
QUEST_LV_0500_20230904_002710	Destruye el cristal del dios demonio (2): EP15_2_D_NICOPOLIS_1_MQ_6	마신의 수정 파괴(2) : EP15_2_D_NICOPOLIS_1_MQ_6				
QUEST_LV_0500_20230904_002711	Destruye el cristal del dios demonio (2)	마신의 수정 파괴(2)				
QUEST_LV_0500_20230904_002712	El cuento de Ausrina	아우슈리네의 이야기				
QUEST_LV_0500_20230904_002713	Tómate un descanso para escuchar la historia.	잠시 쉬며 이야기를 듣는다고 한다.				
QUEST_LV_0500_20230904_002714	Barrera oscura	검은 결계				
QUEST_LV_0500_20230904_002715	Al maestro flautista	파이드 파이퍼 마스터에게로				
QUEST_LV_0500_20230904_002716	Voy a hacer otra cosa por un tiempo.	잠시 다른 일을 한다고 한다.				
QUEST_LV_0500_20230904_002717	Quitar barrera (1)	결계 제거(1)				
QUEST_LV_0500_20230904_002718	Volveré después de destruir la estatua de piedra.	석상을 파괴하고 오겠다고 한다.				
QUEST_LV_0500_20230904_002719	Pide ayuda.	도와달라고 요청한다.				
QUEST_LV_0500_20230904_002720	Quitar barrera (2)	결계 제거(2)				
QUEST_LV_0500_20230904_002721	Final	긴 싸움의 끝				
QUEST_LV_0500_20230904_002722	Habla con Neringa en Orsha	오르샤에서 네링가와 이야기하기				
QUEST_LV_0500_20230904_002723	¿A dónde fue el Espectador después de la muerte de Rose?{nl}Habla con Neringa en Orsha.	로제의 죽음 이후, 주시자는 어디로 간 것일까?{nl}오르샤에서 네링가와 만나서 이야기를 해보자.				
QUEST_LV_0500_20230904_002724	Habla con la Diosa Laima en el Santuario de Laima	라이마의 성소에서 라이마 여신과 이야기하기				
QUEST_LV_0500_20230904_002725	Neringa te envió al Santuario de Laima y te dijo que fueras con la diosa Laima.{nl}Ve con la Diosa Laima.	네링가는 라이마 여신에게 가보라고 하며 라이마의 성소로 보내주었다.{nl}라이마 여신에게 가보도록 하자.				
QUEST_LV_0500_20230904_002726	Encuentra a la diosa hermana de Laima	라이마의 자매 여신을 찾기				
QUEST_LV_0500_20230904_002727	La Diosa Laima dijo que el Despertar del Espectador está cerca y que sus diosas hermanas estarían donde estaba el Espectador.{nl}Busque a la Diosa hermana de Laima.	라이마 여신은 주시자의 각성이 머지 않았다고 하며, 주시자가 있는 곳에 자신의 자매 여신이 도와줄 것이라고 이야기했다.{nl}라이마의 자매 여신을 찾아보자.				
QUEST_LV_0500_20230904_002728	Habla con la Guardia de Nicópolis	니코폴리스 경비병과 이야기하기				
QUEST_LV_0500_20230904_002729	La Diosa Laima te transportó a Starry Town, diciendo que su hermana te ayudaría.{nl}Starry Town es un desastre... ¿Qué está pasando?	라이마 여신은 자신의 자매가 도와준다고 말을 하며, 스타리 타운으로 워프시켜줬다.{nl}스타리 타운이 어수선한데... 무슨 일이 있는걸까?				
QUEST_LV_0500_20230904_002730	Ir al laboratorio secreto	비밀실험실로 이동하기				
QUEST_LV_0500_20230904_002731	Nicópolis ha caído en manos de Beholder y el caos reina a su alrededor.{nl}Vayamos al Laboratorio Secreto donde se esconde Beholder.	니코폴리스 일대가 주시자의 손아귀에 넘어가 주변이 혼란스러운 상태다.{nl}주시자가 숨어있느 비밀실험실로 이동하자.				
QUEST_LV_0500_20230904_002732	Habla con Ausrine	아우슈리네와 이야기하기				
QUEST_LV_0500_20230904_002733	Te encontraste con la Diosa Ausrine en el Laboratorio Secreto.{nl}Habla con Ausrine.	비밀실험실에서 아우슈리네 여신을 만났다.{nl}아우슈리네와 이야기를 해보자.				
QUEST_LV_0500_20230904_002734	Habla con la diosa Ausrine	여신 아우슈리네와 이야기하기				
QUEST_LV_0500_20230904_002735	En el Laboratorio Secreto, conociste a la Diosa Ausrine, de quien te habló Laima.{nl}Habla con la Diosa Ausrine.	비밀실험실에서 라이마가 말한 여신 아우슈리네를 만났다.{nl}여신 아우슈리네와 이야기해보자.				
QUEST_LV_0500_20230904_002736	Caza al Papillon y conoce a la Diosa Ausrine	빠삐용 처치 후 여신 아우슈리네와 합류하기				
QUEST_LV_0500_20230904_002737	La Diosa Ausrine dijo que eliminará los peligros en el Laboratorio Secreto.{nl}Caza 10 monstruos Papillon y únete a ella.	아우슈리네 여신이 비밀실험실 안의 위험요소를 제거해준다고 한다.{nl}빠삐용 몬스터 10마리를 제거하고 합류하자.				
QUEST_LV_0500_20230904_002738	Eliminaste a los Papillons.{nl}Ve al lugar que te dijo la Diosa Ausrine.	빠삐용 몬스터를 어느 정도 제거했다.{nl}아우슈리네 여신이 알려준 장소로 이동하자.				
QUEST_LV_0500_20230904_002739	cazar el papillón	빠삐용 몬스터 처치				
QUEST_LV_0500_20230904_002740	La Diosa Ausrine te dice que ha descubierto algo.{nl}Habla con la Diosa Ausrine.	아우슈리네 여신은 무언가 발견한 것을 당신에게 알려주고 한다.{nl}아우슈리네 여신과 이야기를 하자.				
QUEST_LV_0500_20230904_002741	Destruye el cristal del dios demonio	마신의 수정 파괴하기				
QUEST_LV_0500_20230904_002742	Con la bendición de la Diosa Ausrine, encuentra y destruye el Cristal del Dios Demonio.	아우슈리네 여신이 준 축복으로 마신의 수정을 찾아서 파괴하자.				
QUEST_LV_0500_20230904_002743	Con la bendición de la Diosa Ausrine, encuentra y destruye el Cristal del Dios Demonio.	아우슈리네 여신이 준 축복으로 마신의 수정을 찾아서 파괴하자				
QUEST_LV_0500_20230904_002744	Encuentra otro cristal negro	또 다른 검은 수정 찾기				
QUEST_LV_0500_20230904_002745	Con el poder de la bendición de la Diosa Ausrine, el Cristal Negro fue eliminado. {nl} Puede que haya otros Cristales por ahí, así que busquémoslos.	아우슈리네 여신이 준 축복의 힘으로 검은 수정을 제거했다.{nl}다른 수정이 있을 수도 있으니 찾아보도록 하자.				
QUEST_LV_0500_20230904_002746	Aparentemente, la horda Papillon es lo suficientemente poderosa como para engañar a la Bendición de la Diosa.{nl}Procedamos con precaución.	빠삐용 무리가 여신의 축복을 속일 정도의 힘을 가지고 있는 모양이다.{nl}조심해서 탐색을 진행하자.				
QUEST_LV_0500_20230904_002747	Destruye el cristal negro	검은 수정 파괴하기				
QUEST_LV_0500_20230904_002748	Mientras te diriges directamente al portal al abrirlo, la Diosa Ausrine parece tener algo que decir.	포탈이 열려서 곧장 포탈로 가려고 했지만, 아우슈리네 여신이 무언가 할 이야기가 있는 거 같다.				
QUEST_LV_0500_20230904_002749	A la diosa Ausrine le gustaría hablar contigo.{nl}Habla con ella.	아우슈리네 여신은 당신과 이야기를 나누려고 한다.{nl}이야기를 나눠보자.				
QUEST_LV_0500_20230904_002750	Habla con la diosa Ausrine	아우슈리네 여신과 대화하기				
QUEST_LV_0500_20230904_002751	Has oído la historia de la Diosa Ausrine.{nl}Vamos a enfrentarnos a Slogutis.	아우슈리네 여신의 이야기를 모두 들었다.{nl}이제 슬로거티스를 처리하러 가자.				
QUEST_LV_0500_20230904_002752	Ir a viviendas demoniacas	마신의 처소로 이동하기				
QUEST_LV_0500_20230904_002753	Entra en viviendas demoníacas	마신의 처소로 들어가기				
QUEST_LV_0500_20230904_002754	Mientras lidiabas con los Upinis, la Diosa Ausrine se dirigió a las Viviendas Demoníacas.{nl}Ve a las Viviendas Demoníacas.	우피니스에게 가로막힌 사이에 아우슈리네 여신은 마신의 처소로 향했다.{nl}마신의 처소로 향하자.				
QUEST_LV_0500_20230904_002755	La primera en llegar, la Diosa Ausrine, parece preocupada.{nl}Habla con la Diosa Ausrine.	먼저 도착해있던 아우슈리네 여신은 고민에 빠진 듯하다.{nl}아우슈리네 여신과 이야기를 하자.				
QUEST_LV_0500_20230904_002756	Habla con la diosa Ausrine	여신 아우슈리네와 대화하기				
QUEST_LV_0500_20230904_002757	Habla con el maestro flautista	파이드 파이퍼 마스터와 대화하기				
QUEST_LV_0500_20230904_002758	La Diosa Ausrine te dice que vayas con Maestro Flautista para arreglar la Melodía de la Destrucción.	아우슈리네 여신은 파이드 파이퍼 마스터에게 가서 파괴의 곡조를 고쳐오라고 한다.				
QUEST_LV_0500_20230904_002759	Habla con el maestro flautista de la biblioteca Novaha.	노바하 서고에 있는 파이드 파이퍼 마스터를 만나서 대화하자.				
QUEST_LV_0500_20230904_002760	El maestro flautista sabía que estarías aquí.	파이드 파이퍼 마스터는 당신이 이곳에 올 것을 알고 있었다.				
QUEST_LV_0500_20230904_002761	Habla con el maestro flautista.	파이드 파이퍼 마스터와 대화를 하자.				
QUEST_LV_0500_20230904_002762	Melody of Destruction ha sido reparada por el maestro flautista.{nl}Habla con la diosa Ausrine.	파이드 파이퍼 마스터로부터 파괴의 곡조를 수리받았다.{nl}아우슈리네 여신과 대화하자.				
QUEST_LV_0500_20230904_002763	Destruye la estatua de piedra de Slogutis	슬로거티스의 석상을 파괴하기				
QUEST_LV_0500_20230904_002764	La Diosa Ausrine te dijo que destruyeras 2 estatuas de piedra de Slogutis.{nl}Después de destruir la estatua de piedra, regresa con la Diosa Ausrine.	아우슈리네 여신은 슬로거티스의 석상 2개를 파괴하라고 당신에게 말했습니다.{nl}석상을 파괴한 후 아우슈리네 여신에게 돌아가세요.				
QUEST_LV_0500_20230904_002765	Derrota a la estatua de piedra de Slogutis.	슬로거티스의 석상 처치				
QUEST_LV_0500_20230904_002766	Derrota a Masma	마스마 처치				
QUEST_LV_0500_20230904_002767	Derrota a la estatua oscura	다크 스태츄 처치				
QUEST_LV_0500_20230904_002768	Eliminaste 2 estatuas de piedra de Slogutis.	슬로거티스의 석상 2개를 제거했다.				
QUEST_LV_0500_20230904_002769	Vuelve con la Diosa Ausrine y cuéntale esto.	아우슈리네 여신에게로 돌아가서 이 사실을 알리자.				
QUEST_LV_0500_20230904_002770	Derrota a Slogutis	슬로거티스 처치하기				
QUEST_LV_0500_20230904_002771	Slogutis pronto despertará.{nl}Derrótalo.	슬로거티스의 각성이 멀지 않았다.{nl}그를 쓰러뜨리자.				
QUEST_LV_0500_20230904_002772	Derrota a Slogutis	슬로거티스 처치				
QUEST_LV_0500_20230904_002773	Prepárese para la próxima amenaza	다음 위협에 대비하기				
QUEST_LV_0500_20230904_002774	El Espectador se ha ido, pero el caos parece continuar.{nl}Prepárate para la próxima batalla.	주시자는 사라졌지만, 아직 혼란은 끝나지 않은 거 같다.{nl}다음 싸움을 준비하자.				
QUEST_LV_0500_20230904_002775	Derrotaste al Espectador, o Dios Demonio Slogutis, que había estado plagando a Orsha y el reino.{nl}Dile esto a Inesa Hamondale, el Señor de Orsha.	오르샤와 왕국을 괴롭혔던 주시자, 아니 마신 슬로거티스를 처치했다.{nl}이 사실을 오르샤의 영주 이네샤 헤먼데일에게 전하자.				
QUEST_LV_0500_20240205_002776	Ahora que Slogutis, el recolector de todas las cosas impías y malvadas de este mundo, se ha ido, debo...	이제 이 세상에 존재하는 불경하고 사악한 것들을 모으던 슬로거티스까지 사라진 이상 저는...				여신 라이마
QUEST_LV_0500_20240205_002777	Te digo la verdad de la última revelación restante, Revelador.	계시자에게 마지막 남은, 계시의 진실을 알려드려야겠군요.				여신 라이마
QUEST_LV_0500_20240205_002778	Me temo que voy a necesitar ayuda. Si hay una brújula que fue tallada en un árbol hace mucho, mucho tiempo... sí. Por favor, busca a Tesla, Revelador. Él te hará una brújula.	아무래도, 누군가의 도움이 필요할 것 같군요. 아주 오래전, 나무에 나뭇잎을 새겨 놓은 나침반이 있다면 ... 그렇습니다. 모처에 있는 테슬라를 찾아가주세요, 계시자 님. 테슬라라면 나침반을 만들어 줄 겁니다.				여신 라이마
QUEST_LV_0500_20240205_002779	Ha pasado un tiempo. Sí, el mundo se ha salvado de la destrucción, pero todavía hay elementos de malestar...	오랜만일세. 그래, 세상이 파멸 일로로 가는 것만은 겨우 막은 상태이네만, 아직 불안의 요소들은 그대로 남아 있지...				조각가 테슬라
QUEST_LV_0500_20240205_002780	Una pieza de revelación. Debe haber sido uno de los muchos arreglos de Laima. Veo. Me preocupa, pero... podrías encontrarlo como encontraste la revelación.	계시의 조각이라. 라이마님의 수많은 안배 중 하나였을 것인데... 그리되었군. 걱정이네. 어쨌든, 그것도 계시니까 계시를 찾듯이 찾아가면 되겠지.				조각가 테슬라
QUEST_LV_0500_20240205_002781	Me he topado con el camino hacia la vida eterna, pero una vida humana con una cantidad de tiempo limitada vale la pena por lo que es. Si la dirección es clara, debes ir incluso si los peligros te esperan. Buena suerte.	나는 어쩌다 보니 영생의 길로 들어섰지만, 제한된 시간을 사는 인간의 삶이라는 것은 그것만으로 가치 있는 일이야. 안전하지 않아도, 그 방향이 확실하다면, 꼭 가야겠지. 건투를 비네.				조각가 테슬라
QUEST_LV_0500_20240205_002782	Pero esa hoja... apunta en una dirección bastante extraña. Costa de Cranto... tal vez...	그런데... 그 나뭇잎, 지금은 매우 묘한 곳을 가리키고 있군? 크란토 연안... 어쩌면...				조각가 테슬라
QUEST_LV_0500_20240205_002783	Te vi acercarte desde lejos y traté de detenerte, no queriendo ser una molestia, pero parecía que ese obstáculo no era suficiente.	멀리서 다가오는 너를 보며, 귀찮은 일에 휘말리고 싶지 않아 막으려 했지만 그 정도 장애물로는 역부족이었던 것 같구나.				여신 유라테
QUEST_LV_0500_20240205_002784	Ahora que hemos llegado hasta aquí, me pregunto cuánto poder tiene el Revelador de Laima...	여기까지 오니 나도 궁금하구나. 라이마의 계시자가 어느 정도의 힘을 가지고 있는지를…				여신 유라테
QUEST_LV_0500_20240205_002785	Veré con mis propios ojos si eres el hombre adecuado para reclamar esa revelación.	과연, 네가 그 계시를 되찾기에 적합한 인간인지 내 눈으로 직접 보자꾸나.				여신 유라테
QUEST_LV_0500_20240205_002786	Bien hecho. Yo también quería salvarlo, pero tenía miedo de acercarme debido a los terroríficos monstruos que deambulaban por la zona. Mientras tanto, ¿por qué no me haces un favor más?	아주 잘했소. 나도 구하고 싶었지만, 주변을 떠도는 무서운 몬스터들 때문에 마음 놓고 접근하지 못하던 참이었지. 기왕 이렇게 된 김에 부탁 하나만 더 들어주지 않겠소?				다미요나스
QUEST_LV_0500_20240205_002787	Gracias por traerme todo el Gravegolem Core....pero.....	묘지골렘의 핵을 모두 가져다줘서 고맙소….그런데…..				다미요나스
QUEST_LV_0500_20240205_002788	Bienvenido. Te he estado esperando. La brújula que tienes es una maraña de fuerzas opuestas, inestables y a punto de explotar. Es nada menos que un milagro que te haya guiado hasta aquí. O tal vez… ¿todo esto fue calculado por la Diosa Laima?	어서 오십시오. 기다리고 있었습니다. 가지고 계신 나침반은 여러 가지 상반되는 힘이 뒤엉켜 있어 불안정한 상태로 폭주하기 직전이네요. 여기까지 인도한 것도 기적에 가깝다고 생각됩니다. 아니면….이것도 라이마님에 의해 모두 계산된 것이었을까요?				크로노맨서 마스터
QUEST_LV_0500_20240205_002789	Para que la brújula apunte al próximo destino, se debe estabilizar la potencia desbocada. Sería bueno si la Diosa Jurate, quien le otorgó el poder en primer lugar, pudiera ayudar, pero... probablemente no quiera intervenir más. Si hay un ser poderoso que ha recibido poder de la Diosa Jurate, tal vez... pueda reunir la energía necesaria para estabilizar la brújula.	나침반이 다음 목적지를 가리키도록 하기 위해선 폭주하고 있는 힘을 안정시켜야만 합니다. 애초에 힘을 부여하신 유라테 여신께서 도와주시면 좋겠지만….아마 더 이상의 개입을 원치 않으실 겁니다. 유라테 여신으로부터 힘을 얻은 강력한 존재가 있다면……나침반을 안정화 시키는데 필요한 기운을 모을 수 있을 것입니다.				크로노맨서 마스터
QUEST_LV_0500_20240205_002790	Y hasta donde yo sé, sólo existe un ser así. Merregina... Crearé un portal para que puedas comunicarte con ella si lo deseas.	제가 알기로 그런 존재는 단 하나뿐이 없습니다. 머래지나…….계시자 님께서 원하신다면 머래지나에게 닿을 수 있는 포탈을 생성해 드리겠습니다.				크로노맨서 마스터
QUEST_LV_0500_20240205_002791	Encuentro sospechoso	수상한 회동				
QUEST_LV_0500_20240205_002792	Al Santuario de la Verdad	진실의 성소로				
QUEST_LV_0500_20240205_002793	dime la verdad	진실을 알려달라고 한다.				
QUEST_LV_0500_20240205_002794	Vendré preparado para escuchar.	들을 준비를 하고 오겠다고 한다.				
QUEST_LV_0500_20240205_002795	Brújula cuestionable	의문의 나침반				
QUEST_LV_0500_20240205_002796	Continúe la conversación.	대화를 계속한다.				
QUEST_LV_0500_20240205_002797	Devolver.	돌아간다.				
QUEST_LV_0500_20240205_002798	Encuentro inesperado	뜻밖의 조우				
QUEST_LV_0500_20240205_002799	El juicio de Jurate	유라테의 시험				
QUEST_LV_0500_20240205_002800	Estoy listo.	준비되었다고 한다.				
QUEST_LV_0500_20240205_002801	Fin de la conversación.	대화 종료.				
QUEST_LV_0500_20240205_002802	Brújula completa	완성된 나침반				
QUEST_LV_0500_20240205_002803	Una nueva dirección	새로운 방향				
QUEST_LV_0500_20240205_002804	Encuentro inesperado (2)	뜻밖의 조우(2)				
QUEST_LV_0500_20240205_002805	Brújula dañada	손상된 나침반				
QUEST_LV_0500_20240205_002806	Piedra encantada	마력 깃든 돌				
QUEST_LV_0500_20240205_002807	Núcleo de Gravegolem	묘지골렘의 핵				
QUEST_LV_0500_20240205_002808	Brújula inestable	불안정한 나침반				
QUEST_LV_0500_20240205_002809	Al camino de las estelas	비석로를 향해				
QUEST_LV_0500_20240205_002810	Sea testigo de conversaciones entre dioses demoníacos y señores	마왕과 마신들의 대화 목격				
QUEST_LV_0500_20240205_002811	El Espectador ha regresado al Árbol Divino, pero puedes sentir una acumulación de energía oscura. Para evitar otra tragedia, debes ver por ti mismo lo que está por suceder.		주시자는 신수로 돌아갔지만, 그에 못지않은 어둠의 기운이 모여들고 있는 것이 느껴집니다. 또 다른 비극을 막기 위해, 무슨 일이 벌어지려고 하는지 직접 확인해야 합니다.			
QUEST_LV_0500_20240205_002812	Mientras escuchabas a escondidas una reunión de Dioses y Señores Demonio, te enteraste de la existencia de una nueva revelación. Visita a la Diosa Laima para verificar los hechos.	마왕과 마신들의 회동을 엿듣는 중에 새로운 계시의 존재에 대해 알게 되었습니다. 사실 확인을 위해 라이마 여신을 찾아가야 합니다.				
QUEST_LV_0500_20240205_002813	Habla con el maestro de Dievdirbys	딥디르비 마스터와 대화하기				
QUEST_LV_0500_20240205_002814	Laima confirma que hay una revelación del ego propio. Para encontrarlo, debes pedirle al Maestro Dievdirbys que fabrique una brújula.	라이마는 스스로 의지를 가지게 된 계시의 존재를 확인시켜주었습니다. 이를 찾기 위해 딥디르미 마스터에게 나침반을 제작해달라고 해야 합니다.				
QUEST_LV_0500_20240205_002815	Ve donde apunta la brújula en Costa de Cranto	크란토 연안에서 나침반이 가리키는 방향을 향해 가기				
QUEST_LV_0500_20240205_002816	La brújula creada por el maestro Dievdirbys señala la costa de Cranto. Vamos a ver qué te espera.	딥디르비 마스터가 만들어준 나침반은 크란토 연안을 가리키고 있습니다. 무엇이 기다리고 있을지 직접 가봅시다.				
QUEST_LV_0500_20240205_002817	Habla con la diosa Jurate en la costa de Cranto.	크란토 연안에서 유라테 여신과 대화하기				
QUEST_LV_0500_20240205_002818	Al final de la dirección que apuntaba la brújula estaba la Diosa Jurate. Por razones desconocidas, ella convocó monstruos contra ti, Revelador, para impedir que la alcanzaras.	나침반이 가리키는 방향의 끝에는 여신 유라테가 있었습니다. 무슨 일인지 계시자를 향해 몬스터를 소환하여 자신에게 다가오는 것을 막으려 하였습니다.				
QUEST_LV_0500_20240205_002819	Habla con la diosa Jurate en la costa de Cranto	크란토 연안에서 유라테 여신과 대화 하기				
QUEST_LV_0500_20240205_002820	Debes seguir a la Diosa Jurate y pedirle que potencie tu brújula.	유라테 여신을 따라가서 나침반에 힘을 부여해 줄 것을 청해야 합니다.				
QUEST_LV_0500_20240205_002821	Finalmente, la Diosa Jurate parece estar potenciando la brújula.	마침내, 유라테 여신은 나침반에 힘을 부여해 줄 것 같습니다.				
QUEST_LV_0500_20240205_002822	Dirígete en la dirección de la brújula en Galeed Plateau.	갈르엣 평야에서 나침반이 가리키는 방향을 향해 가기				
QUEST_LV_0500_20240205_002823	La bendita brújula señala la meseta de Galeed.	축복받은 나침반은 갈르엣 평야를 가리키고 있습니다.				
QUEST_LV_0500_20240205_002824	Ha aparecido el Dios Demonio Baubas. Cualquiera sea el motivo de su aparición, sus intenciones no serán buenas.	마신 바우바스가 나타났습니다. 나타난 이유가 무엇이든 그 의도가 좋을 리 없습니다.				
QUEST_LV_0500_20240205_002825	Encuentra a alguien que te ayude en Meseta de Fasika	파사카 협곡에서 도움을 줄 사람을 찾아보기				
QUEST_LV_0500_20240205_002826	La brújula fue dañada por la explosión de los monstruos convocados por el Dios Demonio Baubas. ¿Podría la Diosa Laima haber previsto esta situación? Mira a tu alrededor para ver si hay alguien que pueda ayudarte.	마신 바우바스가 소환한 몬스터의 폭발로 인해 나침반이 손상되었습니다. 이 상황도 라이마 여신은 예지하고 있던 것일까요? 주변에서 도움을 줄 수 있는 사람이 없는지 찾아봐야 합니다.				
QUEST_LV_0500_20240205_002827	Recoge 10 polvos magnéticos de la meseta de Fasika.	파사카 협곡에서 자성이 섞인 가루 10개 채집하기				
QUEST_LV_0500_20240205_002828	Damijonas te pidió que reunieras Piedras Encantadas como primer material para reparar la brújula.	다미요나스는 나침반을 수리하기 위한 첫 번째 재료로 마력 깃든 돌을 채집해 줄 것을 부탁했습니다.				
QUEST_LV_0500_20240205_002829	Recoge el polvo magnético	자성이 섞인 가루 채집하기				
QUEST_LV_0500_20240205_002830	Obtén 50 núcleos de Gravegolem en la meseta de Fasika.	파사카 협곡에서 묘지골렘의 핵 50개 획득하기				
QUEST_LV_0500_20240205_002831	Mientras reparaban la brújula, Damijonas solicitó varios núcleos de Gravegolem para su investigación.	다미요나스는 나침반을 수리하는 동안 자신의 연구를 위해 묘지골렘의 핵을 다수 구해줄 것을 요청했습니다.				
QUEST_LV_0500_20240205_002832	Obtener núcleo de Gravegolem	묘지골렘의 핵 획득하기				
QUEST_LV_0500_20240205_002833	Habla con Damijonas	다미요나스와 대화하기				
QUEST_LV_0500_20240205_002834	sobrevivir a la batalla	전투에서 살아남기				
QUEST_LV_0500_20240205_002835	Ahora sólo quedaba reparar la brújula. Y fue entonces cuando sucedió algo inesperado.	이제 나침반을 수리할 일만 남았을 텐데, 뜻밖의 일이 벌어졌습니다.				
QUEST_LV_0500_20240205_002836	Baiga se fue, y la brújula, que llevaba los poderes de la diosa y del dios demonio, comenzó a apuntar a algún lugar nuevamente.	바이가는 떠났고, 여신과 마신의 힘이 뒤섞인 나침반은 다시 어딘가를 가리키기 시작했습니다.				
QUEST_LV_0500_20240205_002837	Dirígete en la dirección que apunta tu brújula en Stele Road.	비석로에서 나침반이 가리키는 방향을 향해 가기				
QUEST_LV_0500_20240205_002838	¿Qué eventos te esperan en Stele Road? Ya sea que se trate de la previsión de la Diosa Laima o de una serie de eventos inesperados, no lo sabemos en este momento.	비석로에선 어떤 사건이 기다리고 있을까요? 모든 게 라이마 여신의 예지인지, 돌발 상황의 연속인지 지금으로선 알 수 없습니다.				
QUEST_LV_0500_20240401_002839	Hablemos con él.	그와 이야기를 하자.	QUEST_LV_0500_20230130_002573	Edmundas is grieving over Rose's death...{nl}Let's talk to him.	로제의 죽음에 애통해하는 에드문다스...{nl}그와 이야기를 하자.	
QUEST_LV_0500_20240909_002840	Finalmente… estaba esperando que vinieras.	오셨군요...기다리고 있었습니다.			Goddess Laima	여신 라이마
QUEST_LV_0500_20240909_002841	Entonces estás diciendo que la brújula apunta hacia la biblioteca... Ya veo. Esa entidad parece haberse convertido en una ramita rota. No importa cuán grande pueda crecer una rama de un árbol, una vez que se rompe y cae al suelo, no se puede devolver.	그 나침반이, 다시 도서관을 향하고 있다는 말씀이시군요….알겠습니다. 그 존재는 꺾인 가지가 된 것 같습니다. 아무리 커다란 나무에서 자란 가지라고 하더라도, 한 번 꺾여서 땅으로 떨어진 가지는 다시 붙이거나 되돌릴 수 없는 법이지요.			Goddess Laima	여신 라이마
QUEST_LV_0500_20240909_002842	Ésa es la base de un Árbol Divino y Reino de la Diosa... Yo te guiaré, Revelador.	그것이 신수와 여신의 세상을 이루는 이치…..계시자 님께 길을 안내해 드리겠습니다			Goddess Laima	여신 라이마
QUEST_LV_0500_20240909_002843	Esta placa de piedra creada por Neringa actúa como una barrera. Seguramente es un fragmento de revelación. Parece una losa de piedra.	이 석판은 네링가가 만들고 간 일종의 결계입니다. 계시의 조각답게 역시, 석판 모양을 하고 있군요.			Goddess Vaivora	여신 바이보라
QUEST_LV_0500_20240909_002844	Débilmente, pero... puedo sentir el poder demoníaco de los Dioses Demonio. Algo debe haberle pasado a Neringa.	미미하지만….마신의 어두운 힘도 일부 느껴집니다. 네링가에게 무슨 일이 발생한 게 틀림없어요.			Goddess Vaivora	여신 바이보라
QUEST_LV_0500_20240909_002845	Destruir esta placa de piedra no debería ser demasiado difícil, pero no puedo garantizar que las placas que encontrarás en el futuro sean las mismas.	이 석판을 파괴하는 건 그리 어렵지 않을 것입니다. 하지만 앞으로 만나게 될 석판들도 그렇게 간단하게 파괴할 수 있을지는 저도 장담할 수 없겠습니다.			Goddess Vaivora	여신 바이보라
QUEST_LV_0500_20240909_002846	Esta placa de piedra es más poderosa que las placas de piedra que destruí antes. Supongo que cuanto más me acerco a Neringa, más fuerte se vuelve el poder de los Dioses Demonio. Construyendo una barrera para bloquearme en mi espacio. ¿Qué diablos está pensando Neringa…?	이 석판은 이 전에 파괴한 석판보다 마신의 힘이 더 강해져 있습니다. 추측건대 네링가에게 다가갈수록 마신의 힘이 더 강해지지 않을까 싶습니다. 저의 공간인 이 도서관에서 이렇게 저를 막기 위해 벽을 만들다니, 도대체 무슨 생각일까요, 네링가는…?			Goddess Vaivora	여신 바이보라
QUEST_LV_0500_20240909_002847	Desafortunadamente, mi plan de desaparecer con Baubas y Valandis Room 91 ha fracasado. Lo sé. Tú, el Revelador, has preparado el dispositivo colapsador junto con Vaivora.	아쉽게도, 바우바스와 함께 발란디스 91관과 사라지려던 저의 계획이 실패했습니다. 알고 있습니다. 계시자 님께서 바이보라님과 함께 붕괴 장치를 준비하셨다는 사실을 말입니다.			Neringa	네링가
QUEST_LV_0500_20240909_002848	Como esperabas, mi cuerpo poco a poco se está contaminando con energía demoníaca. Afortunadamente, mi ego, como revelación, me permitió engañar a Baubas a pesar de la corrupción. Sin embargo, no puedo predecir cuándo traeré el apocalipsis a este mundo... Por ahora, me concentraré en lo que puedo hacer.	저는 예상하신 바대로 점점 마기에 물들어가는 몸. 다행히 아직 계시로서의 자아가 있어 마기에 물들어가는 자아조차 바우바스를 속이는 데 이용할 수는 있었으나, 언제 어느 때에 이 몸으로 세상의 파멸의 뇌관을 건드릴지 모르는 존재…우선 저는 저의 할 일을 하겠습니다.			Neringa	네링가
QUEST_LV_0500_20240909_002849	Ramita rota	꺾인 가지				
QUEST_LV_0500_20240909_002850	Contando la historia	그동안의 이야기를 전해준다.				
QUEST_LV_0500_20240909_002851	Agua Bendita de Vaivora	바이보라의 성수				
QUEST_LV_0500_20240909_002852	Placa de piedra caótica	혼란스러운 석판				
QUEST_LV_0500_20240909_002853	Tiempo de retraso	시간 벌기				
QUEST_LV_0500_20240909_002854	Placa corruptora	물들어가는 석판				
QUEST_LV_0500_20240909_002855	Tiempo de retraso (2)	시간 벌기(2)				
QUEST_LV_0500_20240909_002856	enemigo gigante	거대한 적				
QUEST_LV_0500_20240909_002857	A Valandis Sala 3	발란디스 3관으로				
QUEST_LV_0500_20240909_002858	Rumbo a la prisión de demonios	마족수감소를 향하여				
QUEST_LV_0500_20240909_002859	Transformando Neringa	변화하는 네링가				
QUEST_LV_0500_20240909_002860	Intervención de los dioses demoníacos	마신들의 개입				
QUEST_LV_0500_20240909_002861	Activación del dispositivo de colapso (1)	붕괴장치의 활성화(1)				
QUEST_LV_0500_20240909_002862	Activación del dispositivo de colapso (2)	붕괴장치의 활성화(2)				
QUEST_LV_0500_20240909_002863	Activación del dispositivo de colapso (3)	붕괴장치의 활성화(3)				
QUEST_LV_0500_20240909_002864	Activación del dispositivo de colapso (4)	붕괴장치의 활성화(4)				
QUEST_LV_0500_20240909_002865	Pensamiento Neringa	생각하는 네링가				
QUEST_LV_0500_20240909_002866	Neringa en agonía	고민하는 네링가				
QUEST_LV_0500_20240909_002867	Yo completado	완성된 자아				
QUEST_LV_0500_20240909_002868	La última batalla	최후의 전투				
QUEST_LV_0500_20240909_002869	Toda la situación es increíble. Necesito volver con Laima y contarle sobre la situación actual.	모든 상황들이 의문투성이입니다. 라이마에게 돌아가 현재까지의 상황에 대해 이야기해야 합니다.				
QUEST_LV_0500_20240909_002870	Habla con la Diosa Vaivora	바이보라 여신과 대화하기				
QUEST_LV_0500_20240909_002871	Laima te guió hasta la Sala 2 de Valandis, Centro de datos aislado. Debes hablar con el dueño de este lugar.	라이마가 인도한 곳은 발란디스 2관의 격리 자료관입니다. 이곳의 주인과 대화해 봐야 합니다.				
QUEST_LV_0500_20240909_002872	Obtén 5 piezas de agua bendita de Vaivora cerca del centro de datos aislado en la sala 2 de Valandis.	발란디스 2관의 격리 자료관 근처에서 바이보라의 성수 5개 구하기.				
QUEST_LV_0500_20240909_002873	Vaivora pidió agua bendita cerca para recuperar sus fuerzas.	바이보라는 자신의 힘을 회복하기 위해 근처에서 성수를 구해 달라고 부탁했습니다.				
QUEST_LV_0500_20240909_002874	Reúnete y habla con Vaivora en la siguiente ubicación.	다음 장소에서 바이보라와 만나 대화하기				
QUEST_LV_0500_20240909_002875	Vaivora me dijo que la siguiera. Debes usar el dispositivo de transporte para hablar con Vaivora en la sala de trabajo de clasificación grande.	바이보라는 자신을 따라오라고 말했습니다. 이동 장치를 이용하여 대분류 작업실에 있는 바이보라와 대화해야 합니다.				
QUEST_LV_0500_20240909_002876	Mata monstruos para detener el tiempo.	몬스터를 처치하여 시간 벌기				
QUEST_LV_0500_20240909_002877	Vaivora te pidió que mataras a los monstruos que lo rodeaban mientras él se prepara para destruir las placas de piedra.	바이보라는 자신이 석판을 파괴할 준비를 할 동안 주변의 몬스터들을 처치해 줄 것을 부탁했습니다.				
QUEST_LV_0500_20240909_002878	Mata a 50 monstruos en la sala de trabajo de clasificación grande, la sala de prueba de datos y la sala de trabajo de aplazamiento.	대분류 작업실, 자료 검정실, 보류 작업실에서 종류에 관계없이 몬스터 50마리 처치하기				
QUEST_LV_0500_20240909_002879	Volver a la Diosa Vaivora	여신 바이보라에게 다시 가보기				
QUEST_LV_0500_20240909_002880	Habla con Vaivora en el Pasaje de la Diosa en la Sala 2 de Valandis	발란디스 2관 여신의 통로에서 바이보라와 대화하기				
QUEST_LV_0500_20240909_002881	Debes avanzar hacia la siguiente placa de piedra y hablar con Vaivora.	다음 결계 석판을 향해 이동하여 바이보라와 대화해야 합니다.				
QUEST_LV_0500_20240909_002882	Habla con la diosa Vaivora	여신 바이보라와 대화하기				
QUEST_LV_0500_20240909_002883	Matemos monstruos en el Pasaje de la Diosa y el Titular del Libro de Hechizos.	여신의 통로, 마도서 거치소에서 몬스터를 처치하자.				
QUEST_LV_0500_20240909_002884	Destruyamos las placas de piedra junto con la Diosa Vaivora.	여신 바이보라와 함께 석판을 파괴하자.				
QUEST_LV_0500_20240909_002885	Vaya a la sala de clasificación de piedras rúnicas en la sala 2 de Valandis	발란디스 2관의 룬스톤 분류실로 이동하기				
QUEST_LV_0500_20240909_002886	Vaivora advirtió sobre la explosión que se produjo cuando la barrera fue destruida. Debemos seguir adelante.	바이보라는 결계가 파괴되면서 발생한 폭발에 대해 앞으로도 계속해서 주의해 줄 것을 당부했습니다. 더 앞으로 나아가야 합니다.				
QUEST_LV_0500_20240909_002887	Habla con Vaivora en la Sala 3 de Valandis	발란디스 3관에서 바이보라와 대화하기				
QUEST_LV_0500_20240909_002888	Ahora que hemos destruido todas las barreras en la Sala 2 de Valandis, vayamos a la Sala 3 de Valandis y persigamos a Neringa.	이제 발란디스 2관의 모든 결계를 파괴했습니다. 발란디스 3관으로 이동하여 네링가를 추격합시다.				
QUEST_LV_0500_20240909_002889	Ve a la Catedral de Vakarion en el Distrito 5 de la Prisión Demoníaca	마족수감소 5구역의 바카리온 대회당으로 이동하기				
QUEST_LV_0500_20240909_002890	Muévete a Demon Prison y comprueba la situación actual.	마족수감소로 이동하여 무슨 일이 벌어지고 있는지 확인해야 합니다.				
QUEST_LV_0500_20240909_002891	Regresa a la Sala 3 de Valandis y habla con Vaivora.	발란디스 3관으로 다시 돌아가서 바이보라와 대화해야 합니다.				
QUEST_LV_0500_20240909_002892	Regresa a la Sala 3 de Valandis y habla con Vaivora.	비발란디스 3관으로 다시 돌아가서 바이보라와 대화해야 합니다.				
QUEST_LV_0500_20240909_002893	Baubas ha aparecido en la Biblioteca de Fantasía. Eso significa que también podrían aparecer otros Dioses Demonio.	환상도서관에 바우바스가 나타났습니다. 그렇다는 건 다른 마신들도 나타날 수 있다는 뜻입니다.				
QUEST_LV_0500_20240909_002894	Vaivora habló del Flicid como el primer dispositivo colapsante que debía activarse.	바이보라는 가장 먼저 활성화해야 할 붕괴 장치로 플리시드를 이야기했습니다.				
QUEST_LV_0500_20240909_002895	Sobrevive de los monstruos convocados.	소환되는 몬스터들로부터 살아남기				
QUEST_LV_0500_20240909_002896	Mata a todos los monstruos y protege a Vaivora.	공격하는 몬스터들을 모두 처치하고 바이보라를 보호하기.				
QUEST_LV_0500_20240909_002897	Habla con Vaivora	바이보라와 대화하기				
QUEST_LV_0500_20240909_002898	Vaivora habló de Balanorth como el segundo dispositivo colapsante en ser activado.	바이보라는 두 번째로 활성화해야 할 붕괴장치로 발라노스를 이야기했습니다.				
QUEST_LV_0500_20240909_002899	Vaivora habló de Balanorth como el segundo dispositivo colapsante en activarse	바이보라는 두 번째로 활성화해야 할 붕괴장치로 발라노스를 이야기했습니다				
QUEST_LV_0500_20240909_002900	Vaivora habló del Bluenode como el tercer dispositivo colapsante que necesitaba ser activado.	바이보라는 세 번째로 활성화해야 할 붕괴장치로 블로노드를 이야기했습니다.				
QUEST_LV_0500_20240909_002901	Vaivora habló de Ballandans como el último dispositivo colapsante que necesitaba ser activado.	바이보라는 마지막으로 활성화해야 할 붕괴 장치로 발란다르를 이야기했습니다.				
QUEST_LV_0500_20240909_002902	Sobrevive de los monstruos convocados y derrota al jefe.	소환되는 몬스터들로부터 살아남고 보스를 처치하기.				
QUEST_LV_0500_20240909_002903	Habla con Neringa en la habitación 91 de Valandis	발란디스 91관에서 네링가와 대화하기				
QUEST_LV_0500_20240909_002904	Debes ingresar a la Sala 91 de Valandis y encontrarte con Neringa. Sólo ella te dirá toda la verdad.	발란디스 91관으로 들어가 네링가를 만나야 합니다. 그녀만이 당신에게 모든 진실을 말해줄 것입니다.				
QUEST_LV_0500_20240909_002905	Debemos perseguir a los desaparecidos Neringa y Baubas.	사라진 네링가와 바우바스를 추격해야 합니다.				
QUEST_LV_0500_20240909_002906	Parece que el intento de Neringa de engañar a Baubas ha fracasado. Necesitamos encontrar a Neringa y hablar con él.	아무래도 네링가가 바우바스를 속이려던 게 실패한 것 같습니다. 네링가를 찾아 이야기를 들어야 합니다.				
QUEST_LV_0500_20240909_002907	Habla con Vaivora en la habitación 91 de Valandis.	발란디스 91관에서 바이보라와 대화하기				
QUEST_LV_0500_20240909_002908	La demoníaca Neringa está completamente consumida por el ego maligno, te ha pedido que entres en su reino para matarlo. Debes prepararte para la batalla final.	악의 자아에 완전히 물든 네링가는 자신을 처치하기 위해 자신의 영역으로 들어오라고 하였습니다. 최후의 전투를 준비해야 합니다.				
QUEST_LV_0500_20250212_002909	Sana las heridas del reino y restaura la armonía en sus tierras.	왕국 전역에 생긴 상처들을 치유하고 다시 평화를 가져와야 합니다.				여신 라이마	
QUEST_LV_0500_20250212_002910	Neringa, creada a través de mi revelación, existe en forma humana pero es incapaz de tomar decisiones más allá de cumplir su misión.	네링가는 인간의 모습을 하고 있지만, 저의 계시로 태어나 자신에게 내려진 사명 외에 다른 판단은 할 수 없었습니다.				여신 라이마	
QUEST_LV_0500_20250212_002911	El ego de Neringa quedó contaminado por Veliuona, que luchaba por aceptar su destino de ser vaporizado. Sin embargo,...	벨리우오나의 행위로 네링가는 부정한 자아를 가지게 되었고, 자신이 존재하게 된 원인과 결국 소멸될 운명에 대한 혼란이 있었을 것입니다. 하지만….				여신 라이마	
QUEST_LV_0500_20250212_002912	El destino de Neringa era desaparecer, pero nunca anticipé que tal proceso se desarrollaría dentro de mis predicciones.	네링가는 결국 소멸될 운명이었지만, 이런 식의 과정이 있을 줄은 저의 예지로도 알 수 없었습니다.				여신 라이마	
QUEST_LV_0500_20250212_002913	Necesito algo de tiempo para la autorreflexión. Revelador, busque al Pajauta desaparecido.	저에게도 당분간 성찰할 시간이 필요하겠습니다. 계시자님은 사라진 파야우타를 찾아주십시오.				여신 라이마	
QUEST_LV_0500_20250212_002914	No fue revelado, pero le sucedieron muchos incidentes. No sé la ubicación exacta, pero siento su presencia en el bosque de Khonot.	드러나진 않았지만, 이번 사건에서 그녀에게도 많은 일이 있었습니다. 현재의 정확한 위치는 알 수 없지만, 코노트 숲에서 그녀의 존재가 느껴집니다. 				여신 라이마	
QUEST_LV_0500_20250212_002915	Esta es sólo mi predicción. La 'Entidad' que controla las avispas te está dando la bienvenida... o se siente muy incómoda con tu existencia.	제 예상이지만, 저 벌들을 통제하는 “어떤 존재” 는 계시자님의 등장이 매우 불쾌하거나 매우 반가운 것 같군요.				파야우타	
QUEST_LV_0500_20250212_002916	Si yo fuera un ser bajo su vigilancia... Revelador, tú serías un ser que debe ser eliminado.	제가 감시해야 할 대상이었다면….계시자님은 처치해야 할 대상인 것 같습니다.				파야우타	
QUEST_LV_0500_20250212_002917	Estaba observando cuidadosamente sus patrones de vuelo mientras luchabas. Ahora, localicémoslos.	계시자님이 싸우는 동안 저 벌들이 날아오는 방향을 유심히 보고 있었어요. 이제 그 흔적을 추적해보죠.				파야우타	
QUEST_LV_0500_20250212_002918	...Tal vez no te afectó el olor de Ledania.	…..아무래도 계시자님은 영향을 받지 않으신 것 같군요.				파야우타	
QUEST_LV_0500_20250212_002919	Cuando Ledania emergió, una especie de olor llenó el aire.	저 레다니아라는 여왕벌이 등장하면서, 어떤 향기 같은 게 순식간에 퍼졌습니다.				파야우타	
QUEST_LV_0500_20250212_002920	Eso afectó a toda la criatura circundante, y mi mente estaba dominada por la rabia.	그게 주변 모든 생명체에게 영향을 끼쳤고, 제 머릿속은 광기에 지배되어 갔습니다.				파야우타	
QUEST_LV_0500_20250212_002921	Si tuviera que intervenir en la batalla, podría haberte atacado.	아마 전투에 난입했다면 계시자님, 당신을 공격했을지도 몰라요.				파야우타	
QUEST_LV_0500_20250212_002922	Ledania nos indicó que fuéramos a la Cueva de Estalactitas. Alguna vez fue el dominio de la Diosa Dalia, pero si Ledania ha reclamado su control, esta no será una batalla fácil.	레다니아는 우릴 종유 동굴로 오라고 했습니다. 그곳은 본래 달리아 여신의 영역. 레다니아가 그곳을 지배하고 있다면 쉽지 않은 싸움이 될 것 같아요.				파야우타	
QUEST_LV_0500_20250212_002923	Encuéntrame en la cueva de estalactitas. Quizás pueda obtener información de los Kupoles circundantes.	종유 동굴에서 만나요. 아직 남아있는 큐폴들이 있다면 정보를 얻을 수 있을지 모릅니다.				파야우타	
QUEST_LV_0500_20250212_002924	Desde el momento en que entré a la cueva, huelo el aroma similar de la última batalla.	이 동굴에 들어오면서부터, 희미하지만 조금 전 전투에서 마주했던 향기가 납니다.				파야우타	
QUEST_LV_0500_20250212_002925	Le desaconsejaría entrar hasta que comprenda completamente la situación.	저는 완전히 상황 파악이 끝나기 전까지 내부로 진입하지 않는 것이 좋겠어요.				파야우타	
QUEST_LV_0500_20250212_002926	Revelador, por favor ayúdame a encontrar Kupoles que puedan ayudarnos.	계시자님, 일단 주변에 도움을 줄 만한 큐폴들이 없는지 수색을 부탁드립니다.				파야우타	
QUEST_LV_0500_20250212_002927	¿Conoces a Pajauta?	파야우타를 만나 보셨나요?				여신 라이마	
QUEST_LV_0500_20250212_002928	Cuando Neringa desapareció, los fragmentos malignos se dispersaron por todo el mundo.	네링가가 소멸할 때, 자신의 악의를 담은 조각을 온 세상에 퍼트렸습니다.				여신 라이마	
QUEST_LV_0500_20250212_002929	Todos los monstruos que se volvieron feroces fueron derrotados por el Ejército Real y los Reveladores.	조각의 영향을 받아 흉폭해진 몬스터들은 왕국군과 계시자들에 의해 대부분 처치되었습니다.				여신 라이마	
QUEST_LV_0500_20250212_002930	Crystal Golem también fue asesinado por ellos.	수정 골렘 같이 나중에 드러난 위협도 처치 되었구요.				여신 라이마	
QUEST_LV_0500_20250212_002931	El motivo de la mutación de Ledania será similar. Pero... La ausencia de la Diosa Dalia empeoró mucho la situación.	레다니아라는 여왕벌도 태어난 원인은 같을 거예요. 다만…..달리아 여신의 부재가 만들어낸 빈틈이 사태를 더욱 키운 것 같습니다.				여신 라이마	
QUEST_LV_0500_20250212_002932	Revelador, busca al Maestro Doctor de la Plaga y descubre una manera de resistir el olor de Ledania. Luego, enfrenta y derrota a Ledania.	계시자님, 지금부터 플레이그 닥터 마스터를 찾아가 레다니아의 향기에 영향받지 않을 방법을 찾아주세요. 그리고 레다니아를 반드시 처치해주세요.				여신 라이마	
QUEST_LV_0500_20250212_002933	Tengo que hablar sobre la resurrección de la Diosa Dahlia.	저는 다른 자매들과 함께 달리아 여신의 부활에 대해 논의할 겁니다.				여신 라이마	
QUEST_LV_0500_20250212_002934	Estoy bastante ocupado experimentando con las nuevas hierbas... ¿Qué te trajo por aquí?	지금 새로운 약초를 연구하느라 매우 바쁩니다만….무슨 일이십니까?				플레이그 닥터 마스터	
QUEST_LV_0500_20250212_002935	Esta debe ser una situación terrible si la Diosa Laima busca ayuda de alguien como yo.	라이마 여신께서 저 같은 사람에게 까지 도움을 요청하시다니….상당히 위급한 상황인 것 같군요.				플레이그 닥터 마스터	
QUEST_LV_0500_20250212_002936	No he visto a Ledania en persona... pero después de escuchar tu explicación, algo me viene a la mente.	제가 그 레다니아라는 존재를 실제로 본적은 없으나….설명하신 부분을 들었을 때 짐작이 가는 부분이 있습니다.				플레이그 닥터 마스터	
QUEST_LV_0500_20250212_002937	Las avispas se comunican a través de feromonas, pero es simplemente una forma de interacción entre individuos y no existe un orden jerárquico entre ellos.	벌들은 페로몬을 통해 서로 소통합니다. 하지만 그건 벌 집단 간의 의사소통일 뿐, 복종 관계의 명령 하달 체계는 아닙니다..				플레이그 닥터 마스터	
QUEST_LV_0500_20250212_002938	Pero Ledania parece tener un poder que cambia las feromonas para cumplir sus objetivos.	하지만 레다니아는 그 페로몬을 자신의 목적에 맞게 뒤틀 수 있는 힘이 있는 것 같습니다.				플레이그 닥터 마스터	
QUEST_LV_0500_20250212_002939	Además, normalmente no afecta a otras criaturas, pero este no es el caso.	또한, 본래대로라면 영향을 받지 않아야 할 다른 생명체들까지도 영향력을 끼치고 있는 것 같습니다.				플레이그 닥터 마스터	
QUEST_LV_0500_20250212_002940	Revelador, dirígete a la Cueva de Estalactitas y derrota a los monstruos. Por favor tráeme las muestras de los monstruos.	계시자님은 다시 종유 동굴로 가셔서 몬스터들을 처치한 후 나오는 표본을 모아 가져와주십시오.				플레이그 닥터 마스터	
QUEST_LV_0500_20250212_002941	Estaré experimentando con algunas hierbas que podrían resistir la feromona de la avispa.	저는 말벌의 페로몬에 내성을 가질 수 있는 약초에 대해 연구해보고 있겠습니다.				플레이그 닥터 마스터	
QUEST_LV_0500_20250212_002942	Pude llegar hasta aquí después de controlarme.	휴우……조금씩 제 자신을 다스리면서 이 곳까지는 도달할 수 있게 되었습니다.				파야우타	
QUEST_LV_0500_20250212_002943	Aprendí un método para resistir este olor de Kupole Medena.	큐폴 메데나 님으로부터 이 향기에 저항하는 방법을 조금은 배웠습니다.				파야우타	
QUEST_LV_0500_20250212_002944	Por favor dime todo lo que sabes.	그동안 알게 된 것들을 들려주십시오.				파야우타	
QUEST_LV_0500_20250212_002945	Resurrección de la Diosa Dahlia... ¿Escuchaste esa historia de la propia Diosa Laima?	달리아 여신의 부활….그 이야기를 라이마 여신님께서 직접 하셨다는 것이지요?				큐폴 메데나	
QUEST_LV_0500_20250212_002946	Aunque existe una manera, es simplemente una teoría que nunca antes se ha probado.	방법이 있다고 해도 그건 이론상으로 존재할 뿐, 한번도 해본 적 없는 일이에요.				큐폴 메데나	
QUEST_LV_0500_20250212_002947	Eso depende de la Diosa... Debemos encargarnos de la situación actual.	그건 여신님들끼리 고민해야 할 일이고…우리는 눈앞에 닥친 위협을 해결해야죠.				파야우타	
QUEST_LV_0500_20250212_002948	Revelador, puedo proporcionarte muestras de los monstruos circundantes, pero no puedo aventurarme más. Por favor maneje la parte más profunda.	계시자님. 이곳 주변의 몬스터들 표본은 제가 드릴 수 있지만, 아직 더 깊은 곳으로 들어갈 수가 없습니다. 안쪽은 계시자님이 애써 주셔야겠습니다.				파야우타	
QUEST_LV_0500_20250212_002949	¿Has recogido suficientes muestras?	표본을 충분히 모으셨나요?				파야우타	
QUEST_LV_0500_20250212_002950	He combinado todas mis muestras con las tuyas.	제가 모아 놓은 표본이랑 계시자님이 모아온 표본을 합쳤습니다.				파야우타	
QUEST_LV_0500_20250212_002951	Llévale esto a Maestro Médico de la Peste. Debo encargarme de Kupole Medena.	이걸 가지고 플레이그 닥터 마스터님에게 다녀오세요. 전 큐폴 메데나 님을 옆에서 보살펴야겠어요.				파야우타	
QUEST_LV_0500_20250212_002952	¿Has recogido suficientes muestras? Se necesitan muchas muestras para experimentar y producir suficiente medicamento.	표본은 충분히 모아오셨겠죠? 제가 연구하고 충분한 양의 약을 제조하려면 많은 양의 표본이 필요합니다.				플레이그 닥터 마스터	
QUEST_LV_0500_20250212_002953	Hmm... Por favor, trae más la próxima vez. Esto no es suficiente para preparar un medicamento para los tres.	음….다음부터는 좀 더 많은 양을 가져오도록 하세요. 당신과 파야우타, 그리고 큐폴까지 3 명분의 약을 넉넉하게 만들려면 이정도로는 너무 빠듯합니다.				플레이그 닥터 마스터	
QUEST_LV_0500_20250212_002954	Ya terminé de hacer el medicamento, pero tengo buenas y malas noticias.	당신들을 위한 약을 제조했습니다만, 좋은 소식과 나쁜 소식이 있습니다.				플레이그 닥터 마스터	
QUEST_LV_0500_20250212_002955	La buena noticia es que este medicamento te ayudará a aventurarte libremente en la Sección 1 de la Cueva de Estalactitas de Tevhrin.	좋은 소식이라면 이 약을 통해 테브린 종유동 1구역을 한시적으로 마음껏 돌아다닐 수 있을 것입니다.				플레이그 닥터 마스터	
QUEST_LV_0500_20250212_002956	La mala noticia es que este medicamento no será suficiente o no tendrá ningún efecto en la Sección 2 de la Cueva de Estalactitas de Tevhrin.	나쁜 소식은 테브린 종유동 2구역에 진입하면 이 약으로는 충분하지 않거나 효과가 전혀 없을 수 있다는 것입니다.				플레이그 닥터 마스터	
QUEST_LV_0500_20250212_002957	Por favor, dale esto a tus amigos y tráeme las muestras de la Sección 2.	이 약을 가지고 돌아가 당신 동료들에게도 먹이고, 마찬가지로 2 구역의 표본들을 모아오도록 하세요.				플레이그 닥터 마스터	
QUEST_LV_0500_20250212_002958	Debo probar mi hipótesis.	저의 가설이 맞는지 틀린지 확인을 해야겠습니다.				플레이그 닥터 마스터	
QUEST_LV_0500_20250212_002959	¿Has recibido medicina del Maestro Médico de la Peste?	플레이그 닥터 마스터님에게 약을 받아오셨습니까?				파야우타	
QUEST_LV_0500_20250212_002960	Vaya... Amargo de lo que esperaba.	윽…..비위가 상할 정도로 쓴 맛이네요.				파야우타	
QUEST_LV_0500_20250212_002961	Pero después de beber este medicamento... siento que mi mente se vuelve más clara.	하지만 약을 먹고 나니….머리가 맑아지는 것 같습니다.				파야우타	
QUEST_LV_0500_20250212_002962	Gracias... a ti... por preparar mi medicina.	제 것까지 준비해주시다니…너무 감사합니다…..만….				큐폴 메데나	
QUEST_LV_0500_20250212_002963	Uf... a mí tampoco me gusta el sabor...	후…..저에게도 그렇게 먹기 좋은 맛은 아닌 것 같아요.				큐폴 메데나	
QUEST_LV_0500_20250212_002964	El Revelador y yo profundizaremos más en nuestro interior.	저와 계시자님은 계속해서 들어갈 생각입니다.				파야우타	
QUEST_LV_0500_20250212_002965	Yo iniciaré. Nos vemos en la Sección 2.	저는 먼저 들어가 있겠습니다. 2구역 입구에서 만나죠.				파야우타	
QUEST_LV_0500_20250212_002966	Gracias Revelador. Ahora me siento mejor... Iré a buscar a la Diosa Laima.	계시자님 감사합니다. 이제 기운을 차렸으니….저는 라이마 여신님을 찾아가보려고 합니다.				큐폴 메데나	
QUEST_LV_0500_20250212_002967	Ella dijo algo sobre la resurrección de la Diosa Dahlia... Como Kupole que la sirvió, debo averiguar qué está pasando.	달리아 여신님의 부활에 관하여 언급하셨다니….모셨던 큐폴로써 어떤 이야기가 오고 가고 있는지 확인해야겠어요.				큐폴 메데나	
QUEST_LV_0500_20250212_002968	Entrando en la Sección 2... La atmósfera es muy diferente en comparación con la Sección 1. El aroma especial está causando dolor de cabeza.	2구역에 들어오니…..1구역과는 상황이 다른 것 같아요. 다시 그 특유의 페로몬이 느껴지면서 머리가 아파지기 시작합니다.				파야우타	
QUEST_LV_0500_20250212_002969	Como dijo Maestro Médico de la Peste, deberíamos recolectar muestras de los monstruos de la Sección 2.	플레이그 닥터 마스터님의 말한대로, 2구역의 몬스터 표본을 모아가는게 좋을 것 같습니다.				파야우타	
QUEST_LV_0500_20250212_002970	Necesitamos investigar si la feromona se ha vuelto más fuerte o si hay otros elementos que están causando el dolor de cabeza.	레다니아와 가까워져서 페로몬이 더 강력해진 것인지, 다른 요소가 있는 건지 파악하는 과정이 필요해요.				파야우타	
QUEST_LV_0500_20250212_002971	Reuniré muestras de los monstruos circundantes, Revelador, por favor ocúpate de los monstruos más profundos.	저는 이 주변 몬스터들을 상대하며 표본을 모으고 있을 테니, 계시자님께서는 안쪽의 몬스터들을 상대해 주세요				파야우타	
QUEST_LV_0500_20250212_002972	Regresaste... Aquí están todas las muestras que reuní. Llévaselo a Maestro Médico de la Peste para obtener la nueva medicina.	돌아오셨군요…여기 제가 모은 표본과 함께 플레이그 닥터 마스터님에게 전달하고 새로운 약을 부탁드리겠습니다.				파야우타	
QUEST_LV_0500_20250212_002973	Parece que no te afecta en absoluto... Me siento un poco mareado en este momento... Déjame descansar un poco.	그런데 계시자님은 정말 아무렇지도 않은 것 같군요….전 지금 많이 어지러워서….좀 쉬고 있어야 겠어요.				파야우타	
QUEST_LV_0500_20250212_002974	Feliz de verte de regreso, parece que la medicina hizo su trabajo.	무사히 돌아오신 걸 보니 약이 효과가 있었던 것 같아 기쁩니다.				플레이그 닥터 마스터	
QUEST_LV_0500_20250212_002975	Entregue las muestras de la Sección 2. Debo comprobar algo ahora mismo.	2구역의 몬스터 표본을 주십시오. 당장 확인해 봐야 할 것들이 있습니다.				플레이그 닥터 마스터	
QUEST_LV_0500_20250212_002976	Como era de esperar...	역시 그렇군……				플레이그 닥터 마스터	
QUEST_LV_0500_20250212_002977	Esto no es más que una simple hipótesis, pero es probable que sea cierta.	지금부터 설명하는 건 어디까지나 가설에 불과합니다만, 아주 가능성이 높은 가설입니다.				플레이그 닥터 마스터	
QUEST_LV_0500_20250212_002978	Pude encontrar el rastro de la feromona de Ledania en las muestras de las Secciones 1 y 2.	저는 1구역과 2구역의 몬스터 표본에서 그 레다니아라는 존재가 뿜어내는 페로몬의 흔적을 찾을 수 있었습니다.				플레이그 닥터 마스터	
QUEST_LV_0500_20250212_002979	El problema es la diferencia entre la densidad, la diferencia entre la densidad de las secciones 1 y 2 es más de 2-3 veces.	문제는 농도 차이인데, 1구역과 2구역의 차이는 단순 육안으로 보기에도 2-3 배의 농도 차이가 있어 보입니다.				플레이그 닥터 마스터	
QUEST_LV_0500_20250212_002980	Hay una dosis letal de mi medicina. Hay 5 Secciones de la Cueva de Estalactitas de Tevhrin, te lo digo porque vas a luchar contra la entidad llamada Ledania.	제가 만드는 약에도 엄연히 치사량이라는게 있습니다. 테브린 종유동은 총 5구역까지 있는데, 그 레다니아라는 존재와 직접 싸우실 것 같아 드리는 이야기입니다.				플레이그 닥터 마스터	
QUEST_LV_0500_20250212_002981	Con diferencia, el medicamento debe ser 13 veces más denso que el que les di en la Sección 1. Una persona normal perdería todos los sentidos por completo.	이런 계산이라면 1구역에서 드렸던 것의 최소 13 배 이상 농도로 약을 제조해드려야 제 정신으로 버틸 수 있는데, 그건 평범한 생명체가 마셨다간 온몸의 감각 상실, 심하면 후각과 시력을 완전히 잃어버릴 수 있는 양입니다.				플레이그 닥터 마스터	
QUEST_LV_0500_20250212_002982	Por lo que vi, reaccionas de manera diferente en comparación con tus amigos.	하지만 제가 지켜본 바로, 당신과 당신 동료에 대한 페로몬 반응은 달라 보입니다.				플레이그 닥터 마스터	
QUEST_LV_0500_20250212_002983	Ya veo... No pareces tener muchos problemas para trabajar en la Cueva de Estalactitas de Tevhrin después de tomar la medicina que te di. ¿Bien?	제가 볼 때….당신은 굳이 기존에 드린 약만 복용해도 테브린 종유동에서 활동하는데 큰 지장이 없어 보여요. 맞지요?				플레이그 닥터 마스터	
QUEST_LV_0500_20250212_002984	Pero tengo una duda. Como Revelador, ¿tienes una resistencia natural a la feromona o Ledania intencionalmente la hizo ineficaz contra ti?	저의 최종 의문은 이겁니다. 계시자님이 단순히 그 페로몬에 대한 특별한 내성이 있는 것인가? 아니면 그 레다니아라는 존재가 의도적으로 당신에게만 반응하지 않도록 페로몬에 변형을 가한 것인가?				플레이그 닥터 마스터	
QUEST_LV_0500_20250212_002985	Supongo que mi trabajo termina aquí. Diles a tus amigos que no profundicen más en la cueva.	아무래도 저의 역할은 여기까지인 것 같습니다. 당신 동료에게는 더 이상 동굴 안으로 들어가지 말라고 전해주세요.				플레이그 닥터 마스터	
QUEST_LV_0500_20250212_002986	Tuve un presentimiento. Todos estuvieron expuestos a la misma feromona y tomaron la misma medicina, pero Revelador, no parecías verse afectado en absoluto.	어렴풋이 느끼고는 있었습니다. 같은 페로몬에 노출되고 같은 약을 먹었는데도 계시자님, 당신은 너무 자연스러워 보였거든요.				파야우타	
QUEST_LV_0500_20250212_002987	Como no hay más medicinas, debo escapar de este lugar pronto.	더 이상의 약은 없다고 하셨으니, 저는 빨리 이곳을 빠져나가야 될 것 같습니다.				파야우타	
QUEST_LV_0500_20250212_002988	Si logras derrotar con éxito a Ledania, podríamos encontrarnos nuevamente.	계시자님이 성공적으로 레다니아를 처치한다면, 우리는 곧 다시 볼 수 있을 겁니다.				파야우타	
QUEST_LV_0500_20250212_002989	Engañado y engañado	속고 속이고					
QUEST_LV_0500_20250212_002990	Encontrar el rastro	흔적 찾기					
QUEST_LV_0500_20250212_002991	Iniciar ataque	공격 개시					
QUEST_LV_0500_20250212_002992	Hermanas desaparecidas hace mucho	자매의 빈 자리					
QUEST_LV_0500_20250212_002993	Razones para aislarse	은둔의 이유					
QUEST_LV_0500_20250212_002994	Situación interna	내부 상황					
QUEST_LV_0500_20250212_002995	Kupole caído	쓰러진 큐폴					
QUEST_LV_0500_20250212_002996	Explícale a Laima lo que ha pasado hasta ahora.	라이마에게 지금까지의 일을 설명한다					
QUEST_LV_0500_20250212_002997	Feromona	페로몬					
QUEST_LV_0500_20250212_002998	Vine aquí con el nombre de Diosa Laima, explicando la situación actual.	라이마 여신이 보내서 왔으며, 레다니아에 대한 상황을  설명한다					
QUEST_LV_0500_20250212_002999	Reunión	다시 재회					
QUEST_LV_0500_20250212_003000	Contando toda la historia.	지금까지의 일을 말한다					
QUEST_LV_0500_20250212_003001	Recoge muestras de la sección 1 de la cueva de estalactitas de Tevhrin.	테브린 종유동 1구역 표본 모으기					
QUEST_LV_0500_20250212_003002	Entregar muestras de la sección 1 de la cueva de estalactitas de Tevhrin.	테브린 종유동 1구역 표본 전달					
QUEST_LV_0500_20250212_003003	Poción de resistencia a feromonas	페로몬 내성 물약					
QUEST_LV_0500_20250212_003004	Regresa a la sección 1 de la cueva de estalactitas de Tevhrin.	테브린 종유동 1구역으로 돌아가기					
QUEST_LV_0500_20250212_003005	Regalando medicinas a Pajauta y Kupole Medena..	파야우타와 큐폴 메데나에게 약을 건넨다..					
QUEST_LV_0500_20250212_003006	Dirígete a la sección 2 de la cueva de estalactitas de Tevhrin	테브린 종유동 2구역으로 전진하기					
QUEST_LV_0500_20250212_003007	Situación actual de la sección 2 de la cueva de estalactitas de Tevhrin	테브린 종유동 2구역의 상황					
QUEST_LV_0500_20250212_003008	Recoge muestras de la sección 2 de la cueva de estalactitas de Tevhrin.	테브린 종유동 2구역 표본 모으기					
QUEST_LV_0500_20250212_003009	Entrega muestras de la cueva de estalactitas de Tevhrin, sección 2	테브린 종유동 2구역 표본 전달					
QUEST_LV_0500_20250212_003010	Dar muestras obtenidas de los monstruos en la Sección 2 de la Cueva de Estalactitas de Tevhrin	테브린 종유동 2구역의 몬스터 표본을 건넨다					
QUEST_LV_0500_20250212_003011	Tomar riesgos	위험 감수					
QUEST_LV_0500_20250212_003012	Dirígete a la sección 3 de la cueva de estalactitas de Tevhrin	테브린 종유동 3구역으로					
QUEST_LV_0500_20250212_003013	a la colmena	둥지를 향해					
QUEST_LV_0500_20250212_003014	Debes tener algo que decirle a Pajauta.	당장 파야우타와 할 이야기가 있을 것입니다.					
QUEST_LV_0500_20250212_003015	Khonot f_bracken_42_1 EP17_1_BRACKEN_42_MQ4_PAJAUTA_NPC 80	코노트 f_bracken_42_1 EP17_1_BRACKEN_42_MQ4_PAJAUTA_NPC 80					
QUEST_LV_0500_20250212_003016	Debes discutir tus próximos planes con Pajauta.	파야우타와 대화하여 다음 행동에 대해 의논해야 합니다.					
QUEST_LV_0500_20250212_003017	Habla con Pajauta	파야우타와 대화하기.					
QUEST_LV_0500_20250212_003018	Destruye las avispas y las colmenas en el lugar objetivo.	목표 지점의 벌과 벌집 파괴					
QUEST_LV_0500_20250212_003019	Pajauta adivina que se trata de una trampa.	파야우타는 눈앞의 상황이 함정일 것이라 의심하고 있습니다.					
QUEST_LV_0500_20250212_003020	Vuelve con Laima y discute sobre los planes futuros.	라이마에게 돌아가서 이후의 방향에 대해 논의해야합니다.					
QUEST_LV_0500_20250212_003021	Laima te ha ordenado que encuentres a Pajauta, que se esconde en el bosque de Khonot, y que intentes hablar con ella.	라이마는 코노트 숲에 은둔하고 있는 파야우타를 찾아 대화해보라고 하였습니다.					
QUEST_LV_0500_20250212_003022	Reúnete con Pajauta en la entrada de la sección 1 de la cueva de estalactitas de Tevhrin.	테브린 종유동 1구역 입구에서 파야우타와 만나야 합니다.					
QUEST_LV_0500_20250212_003023	Habla con Kupole Medena	큐폴 메데나와 대화하기					
QUEST_LV_0500_20250212_003024	Debes encontrar un Kupole que pueda ayudarte en esta cueva con respecto a tu situación actual.	동굴에서 이 사태에 도움을 줄 수 있는 큐폴을 찾아야 합니다.					
QUEST_LV_0500_20250212_003025	Habla con Laima	라이마와 대화하기					
QUEST_LV_0500_20250212_003026	Vuelve con Laima y discute sobre la situación actual.	라이마에게 돌아가 지금까지의 상황에 대해 이야기해야 합니다.					
QUEST_LV_0500_20250212_003027	Habla con el Maestro Doctor de la Plaga	플레이그 닥터 마스터와 대화하기					
QUEST_LV_0500_20250212_003028	Encuentra a Maestro Médico de la Peste y habla sobre la apariencia de Ledania.	플레이그 닥터 마스터를 찾아가 레다니아의 출현에 대해 이야기해야 합니다.					
QUEST_LV_0500_20250212_003029	Pajauta todavía te espera en la entrada de la Cueva de Estalactitas.	파야우타가 여전히 종유 동굴 입구에서 당신을 기다리고 있을 것입니다.					
QUEST_LV_0500_20250212_003030	Derrota a 100 monstruos en la Sección 1 de la Cueva de Estalactitas de Tevhrin y regresa a Pajauta.	테브린 종유동 1구역의 몬스터 100 마리 처치 후, 파야우타에게 돌아가기.					
QUEST_LV_0500_20250212_003031	Debes derrotar a los monstruos circundantes para recolectar muestras para el Maestro Médico de la Peste.	플레이그 닥터 마스터에게 필요한 표본 수집을 위해 주변의 몬스터들을 처치해야합니다.					
QUEST_LV_0500_20250212_003032	Entrega las muestras recolectadas de la sección 1 de la cueva de estalactitas de Tevhrin al maestro médico de la peste.	플레이그 닥터 마스터에게 수집한 테브린 종유동 1구역 몬스터 표본을 전달해야합니다.					
QUEST_LV_0500_20250212_003033	Escuche atentamente la explicación del Maestro Doctor de la Plaga.	플레이그 닥터 마스터에게 설명을 들어야 합니다.					
QUEST_LV_0500_20250212_003034	Tienes que volver a Pajauta.	파야우타에게 돌아가야 합니다.					
QUEST_LV_0500_20250212_003035	Habla con Kupole Medena.	큐폴 메데나와와 대화하기					
QUEST_LV_0500_20250212_003036	Necesitas hablar con Kupole Medena.	큐폴 메데나와 대화해야 합니다.					
QUEST_LV_0500_20250212_003037	Habla con Pajauta en la Sección 2 de la Cueva de Estalactitas de Tevhrin.	테브린 종유동 2구역에서 파야우타와 대화해야 합니다.					
QUEST_LV_0500_20250212_003038	Derrota a 150 monstruos en la Sección 2 de la Cueva de Estalactitas de Tevhrin y regresa a Pajauta.	테브린 종유동 2구역의 몬스터 150 마리 처치 후, 파야우타에게 돌아가기					
QUEST_LV_0500_20250212_003039	Debes derrotar a los monstruos circundantes para recolectar muestras para el Maestro Médico de la Peste.	플레이그 닥터 마스터에게 필요한 표본 수집을 위해 주변의 몬스터들을 처치해야 합니다.					
QUEST_LV_0500_20250212_003040	Entrega las muestras recolectadas de la sección 2 de la cueva de estalactitas de Tevhrin al maestro médico de la peste.	플레이그 닥터 마스터에게 수집한 2구역 몬스터 표본을 전달해야 합니다.					
QUEST_LV_0500_20250212_003041	Debes encargarte tú mismo de ahora en adelante.	아무래도 이후의 전투는 혼자 감당해야할 것 같습니다.					
QUEST_LV_0500_20250212_003042	Múdate a la cueva de estalactitas de Tevhrin, sección 3	테브린 종유동 3구역으로 이동하기					
QUEST_LV_0500_20250212_003043	Como Revelador, debo profundizar más para salvar el Reino.	계시자로써 왕국을 구하기 위해, 더 깊은 곳으로 들어갈 수밖에 없습니다.					
QUEST_LV_0500_20250212_003044	Encuentra a Ledania en la cueva de estalactitas de Tevhrin, sección 5	테브린 종유동 5구역에서 레다니아를 찾아야 합니다					
QUEST_LV_0500_20250212_003045	Ledania te está atrayendo deliberadamente, pero no hay nadie más que tú para enfrentar esta amenaza.	레다니아는 노골적으로 당신을 유인하고 있지만, 당신이 아니면 이 위협과 맞설 수 있는 사람이 없습니다.					
QUEST_LV_0500_20250214_003046	El Revelador y yo profundizaremos más en nuestro interior.	저와 계시자님은 계속해서 안쪽으로 들어갈 생각입니다.	QUEST_LV_0500_20250212_002964	Revelator and I will go deeper inside. 	저와 계시자님은 계속해서 들어갈 생각입니다.	파야우타	
QUEST_LV_0500_20250826_003047	Revelador, has escuchado mi mensaje.	계시자, 부름에 응해주었군요.				여신 라이마
QUEST_LV_0500_20250826_003048	Los he traído hasta aquí debido a los eventos anormales en Kateen Forest.	계시자를 이곳으로 인도한 이유는 카틴 숲에서 벌어지고 있는 이상 현상 때문입니다.				여신 라이마
QUEST_LV_0500_20250826_003049	Kateen Forest, que alguna vez fue un refugio de vida y naturaleza, ahora sufre árboles marchitos y suelo contaminado.	카틴 숲은 한때 생명이 숨쉬던 신록의 숲이었으나, 지금은 나무는 잎을 잃고, 대지는 오염되고 있습니다.				여신 라이마
QUEST_LV_0500_20250826_003050	Esta no es la ley de la naturaleza, sino la obra de alguna entidad desconocida. Revelador, necesitamos que descubras la causa y restablezcas el ciclo de vida natural del ecosistema.	이것은 자연의 섭리가 아닌 누군가의 의지가 담긴 현상, 숲의 순환을 해치고 있는 원인을 파악하고 생명의 굴레를 되돌리기 위해서 계시자의 힘이 필요합니다.				여신 라이마
QUEST_LV_0500_20250826_003051	Gracias, por favor recoge la Esencia de Eldigo.	감사합니다, 그럼 먼저 엘디고의 정수 수집을 부탁 드리겠습니다.				의사 카롤
QUEST_LV_0500_20250826_003052	Gracias, por favor recoge la Esencia de Belstool.	정말 대단하군요. 이번에 필요한 재료는 벨스툴의 정수입니다.				의사 카롤
QUEST_LV_0500_20250826_003053	Ya casi llegamos. Por último pero no menos importante... Esencia de Trufa	재료가 거의 다 모여 가네요. 이번에 부탁드릴 재료는… 푸른 트리펠리의 정수입니다.				의사 카롤
QUEST_LV_0500_20250826_003054	¡Todos los materiales están aquí! Déjame mezclarlos todos juntos...	이제 재료가 모두 모였군요! 그럼 이것을 한데 모아서...				의사 카롤
QUEST_LV_0500_20250826_003055	¡¡De ninguna manera, cómo es que...!!	어어, 이럴수가…! 				의사 카롤
QUEST_LV_0500_20250826_003056	Eso, eso es... ¡los materiales están resistiendo a la reacción...!	그, 그게… 재료들이 거부 반응을 일으켜 섞이지 않아요...!				의사 카롤
QUEST_LV_0500_20250826_003057	Es posible que necesitemos Kartina Herbs para mezclar estos materiales.	아무래도 재료들을 혼합하기 위해서 카르티나 약초가 필요할 것 같아요.				의사 카롤
QUEST_LV_0500_20250826_003058	¡¡Muchas gracias!! Poniendo algunas Hierbas Kartina... ¡Correcto! Este es el antídoto completo.	정말 감사합니다! 그럼 카르티나 약초를 넣어서... 좋아! 이게 완성된 해독제입니다.				의사 카롤
QUEST_LV_0500_20250826_003059	¡Date prisa, trae el antídoto y salvemos a los aldeanos!	어서 해독제를 들고 고치에 갇힌 주민들이 있는 곳으로 가보도록 하죠!				의사 카롤
QUEST_LV_0500_20250826_003060	Los aldeanos atrapados en capullos necesitan atención urgente. Es un milagro que todavía estén vivos. ¡Debemos administrar el antídoto inmediatamente!	고치에 갇힌 주민들은 살아 있는 것만으로도 기적일 정도로 몸상태가 좋지 않아요. 빨리 해독제를 사용해서 고치에 갇힌 주민들을 치료해야 겠어요!				의사 카롤
QUEST_LV_0500_20250826_003061	Se están desintoxicando los venenos. Sin embargo...	독 기운이 사라지고 있군요. 그런데….				의사 카롤
QUEST_LV_0500_20250826_003062	Los aldeanos no despiertan… ¿Cómo es posible? ¡El veneno ya ha sido neutralizado!	마을 주민들이 눈을 뜨지 않습니다… 독 기운은 사라졌을텐데 어째서 의식이 돌아오지 않는 거죠… 				의사 카롤
QUEST_LV_0500_20250826_003063	BIEN. No puedo rendirme. ¡Soy el Doctor que salva la vida de las personas...!	맞습니다. 여기서 포기할 순 없죠. 전 생명을 살리는 의사이니깐요…!				의사 카롤
QUEST_LV_0500_20250826_003064	Es posible que haya pasado por alto algo mientras preparaba el remedio. ¿Podrías revisar los capullos en busca de alguna pista que pueda ayudar con la cura?	분명 약을 만들 때 고려하지 못한 부분이 있을 거예요. 혹시 주변에 고치에 갇힌 주민들을 치료할 단서가 있을지도 모르니 주변을 살펴봐 주시겠어요?				의사 카롤
QUEST_LV_0500_20250826_003065	Espectro embrujado	마을의 지박령				
QUEST_LV_0500_20250826_003066	El pueblo que protegí durante tanto tiempo yace en ruinas. Los aldeanos que alguna vez lo llenaron de risas ahora están atrapados en capullos y sus almas se desvanecen lentamente. Todo lo que puedo hacer es mirar impotente... Qué trágico...	오랫동안 지키던 마을이 부셔져 가고 웃고 떠들던 주민들은 저 불길한 고치에 영혼이 묶여 사라져 가고 있는데 할 수 있는게 바라만 보는 것이라니... 정말 안타까운 일이로고...				마을의 지박령
QUEST_LV_0500_20250826_003067	Oh... ¿Puedes verme?	오오, 설마 자네 내가 보이는 겐가?				마을의 지박령
QUEST_LV_0500_20250826_003068	Jajaja, he vivido lo suficiente para conocer a uno de los vivos que pueda verme. Un día inesperado, por cierto.	끌끌끌, 산자 중 나를 볼 수 있는 자를 만나다니, 정말 오래 존재하고 볼 일이구만.				마을의 지박령
QUEST_LV_0500_20250826_003069	Disculpe, si no le importa, ¿podría hacerle un favor a este viejo espíritu?	혹시 자네, 괜찮다면 이 오래된 영혼의 부탁을 들어 줄 수 있겠나?				마을의 지박령
QUEST_LV_0500_20250826_003070	Gracias, lo aprecio. Necesito el Alma de la Aparición Roja para curar las almas, pero no puedo hacerlo de esta forma.	정말 고맙네, 주민들의 영혼을 치료하기 위해서는 붉은 어패리션의 영혼이 필요한데 이 형체로는 무리여서 곤란하던 참이었거든.				마을의 지박령
QUEST_LV_0500_20250826_003071	Entonces, ayúdame a reunir el Alma de la Aparición Roja.	그럼 붉은 어패리션의 영혼을 모으는 것을 부탁하겠네.				마을의 지박령
QUEST_LV_0500_20250826_003072	¡De hecho trajiste el Alma de la Aparición Roja! Déjame curar las almas, esto sólo tomará un momento.	자네 정말 붉은 어패리션의 영혼을 가져 왔구만! 그럼 주민들의 영혼을 치료할테니 잠시만 기다려 주시게.				마을의 지박령
QUEST_LV_0500_20250826_003073	Je je. Es bueno ver a todos despiertos. Me alegro de haber podido ayudar al pueblo. Gracias.	흘흘. 다들 정신을 차려서 다행이구먼. 이렇게 마을을 도울 수 있었던 건 모두 자네 덕분이야, 정말 고맙네.				마을의 지박령
QUEST_LV_0500_20250826_003074	Aeglei	에글레				
QUEST_LV_0500_20250826_003075	Tú...? Ah, Revelador, es un honor... verte. Mi nombre es Aeglei, un aventurero que investiga el bosque Kateen.	당신은…? 아, 계시자님. 만나 뵙게 되어… 기쁩니다. 저는 카틴 숲 일대를 조사하고 있는 탐험가 에글레입니다.				에글레
QUEST_LV_0500_20250826_003076	Kateen Forest... Sigue susurrando. Concéntrate... ¿Me oyes? Yo... Sólo seguí esa voz.	카틴 숲은… 제게 속삭입니다. 귀를 기울이면… 들리십니까? 저는… 그 속삭임을 따라갔을 뿐입니다.				에글레
QUEST_LV_0500_20250826_003077	El lugar... Oscuro y hermoso. Otros... No podían entender la calidez. Qué trágico.	그곳은… 어둡고도 아름답습니다. 다른 이들은… 그 따뜻함을 이해하지 못했죠. 안타까운 일입니다.				에글레
QUEST_LV_0500_20250826_003078	Si necesita los documentos de la investigación anterior... puedo compartir algunos detalles con usted. Pero tenga cuidado... a veces la verdad es demasiado pesada para soportarla.	지금까지의 조사 기록이 필요하시다면… 일부를 드리겠습니다. 하지만 진실은… 때로는 너무 끈적하답니다.				에글레
QUEST_LV_0500_20250826_003079	Por favor... siente la verdad del bosque... Entonces, que tu camino te lleve a la comprensión.	부디… 숲의 진심을 직접 느껴보세요. …그럼, 당신의 발걸음이 실타래를 풀어주길.				에글레
QUEST_LV_0500_20250826_003080	Revelador, ¿has examinado los documentos? Jaja... no te fíes de todo lo que lees. Al bosque le gusta mentir.	계시자님, 조사기록은 읽어 보셨나요? 하하… 일부는 틀렸을 겁니다. 숲은 거짓말을 좋아하거든요.				에글레
QUEST_LV_0500_20250826_003081	Algunos de los monstruos del bosque están bajo la influencia de las Hermanas. En cuanto a lo que dejé atrás... contiene tanto errores como verdad. Esto refleja la voluntad de las Hermanas. Y... el mío también.	숲에는 자매의 자취에 영향을 받은 몬스터들이 존재합니다. 제가 남긴 자취에도… 실수와 진실이 뒤섞여 있죠. 그게 자매의 의지입니다. 아니… 제 의지이기도 하죠.				에글레
QUEST_LV_0500_20250826_003082	Escuche atentamente a las Hermanas... Incluso las mentiras pueden tener un sabor dulce. Dime Revelador... ¿cuál prefieres?	속삭임에 귀 기울이면… 거짓마저도 달콤하답니다. 계시자님은… 어느 쪽이 더 좋으신가요?				에글레
QUEST_LV_0500_20250826_003083	Si tienes hambre de la verdad... debes saber que puede herirte. Continúe su viaje. Deja que el hilo te guíe.	진실만 원한다면… 저는 조금 아프겠군요. 계속 걸어가세요. 실이 길을 가르쳐줄 겁니다.				에글레
QUEST_LV_0500_20250826_003084	...Y cuando vuelvas, por favor no me olvides.	…그리고 돌아올 땐, 저를 잊지 마세요.				에글레
QUEST_LV_0500_20250826_003085	Su determinación de restaurar el bosque es evidente. Te ayudaré amablemente.	숲을 되돌리려는 계시자님의 의지는 확고한 것 같네요. 그러면 도와드리겠습니다.				에글레
QUEST_LV_0500_20250826_003086	Ah... Esta campana... Las Hermanas la desprecian por encima de todo. Se la conoce como la Campana de Resonancia.	아… 이 종은… 자매가 가장 싫어하는 물건입니다. 조율의 종이라고 하죠.				에글레
QUEST_LV_0500_20250826_003087	¿Vas a tocarlo? El sonido... perforará mis oídos. Si escuchas demasiado... te arrancarán el corazón. Y escuchar susurros con el corazón desgarrado... es una agonía.	울리실 건가요? 제 귀에도… 울리겠네요. 조심하세요. 너무 오래 들으면… 마음이 찢어져요. 마음이 찢어진 채로 속삭임을 듣는 건… 아름답지 않답니다.				에글레
QUEST_LV_0500_20250826_003088	Las Hermanas roban sonidos. También intentarán robar el sonido de la campana. Cuando deje de sonar... las Hermanas se echarán a reír. Revelador, eres valiente... pero ¿llevarás esto hasta el final? Mientras suena... no digas mi nombre.	자매는 소리를 훔칩니다. 종소리도… 훔치려고 하겠죠. 혹시 울리다 말고 멈춘다면… 자매가 웃을 겁니다. 계시자님은 용감하시니까… 분명 끝까지 울리실 거죠? 울리는 동안… 제 이름은 부르지 마세요.				에글레
QUEST_LV_0500_20250826_003089	El sonido de la campana... se extiende como ondas en el agua. Ah... me late la cabeza. Pero... siento alegría. Por favor, pasemos a la siguiente área.	종소리가… 파문처럼 번집니다. 아아… 머리가 아파요. 하지만… 행복해요. 다음 지역으로 어서 가보세요.				에글레
QUEST_LV_0500_20250826_003090	¿Estás bien, Revelador? El sonido... atraviesa profundamente a las Hermanas. Sin embargo... me traspasa de todos modos.	계시자님은… 괜찮으신가요? 이 소리가… 자매를 찌르고 있어요. 하지만 동시에… 저를 찌르기도 하네요.				에글레
QUEST_LV_0500_20250826_003091	Sangre... ¿Estoy sangrando? Jaja, fue una broma.	피… 흐르고 있나요? 하하, 농담이에요.				에글레
QUEST_LV_0500_20250826_003092	Que siga sonando el timbre. Si las ondas se desvanecen... todo se reiniciará. Vayamos a la ubicación final.	울음을 멈추지 마세요. 파문이 멈추면… 모든 게 돌아옵니다. 마지막 지점으로 가보죠.				에글레
QUEST_LV_0500_20250826_003093	Yo... me niego a volver. Mis pensamientos se están volviendo más claros ahora. El control mental de las Hermanas era más profundo de lo que imaginaba...	저는… 다시 돌아가고 싶지 않아요. 이제 뿌옅던 머릿 속이 개이는 것 같은 느낌이 들어요. 거미 자매의 정신 지배가 이렇게나 강력했었다니…				에글레
QUEST_LV_0500_20250826_003094	Ah, amigos... ¡Capullos! Ahora lo recuerdo.	아, 친구들… 고치! 드디어 기억이 났어요. 				에글레
QUEST_LV_0500_20250826_003095	¡Revelador! ¡Por favor salva a mis amigos!	제 친구들을 구해주실 수 있나요! 계시자님!				에글레
QUEST_LV_0500_20250826_003096	Si tan solo me despertara más temprano...	제가 조금만 더 일찍 정신을 차렸더라면...				에글레
QUEST_LV_0500_20250826_003097	Simplemente agradezco que mis amigos se salvaran antes de que las Hermanas pudieran absorber sus almas...	그래도 제 친구들이 영혼을 수집당하기 전에 구할 수 있어서 다행입니다...				에글레
QUEST_LV_0500_20250826_003098	Puede que sus cuerpos hayan desaparecido, pero sus espíritus siguen vivos. Gracias por preservar las almas de mis amigos.	이미 육체는 없어졌지만 영혼은 순순했던 상태로 보낼 수가 있었어요. 친구들의 영혼이마나 구할 수 있어서 정말 감사드립니다.				에글레
QUEST_LV_0500_20250826_003099	El problema restante es este enorme capullo... Esta podría ser la fuente del control mental. Parece imposible destruirlo con métodos normales.	이제 문제는 남은 이 큰 고치인데.. 아마도 이 큰 고치가 정신 오염을 일으키는 본체로 보이네요. 그냥 파괴는 안될 것 같은데…				에글레
QUEST_LV_0500_20250826_003100	Mi investigación muestra que las Hermanas tienen miedo a las llamas. El fuego destruye el hilo por completo.	지금까지 제가 조사하던 걸 알려 드리자면 자매는 불을 무서워합니다. 불은 실을 태우니까요.				에글레
QUEST_LV_0500_20250826_003101	Hay una brasa de Gabija que nunca se apaga. Para evitar que el fuego se propagara, las Hermanas corrompieron las mentes de todos en esta zona.	 이 곳 레타스 개울가에는 잔잔하지만 꺼지지 않는 가비야의 불씨가 있다고 하는데요. 그게 퍼지는 걸 막기 위해서 거미 자매는 이곳에 온 모든 이들의 정신을 오염시켰던 거였어요.				에글레
QUEST_LV_0500_20250826_003102	Como los demonios no pueden acercarse a las brasas, inundaron el bosque para mantener a otros alejados de él. ¡Necesitamos conseguir esa brasa e incinerar el capullo!	 마족은 성스러운 불씨에 다가갈 수 없으니 다른 이들의 접근을 막기 위해 진을 치고 있더라고요. 얼른 불씨를 획득해서 대형 고치를 태워버리죠!				에글레
QUEST_LV_0500_20250826_003103	¡Sí! Eso es todo. ¡La brasa de Gabija! ¡La llama eterna!	맞아요! 그거예요. 가비야의 불씨! 꺼지지 않는 불꽃!				에글레
QUEST_LV_0500_20250826_003104	Los susurros... se están desvaneciendo. Las almas parecen haber encontrado la paz a pesar del tormento del control mental.	속삭임이… 사라지고 있어요. 정신 지배에 고통스러워 하던 영혼들이 평안을 찾아가는 듯한 느낌이 드네요.				에글레
QUEST_LV_0500_20250826_003105	Revelador... Ahora... los susurros han cesado... Qué tranquilidad. Tan pacífico... Ahora lo entiendo... Me doy cuenta... de que fui un espantapájaros todo el tiempo.	계시자님… 이제야… 속삭임이 멈췄어요. 정말… 편안하네요. 이렇게 조용하다니… 제가 얼마나… 허수아비였는지… 알게 됐어요.				에글레
QUEST_LV_0500_20250826_003106	El camino a seguir es claro. Por favor, destruye el último capullo... Las Hermanas están aisladas ahora. Ve a las llanuras de Saknis.	 길은 열렸어요. 마지막 실타래를… 끊어주세요. 자매는… 이제 혼자 남았습니다. 바로 사크니스 벌판이예요				에글레
QUEST_LV_0500_20250826_003107	Revelador, que bueno verte de nuevo. Estaba esperando que llegaras aquí. He estado explorando por orden del Palacio Real, pero el último grupo de exploradores desapareció sin dejar rastro.	계시자님, 오랜 만입니다. 당신이 도착하길 기다리고 있었습니다. 왕궁의 지시로 정기 순찰을 하고 있었는데 정찰대가 마지막 보고도 없이 사라졌습니다.				장교 다뉴스
QUEST_LV_0500_20250826_003108	Esta desaparición es anormal. El último mensaje mencionaba entidades araña y círculos mágicos enredados con hilos. Estos son restos de antiguos fragmentos mágicos sellados en el bosque. Esto no es un campo de batalla, es un templo de la conciencia. Ten cuidado.	이건 단순한 실종이 아닙니다. 그들은 거미의 형상, 그리고 ‘실로 엮인 마법진’을 목격했다고 마지막에 남겼죠. 바로 숲에 봉인된 고대 마법의 잔재일 가능성이 큽니다. 전장 대신 의식의 전당에 들어가는 셈입니다. 조심하세요.				장교 다뉴스
QUEST_LV_0500_20250826_003109	Esta es un área que se suponía que los exploradores patrullarían regularmente, pero aún no han regresado. ¿Podrías buscarlos?	정찰대가 항상 정기 순찰을 하던 지역인데, 돌아오지 않은 지 몇 시간이 지났습니다. 혹시 그들을 찾아주실 수 있습니까?				장교 다뉴스
QUEST_LV_0500_20250826_003110	Uf, ¿eres...?	크윽, 당신은...?				병사 로이
QUEST_LV_0500_20250826_003111	Los otros soldados fueron arrastrados más profundamente hacia el área por monstruos parecidos a arañas. Yo estaba en la parte trasera de la formación, así que logré escapar cuando los hilos se debilitaron, pero los demás no tuvieron oportunidad. Yo te guiaré allí. ¿Podrás salvarlos?	다른 동료들은 거미처럼 생긴 괴물에게 더 깊은 곳으로 끌려갔습니다. 제가 가장 뒤에 있어서 그랬는지, 저를 휘감던 실이 잠시 느슨해진 틈을 타 급히 도망쳤지만, 다른 동료들은 속수무책으로 끌려갔습니다. 혹시 제가 안내할 테니 구해주실 수 있습니까?				병사 로이
QUEST_LV_0500_20250826_003112	Han perdido el conocimiento mientras se transforman en capullos. Hay hilos enrollados alrededor de sus cabezas, y parece que los hilos mágicos han encerrado sus mentes. Debo informar a Danus.	동료들이 고치로 변해 의식을 차리지 못하는군요. 머리 주위에 실이 칭칭 감겨 있는 걸 보니 실의 마력이 그들의 정신을 봉인했기 때문인 것 같습니다. 다뉴스님에게 보고해야곘습니다.				병사 로이
QUEST_LV_0500_20250826_003113	Estos son los detalles importantes proporcionados por el último soldado que queda. En lo profundo del corazón del bosque, se ubicó un capullo colosal. Allí están enredados todas las hadas, soldados y fuerzas mágicas.	방금 마지막 남은 대원들에게서 받은 소중한 정보입니다. 숲 깊은 곳, 거대한 고치가 발견됐습니다. 정령, 병사, 마력… 모두 그 주변에 얽혀 있죠. 				장교 다뉴스
QUEST_LV_0500_20250826_003114	El capullo sirve como protección y fuente de poder para las Hermanas. Este capullo gigante, creado por una araña monstruosa, es la causa fundamental de todos estos eventos. Por favor destrúyelo.	그 자체가 자매의 방어막이며, 힘의 공급원입니다. 거미 괴물이 만든 거대 고치가 지역 모든 일의 원흉으로 보입니다. 없애 주세요.				장교 다뉴스
QUEST_LV_0500_20250826_003115	¡Por fin! Todo soldado debería estar consciente ahora. ¡Muchas gracias Revelador!	역시! 이제 병사들도 정신을 차렸을 겁니다. 정말 감사합니다. 계시자님!				장교 다뉴스
QUEST_LV_0500_20250826_003116	Rescatar a los aldeanos	주민 구출				
QUEST_LV_0500_20250826_003117	Fenómenos anormales.	이상 현상				
QUEST_LV_0500_20250826_003118	Obtener Material (1)	재료 확보 (1)				
QUEST_LV_0500_20250826_003119	Obtener Material (2)	재료 확보 (2)				
QUEST_LV_0500_20250826_003120	Obtener Material (3)	재료 확보  (3)				
QUEST_LV_0500_20250826_003121	¿Qué ocurre?	무슨 일인가요?				
QUEST_LV_0500_20250826_003122	Aldeanos envueltos	고치가 된 마을주민들				
QUEST_LV_0500_20250826_003123	Sanar	치료한다				
QUEST_LV_0500_20250826_003124	Los aldeanos aún permanecen inconscientes... Pregúntale a Karol.	주민들이 여전히 눈을 뜨지 않는다... 카롤에게 물어보자				
QUEST_LV_0500_20250826_003125	Debe haber una manera	분명 방법이 있을 것이다				
QUEST_LV_0500_20250826_003126	Buscar	살펴 본다				
QUEST_LV_0500_20250826_003127	Guardián del pueblo	마을의 수호자				
QUEST_LV_0500_20250826_003128	¿Alma?	영혼?				
QUEST_LV_0500_20250826_003129	sanar el alma	영혼 치료				
QUEST_LV_0500_20250826_003130	Los aldeanos están despertando	효과가 있었는지 주민들이 일어난다				
QUEST_LV_0500_20250826_003131	Apareció	출현				
QUEST_LV_0500_20250826_003132	Conoce a un extraño aventurero	정신이 이상한 탐험가와의 만남				
QUEST_LV_0500_20250826_003133	Documento oculto	숨겨진 기록				
QUEST_LV_0500_20250826_003134	Campana de Resonancia (1)	조율의 종 (1)				
QUEST_LV_0500_20250826_003135	Campana de Resonancia (2)	조율의 종 (2)				
QUEST_LV_0500_20250826_003136	Campana de Resonancia (3)	조율의 종 (3)				
QUEST_LV_0500_20250826_003137	Gente envuelta	고치가 된 사람들				
QUEST_LV_0500_20250826_003138	Capullo gigante	거대한 고치				
QUEST_LV_0500_20250826_003139	Brasa de Gabija	가비야의 불씨				
QUEST_LV_0500_20250826_003140	Quemar capullo gigante	거대 고치 불태우기				
QUEST_LV_0500_20250826_003141	Guarida de hermanas	자매의 본거지				
QUEST_LV_0500_20250826_003142	Exploradores desaparecidos	사라진 정찰대				
QUEST_LV_0500_20250826_003143	Soldados de rescate	병사 구조				
QUEST_LV_0500_20250826_003144	Encontré al soldado. Rescate.	병사를 발견했다. 구해준다.				
QUEST_LV_0500_20250826_003145	Soldado restante	남은 동료				
QUEST_LV_0500_20250826_003146	Cerebro	원흉				
QUEST_LV_0500_20250826_003147	La diosa Laima tiene un mensaje para compartir.	라이마 여신이 할 이야기가 있다고 합니다.				
QUEST_LV_0500_20250826_003148	Ir a Karolis Springs	카롤리스 샘터에 가기				
QUEST_LV_0500_20250826_003149	Examina los eventos anormales en Kateen Forest	카틴 숲에서 벌어지는 이상 현상을 확인하기.				
QUEST_LV_0500_20250826_003150	Reúne 50 esencias de Eldigo.	엘디고의 정수 50개 수집하기				
QUEST_LV_0500_20250826_003151	Encuentra los materiales de antídoto que solicitó la Dra. Karol.	의사 카롤으로부터 치료제의 재료를 찾아달라는 요청을 받았습니다.				
QUEST_LV_0500_20250826_003152	Esencia de Belstool	벨스툴의 정수 수집하기				
QUEST_LV_0500_20250826_003153	Encuentra los materiales de antídoto que solicitó la Dra. Karol.	의사 카롤으로부터 치료제의 재료를 찾아달라는 요청을 받았습니다				
QUEST_LV_0500_20250826_003154	Esencia de Beeteros Azules	푸른 비테라스의 정수 수집하기				
QUEST_LV_0500_20250826_003155	Reúne hierbas de Kartina	카르티나 약초 채집하기				
QUEST_LV_0500_20250826_003156	Usa el antídoto de Karol	카롤이 제작한 치료약 사용하기				
QUEST_LV_0500_20250826_003157	El antídoto se ha completado. Obtén el antídoto del Dr. Karol y úsalo con los aldeanos envueltos en capullos.	드디어 치료약이 완성되었습니다. 카롤에게서 만들어진 치료약을 받아 고치가 된 마을 주민에게 사용해야합니다.				
QUEST_LV_0500_20250826_003158	Mirar alrededor	주변을 살펴보기				
QUEST_LV_0500_20250826_003159	Los aldeanos permanecen inconscientes incluso después del antídoto. Busque pistas cercanas.	치료약을 사용했지만 주민들이 깨어나지 못하고 있습니다. 주변에서 단서를 찾아 봐야합니다.				
QUEST_LV_0500_20250826_003160	Escuche al espectro embrujado	마을 지박령의 부탁 들어주기				
QUEST_LV_0500_20250826_003161	Mientras buscabas en la zona, descubriste un fantasma inquieto. El fantasma tiene una petición para ti.	주변에서 단서를 찾던 중 떠돌던 영혼을 발견했습니다. 영혼이 무언가 부탁할게 있다고 합니다.				
QUEST_LV_0500_20250826_003162	Enfrentar la causa del problema	문제의 원인과 조우하기				
QUEST_LV_0500_20250826_003163	Has arruinado su trabajo. Enfrentar la causa del problema	자신의 일을 방해 당해서 당신에게 화난 상태입니다. 문제의 원인과 조우하십시오.				
QUEST_LV_0500_20250826_003164	Conoce a la aventurera	탐험가와 조우하기				
QUEST_LV_0500_20250826_003165	Conoce al misterioso aventurero en Letas Streams	레타스 개울가에서 의문의 탐험가와 만나보십시오.				
QUEST_LV_0500_20250826_003166	Rastrea el origen de los susurros	속삭임의 원인 추적하기				
QUEST_LV_0500_20250826_003167	Por lo que he oído, el estado mental de Aeglei se está deteriorando. La causa no está clara, pero deberíamos empezar a buscar en el bosque.	이야기를 들어보니 탐험가 에글레의 정신 상태가 좋지 않은 것 같습니다. 그가 정확히 원하는게 뭔지 알 수는 없지만, 숲에서 사냥을 진행해봅시다.				
QUEST_LV_0500_20250826_003168	Habla con Aeglei	에글레와 대화하기				
QUEST_LV_0500_20250826_003169	Ve al destino y toca la Campana de Resonancia recibida de Aeglei.	목표 지역에서 에글레에게 받은 조율의 종을 사용하십시오.				
QUEST_LV_0500_20250826_003170	Ve al destino y toca la Campana de Resonancia.	목표 지점에 가서 조율의 종 사용하기				
QUEST_LV_0500_20250826_003171	Rescata a los amigos envueltos en Aeglei.	고치가 된 에글레의 친구들 구하기				
QUEST_LV_0500_20250826_003172	Ve al destino y salva a los amigos de Aeglei.	목표 지점에 가서 에글레의 친구들을 구해주십시오.				
QUEST_LV_0500_20250826_003173	Habla con Aeglei sobre los capullos gigantes.	거대 고치에 대해서 에글레와 이야기 해봐야 할 것 같습니다.				
QUEST_LV_0500_20250826_003174	Encuentra la brasa de Gabija	가비야의 불씨 찾기				
QUEST_LV_0500_20250826_003175	Ember of Gabija está en algún lugar de Letas Streams.	레타스 개울가 어딘가에 가비야의 불씨가 있다고 합니다.				
QUEST_LV_0500_20250826_003176	Quema los capullos con la brasa de Gabija.	발견한 가비야의 불씨로 고치를 불태워야 합니다.				
QUEST_LV_0500_20250826_003177	Encuentra la guarida de las hermanas	자매의 본거지 찾기				
QUEST_LV_0500_20250826_003178	Según Aeglei, la Guarida de las Hermanas se encuentra en las Llanuras de Saknis.	에글레의 말에 따르면 사크니스 벌판에 자매의 본거지가 있다고 합니다.				
QUEST_LV_0500_20250826_003179	Habla con el oficial Danus	장교 다뉴스와 대화하기				
QUEST_LV_0500_20250826_003180	Habla con el oficial Danus sobre los soldados desaparecidos en Saknis Plains...	사크니스 벌판에서 실종된 병사에 대해 장교 다뉴스가 이야기 할 게 있습니다..				
QUEST_LV_0500_20250826_003181	Habla con el oficial Danus sobre los soldados desaparecidos en Saknis Plains.	사크니스 벌판에서 실종된 병사에 대해 장교 다뉴스가 이야기 할 게 있습니다				
QUEST_LV_0500_20250826_003182	Búsqueda de los soldados desaparecidos	돌아오지 않는 병사 찾기				
QUEST_LV_0500_20250826_003183	Investigue las áreas de patrulla y encuentre a los soldados desaparecidos.	정찰대의 순찰 지역을 조사해 돌아오지 않는 병사를 찾아주세요.				
QUEST_LV_0500_20250826_003184	Encuentra soldados desaparecidos	끌려간 동료들 찾기				
QUEST_LV_0500_20250826_003185	Comprueba el estado de los demás soldados.	로이의 다른 동료들의 상태를 확인해봐야겠습니다.				
QUEST_LV_0500_20250826_003186	Se ha descubierto un capullo gigante en las profundidades de las llanuras de Saknis. Parece ser el cerebro detrás de todos estos eventos y debe ser eliminado.	사크니스 벌판 깊숙한 곳에서 거대한 고치가 발견했습니다. 정황상 모든 일의 원흉으로 보이며, 제거 할 필요가 있습니다.				
QUEST_LV_0500_20250826_003187	Quitar capullos	고치 제거				
QUEST_LV_0500_20250826_003188	Cara Laimara	라이마라 조우				
QUEST_LV_0500_20250826_003189	Laimara se enfureció después de que sus planes se arruinaran. Ten cuidado.	자신의 계획이 일그러진 라이마라가 분노하고 있습니다. 조심하십시오.				
QUEST_LV_0500_20250826_003190	cara ragana	라가나 조우				
QUEST_LV_0500_20250826_003191	Ha aparecido Ragana.	전투로 인해 지친 당신에게 라가나가 나타납니다.				
QUEST_LV_0500_20260206_003192	Revelador, siento el dolor de los aldeanos.	계시자, 주민들의 고통이 느껴지네요.				여신 라이마
QUEST_LV_0500_20260206_003193	Los gritos de sufrimiento continúan elevándose desde Sventimas Exile, la antigua morada de los trabajadores de la prisión de Kalejimas.	과거 칼레이마스 감옥을 건설했던 주민들이 모여 있는 스벤티마스 유형지에서 고통의 호소가 계속 들리고 있습니다.				여신 라이마
QUEST_LV_0500_20260206_003194	Una tierra dura, pero suficiente para sustentar la vida. Ahora, parece que la misma Tierra se ha vuelto para amenazar a su propia gente.	비록 척박한 땅이긴 하나 생명을 이어가기엔 부족함이 없는 곳인데 오히려 지금은 그 땅이 주민들을 위협하고 있는 것 같군요.				여신 라이마
QUEST_LV_0500_20260206_003195	Sin duda, se trata de un fenómeno impulsado por la voluntad de alguien. Para salvar al pueblo y estabilizar el mundo, se requiere el poder del Revelador.	이것은 분명 누군가의 의지가 담긴 현상, 주민들을 구하고 세계를 안정시키기 위해서 계시자의 힘이 필요합니다.				여신 라이마
QUEST_LV_0500_20260206_003196	Chaleims	칼레임스				
QUEST_LV_0500_20260206_003197	¡Revelador! Feliz de encontrarte de nuevo. ¡Nuestros gritos deben haber llegado a oídos de la Diosa Laima! Estaba perdiendo toda esperanza, pensando que realmente todo había terminado para nosotros... ¡Estoy tan, tan aliviado!	오오 계시자님! 다시 만나 반갑습니다. 저희들의 기도가 라이마님께 닿은 모양이군요! 이대로 끝나는 건가 싶어서 낙담하고 있었는데 정말 다행입니다!				칼레임스
QUEST_LV_0500_20260206_003198	No hace mucho, los monstruos de repente comenzaron a invadir el área. Con estos terremotos y extrañas anomalías, temíamos que el apocalipsis estuviera sobre nosotros. ¿Podrías investigar esto?	얼마 전부터 갑자기 몬스터들이 들끓고 지진과 이상 현상이 발생해 세상의 종말이 오는 게 아닌가 걱정했습니다. 조금 살펴봐 주실 수 있을까요?				칼레임스
QUEST_LV_0500_20260206_003199	Gracias, ahora los aldeanos se sienten aliviados. Sin embargo... encuentro que todavía no puedo alegrarme realmente.	덕분에 마을은 한시름 놓았습니다. 하지만, 마냥 기뻐할 수만은 없군요.				칼레임스
QUEST_LV_0500_20260206_003200	No hay señales de Argis y llega tarde. Si era tan peligroso cerca del pueblo, temo por su seguridad ahí fuera...	식량을 구하러 간 아르기스가 돌아올 시간이 지났는데도 소식이 없습니다. 마을 근처가 이 지경이었는데, 그 녀석이가 간 곳은 무사할지...				칼레임스
QUEST_LV_0500_20260206_003201	Uf... Si no fuera por ti, esta noche habría sido la cena de un monstruo. Tenemos tan poca comida que me arriesgué, pero... supongo que fue imposible para mí.	후아... 계시자님이 아니었다면 전 오늘 몬스터의 저녁 식사가 될 뻔했습니다. 마을의 식량이 떨어져 가길래 큰맘 먹고 나왔는데... 역시 무리였나 봐요.				아르기스
QUEST_LV_0500_20260206_003202	El sacerdote Chaleims está preocupado por ti. Volvamos.	칼레임스 사제가 걱정하고 있습니다. 얼른 돌아가죠.				
QUEST_LV_0500_20260206_003203	¡Ah! Así es, ¡el Sacerdote debe estar esperando! Será mejor que regrese de inmediato.	아! 맞다, 사제님이 기다리시겠네요! 비록 성과는 없지만 얼른 가봐야겠습니다.				아르기스
QUEST_LV_0500_20260206_003204	...Pero Revelador,	...그런데 계시자님, 혹시 				아르기스
QUEST_LV_0500_20260206_003205	pequeño animal blanco?	하얗고 조그만 짐승				아르기스
QUEST_LV_0500_20260206_003206	¿Has visto	 못 보셨나요?				아르기스
QUEST_LV_0500_20260206_003207	¿Animales blancos?	하얀 짐승?				
QUEST_LV_0500_20260206_003208	En realidad, vi algo extraño. En medio de todas esas bestias violentas, había un animal pálido caminando tranquilamente, como si no le importara nada en el mundo.	네, 아까 몬스터들에게 쫓기면서 얼핏 봤는데... 그 흉폭한 몬스터들 사이를 유유히 걸어 다니는 희끄무레한 동물이 있었거든요.				아르기스
QUEST_LV_0500_20260206_003209	Podría estar equivocado, por supuesto... pero de todos modos, ¡manténgase en guardia, Revelador!	잘못 본 건가 싶긴 한데... 아무튼 계시자님도 조심하세요!				아르기스
QUEST_LV_0500_20260206_003210	¡Maullido!	냥!				고양이
QUEST_LV_0500_20260206_003211	el	엘				
QUEST_LV_0500_20260206_003212	¡Genial!	훌륭하다냥!				엘
QUEST_LV_0500_20260206_003213	¿Un gato que puede hablar...?	고양이가 말을...?				
QUEST_LV_0500_20260206_003214	¿Qué pasa con esa mirada, miau? ¿Es tan fascinante el hecho de que pueda hablar, miau?	눈을 왜 그렇게 뜨냥? 말하는 고양이가 신기하냥?				엘
QUEST_LV_0500_20260206_003215	... No que yo sepa, seguro.	...적어도 내 상식선에선, 흔한 일은 아니지.				
QUEST_LV_0500_20260206_003216	Mi nombre es	내 이름은 				엘
QUEST_LV_0500_20260206_003217	. Como puedes ver soy un ser muy lindo y especial!	. 보다시피 아주 특별하고 귀여운 존재다냥!				엘
QUEST_LV_0500_20260206_003218	Sí. Encantado de conocerte El. Entonces, ¿cuál es tu verdadero motivo para acercarte a mí?	그래. 반가워 엘. 그래서 나한테 접근한 이유가 뭐야?				
QUEST_LV_0500_20260206_003219	¡Ah, directo al grano! ¡Maullido!	오호, 단도직입적이라 마음에 든다냥! 				엘
QUEST_LV_0500_20260206_003220	Sentí una fuerza misteriosa que me atraía hasta aquí... ¡y ahora mi sensor felino hormiguea como loco! ¡Maullido! ¿Qué dices? ¿Quieres unirte a mí, miau?	이 근처로 왠지 모를 부름이 느껴져서 왔는데... 마침 내 냥센서가 강하게 반응하고 있다냥! 어때, 나와 함께 가보지 않겠냥?				엘
QUEST_LV_0500_20260206_003221	¡Sígueme si estás listo!	준비가 되었다면 나를 따라오라냥!				엘
QUEST_LV_0500_20260206_003222	Me alegro mucho que estés a salvo, Miau.	무사해서 다행이다냥.				엘
QUEST_LV_0500_20260206_003223	Hmm... Parece que tenemos que subir aún más arriba, ¡miau! Esta vez soy positivo, así que sígueme una vez más, ¡miau!	음. 아무래도 좀 더 위로 가야 할 것 같다냥! 이번에는 확실하니 다시 따라오라냥!				엘
QUEST_LV_0500_20260206_003224	(¿Puedo realmente confiar en el gato?)	(믿어도 되는 걸까?)				
QUEST_LV_0500_20260206_003225	Gracias Miau. Este es el sello mágico, casi termino sellado yo mismo, miau.	휴우~ 고맙다냥. 이건 봉인진인데 하마터면 내가 봉인될 뻔 했다냥.				엘
QUEST_LV_0500_20260206_003226	Al ver como se activa de forma tan indiscriminada, debe haberse roto, miau.	이렇게 구분없이 동작하는 것을 보면 아무래도 고장나 버린 것 같다냥.				엘
QUEST_LV_0500_20260206_003227	Para que lo sepas, este no es el único sello mágico que existe, miau. Las corrientes mágicas están en total desorden, así que apuesto a que los otros sellos también están en un estado bastante grave, ¡miau!	참고로 봉인진은 여기 하나만 있는 게 아니다냥. 이 주변 마력의 흐름이 전부 엉망진창인걸 보면, 분명 다른 곳에 있는 봉인진들도 상태가 심각할 거다냥.				엘
QUEST_LV_0500_20260206_003228	Yo tampoco conozco los detalles exactos, miau. Pero una cosa es segura, cada anomalía por aquí definitivamente es causada por esto, ¡miau!	그건 나도 정확하게 모른다냥. 그렇지만 이 주변에서 일어나는 이상 현상들은 전부 이것 때문이 분명하다냥!				엘
QUEST_LV_0500_20260206_003229	(Si está relacionado con las anomalías, será mejor que investigue...)	(이상 현상이랑 관련 있으면 조사해보는게 좋겠어…) 				
QUEST_LV_0500_20260206_003230	¿A dónde debo ir?	그러면 어디로 가면 되지?				
QUEST_LV_0500_20260206_003231	¡Sé que estaríamos en la misma onda! Mi sensor felino está captando una señal masiva de Kadumel Cliff, ¡miau!	역시 말이 통한다냥! 카듀멜 절벽에서 내 냥센서가 강하게 느껴지고 있다냥! 				엘
QUEST_LV_0500_20260206_003232	Puedo olerlo, miau... ¡El aroma de un incidente masivo y peligroso! Yo saldré primero para explorar el área, así que apúrate y sígueme, ¡miau!	냄새가 난다냥... 아주 위험하고 거대한 사건의 냄새가! 내가 먼저 가서 정찰하고 있을 테니, 얼른 따라오라냥!				엘
QUEST_LV_0500_20260206_003233	¡Oh, Revelador! Has llegado al momento perfecto. ¡Seguramente la Diosa nos está cuidando y ha guiado tus pasos hacia mí!	오오, 계시자님! 마침 잘 오셨습니다. 여신께서 저를 도우시는군요!				마을 사제 아른타스
QUEST_LV_0500_20260206_003234	Como sacerdote que protegió esta tierra durante generaciones, corría hasta aquí para inspeccionar el estado del antiguo sello mágico.	대대로 이곳을 지켜온 사제로서, 고대 봉인진의 상태를 점검하러 급히 오던 길입니다.				마을 사제 아른타스
QUEST_LV_0500_20260206_003235	¿Sello mágico?	봉인진이라니요?				
QUEST_LV_0500_20260206_003236	Sí. Normalmente, deberían permanecer invisibles. Sin embargo, tal vez debido a los siniestros presagios que rodean las afueras de la aldea, estos sellos mágicos ocultos han quedado expuestos a la superficie.	네. 본래라면 결계에 가려져 보이지 않아야 정상입니다만... 최근 마을 근처의 불길한 징조 때문인지, 숨겨져 있던 봉인진들이 지상으로 드러나 버렸습니다.				마을 사제 아른타스
QUEST_LV_0500_20260206_003237	¿Exactamente qué tipo de entidad ha sido encarcelada bajo estos sellos?	도대체 무엇이 봉인되어 있는 겁니까?				
QUEST_LV_0500_20260206_003238	Es el antiguo dragón conocido como Zmei. Aunque es sólo una mera leyenda, traerá un desastre más allá de la imaginación.	즈메이라고 불리는 고대 드래곤입니다. 지금은 전설로만 치부되는, 아주 무시무시한 재앙이지요.				마을 사제 아른타스
QUEST_LV_0500_20260206_003239	No esperaba un dragón. Vi los sellos rotos en mi camino. ¿Hay algo relacionado con eso?	드래곤이라니... 생각지 못한 존재가 잠들어 있었군요. 안 그래도 오는 길에 훼손된 봉인진을 봤습니다. 혹시 그것과 관련이 있습니까?				
QUEST_LV_0500_20260206_003240	… Entonces tú también lo notaste. Así es. Esas huellas también me han estado preocupando y por eso tengo tanta prisa.	...역시 보셨군요. 맞습니다. 저도 그 흔적들 때문에 불안감을 떨칠 수가 없어 이렇게 서두르는 중입니다.				마을 사제 아른타스
QUEST_LV_0500_20260206_003241	Revelador, por favor. ¿Podrías seguirme hasta la colina cercana y ayudarme a inspeccionar el estado del primer círculo de sellado?	계시자님, 부탁드립니다. 저와 함께 근처 언덕에 있는 첫 번째 봉인진의 상태를 확인해 주실 수 있겠습니까?				마을 사제 아른타스
QUEST_LV_0500_20260206_003242	Cómo... el sello está arruinado.	이럴 수가... 봉인진이 망가져 있군요. 				마을 사제 아른타스
QUEST_LV_0500_20260206_003243	Simplemente no está simplemente arruinado. Sólo se han destruido las partes centrales del sello.	게다가 단순히 망가진 게 아닙니다. 봉인진의 핵심이 되는 문양만 골라서 정교하게 파괴되어 있습니다. 				마을 사제 아른타스
QUEST_LV_0500_20260206_003244	Esto no puede ser obra de los monstruos. Está claro que alguien... con una intención muy concreta, ha neutralizado el sello.	아무리 봐도 이건 몬스터의 짓이 아닙니다. 누군가... 아주 명확한 의도를 가지고 봉인을 무력화시켰다는 뜻입니다.				마을 사제 아른타스
QUEST_LV_0500_20260206_003245	Revelador, la situación es peor de lo que pensaba. Debemos darnos prisa...	계시자님, 사태가 생각보다 훨씬 심각합니다. 서둘러야...				마을 사제 아른타스
QUEST_LV_0500_20260206_003246	¿Quizás pueda ayudar a maullar?	그렇게 심각하다면 내가 도와줄까냥?				엘
QUEST_LV_0500_20260206_003247	De ninguna manera, ¿un gato puede hablar...?	아니, 지금 고양이가 말을...?				마을 사제 아른타스
QUEST_LV_0500_20260206_003248	Mi nombre es 'El'. Soy una entidad especial que ayuda a esta persona en este momento.	내 이름은 ‘엘’. 지금 이 녀석을 도와주고 있는 아주 특별한 존재다냥.				엘
QUEST_LV_0500_20260206_003249	Por lo que puedo decir, tú eres el que está a cargo aquí. ¿No deberías salir corriendo a comprobar el siguiente sello, miau?	딱 보니 네가 여기 관리자인 모양인데, 얼른 다음 봉인진의 상태나 확인해보는게 좋지 않겠다냥?				엘
QUEST_LV_0500_20260206_003250	Da la casualidad de que mi sensor felino está detectando la ubicación de los sellos, así que te echaré una pata, ¡miau!	마침 내 냥센서가 봉인진의 위치를 쫓고 있으니, 도와주겠다냥!				엘
QUEST_LV_0500_20260206_003251	Un gato que habla... realmente es una maravilla. Sin embargo... tienes razón. Tus palabras me han devuelto a la realidad. Había olvidado momentáneamente mi deber y dejé que la desesperación nublara mi mente.	말하는 고양이라니... 놀랍군요. 하지만... 맞습니다. 그 말씀 덕분에 정신이 번쩍 듭니다. 제가 잠시 본분을 잊고 좌절하고 있었습니다. 				마을 사제 아른타스
QUEST_LV_0500_20260206_003252	Estaba tan desesperada que hubiera agradecido la ayuda de cualquiera, incluso de un gato. Y por suerte has aparecido. El... ¿lo fue? Sé que no tengo derecho a pedirte esto, pero deseo confiar en tus habilidades. Por favor, ¿me ayudarás?	지금은 정말이지 고양이 손이라도 빌려야 할 만큼 절박한 상황이었는데, 이렇게 제 발로 나타나 주시다니요. 엘 님...이라고 하셨나요? 염치 불구하고 그 능력을 빌리고 싶습니다. 부디 저를 도와주시겠습니까?				마을 사제 아른타스
QUEST_LV_0500_20260206_003253	Debo quedarme aquí para investigar más a fondo las huellas dejadas en este sello dañado. Revelador, ¿serías tan amable de comprobar el estado de los otros sellos mágicos junto con El?	저는 손상된 봉인진에 남은 흔적들을 좀 더 조사해봐야겠습니다. 계시자님은 엘님과 함께 다른 봉인진의 상태를 확인해주시겠습니까?				마을 사제 아른타스
QUEST_LV_0500_20260206_003254	Hmm, exactamente como pensaba, miau. Es un completo desastre. No hay duda de que alguien está rompiendo sistemáticamente estos sellos, ¡miau!	흠, 역시 내 예감은 틀리지 않았다냥. 예상했던대로 상태가 영 엉망이다냥. 누군가 아주 치밀하게 봉인들을 하나씩 무너뜨리고 있는 게 분명하다냥.				엘
QUEST_LV_0500_20260206_003255	¡Revelador, has regresado! Ya escuché las noticias de El, pero… ¿es cierto que el segundo sello mágico ha sido tan horriblemente destruido?	계시자님, 돌아오셨군요! 엘 님께 이야기는 들었습니다만... 설마하니 두 번째 봉인진까지 처참하게 파괴되었다는 게 사실입니까?				마을 사제 아른타스
QUEST_LV_0500_20260206_003256	Oh, no... Entonces era verdad. ¡De hecho, alguien está destruyendo el sello! Si ese es el caso, ¡su próximo objetivo será el tercer sello!	아아, 이럴 수가... 누군가 의도적으로 결계를 무너뜨리고 있다는 게 사실이었군요. 그렇다면 놈들의 다음 목표는 분명 세 번째 봉인일 겁니다!				마을 사제 아른타스
QUEST_LV_0500_20260206_003257	Al final... incluso esto ha caído en tal ruina. Protegemos con éxito los ataques desde el exterior, entonces, ¿qué pudo haber salido mal?	결국... 이것마저 허망하게 망가지다니.. 외부의 공격도 막아냈는데 도대체 무엇이 잘못된 걸까요? 				마을 사제 아른타스
QUEST_LV_0500_20260206_003258	¡No hay tiempo para lágrimas, miau! ¡Contrólate! Tenemos que movernos ahora y ver si el sello final aún está intacto, ¡miau!	청승 떨고 있을 시간 없다냥! 정신 차려라냥! 어서 당장 마지막 봉인진 역시 확인해봐야 한다냥!				엘
QUEST_LV_0500_20260206_003259	¡Ah... ah! Bien... perdí la cabeza.	아... 아아! 맞습니다... 제가 잠시 정신을 놓았습니다.				마을 사제 아른타스
QUEST_LV_0500_20260206_003260	Ahora sólo queda un sello para suprimir la verdadera forma de Zmei. Si se destruye este último sello, todo se perderá. Revelador, ¡debemos actuar inmediatamente, como El predijo!	이제 즈메이의 본체를 억누르고 있는 봉인진은 하나 뿐입니다. 이것마저 깨진다면 정말 끝입니다! 계시자 님, 엘 님의 말씀대로 당장 움직이시죠!				마을 사제 아른타스
QUEST_LV_0500_20260206_003261	...Como esperaba, el estado de este lugar es anormal. Como puedes ver, la luz del sello se está apagando.	...혹시나 했는데, 역시 이곳의 상태도 심상치 않군요. 보시다시피 봉인진의 빛이 꺼져가고 있습니다.				마을 사제 아른타스
QUEST_LV_0500_20260206_003262	¿Estás herido?	어디 다친 데는 없다냥?				엘
QUEST_LV_0500_20260206_003263	No... ¡esto no puede ser! ¿El último sello mágico... siendo roto...?	이, 이게 무슨…! 마지막 봉인진을... 이렇게 허망하게...!!				마을 사제 아른타스
QUEST_LV_0500_20260206_003264	¡Uf... esta... esta energía oscura...!	크윽, 이 흉악한 기운...!				마을 사제 아른타스
QUEST_LV_0500_20260206_003265	¡El sello acaba de romperse, pero la fuerza de Zmei ya está surgiendo de las colinas y extendiéndose hacia la aldea!	 분명 방금 봉인이 풀렸을텐데도 벌써 즈메이의 마력이 산기슭을 넘어 마을 쪽으로 퍼지고 있습니다! 				마을 사제 아른타스
QUEST_LV_0500_20260206_003266	¡Los aldeanos están en peligro!	이대로라면 주민들이 위험합니다!				마을 사제 아른타스
QUEST_LV_0500_20260206_003267	Revelador, debemos dirigirnos a la aldea y llevar a la gente a un lugar seguro. ¿Me prestarás tu fuerza una vez más para ayudarlos a evacuar?	계시자님, 저와 함께 서둘러 마을로 돌아가 사람들을 대피시켜야 할 것 같습니다. 도와주시겠습니까?				마을 사제 아른타스
QUEST_LV_0500_20260206_003268	¡¿Qué?! ¿Tiene la intención de quedarse solo en este lugar peligroso?	네?! 이 위험한 곳에 홀로 남으시겠다고요?				마을 사제 아른타스
QUEST_LV_0500_20260206_003269	Tal como dijo Arntas, si Zmei acaba de liberarse del sello, probablemente aún no haya recuperado toda su fuerza.	아른타스 님 말씀대로 즈메이가 막 봉인에서 풀려난 상태라면, 놈은 아직 온전한 힘을 찾지 못했을 겁니다.				
QUEST_LV_0500_20260206_003270	Esta es la única oportunidad de derribarlo. Mientras me enfrento a Zmei, dejo la seguridad de los aldeanos en tus manos, sacerdote.	지금이 놈을 쓰러뜨릴 유일한 기회입니다. 제가 즈메이를 붙잡아 두는 동안, 사제님은 주민들을 부탁합니다.				
QUEST_LV_0500_20260206_003271	Ah... Revelador... Tú realmente eres...	아... 계시자님... 당신은 진정...				마을 사제 아른타스
QUEST_LV_0500_20260206_003272	...Está bien. Estaba tan consumido por el terror que casi dejé escapar nuestra única oportunidad. Qué tonto de mi parte.	...알겠습니다. 제가 어리석었습니다. 눈앞의 공포에 질려 가장 중요한 기회를 놓칠 뻔했군요.				마을 사제 아른타스
QUEST_LV_0500_20260206_003273	Defenderé el pueblo incluso a costa de mi vida. Lo siento, pero... encomiendo el destino de esta tierra a tus manos. ¡Por favor, regrese con nosotros sano y salvo!	마을은 제 목숨을 걸고 지키겠습니다. 염치없지만... 이곳을, 이 땅의 운명을 부디 부탁드립니다! 무사하십시오!				마을 사제 아른타스
QUEST_LV_0500_20260206_003274	Hmm ~ ¡Estoy impresionado!	흐음~ 제법인데?				엘
QUEST_LV_0500_20260206_003275	Bueno, Arntas fue a salvar a los aldeanos, supongo que depende de nosotros.	뭐, 아른타스는 마을 사람들을 챙기러 갔으니, 결국 우리끼리 해결해야 한다냥.				엘
QUEST_LV_0500_20260206_003276	Revelador, ¿ves ese pilar rojo?	계시자, 저기 뿜어져 나오는 시뻘건 마력의 기둥이 보이냥?				엘
QUEST_LV_0500_20260206_003277	¡Allí está la guarida de Zmei! Todavía está enroscado y reuniendo su poder. Necesitamos atacar primero y mostrarle a ese dragón quién manda antes de que recupere su fuerza, ¡miau!	저기가 바로 즈메이가 똬리를 틀고 있는 둥지다냥! 놈이 힘을 완전히 회복하기 전에, 우리가 먼저 가서 콧대를 납작하게 눌러주자냥!				엘
QUEST_LV_0500_20260206_003278	Hmm... eso huele mal, miau. Recuerdo que esto era un callejón sin salida, seguro. Parece que Zmei se revolvió y simplemente... destruyó toda la tierra con esa fuerza ridícula, ¡miau!	흠… 이상하다냥. 내 기억엔 분명 여긴 꽉 막힌 절벽이었다냥. 아무래도 즈메이가 몸부림치면서 그 무식한 힘으로 지형을 통째로 뭉개버린 것 같다냥.				엘
QUEST_LV_0500_20260206_003279	¡Uf, me está dando escalofríos! ¡Una fuerza tan viciosa sale de la entrada, miau!	으으, 털이 쭈뼛 선다냥! 입구에서부터 아주 흉악하고 뜨거운 마력이 느껴진다냥.				엘
QUEST_LV_0500_20260206_003280	Seguro que nos está esperando. ¡Sé valiente, Revelador!	녀석이 우릴 기다리고 있는 게 분명하다냥. 마음 단단히 먹어라냥, 계시자!				엘
QUEST_LV_0500_20260206_003281	¿Miau? ¡De ninguna manera! ¿De verdad derrotaste ese desastre? No lo puedo creer... ¡Eres increíble, miau!	냐아?! 세, 세상에나! 정말로 이 재앙을 쓰러뜨린 거냥? 믿을 수가 없다냥...! 진짜 대단하다냥!				엘
QUEST_LV_0500_20260206_003282	...Tuve suerte.	...운이 좋았을 뿐이야.				
QUEST_LV_0500_20260206_003283	La suerte es sólo un talento más, ¡miau! Al final, el que sobrevive es el que es verdaderamente fuerte, ¡miau!	운도 실력이다냥! 살아남은 자가 강한 거다냥!				엘
QUEST_LV_0500_20260206_003284	De todos modos, mírate, miau. Tu pelaje... err, quiero decir, tu ropa está hecha jirones y estás cubierto de sangre, ¡miau!	아무튼, 지금 네 꼴을 좀 보라냥. 털... 아니, 옷이 걸레짝이 되고 피투성이다냥.				엘
QUEST_LV_0500_20260206_003285	Dirígete al pueblo rápidamente, ¡miau! Arntas debe estar esperándote. ¡Deberías curar tus heridas, miau!	 얼른 마을로 뛰어가라냥! 아른타스가 목 빠지게 기다릴 거다냥. 빨리 가서 치료부터 받아야지, 그러다 쓰러진다냥!				엘
QUEST_LV_0500_20260206_003286	¿No vienes con nosotros?	너는? 같이 안 가?				
QUEST_LV_0500_20260206_003287	Yo me encargaré de la limpieza, miau. Me aseguraré de que los restos de la fuerza de Zmei no contaminen el área y luego me pondré al día pronto, miau. ¡No te preocupes y sigue adelante, miau!	난 뒤처리 담당이다냥. 즈메이가 남긴 불길한 마력이 주변을 오염시키지 않게 정리 좀 하고 금방 뒤따라가겠다냥. 걱정 말고 먼저 가라냥!				엘
QUEST_LV_0500_20260206_003288	Disturbios en la aldea (1)	마을의 소란 (1)				
QUEST_LV_0500_20260206_003289	Disturbios en la aldea (2)	마을의 소란 (2)				
QUEST_LV_0500_20260206_003290	Rescate y Encuentro (1)	구출과 만남 (1)				
QUEST_LV_0500_20260206_003291	Rescate y Encuentro (2)	구출과 만남 (2)				
QUEST_LV_0500_20260206_003292	Enfoque (1)	접근 (1)				
QUEST_LV_0500_20260206_003293	Acércate al gato que ha estado esperando.	기다리고 있던 고양이에게 손을 내민다				
QUEST_LV_0500_20260206_003294	Enfoque (2)	접근 (2)				
QUEST_LV_0500_20260206_003295	(Seguir)	(따라간다)				
QUEST_LV_0500_20260206_003296	Dispositivo de sellado roto (1)	고장난 봉인 장치 (1)				
QUEST_LV_0500_20260206_003297	Dispositivo de sellado roto (2)	고장난 봉인 장치 (2)				
QUEST_LV_0500_20260206_003298	¿Qué es este Sello Mágico?	이 봉인 장치의 정체가 뭔데?				
QUEST_LV_0500_20260206_003299	Primer sello mágico	첫 번째 봉인				
QUEST_LV_0500_20260206_003300	Segundo Sello Mágico	두 번째 봉인				
QUEST_LV_0500_20260206_003301	Tercer Sello Mágico	세 번째 봉인				
QUEST_LV_0500_20260206_003302	Cuarto Sello Mágico (1)	네 번째 봉인 (1)				
QUEST_LV_0500_20260206_003303	Cuarto Sello Mágico (2)	네 번째 봉인 (2)				
QUEST_LV_0500_20260206_003304	Cuarto Sello Mágico (3)	네 번째 봉인 (3)				
QUEST_LV_0500_20260206_003305	Sello desatado (1)	풀려버린 봉인 (1)				
QUEST_LV_0500_20260206_003306	De ninguna manera. Sacerdote, debes ir al pueblo. Me quedaré aquí.	아니요. 사제님은 마을로 가십시오. 저는 이곳에 남겠습니다				
QUEST_LV_0500_20260206_003307	Sello desatado (2)	풀려버린 봉인 (2)				
QUEST_LV_0500_20260206_003308	gato vicioso	나쁜 고양이				
QUEST_LV_0500_20260206_003309	Escuche informes de anomalías en el Santuario de Laima	라이마의 성소에서 이상현상 전해 듣기				
QUEST_LV_0500_20260206_003310	He recibido un oráculo de la Diosa Laima. Debemos proceder al exilio de Sventimas para investigar el sufrimiento de los residentes y la siniestra presencia que amenaza la tierra.	라이마 여신의 신탁을 받았습니다. 스벤티마스 유형지에서 들려오는 주민들의 고통과 그 땅을 위협하는 불길한 의지를 조사하기 위해 현지로 이동해야 합니다.				
QUEST_LV_0500_20260206_003311	El sacerdote Chaleims ha solicitado una investigación de los alrededores.	사제 칼레임스 요청으로 주변 조사				
QUEST_LV_0500_20260206_003312	Al llegar a la zona, me encontré con el sacerdote Chaleims. Está dominado por el miedo y afirma que los ataques de monstruos y los terremotos le hacen sentir como si el apocalipsis llegara pronto. Debemos derrotar a los monstruos cercanos para garantizar la seguridad de la aldea.	장에 도착해 사제 칼레임스를 만났습니다. 그는 몬스터의 습격과 지진으로 인해 세상의 종말이 온 것 같다며 공포에 떨고 있습니다. 주변의 몬스터를 처치하여 마을의 안전을 확보해야 합니다.				
QUEST_LV_0500_20260206_003313	Busque a los aldeanos desaparecidos	실종된 주민 탐색				
QUEST_LV_0500_20260206_003314	El sacerdote Chaleims está preocupado por los aldeanos. Debemos buscarlos y prepararnos para cualquier circunstancia inesperada.	사제 칼레임스가 돌아오지 않고 있는 마을 주민을 걱정하고 있습니다. 만약의 상황을 대비해 한 번 찾아보는게 좋겠습니다.				
QUEST_LV_0500_20260206_003315	Sigue al gato desconocido	정체 모를 고양이 따라가기				
QUEST_LV_0500_20260206_003316	Encontré un gato sospechoso cerca del lugar donde mencionó Argis. A pesar de que el área está invadida por monstruos, no huye. En cambio, comienza a marcar el camino, como si te guiara a alguna parte.	아르기스가 말한 곳에서 수상한 고양이를 발견했습니다. 몬스터가 들끓는 위험한 곳임에도 도망치지 않는 이 고양이는, 마치 당신을 어딘가로 안내하려는 듯 앞장서기 시작합니다.				
QUEST_LV_0500_20260206_003317	El gato sospechoso te está esperando.	수상한 고양이가 당신을 기다리고 있습니다.				
QUEST_LV_0500_20260206_003318	Sigue a el	엘 따라가기				
QUEST_LV_0500_20260206_003319	Seguí los instintos de El, pero este no parece ser el destino correcto.	엘의 감을 믿고 이동했지만, 목표 지점은 이곳이 아닌 모양입니다.				
QUEST_LV_0500_20260206_003320	Investiga el rastro del sello mágico.	봉인 흔적 조사				
QUEST_LV_0500_20260206_003321	Mientras investigaba el sello mágico, El fue encarcelado cuando el dispositivo se activó repentinamente. Se activó sin identificación, por lo que debe ser destruido. Derrota a los monstruos y rescata a El.	봉인의 흔적을 조사하던 중, 엘이 갑작스럽게 작동한 장치에 갇히고 말았습니다! 피아식별 없이 작동하는 것으로 보아 고장 난 것이 분명합니다. 몰려오는 몬스터를 처치하고 엘을 구출하세요.				
QUEST_LV_0500_20260206_003322	hablar con el	엘과 대화하기				
QUEST_LV_0500_20260206_003323	Aunque fue rescatado, El se queja mientras comparte una información importante. Hay más de un sello mágico de este tipo y su mal funcionamiento puede ser la causa de las anomalías.	구출된 엘은 투덜거리면서도 중요한 정보를 건넵니다. 이런 봉인 장치가 한두 개가 아니며, 이 장치들의 오작동이 이상 현상의 원인일 수 있다는 것입니다				
QUEST_LV_0500_20260206_003324	Habla con el sacerdote del pueblo Arntas	마을사제 아른타스와 대화하기				
QUEST_LV_0500_20260206_003325	A petición del sacerdote del pueblo Arntas, nos propusimos inspeccionar el estado del antiguo sello mágico. Al llegar, descubrimos que no había sido dañado por monstruos, sino destruido deliberadamente desde dentro.	마을사제 아른타스의 요청으로 고대 봉인진의 상태를 확인합니다. 현장에 도착해보니 봉인진은 마물의 공격이 아니라, 누군가 내부에서부터 고의로 파괴한 흔적만이 남아있었습니다.				
QUEST_LV_0500_20260206_003326	Comprueba el sello mágico	봉인진 확인				
QUEST_LV_0500_20260206_003327	Guiados por los agudos instintos de El, encontramos un segundo sello mágico plagado de monstruos.	엘의 날카로운 감 덕분에 마물들이 몰려들고 있던 두 번째 봉인진을 발견합니다.				
QUEST_LV_0500_20260206_003328	Revelator y El han regresado, y Arntas pregunta desesperadamente por el resultado.	계시자와 엘이 복귀하자, 아른타스가 초조하게 결과를 묻습니다.				
QUEST_LV_0500_20260206_003329	Este no es el final. Ve y habla con Arntas.	아직 끝난게 아닙니다. 아른타스와 대화를 해봐야합니다.				
QUEST_LV_0500_20260206_003330	Sólo queda un sello mágico. Debemos proteger el sello final que está reprimiendo a Zmei.	이제 남은 봉인진은 단 하나. 즈메이를 억누르고 있는 마지막 봉인진을 사수해야 합니다.				
QUEST_LV_0500_20260206_003331	Derrotamos a los monstruos, pero es demasiado pronto para sentirnos seguros.	몬스터들을 무사히 막아냈습니다. 하지만 아직 안심 할 수 없습니다.				
QUEST_LV_0500_20260206_003332	Habla con el sacerdote del pueblo Arntas	마을사제 아른타스와 대하하기				
QUEST_LV_0500_20260206_003333	Mientras el sacerdote del pueblo Arntas evacua a los aldeanos, el Revelador y El se enfrentan a Zmei.	마을 사제 아른타스가 마을 사람들을 대피시키는 동안, 계시자와 엘은 단둘이서 즈메이를 막아보고자 합니다.				
QUEST_LV_0500_20260206_003334	Batalla con Zmei	즈메이와 전투				
QUEST_LV_0500_20260206_003335	El dragón sellado ha despertado. Detenlo antes de que recupere su poder y amenace al mundo.	오랫동안 봉인되어 있던 무시무시한 용이 깨어났습니다. 이대로 놔두었다가는 힘을 회복하고 엄청난 재앙이 되어 세상을 위협할 겁니다.				
QUEST_LV_0500_20260206_003336	Conversación secreta entre El y Baubas	엘과 바우바스의 밀담				
QUEST_LV_0500_20260206_003337	Al quedarse solo, El revela su verdadera naturaleza y se burla del caído Zmei.	홀로 남은 엘은 본색을 드러내며 죽은 즈메이를 비웃습니다.				
