QUEST_UNUSED_20150317_000001	Ajá, estás de camino a ver al Maestro Perdonador. Te deseo suerte.	아하, 파드너 마스터에게로 가는 길이로군. 무운을 빕지요.				
QUEST_UNUSED_20150317_000002	Tenga en cuenta el largo camino Hashipusho.	먼 길 조심하십쇼.				
QUEST_UNUSED_20150317_000003	El perdón será visto de regreso a tu maestro Te. {nl} si tuve la olla buscando durante mucho tiempo.{nl}	그래. 이거야. 파드너로 입문을 허락하지.{nl}면죄부를 산 은화 한 닢이 헌금함에 떨어지는 소리가 우릴 구원으로 이끌지.{nl}재물 또한 여신의 커다란 축복이라는 것을 명심하게.				
QUEST_UNUSED_20150317_000004	El perdón será visto de regreso a tu maestro Te. {nl} si tuve la olla buscando durante mucho tiempo.	어서 파드너 마스터께 돌아가 보게.{nl}그 불항아리를 아주 오랫동안 찾고 계셨거든.				
QUEST_UNUSED_20150317_000005	Escultura del búho guardián	문지기 부엉이 조각상				
QUEST_UNUSED_20150317_000006	O al estilo Tesla nos ha creado cortando el árbol. {nl} Entonces, lechuza, siempre dices que quieres devolverte el favor. {nl}	테슬라님은 나무를 깎아서 우릴 만드셨어요.{nl}그래서 우리 부엉이들은 항상 은혜를 갚고 싶어 한답니다.{nl}				문지기 부엉이 조각상
QUEST_UNUSED_20150317_000007	Entonces yo lo que es. Puedes preguntar. ¿Le gustaría la escultura de mármol recolectada por electrólisis de Tesla de la Catedral {nl}?	그래서 말인데요. 부탁드릴 것이 있어요.{nl}대성당에서 대리석 조각을 모아서 테슬라님께 전해 주실 수 있을까요?				문지기 부엉이 조각상
QUEST_UNUSED_20150317_000008	Si es mármol de la catedral, pero ¿le gusta el estilo Tesla?	대성당의 대리석이라면 테슬라님께서 좋아하시겠지요?				문지기 부엉이 조각상
QUEST_UNUSED_20150317_000009	Si fuera un regalo de la imagen del búho {nl} el bebé, pero una prueba de mi vida. {nl}	부엉이 조각상들의 선물인가?{nl}그 귀여운 녀석들은 내 삶에 대한 증거이지. {nl}				조각가 테슬라
QUEST_UNUSED_20150317_000010	En fin.. Lo que parecía visitante feliz viene algo hoy, oye lo haré dibujando.	어쨌든.. 오늘 어쩐지 반가운 손님이 오실 것 같더라니, 고맙네그려.				조각가 테슬라
QUEST_UNUSED_20150317_000011	Cuando lo vi por primera vez en Klaipeda, pensé que era si Ya podía sacudir el delicado brazo de la espada. {nl} Pero ahora me convertí en un héroe en el héroe que mucha gente elogia. {nl}	자네를 클라페다에서 처음 봤을 땐 그 가녀린 팔로 검이나 휘두를 수 있을까 싶었었지.{nl}허나 지금은 많은 이들이 칭송하는 용사 중의 용사가 되었구나.{nl}				소드맨 마스터
QUEST_UNUSED_20150317_000012	Aislamiento. Simplemente cazando. En {nl}, Itogetone esperando en Klaipeda.	하지만 난 자네의 용기를 직접 확인하고 싶어.{nl}이 어두운 숲을 사악한 기운으로 뒤덮는 밴시.. 자네에겐 적당한 도전이 아닌가 싶군.				소드맨 마스터
QUEST_UNUSED_20150317_000013	Ha sido. Estaba esperando. {nl} recibiría una recompensa digna de su contenedor si alcanzara este nivel.	별거 아닐세. 그저 사냥일 뿐이지.{nl}그럼, 클라페다에서 기다리고 있겠네.				소드맨 마스터
QUEST_UNUSED_20150317_000014	Ha sido. Estaba esperando. {nl} recibiría una recompensa digna de su contenedor si alcanzara este nivel.	왔군. 기다리고 있었네.{nl}이 정도면 자네의 용기에 걸맞은 보상일 거야.				소드맨 마스터
QUEST_UNUSED_20150317_000015	Jeje, estoy muy entusiasmado. {nl} Recordé cuando todavía eras asistente de convergencia. Entonces también estabas muy entusiasmado. {nl}	후후, 정말 열심이네. {nl}네가 아직 수습 위저드였을 때가 생각났어. 그때도 넌 참 열심이었지..{nl}				위저드 마스터
QUEST_UNUSED_20150317_000016	Ahora quiero saber cómo creciste. Si {nl} banshee et al contaminan el bosque, ¿no aceptas el desafío apropiado?	지금의 네가 얼마나 성장했는지 알고 싶어.{nl}이 숲을 더럽히는 밴시들이라면 네게 적당한 도전이 아닐까?				위저드 마스터
QUEST_UNUSED_20150317_000017	En lugar de realizar una prueba, se considera algo bueno. En {nl}, y más tarde también se reunieron en Klaipeda.	시험보다는 좋은 일을 한다고 생각하는 거야.{nl}그럼, 나중에 클라페다에서 또 만나.				위저드 마스터
QUEST_UNUSED_20150317_000018	Sí, brillantemente Hatchiu~otone. y {nl} es ¿qué tipo de figura será en el próximo encuentro, más ansioso?	그래, 멋지게 해치웠네.{nl}다음에 만날 땐 어떤 모습일지 더욱 궁금해지는걸?				위저드 마스터
QUEST_UNUSED_20150317_000019	Realmente intentarás que la apuesta descrita se ajuste a su reputación. {nl} es para exterminar a todas las desagradables banshees que cubren este bosque{nl}. ¿Cómo es?	널 처음 보았을 땐 너무 어설퍼서 금방 죽지 않을까.. 싶었는데.{nl}지금은 나보다도 더 유명해진 것 같아.{nl}				아처 마스터
QUEST_UNUSED_20150317_000020	Entonces voy a ser importante que realmente apueste. Me conocí es, no es más importante. En {nl}, esperando en Klaipeda.	네가 정말 그 명성에 걸맞는지 나와 내기를 해 볼까.{nl}이 숲을 뒤덮고 있는 역겨운 밴시들을 모두 처치하는 거지. 어때?				아처 마스터
QUEST_UNUSED_20150317_000021	Ha sido. Realmente tienes que impresionarme. {nl} ¿Esperas ahora una apariencia más adulta?	사실 내기가 뭐 그리 중요하겠어. 날 만난 게 더 중요하지.{nl}그럼, 클라페다에서 기다리겠어.				아처 마스터
QUEST_UNUSED_20150317_000022	Creo que se supone que está más lleno de la gracia de la diosa que cuando llegaste por primera vez a Klaipeda. {nl} Quiero saber qué tan profunda es tu fe.	왔군. 넌 정말 날 감탄하게 하는구나.{nl}다음엔 더 성장한 모습을 기대해도 되겠지?				아처 마스터
QUEST_UNUSED_20150317_000023	Creo que se supone que está más lleno de la gracia de la diosa que cuando llegaste por primera vez a Klaipeda. {nl} Quiero saber qué tan profunda es tu fe. {nl}	처음 클라페다에 왔을 때보다 더 여신의 은총이 충만해지신 것 같아요.{nl}당신의 신앙심이 얼마나 깊은지 알고 싶어요.{nl}				클레릭 마스터
QUEST_UNUSED_20150317_000024	Por supuesto, no es lo mismo que de nuevo en un estándar abstracto. {nl} y yo ahuyentamos a la banshee que trae el aura maligna a este bosque en nombre de la diosa.	물론 추상적인 기준으로 재보자는 건 아니에요.{nl}이 숲에 사악한 기운을 가져오는 밴시들을 여신의 이름으로 물리치는 거예요.				클레릭 마스터
QUEST_UNUSED_20150317_000025	Diosa menos nuestra enemiga y no tenemos diferencias. En {nl}, nos vemos en Klaipeda.	여신의 적은 우리의 적이나 다름없습니다.{nl}그럼, 클라페다에서 뵙겠습니다.				클레릭 마스터
QUEST_UNUSED_20150317_000026	Yo era Mashi Oh. Mostraste gran fe. {nl} y yo también me dimos mi gran inspiración. {nl} Este es mi pequeño castillo. Por supuesto, escriba lo correcto.	오셨군요. 당신은 굉장한 신앙심을 보여 주셨습니다.{nl}그리고 제게 큰 영감도 주셨죠.{nl}이건 저의 작은 성의랍니다. 부디 옳은 일에 써 주세요.				클레릭 마스터
QUEST_UNUSED_20150317_000027	Antes silencio aquí no hay tiempo temporalmente ni silencio ahora monstruos.	예전엔 고요했던 이곳이 이제 몬스터들로 잠시도 조용할 때가 없습니다.				약한 부엉이 조각상
QUEST_UNUSED_20150317_000028	Si dejas solo a mi monstruo, es para encontrar y atacar el alma que se reúne aquí.	저 몬스터를 그냥 두면 이곳에 모여드는 영혼을 공격하고 더럽힐 것입니다.				약한 부엉이 조각상
QUEST_UNUSED_20150317_000029	La gente ahora está mejor. El humor de Denis disminuyó aunque sea un poco.	녀석들이 조금이라도 줄어드니 기분이 나아졌습니다.				약한 부엉이 조각상
QUEST_UNUSED_20150317_000030	La gente ha decidido dejar enterrados aquí los restos de la familia. {nl} ahora se ha dejado en la tierra para descubrir todos los monstruos.	사람들은 가족의 유골함을 이곳에 묻어두곤 했습니다.{nl}지금은 몬스터들이 전부 파헤치기 때문에 땅 위에 방치되어 있습니다.				약한 부엉이 조각상
QUEST_UNUSED_20150317_000031	Aquí es tiempo que aquello que se escuchaba poco a poco llantos tristes de familiares desconsolados fue... el mejor de los tiempos.	이곳에 유족들의 슬픈 울음소리가 잠깐씩 들리던 그 시절이.. 가장 좋은 시절이었습니다.				약한 부엉이 조각상
QUEST_UNUSED_20150317_000032	Aunque las reliquias que aún no has conocido son grandes, incluso mira, pero creo que estuvo bien.	아직 거두지 못한 유물함이 많겠지만, 이나마 지켜내서 다행이라 생각합니다.				약한 부엉이 조각상
QUEST_UNUSED_20150317_000033	La imagen de otro búho ha regresado. El alma debe ser la India. {nl} que ha ocurrido un problema en las proximidades de la barrera es evidente.	다른 부엉이 조각상들이 인도해야 할 영혼들이 돌아오고 있습니다.{nl}관문 부근에 문제가 생긴 것이 분명합니다.				약한 부엉이 조각상
QUEST_UNUSED_20150317_000034	Que tal vez, pero siento que solo estamos en algo.	뭔지 모르지만, 우리가 뭔가에 기만당하고 있는 느낌이 듭니다				약한 부엉이 조각상
QUEST_UNUSED_20150317_000035	Todavía era Demon. {nl} Aquí la gente había contaminado la tranquilidad.	역시 마족이었군요.{nl}이곳의 고요를 녀석이 더럽히고 있었습니다.				약한 부엉이 조각상
QUEST_UNUSED_20150317_000036	El alma que huyó hacia el norte podría conocer la información sobre la persona.	북쪽으로 달아난 영혼들이 녀석에 대한 정보를 알고 있을지 모릅니다.				약한 부엉이 조각상
QUEST_UNUSED_20150317_000037	espíritu perdido	길 잃은 영혼				
QUEST_UNUSED_20150317_000038	Yo estás vivo. {nl} Sin embargo, nunca estás seguro.	당신은 살아 있군요..{nl}하지만 당신도 결코 안전하지 않습니다.				길 잃은 영혼
QUEST_UNUSED_20150317_000039	Fui a buscar una imagen del búho más profunda.  o ¿nos ayudaremos a poder escapar de aquí?	마족이 무슨 꿍꿍인지는 모르겠습니다만… 저 관문은 꼭 열려야합니다.				약한 부엉이 조각상
QUEST_UNUSED_20150317_000040	El monstruo que perseguiremos intenta absorber el alma. {nl} hacer estaría impregnado de fuerzas malignas que quedarían atrapadas en ellas.	모두 더 깊은 곳으로 부엉이 조각상을 찾아갔어요.{nl}우리가 이곳에서 탈출할 수 있게 좀 도와주시겠습니까?				길 잃은 영혼
QUEST_UNUSED_20150317_000041	El monstruo que perseguiremos intenta absorber el alma. {nl} hacer estaría impregnado de fuerzas malignas que quedarían atrapadas en ellas.	몬스터는 영혼을 흡수하려고 쫓아 다닙니다.{nl}그들에게 사로잡히면 사악한 힘에 물들어 버리죠.				길 잃은 영혼
QUEST_UNUSED_20150317_000042	¡Muchas gracias! {nl} Puedo salir apuntando a este hueco.	정말 고맙습니다!{nl}이 틈을 노려서 떠날 수 있겠군요..				길 잃은 영혼
QUEST_UNUSED_20150317_000043	Lamento muchas almas	미련 많은 영혼				
QUEST_UNUSED_20150317_000044	Lo sé. Soul se dirigió al norte antes de que {nl} no pudiera llegar allí. {nl} Sin embargo, la longitud puede ir a la imagen del otro búho en la parte superior. {nl} para Sakmori nuestra cima de la colina, no puedo ir.	저는 알고 있어요.{nl}앞서 북쪽으로 갔던 영혼들은 그곳에 도달할 수 없을 거예요.{nl}하지만 이 위쪽에 다른 부엉이 조각상으로 갈 수 있는 길이 있어요.{nl}언덕 위의 사크몰리들 때문에 저는 갈 수 없지만..				미련 많은 영혼
QUEST_UNUSED_20150317_000045	Monstruo ¿Por qué perseguirnos? {nl} Es doloroso. También murió..	몬스터들은 왜 우리를 쫓아 다니는 것일까요..{nl}괴롭습니다.. 죽어서도..				미련 많은 영혼
QUEST_UNUSED_20150317_000046	¿La palabra es verdad? Nante obstruyó la longitud de {nl}.	그 말이 사실인가요?{nl}길이 막혀있다니..				미련 많은 영혼
QUEST_UNUSED_20150317_000047	No es jengibre. {nl} una vez te hago saber que el alma es donde está todo lo contrario. {nl} Hay una imagen de búho en dirección norte. Y trata de ir allí.	어쩔 수 없네요.{nl}일단 그 영혼들이 어디로 향했는지 알려드릴게요.{nl}북쪽으로 나아가면 부엉이 조각상이 하나 있습니다. 그곳으로 가보세요.				미련 많은 영혼
QUEST_UNUSED_20150317_000048	Quiero irme antes de que vuelva a reunir gente.	다시 녀석들이 몰려오기 전에 떠나고 싶어요..				미련 많은 영혼
QUEST_UNUSED_20150317_000049	Escultura del Búho Sagrado	신성한 부엉이 조각상				
QUEST_UNUSED_20150317_000050	Me atacaron después del análisis del que todo el vinagre mutó el otro día. {nl} también mi cuerpo que estaba hecho de madera. ¡Si dejas esto, pronto te romperás!	저는 얼마전부터 변이된 데스모두스에게 계속 공격당하고 있습니다.{nl}나무로 만들어진 제 몸도 이대로라면 곧 부서지겠죠!				신성한 부엉이 조각상
QUEST_UNUSED_20150317_000051	Si no querer crear para vagar me depositó restos obtenidos y alma otra vez...	제게 맡겨진 유골함이나 영혼들을 또 다시 방황하게 만들고 싶진 않습니다…				신성한 부엉이 조각상
QUEST_UNUSED_20150317_000052	Se trata de gente sin escrúpulos mientras son pequeños.	작지만 악랄한 녀석들이죠.				신성한 부엉이 조각상
QUEST_UNUSED_20150317_000053	triste, pero nuestra imagen no te permite llevar a cabo la misión encomendada ahora como escultor. {nl} para poder protegerme. {nl}	슬프지만, 우리 조각상들은 지금 조각가님께서 부여한 임무를 수행 할 수 없습니다.{nl}저 자신을 보호할 수만 있다면..{nl}				신성한 부엉이 조각상
QUEST_UNUSED_20150317_000054	Alma responsable demasiados.	책임져야할 영혼들이 너무 많습니다.				신성한 부엉이 조각상
QUEST_UNUSED_20150317_000055	¡Es genial!	훌륭하군요!				신성한 부엉이 조각상
QUEST_UNUSED_20150317_000056	Continúe hacia el sur. {nl} habrá una estatua para volverse crack como yo.	남쪽으로 가세요.{nl}저처럼 부서져 가는 조각상이 있을 겁니다.				신성한 부엉이 조각상
QUEST_UNUSED_20150317_000057	Escultura de búho sombrío	우울한 부엉이 조각상				
QUEST_UNUSED_20150317_000058	Es extraño que aquí venga gente viva. No miréis el alma de {nl}, parece que han pasado unos cuantos años.	살아있는 사람이 이곳에 오다니 신기하군요.{nl}영혼들을 보지 못한지 몇 년은 지난 것 같습니다.				우울한 부엉이 조각상
QUEST_UNUSED_20150317_000059	Gracias a ti, los últimos años podrás aguantar.	당신 덕분에 여기서 몇 년은 버틸 수 있을 것 같습니다.				신성한 부엉이 조각상
QUEST_UNUSED_20150317_000060	El monstruo que has presenciado no es razonable, el vendedor hueco que nos arrinconó. {nl} para evitar los monstruos, deberás eliminar el búho vacío. {nl} ne porque una manada de vendedores huecos está usando la trampa. {nl} debes asegurarte de que la imagen del valle en lo profundo del búho vacío.	당신이 목격한 몬스터들은 저희를 궁지로 몰아넣은 할로우벤터 무리입니다.{nl}몬스터들을 막기 위해서는 텅 빈 부엉이들을 제거해야 합니다.{nl}할로우벤터 무리가 덫으로 이용하고 있으니 말입니다.{nl}계곡 깊은 곳의 텅 빈 부엉이 조각상들을 확인해야합니다.				우울한 부엉이 조각상
QUEST_UNUSED_20150317_000061	El alma encontrará el búho. {nl} causará un mordisco en el búho vacío. {nl} el alma de la gente sabe muy bien el hecho de perderse para encontrarnos.	영혼은 부엉이들을을 찾아갑니다.{nl}하지만 텅빈 부엉이에게 먹혀버리지요.{nl}녀석은 영혼들이 우릴 찾아 헤맨다는 사실을 너무 잘 알고 있습니다				우울한 부엉이 조각상
QUEST_UNUSED_20150317_000062	Para ello utilice una gran cantidad de imágenes.	그렇게 많은 조각상을 이용하고 있을 줄이야..				우울한 부엉이 조각상
QUEST_UNUSED_20150317_000063	El alma que han dicho, fue el lugar donde se ha encontrado el alma de nuestra lechuza. El {nl} ahora estaría lleno de trampas de huecos irrazonables instalados por el proveedor. Los peligros de {nl} de la manada de vendedores huecos serán una amenaza para cualquiera.	당신이 만난 영혼들이 말한 곳은 영혼들이 우리 부엉이들을 찾아 왔던 곳이었습니다.{nl}지금은 할로우벤터 무리가 설치한 함정으로 가득하죠.{nl}할로우벤터 무리의 함정은 누구에게나 위협이 됩니다.				우울한 부엉이 조각상
QUEST_UNUSED_20150317_000064	Si alma has perdido el camino, buscaremos otra alma. {nl} trampa brillante, así me tienta el alma.	영혼은 길을 잃으면 또 다른 영혼을 찾아갑니다.{nl}밝게 빛나는 함정은 그런식으로 영혼들을 유혹하지요.				우울한 부엉이 조각상
QUEST_UNUSED_20150317_000065	He tenido muchos escollos.	많은 함정이 있었군요..				우울한 부엉이 조각상
QUEST_UNUSED_20150317_000066	Hollow Venter debería estar en el vecindario de Yorusu~euru. {nl} Es extraño.	열쇠을 가진 할로우벤터가 주변에 있을 텐데..{nl}이상하군요.				우울한 부엉이 조각상
QUEST_UNUSED_20150317_000067	Los vendedores de huecos periféricos necesitan derrotar a un enjambre de hormigas que parece mostrar. {nl} Si no sale, habrá que arrastrarlo.	주변 할로우벤터 무리를 처치해야 나타날 것 같습니다.{nl}나오지 않는다면 끌어내야겠지요.				우울한 부엉이 조각상
QUEST_UNUSED_20150317_000068	¿O será el monstruo donde apareció?	저 몬스터들은 어디서 나타난 것일까요?				우울한 부엉이 조각상
QUEST_UNUSED_20150317_000069	Si esto no sale. {nl} Hay una idea.	이래도 나오지 않았다면..{nl}짚이는 곳이 있습니다..				우울한 부엉이 조각상
QUEST_UNUSED_20150317_000070	Incluso de este Nante no sale un Venter hueco de llave, habrá en el lugar donde me dijeron siempre {nl}.	이래도 열쇠를 가진 할로우벤터가 나오지 않는다니..{nl}반드시 제가 알려드린 곳에 있을 겁니다.				우울한 부엉이 조각상
QUEST_UNUSED_20150317_000071	Representarás claramente la figura y llegarás.	당신이 도착하면 분명히 모습을 드러낼 겁니다.				우울한 부엉이 조각상
QUEST_UNUSED_20150317_000072	Esta es la clave... barrera.	이건.. 관문 열쇠입니다.				우울한 부엉이 조각상
QUEST_UNUSED_20150317_000073	Abro la puerta principal con una llave. {nl} habrá un alma de asistente que conducirá al alma al otro lado de la barrera. {nl} el alma podría ayudarte.	열쇠로 관문을 여십시오.{nl}관문의 건너편에 영혼들을 인도해주는 길잡이 영혼이 있을 겁니다.{nl}그 영혼이 당신을 도와줄 겁니다.				우울한 부엉이 조각상
QUEST_UNUSED_20150317_000074	A veces en el alma hay quienes sirven y salen para recibir a la India. El alma es una de esas categorías.	가끔 영혼들 중엔 인도받기보단 남아서 봉사하는 분들이 있습니다. 그 영혼은 그런 부류입니다.				우울한 부엉이 조각상
QUEST_UNUSED_20150317_000075	Espíritu guía	길잡이 영혼				
QUEST_UNUSED_20150317_000076	¡Hola! {nl} Oh, soy tú para ser doblado vivo.	안녕하세요!{nl}아.. 살아계신 분이군요.				길잡이 영혼
QUEST_UNUSED_20150317_000077	Ya pasó el tiempo para recibir a la India. Sin embargo, no fui adquirido del todo. {nl} antes de que vengas, es donde tuviste que rendirte sin alma si no fuera por ayuda. {nl} Ahora ve y abre la barrera. ¡Por favor, dígale a {nl} y hacia la imagen del búho aquí ahora y seguridad!	저는 이미 인도받을 시기가 지났습니다. 하지만 절대로 타락하지 않았죠.{nl}당신이 오기 전까진 제가 안내해야 할 영혼이 없어서 포기하고 있던 참입니다.{nl}이제 가서 저 관문을 열어주세요.{nl}그리고 건너편의 부엉이 조각상에게 이제 여긴 안전하다고 꼭 전해주세요!				길잡이 영혼
QUEST_UNUSED_20150317_000078	¿A mí? En mi historia, a menudo son demasiadas circunstancias...	저요? 제 이야기를 하려면 사연이 너무 많은데…				길잡이 영혼
QUEST_UNUSED_20150317_000079	Al deshacerse de Demon, se pensó que su carga se había perdido. {nl} Yo no lo era. Gracias por abrir la puerta.	마족을 처치하면 그 부하들이 사라질 줄 알았는데..{nl}아니었군요. 문을 열어 주셔서 감사합니다.				약한 부엉이 조각상
QUEST_UNUSED_20150317_000080	Escuche los consejos en el alma del asistente. {nl} se pierde y necesita ayuda para el alma.	길잡이 영혼에게 조언을 들으세요.{nl}헤매는 영혼에게 도움이 필요합니다..				약한 부엉이 조각상
QUEST_UNUSED_20150317_000081	Me preocupé. La fuerza es, ¿también hagámoslo si el Demonio?	곤란하네요. 그 힘이 또 마족이면 어떡하죠?				약한 부엉이 조각상
QUEST_UNUSED_20150317_000082	Ah, pero yo dices el alma. {nl} Se ha perdido en el lugar un cerro alto.	아, 그 영혼을 말씀하시는군요.{nl}그건 언덕 높은 곳에서 헤매고 있습니다.				길잡이 영혼
QUEST_UNUSED_20150317_000083	Si es visible, informaré la dirección de la máquina. {nl} Hay mucha baba oscura en el camino en lo visible. {nl} claramente será una gran amenaza para usted.	가시겠다면 방향을 알려드리겠습니다.{nl}하지만 가시는 길에 다크슬라임이 많이 있습니다. {nl}분명 당신에게 큰 위협이 될 것입니다.				길잡이 영혼
QUEST_UNUSED_20150317_000084	Lo que sí es seguro es que nunca es que no sea hasta el grupo. {nl} Sin embargo, parece muy confuso.	확실한 것은 그게 결코 마족이 아니라는 것입니다.{nl}그런데  매우 혼란스러워 보입니다.				길잡이 영혼
QUEST_UNUSED_20150317_000085	Espíritu desconocido	이름 모를 영혼				
QUEST_UNUSED_20150317_000086	Nuestro búho te estaba esperando. {nl} bienvenido.	우리 부엉이들은 당신을 기다리고 있었습니다.{nl}환영합니다.				약한 부엉이 조각상
QUEST_UNUSED_20150317_000087	También lo tiene por ahí o negro. {nl} como escultor está mirando este bosque, Qué triste convicción.	저기 검은 지그리들이 돌아다니고 있습니다.{nl}조각가님께서 이 숲을 보면 얼마나 슬퍼하실지..				약한 부엉이 조각상
QUEST_UNUSED_20150317_000088	También es un aspecto de dolor en el pecho, solo los restos que se encuentran dispersos frente a él.	저 앞에 흩어져 있는 유골함만 봐도 가슴이 아픕니다.				약한 부엉이 조각상
QUEST_UNUSED_20150317_000089	Los Puragiga rojos nos están amenazando. Por favor, asegúrese de caminar por allí {nl}.	붉은 푸라기가 우리를 위협하고 있습니다.{nl}저기 돌아다니는 것 좀 보세요.				길 잃은 영혼
QUEST_UNUSED_20150317_000090	Y entre los cuales hay un Sakmori negro... no podrás pasar. {nl} está lleno de Sakmori negros en la cima de la colina.	검은 사크몰리들이 저기 있는 동안에는.. 지나갈 수 없습니다.{nl}언덕 위에 검은 사크몰리가 가득해요.				미련 많은 영혼
QUEST_UNUSED_20150317_000091	Cómo protegerme estaba pensando. Y pero el oído del pescador {nl} se tragó el alma, se sentirá DP. {nl} Si el pescador visitó se tragó DP.	저를 보호할 방법이 생각났습니다.{nl}피셔맨들이 집어삼킨 영혼들에서 미미하게나마 신성력이 느껴집니다.{nl}피셔맨들이 삼킨 신성력을 찾아온다면..				신성한 부엉이 조각상
QUEST_UNUSED_20150317_000092	Espero la imagen del búho	부엉이 조각상의 기다림				
QUEST_UNUSED_20150317_000093	El bosque silencioso (1)	고요의 숲(1)				
QUEST_UNUSED_20150317_000094	Me desharé del Zigri Negro	검은 지그리를 처치하겠다고 제안한다				
QUEST_UNUSED_20150317_000095	El bosque silencioso (2)	고요의 숲(2)				
QUEST_UNUSED_20150317_000096	Los restos del Aviso/alma me dijeron imagen de búho débil.	Notice/영혼의 유골함을 약한부엉이 조각상에게 전달했습니다.				
QUEST_UNUSED_20150317_000097	El bosque silencioso (3)	고요의 숲(3)				
QUEST_UNUSED_20150317_000098	Lo que proponemos es confirmar la barrera.	관문을 확인하겠다고 제안한다				
QUEST_UNUSED_20150317_000099	El bosque silencioso (4)	고요의 숲(4)				
QUEST_UNUSED_20150317_000100	Para proporcionar que el intento de encontrar el alma.	영혼을 찾아보겠다고 제안한다				
QUEST_UNUSED_20150317_000101	Veneno espiritual (1)	독 안에 든 영혼(1)				
QUEST_UNUSED_20150317_000102	Me desharé de los Puragi	붉은 푸라기를 처치하겠다고 제안한다				
QUEST_UNUSED_20150317_000103	Veneno espiritual (2)	독 안에 든 영혼(2)				
QUEST_UNUSED_20150317_000104	Me desharé del Black Sakamoli	검은 사카몰리를 처치하겠다고 제안한다				
QUEST_UNUSED_20150317_000105	Veneno espiritual (3)	독 안에 든 영혼(3)				
QUEST_UNUSED_20150317_000106	Para proporcionarlo, intente verificar la imagen del búho.	부엉이 조각상을 확인해보겠다고 제안한다				
QUEST_UNUSED_20150317_000107	Veneno espiritual (4)	독 안에 든 영혼(4)				
QUEST_UNUSED_20150317_000108	Comprobando /MAKING/2.5/TRACK_BEFORE/Ninguno	확인 중/MAKING/2.5/TRACK_BEFORE/None				
QUEST_UNUSED_20150317_000109	Solicitud de alivio de la imagen del búho.	부엉이 조각상의 구원요청				
QUEST_UNUSED_20150317_000110	Me desharé del Desmodus	데스모두스를 처치하겠다고 제안한다				
QUEST_UNUSED_20150317_000111	Demonio empapado en el bosque (1)	숲에 스며든 마족(1)				
QUEST_UNUSED_20150317_000112	Proponemos dar ayuda.	도움을 주겠다고 제안한다				
QUEST_UNUSED_20150317_000113	Demonio empapado en el bosque (2)	숲에 스며든 마족(2)				
QUEST_UNUSED_20150317_000114	Te proponemos que visites la imagen del búho.	부엉이 조각상을 찾아가겠다고 제안한다				
QUEST_UNUSED_20150317_000115	Cazador de almas (1)	영혼 사냥꾼(1)				
QUEST_UNUSED_20150317_000116	Lo que proponemos es confirmar la imagen del búho.	부엉이 조각상을 확인하겠다고 제안한다				
QUEST_UNUSED_20150317_000117	Cazador de almas (2)	영혼 사냥꾼(2)				
QUEST_UNUSED_20150317_000118	Te proponemos que quieras quitar la trampa.	함정을 제거하겠다고 제안한다				
QUEST_UNUSED_20150317_000119	Cazador de almas (3)	영혼 사냥꾼(3)				
QUEST_UNUSED_20150317_000120	Me desharé de los Hallowventers	할로우벤터 무리를 처치하겠다고 제안한다				
QUEST_UNUSED_20150317_000121	Cazador de almas (4)	영혼 사냥꾼(4)				
QUEST_UNUSED_20150317_000122	Me desharé del Hallowventer	할로우벤터를 처치하겠다고 제안한다				
QUEST_UNUSED_20150317_000123	Abriendo la barrera (1)	관문 열기(1)				
QUEST_UNUSED_20150317_000124	Abriendo la barrera (2)	관문 열기(2)				
QUEST_UNUSED_20150317_000125	Estoy dispuesto a hablar del alma en imagen de búho.	부엉이 조각상에게 영혼의 이야기를 전해준다				
QUEST_UNUSED_20150317_000126	El alma errante (1)	헤매는 영혼(1)				
QUEST_UNUSED_20150317_000127	El alma errante (2)	헤매는 영혼(2)				
QUEST_UNUSED_20150317_000128	Me desharé del Dark Slime	다크 슬라임을 처치하겠다고 제안한다				
QUEST_UNUSED_20150317_000129	El alma errante (3)	헤매는 영혼(3)				
QUEST_UNUSED_20150317_000130	Ataque de Biteregina	비테레지나의 습격				
QUEST_UNUSED_20150317_000131	El ataque del hombre lobo	웨어울프의 습격				
QUEST_UNUSED_20150317_000132	Aviso /! / ¡Por favor derrota al Hombre Lobo!	Notice/!/웨어울프를 처치하세요!				
QUEST_UNUSED_20150317_000133	Ma ocupaba la torre del monarca mago.	마법사의 탑을 점령한 마군주				
QUEST_UNUSED_20150317_000134	Gracia de riqueza [Avance del perdón] (4)	재물에도 은혜를[파드너 전직](4)				
QUEST_UNUSED_20150317_000135	aceptaré la apuesta	밀실의 비밀				
QUEST_UNUSED_20150317_000136	aceptaré la apuesta	내기에 응하겠다고 한다				
QUEST_UNUSED_20150317_000137	acepto la prueba	시험을 받아 들인다				
QUEST_UNUSED_20150317_000138	Positivo de curiosidad	호기심의 긍정				
QUEST_UNUSED_20150317_000139	lo haré	해주겠다고 한다				
QUEST_UNUSED_20150317_000140	Ingrese al pico de agarre superior	약한 부엉이 조각상과 대화한다				
QUEST_UNUSED_20150317_000141	Ingrese al pico de agarre superior	자루머리 고개 진입				
QUEST_UNUSED_20150317_000142	Derrota a Zigri Negro	자루머리 고개로 이동한다				
QUEST_UNUSED_20150317_000143	Derrota a Zigri Negro	검은 지그리 처치				
QUEST_UNUSED_20150317_000144	Derrotaré al Zigri Negro	검은 지그리를 처치한다				
QUEST_UNUSED_20150317_000145	Los recuperados los restos	유골함을 회수				
QUEST_UNUSED_20150317_000146	Recoge las cajas de urnas esparcidas por la entrada de Top Grip Peak.	자루머리 고개입구에 흩어져 있는 유골함을 모아온다				
QUEST_UNUSED_20150317_000147	Comprueba el alma de la barrera.	영혼의 관문 확인				
QUEST_UNUSED_20150317_000148	Vuelve para asegurarte del alma de la barrera.	영혼의 관문을 확인하고 돌아온다				
QUEST_UNUSED_20150317_000149	Almas perdidas y conversación.	길 잃은 영혼과 대화				
QUEST_UNUSED_20150317_000150	Para hablar con las almas perdidas para subir por el norte del camino.	북쪽길을 따라 올라가 길 잃은 영혼과 대화한다				
QUEST_UNUSED_20150317_000151	hablaré con las almas perdidas	길 잃은 영혼과 대화한다				
QUEST_UNUSED_20150317_000152	Tratamiento de máquina de plástico rojo.	붉은 푸라기 처치				
QUEST_UNUSED_20150317_000153	Hago tratamiento con máquina de plástico rojo.	붉은 푸라기를 처치한다				
QUEST_UNUSED_20150317_000154	Lamento muchas almas y conversación.	미련 많은 영혼과 대화				
QUEST_UNUSED_20150317_000155	hablaré para lamentar muchas almas	미련 많은 영혼과 대화한다				
QUEST_UNUSED_20150317_000156	Derrota a Sakmoli Negro	검은 사크몰리 처치				
QUEST_UNUSED_20150317_000157	Derrotaré al Sakmoli Negro	검은 사크몰리를 처치한다				
QUEST_UNUSED_20150317_000158	Derrota a Sakmoli Negro	검은 사카몰리 처치				
QUEST_UNUSED_20150317_000159	Mira la escultura del búho	부엉이 조각상 확인				
QUEST_UNUSED_20150317_000160	Revisaré la escultura del búho.	부엉이 조각상을 확인한다				
QUEST_UNUSED_20150317_000161	Derrota a los monstruos en ascenso	몰려드는 몬스터 처치				
QUEST_UNUSED_20150317_000162	Derrotaré a los monstruos emergentes	몰려드는 몬스터를 처치한다				
QUEST_UNUSED_20150317_000163	Charla con la Escultura del Búho Sagrado	신성한 부엉이 조각상과 대화				
QUEST_UNUSED_20150317_000164	Hablaré con la Escultura del Búho Sagrado.	신성한 부엉이 조각상과 대화한다				
QUEST_UNUSED_20150317_000165	Derrota a Desmodus	데스모두스 처치				
QUEST_UNUSED_20150317_000166	Derrotaré al Desmodus	데스모두스를 처치한다				
QUEST_UNUSED_20150317_000167	Pescador, y recuperación parcial de DP.	피셔맨에게 신성력조각 회수				
QUEST_UNUSED_20150317_000168	Pescador, ha recuperado parte de DP	피셔맨에게 신성력조각을 되찾아온다				
QUEST_UNUSED_20150317_000169	Derrota al Pescador Rojo	붉은 피셔맨 처치				
QUEST_UNUSED_20150317_000170	Conversación con imagen de búho sombrío.	우울한 부엉이 조각상과 대화				
QUEST_UNUSED_20150317_000171	Interactúo con la imagen del búho sombrío.	우울한 부엉이 조각상과 대화한다				
QUEST_UNUSED_20150317_000172	Mira la imagen del búho vacía.	텅빈 부엉이 조각상 확인				
QUEST_UNUSED_20150317_000173	Compruebo la imagen del búho vacía.	텅빈 부엉이 조각상을 확인한다				
QUEST_UNUSED_20150317_000174	Escollos Eliminar el alma	영혼의 함정 제거				
QUEST_UNUSED_20150317_000175	Quieres eliminar buscando las trampas del alma.	영혼의 함정을 찾아서 제거한다				
QUEST_UNUSED_20150317_000176	Tratamiento de carga de Necroventer	네크로벤터의 부하 처치				
QUEST_UNUSED_20150317_000177	Exterminaré la carga de Necroventer.	네크로벤터의 부하들을 처치한다				
QUEST_UNUSED_20150317_000178	Tratamiento de carga del alma de Hunter.	영혼 사냥꾼의 부하 처치				
QUEST_UNUSED_20150317_000179	Trato del encargado de llaves Hola proveedor.	열쇠 지기 헬로우벤터 처치				
QUEST_UNUSED_20150317_000180	Obtengo la llave para derrotar al guardián de la llave. Hola Venter.	열쇠 지기 헬로우벤터 처치하고 열쇠를 획득한다				
QUEST_UNUSED_20150317_000181	guardián de las llaves	열쇠 지기				
QUEST_UNUSED_20150317_000182	Carga de vendedor hueco	할로우벤터의 부하				
QUEST_UNUSED_20150317_000183	Alma y conversación del Asistente.	길잡이 영혼과 대화				
QUEST_UNUSED_20150317_000184	Hablo con el alma del Asistente.	길잡이 영혼과 대화한다				
QUEST_UNUSED_20150317_000185	Le gané al monstruo para que interfiriera.	방해하는 몬스터를 처치				
QUEST_UNUSED_20150317_000186	He derrotado al monstruo que interfiere.	방해하는 몬스터를 처치한다				
QUEST_UNUSED_20150317_000187	Restos del exterminio de Necroventer	네크로벤터의 잔당 처치				
QUEST_UNUSED_20150317_000188	Exterminio de limo negro	검은 슬라임 처치				
QUEST_UNUSED_20150317_000189	Derrotaré al limo negro	검은 슬라임을 처치한다				
QUEST_UNUSED_20150317_000190	Verifique la ubicación sospechosa	의심스런 장소 확인				
QUEST_UNUSED_20150317_000191	Confirmo la ubicación sospechosa	의심스런 장소를 확인한다				
QUEST_UNUSED_20150317_000192	Durante el plazo, la defensa de la región	제한 시간동안 지역방어				
QUEST_UNUSED_20150317_000193	Sobrevivo entre los ataques de monstruos que se abalanzan en el límite de tiempo.	제한 시간동안 덤벼드는 몬스터의 공격에서 살아 남는다				
QUEST_UNUSED_20150317_000194	Alma una conversación con nombre desconocido.	이름 모를 영혼과 대화				
QUEST_UNUSED_20150317_000195	Hablaré con el alma de nombre desconocido.	이름 모를 영혼과 대화한다				
QUEST_UNUSED_20150317_000196	Exterminio de monstruos para bloquear el camino.	길을 가로막는 몬스터 처치				
QUEST_UNUSED_20150317_000197	Por favor derrota a Biteregina.	비테레지나를 처치하세요				
QUEST_UNUSED_20150317_000198	Derrota a Biteregina	비테레지나 처치				
QUEST_UNUSED_20150317_000199	apareció el hombre lobo	웨어울프가 나타났습니다				
QUEST_UNUSED_20150317_000200	Exterminio de hombres lobo que apareció de repente.	갑자기 나타난 웨어울프 처치				
QUEST_UNUSED_20150317_000201	exterminio de hombres lobo	웨어울프 처치				
QUEST_UNUSED_20150317_000202	Tratamiento hamin	하밍 처치				
QUEST_UNUSED_20150317_000203	Ma Misión del monarca que ocupaba la torre del mago	마법사의 탑을 점령한 마군주 찾기				
QUEST_UNUSED_20150317_000204	Encuentre entre el monarca Helgasercle que ocupaba la torre del mago.	마법사의 탑을 점령한 마군주 헬가세르클을 찾아보세요.				
QUEST_UNUSED_20150317_000205	Reúnase con el comerciante de artículos de Fedimian	페디미안의 도구상인 만나기				
QUEST_UNUSED_20150317_000206	De repente apareció el maestro espadachín y la conversación.	갑자기 나타난 소드맨 마스터와 대화				
QUEST_UNUSED_20150317_000207	De alguna manera, el maestro espadachín se dio cuenta frente a ti. Intente dividir la conversación.	어떤 이유인지 당신의 앞에 소드맨 마스터가 나타났습니다. 대화를 나누어 보세요.				
QUEST_UNUSED_20150317_000208	Ocurrencia de misión oculta	히든 퀘스트 발생				
QUEST_UNUSED_20150317_000209	Ha ocurrido una Misión oculta. Derrota a Banshee a puertas cerradas de Katyn.	숨겨진 퀘스트가 발생하였습니다. 카틴의 밀실에서 밴시를 사냥하세요.				
QUEST_UNUSED_20150317_000210	La prueba de Maestro espadachín I se completó con éxito. Por favor, ve a buscar un maestro espadachín de Klaipeda.	소드맨 마스터의 시험을 무사히 마쳤습니다. 클라페다에 있는 소드맨 마스터를 찾아 가세요.				
QUEST_UNUSED_20150317_000211	Tratamiento de alma en pena	밴시 처치				
QUEST_UNUSED_20150317_000212	De repente apareció el maestro mago y la conversación.	갑자기 나타난 위저드 마스터와 대화				
QUEST_UNUSED_20150317_000213	De alguna manera, el maestro mago se dio cuenta frente a ti. Y prueba la conversación {nl}.	어떤 이유인지 당신의 앞에 위저드 마스터가 나타났습니다. 대화를 나누어 보세요.{nl}				
QUEST_UNUSED_20150317_000214	encontrar maestro mago	위저드 마스터 찾아가기				
QUEST_UNUSED_20150317_000215	La prueba del maestro mago I se completó con éxito. Por favor, ve a buscar un Klaipeda del maestro mago.	위저드 마스터의 시험을 무사히 마쳤습니다. 클라페다에 있는 위저드 마스터를 찾아 가세요.				
QUEST_UNUSED_20150317_000216	Maestro Arquero y conversación que apareció de repente.	갑자기 나타난 아처 마스터와 대화				
QUEST_UNUSED_20150317_000217	De alguna manera, noté al maestro de arco frente a ti. Intente dividir la conversación.	어떤 이유인지 당신의 앞에 아처 마스터가 나타났습니다. 대화를 나누어 보세요.				
QUEST_UNUSED_20150317_000218	Ha ocurrido una Misión oculta. Derrota a Banshee a puerta cerrada de Katyn.	숨겨진 퀘스트가 발생하였습니다. 카틴의 밀실에서 밴시를 사냥하세요				
QUEST_UNUSED_20150317_000219	La maestría de la prueba de Archer I se completó con éxito. Por favor, ve a buscar un Klaipeda del Arquero del maestro.	아처 마스터의 시험을 무사히 마쳤습니다. 클라페다에 있는 아처 마스터를 찾아 가세요.				
QUEST_UNUSED_20150317_000220	Maestro clérigo y conversación que apareció de repente.	갑자기 나타난 클레릭 마스터와 대화				
QUEST_UNUSED_20150317_000221	De alguna manera, el maestro clérigo se dio cuenta frente a ti. Intente dividir la conversación.	어떤 이유인지 당신의 앞에 클레릭 마스터가 나타났습니다. 대화를 나누어 보세요.				
QUEST_UNUSED_20150317_000222	La prueba de Maestro clérigo I se completó con éxito. Por favor, ve a buscar un maestro clérigo de Klaipeda.	클레릭 마스터의 시험을 무사히 마쳤습니다. 클라페다에 있는 클레릭 마스터를 찾아 가세요.				
QUEST_UNUSED_20150317_000223	El búho guardián es bueno para examinarte. Por favor intenta hablar con el búho guardián.	문지기 부엉이는 당신을 알아보고 반가워 합니다. 문지기 부엉이와 대화해 보세요.				
QUEST_UNUSED_20150317_000224	Disponible en la Catedral de escultura de mármol.	대성당에서 대리석 조각 구하기				
QUEST_UNUSED_20150317_000225	Palabras búho imagen del búho guardián, y quieres devolvérselo al escultor Tesla. Consigue una escultura de mármol de la Catedral de los monstruos.	문지기 부엉이의 말로는 부엉이 조각상들은 조각가 테슬라에게 은혜를 갚고 싶어 한다고 합니다. 대성당의 몬스터에게서 대리석 조각을 구하세요.				
QUEST_UNUSED_20150317_000226	Escultura de mármol cedida al escultor Tesla	조각가 테슬라에게 대리석 조각 전달				
QUEST_UNUSED_20150317_000227	Has recogido suficientes piezas de mármol. Entrégaselos al escultor Tesla en Rhombuspaving Dale.	대리석 조각을 충분히 구한 것 같습니다. 마름포석골에 있는 조각가 테슬라에게 대리석 조각을 가져다 주세요.				
QUEST_UNUSED_20150323_000228	Entra en el pico Kule	쿨레 고개 진입				
QUEST_UNUSED_20150323_000229	Múdate al pico Kule	쿨레 고개로 이동한다				
QUEST_UNUSED_20150323_000230	Parece que has recogido suficientes piezas de mármol. Lleva las piezas de mármol al escultor Tesla en Vieta Valley.	쿨레 고개입구에 흩어져 있는 유골함을 모아온다				
QUEST_UNUSED_20150323_000231	Parece que has recogido suficientes piezas de mármol. Lleva las piezas de mármol al escultor Tesla en Vieta Valley.	대리석 조각을 충분히 구한 것 같습니다. 비에타 계곡에 있는 조각가 테슬라에게 대리석 조각을 가져다 주세요.				
QUEST_UNUSED_20150714_000232	Por favor, deshazte de los monstruos que hay por aquí. {nl} He oído que los monstruos se volvieron violentos en Rodoma, el primer sitio histórico.	그래도 혹시 모르니 이 주변의 몬스터 퇴치를 부탁드리겠습니다.{nl}로도마 제1 유적지의 몬스터가 난폭하게 변했다는 보고도 있었거든요.	QUEST_LV_0100_20150317_000139	Please defeat all monsters nearby to prevent anything from happening.{nl}There were reports that the monsters at the 1st Architects' Site had turned violent.	그래도 혹시 모르니 이 주변의 몬스터 처치를 부탁드리겠습니다.{nl}로도마 제1 유적지의 몬스터가 난폭하게 변했다는 보고도 있었거든요.	용병 글렌
QUEST_UNUSED_20150714_000233	De todos modos, bien.{nl}Necesito las esencias de los espíritus que tienen los espíritus muertos que deambulan por la tumba del soldado desconocido.{nl}Puedes tomar cualquier medio para obtenerlos.	어쨌든, 좋습니다. {nl}무명용사의 무덤에서 방황하는 망령이 가지고 있는 영혼의 정수가 필요합니다.{nl}무슨 수를 써도 상관없으니 그들에게 영혼의 정수를 받아 주시지요.	QUEST_LV_0100_20150317_001604	Anyways, It's good.{nl}I need the Essence of Spirit from the spirit that is wandering around the grave of unknown warrior.{nl}You can do anything, just bring us the Essence.	어쨌든, 좋습니다. {nl}무명용사의 무덤에서 방황하는 망령이 가지고 있는 영혼의 정수가 필요합니다.{nl}무슨 수를 써도 상관없으니 그들에게 영혼의 정수를 받아 주시지요. 	무덤지기 부엉이 조각상
QUEST_UNUSED_20150714_000234	Pero lo que quiero es el espíritu puro. {nl}Quiero que pongas las dos piedras del alma en la caja sagrada y las purifiques.	하지만 제가 원하는 것은 순수한 영혼입니다.{nl}가져오신 두 개의 영혼석을 성물함에 넣고 정화했으면 합니다.	QUEST_LV_0200_20150317_000699	But what I want is a pure soul. {nl}I want you to place the two soul stones in the holy box and purify it.	하지만 제가 원하는 것은 순수한 영혼입니다.{nl}가져오신 두 개의 영혼석을 성물함에 넣고 정화했으면 합니다. 	무덤지기 부엉이 조각상
QUEST_UNUSED_20150714_000235	La placa de oro que encontraste hace un momento... Creo que hay más partes además de ella. {nl} Son todas las placas de oro que encontré, así que no tengo otras placas. {nl}	조금 전에 찾아 주셨던 금속판.. 아무래도 다음 부분이 남아있는 것 같아요.{nl}제가 찾은 금속판은 그게 전부인데 큰일이네요.{nl}				알뤼다
QUEST_UNUSED_20150714_000236	Ah, hay otro lugar que aún no hemos buscado. Carretera Folsas.{nl}¿Puedes ir allí por mí?	아, 아직 한 군데 찾지 않은 곳이 있기는 해요. 폴사스 가도요.{nl}그곳에 한 번 가 봐 주실래요?				알뤼다
QUEST_UNUSED_20150714_000237	¿Va todo bien? {nl}Tal vez no lo he pensado lo suficiente.	잘 되어 가시나요?{nl}제 생각이 좀 짧았나봐요.				알뤼다
QUEST_UNUSED_20150714_000238	Estos son materiales de investigación. Dígale a Maestro Criomante que los entregará en nombre de Gitis.	연구 자료입니다. 크리오맨서 마스터에게 기티스 대신해서 연구 자료를 준다고 말씀하시면 됩니다.	QUEST_LV_0200_20150323_003824	These are the research documents. Tell Cryomancer Master that you would hand over the research documents on behalf of Gytis.	연구 자료입니다. 크리오맨서 마스터에게 기티스 대신해서 연구 자료를 준다고 말씀하시면 됩니다. 	파이로맨서 마스터
QUEST_UNUSED_20150714_000239	Hay un monstruo gigantesco que controla a esos duendes del bosque.	저 우드 고블린들을 통솔하는 거대한 녀석이 있습니다.				수도사 제프리
QUEST_UNUSED_20150714_000240	Es muy fuerte{nl}. Ten cuidado.	이곳 라우키에 저습지에서 자이언트 우드 고블린을 마주치실지도 모르겠군요.{nl}그렇게 된다면 힘드시더라도 꼭 없애 주시기 바랍니다.				수도사 제프리
QUEST_UNUSED_20150714_000241	Es muy fuerte. Ten cuidado.	덩치에 걸맞게 강력한 녀석입니다. 부디 조심하십시오.				수도사 제프리
QUEST_UNUSED_20150714_000242	Si lo enfrentas, espero que estés con otras personas.	녀석을 상대하시게 된다면 다른 사람들과 함께 하시기를 권합니다.				수도사 제프리
QUEST_UNUSED_20150714_000243	No esperaba que lo derrotaras... {nl}Eres mucho más fuerte de lo que esperaba. Estoy sorprendido.{nl}Si estoy contigo, recuperar el control del monasterio no será tan difícil.	그 녀석을 쓰러뜨리실 줄이야...{nl}계시자님은 제 생각 이상으로 강력한 분이시로군요. 감탄했습니다.{nl}계시자님과 함께라면 수도원 수복도 손쉬운 일이 아닐까 싶군요.				수도사 제프리
QUEST_UNUSED_20150714_000244	Colocar folletos	유인물 배치 중				
QUEST_UNUSED_20150714_000245	iluminando	불 붙이는 중				
QUEST_UNUSED_20150714_000246	Aviso/Entregado los restos del alma a la Escultura del Búho Débil	Notice/영혼의 유골함을 약한 부엉이 조각상에게 전달했습니다	QUEST_UNUSED_20150317_000096	The remains of the Notice / soul I told weak owl image.	Notice/영혼의 유골함을 약한부엉이 조각상에게 전달했습니다.	
QUEST_UNUSED_20150714_000247	Configurando la clave	열쇠 설치 중				
QUEST_UNUSED_20150714_000248	poniendo el cebo	미끼를 놓는 중				
QUEST_UNUSED_20150714_000249	Usando el herbicida	제초제 사용 중				
QUEST_UNUSED_20150714_000250	¡Observa/Destruye la caja de suministros y persigue al fugitivo Vubbe!#10	Notice/보급품 상자를 파괴하고 도망간 부베를 추적하세요!#10	QUEST_LV_0200_20150317_001781	Notice /Chase the Vubbes that destroyed the supplies box and ran way! # 10	Notice/보급품 상자를 파괴하고 도망간 부베를 추적하십시오!#10	
QUEST_UNUSED_20150714_000251	¡Observa/Persigue a los Vubbes fugitivos!#8	Notice/도망간 부베족을 추적하세요!#8	QUEST_LV_0200_20150317_001784	Notice / Let's find the Vubbes that ran away! # 8	Notice/도망간 부베족을 추적하자!#8	
QUEST_UNUSED_20150714_000252	Aviso/Mover a la siguiente región#5	Notice/다음 지역으로 이동하세요#5				
QUEST_UNUSED_20150714_000253	Aviso/!/¡Derrota al Lepus que bloquea el camino!#8	Notice/!/길을 막고있는 레푸스를 처치하세요!#8	QUEST_LV_0100_20150317_003522	Notice/!/Defeat Lepus who is blocking the way!#8	Notice/!/길을 막고있는 레푸스 처치!#8	
QUEST_UNUSED_20150714_000254	Aviso/!/¡Derrotaste al Lepus que estaba bloqueando el camino!#8	Notice/길을 막고있는 레푸스를 처치했습니다!#8	QUEST_LV_0100_20150317_003523	Notice/!/Defeated Lepus who was blocking the way!#8	Notice/길을 막고있는 레푸스 처치 완료!#8	
QUEST_UNUSED_20150714_000255	Incendio	태우는 중				
QUEST_UNUSED_20150714_000256	No puedo leerlo si no puedo verlo.	보이지 않으면 읽을 수 없어				
QUEST_UNUSED_20150714_000257	Descartar conchas ciegas (1)	불발탄 처리(1)				
QUEST_UNUSED_20150714_000258	¿Qué necesito hacer?	어떻게 처리하는지 대해 묻는다.				
QUEST_UNUSED_20150714_000259	Hazlo tú mismo.	알아서 처리하라고 한다.	QUEST_LV_0100_20150317_002557	Just go	그냥 간다	
QUEST_UNUSED_20150714_000260	Descartar conchas ciegas (2)	불발탄 처리(2)				
QUEST_UNUSED_20150714_000261	Yo me ocuparé de las conchas ciegas.	불발탄 처리하겠다고 한다.				
QUEST_UNUSED_20150714_000262	Hasta el ultimo	마지막 한 마리까지				
QUEST_UNUSED_20150714_000263	haré lo mejor que pueda	노력해 보겠다고 한다.				
QUEST_UNUSED_20150714_000264	el es demasiado para mi	아무래도 그런 녀석은 벅차다며 거절한다.				
QUEST_UNUSED_20150714_000265	Descartar conchas ciegas (3)	불발탄 처리				
QUEST_UNUSED_20150714_000266	Encontraste un caparazón ciego mientras deambulabas por el área del puesto de avanzada. Pregúntale a Maestro Zapador qué puedes hacer para deshacerte de los caparazones ciegos.	전초구역을 돌아다니가 불발탄을 발견했습니다. 불발탄을 처리할 방법에 대해서 새퍼 마스터에게 물어보세요.				
QUEST_UNUSED_20150714_000267	El maestro zapador intenta explicarte cómo deshacerte de los caparazones ciegos. Habla con el maestro zapador.	새퍼 마스터가 불발탄 처리 방법에 대해서 설명하려고 합니다. 새퍼 마스터와 대화하세요.				
QUEST_UNUSED_20150714_000268	Desactivar los proyectiles ciegos	불발탄 해제하기				
QUEST_UNUSED_20150714_000269	Recupera los proyectiles ciegos utilizando las herramientas para eliminar bombas según las instrucciones del maestro zapador.	새퍼 마스터가 알려준대로 폭탄 제거 도구를 사용해서 불발탄을 회수하세요.				
QUEST_UNUSED_20150714_000270	Entrega los proyectiles ciegos al maestro zapador.	회수한 불발탄을 새퍼 마스터에게 전달하세요.				
QUEST_UNUSED_20150714_000271	Parece que Jeffrey todavía tiene algunos asuntos que resolver. Habla con él.	제프리는 아직 신경쓸 것이 남은 것 같습니다. 그와 대화해 보세요.				
QUEST_UNUSED_20150714_000272	Derrota al Duende de Madera Gigante	자이언트 우드 고블린 처치				
QUEST_UNUSED_20150714_000273	Jeffrey te ha pedido que derrotes al duende de madera gigante que está al mando de otros duendes de madera.	제프리는 우드 고블린들을 통솔하는 자이언트 우드 고블린을 처치해 줄 것을 부탁했습니다.				
QUEST_UNUSED_20150714_000274	Has logrado derrotar al duende gigante del bosque. Dígale esto a Jeffrey.	자이언트 우드 고블린을 처치하는 데에 성공했습니다. 제프리에게 그 사실을 알려 주세요.				
QUEST_UNUSED_20150717_000275	Kupole Meile	큐폴 메일레				
QUEST_UNUSED_20150717_000276	Svitrigaila	쉬트리가일라				
QUEST_UNUSED_20150717_000277	Evita la helada petrificante	석화 서리를 피해				
QUEST_UNUSED_20150717_000278	¿Qué hay en la caja...?	상자에 든 것은..?				
QUEST_UNUSED_20150717_000279	El sello que posee el monstruo.	몬스터가 품은 부대 인장				
QUEST_UNUSED_20150717_000280	Te lo conseguiré.	모아보겠다고 한다.				
QUEST_UNUSED_20150717_000281	Realmente no estoy interesado en eso.	별로 관심 없다고 한다.				
QUEST_UNUSED_20150717_000282	Mira el detector de petrificación	석화 탐지기 살펴 보기				
QUEST_UNUSED_20150717_000283	Echa un vistazo al detector de petrificación en la entrada de la Fortaleza Costera.	연안 요새 입구의 석화 탐지기를 살펴 보세요.				
QUEST_UNUSED_20150717_000284	Evita la helada petrificante	석화 서리 피하기				
QUEST_UNUSED_20150717_000285	En el camino para echar un vistazo al detector, ¡de repente apareció algo detrás! ¡Parece la Escarcha Petrificante! ¡Evita la Escarcha Petrificante y escapa a un lugar seguro!	탐지기를 살펴 보려 하자 공교롭게도 갑자기 뒤쪽에서 뭔가가 다가옵니다! 아마도 석화서리 인 듯 합니다! 석화 서리를 피해 안전한 곳으로 달리세요!				
QUEST_UNUSED_20150717_000286	Abre el cofre del tesoro	보물상자 열어보기				
QUEST_UNUSED_20150717_000287	El cofre del tesoro en Coastal Fortress parece sospechoso. Acércate y ábrelo.	연안요새 한 구석에 있는 보물상자가 수상합니다. 다가가 열어 보세요.				
QUEST_UNUSED_20150717_000288	Evita la Escarcha Petrificante y derrota a los monstruos.	석화서리를 피해 몬스터 처치하기				
QUEST_UNUSED_20150717_000289	¡Al abrir el cofre, apareció Petrifying Frost desmayado y los monstruos cercanos comenzaron a atacar! Evita las heladas y derrota a todos los monstruos.	상자를 열자 미약한 석화서리가 나오면서 주변에서 몬스터들까지 달려 듭니다! 석화서리를 피해서 몬스터들을 모두 처치하세요.				
QUEST_UNUSED_20150717_000290	Habla con Wilhelmina Carriot	빌헬미나 캐리어트와 대화하세요				
QUEST_UNUSED_20150717_000291	Obtén los sellos y pergaminos del ejército de Ruklys.	루클리스의 부대 인장, 양피지 문서 구하기				
QUEST_UNUSED_20150717_000292	Recoge cualquier información útil en la Fortaleza de la Tierra.	대지의 요새에서 정보가 될 만한 물건들을 구하세요.				
QUEST_UNUSED_20150729_000293	Eso estuvo cerca. Mi nombre es Kupole Meile.{nl}Vine a guiar a las almas petrificadas en este lugar.{nl}Pero me temo que de repente aparecerá más Escarcha Petrificante como la de antes, así que no he podido moverme mucho.	큰 일 날 뻔 했군요. 저는 큐폴 메일레 라고 합니다.{nl}이 곳에서 미쳐 안식에 들지 못한 석화된 영혼들을 인도하려고 왔어요.{nl}하지만 아까처럼 그런 석화서리가 언제 어디서 불어올 지 모르니 함부로 움직이기 어렵군요.				큐폴 메일레
QUEST_UNUSED_20150729_000294	{nl}Hay detectores de petrificación, pero parece que algunos de ellos no funcionan...{nl}¿Podrías inspeccionar los detectores por mí?	{nl}석화탐지기가 있기는 한데, 어떤 건 고장 난 거 같기도 해요..{nl}탐지기를 좀 점검 해 주시겠어요?				큐폴 메일레
QUEST_UNUSED_20150729_000295	Hace mucho tiempo, los demonios y las diosas guardaban sus poderes para sí mismos. {nl} Evitaban interferir en las áreas de los demás. {nl}T Entonces un día los demonios lanzaron esta maldición de petrificación.	오래 전에는 마족과 여신들 사이에 미묘한 힘의 견제가 있어왔죠.{nl}서로의 영역을 침범하지 않는 한에서 그것이 지켜졌어요.{nl}그러나 어느 날 마족이 이런 지경의 석화 저주를 내렸지요.				큐폴 메일레
QUEST_UNUSED_20150729_000296	Se instalaron detectores de petrificación en toda el área.{nl}El primero que viste antes parece estar funcionando, pero deberías echarle un vistazo a los demás.	석화 탐지기는 여러 곳에 설치 되어 있어요. {nl}아까 보셨던 첫 번째 탐지기는 작동을 잘 하는 것 같으니, 나머지를 점검 해 주세요.				큐폴 메일레
QUEST_UNUSED_20150729_000297	Si tan solo todos los detectores estuvieran funcionando...	탐지기가 작동을 잘 해 주었으면..				큐폴 메일레
QUEST_UNUSED_20150729_000298	Oh, ya veo. {nl} Entonces dos de ellos no funcionan.	아, 그렇군요.{nl}두 개가 고장이 나 있다구요.				큐폴 메일레
QUEST_UNUSED_20150729_000299	Los problemas con los detectores se informan mejor al Ejército Real. {nl} Ellos son quienes los instalaron. {nl} La oficial del Ejército Real Retia debería poder ayudar, creo.	탐지기 작동의 문제는 왕국군에게 물어 보는 게 좋을 것 같아요.{nl}그들이 탐지기를 설치 했으니까요.{nl}왕국군 장교인 레티아를 찾아가면 뭔가 도움이 되겠죠?				큐폴 메일레
QUEST_UNUSED_20150729_000300	Después de que los demonios lanzaron la maldición de petrificación en esta tierra... las diosas intentaron salvarnos.{nl}Pero los demonios estaban furiosos porque interfirieron con su trabajo y se fueron a otra región...	마족은 이 일대에 석화 저주를 내렸고.. 여신들은 인간들을 구원하려고 했죠.{nl}하지만 서로의 일에 관여하지 않겠다는 암묵적인 룰을 잊었느냐며 마족들은 분개했고 다른 지역에...				큐폴 메일레
QUEST_UNUSED_20150729_000301	{nl}El desastre que causaron fue inimaginable...{nl}Fue tan malo que obligó a las diosas a renunciar a salvar esta tierra petrificada...	{nl}아, 생각하기도 싫은 재앙을 내렸어요..{nl}여신들이 석화된 이 곳의 구원을 포기해야 할 만큼 엄청난 재앙이었죠..				큐폴 메일레
QUEST_UNUSED_20150729_000302	Retia está en Verkti Square.{nl}Hm? ¿Ya lo sabías?	레티아는 베르크티 광장에 있어요.{nl}음? 이미 알고 계시려나?				큐폴 메일레
QUEST_UNUSED_20150729_000303	Los detectores de petrificación de la Fortaleza Costera no funcionan. {nl}Estoy consciente de ello. Estaban rotos.	연안 요새 지역의 석화 탐지기가 고장났다구요?{nl}그건 이미 알고 있습니다. 그럴만도 합니다.				왕국군 레티아
QUEST_UNUSED_20150729_000304	¿Pero no hay nadie allí? Envié refuerzos para reparar los detectores rotos. {nl} Ha pasado un tiempo desde que se fueron también... Me pregunto qué pasó...	그런데 아직 도착하지 않았나요? 제가 지원병력을 그 쪽에 파견했는데요.{nl}고장난 탐지기를 수리하러 보낸 지가 좀 됐는데.. 어찌 된 일일까요..				왕국군 레티아
QUEST_UNUSED_20150729_000305	{nl}¿Los buscarás?	{nl}한 번, 그들을 찾아 봐 주시겠습니까?				왕국군 레티아
QUEST_UNUSED_20150729_000306	Pero viendo que no hay noticias de ellos... Algo podría haber pasado. {nl} Sé que no es fácil, pero si encuentras sus cuerpos... ¿los revisarás? {nl} Deberían llevar piezas útiles. Si no, prueba con los monstruos cercanos...	하지만 어쨌든 아직 소식이 없는 것을 보면.. 어떤 변을 당했을 수도 있겠습니다.{nl}혹시 그들의 시신들이라도 발견한다면.. 번거롭더라도 시신을 뒤져봐 주시겠습니까?{nl}쓸 만한 부품들이 나올 겁니다. 아니면 그 주변의 몬스터들이라도..				
QUEST_UNUSED_20150729_000307	Se informa con bastante frecuencia sobre la Escarcha Petrificante en la entrada de la Fortaleza Costera, por lo que debes tener cuidado con los ataques de monstruos y la Escarcha Petrificante.	연안요새의 입구 쪽에 석화서리가 자주 보고되고 있으니, 그쪽에서 몬스터의 습격을 받았거나 석화서리에 당했는지도 모르지요.				왕국군 레티아
QUEST_UNUSED_20150729_000308	Las fuerzas de respaldo se han ido... Es una pena... {nl}Sus espíritus también necesitarán ser guiados...	지원 병력이 모두 당했군요.. 안타깝네요.. {nl}나중에 그들의 영혼도 인도해 주어야겠어요.				
QUEST_UNUSED_20150729_000309	Bueno. De todos modos, tome esas piezas y arregle el detector roto. {nl} Deberíamos hacerlo, pero comprenda que no podemos irnos de aquí.	네. 어쨌든 그 부품들을 들고 가서 고장난 탐지기들을 수리 해 주세요.{nl}저희가 할 일입니다만, 자리를 비울 수 없는 것을 이해해 주십시오.				왕국군 레티아
QUEST_UNUSED_20150729_000310	Esas son las piezas.{nl}Deberías ir y arreglar los detectores ahora.{nl}Cuidado con la escarcha petrificante.	그것이 그 부품들이군요.{nl}이제 수리하러 가셔야겠네요.{nl}석화 서리를 조심하세요.				
QUEST_UNUSED_20150729_000311	Después de que todos los detectores vuelvan a la normalidad, quiero guiar a los espíritus a su lugar de descanso.	석화 탐지기가 전부 정상으로 돌아오면 차분하게 영혼들을 안식으로 인도할 생각이예요.				큐폴 메일레
QUEST_UNUSED_20150729_000312	Por favor, hazme este favor.	그럼, 꼭 부탁 드리겠습니다.				큐폴 메일레
QUEST_UNUSED_20150729_000313	Oh, todos están funcionando ahora.{nl}Gracias.{nl}Por fin puedo empezar a guiar a los espíritus ahora.	오, 모두 정상 작동 하게 되었군요.{nl}정말 감사합니다.{nl}이제 안심하고 영혼들을 인도해야겠어요.				큐폴 메일레
QUEST_UNUSED_20150729_000314	Me preocupa que haya tantos espíritus...{nl}Pero todavía planeo guiarlos uno por uno.{nl}Que tu camino sea bendecido por las diosas.	영혼들이 너무 많아 걱정이지만..{nl}차분히 한 분 씩 인도할 예정입니다.{nl}계시자님의 앞길에 여신의 은총이 가득하시길.				큐폴 메일레
QUEST_UNUSED_20150729_000315	¿Quién eres? Quédate atrás.{nl}O... Quizás si pudieras ayudarme...	누구인가. 저리 가라.{nl}아.. 혹시 나를 도와줄 수 있다면..				쉬트리가일라
QUEST_UNUSED_20150729_000316	Sacerdote Juta	사제 유타				
QUEST_UNUSED_20150729_000317	Escuché que la Diosa Zemyna se estaba escondiendo y que había bendecido la Orden del Árbol de la Verdad, {nl} pero ahora que estoy aquí todo lo que veo son cadáveres. {nl} Tampoco puedo controlarlos con mi poder. Quizás tenga que deshacerme de ellos, están interfiriendo con mis oraciones...	우와. 이런 묘지에서 사람을 만날 줄은 몰랐어요.{nl}저는 제미나 여신님을 모시는 보코르에요. 사라진 제미나 여신님의 자취를 쫓아 이 곳까지 왔죠.{nl}				사제 유타
QUEST_UNUSED_20150729_000318	Escuché que la Diosa Zemyna se estaba escondiendo y que había bendecido la Orden del Árbol de la Verdad, {nl} pero ahora que estoy aquí todo lo que veo son cadáveres. {nl} Tampoco puedo controlarlos con mi poder. Quizás tenga que deshacerme de ellos, están interfiriendo con mis oraciones...	모습을 감춘 제미나 여신께서 진리의 나무 교단을 축복했다고 하시기에 여기까지 달려왔는데{nl}막상 와보니까 시체들만 돌아다니고 있네요.{nl}심지어 이 시체들 제 힘으로 제어도 안되요. 의식에 방해가 되니 처치를 해야할 것 같은데..				사제 유타
QUEST_UNUSED_20150729_000319	¿En realidad? Gracias por tus palabras.{nl}Las oraciones eran difíciles de hacer solo.{nl}	아, 정말요? 말 만으로도 감사하네요.{nl}사실 혼자서는 의식 준비도 좀 벅찼거든요.{nl}				사제 유타
QUEST_UNUSED_20150729_000320	Entonces, por favor, cuida los cuerpos que hay por aquí. {nl} Mientras tanto, estaré preparándome y rezándole a la diosa.	그럼 근처의 시체들을 처치해주세요.{nl}저는 그 동안 의식을 준비하고 여신님께 기도를 올릴게요.				사제 유타
QUEST_UNUSED_20150729_000321	Pensé que encontraría algo aquí, pero estos cadáveres no responden a mis poderes Bokor... {nl}Nunca vi algo como esto. Necesito encontrar a la diosa...	여기 오면 뭐라도 있을 까 했는데 보코르의 힘이 통하지 않는 시체라니..{nl}이런 건 처음 봐요. 어서 여신님을 찾아야 할텐데요..				사제 유타
QUEST_UNUSED_20150729_000322	Ah, has vuelto. Gracias a ti pude orar correctamente.{nl}Quiero decir... No hay respuesta como antes pero...	아, 돌아오셨군요. 덕분에 무사히 여신님께 기도를 올릴 수 있었어요.{nl}뭐.. 여느때 처럼 대답은 없으셨지만요..				사제 유타
QUEST_UNUSED_20150729_000323	Los inspeccionaré.	점검해 보겠다고 한다	QUEST_LV_0200_20150323_004339	I will investigate it	조사해 보겠다고 한다	
QUEST_UNUSED_20150729_000324	Señal	신호				
QUEST_UNUSED_20150729_000325	Cortando la cola (1)	꼬리자르기(1)				
QUEST_UNUSED_20150729_000326	Cortando la cola (2)	꼬리자르기(2)				
QUEST_UNUSED_20150729_000327	Cortando la cola (3)	꼬리자르기(3)				
QUEST_UNUSED_20150729_000328	Un callejón sin salida (1)	막다른 곳에 다다라(1)				
QUEST_UNUSED_20150729_000329	Un callejón sin salida (2)	막다른 곳에 다다라(2)				
QUEST_UNUSED_20150729_000330	Un callejón sin salida (3)	막다른 곳에 다다라(3)				
QUEST_UNUSED_20150729_000331	Archivo Refugio	기록물 대피소				
QUEST_UNUSED_20150729_000332	Señor Demonio Elegante	고상한 마군주				
QUEST_UNUSED_20150729_000333	El viaje para encontrarme a mí mismo (1)	나를 찾는 여정(1)				
QUEST_UNUSED_20150729_000334	El viaje para encontrarme a mí mismo (2)	나를 찾는 여정(2)				
QUEST_UNUSED_20150729_000335	El viaje para encontrarme a mí mismo (3)	나를 찾는 여정(3)				
QUEST_UNUSED_20150729_000336	El viaje para encontrarme a mí mismo (4)	나를 찾는 여정(4)				
QUEST_UNUSED_20150729_000337	El viaje para encontrarme a mí mismo (5)	나를 찾는 여정(5)				
QUEST_UNUSED_20150729_000338	El viaje para encontrarme a mí mismo (6)	나를 찾는 여정(6)				
QUEST_UNUSED_20150729_000339	Un trato interminable (1)	끝없는 거래(1)				
QUEST_UNUSED_20150729_000340	Un trato interminable (2)	끝없는 거래(2)				
QUEST_UNUSED_20150729_000341	Un trato interminable (3)	끝없는 거래(3)				
QUEST_UNUSED_20150729_000342	Un trato interminable (4)	끝없는 거래(4)				
QUEST_UNUSED_20150729_000343	La tragedia de la familia Legwyn (1)	르귄가의 비극(1)				
QUEST_UNUSED_20150729_000344	La tragedia de la familia Legwyn (2)	르귄가의 비극(2)				
QUEST_UNUSED_20150729_000345	La tragedia de la familia Legwyn (3)	르귄가의 비극(3)				
QUEST_UNUSED_20150729_000346	Progreso	진행				
QUEST_UNUSED_20150730_000347	Reparación/MARTILLADO/5/TRACK_AFTER/Ninguno	수리 중/HAMMERING/5/TRACK_AFTER/None	QUEST_LV_0300_20150717_000020	Repairing/MAKING/3/TRACK_AFTER/None	수리 중/MAKING/3/TRACK_AFTER/None	
QUEST_UNUSED_20150730_000348	Aviso/¡El detector fue activado!#5	Notice/탐지기가 작동하기 시작합니다!#5				
QUEST_UNUSED_20150730_000349	Reparando/MARTILLADO/3/TRACK_BEFORE/Ninguno	수리 중/HAMMERING/3/TRACK_BEFORE/None				
QUEST_UNUSED_20150803_000350	Habla con el miembro Irmantas	단원 이르만타스와 대화				
QUEST_UNUSED_20150803_000351	Puedes escuchar a alguien llamando a alguien.	단원 그라지나와 찾기				
QUEST_UNUSED_20150803_000352	Puedes escuchar a alguien llamando a alguien.	주변에서 누군가 부르는 소리가 들립니다.				
QUEST_UNUSED_20150803_000353	Habla con el miembro Grazina	단원 그라지나와 대화				
QUEST_UNUSED_20150803_000354	Entregar la mercancía al Miembro Irmantas.	이르만타스에게 물품 전달				
QUEST_UNUSED_20150803_000355	Ve a reunirte con la miembro Alina.	단원 알리나 찾아가기				
QUEST_UNUSED_20150803_000356	Habla con la miembro Alina	단원 알리나와 대화				
QUEST_UNUSED_20150803_000357	Habla con el miembro Allin	단원 알린와 대화	ETC_20150317_001874	Start	시작	
QUEST_UNUSED_20150804_000358	Para llegar al Mausoleo Real, debes pasar todas las pruebas del Gran Rey Zachariel. {nl} Para obtener la siguiente ficha para la próxima prueba, habla con el Historiador Rexipher.	왕릉에 접근하기 위해서는 자카리엘 대왕의 모든 시련을 통과해야합니다. 다음 시련에 대한 증표를 얻기 위해 사학자 렉시퍼와 대화해 봅시다.	QUEST_LV_0100_20150317_005238	You must solve all the dilemmas of the Great King Zachariel in order to approach the Royal Mausoleum. Talk to rexipher for clues to the next dilemma. 	왕릉에 접근하기 위해서는 자카리엘 대왕의 모든 난제를 풀어야 합니다. 다음 난제에 대한 단서를 얻기 위해 사학자 렉시퍼와 대화해 봅시다.	
QUEST_UNUSED_20150908_000359	Deshacerse de eso	소각 중	QUEST_LV_0100_20150317_002476	Incinerating/FIRE/2/TRACK_BEFORE/None	소각 중/FIRE/2/TRACK_BEFORE/None	
QUEST_UNUSED_20150908_000360	No quedan rastros del almacenamiento.	보관소의 흔적조차 남아 있지 않습니다				
QUEST_UNUSED_20150908_000361	¡Derrota al monstruo que bloquea el camino!	길을 막고있는 몬스터 처치!				
QUEST_UNUSED_20150908_000362	¡Has completado la derrota del monstruo que bloquea el camino!	길을 막고있는 몬스터 처치 완료!				
QUEST_UNUSED_20150908_000363	Le has pasado la caja de los espíritus a la escultura del búho.	영혼의 유골함을 약한 부엉이 조각상에게 전달했습니다				
QUEST_UNUSED_20150908_000364	¡Derrota al hombre lobo!	웨어울프를 처치하세요!				
QUEST_UNUSED_20150908_000365	¡Derrota a la Muscharia que apareció de repente!	갑자기 나타난 머슈카리아를 처치하세요!				
QUEST_UNUSED_20150908_000366	orando por los muertos	시신의 명복을 비는 중	QUEST_LV_0100_20150317_003491	Pryaing for the soul/WORSHIP/2/TRACK_BEFORE/SSN_HATE_AROUND	시신의 명복을 비는 중/WORSHIP/2/TRACK_BEFORE/SSN_HATE_AROUND	
QUEST_UNUSED_20150908_000367	orando por los muertos	명복을 비는 중	QUEST_LV_0100_20150317_003492	Praying for the dead soul/WORSHIP/4/TRACK_AFTER/SSN_HATE_AROUND/F_pc_warp_circle/1/BOT	명복을 비는 중/WORSHIP/4/TRACK_AFTER/SSN_HATE_AROUND/F_pc_warp_circle/1/BOT	
QUEST_UNUSED_20150908_000368	¡Has orado por el soldado muerto!	죽은 병사의 명복을 빌어 주었습니다!				
QUEST_UNUSED_20150908_000369	mirando a través de él	헤쳐보는 중				
QUEST_UNUSED_20150908_000370	Cavandolo	파 헤치는 중	QUEST_LV_0200_20150317_001625	Digging Through/SITGROPE_LOOP/4/TRACK_BEFORE/None	파 헤치는 중/SITGROPE_LOOP/4/TRACK_BEFORE/None	
QUEST_UNUSED_20150908_000371	¡Persigue a los Vubbes fugitivos!	보급품 상자를 파괴하고 도망간 부베를 추적하세요!				
QUEST_UNUSED_20150908_000372	Mover a otra región	도망간 부베족을 추적하세요!				
QUEST_UNUSED_20150908_000373	Mover a otra región	다음 지역으로 이동하세요				
QUEST_UNUSED_20150908_000374	¡Los monstruos aparecieron cerca de la escultura del búho rota!	부서진 부엉이 조각상 주변에 몬스터가 나타났습니다!				
QUEST_UNUSED_20150908_000375	Mientras intentabas encenderlo, ¡los monstruos aparecieron de repente! {nl} ¡Derrótalos primero y enciende el fuego nuevamente!	불을 붙이려 하자 갑자기 몬스터들이 몰려들었습니다!{nl}일단 이들을 물리치고 다시 불을 붙여 봅시다!				
QUEST_UNUSED_20150908_000376	¡Has quemado bien la escultura del búho!	부엉이 조각상을 잘 태워 주었습니다!				
QUEST_UNUSED_20150908_000377	Iluminándolo	불 불이는 중	QUEST_LV_0200_20150323_004293	Lighting up the fire/FIRE/3/TRACK_BEFORE/SSN_HATE_AROUND	불 불이는 중/FIRE/3/TRACK_BEFORE/SSN_HATE_AROUND	
QUEST_UNUSED_20150908_000378	Derrota a todos los monstruos mientras proteges el fuego alrededor del montón de esculturas.	조각상 더미의 불을 지키면서 몬스터를 모두 처치하세요!				
QUEST_UNUSED_20150908_000379	¡Derrota al Lepus que bloquea el camino!	길을 막고있는 레푸스를 처치하세요!				
QUEST_UNUSED_20150908_000380	¡Has derrotado al Lepus que bloqueaba el camino!	길을 막고있는 레푸스를 처치했습니다!				
QUEST_UNUSED_20150908_000381	¡Los siaulambs vienen a detenerte!	샤울렘들이 저지하기 위해 달려듭니다!				
QUEST_UNUSED_20150918_000382	¿Te envió el Maestro Arquero aquí? {nl}Klaipeda se está estabilizando, pero Fedimian sigue así.	아처 마스터가 보내서 왔나.{nl}클라페다는 점점 안정을 찾아가고 있지만 페디미안은 아직 이 모양이다.	QUEST_JOBSTEP_20150317_000205	Did the Archer Master send you?{nl}Klaipeda is becoming stable but Fedimian is still at risk. 	아처 마스터가 보내서 왔나.{nl}클라페다는 점점 안정을 찾아가고 있지만 페디미안은 아직 이 모양일세.	로델레로 마스터
QUEST_UNUSED_20150918_000383	Quiero que te deshagas de los monstruos jefes en Mage Tower. {nl} No tenemos suficiente fuerza laboral para reconstruir Fedimian y los monstruos también están saliendo de la torre.	자네에겐 마법사의 탑에서 대장급 몬스터를 맡기지.{nl}페디미안을 재건하는 것도 일손이 부족한데 탑에서 몬스터까지 쏟아져 나오고 있거든.	QUEST_JOBSTEP_20150317_000207	I want you to defeat the boss monster in the Mage Tower. {nl}Monsters are pouring out of the tower {nl}and we are having troubles as it is rebuilding Fedimian.	자네는 마법사의 탑에서 대장급 몬스터를 쓰러뜨려 주게.{nl}페디미안을 재건하는 것도 일손이 부족한데 탑에서 몬스터까지 쏟아져 나오고 있거든.	로델레로 마스터
QUEST_UNUSED_20150918_000384	Según el informe del explorador que logró infiltrarse en la torre, era Minotaurus en el tercer piso de Mage Tower. {nl} Si pudiéramos derrotar a ese monstruo, sería una advertencia suficiente.	잠입에 성공한 정찰병의 보고로는 마법사의 탑 3층의 미노타우로스라고 했어.{nl}그 몬스터를 처치하면 충분한 경고가 되겠지.	QUEST_JOBSTEP_20150317_000208	According to the scout who made it in, there was a Minotaur on the 3rd Floor of the Mage Tower. {nl}Defeating it will be good enough to serve as a warning. 	잠입에 성공한 정찰병의 보고로는 마법사의 탑 3층의 미노타우로스라고 했네.{nl}그 몬스터를 처치하면 충분한 경고가 되겠지.	로델레로 마스터
QUEST_UNUSED_20150918_000385	Bien hecho. Como resultado, la fuerza de los monstruos se ha reducido un poco. {nl}Por favor, transmita mi agradecimiento a Maestro Arquero.	수고했어. 덕분에 몬스터의 기세가 좀 수그러들었다는군. {nl}아처 마스터에게도 고맙다고 전해 줘.	QUEST_JOBSTEP_20150317_000209	Well done. Thanks to you, the monsters have been warded off. {nl}Extend my gratitude to the Archer Master as well. 	수고했네. 덕분에 몬스터의 기세가 좀 수그러들었어. {nl}아처 마스터에게도 고맙다고 전해 주게.	로델레로 마스터
QUEST_UNUSED_20150918_000386	Gracias. {nl} Como maestro clérigo, te ayudaré a cumplir una misión más importante.	감사합니다. {nl}클레릭 마스터로서 당신이 더 높은 사명을 이루는 것을 기꺼이 도와드리겠습니다.	QUEST_JOBSTEP_20150317_000646	Thanks.{nl}As a Cleric Master, I will help you accomplish a higher mission.	감사합니다. {nl}클레릭 마스터로써 당신이 더 높은 사명을 이루는 것을 기꺼이 도와드리겠습니다.	클레릭 마스터
QUEST_UNUSED_20150918_000387	Hay nidos de monstruos en el lado derecho de este cuatro camino. {nl} Es posible que algunos de nuestros colegas todavía estén vivos.	이 사거리의 오른쪽에 몬스터들의 둥지가 있어요. {nl}배가 불러 먹어치우지 못한 동료들이 아직 남아 있을지도 몰라요.	QUEST_LV_0200_20150317_000850	There is a monster's nest at the end of this road. {nl}My colleagues may still be alive there.	이 사거리의 끝에 몬스터들의 둥지가 있어요. {nl}배가 불러 먹어치우지 못한 동료들이 아직 남아 있을지도 몰라요.{nl}{nl}	약해진 부엉이 조각상
QUEST_UNUSED_20150918_000388	Por supuesto, debería pagarte primero como Maestro Escudero.	물론 그 전에, 스콰이어 마스터로서 당신께 보답하는 것이 먼저이겠지요.	QUEST_JOBSTEP_20150730_003068	Of course, I should return your favor first as the Squire Master.	물론 그 전에, 스콰이어 마스터로써 당신께 보답하는 것이 먼저이겠지요.	스콰이어 마스터
QUEST_UNUSED_20150918_000389	La Colección de los coleccionistas	수집상의 컬렉션				
QUEST_UNUSED_20150918_000390	¡Derrota a los monstruos que bloquean el camino!	길을 막고있는 몬스터를 처치하세요!				
QUEST_UNUSED_20150918_000391	¡Has derrotado a todos los monstruos que bloquean el camino!	길을 막고있는 몬스터를 모두 처치했습니다!				
QUEST_UNUSED_20150918_000392	Habla con el coleccionista	수집상과 대화				
QUEST_UNUSED_20150918_000393	Obtuvo las colecciones.	수집품 획득				
QUEST_UNUSED_20151001_000394	Entonces eres el Revelador que soñó el sueño de las diosas.{nl}Soy Uska, el Caballero Comandante a cargo de Siauliai y Klaipeda.	여신의 꿈을 꾼 계시자이십니까.{nl}저는 샤울레이와 클라페다를 담당하고 있는 기사단장, 우스카입니다.{nl}				기사단장 우스카
QUEST_UNUSED_20151001_000395	El reino perdió toda esperanza.{nl}Sin voluntad de levantarse de nuevo... llamando al nombre de las diosas.{nl}	지금의 왕국은 모든 희망을 잃었습니다. {nl}다시 일어설 의지조차 꺾인 채로.. 여신의 이름만 부르짖고 있습니다.{nl}				기사단장 우스카
QUEST_UNUSED_20151001_000396	A decir verdad, no puedo simplemente verlos Reveladores positivamente.{nl}Ya que estoy a cargo de una ciudad..{nl}	솔직히 저는 계시자 여러분들을 희망적으로만 바라볼 수는 없습니다.{nl}한 도시를 짊어지고 있는 책임자이기에.. {nl}				기사단장 우스카
QUEST_UNUSED_20151001_000397	No deberíamos volver a experimentar la depresión.	다시 절망을 겪을 순 없는 것 아니겠습니까.				기사단장 우스카
QUEST_UNUSED_20151001_000398	De todos modos, el obispo también soñó con la revelación.{nl}Me dijo que cuando venga el Revelador, debería ir a Crystal Mine.{nl}	자.. 어쨌든, 주교님께서도 계시의 꿈을 꾸셨습니다.{nl}계시자가 오거든 수정광산으로 보내라고 하셨다는군요.{nl}	QUEST_LV_0100_20150317_000304	The Bishop also dreamed of a revelation.{nl}He told me to send the Revelators to the Crystal Mine.{nl}	주교님께서도 계시의 꿈을 꾸셨습니다.{nl}계시자가 오거든 수정광산으로 보내라고 하셨다는군요.{nl}	기사단장 우스카
QUEST_UNUSED_20151001_000399	Pero, dado que la aldea minera está luchando contra Vubbes, estamos restringiendo la entrada. {nl} El caballero Aras en el bosque del este está a cargo, así que encuéntralo.	하지만 현재 광산 마을은 부베와 교전중인지라 출입을 제한하고 있습니다.{nl}동쪽 숲에 있는 기사 아라스가 담당이니 그를 만나보십시오.	QUEST_LV_0100_20150317_000307	But the Miners' Village is at war with the Vubbes and its entrance is limited to authorized {nl}personnel only. Knight Aras is the one managing troops in the East Siauliai Woods. {nl}You should talk to him.	하지만 현재 광산 마을은 부베와 교전중인지라 허가된 인원 외의 출입을 제한하고 있습니다.{nl}동쪽 숲에 있는 기사 아라스가 담당이니 그를 만나보십시오.	기사단장 우스카
QUEST_UNUSED_20151001_000400	La razón por la cual el número de monstruos aumentó en este bosque se debió a los luchadores de Vubbe.{nl}Averigüe cuántos Vubbes hay aquí.{nl}	이 숲의 몬스터가 불어난 게 부베 투사의 짓이였군요.{nl}부베 투사가 얼마나 있는지 알아봐 주세요.{nl}	QUEST_LV_0100_20150317_000341	So the Vubbe Fighters are the reason behind the growing number of monsters.{nl}Please find out how many Vubbe Fighters there are.{nl}	몬스터가 불어난 게 부베 투사의 짓이였군요.{nl}부베 투사가 얼마나 있는지 알아봐 주세요.{nl}	기사 아라스
QUEST_UNUSED_20151001_000401	Ey. Eres ese famoso Revelador, ¿no? {nl}Parece que estás interesado en la Fortaleza de la Tierra.{nl}	어라. 너는 그 유명한 계시자 맞지?{nl}너도 대지의 요새에 관심이 있나보네.{nl}	QUEST_LV_0200_20150317_000372	I heard about you from Wilhelmina. I heard you're good? But can you enter the Fortress of the Land without our help? {nl}You will need a pathfinder no matter how good you are. I will take you if you help me and Wilhelmina.	빌헬미나에게 네 활약은 많이 들었어, 꽤 실력이 좋다며? 하지만 대지의 요새로 우리도움 없이 들어갈 수 있을까?{nl}아무리 실력이 좋아도 길잡이들이 필요할거야, 빌헬미나와 내 계획을 도와준다면 함께 데려가 줄게	도굴꾼 아만다
QUEST_UNUSED_20151001_000402	Es decir, el lugar está lleno de soldados del Ejército Real, no puedes simplemente entrar.{nl}Ahora. ¿De qué lado estás?{nl}Si quieres entrar a la Fortaleza de la Tierra, será mejor que me lo digas.{nl}	하지만 거긴 나라면 모를까, 왕국군이 많아서 그냥은 못들어가.{nl}자. 넌 누구 편이지?{nl}대지의 요새에 들어가고 싶거든 솔직하게 대답하는 게 좋을 거야.	QUEST_LV_0200_20150317_000373	Wilhelmina asked for the records from Ruklys days in exchange for her help. Can you gather it from the assembly area in front? {nl}I will cause a big commotion if we go out ourselves so I want you to do it.	빌헬미나가 우리일을 도와주는 대가로 루클리스 시대의 기록들을 찾아와 달라고 했는 데, 이 앞 집결지에서 그걸 좀 모아와 줄 수 있겠어?{nl}우리가 나선다면 큰 소란이 일어날거야, 네가 좀 해줘	도굴꾼 아만다
QUEST_UNUSED_20151001_000403	Ten cuidado de que los soldados del reino no te detecten. {nl}Incluso si te atrapan, ríete y finge que no pasa nada.	왕국군 눈에 띄지 않게 조심해줘.{nl}들키더라도 적당히 웃으면서 넘어가라고.	QUEST_LV_0200_20150317_000374	We plan to go into the room of treasures in the Fortress of the Land without the Royal Army's knowledge. {nl}But there's a Gargoyle blocking our way and we can't defeat it ourselves without making a fuss. {nl}That's why we need your and Wilhemina's help.	우린 왕국군 몰래 대지의 요새 안에 있는 보물이 가득한 방에 들어갈 생각이야.{nl}하지만 내가 들어가려고하면 가고일이 막아서는 데 우리힘으론 소란피우지 않고 녀석을 제압할 방법이 없어{nl}그래서 너와 빌헬미나의 도움이 필요해	도굴꾼 아만다
QUEST_UNUSED_20151001_000404	Has visto la escultura de la Gárgola en el lugar de reunión, ¿verdad? {nl}Esa es la Gárgola.{nl}	집결지에서 가고일 석상을 봤지?{nl}그게 그 가고일이야.{nl}	QUEST_LV_0200_20150317_000375	Did you see the Gargoyle statue in the assembly area? It moves whenever I try to approach it so I can't get into Fortress of the Land.{nl}Wilhelmina says she has a tool to suppress it so you just have to hand over what you found and take that from her.	집결지에서 가고일 석상을 봤지? 그녀석은 내가 다가 가기만 해도 살아서 움직이는 턱에 대지의 요새로 들어갈 수가 없어.{nl}빌헬미나에게 녀석을 제압할 도구가 있다고 하니 이제 네가 찾아준걸 넘겨주고 넌 그걸 받아오기만 하면돼	도굴꾼 아만다
QUEST_UNUSED_20151001_000405	Curiosamente, cada vez que intento entrar a la fortaleza, de repente se mueve y bloquea el camino. {nl} Sin hacer un desastre, será imposible reprimirlos con nuestra fuerza.	이상하게 내가 요새로 들어가려고 하면 갑자기 살아 움직이면서 막아서더라고.{nl}소란 피우지 않고서 우리 힘으로 제압하는 건 무리야.				도굴꾼 아만다
QUEST_UNUSED_20151001_000406	Los poata en el bosque este de Siauliai están amenazando a los aldeanos. {nl} Si pudieras eliminarlos en nombre de las diosas, te enseñaré mi magia.	샤울레이 동쪽 숲에 있는 포아타가 주민들을 위협하고 있대.{nl}여신의 이름으로 그 몬스터를 없애 준다면 내 마법을 전수해 주겠어.	QUEST_JOBSTEP_20150714_002755	The poatas at Siauliai east forest is threatening the villagers.{nl}If you could defeat that monster in the name of the goddesses, I will teach you my magic.{nl}{nl}	샤울레이 동쪽 숲에 있는 포아타가 주민들을 위협하고 있대.{nl}여신의 이름으로 그 몬스터를 없애 준다면 나의 마법을 전수해 주겠어.{nl}{nl}	파이로맨서 마스터
QUEST_UNUSED_20151001_000407	Cuando te vi por primera vez, parecías demasiado incómodo... pero.{nl}Ahora te volviste más famoso que yo.{nl}	널 처음 보았을 땐 너무 어설프지 않나.. 싶었는데.{nl}지금은 나보다도 더 유명해진 것 같아.{nl}	QUEST_UNUSED_20150317_000019	Plate when you saw the first time, I wonder not die immediately parser too stand up. I thought. {nl} now I think that it has become more famous than me. {nl}	널 처음 보았을 땐 너무 어설퍼서 금방 죽지 않을까.. 싶었는데.{nl}지금은 나보다도 더 유명해진 것 같아.{nl}	아처 마스터
QUEST_UNUSED_20151001_000408	Bien hecho.{nl}Cuando adquieras algunas experiencias y aprendas a manejar la espada de mí, te convertirás en un buen caballero.	수고했다.{nl}앞으로도 실전 경험을 쌓고 내 밑에서 검을 배운다면 좋은 검사가 될 수 있을 것이다.	QUEST_JOBSTEP_20150317_000657	Well done.{nl}You will become a good swordsman if you gain more experience and learn from me.	수고했다.{nl}앞으로도 실전 경험을 쌓고 나의 밑에서 검을 배운다면 좋은 검사가 될 수 있을 것이다.	하이랜더 마스터
QUEST_UNUSED_20151001_000409	¿Has venido aquí para aprender de mí las enseñanzas de Rogue?{nl}Está bien.{nl}Hay una tarea en la que puedo verificar tus habilidades como Rogue y resolver mi problema.{nl}	나에게 로그의 가르침을 받으러 온거야?{nl}마침 잘 됐어.{nl}너의 로그로서의 실력을 검증하면서 내 문제도 해결할 수 있는 일석이조의 일이 있거든.{nl}				로그 마스터
QUEST_UNUSED_20151001_000410	Maestro Explorador y yo éramos muy buenos amigos, pero nuestra relación es algo incómoda ahora. {nl} Quiero restaurar la relación dándole un regalo, pero si voy, me descubrirán. {nl} ¿Puedes ir allí en secreto y dejarle un regalo?	스카우트 마스터와 나는 한때는 둘도 없는 친구였지만 지금은 조금 어색해져서 말이야.{nl}뭔가 선물이라도 주면서 관계를 회복해보고 싶은데.. 내가 직접가는 건 역시 너무 눈에 띄거든.{nl}니가 대신해서 몰래 선물 좀 전해주고 오지 않겠어?				로그 마스터
QUEST_UNUSED_20151001_000411	Bien. Pero esto también incluye tu prueba.{nl}Dale un regalo, pero tienes que ponerlo en secreto para que Maestro Explorador no se dé cuenta.{nl}Para darte un consejo, lo haces desde su espalda.	좋아. 하지만 이건 너의 시험도 겸하는 거니까.{nl}선물을 전해주되 스카우트 마스터가 눈치채지 못하게 몰래 넣어두고 와야해.{nl}조언을 해주자면 이런 일은 상대의 뒤를 잡는게 기본이야.				로그 마스터
QUEST_UNUSED_20151001_000412	Así que has venido.{nl}Se sorprenderá cuando lo revise más tarde.{nl}	잘 전해주고 왔나보네.{nl}나중에 확인하면 깜짝 놀라겠지?{nl}				로그 마스터
QUEST_UNUSED_20151001_000413	Ahora es el momento de completar mi trabajo contigo. {nl}Puedo ver que eres más que el promedio ya que pudiste expresarlo en secreto sin que el Maestro Scout se diera cuenta. Aprenderás rápido.	이제 너와의 일을 마무리지을 차례군.{nl}스카우트 마스터 몰래 물건을 넣어두고 올 정도면 너도 보통은 아니니까 금방 배울 수 있을거야.				로그 마스터
QUEST_UNUSED_20151001_000414	Entonces has venido aquí para aprender las habilidades de Fletcher.{nl}Recuerda, también te costaría mucho.{nl}	플레쳐의 기술을 배우러 왔군.{nl}자네 수준에서 가르침을 받을만한 일이라면 그 대가도 쉽지 않다는 걸 각오해두게.{nl}				플레쳐 마스터
QUEST_UNUSED_20151001_000415	He estado buscando las flechas que fueron creadas por el primer Maestro Fletcher desde hace mucho tiempo. {nl}Esas flechas iban a ser entregadas a Lydia Schaffen, así que estoy seguro de que la EXP que se puso en esas flechas no es normal. {nl}He encontrado el paradero de esas flechas recientemente, por lo que alguien que pueda reconocer el verdadero valor de esas flechas debería ir allí.	나는 예전부터 초대 플레쳐 마스터가 만든 화살을 찾아왔소.{nl}리디아 샤펜에게 선물해줄 정도의 화살이니 거기에 담긴 기술은 보통이 아니겠지.{nl}최근에 남아있는 화살의 소재에 대한 정보를 얻게 되었는데 이 일을 시키려면 그 화살의 가치를 알아볼 수 있는 사람이어야겠지.				플레쳐 마스터
QUEST_UNUSED_20151001_000416	Según la información que obtuve, parece que podría encontrarlo en 36_1 de la región del valle. {nl} Se usaba para cazar algún monstruo violento, así que será mejor que tengas cuidado.	내가 얻은 정보에 의하면 협곡지대 36_1에서 찾을 수 있을 것 같소.{nl}무언가 흉폭한 몬스터를 상대하는데 사용했었다고 하니 주의하는게 좋겠지.				플레쳐 마스터
QUEST_UNUSED_20151001_000417	Puedo decir que es genial con solo mirar su apariencia. {nl}Quiero investigar sobre esta flecha de inmediato, pero mi promesa contigo es lo primero.{nl}Te mostraré mi habilidad, así que presta atención.	오 겉으로만 봐도 굉장함을 알 수 있겠군.{nl}당장이라도 이 화살을 연구해보고 싶지만 자네와의 약속이 먼저겠지.{nl}자, 내가 가진 기술을 보여줄테니 눈 크게 뜨고 잘 보도록 하게.				플레쳐 마스터
QUEST_UNUSED_20151001_000418	Como Maestro Halconero, estoy buscando formas de fortalecer a los Falconers con diversos métodos.{nl}Una de las ideas que se me ocurrió fue usar monstruos aéreos en lugar de águilas.{nl}	응사 마스터로서 다양한 시도를 통해 응사들이 더욱 강해지는 방법을 찾고 있다.{nl}그 중 하나로 매를 대신해서 날아다니는 몬스터들을 써먹을 순 없을까 하는 생각을 했지.{nl}				응사 마스터
QUEST_UNUSED_20151001_000419	Por supuesto, estoy satisfecho con mi socio Rith, pero creo que estos intentos ayudarían a Falconer.	물론 내 파트너 리쓰에게 만족하고 있지만 이런 시도는 응사들에게 도움이 될 수 있다고 생각한다.				응사 마스터
QUEST_UNUSED_20151001_000420	Como cuando estás domesticando un águila, ¿qué tal si le das de comer? {nl} No tengo grandes expectativas, así que será mejor que vayas allí y lo pruebes primero. {nl} He puesto suficiente comida, así que al menos prueba con tres tipos diferentes de monstruos.	매를 길들일 때 처럼 먹이라도 줘보면 되지 않을까?{nl}큰 기대는 하고 있지 않으니 일단 가서 시도라도 해보는게 좋겠군.{nl}먹이는 넉넉히 넣어두었으니 적어도 세 종류의 몬스터에게는 시도해보도록.				응사 마스터
QUEST_UNUSED_20151001_000421	¿Quieres aprender habilidades más avanzadas?{nl}Si quieres aprender habilidades avanzadas de Schwaze Reiter, debes poseer habilidades competentes.{nl}Lo más importante es disparar a los enemigos con precisión.	역시 실패했나. 아쉽지만 예상했던 바다.{nl}결과야 어찌되었든 그대의 노력에는 보답해야겠지.{nl}좋다, 내가 직접 지도해주도록 하지.				응사 마스터
QUEST_UNUSED_20151001_000422	¿Quieres aprender habilidades más avanzadas?{nl}Si quieres aprender habilidades avanzadas de Schwaze Reiter, debes poseer habilidades competentes.{nl}Lo más importante es disparar a los enemigos con precisión.	더 고급기술을 배우고 싶다고?{nl}슈바르츠라이터의 고급 기술을 배우려면 그럴만한 실력이 뒷바침 되어야겠지.{nl}첫째도 둘째도 중요한건 확실하게 적을 쏘아 맞추는 일이다.				슈바르츠라이터 마스터
QUEST_UNUSED_20151001_000423	Me gusta tu confianza. {nl}Pero debo comprobar si eres realmente lo suficientemente competente. {nl}I te reconoceré si logras golpear a los enemigos 200 veces consecutivas sin ningún error.	자신감은 마음에 드는군.{nl}하지만 입만 산건 아닌 지 확인해보겠다.{nl}일반 몬스터에게 가서 실수없이 연속으로 200번 명중시키고 온다면 인정하도록 하지.				슈바르츠라이터 마스터
QUEST_UNUSED_20151001_000424	Así que no fuiste un farol. {nl}Sería un placer enseñarte si tus habilidades son como esas.	과연 허세는 아니었군.{nl}그 정도 실력이라면 나도 가르치는 보람이 있지.				슈바르츠라이터 마스터
QUEST_UNUSED_20151001_000425	¿Has venido aquí para aprender las habilidades de Monk? {nl}Eso es bueno. Puedo confiar en ti.{nl}Hay algo que necesito solicitarte.{nl}	몽크의 기술을 배우러 왔소?{nl}그럼 마침 잘 됐군. 당신이라면 믿고 맡길 수 있지.{nl}부탁하고 싶은 일이 있소.{nl}				몽크 마스터
QUEST_UNUSED_20151001_000426	Todavía me arrepiento de lo que hice en el pasado.{nl}Estoy ayudando a algunas personas como resultado, pero si otras personas lo saben, estaré en un problema.{nl}Tienes que enviarles un regalo, si lo haces bien, te enseñaré algunas habilidades.	난 과거에 한 실수를 지금도 후회하고 있소.{nl}그에 대한 속죄겸 어떤 이들을 돕고 있는데 이게 알려지면 곤란한 일이라서 말이오.{nl}그들에게 물건을 하나 전하면 되는데, 잘 해낸다면 실력으로 인정하고 기술을 전수하리다.				몽크 마스터
QUEST_UNUSED_20151001_000427	Hay mucha gente que me culpa.{nl}Pero no estoy haciendo esta tarea para esas personas.{nl}Solo estoy asumiendo mi responsabilidad por mi error.	그 일로 나를 원망하는 사람들도 많지.{nl}하지만 그런 사람들을 신경써서 하는 일은 아니오.{nl}다만 나 스스로의 실수에 대한 책임을 지는 것이지.				몽크 마스터
QUEST_UNUSED_20151001_000428	¿Lo has superado bien? {nl}Tentonces, sólo tienes que aprender de mí.	잘 전해주었소?{nl}그럼 이제 나아게 한 수 배우는 일만 남았군.				몽크 마스터
QUEST_UNUSED_20151001_000429	¿Has venido aquí para que te reconozca? {nl}Pero tengo algunos asuntos de los que ocuparme ahora, así que es un poco difícil en este momento.{nl}El libro de transacciones ha sido arrancado debido a los monstruos.{nl}{nl}Debido a esto, no puedo concentrarme en otros trabajos.{nl}Si tienes prisa, te diré la ubicación, así que por favor consígueme la libro preliminar.{nl}Esto es un secreto, pero te lo digo por nuestra relación y confío en ti.	나에게 새로이 인정받기 위해 왔는가?{nl}하지만 지금은 내가 조금 곤란한 일이 있어서 힘들겠군.{nl}몬스터들 때문에 거래 장부가 찢어져버려서 말이네.{nl}{nl}이거 때문에 지금 다른 업무를 보는 일도 정신이 없네.{nl}정 급하다면 내가 장소를 알려줄테니 대신 예비 장부를 가져와주게.{nl}이런건 비밀이긴 하지만 자네와 그동안의 인연도 있고 믿을만한 사람이라고 생각하고 있으니 말이네.				파드너 마스터
QUEST_UNUSED_20151001_000430	El libro preliminar está en 35_3 en el monasterio. {nl} Para evitar que otras personas lo encuentren, lo escondí dentro de un libro y también hay algunos libros falsos, así que encuéntralo bien.	예비 장부는 수도원 35_3에 있네.{nl}다른 자들이 찾아내지 못하도록 책속에 숨겨두기도 했고 가짜 장부도 여럿 놓아두었으니 잘 찾아오게.				파드너 마스터
QUEST_UNUSED_20151001_000431	Lo has encontrado bien.{nl}Ahora, ya que nos hemos ocupado del asunto urgente, te agradeceré esto.	제대로 찾아왔군.{nl}급한 일은 처리했으니 자네는 이걸로 인정해주겠네.				파드너 마스터
QUEST_UNUSED_20151001_000432	Para controlar bien las habilidades de Druida, debes conocer bien las plantas que controlas. {nl} De hecho, estoy investigando el hecho de que las plantas crecidas se convirtieron en monstruos para que puedas aprender algo de ellas. {nl} Si me ayudas con esto, lo reconoceré como tu entrenamiento.	드루이드의 능력을 잘 다루기 위해서는 자신이 다루는 식물에 대해서 잘 아는 것도 중요합니다.{nl}마침 제가 신수의 날 이후로 과성장한 식물들이 몬스터가 되어 날뛰는 문제를 조사하는 중이니 당신도 배울 점이 있겠지요.{nl}이 일을 돕는다면 그 부분을 수행으로 인정해드리겠습니다.				드루이드 마스터
QUEST_UNUSED_20151001_000433	Derrota a las plantas que se convirtieron en monstruos y obtén algunas muestras de ellas. {nl}Podrás obtener más muestras a medida que los monstruos se vuelvan más fuertes.	몬스터가 된 식물들을 처치하고 표본을 구해와 주세요.{nl}강한 몬스터일수록 더 많은 표본을 얻을 수 있습니다.				드루이드 마스터
QUEST_UNUSED_20151001_000434	Parece que eres lo suficientemente competente.{nl}Como te prometí, te ayudaré.	실력도 충분하신 것 같군요.{nl}수행으로 인정해드리기로 했으니 약속대로 당신을 돕도록 하죠.				드루이드 마스터
QUEST_UNUSED_20151001_000435	Parece que tienes algunos asuntos conmigo, pero hay algo más importante que hacer en este momento.{nl}El poder demoníaco que se creó desde un lugar lejano se está volviendo más fuerte y comienza a influir en el poder de Oracle.{nl}Como resultado, lo que vemos a través de la clarividencia se vuelve vago.{nl}	저에게 용무가 있으신 거 같은데 지금은 더 중요한 일이 있습니다.{nl}먼 곳에서 발생한 마기가 점점 짙어지더니 오라클의 힘에 영향을 주기 시작했습니다.{nl}결국에는 클레어보이언스로 보는 영상이 흐려지고 있습니다.{nl}				오라클 마스터
QUEST_UNUSED_20151001_000436	Primero tenemos que deshacernos de esa energía demoníaca.{nl}¿Por qué no lo intentas primero?{nl}Tal vez, resolver este problema verificaría tu competencia y también podría ser una prueba para ti.	그 마기를 처리하는 게 지금 가장 우선시되어야 할 일입니다.{nl}당신이 한번 나서보지 않겠습니까?{nl}어쩌면 이 일을 해결하는 게 당신의 능력을 증명하면서 동시에 시험이 될 수도 있다는 생각이 듭니다.				오라클 마스터
QUEST_UNUSED_20151001_000437	Parece que lo has hecho bien.{nl}Fue una buena decisión para mí darte la tarea. bien, entonces te ayudaré de ahora en adelante.	문제가 되고 있는 곳은 협곡지대 36_1입니다.{nl}제가 드린 정화의 로무바를 마기가 강한 곳에 세우면 됩니다.				오라클 마스터
QUEST_UNUSED_20151001_000438	Parece que lo has hecho bien.{nl}Fue una buena decisión para mí encomendarte la tarea.{nl}Está bien, entonces te ayudaré de ahora en adelante.	잘 해내신 모양입니다.{nl}당신에게 맡기길 잘 했다는 생각이 듭니다.{nl}그럼 이제 제가 당신을 돕도록 하겠습니다.				오라클 마스터
QUEST_UNUSED_20151001_000439	Bien. Toma este objeto y ve al Bosque Mochia. {nl} Cuando encuentres a alguien, habla con naturalidad y tienes que decirle las contraseñas.	좋소, 이 물건을 가지고 모치아 숲으로 가시오.{nl}그곳에서 접견인으로 보이는 사람을 발견하거든 일단 자연스럽게 대화를 하다가 그의 질문에 맞게 암구호를 말해야 하오.				몽크 마스터
QUEST_UNUSED_20151001_000440	demonio svitrigaila	마족 쉬트리가일라				
QUEST_UNUSED_20151001_000441	Tengo una petición para ti. {nl} Llévame a la muerte.{nl}	드디어.. 올 것이 왔군.{nl}날 길티네님의 곁으로 보내줄 이가..{nl}	QUEST_UNUSED_20150729_000315	Who're you? Stay back.{nl}Or... Maybe if you can help me...	누구인가. 저리 가라.{nl}아.. 혹시 나를 도와줄 수 있다면..	마족 쉬트리가일라
QUEST_UNUSED_20151001_000442	Tengo una petición para ti. {nl} Llévame a la muerte.	네게 부탁이 있다.{nl}날 죽음으로 이끌어 다오.				마족 쉬트리가일라
QUEST_UNUSED_20151001_000443	Escritos sobre el pilar	기둥에 적힌 글귀				
QUEST_UNUSED_20151001_000444	[Antecedentes de Cleros]	[클레로스의 배경]				기둥에 적힌 글귀
QUEST_UNUSED_20151001_000445	{nl}Cleros nació como el hijo mayor de una familia noble, pero los hijos de su madrastra le robaron sus derechos de sucesión y lo expulsaron de sus tierras. Se puede decir que esta es su primera desgracia registrada.	{nl}클레로스는 어느 영주 가문의 장자로 태어났으나 계모의 자식에게 계승권을 빼앗기고 영지밖으로 쫓겨남으로 그의 인생의 첫 실패라 할 일을 기록하였습니다. 				기둥에 적힌 글귀
QUEST_UNUSED_20151001_000446	{nl}Se fue a buscar trabajo cerca de la frontera por sugerencia de un conocido. El trabajo resultó ser una estafa; fue encarcelado y obligado a trabajar hasta el cansancio.	{nl}방황하던 그는 지인의 권유로 변방으로 일자리를 찾아 떠났으나 그것은 사기였고, 강제로 잡힌 채로 죽도록 일만 하는 고생을 하였습니다. 				기둥에 적힌 글귀
QUEST_UNUSED_20151001_000447	{nl}Con la ayuda de Ruklys, escapó de su vida casi de esclavitud, después de lo cual se dedicó a las artes marciales y vivió un período de paz. Sin embargo, Ruklys fue perseguido y pronto Cleros volvió a la miseria.	{nl}그 후에 루클리스의 구원을 받아 반노예의 강제된 삶에서는 벗어나 잠시 무예도 익히며 평화로운 시기를 보냈으나 루클리스가 토벌당함으로 그의 잠시의 안식은 다시 재난으로 변했습니다.				기둥에 적힌 글귀
QUEST_UNUSED_20151001_000448	[La muerte de Cleros]	[클레로스의 최후]				기둥에 적힌 글귀
QUEST_UNUSED_20151001_000449	{nl}{nl}Después de una larga serie de desgracias viviendo como un fugitivo sin logros que contar, finalmente fue arrestado y llevado a Kalejimas.	{nl}{nl}기나긴 도주 생활은 고난으로 점철되어 정말 일생에 성공한 일이라고는 없는 삶을 살다가 결국에 그 마저 붙잡혀 칼레이마스로 수용되었습니다.				기둥에 적힌 글귀
QUEST_UNUSED_20151001_000450	{nl}Ojalá pudiera decir que había esperanza para él en esa infame prisión, pero su vida allí no fue más que dificultades hasta el final.	{nl}그 악명높은 감옥에서 뭔가 희망이 있었다면 좋았겠지만, 그는 최후까지 그곳에서 고생을 하다가 죽었습니다.				기둥에 적힌 글귀
QUEST_UNUSED_20151001_000451	[Después de la muerte de Cleros]	[클레로스의 죽음, 그 이후]				기둥에 적힌 글귀
QUEST_UNUSED_20151001_000452	{nl}{nl}Uno podría pensar que, si bien su vida pudo haber estado plagada de desgracias, ciertamente no fue particularmente ardua. Pero, según se dice, incluso en la muerte su espíritu está siendo atormentado por los demonios, sin poder escapar de su triste situación.	{nl}{nl}여기서 끝난다면 그의 일생은 고난과 실패로 가득찬  삶이기는 해도 유일한 고역의 삶은 아니겠지만 일설에 의하면 그는 지금도 죽은 영혼의 상태로 마족에게 고문당하는 신세를 면치 못하고 있다고 합니다. 				기둥에 적힌 글귀
QUEST_UNUSED_20151001_000453	{nl}Algunos creen que el hecho de que todavía esté sufriendo a manos de los demonios significa que debe haber un secreto sobre su vida que desconocemos.	{nl}어떤 사람들은 그가 마족에게 이런 일을 당하고 있다는 사실 자체가 실은 그의 인생에 우리가 모르는 비밀한 사연이 있을 것이라 말하기도 합니다.				기둥에 적힌 글귀
QUEST_UNUSED_20151001_000454	Escritos sobre el pilar	기둥에 새겨진 글귀				
QUEST_UNUSED_20151001_000455	[Rumpelstiltskin y la luna]	[럼펠스틸스킨과 달]				기둥에 새겨진 글귀
QUEST_UNUSED_20151001_000456	{nl}{nl} Puede que esto no sea del todo cierto, pero es una historia contada por leyendas. Lo que sabemos es que Rumpelstiltskin hizo una apuesta con Lydia Schaffen y montó su flecha dirigida a la luna durante siglos y siglos.	{nl}{nl}이것은 확실한 이야기는 아니지만 전설로 전해내려오는 이야기 가운데 하나입니다. 우리가 아는대로 럼펠스틸스킨은 리디아 샤펜과의 내기로 인해 달을 향해 긴 세월을 날아갔습니다. 				기둥에 새겨진 글귀
QUEST_UNUSED_20151001_000457	{nl}Su viaje a la luna duró mucho tiempo y fue muy difícil. Pero cuando finalmente llegó a la luna, Rumpelstiltskin se dio cuenta de su problema. La flecha que había llevado a la luna ya no podía llamarse flecha, dado su estado después del viaje.	{nl}달에 도착하기까지 매우 긴 세월을 보내며 고생하여 비행을 했습니다. 그러나 마침내 달에 도착했을 때 럼펠스틸스킨은 중대한 문제를 발견했습니다. 자신이 타고 온 리디아 샤펜의 화살은 더 이상 화살이라고 부르기 어려울 정도의 상태가 되었습니다. 				기둥에 새겨진 글귀
QUEST_UNUSED_20151001_000458	Le sorprendió el hecho de que la flecha que había estado montando (sólo estaba sentado sobre ella, volaba con su propia magia) de repente se agotó por completo.	방금전까지 자신이 타고(실은 자세만 탄 것이지 실제로는 그의 마력으로 날게한) 온 화살이 갑자기 부식을 심하게 받은 상태로 변한 사실은 그를 놀라게 만들었습니다.				기둥에 새겨진 글귀
QUEST_UNUSED_20151001_000459	[La flecha de Rumpelstiltskin y Lydia Schaffen]	[럼펠스틸스킨과 리디아 샤펜의 화살]				기둥에 새겨진 글귀
QUEST_UNUSED_20151001_000460	{nl}{nl}Por supuesto, la flecha podría haberse desgastado durante un viaje tan largo, pero sucedió de repente después de que Rumpelstiltskin aterrizara en la luna, lo que parecía muy extraño.	{nl}{nl}물론 긴 시간이 흘렀으니 그럴 수도 있는 일이지만, 화살에서 몸을 떼고 막 달 표면에 화살을 박으려하자 그런 일이 일어났으니 럼펠스틸스킨으로서는 황당한 일이었습니다. 				기둥에 새겨진 글귀
QUEST_UNUSED_20151001_000461	{nl}Resulta que lo que pasó con la flecha fue culpa de Rumpelstiltskin. Su magia hizo volar la flecha a la luna y la mantuvo protegida, pero lo que no sabía era que la flecha de Lydia Schaffen estaba hecha de un material utilizado contra los demonios. Y así, mientras su magia mantuvo la flecha ilesa hasta la luna, al soltar la flecha, que se mantenía unida únicamente por magia, inmediatamente se desmoronó en un trozo de óxido y cayó al suelo.	{nl}화살이 그렇게 된 것은 럼펠스틸스킨의 탓입니다. 럼펠스틸스킨의 마력은 화살을 달까지 날게하고 또한 보존도 하였지만, 리디아 샤펜의 화살은 애초에 마족에 저항하는 상극의 성질을 지니고 있었습니다. 럼펠스틸스킨은 그것을 모르고 자신이 타는 동안에 그의 마력을 끊임없이 불어넣어 화살을 날게하고 한편으로 지켰지만, 한순간 화살과 접촉이 끊기자 마력도 끊겼고, 그러자 그간 마력으로 유지되던 화살은 마치 전체가 녹으로 된 물질이 형체만 유지하다가 녹가루 먼지로 화하는 것처럼 스러지고 만 것입니다.				기둥에 새겨진 글귀
QUEST_UNUSED_20151001_000462	[Paradero de Rumpelstiltskin]	[럼펠스틸스킨은 어디에]				기둥에 새겨진 글귀
QUEST_UNUSED_20151001_000463	{nl}O podría estar deambulando por nuestro mundo, buscando otras flechas que Lydia Schaffen pudiera haber dejado atrás.{nl}	{nl}{nl}럼펠스틸스킨은 곰곰히 생각해보고 그 이치를 알았지만 이미 때는 늦은 후였습니다. 물론 이 이야기는 인간도 여신도 마족에게도 확인할 길이 없는 전해지는 이야기에 불과하고 어쩌면 럼펠스틸스킨은 지금도 달을 향해 날고 있을지도 모릅니다.				기둥에 새겨진 글귀
QUEST_UNUSED_20151001_000464	{nl}O podría estar deambulando por nuestro mundo, buscando otras flechas que Lydia Schaffen pudiera haber dejado atrás.	{nl}어쩌면 리디아 샤펜이 남긴 다른 화살이 아직 세상에 존재하는지 찾기 위해 숨어서 이 세상을 헤매고 있을지도 모릅니다.				기둥에 새겨진 글귀
QUEST_UNUSED_20151001_000465	Leopoldas	레오폴다스				
QUEST_UNUSED_20151001_000466	¡Un revelador! {nl}Es un placer conocerte. Mi nombre es Leopoldas, administro a los nuevos miembros de los Comerciantes de Kedorlaomer. Estoy muy feliz de encontrarte aquí.	계시자님이시로구먼!{nl}반갑네 반가워. 난 케도라오머 상단에서 신입 단원 관리를 맡고 있는 레오폴다스라고 하네. 이렇게 만나다니 정말 반갑네.				레오폴다스
QUEST_UNUSED_20151001_000467	{nl} Ya que nos presentaron, ¿podemos... tal vez charlar?	{nl}이렇게 만난 것도  인연인데, 잠시 이야기나 .. 어떤가?				레오폴다스
QUEST_UNUSED_20151001_000468	¿Nuestros comerciantes?{nl}Ya que estás interesado, ¿te lo digo?	우리 상단?{nl}뭐 궁금하다니까 알려줘 볼까?				레오폴다스
QUEST_UNUSED_20151001_000469	{nl}A decir verdad, el mundo necesita a nuestros comerciantes.{nl}No estoy seguro de saberlo,{nl}pero mantuvimos viva la Mina de Cristal comprándole minerales,{nl}suministramos materiales para construir la Torre Astral, la Gran Catedral, la Torre de la Tierra y mucho más.	{nl}실은 우리 상단이야말로 이 세상에서 없어서는 안 될 존재지.{nl}아는 지 모르겠는데, {nl}수정광산이 그리 오랜 세월 존재하도록 채굴 광물들의 매입을 했다든지{nl}별의 탑, 대성당, 대지의 요새 같은 대형 공사의 자재를 공급했다든지 하는 일 말이야.				레오폴다스
QUEST_UNUSED_20151001_000470	{nl}Así es. Nosotros somos los que hicimos todo eso.{nl}¿Sorprendido?	{nl}그래 맞아. 그런 일을 해 온 장본인들이 바로 우리들이라네.{nl}놀랬지?				레오폴다스
QUEST_UNUSED_20151001_000471	Sería fantástico si pudieras echar una mano a nuestros comerciantes aquí en Manahas, si tienes tiempo.{nl}Allá están nuestros recién llegados, y si vas al sur podrás ayudar a Jurathena Margellius.{nl}¡Estarás orgulloso de llamarte asistente de los comerciantes de Kedorlaomer!	시간이 난다면 이 곳 마나하스에서 우리 상단의 일들을 좀 도와준다면 좋겠네.{nl}저쪽에 내 담당인 신입단원들도 있고, 저 아래로 내려가면 유라테나 마르젤리유스의 일도 도울 수 있지.{nl}그렇게 되면 자네도 당당히 케도라오머 상단의 조력자! 쯤이 되는 것이 아니겠나.				레오폴다스
QUEST_UNUSED_20151001_000472	Incluso en nuestro grupo, sin embargo, tuvimos momentos difíciles. {nl} En realidad es un poco difícil en este momento. {nl} Es por eso que nos estamos enfocando en esto aquí ahora mismo.	우리 상단이라고 해도 어려웠던 시절이 없으란 법은 없었지.{nl}지금이 살짝 그런 때라고 해도 되려나?{nl}여튼 그래서 이렇게 이 존에 주력하고 있는 것이고.				레오폴다스
QUEST_UNUSED_20151001_000473	Nos vemos la próxima vez.	다음에 또 보세나.				레오폴다스
QUEST_UNUSED_20151001_000474	Ah, creo que sé qué objeto sagrado hay ahí.{nl}En lugar de usar una herramienta, primero excaválo con la mano.{nl}Y ten cuidado de no romper el objeto y tráemelo.	아, 그 위치라면 어떤 성물인지 알 것 같네요.{nl}도구를 사용하는 것 보다 일단 손으로 한 번 파 보세요.{nl}그리고 나오는 건 깨지지 않게 조심해서 가져다 주세요.				메리사
QUEST_UNUSED_20151001_000475	No debería ser tan difícil.	별로 어렵지 않을 거예요.				메리사
QUEST_UNUSED_20151001_000476	Tenga cuidado de no romperlo.	깨지지 않게 조심하세요.				메리사
QUEST_UNUSED_20151001_000477	Esta es la botella que contiene la tinta secreta que se usó para escribir grabaciones o documentos importantes. {nl}Se usa para ocultar registros y cosas similares.{nl}Gracias.	이건 중요한 기록이나 문서를 남기기 위해 사용하던 비밀잉크가 담긴 병이예요. {nl}기록을 숨겨야 할 필요가 있을 때 이 잉크를 사용했을 거라고 알려져 있어요.{nl}감사합니다.				메리사
QUEST_UNUSED_20151001_000478	Antanas	안타나스				
QUEST_UNUSED_20151001_000479	{nl}Estamos construyendo un santuario aquí.{nl}Necesitamos buscar materiales para ello, pero parece que nos faltan manos. ayudarías?	안녕하시오.{nl}난 러드 종단의 안타나스라고 하오.{nl}여신이 사라진 지금, 다른 종파로 갈려 싸우기 보다는 묵묵히 이 곳 저 곳에서 여신을 기다리면서 자기 할 일을 하고 있는 종단이 바로 러드 종단이라오.				안타나스
QUEST_UNUSED_20151001_000480	{nl}Estamos construyendo un santuario aquí.{nl}Necesitamos buscar materiales para ello, pero parece que nos faltan manos.{nl}¿Me ayudarías?	{nl}난 여기서 성소를 만들고 있소.{nl}아닌게 아니라 성소를 만들 재료들을 구해야 하는데 영 일손이 딸리네.{nl}좀 구해주시겠소?				안타나스
QUEST_UNUSED_20151001_000481	Estoy aquí construyendo el santuario, pero hay otros allá afuera reuniendo materiales para hacer escrituras, buscando registros de antiguos sabios de la Orden Rud o realizando otras tareas.	여기서 나는 성소를 만들고 있지만, 다른 곳에는 여신 경전을 만들기 위해 재료를 공수하고 있다든지, 러드종단 선현들의 기록을 찾아 정리하는 등의 일을 하는 종단원들이 있지.				안타나스
QUEST_UNUSED_20151001_000482	Hay dos cosas que necesitamos.{nl}Lescuche atentamente. {nl}Consigue un poco de cal en polvo de los monstruos y luego algunas piedras planas para la construcción.	재료가 한 두가지여야지.{nl}잘 들으시오.{nl}몬스터에게서 횟가루도 얻어야 하고, 깔린 돌들에게서 석재용 돌도 구해야 하오.				안타나스
QUEST_UNUSED_20151001_000483	{nl}Estarás ocupado.	{nl}많이 바쁠 거요.				안타나스
QUEST_UNUSED_20151001_000484	¡Buena suerte!	힘을 내시오!				안타나스
QUEST_UNUSED_20151001_000485	Vaya, lo hiciste genial.	이야, 잘 해 주었소.				안타나스
QUEST_UNUSED_20151001_000486	Eso... ¿es de los monstruos de la Fortaleza de la Tierra? {nl}El ejército de Rukly solía tenerlo en el pasado.{nl}	그건.. 대지의 요새의 몬스터에게서 나온 건가요?{nl}이건 과거 루클리스 부대 병사들이 가지고 있던 것입니다.{nl}				빌헬미나 캐리어트
QUEST_UNUSED_20151001_000487	El objeto que has traído nos ayudará en nuestra investigación. {nl} ¿Puedes conseguirnos más?	가져오신 물건은 저희 기사단의 연구에 도움이 될 것 같습니다.{nl}더 구해주실 수 있나요?				빌헬미나 캐리어트
QUEST_UNUSED_20151001_000488	No esperaba que los monstruos de la Fortaleza de la Tierra tuvieran esto... {nl}Esto es muy interesante.	대지의 요새에 있는 몬스터들이 이런 걸 가지고 있다니..{nl}상당히 흥미롭군요.				빌헬미나 캐리어트
QUEST_UNUSED_20151001_000489	Esto es suficiente. {nl}Gracias por ayudarnos en nuestra investigación.	이만하면 충분합니다. {nl}저희들의 연구에 도움을 주셔서 감사합니다.				빌헬미나 캐리어트
QUEST_UNUSED_20151001_000490	¿Qué pasa?{nl}¿Me estás dando esto?{nl}	무슨 일이시지요?{nl}이걸 제게 주신다는 건가요?{nl}				빌헬미나 캐리어트
QUEST_UNUSED_20151001_000491	Esto es sorprendente. Cuenta todo sobre las vidas de los soldados del pasado. {nl}I debería enviar esto al cuartel general. Gracias.	놀랍군요. 과거 병사들의 생활상이 적혀있어요. {nl}얼른 이 자료를 기사단 본부에 보내야겠습니다. 감사합니다.				빌헬미나 캐리어트
QUEST_UNUSED_20151001_000492	¡No!{nl}Por favor, no me lo quites..	안돼!{nl}제발 그 반지만은 빼앗지 말아줘..				원한 서린 영혼
QUEST_UNUSED_20151001_000493	¡Esto es muy antiguo! {nl} Este tipo de bombas solo se pueden ver en los libros.	그건 폭탄인데.. 불발탄인가?{nl}내가 좀 볼 수 있을까?				새퍼 마스터
QUEST_UNUSED_20151001_000494	¡Esto es muy antiguo! {nl} Este tipo de bombas solo se pueden ver en los libros.	이건 완전 구형이잖아!{nl}책에나 볼 수 있는 폭탄이야.				새퍼 마스터
QUEST_UNUSED_20151001_000495	Espíritu de soldado	병사 영혼				
QUEST_UNUSED_20151001_000496	No pude enviar una orden de retirada. {nl}I debería haber tocado la bocina...	부대원들에게 퇴각 명령을 내리지 못했습니다.{nl}나팔을 불어야 하는데..				루클리스 부대원의 영혼
QUEST_UNUSED_20151001_000497	Si no se retiran seremos aniquilados.{nl}El cuerno...	퇴각시키지 않으면 전멸당하고 말 겁니다.{nl}나팔을..				병사 영혼
QUEST_UNUSED_20151001_000498	Gracias. ¿A dónde perteneces? {nl}I debería volver con Ruklys ahora.	감사합니다. 당신은 어디 소속이십니까?{nl}저도 이제 루클리스님께 돌아가야겠습니다..				루클리스 부대원의 영혼
QUEST_UNUSED_20151001_000499	¡Esperar! Escuche lo que dice.{nl}Dice que si quiero recuperar el tesoro de nuestra familia, debería darle el cristal bendito.{nl}	잠시만요! 이 사람 말하는 것 좀 들어보세요.{nl}남의 집안 가보를 되돌려받고 싶으면 축복 받은 수정을 내놓으래요.{nl}				스콰이어 윌리야
QUEST_UNUSED_20151001_000500	Al principio nos dio cristales falsos y nos quitó la vida.{nl}Y pide llamar a una persona muerta y preguntarle.{nl}	애초에 엉터리 수정을 줘서 사람 목숨까지 잃게 해 놓선 말이에요. {nl}하, 참. 그러더니 이젠 한술 더 떠서 죽은 사람까지 불러다 물어보래요.{nl}				스콰이어 윌리야
QUEST_UNUSED_20151001_000501	Entonces le pregunté cómo podía decirlo y me dijo que le usara el pergamino de los muertos. {nl} Entonces le pregunté cuánto costaría y respondió que puedo pagarle dándole un poco de pintura azul.	그럼 어떻게 불러내냐니까 자기한테 망자 스크롤을 사라잖아요?{nl}그래서 얼마면 되냐고 물어보니까 몬스터를 잡아서 파란 도료를 대금으로 내래요.{nl}				스콰이어 윌리야
QUEST_UNUSED_20151001_000502	Lo siento. Supongo que estaba demasiado molesto. Te lo diré poco a poco. {nl}Soy amigo de Maestro Escudero, Justina Legwyn.	분명 이 늙은 사기꾼이 제가 파란 도료를 구하러 간 사이에 도망치려는 게 분명해요!{nl}저를 도와주실 수 있나요?				스콰이어 윌리야
QUEST_UNUSED_20151001_000503	Lo siento. Supongo que estaba demasiado molesto. Te lo diré poco a poco. {nl}Soy amigo de Maestro Escudero, Justina Legwyn.{nl}	흥분했더니 말에 두서가 없었네요. 차근차근 말씀드릴게요. {nl}저는 스콰이어 마스터인 유스티나 르귄의 친구 윌리야에요.{nl}				스콰이어 윌리야
QUEST_UNUSED_20151001_000504	El muerto del que habla el Perdonador es el padre de mi amigo, Gailus Legwyn. {nl}Es ridículo que el desaparecido Gailus Legwyn haya fallecido, y mira su actitud.{nl}	저 파드너가 말하는 죽은 사람은 제 친구의 아버지인 가일류스 르귄님이죠.{nl}실종된 가일류스 르귄님이 돌아가셨다는 것도 황당한데 저 태도좀 보세요.{nl}				스콰이어 윌리야
QUEST_UNUSED_20151001_000505	Ese viejo solo quiere satisfacer su codicia.{nl}Pobre Justina...{nl}	저 늙은이가 르귄가의 가보를 유족에게 돌려주겠다면서 자기 사리사욕을 채우려 하잖아요.{nl}불쌍한 유스티나..{nl}				스콰이어 윌리야
QUEST_UNUSED_20151001_000506	Puedes encontrar pintura azul de los monstruos en Apgaudin Crossroads.{nl}Cuento contigo.	파란 도료는 압가우딘 삼거리의 몬스터에게서 구하실 수 있을 거에요.{nl}꼭 부탁드릴게요.				스콰이어 윌리야
QUEST_UNUSED_20151001_000507	¿Sabe ella el valor del Dead Scroll?{nl}Como sea... ya no me importa.{nl}	저 당돌한 여자애는 그 망자 스크롤이 얼만 줄 알고 저러는 건지.{nl}아깝지만 이젠 상관 없어.{nl}				파드너 에리카스
QUEST_UNUSED_20151001_000508	Estoy experimentando esta vergüenza por su culpa. No puedo soportarlo más.{nl}¡Encuentra a Gailus Legwyn con esto y pregúntale tú mismo!{nl}	불쌍한 사람 도와줬다가 이런 치욕을 당해야 하다니, 참을 수 없단 말이다.{nl}이걸로 가일류스를 찾아서 직접 물어보라고!{nl}				파드너 에리카스
QUEST_UNUSED_20151001_000509	Busque el sello de Mires Grave{nl}Escuché que murió cerca de allí.	미레스 무덤가의 봉인을 찾아봐.{nl}그 친구, 그 근처에서 죽었다고 들었으니까.				파드너 에리카스
QUEST_UNUSED_20151001_000510	No quiere retroceder hasta recibir el cristal bendito. {nl}Es muy tenaz.	이 사기꾼은 축복 받은 수정을 돌려받을 때까지 물러날 생각은 없는 것 같아요.{nl}정말 독하네요.				스콰이어 윌리야
QUEST_UNUSED_20151001_000511	¡Oh Dios mío! {nl} No esperaba encontrarme con un humano aquí... {nl}	세상에, 여신이시여!{nl}이런 곳에서 사람을 만나게 될 줄이야..{nl}				단원 이르만타스
QUEST_UNUSED_20151001_000512	¿Puedes apoyarme hasta que notifique a mis otros colegas usando una bengala? {nl}Tengo que informar a los otros dos colegas que vinieron aquí que todavía estoy vivo.{nl}	제발 도와주십시오.{nl}전 별의 탑에서부터 추격자들과 마족들에게 쫓기고 있습니다.{nl}				단원 이르만타스
QUEST_UNUSED_20151001_000513	¿Puedes apoyarme hasta que notifique a mis otros colegas usando una bengala? {nl}Tengo que informar a los otros dos colegas que vinieron aquí que todavía estoy vivo.	제가 신호탄으로 동료들에게 알리는 동안 잠시만 곁에 있어주실 수 있습니까?{nl}이 곳에 함께 온 두 명의 동료에게 제가 아직 살아있다는 걸 알려야 합니다.				단원 이르만타스
QUEST_UNUSED_20151001_000514	Los cazadores vinieron aquí... {nl}I podría haber estado en peligro si no fuera por ti.	추격자들이 여기까지..{nl}당신이 아니었다면 큰일날 뻔 했습니다.				단원 이르만타스
QUEST_UNUSED_20151001_000515	Tú... Es como si las diosas estuvieran a tu lado.{nl}Está bien. Estoy seguro de que eres mejor que esa Giltine.{nl}	너는.. 마치 여신들이 네 곁에 있는 것 같구나.{nl}그래. 그 가증스러운 길티네보단 낫겠지.{nl}				마군주 하우벅
QUEST_UNUSED_20151001_000516	Soy el Demon Lord Hauberk.{nl}Tal vez ya me hayas conocido a mí y a mi otra pieza.{nl}Pero esa pieza es una pieza diferente. No se quien eres..{nl}	나는 마군주 하우벅이다.{nl}어쩌면 이미 너는 나의 다른 조각을 만났을 수도 있을 것이다.{nl}하지만 그 조각은 나와는 다른 조각일 뿐, 나는 네가 누군지 모른다..{nl}				마군주 하우벅
QUEST_UNUSED_20151001_000517	Estaba huyendo de los demonios a través de un humano llamado Agatas.{nl}Pero Agatas está muriendo debido a la aguja de parálisis del demonio.{nl}	나는 이 아가타스라는 인간을 통해 마족에게서 도망치고 있었다.{nl}하지만 아가타스가 마족의 마비독에 당해 이렇게 죽어가고 있구나.{nl}				마군주 하우벅
QUEST_UNUSED_20151001_000518	Sé que no confías en mí.{nl}Pero, por favor salva a este peregrino.{nl}Si puedes encontrar algunas hierbas azul oscuro, puedes salvarlo.	네가 나를 믿을 수 없다는 건 안다.{nl}하지만 이 선하디 선한 순례자만은 살려다오.{nl}네가 검푸른 허브를 구해온다면 그를 살릴 수 있다.				마군주 하우벅
QUEST_UNUSED_20151001_000519	(Parece estar inconsciente)	(정신을 잃은 것 같다)				순례자 아가타스
QUEST_UNUSED_20151001_000520	Puedes salvar a Agatas con esto.{nl}No hay nada que pueda pagar por tu amabilidad.{nl}	이것이라면 아가타스를 살릴 수 있다.{nl}너의 선의에 보답할 만한 게 없구나.{nl}				마군주 하우벅
QUEST_UNUSED_20151001_000521	Simplemente parezco un demonio que debería ser eliminado ante tus ojos, ¿verdad? {nl}Pero, cuando Agatas despierte, te explicará todo.	네 눈엔 나는 그저 없애야 할 마족으로만 보이겠지.{nl}하지만 아가타스가 깨어나면 모든 것을 설명해 줄 것이다.				마군주 하우벅
QUEST_UNUSED_20151001_000522	¿Los Caballeros de Kaliss? Bien. {nl}Todavía no podemos confiar completamente en ti, pero si me ayudas con el plan, puedo llevarte conmigo.{nl}	칼리스 기사단이라고? 좋아.{nl}우리가 널 완전히 믿진 못하겠지만 내 계획을 도와준다면 함께 데려가 줄 용의는 있어.{nl}				도굴꾼 아만다
QUEST_UNUSED_20151001_000523	Sabes que la Fortaleza de la Tierra fue el último campo de batalla de Ruklys, ¿verdad? {nl}Fue excavada en el suelo como un túnel.{nl}	대지의 요새가 루클리스 군의 마지막 저항지였다는 건 알고 있지?{nl}개미굴 처럼 땅 속을 파서 만든 곳이지.{nl}				도굴꾼 아만다
QUEST_UNUSED_20151001_000524	El Ejército Real está ahora por todas partes, protegiéndolo. {nl} ¿No es extraño?	지금은 왕국군들이 철통같이 지키고 있어.{nl}이상하지 않아?{nl}				도굴꾼 아만다
QUEST_UNUSED_20151001_000525	La revuelta ocurrió hace 400 años y no tenemos suficiente fuerza laboral debido a Medzio Diena.{nl}Esta ciudad también... Sé que es históricamente significativa, pero no estoy seguro de si tenemos que protegerla tanto.{nl}	반란은 400년 전의 일이고 지금은 신수의 날이다 뭐다 해서 병력도 부족하잖아.{nl}이 도시도 그렇고 아무리 역사적으로 의미가 있어도 그렇게까지 지켜야 할 필요가 있냐는 거야.{nl}				도굴꾼 아만다
QUEST_UNUSED_20151001_000526	Tal vez algunos acuerdos negros iban y venían detrás del reino.{nl}Si no es así, ¿por qué están protegiendo esto?{nl}	뭔가 왕국의 뒤에서 시꺼먼 거래라도 오고간 게 아닐까 싶어.{nl}그런 게 아니라면 뭐하러 이런 돌덩이나 다름 없는 걸 지키겠어?{nl}				도굴꾼 아만다
QUEST_UNUSED_20151001_000527	Deben estar preguntándose qué está pasando desde que los Caballeros de Kaliss están aquí.{nl}Dijeron que harían la vista gorda si les traigo lo que quieren.{nl}	칼리스 기사단은 거기에 주목해서 뭔가 있지 않을까 궁금한가봐.{nl}그들은은 계약한 것만 챙겨 오면 마음대로 움직여도 못본 척 해주겠다고 했어.{nl}	QUEST_UNUSED_20151001_000526	Maybe some black deals were going back and forth behind the kingdom.{nl}If that's not it, why are they protecting this?{nl}	뭔가 왕국의 뒤에서 시꺼먼 거래라도 오고간 게 아닐까 싶어.{nl}그런 게 아니라면 뭐하러 이런 돌덩이나 다름 없는 걸 지키겠어?{nl}	도굴꾼 아만다
QUEST_UNUSED_20151001_000528	Entonces, por supuesto, estoy entrando a la sala de la fortaleza que está llena de tesoros sin que el ejército lo sepa. {nl}Me imagino que está cargado de riquezas, ya que son fondos del ejército.{nl}	아, 물론 난 왕국군 몰래 대지의 요새에 있는 보물이 가득한 방으로 들어갈 거야.{nl}분명 군자금이니 뭐니 엄청난 것을 잔뜩 쌓아 놓고 있을 거라고.{nl}				도굴꾼 아만다
QUEST_UNUSED_20151001_000529	Primero, reúne los registros de la era de Ruklys en el área de reunión. {nl} Los necesitamos para pasar a la Gárgola que vigila.	일단 집결지에 있는 루클리스 시대의 기록물들을 모아줘.{nl}저길 지키고 있는 가고일을 뚫을려면 그게 필요하거든.				도굴꾼 아만다
QUEST_UNUSED_20151001_000530	Bokor Yuta	보코르 유타				
QUEST_UNUSED_20151001_000531	Estoy buscando a la Diosa Zemyna.{nl}Todos saben que la diosa ha desaparecido.{nl}	전 제미나 여신의 행방을 찾고 있어요.{nl}여신께서 행방불명되셨다는건 누구나 아는 이야기지요.{nl}	QUEST_UNUSED_20150729_000317	Wow. I never thought I'd meet someone at this cemetery.{nl}I'm a Bokor serving Goddess Zemyna. After she went missing I followed Her trace all the way here.{nl}	우와. 이런 묘지에서 사람을 만날 줄은 몰랐어요.{nl}저는 제미나 여신님을 모시는 보코르에요. 사라진 제미나 여신님의 자취를 쫓아 이 곳까지 왔죠.{nl}	보코르 유타
QUEST_UNUSED_20151001_000532	He venido aquí después de escuchar que las diosas bendijeron la Orden del Árbol de la Verdad...{nl}Solo puedo ver a los muertos.{nl}	여신께서 진리의 나무 교단을 축복했단 소문을 듣고 여기까지 왔는데.. {nl}망자들만 가득하네요.{nl}	QUEST_UNUSED_20150729_000318	I heard Goddess Zemyna was hiding and that she had blessed the Order of the Tree of Truth,{nl}but now that I'm here all I see are dead bodies.{nl}I can't control them with my power, either. I might have to get rid of them, they're interfering with my prayers...	모습을 감춘 제미나 여신께서 진리의 나무 교단을 축복했다고 하시기에 여기까지 달려왔는데{nl}막상 와보니까 시체들만 돌아다니고 있네요.{nl}심지어 이 시체들 제 힘으로 제어도 안되요. 의식에 방해가 되니 처치를 해야할 것 같은데..	보코르 유타
QUEST_UNUSED_20151001_000533	Si vas a quedarte en esta cámara, ¿puedes ayudarme? {nl}No puedo hacer nada con mi poder y ellos vienen hacia mí cada vez que escuchan mis oraciones.{nl}	혹시 이 묘역에 계속 계실 거라면 절 좀 도와주시겠어요?{nl}이 망자들은 제 힘으로도 어떻게 안되고 기도 소리만 들으면 마구 달려들거든요.{nl}				보코르 유타
QUEST_UNUSED_20151001_000534	Debería rezarle a las diosas para que comprueben si ella está por aquí.	여신께 기도를 올려야 이 근처에 계시는지라도 확인이 될 텐데 말예요.				보코르 유타
QUEST_UNUSED_20151001_000535	¿En realidad? Gracias por tus palabras.{nl}Las oraciones eran difíciles de hacer solo.{nl}	정말요? 말 만으로도 감사하네요.{nl}사실 혼자서는 기도마저도 힘들었거든요.{nl}	QUEST_UNUSED_20150729_000319	Really? Thank you for your words.{nl}Prayers were hard to do alone.{nl}	아, 정말요? 말 만으로도 감사하네요.{nl}사실 혼자서는 의식 준비도 좀 벅찼거든요.{nl}	보코르 유타
QUEST_UNUSED_20151001_000536	Entonces cuento contigo para los muertos en la sala de ataúdes. {nl} Mientras tanto, rezaré a la diosa.	그럼 입관실의 망자들을 부탁드릴게요.{nl}그 동안 전 여신이 어디 계시는지 기도를 올려 보겠어요.	QUEST_UNUSED_20150729_000320	Please take care of the bodies around here, then.{nl}Meanwhile I'll be preparing and praying to the goddess.	그럼 근처의 시체들을 처치해주세요.{nl}저는 그 동안 의식을 준비하고 여신님께 기도를 올릴게요.	보코르 유타
QUEST_UNUSED_20151001_000537	Pensé que podría encontrar el paradero de la Diosa Zemyna aquí, pero este lugar está lleno de muertos... {nl}Nunca había visto esto. Deberíamos buscar a Zemyna rápidamente.	여기라면 제미나 여신의 행방을 찾을 수 있을까 했는데 망자들만 가득하다니..{nl}이런 건 처음 봐요. 어서 제미나님을 찾아야 할텐데요.	QUEST_UNUSED_20150729_000321	I thought I'd find something here, but these corpses don't respond to my Bokor powers...{nl}I never saw something like this. I need to find the goddess...	여기 오면 뭐라도 있을 까 했는데 보코르의 힘이 통하지 않는 시체라니..{nl}이런 건 처음 봐요. 어서 여신님을 찾아야 할텐데요..	보코르 유타
QUEST_UNUSED_20151001_000538	Ah, entonces has regresado. {nl}Gracias a ti los muertos no me atacaron mientras oraba.{nl}	아, 돌아오셨군요. {nl}덕분에 기도를 올리는 동안은 시체들이 덤벼들진 않았어요.{nl}	QUEST_UNUSED_20150729_000322	Oh, you're back. Thanks to you I was able to pray properly.{nl}I mean... There's no answer like before but...	아, 돌아오셨군요. 덕분에 무사히 여신님께 기도를 올릴 수 있었어요.{nl}뭐.. 여느때 처럼 대답은 없으셨지만요..	보코르 유타
QUEST_UNUSED_20151001_000539	Pero, incluso aquí, la oración no llegó a la diosa.	하지만 여기서도 여신께 기도는 닿지 않았나봐요.				보코르 유타
QUEST_UNUSED_20151001_000540	Muñeca chamán [Avance de Bokor]	주술인형[보코르 전직]				
QUEST_UNUSED_20151001_000541	El cadáver del mercenario que ha caído.	쓰러져 있는 용병의 시신				
QUEST_UNUSED_20151001_000542	Pregúntale qué debes hacer	어떻게 하면 되는 지 묻는다	QUEST_LV_0100_20150317_002398	Accept	수락	
QUEST_UNUSED_20151001_000543	Rechazar	알아서 하라며 거절한다	QUEST_LV_0200_20150317_001850	Reject	거부	
QUEST_UNUSED_20151001_000544	Lydia Schaffen y la flecha de Fletcher [Avance de Fletcher]	리디아 샤펜과 플레쳐의 화살[플레쳐 전직]				
QUEST_UNUSED_20151001_000545	buscaré la flecha	화살을 찾아보겠다고 한다	QUEST_LV_0100_20150317_002398	Accept	수락	
QUEST_UNUSED_20151001_000546	Renuncia porque no tienes suficiente confianza.	자신없으니 그만둔다	QUEST_LV_0200_20150317_001850	Reject	거부	
QUEST_UNUSED_20151001_000547	¿Cómo puedo domar al monstruo?	몬스터를 어떻게 길들이는 지 묻는다	QUEST_LV_0100_20150317_002398	Accept	수락	
QUEST_UNUSED_20151001_000548	eso es absurdo	말도 안되는 소리라고 한다				
QUEST_UNUSED_20151001_000549	Tiro perfecto [Avance de Schwarzer Reiter]	일발필중[슈바르츠라이터 전직]				
QUEST_UNUSED_20151001_000550	tengo confianza	자신있다고 한다				
QUEST_UNUSED_20151001_000551	eso no es cierto	그렇지 않다고 거절한다	QUEST_LV_0200_20150317_001850	Reject	거부	
QUEST_UNUSED_20151001_000552	lo pasaré	전해주겠다고 한다				
QUEST_UNUSED_20151001_000553	no quiero hacerlo	수상하니 거절해둔다	QUEST_LV_0200_20150323_004490	I need some time to prepare	준비할 시간이 필요하다고 한다	
QUEST_UNUSED_20151001_000554	iré a buscar el libro	장부를 가져오겠다고 한다	QUEST_LV_0100_20150317_002398	Accept	수락	
QUEST_UNUSED_20151001_000555	Regresaré más tarde	다음에 다시오겠다고 한다	QUEST_LV_0200_20150317_001850	Reject	거부	
QUEST_UNUSED_20151001_000556	lo resolveré	해결하겠다고 한다				
QUEST_UNUSED_20151001_000557	Necesito algo de tiempo para pensar	생각할 시간을 달라고 한다				
QUEST_UNUSED_20151001_000558	El registro de alguien (1)	누군가의 기록(1)				
QUEST_UNUSED_20151001_000559	Quitar el polvo	먼지를 긁어 내느 중				
QUEST_UNUSED_20151001_000560	Al ver caer el polvo negro del pilar, ¡los monstruos vinieron corriendo!	기둥에서 검은 가루가 떨어지자 그것을 보고 몬스터들이 몰려듭니다!				
QUEST_UNUSED_20151001_000561	Quitar los polvos negros	검은 가루를 털어 내는 중				
QUEST_UNUSED_20151001_000562	Después de quitarle el polvo negro, ¡lo que hay debajo parece un disco!	검은 가루를 털어냈더니 어떤 기록 같은 것이 보입니다!				
QUEST_UNUSED_20151001_000563	El registro de alguien (2)	누군가의 기록(2)				
QUEST_UNUSED_20151001_000564	Los destellos marinos no brillan, probablemente porque es de día. {nl} ¡Consigue un poco de aceite monstruoso de los monstruos cercanos para alimentar los destellos marinos!	낮이라서 그런지, 야광충이 빛을 내지 않습니다!{nl}주변 몬스터에게서 야광충의 먹이가 되는 몬스터 기름을 구해 오세요!				
QUEST_UNUSED_20151001_000565	¡Para leer las palabras necesitas recolectar aceite de monstruo!	몬스터 기름을 모아야 글귀를 읽을 수 있습니다!				
QUEST_UNUSED_20151001_000566	Mirándolo de nuevo	다시 살펴 보는 중				
QUEST_UNUSED_20151001_000567	¡Los destellos del mar empiezan a brillar!	야광충이 빛을 내기 시작합니다!				
QUEST_UNUSED_20151001_000568	El registro de alguien (3)	누군가의 기록(3)				
QUEST_UNUSED_20151001_000569	mirando el pilar	기둥 살펴 보는 중				
QUEST_UNUSED_20151001_000570	¡Párate cerca del pilar y di los números!	기둥 가까이 서서 어딘가에서 얻은 숫자를 말해 봅시다!				
QUEST_UNUSED_20151001_000571	Leyendo los escritos en el pilar	기둥의 글귀 읽는 중				
QUEST_UNUSED_20151001_000572	Tallas en el Pilar (1)	기둥에 새겨진 인물(1)				
QUEST_UNUSED_20151001_000573	¡Está demasiado oscuro para ver! ¡Recoge un poco de musgo brillante cerca!	어두워서 보이지 않습니다! 주변에서 빛나는 이끼를 채취해 오세요!				
QUEST_UNUSED_20151001_000574	Leyendo los escritos en el pilar	기둥의 글귀를 읽는 중				
QUEST_UNUSED_20151001_000575	¡Debido al musgo brillante, puedes leer lo que dicen los escritos!	빛나는 이끼 덕분에 글귀를 읽을 수 있게 되었습니다!				
QUEST_UNUSED_20151001_000576	Tallas en el Pilar (2)	기둥에 새겨진 인물(2)				
QUEST_UNUSED_20151001_000577	¡El pilar se derrumbó sin siquiera tocarlo! {nl} ¡Recoge un líquido viscoso de los monstruos para reparar el pilar!	건드리지도 않았는데 기둥이 무너져 버렸습니다!{nl}몬스터에게서 기둥을 수리 할 점성 있는 액체를 구해 오세요!				
QUEST_UNUSED_20151001_000578	Necesitas un liquido viscoso	점성 있는 액체가 필요합니다				
QUEST_UNUSED_20151001_000579	Reparando el pilar	기둥 수리 중				
QUEST_UNUSED_20151001_000580	Tallas en el Pilar (3)	기둥에 새겨진 인물(3)				
QUEST_UNUSED_20151001_000581	Poniendo las piezas	조각들을 끼워 넣는 중				
QUEST_UNUSED_20151001_000582	¡Puedes leer las letras!	글귀를 읽을 수 있는 상태가 되었습니다!				
QUEST_UNUSED_20151001_000583	Recolectando el Objeto Sagrado (4)	성물 수집(4)				
QUEST_UNUSED_20151001_000584	voy a ir a excavarlo	발굴해 오겠다고 한다				
QUEST_UNUSED_20151001_000585	Excavando el objeto sagrado	성물 발굴 중				
QUEST_UNUSED_20151001_000586	¡Has descubierto el objeto sagrado!	성물을 발견 했습니다!				
QUEST_UNUSED_20151001_000587	los recogeré	모아보겠다고 한다				
QUEST_UNUSED_20151001_000588	no volveré a entrar	다시 들어갈 일은 없다고 한다	QUEST_UNUSED_20150717_000281	I'm not really interested in it.	별로 관심 없다고 한다.	
QUEST_UNUSED_20151001_000589	La historia escrita sobre el ejército de Ruklys.	루클리스 부대와 관련된 이야기가 적혀있습니다				
QUEST_UNUSED_20151001_000590	Orden de retirada	퇴각명령				
QUEST_UNUSED_20151001_000591	El viaje comienza (1)	여정의 시작(1)				
QUEST_UNUSED_20151001_000592	El viaje comienza (2)	여정의 시작(2)				
QUEST_UNUSED_20151001_000593	El viaje comienza (3)	여정의 시작(3)				
QUEST_UNUSED_20151001_000594	El viaje comienza (4)	여정의 시작(4)				
QUEST_UNUSED_20151001_000595	Orsha (1)	오르샤(1)				
QUEST_UNUSED_20151001_000596	Orsha (3)	오르샤(2)				
QUEST_UNUSED_20151001_000597	Orsha (3)	오르샤(3)				
QUEST_UNUSED_20151001_000598	Un corazón agradecido	감사의 마음을 담아				
QUEST_UNUSED_20151001_000599	algo para dar	꼭 드리고 싶어요				
QUEST_UNUSED_20151001_000600	Perdido en el bosque (1)	숲 속에서 길을 잃다(1)				
QUEST_UNUSED_20151001_000601	Perdido en el bosque (2)	숲 속에서 길을 잃다(2)				
QUEST_UNUSED_20151001_000602	Un objeto sin dueño	주인없는 물건				
QUEST_UNUSED_20151001_000603	Zona de seguridad insegura	안전하지 않은 안전지대				
QUEST_UNUSED_20151001_000604	El colono sin descanso	쉴 수 없는 이주민				
QUEST_UNUSED_20151001_000605	El obispo desaparecido (1)	사라진 주교(1)				
QUEST_UNUSED_20151001_000606	El obispo desaparecido (2)	사라진 주교(2)				
QUEST_UNUSED_20151001_000607	El obispo desaparecido (3)	사라진 주교(3)				
QUEST_UNUSED_20151001_000608	El obispo desaparecido (4)	사라진 주교(5)				
QUEST_UNUSED_20151001_000609	El obispo desaparecido (5)	지워진 흔적 찾기				
QUEST_UNUSED_20151001_000610	El paradero quemado (1)	불타버린 행방(1)				
QUEST_UNUSED_20151001_000611	El paradero quemado (2)	불타버린 행방(2)				
QUEST_UNUSED_20151001_000612	Busca las huellas borradas (5)	지워진 흔적 찾기(5)				
QUEST_UNUSED_20151001_000613	Busque las huellas borradas (6)	지워진 흔적 찾기(6)				
QUEST_UNUSED_20151001_000614	Agente con exceso de trabajo	정보원의 격무				
QUEST_UNUSED_20151001_000615	Quitar el olor	냄새 없애기				
QUEST_UNUSED_20151001_000616	Alejándose	발길 돌리기				
QUEST_UNUSED_20151001_000617	Colonia de monstruos (1)	몬스터 군락지(1)				
QUEST_UNUSED_20151001_000618	Colonia de monstruos (2)	몬스터 군락지(2)				
QUEST_UNUSED_20151001_000619	Operación de Misión a gran escala (1)	대규모 수색(1)				
QUEST_UNUSED_20151001_000620	Operación de Misión a gran escala (2)	대규모 수색(2)				
QUEST_UNUSED_20151001_000621	Operación de Misión a gran escala (3)	대규모 수색(3)				
QUEST_UNUSED_20151001_000622	Operación de Misión a gran escala (4)	대규모 수색(4)				
QUEST_UNUSED_20151001_000623	Operación de Misión a gran escala (5)	대규모 수색(5)				
QUEST_UNUSED_20151001_000624	Operación de Misión a gran escala (6)	대규모 수색(6)				
QUEST_UNUSED_20151001_000625	Actividades de apoyo	보조 활동				
QUEST_UNUSED_20151001_000626	La ubicación sospechosa	수상한 장소				
QUEST_UNUSED_20151001_000627	Investigación preliminar (1)	사전 조사(1)				
QUEST_UNUSED_20151001_000628	Investigación preliminar (2)	사전 조사(2)				
QUEST_UNUSED_20151001_000629	El monstruo corrupto	오염된 몬스터				
QUEST_UNUSED_20151001_000630	Preciosa vida y dinero	돈 보다 귀한 목숨				
QUEST_UNUSED_20151001_000631	Recuperar la capital	밑천 회수				
QUEST_UNUSED_20151001_000632	El rastro peligroso (1)	위험한 단서(1)				
QUEST_UNUSED_20151001_000633	El rastro peligroso (2)	위험한 단서(2)				
QUEST_UNUSED_20151001_000634	El rastro peligroso (3)	위험한 단서(3)				
QUEST_UNUSED_20151001_000635	Paradero del obispo Urbonas (1)	우르보나스의 행방(1)				
QUEST_UNUSED_20151001_000636	Paradero del obispo Urbonas (2)	우르보나스의 행방(2)				
QUEST_UNUSED_20151001_000637	Paradero del obispo Urbonas (3)	우르보나스의 행방(3)				
QUEST_UNUSED_20151001_000638	Paradero del obispo Urbonas (4)	우르보나스의 행방(4)				
QUEST_UNUSED_20151001_000639	Paradero del obispo Urbonas (5)	우르보나스의 행방(5)				
QUEST_UNUSED_20151001_000640	Paradero del obispo Urbonas (6)	우르보나스의 행방(6)				
QUEST_UNUSED_20151001_000641	Paradero del obispo Urbonas (7)	우르보나스의 행방(7)				
QUEST_UNUSED_20151001_000642	Haz la tarea correctamente	일처리는 확실히				
QUEST_UNUSED_20151001_000643	Un nuevo enemigo	새로운 적				
QUEST_UNUSED_20151001_000644	Un montón de demonios (1)	마족 꾸러미(1)				
QUEST_UNUSED_20151001_000645	Un montón de demonios (2)	마족 꾸러미(2)				
QUEST_UNUSED_20151001_000646	En las manos (5)	손아귀 속으로(5)				
QUEST_UNUSED_20151001_000647	¿Y si otra vez? (1)	손아귀 속으로(6)				
QUEST_UNUSED_20151001_000648	¿Y si otra vez? (1)	만약에 또 만약에(1)				
QUEST_UNUSED_20151001_000649	¿Y si otra vez? (2)	만약에 또 만약에(2)				
QUEST_UNUSED_20151001_000650	para expulsar	쫓아내기				
QUEST_UNUSED_20151001_000651	Reclutamiento de prisioneros	죄수 모집				
QUEST_UNUSED_20151001_000652	Un lugar más profundo (1)	더 깊은 곳에서(1)				
QUEST_UNUSED_20151001_000653	Un lugar más profundo (2)	더 깊은 곳에서(2)				
QUEST_UNUSED_20151001_000654	Un lugar más profundo (3)	더 깊은 곳에서(3)				
QUEST_UNUSED_20151001_000655	Un lugar más profundo (4)	더 깊은 곳에서(4)				
QUEST_UNUSED_20151001_000656	Dile que espere un poco	좀 더 기다려 달라고 한다				
QUEST_UNUSED_20151001_000657	Todo intacto (1)	모든 것이 제자리로(1)				
QUEST_UNUSED_20151001_000658	Todo intacto (2)	모든 것이 제자리로(2)				
QUEST_UNUSED_20151001_000659	Eliminar el óxido	녹 제거				
QUEST_UNUSED_20151001_000660	Precioso y Valioso	소중하고 귀중한				
QUEST_UNUSED_20151001_000661	Cambio de pensamiento	발상의 전환				
QUEST_UNUSED_20151001_000662	Todo intacto (3)	모든 것이 제자리로(3)				
QUEST_UNUSED_20151001_000663	Alimentando a los monstruos aéreos	비행형 몬스터에게 먹이주기	QUEST_JOBSTEP_20150717_002920	Things to do	할일	
QUEST_UNUSED_20151001_000664	Maestro Halconero quiere probar si se pueden utilizar monstruos en lugar de águilas. Alimenta a tres tipos de monstruos de tipo aéreo e intenta domesticarlos.	응사 마스터는 몬스터들을 매 대신 쓸 수 있을 지 시험해보고자 합니다. 세 종류의 비행형 몬스터에게 먹이를 주고 길들이기를 시도해보세요.	QUEST_JOBSTEP_20150717_002920	Things to do	할일	
QUEST_UNUSED_20151001_000665	No has logrado domar a los monstruos. Vuelve a Maestro Halconero.	응사 마스터에게 보고				
QUEST_UNUSED_20151001_000666	No has logrado domar a los monstruos. Vuelve a Maestro Halconero.	몬스터를 길들이는데 실패했습니다. 응사 마스터에게 돌아가세요.				
QUEST_UNUSED_20151001_000667	Ve a encontrarte con el Maestro Schwarzer Reiter en el Bosque de la Oración.	기원의 숲에 있는 슈바르츠라이터 마스터를 찾아가세요.				
QUEST_UNUSED_20151001_000668	Dispara a monstruos normales 200 veces consecutivas	일반 몬스터에게 연속 200회 명중				
QUEST_UNUSED_20151001_000669	Maestro Schwarzer Reiter te dijo que verá tus habilidades para disparar a los enemigos con precisión. Golpea a monstruos normales 200 veces con precisión.	슈바르츠라이터 마스터는 노린적을 확실하게 맞추는 실력을 보겠다고 합니다. 일반 몬스터를 상대로 공격을 200회 연속 확실하게 명중시키세요.	QUEST_JOBSTEP_20150717_002920	Things to do	할일	
QUEST_UNUSED_20151001_000670	Has lanzado todos los ataques a los enemigos sin ningún error. Vuelve a Maestro Schwarzer Reiter.	실수 없이 적에게 연속으로 공격을 모두 명중시켰습니다. 슈바르츠라이터 마스터에게 돌아가세요.	QUEST_JOBSTEP_20150717_002944	Return to the Schwarzer Reiter Master.	슈바르츠 라이터 마스터에게 돌아가세요.	
QUEST_UNUSED_20151001_000671	Encuentra el contacto oculto y entrega el objeto.	숨어있는 접선자를 찾아 물건 건내기	QUEST_JOBSTEP_20150717_002920	Things to do	할일	
QUEST_UNUSED_20151001_000672	Maestro Monje te pidió que te reunieras con la persona que Vail te envió y le entregaras el objeto que Maestro Monje te dio. La persona que debes encontrar está oculta, así que ve al lugar indicado en la nota que te dio Maestro Monje y di las contraseñas. Cuando aparezca una persona después de escuchar las contraseñas, entrégale el objeto.	몽크 마스터는 바일이 보낸 사람을 만나 자신이 준 물건을 건내주라고 합니다. 접선해야 할 사람은 숨어 있다고 하니 몽크 마스터가 건내 준 쪽지에 적힌 장소로가서 접선 암호를 말하고 나타난 접선인에게 물건을 건내주세요.	QUEST_JOBSTEP_20150717_002920	Things to do	할일	
QUEST_UNUSED_20151001_000673	Informe al maestro monje	몽크 마스터에게 보고				
QUEST_UNUSED_20151001_000674	Has entregado con éxito el objeto a la persona. Vuelve con Maestro Monje.	무사히 접선자에게 물건을 전달했습니다. 몽크 마스터에게 돌아가세요.	QUEST_JOBSTEP_20150717_002945	Return to the Monk Master.	몽크 마스터에게 돌아가세요.	
QUEST_UNUSED_20151001_000675	Busca en el libro del Maestro Perdonador	파드너 마스터의 장부 수색	QUEST_JOBSTEP_20150717_002920	Things to do	할일	
QUEST_UNUSED_20151001_000676	Maestro Indulgenciario te dijo que su libro fue copiado por lo que no se puede utilizar. Ve a buscar el libro preliminar que el Maestro Perdonador ha escondido en el número 35_3 del monasterio.	파드너 마스터는 자신이 가진 장부가 찢어져서 쓸 수 없게 되었다고 합니다. 수도원 35_3에 파드너 마스터가 숨겨둔 예비장부를 찾아와 주세요.	QUEST_JOBSTEP_20150717_002920	Things to do	할일	
QUEST_UNUSED_20151001_000677	Has encontrado el libro del Maestro Perdonador. Vuelve al Maestro Perdonador.	파드너 마스터의 장부를 찾았습니다. 파드너 마스터에게 돌아가세요.	QUEST_JOBSTEP_20150717_002946	Return to the Pardoner Master.	파드너 마스터에게 돌아가세요.	
QUEST_UNUSED_20151001_000678	Recoge las muestras de monstruos tipo planta.	식문 몬스터의 샘플 수집	QUEST_JOBSTEP_20150717_002920	Things to do	할일	
QUEST_UNUSED_20151001_000679	Maestra Druida está investigando las plantas excesivamente crecidas después de Medzio Diena. Para ayudarlo en la investigación, derrota a los monstruos de tipo Planta y recolecta las muestras. Puedes obtener más muestras a medida que los monstruos se vuelvan más fuertes.	드루이드 마스터는 신수의 날 이후 과성장한 식물들에 대해 조사하고 있다고 합니다. 연구를 돕기 위해 식물형 몬스터를 처치하고 샘플을 모아오세요. 강한 몬스터일수록 더 많은 샘플을 얻을 수 있습니다.	QUEST_JOBSTEP_20150717_002920	Things to do	할일	
QUEST_UNUSED_20151001_000680	Entrégaselos al Maestra Druida.	드루이드 마스터에게 전달				
QUEST_UNUSED_20151001_000681	Has recolectado suficientes muestras de monstruos tipo Planta. Vuelve con Maestra Druida.	식물형 몬스터의 샘플을 충분히 모았습니다. 드루이드 마스터에게 돌아가세요.				
QUEST_UNUSED_20151001_000682	Establece Romuva de Purificación en 36_1 de la Región del Cañón.	협곡지대 36_1에 정화의 로무바 설치				
QUEST_UNUSED_20151001_000683	Maestro Oracle te dijo que la energía demoníaca se está volviendo más fuerte últimamente, por lo que sus habilidades están siendo perturbadas. Coloca Romuva of Purification en 36_1 de Canyon Region, donde la energía demoníaca es fuerte, por lo que hay muchas perturbaciones.	오라클 마스터는 최근 마기가 강해져서 자신의 능력이 방해받고 있다고 합니다. 특히 마기가 강해 방해가 심한 협곡지대 36_1에 가서 정화의 로무바를 설치하세요.	QUEST_JOBSTEP_20150717_002920	Things to do	할일	
QUEST_UNUSED_20151001_000684	Informe al maestro de Oracle	오라클 마스터에게 보고	QUEST_JOBSTEP_20150317_001932	Talk to the Oracle Master	오라클 마스터와 대화	
QUEST_UNUSED_20151001_000685	Has configurado todas las Romuvas de Purificación. Regresa con el Maestro Oráculo.	정화의 로무바를 모두 설치했습니다. 오라클 마스터에게 돌아가세요.	QUEST_JOBSTEP_20150717_002949	Return to the Oracle Master.	오라클 마스터에게 돌아가세요.	
QUEST_UNUSED_20151001_000686	Abre el cofre del tesoro	보물상자 열어 보기	QUEST_UNUSED_20150717_000286	Open the Treasure Chest	보물상자 열어보기	
QUEST_UNUSED_20151001_000687	Derrota a los monstruos evitando la Escarcha Petrificante.	석화서리를 피해 몬스터 처치				
QUEST_UNUSED_20151001_000688	Cuando abriste la caja, salió una tenue Escarcha Petrificante y los monstruos alrededor entraron corriendo. Evita la Escarcha Petrificante y derrota a todos los monstruos.	상자를 열자 미약한 석화서리가 나오면서 주변의 몬스터까지 달려 듭니다! 석화서리를 피해서 몬스터를 모두 처치하세요.				
QUEST_UNUSED_20151001_000689	mira el pilar	기둥 살펴 보기				
QUEST_UNUSED_20151001_000690	Al entrar en Galeed Plateau, ves muchos pilares. Hay un pilar que parece especial, así que échale un vistazo.	갈르엣 평야에 들어서자마자 보이는 것은 엄청난 수의 기둥입니다. 인상 깊어 보이는 기둥이 있으니 다가가 살펴 보세요.				
QUEST_UNUSED_20151001_000691	Proteger el pilar	기둥 지키기				
QUEST_UNUSED_20151001_000692	¡Los monstruos vienen a atacar el pilar! Protégelo.	몬스터들이 몰려와서 기둥을 공격합니다! 기둥을 지키세요.				
QUEST_UNUSED_20151001_000693	Quita los polvos del pilar.	기둥에서 가루 털어내기				
QUEST_UNUSED_20151001_000694	¿Este polvo negro parece comida para los monstruos? ¿Es por eso que vinieron corriendo? Ahora que ya no están, deberíamos desempolvar el resto del pilar.	몬스터들이 몰려 들었던 이유는 이 검은 가루가 먹이처럼 보였기 때문이었을까요? 몬스터들을 모두 물리쳤으니 기둥에 붙어 있던 검은 가루들을 모두 털어내 봅시다.				
QUEST_UNUSED_20151001_000695	Debería haber más pilares con récords por aquí. Echa un vistazo a los demás. Podríamos utilizar la luz de los destellos del mar para leer las escrituras en los pilares.	누군가의 기록이 담긴 기둥이 더 있을 것 같습니다. 기둥을 살펴 보세요. 기둥의 글귀는 야광충의 빛이 있다면 어두워도 읽을 수 있을 것입니다.				
QUEST_UNUSED_20151001_000696	Recoge aceite de monstruo	몬스터 기름 구하기				
QUEST_UNUSED_20151001_000697	Para que el mar brille durante el día, necesitas un poco de aceite monstruo. Caza monstruos para recogerlo.	야광충이 낮에 빛을 내려면 몬스터 기름이 있어야 할 것 같습니다. 몬스터를 사냥하여 몬스터 기름을 모으세요.				
QUEST_UNUSED_20151001_000698	Leer los escritos en el pilar.	기둥에 새겨진 글귀 읽기				
QUEST_UNUSED_20151001_000699	Has recogido el aceite de monstruo. Llévalo al pilar y usa la luz de los destellos del mar para leer los escritos que contiene.	몬스터 기름을 모두 모았습니다. 기둥으로 가져 가서 야광충의 빛으로 기둥에 새겨진 글귀를 읽어 봅시다.				
QUEST_UNUSED_20151001_000700	Derrota a los monstruos para obtener Monster Oil.	몬스터를 처치하여 몬스터 기름 획득				
QUEST_UNUSED_20151001_000701	Parece que los registros de alguien están presentes en otros pilares. Mira los pilares.	다른 기둥에 누군가의 기록이 더 있을 것 같습니다. 기둥들을 살펴 보세요.				
QUEST_UNUSED_20151001_000702	Habla los números	숫자 말하기				
QUEST_UNUSED_20151001_000703	Las instrucciones parecen decir que, si dices los números obtenidos en la meseta de Galeed, las escrituras en el pilar se harán visibles. Párate cerca del pilar e ingresa los números en la ventana de chat.	갈르엣 평야의 어딘가에서 얻은 힌트 숫자를 말하면 기둥의 글귀를 읽을 수 있다고 씌여 있는 것 같습니다. 기둥 가까이에서 채팅창에 숫자를 입력하세요.				
QUEST_UNUSED_20151001_000704	¡Ha aparecido un pilar! Échale un vistazo.	기둥에 뭔가 새겨져 있는 것이 보이기 시작했습니다! 읽어 보세요!				
QUEST_UNUSED_20151001_000705	¡Ha aparecido un pilar! Échale un vistazo.	기둥이 나타난 듯 합니다! 다가가 살펴 보세요.				
QUEST_UNUSED_20151001_000706	reparar el pilar	기둥 보수 하기				
QUEST_UNUSED_20151001_000707	Parece que necesitas musgo brillante para leer los escritos en el pilar de invocación. Ve y reúne algunos. Ten en cuenta que, si no regresas en 5 minutos, tendrás que esperar hasta que vuelva a aparecer, así que date prisa.	소환 기둥에 글귀를 읽으려면 빛나는 이끼가 필요할 것 같습니다. 주변에서 구해 보세요. 단, 5분 안에 돌아오지 않으면 기둥은 다음번 나타날 때 까지 기다려야 하니 서두르세요.				
QUEST_UNUSED_20151001_000708	Leer los escritos en el pilar.	기둥의 글귀 읽기				
QUEST_UNUSED_20151001_000709	Deberías poder leer el pilar ahora. Acércate y echa un vistazo.	이제 기둥의 글귀를 읽을 수 있을 것 같습니다. 기둥으로 가서 읽어 보세요.				
QUEST_UNUSED_20151001_000710	Parece que hay otro registro en el otro pilar que continúa con esta historia. Mire el pilar de cerca.	다른 기둥에는 이 이야기에 이어지는 다른 기록이 또 있을 것 같습니다. 기둥을 살펴 보세요.				
QUEST_UNUSED_20151001_000711	Obtener líquido pegajoso	점성 있는 액체 구해 오기				
QUEST_UNUSED_20151001_000712	El pilar se derrumbó sin siquiera ser tocado.{nl}Recoge un líquido viscoso de los monstruos para reparar el pilar.	건드리지도 않았는데 기둥이 무너져 버렸습니다. 기둥을 수리해야 할 것 같으니, 주변에 매우 흔한 몬스터의 점성 있는 액체를 구해 옵시다.				
QUEST_UNUSED_20151001_000713	reparar el pilar	기둥 수리하기				
QUEST_UNUSED_20151001_000714	Has recogido el líquido pegajoso. Vuelve y repara el pilar.	점성 있는 액체를 모두 모았습니다. 이제 돌아가서 기둥을 수리해 보세요.				
QUEST_UNUSED_20151001_000715	Derrota monstruos y recolecta %s	몬스터를 처치하고 %s 구해 오기	QUEST_LV_0200_20150406_006444	Collect %s from the monsters	몬스터로부터 %s 수집	
QUEST_UNUSED_20151001_000716	Obtener el líquido pegajoso.	점성있는 액체 구하기				
QUEST_UNUSED_20151001_000717	El resto de la historia parece estar escrita en el pilar. Ve allí y míralo de cerca.	나머지 이야기가 저 기둥에 씌여 있을 것 같습니다. 다가가 살펴 보세요.				
QUEST_UNUSED_20151001_000718	Parece que las piezas encajarían bien. Intenta ponerlos. Pero, si abandonas una misión, la pieza desaparecerá. Cuando vayas a los pilares cuando las piezas desaparezcan, podrás obtener las piezas.	기둥에 조각들 끼워 넣기				
QUEST_UNUSED_20151001_000719	Parece que las piezas encajarían bien. Intenta ponerlos. Pero, si abandonas una misión, la pieza desaparecerá. Cuando vayas a los pilares cuando las piezas desaparezcan, podrás obtener las piezas.	가지고 있던 문양 조각을 끼워 넣으면 딱 맞을 것 같습니다. 조각을 끼워 넣어 보세요. 단, 퀘스트를 포기하면 문양 조각이 사라집니다. 문양 조각이 사라졌을 때에는 다시 기둥들로 가면 문양 조각을 얻을 수 있습니다.				
QUEST_UNUSED_20151001_000720	Parece que las piezas encajarían bien. Prueba a ponerlos.	가지고 있던 문양 조각을 끼워 넣으면 딱 맞을 것 같습니다. 조각을 끼워 넣어 보세요.				
QUEST_UNUSED_20151001_000721	Continúa la charla con Jurate sobre el objeto sagrado.	유라테와 성물에 대한 대화를 계속 해 보세요.				
QUEST_UNUSED_20151001_000722	Excavar el objeto sagrado	성물 발굴해 오기				
QUEST_UNUSED_20151001_000723	Excava el objeto sagrado en secreto yendo al lugar donde lo encontraste con el detector.	탐색봉으로 찾아 낸 곳으로 가서 조심스럽게 성물을 발굴해 보세요.				
QUEST_UNUSED_20151001_000724	Informe a Jurate	유라테에게 보고				
QUEST_UNUSED_20151001_000725	Parece que has encontrado un objeto sagrado. Llévaselo a Jurate.	성물을 찾은 것 같습니다. 유라테에게 가져다 주세요.				
QUEST_UNUSED_20151001_000726	Wilhelmina Carriot está mirando de cerca lo que tiene. Habla con Wilhelmina Carriot.	빌헬미나 캐리어트가 당신이 가지고 있는 것을 뚫어지게 쳐다보고 있습니다. 빌헬미나 캐리어트와 대화해 보세요.	QUEST_UNUSED_20150717_000290	Talk to Wilhelmina Carriot	빌헬미나 캐리어트와 대화하세요	
QUEST_UNUSED_20151001_000727	Obtén los sellos y pergaminos del ejército de Ruklys.	루클리스의 부대 인장과 양피지 문서 수집	QUEST_UNUSED_20150717_000291	Obtain Ruklys' Army Seals and Parchments	루클리스의 부대 인장, 양피지 문서 구하기	
QUEST_UNUSED_20151001_000728	Wilhelmina Carriot quiere más documentos. Obtén algunas cosas que puedan usarse como información de la Fortaleza de la Tierra.	빌헬미나 캐리어트는 좀 더 많은 자료들을 원하고 있습니다. 대지의 요새에서 정보가 될 만한 것들을 구하세요.	QUEST_UNUSED_20150717_000292	Collect any useful information at the Fortress of the Land.	대지의 요새에서 정보가 될 만한 물건들을 구하세요.	
QUEST_UNUSED_20151001_000729	Entrégaselos a Wilhelmina Carriot.	빌헬미나 캐리어트에게 전달				
QUEST_UNUSED_20151001_000730	Wilhelmina Carriot estará satisfecha con esto. Entrégaselos a Wilhelmina Carriot.	이 정도면 빌헬미나 캐리어트가 만족할 것 같습니다. 빌헬미나 캐리어트에게 전해주세요.	QUEST_UNUSED_20150717_000290	Talk to Wilhelmina Carriot	빌헬미나 캐리어트와 대화하세요	
QUEST_UNUSED_20151001_000731	Habla con el espíritu del soldado del ejército de Ruklys	루클리스 부대 병사 영혼과 대화				
QUEST_UNUSED_20151001_000732	Habla con el espíritu del soldado del ejército de Ruklys	루클리스 부대 병사 영혼과 대화하세요				
QUEST_UNUSED_20151001_000733	Pasa la orden de retirada a los espíritus tocando el cuerno.	나팔을 불어 영혼들에게 퇴각 명령 알리기				
QUEST_UNUSED_20151001_000734	Toca la bocina y pasa la orden de retirada a los espíritus de los soldados del ejército de Ruklys.	나팔을 불어 루클리스 부대 병사 영혼들에게 퇴각 명령 알리세요.				
QUEST_UNUSED_20151001_000735	Habla con el sacerdote Irma.	사제 이르마와 대화				
QUEST_UNUSED_20151001_000736	La sacerdote Irma está esperando ayuda en la prisión subterránea de Ashaq 3F.	아샤크 지하 감옥 3층의 사제 이르마가 누군가의 도움을 기다리고 있습니다				
QUEST_UNUSED_20151001_000737	¡El Señor Demonio Marnox atacó cuando entraste al escondite!	은거지에 들어가자 마군주 마르녹스가 급습했습니다!				
QUEST_UNUSED_20151001_000738	Has derrotado al Señor Demonio Marnox. Habla con el sacerdote Irma.	마군주 마르녹스를 처치했습니다. 사제 이르마와 대화하세요.				
QUEST_UNUSED_20151001_000739	Derrota al Señor Demonio Marnox	마군주 마르녹스 처치				
QUEST_UNUSED_20151001_000740	¡Has recogido las piedras!	돌을 채취했습니다!				
QUEST_UNUSED_20151001_000741	no obtuviste nada	아무것도 얻지 못했습니다				
QUEST_UNUSED_20151016_000742	Entonces eres el famoso Revelador, ¿verdad? {nl}Hmm... Tengo algo que sugerirte. ¿Por qué no trabajas conmigo?{nl}	어라, 너는 그 유명한 계시자 맞지?{nl}흠.. 제안할 게 있는데 말야. 너. 나와 같이 일해보지 않을래?{nl}	QUEST_UNUSED_20151001_000401	Hey. You're that famous Revelator, aren't ya?{nl}Seems like you're interested in the Fortress of the Land.{nl}	어라. 너는 그 유명한 계시자 맞지?{nl}너도 대지의 요새에 관심이 있나보네.{nl}	도굴꾼 아만다
QUEST_UNUSED_20151016_000743	Sabes que la Fortaleza de la Tierra fue el último lugar donde resistió el ejército de los Ruklys, ¿verdad? {nl}Pero no sólo eso. Lo que les voy a contar de ahora en adelante es un secreto... Tengo una pregunta antes de eso.{nl}	대지의 요새가 루클리스 군의 마지막 저항지였다는 건 알고 있지?{nl}하지만 그 뿐만이 아냐. 여기서부턴 비밀인데.. 그 전에 질문이 있어.{nl}	QUEST_UNUSED_20151001_000402	This is, the place is full of soldiers from the Royal Army, you can't just walk in.{nl}Now. Whose side are you on?{nl}If you want to enter the Fortress of the Land, you better tell me.{nl}	하지만 거긴 나라면 모를까, 왕국군이 많아서 그냥은 못들어가.{nl}자. 넌 누구 편이지?{nl}대지의 요새에 들어가고 싶거든 솔직하게 대답하는 게 좋을 거야.	도굴꾼 아만다
QUEST_UNUSED_20151016_000744	¿De qué lado estás?{nl}¿El Ejército Real o los Caballeros de Kaliss?{nl}Si no quieres responder, haz lo que te digan.	자. 넌 누구 편이지?{nl}왕국군? 아니면 칼리스 기사단?{nl}대답하기 싫으면 그냥 볼 일 보시던가.				도굴꾼 아만다
QUEST_UNUSED_20151016_000745	[La vida de Cleros]	[클레로스 전기]				기둥에 적힌 글귀
QUEST_UNUSED_20151016_000746	{nl}Cleros es el hijo mayor de un terrateniente.{nl}Perdió el derecho de sucesión sobre el hijo de su madrastra y fue expulsado del terreno.{nl}	{nl}클레로스는 어느 영주 가문의 장자로 태어났다.{nl}그러나 계모의 자식에게 계승권을 빼앗기고 영지 밖으로 쫓겨나게 되었다.{nl}				기둥에 적힌 글귀
QUEST_UNUSED_20151016_000747	Su vida llena de fracasos empezó así. {nl} Comenzó a buscar otro trabajo siguiendo el consejo de su amigo.	실패만으로 가득찬 그의 삶은 이렇게 시작되었다.{nl}방황하던 그는 지인의 권유로 일자리를 찾아 떠났다.{nl}				기둥에 적힌 글귀
QUEST_UNUSED_20151016_000748	Pero ese era el plan para vender a Cleros.{nl}Se convirtió en un esclavo que tiene que trabajar hasta la muerte mientras está encerrado dentro.{nl}	하지만 그건 클레로스를 팔아치우려는 계획이었다.{nl}그는 감금당한 채로 죽도록 일만 해야하는 노예로 전락하게 되었다.{nl}				기둥에 적힌 글귀
QUEST_UNUSED_20151016_000749	Mientras estaba encerrado dentro, recibió la salvación de Ruklys.{nl}Su vida como esclavo ya había terminado, pero los días de paz no iban a durar mucho.{nl}	그러던 도중 루클리스의 구원을 받아 노예의 삶에서 벗어날 수 있었다.{nl}하지만 평화로운 나날도 잠시 뿐이었다.{nl}				기둥에 적힌 글귀
QUEST_UNUSED_20151016_000750	Cuando Ruklys fue derrotado, su descanso se convirtió en un desastre.	루클리스가 토벌되면서 그의 안식은 재난으로 변했던 것이다.				기둥에 적힌 글귀
QUEST_UNUSED_20151016_000751	{nl}Continuó una larga fuga.{nl}No logró nada en su vida.{nl}	{nl}기나긴 도주 생활은 계속되었다.{nl}일생에 성공한 일이라곤 하나도 없었다.{nl}	QUEST_UNUSED_20151001_000449	{nl}{nl}After a long string of misfortunes living as a runaway with no achievements to be told of, he was finally arrested and taken to Kalejimas.	{nl}{nl}기나긴 도주 생활은 고난으로 점철되어 정말 일생에 성공한 일이라고는 없는 삶을 살다가 결국에 그 마저 붙잡혀 칼레이마스로 수용되었습니다.	기둥에 적힌 글귀
QUEST_UNUSED_20151016_000752	Y fue atrapado y encerrado dentro de Kalejimas.{nl}Hubiera sido bueno si hubiera alguna esperanza en esa prisión..{nl}	그 마저 결국엔 붙잡혀 칼레이마스에 수감되었다.{nl}그 악명높은 감옥에서 무언가 희망이 있었다면 좋았으리라..{nl}	QUEST_UNUSED_20151001_000450	{nl}I wish I could say there was hope for him at that infamous prison, but his life there was nothing but hardship until the end.	{nl}그 악명높은 감옥에서 뭔가 희망이 있었다면 좋았겠지만, 그는 최후까지 그곳에서 고생을 하다가 죽었습니다.	기둥에 적힌 글귀
QUEST_UNUSED_20151016_000753	Pero experimentó agonía allí y murió.	하지만 그는 그곳에서 고초를 겪다 끝내 생을 마감하고 말았다.				기둥에 적힌 글귀
QUEST_UNUSED_20151016_000754	{nl}Si la historia termina aquí, esta será la historia de alguna persona que le falló la vida.{nl}	{nl}여기서 이야기가 끝난다면 그저그런 인생 실패자의 이야기일 뿐이다.{nl}	QUEST_UNUSED_20151001_000452	{nl}{nl}One may think, while his life may have been plagued with misfortune, it certainly wasn't particularly arduous. But, according to what is said, even in death his spirit is being tormented by demons, unable to escape his sad situation.	{nl}{nl}여기서 끝난다면 그의 일생은 고난과 실패로 가득찬  삶이기는 해도 유일한 고역의 삶은 아니겠지만 일설에 의하면 그는 지금도 죽은 영혼의 상태로 마족에게 고문당하는 신세를 면치 못하고 있다고 합니다. 	기둥에 적힌 글귀
QUEST_UNUSED_20151016_000755	Pero, según algunas informaciones, todavía está siendo torturado por el demonio.{nl}Su espíritu.{nl}	하지만 일설에 의하면 그는 지금도 마족에게 고문당하는 신세라고 한다.{nl}영혼인 채로 말이다.{nl}	QUEST_UNUSED_20151001_000453	{nl}Some believe the fact that he is still suffering at the hands of the demons means there must be a secret about his life we don't know of.	{nl}어떤 사람들은 그가 마족에게 이런 일을 당하고 있다는 사실 자체가 실은 그의 인생에 우리가 모르는 비밀한 사연이 있을 것이라 말하기도 합니다.	기둥에 적힌 글귀
QUEST_UNUSED_20151016_000756	Como resultado, hay personas que dicen que hay alguna historia oculta detrás de su vida.{nl}Pero nadie sabe cuál es la historia.{nl}	때문에 그의 인생에 숨겨진 사연이 있을 것이라 말하는 사람들도 있다.{nl}그러나 어떤 사연인지 정확히 아는 사람은 아무도 없다.{nl}				기둥에 적힌 글귀
QUEST_UNUSED_20151016_000757	{nl}{nl}Busque el pequeño punto que sigue el cielo nocturno.{nl}Ese es Rumpelstiltskin volando hacia la luna.{nl}	{nl}{nl}밤 하늘의 달을 쫓는 조그만 점을 찾아 보세요.{nl}그건 달을 향해 날아가는 럼펠스틸스킨이랍니다.{nl}	QUEST_UNUSED_20151001_000456	{nl}{nl}This may not be absolutely true, but this is a story that's been told by legends. What we know is that Rumpelstiltskin made a bet with Lydia Schaffen and rode her arrow headed to the moon for ages and ages.	{nl}{nl}이것은 확실한 이야기는 아니지만 전설로 전해내려오는 이야기 가운데 하나입니다. 우리가 아는대로 럼펠스틸스킨은 리디아 샤펜과의 내기로 인해 달을 향해 긴 세월을 날아갔습니다. 	기둥에 새겨진 글귀
QUEST_UNUSED_20151016_000758	Como sabemos, Rumpelstiltskin hizo una apuesta con Lydia Schaffen y voló a la luna.{nl}Le llevó años y años.{nl}	우리가 잘 아는 대로 럼펠스틸스킨은 리디아 샤펜과의 내기로 달을 향해 날아갔습니다.{nl}아주 오랜 세월을 말이지요.{nl}	QUEST_UNUSED_20151001_000457	{nl}His trip to the moon took a very long time and was very difficult. But when he finally reached the moon, Rumpelstiltskin realized his problem. The arrow he had been riding to the moon could hardly be called an arrow anymore, given its state after the trip.	{nl}달에 도착하기까지 매우 긴 세월을 보내며 고생하여 비행을 했습니다. 그러나 마침내 달에 도착했을 때 럼펠스틸스킨은 중대한 문제를 발견했습니다. 자신이 타고 온 리디아 샤펜의 화살은 더 이상 화살이라고 부르기 어려울 정도의 상태가 되었습니다. 	기둥에 새겨진 글귀
QUEST_UNUSED_20151016_000759	Aproximadamente a mitad de camino, Rumpelstiltskin se sorprendió de repente más allá de lo imaginable. {nl}La flecha que había estado montando quedó casi completamente destruida.	달을 향해 중간 쯤 날아왔을 때, 럼펠스틸스킨은 소스라치게 놀랐습니다.{nl}자신이 타고 날아온 리디아 샤펜의 화살이 부숴지기 직전이었던 것이지요.	QUEST_UNUSED_20151001_000458	He was surprised by the fact that the arrow he had been riding (he was only sitting on it, it was flying with his own magic) was suddenly completely worn out.	방금전까지 자신이 타고(실은 자세만 탄 것이지 실제로는 그의 마력으로 날게한) 온 화살이 갑자기 부식을 심하게 받은 상태로 변한 사실은 그를 놀라게 만들었습니다.	기둥에 새겨진 글귀
QUEST_UNUSED_20151016_000760	{nl}Rumpelstiltskin se dio cuenta de que lo habían engañado.{nl}Por supuesto, la flecha podría haberse desintegrado por volar durante tanto tiempo.{nl}	{nl}럼펠스틸스킨은 자신이 속았다는 것을 알아챘습니다.{nl}물론 긴 시간이 흘렀으니 화살이 부숴질 만도 하겠지요.{nl}	QUEST_UNUSED_20151001_000460	{nl}{nl}Of course the arrow could have become worn out over such a long trip, but instead it happened all of a sudden after Rumpelstiltskin landed on the moon, which seemed very odd.	{nl}{nl}물론 긴 시간이 흘렀으니 그럴 수도 있는 일이지만, 화살에서 몸을 떼고 막 달 표면에 화살을 박으려하자 그런 일이 일어났으니 럼펠스틸스킨으로서는 황당한 일이었습니다. 	기둥에 새겨진 글귀
QUEST_UNUSED_20151016_000761	Sin embargo, fue la propia magia de Rumpelstiltskin la que tuvo la culpa. {nl} Verás, la flecha de Lydia Schaffen había sido hecha para poseer poder contra los demonios. {nl}	하지만 그런 것 쯤이야 럼펠스틸스킨의 마법으로 해결할 수 있었습니다.{nl}순전히 화살이 그렇게 된 건 리디아 샤펜의 화살은 마족에게 저항하는 힘이 있었기 때문이었지요.{nl}	QUEST_UNUSED_20151001_000461	{nl}It turns out what happened to the arrow was Rumpelstiltskin's fault. His magic did fly the arrow to the moon and kept it protected, but what he didn't know was that Lydia Schaffen's arrow was made of a material used against demons. And so, while his magic kept the arrow unscathed all the way to the moon, upon letting go of the arrow, which was being held together solely by magic, it immediately crumbled into a lump of rust and fell to the ground.	{nl}화살이 그렇게 된 것은 럼펠스틸스킨의 탓입니다. 럼펠스틸스킨의 마력은 화살을 달까지 날게하고 또한 보존도 하였지만, 리디아 샤펜의 화살은 애초에 마족에 저항하는 상극의 성질을 지니고 있었습니다. 럼펠스틸스킨은 그것을 모르고 자신이 타는 동안에 그의 마력을 끊임없이 불어넣어 화살을 날게하고 한편으로 지켰지만, 한순간 화살과 접촉이 끊기자 마력도 끊겼고, 그러자 그간 마력으로 유지되던 화살은 마치 전체가 녹으로 된 물질이 형체만 유지하다가 녹가루 먼지로 화하는 것처럼 스러지고 만 것입니다.	기둥에 새겨진 글귀
QUEST_UNUSED_20151016_000762	Así es. Rumpelstiltskin era un demonio.{nl}Entonces, cuando su poder y el poder de la flecha chocaron, comenzó a desintegrarse.{nl}	그렇습니다. 럼펠스틸스킨은 마족이었던 것입니다.{nl}마족의 힘과 화살의 힘이 부딫히면서 천천히 바스라지기 시작한 것입니다.{nl}				기둥에 새겨진 글귀
QUEST_UNUSED_20151016_000763	Rumpelstiltskin, que acababa de darse cuenta, estaba furioso, pero fue inútil.	그걸 이제서야 깨달은 럼펠스킬스킨은 마구 화가 났지만 달리 어찌 할 도리가 없었습니다.				기둥에 새겨진 글귀
QUEST_UNUSED_20151016_000764	{nl}Rumpelstiltskin, incapaz de regresar a la Tierra, todavía está volando hacia la luna.{nl}O bien podría haber regresado ya, en busca de más flechas de Lydia.{nl}	{nl}럼펠스틸스킨은 땅으로 돌아오지 못한 채 지금도 달을 향해 날아가고 있습니다.{nl}어쩌면 벌써 돌아와서 리디아 샤펜이 남긴 다른 화살을 찾고 있을지도 모르지요.{nl}	QUEST_UNUSED_20151001_000463	{nl}{nl}Rumpelstiltskin thought long and hard and finally figured it out, but it was too late. Of course no human, goddess or demon can confirmed this story, as it exists only in legends. As far as we know, Rumpelstiltskin may as well still be on his way to the moon.	{nl}{nl}럼펠스틸스킨은 곰곰히 생각해보고 그 이치를 알았지만 이미 때는 늦은 후였습니다. 물론 이 이야기는 인간도 여신도 마족에게도 확인할 길이 없는 전해지는 이야기에 불과하고 어쩌면 럼펠스틸스킨은 지금도 달을 향해 날고 있을지도 모릅니다.	기둥에 새겨진 글귀
QUEST_UNUSED_20151016_000765	Esta historia no puede ser verificada por humanos, diosas ni demonios.{nl}Por supuesto, sería evidente si pudiéramos ir a la luna.	이 이야기는 인간도, 여신도, 마족에게도 확인할 길은 없습니다.{nl}물론 달에 갈 수 있다면야 확실해지겠지만요.	QUEST_UNUSED_20151001_000464	{nl}Or, he could be wandering about in our world, looking for any other arrows Lydia Schaffen might have left behind.	{nl}어쩌면 리디아 샤펜이 남긴 다른 화살이 아직 세상에 존재하는지 찾기 위해 숨어서 이 세상을 헤매고 있을지도 모릅니다.	기둥에 새겨진 글귀
QUEST_UNUSED_20151016_000766	¿Qué, no eres tú el Revelador? {nl}Es tan bueno verte.{nl}	아니, 자네는 계시자 아니신가.{nl}반갑네, 반가워.{nl}	QUEST_UNUSED_20151001_000466	A Revelator!{nl}It's nice to meet you. My name is Leopoldas, I manage the new members of the Kedorlaomer Merchants. I'm really glad to meet you here.	계시자님이시로구먼!{nl}반갑네 반가워. 난 케도라오머 상단에서 신입 단원 관리를 맡고 있는 레오폴다스라고 하네. 이렇게 만나다니 정말 반갑네.	레오폴다스
QUEST_UNUSED_20151016_000767	Por supuesto, sé de usted.{nl}Nosotros, los de Kedora Merchant Alliance, lo sabemos todo.{nl}	아아, 자네에 대해선 물론 알고 있지.{nl}우리 케도라 상단은 뭐든 알고 있거든.{nl}	QUEST_UNUSED_20151001_000467	{nl}Since we've been introduced, shall we... maybe have a chat?	{nl}이렇게 만난 것도  인연인데, 잠시 이야기나 .. 어떤가?	레오폴다스
QUEST_UNUSED_20151016_000768	Somos una alianza distinguida; trabajamos en la Torre Astral, la Gran Catedral y otras construcciones importantes.{nl}Voluntad de las diosas. Yo diría que fuimos una especie de fuerza impulsora de la historia.{nl}	우린 별의 탑, 대성당 같은 대형 공사의 자재를 공급해 온 유서깊은 상단이야.{nl}전부 여신의 뜻이지. 역사를 뒤에서 보좌해왔다고나 할까? {nl}				레오폴다스
QUEST_UNUSED_20151016_000769	Oh, por cierto, estoy a cargo de los nuevos miembros.{nl}Después de Medzio Diena, tuvimos que utilizar incluso a los recién llegados para ayudar con la reconstrucción.{nl}	아, 난 상단의 신입 단원 관리를 맡고 있네.{nl}신수의 날에 막대한 피해를 입어서 신입들까지 동원해가며 피해를 복구하고 있지.{nl}				레오폴다스
QUEST_UNUSED_20151016_000770	¿Qué tal si nos ayudamos unos a otros? {nl}Él es el ayudante de nuestra Kedora Merchant Alliance.	어떤가. 같은 여신의 동지끼리 돕는 건?{nl}당당히 우리 케도라 상단의 조력자! 쯤이 되는 것 아니겠나.				레오폴다스
QUEST_UNUSED_20151016_000771	Muchas gracias.{nl}Los recién llegados están a mi lado.{nl}	거 정말 고맙네.{nl}일단 옆쪽엔 내 담당인 신입단원들이 있지.{nl}	QUEST_UNUSED_20151001_000471	It'd be great if you could give our merchants a hand here in Manahas, if you have the time.{nl}Over there are our newcomers, and if you go South you can help out Jurathena Margellius.{nl}You'll be proud to call yourself an assistant to the Kedorlaomer Merchants!	시간이 난다면 이 곳 마나하스에서 우리 상단의 일들을 좀 도와준다면 좋겠네.{nl}저쪽에 내 담당인 신입단원들도 있고, 저 아래로 내려가면 유라테나 마르젤리유스의 일도 도울 수 있지.{nl}그렇게 되면 자네도 당당히 케도라오머 상단의 조력자! 쯤이 되는 것이 아니겠나.	레오폴다스
QUEST_UNUSED_20151016_000772	Iba a ser un poco estricto enseñándote, pero ese no soy realmente yo.{nl}Me preguntaba si podrías echarnos una mano.{nl}	좀 엄격하게 일을 가르치려고 했는데 내 마음이 사실 안 그래. {nl}자네가 살짝 도와줬으면 좋겠어.{nl}				레오폴다스
QUEST_UNUSED_20151016_000773	Si vas al sur, podrás ayudar a Jurathena Margellius.{nl}Los monstruos de por aquí son duros incluso para un veterano.	저 아래쪽으로 가면 유라테나 마르젤리유스의 일을 도울 수도 있네.{nl}아무리 베테랑이지만 이 동네 몬스터가 좀 거칠어야 말이지.				레오폴다스
QUEST_UNUSED_20151016_000774	Sin embargo, incluso en nuestro grupo tuvimos momentos difíciles. {nl} En realidad, ahora mismo estamos un poco difíciles. {nl}	우리 상단이라고 해도 어려웠던 시절이 없으란 법은 없었지.{nl}지금이 살짝 그런 때라고 해도 되려나?{nl}	QUEST_UNUSED_20151001_000472	Even in our group, though, we did have our rough times.{nl}It's actually a bit rough right now.{nl}That's why we're focusing on this here right now.	우리 상단이라고 해도 어려웠던 시절이 없으란 법은 없었지.{nl}지금이 살짝 그런 때라고 해도 되려나?{nl}여튼 그래서 이렇게 이 존에 주력하고 있는 것이고.	레오폴다스
QUEST_UNUSED_20151016_000775	Es por eso que ahora estamos enfocados aquí en Manahas.	그래서 이렇게 이 곳 마나하스에 주력하고 있는 것이고.				레오폴다스
QUEST_UNUSED_20151016_000776	Muy bien, vete entonces. {nl} No debería ser demasiado difícil para alguien de tu fama.	그럼 잘 부탁하겠네.{nl}자네 명성이야 익히 들어 알고 있으니 어려운 일은 아닐 게야.	QUEST_UNUSED_20151001_000473	See ya next time.	다음에 또 보세나.	레오폴다스
QUEST_UNUSED_20151016_000777	Saludos.{nl}Soy Antanas, de Nestospa. {nl}¿Has visto alguna vez Nestospa?{nl}Bueno, no importa si no lo has visto.	안녕하시오.{nl}난 네스토스파의 안타나스라고 하오.{nl}이전에 네스토스파를 본 적이 있소?{nl}뭐 없어도 별 상관은 없소.	QUEST_UNUSED_20151001_000479	Greetings.{nl}I'm Antanas, from the Rud Order.{nl}In this day and age with the goddesses gone, instead of fighting other orders, we at the Rud Order prefer to quietly wait for the goddesses while we do our work.	안녕하시오.{nl}난 러드 종단의 안타나스라고 하오.{nl}여신이 사라진 지금, 다른 종파로 갈려 싸우기 보다는 묵묵히 이 곳 저 곳에서 여신을 기다리면서 자기 할 일을 하고 있는 종단이 바로 러드 종단이라오.	안타나스
QUEST_UNUSED_20151016_000778	{nl}La gente de Nestospa aquí está haciendo su trabajo tranquilamente.{nl}Yo estoy aquí haciendo lápidas.{nl}El problema es que no tengo materiales.{nl}¿Me ayudarían?	{nl}이 곳에 있는 네스토스파 사람들은 조용히 자기 일만 한다오.{nl}난 지금 여기서 비석을 만들고 있소.{nl}그런데 영 재료들이 모이지 않네.{nl}좀 도와주시겠소?	QUEST_UNUSED_20151001_000480	{nl}We're building a sanctuary here.{nl}We need to look for materials for it, but we seem to be rather short of hands.{nl}Would you help?	{nl}난 여기서 성소를 만들고 있소.{nl}아닌게 아니라 성소를 만들 재료들을 구해야 하는데 영 일손이 딸리네.{nl}좀 구해주시겠소?	안타나스
QUEST_UNUSED_20151016_000779	¿Antanas te dijo que fueras?{nl}Soy Giedra, de Nestospa.{nl}Si ya conociste a Antanas, probablemente ya sepas lo que hacemos, así que seré breve.	안타나스가 가 보라고 하셨다구요?{nl}저는 네스토스파의 기에드라라고 합니다.{nl}안타나스를 만나고 오셨으면 저희가 하는 일에 대한 이야기는 들으셨을 테니 길게 말 하지 않을게요.	QUEST_LV_0100_20151001_008363	You're the Revelator. {nl}I am Giedra of the Rhud Order. {nl}If you're here to meet Antanas, I'm sure you've already heard about our order so I won't talk so much about it. 	계시자님이시로군요.{nl}러드 종단의 기에드라라고 합니다.{nl}안타나스를 만나고 오셨으면 저희 종단에 대한 이야기는 들으셨을 테니 길게 말 하지 않을게요.	기에드라
QUEST_UNUSED_20151016_000780	{nl}Estoy reuniendo materiales para hacer escrituras de las diosas.{nl}El papel normal se vuelve amarillo y se deshace demasiado rápido... así que estoy buscando un material que no se moje ni cambie de color. {nl}Los caparazones de monstruos transparentes son perfectos para esto, ya que duran mucho tiempo después de ser tallados.{nl}¿Me traerías algunos?	{nl}저는 여기서 여신의 경전을 만들기 위한 재료를 모으고 있어요.{nl}일반 종이들은 금방 누래지고 부스러져서.. 이번에는 잘 젖지도 않고 변색도 없는 재료를 구하고있죠.{nl}몬스터들의 투명한 껍질이 딱 좋아요. 잘 다듬어서 글을 새기면 오래 가죠.{nl}그것들을 좀 구해 주시겠어요?	QUEST_LV_0100_20151001_008364	{nl}I am collecting the materials needed to make the Scriptures of Goddess. {nl}Normal paper turns yellow and decays quickly... So I'm looking for materials that won't get wet nor be discolored easily. {nl}The transparent shell of the monsters are great for it. If you polish it well before writing on it, it will last a long time. {nl}Can you get me those? {nl}	{nl}저는 여기서 여신의 경전을 만들기 위한 재료를 모으고 있어요.{nl}일반 종이들은 금방 누래지고 부스러져서.. 이번에는 잘 젖지도 않고 변색도 없는 재료를 구하고있죠.{nl}몬스터들의 투명한 껍질이 딱 좋아요. 잘 다듬어서 글을 새기면 오래 가죠.{nl}그것들을 좀 구해 주시겠어요?{nl}	기에드라
QUEST_UNUSED_20151016_000781	Has vuelto más rápido de lo que pensaba. {nl}Usaré estos caparazones para hacer las escrituras. {nl}Gracias.	생각보다 빨리 가져오셨네요.{nl}이 껍질은 이제 잘 다듬어서 경전이 될 거예요.{nl}감사합니다.	QUEST_LV_0100_20151001_008367	You brought them earlier than I expected. {nl}These shells will now be polished and used as pages of the scripture. {nl}Thank you.	생각보다 빨리 가져오셨네요.{nl}이 껍질은 이제 잘 다듬어서 경전의 페이지들이 될 거예요.{nl}감사합니다.	기에드라
QUEST_UNUSED_20151016_000782	Oh, mi signo... Sin él no se sabe si soy Nestospa o Anastospa...{nl}Lo perdí todo... Los monstruos se llevaron todo...{nl}Ya terminé...{nl}I iba a Fasika Plateau después de mi peregrinación pero...	아 내 표식.. 그게 없으면 내가 네스토스인지 아나스토스인지 모르는데..{nl}다 잃어버렸어.. 몬스터들이 가져가 버렸어..{nl}난 끝났어..{nl}순례를 끝내고 파사카 협곡으로 가려고 했는데..	QUEST_LV_0100_20151001_008374	I had the records of my seniors...{nl}But it was all stolen... {nl}I'm done...	선배들의 기록이 있었는데..{nl}다 도둑맞았어..{nl}난 끝났어..	케스타스
QUEST_UNUSED_20151016_000783	¡Oooohh!{nl}¡Por favor, ayúdenme!{nl}¡Mi letrero de Nestospa desapareció!	오오오오!{nl}제발 저를 도와 주세요!{nl}네스토스의 표식이 없어졌어요!	QUEST_LV_0100_20151001_008375	Oh oh oh!{nl}Please help me!{nl}My seniors' records are all gone!	오오오오!{nl}제발 저를 도와 주세요!{nl}선배들의 기록들이 없어졌어요!	케스타스
QUEST_UNUSED_20151016_000784	{nl} ¡Se fue, se fue, se fue! {nl} ¡Por favor, ayúdenme a encontrarlo! {nl} ¡Los monstruos deben haberlo tomado!	{nl}그게 없어요 없어요 없어!{nl}찾아다 주세요!{nl}몬스터가 가져 간 게 분명해요!	QUEST_LV_0100_20151001_008376	{nl}That's my job but it's all gone! All of it! {nl}Please find it! {nl}I'm sure the monsters took it!	{nl}제가 하는 일이 그건데, 그게 없어요 없어요 없어!{nl}찾아다 주세요!{nl}몬스터가 가져 간 게 분명해요!	케스타스
QUEST_UNUSED_20151016_000785	¿Cómo pudo pasar esto?...{nl}Ya terminé... ¿Cómo voy a enfrentar a mis mentores Nestospa?...	어쩌지 어째..{nl}난 끝났어.. 네스토스파 선생님들 얼굴을 어떻게 봐..	QUEST_LV_0100_20151001_008377	What to do... What do I do... {nl}I'm done... All the hardworks put in to make those records...	어쩌지 어째..{nl}난 끝났어.. 어떻게 모은 기록인데..	케스타스
QUEST_UNUSED_20151016_000786	¡Eso es todo! {nl} ¡Guau, los encontraste todos! {nl} ¡Gracias! {nl} ¿Cómo podré pagarte...?	그거예요! 와 다 모으셨군요!{nl}감사합니다!{nl}이 은혜를 어찌 해야 할 지..				케스타스
QUEST_UNUSED_20151016_000787	Es muy sorprendente. Lo que hicieron los soldados en el pasado está escrito aquí. {nl}Voy a pasar este documento a la sede. {nl}	놀랍군요. 과거 병사들의 생활상이 적혀있어요. {nl}얼른 이 자료를 기사단 본부에 보내야겠습니다. {nl}	QUEST_UNUSED_20151001_000491	This is surprising. It's telling all about the lives of past soldiers.{nl}I should send this to the headquarters. Thank you.	놀랍군요. 과거 병사들의 생활상이 적혀있어요. {nl}얼른 이 자료를 기사단 본부에 보내야겠습니다. 감사합니다.	빌헬미나 캐리어트
QUEST_UNUSED_20151016_000788	Le daré una copia del libro como muestra de mi agradecimiento. {nl} Está escrito de forma tosca, pero nuestro objetivo es descubrir la verdad en el pasado.	감사의 뜻으로 책 사본을 드리지요.{nl}조금 거친 언어로 쓰여 있지만 저희는 과거의 진상을 알리는 게 목적이니까요.				빌헬미나 캐리어트
QUEST_UNUSED_20151016_000789	Espíritu de soldado del ejército de Ruklys	루클리스 부대원의 영혼				
QUEST_UNUSED_20151016_000790	Si no damos una orden de retirada, todos serán aniquilados. {nl}Por favor, toca la bocina.	퇴각시키지 않으면 전멸당하고 말 겁니다.{nl}반드시 나팔을..	QUEST_UNUSED_20151001_000497	If they don't retreat we're going to be annihilated.{nl}The horn...	퇴각시키지 않으면 전멸당하고 말 겁니다.{nl}나팔을..	루클리스 부대원의 영혼
QUEST_UNUSED_20151016_000791	¿Los Caballeros de Kaliss? Bien. {nl}No se puede entrar a la Fortaleza de la Tierra porque hay demasiados guardias del Ejército Real.{nl}Pero, si me ayudas con el plan, puedo llevarte conmigo.{nl}	칼리스 기사단이라고? 좋아. {nl}대지의 요새는 나라면 모를까, 왕국군이 많아서 그냥은 못들어가.{nl}하지만 내 계획을 도와준다면 함께 데려가 줄 순 있어.{nl}	QUEST_UNUSED_20151001_000522	The Knights of Kaliss? Good. {nl}We can't completely trust you just yet but, if you help me with the plan, I can take you with me.{nl}	칼리스 기사단이라고? 좋아.{nl}우리가 널 완전히 믿진 못하겠지만 내 계획을 도와준다면 함께 데려가 줄 용의는 있어.{nl}	도굴꾼 아만다
QUEST_UNUSED_20151016_000792	Sobre el secreto que les conté hace un tiempo...{nl}	자.. 아까 그 비밀 이야기 말인데..{nl}	QUEST_UNUSED_20151001_000523	You know the Fortress of the Land was Ruklys' last battlefield, right?{nl}It was excavated from the ground like a tunnel.{nl}	대지의 요새가 루클리스 군의 마지막 저항지였다는 건 알고 있지?{nl}개미굴 처럼 땅 속을 파서 만든 곳이지.{nl}	도굴꾼 아만다
QUEST_UNUSED_20151016_000793	Escuché a algunos decir que la Fortaleza de la Tierra es para proteger el tesoro que recibió de Ruklys.{nl}	대지의 요새는 루클리스가 여신께 받은 보물을 지키기 위한 것이라는 이야기도 있어.{nl}	QUEST_UNUSED_20151001_000524	The Royal Army are all over it now, protecting it.{nl}Isn't it weird?	지금은 왕국군들이 철통같이 지키고 있어.{nl}이상하지 않아?{nl}	도굴꾼 아만다
QUEST_UNUSED_20151016_000794	Piénselo. ¿No es extraño?{nl}Los guardias del Ejército Real están protegiendo el hoyo que está cavado como un hormiguero.{nl}	생각해 봐. 이상하지 않아?{nl}개미굴 처럼 땅 속을 파서 만든 엄청난 곳을 왕국군이 철통같이 지키고 있다고.{nl}	QUEST_UNUSED_20151001_000525	The revolt occurred 400 years ago and we don't have enough workforce due to Medzio Diena.{nl}This city too.. I know that it's historically meaningful, but I am not sure if we have to protect it that much.{nl}	반란은 400년 전의 일이고 지금은 신수의 날이다 뭐다 해서 병력도 부족하잖아.{nl}이 도시도 그렇고 아무리 역사적으로 의미가 있어도 그렇게까지 지켜야 할 필요가 있냐는 거야.{nl}	도굴꾼 아만다
QUEST_UNUSED_20151016_000795	Los Caballeros de Kaliss quieren saber si hay algo allí.{nl}Nos dijeron que si investigamos la Fortaleza de la Tierra, no dirán nada independientemente de lo que hagamos.{nl}	칼리스 기사단은 거기에 주목해서 뭔가 있지 않을까 궁금한가봐.{nl}그들은 대지의 요새만 조사해 주면 마음대로 움직여도 못본 척 해주겠다고 했어.{nl}	QUEST_UNUSED_20151001_000528	So, of course I'm getting inside the fortress room that's full of treasures without the army knowing.{nl}I imagine it's loaded with riches, sinceit's the army's funds.{nl}	아, 물론 난 왕국군 몰래 대지의 요새에 있는 보물이 가득한 방으로 들어갈 거야.{nl}분명 군자금이니 뭐니 엄청난 것을 잔뜩 쌓아 놓고 있을 거라고.{nl}	도굴꾼 아만다
QUEST_UNUSED_20151016_000796	Ah, claro, voy a ir a buscar el tesoro de Ruklys.{nl}El tesoro es de las diosas así que debe ser algo asombroso.{nl}	아, 물론 난 루클리스의 보물을 찾으러 갈 거야.{nl}분명 여신께 받은 것이니 엄청난 물건일 거라고.{nl}	QUEST_UNUSED_20151001_000529	First, gather the records from Ruklys' era in the assembly area.{nl}We need them to get pass the guarding Gargoyle.	일단 집결지에 있는 루클리스 시대의 기록물들을 모아줘.{nl}저길 지키고 있는 가고일을 뚫을려면 그게 필요하거든.	도굴꾼 아만다
QUEST_UNUSED_20151016_000797	De todos modos, vas a estar conmigo, ¿verdad? {nl}Primero reúne los registros de Ruklys Era en el lugar de reunión. {nl} Para romper Gargoyle, lo necesitamos.	어쨌든 나와 함께 하는 거지?{nl}일단 집결지에 있는 루클리스 시대의 기록물들을 모아줘.{nl}저길 지키고 있는 가고일을 뚫을려면 그게 필요하거든.				도굴꾼 아만다
QUEST_UNUSED_20151016_000798	Oye, tú.{nl}¿Qué estás haciendo aquí en este bosque lejano?{nl}Bueno, no importa. Quien seas, ¿puedes echarme una mano?	이봐요. 당신.{nl}누구길래 이렇게 인적 드문 숲을 찾아온거죠?{nl}아 됐어요. 누구라도 상관없어. 절 좀 도와주세요.{nl}				드루이드 레야
QUEST_UNUSED_20151016_000799	Mi nombre es Druida Leja y vivo en este bosque. {nl} Llegué aquí persiguiendo a los hurones que huyeron con la comida de la aldea. {nl} No pude encontrar la comida, pero fui atacado por hurones. {nl}	저는 이 숲에 사는 드루이드 레야라고 해요.{nl}페릿이 마을을 습격해서 식량을 훔쳐달아나는 걸 쫓다가 여기까지 왔죠.{nl}그런데 식량도 못찾고 오히려 페릿들에게 공격당해버렸네요.{nl}				드루이드 레야
QUEST_UNUSED_20151016_000800	Quiero curar mi herida antes de regresar al pueblo... {nl} Cuando subimos allí, hay una hierba que funciona bien en las heridas. Por favor tráenos esas hierbas.	마을로 돌아가기 전에 상처를 좀 추스려야할 것 같은데..{nl}저 위에 올라가면 상처에 잘 듣는 약초가 있어요. 그 약초를 좀 가져다주세요.				드루이드 레야
QUEST_UNUSED_20151016_000801	Cuando recolectamos las hierbas, los hurones pueden atacarnos.{nl}Creen que todo en este bosque les pertenece.	약초를 채집하다보면 페릿들이 공격해올지도 몰라요.{nl}언젠가부터 이 숲에서 나는 모든 게 자기꺼라고 생각하는 것 같더라구요.				드루이드 레야
QUEST_UNUSED_20151016_000802	Revelador, ¿has bebido el agua roja antes?{nl}Si la has bebido antes, estoy seguro de que no podrás hablar conmigo ahora.{nl}Incluso si tienes mucha sed, no debes beber el agua roja. Si lo bebes, lo sufrirás.{nl}Es muy tóxico. Los frutos que crecieron al consumir el agua se volvieron enormes y no pueden ser comestibles.{nl}	계시자님 혹시 붉게 물든 물을 마셔보셨나요?{nl}아마 마셨으면 이 자리에 서서 저와 대화를 나누는 것 조차 불가능했을거에요.{nl}아무리 목이 마르셔도 붉게 물든 물은 마시면 안돼요. 마시면 죽을 만큼 괴롭거든요.{nl}얼마나 독한지 그 물을 먹고 자란 거대 과일도 먹을 수 없게 되버린답니다.{nl}하지만 페릿들은 어떻게 된 건지 거대 과일을 채집해서 과즙을 물 대신 마시더라고요.{nl}				마을 주민
QUEST_UNUSED_20151016_000803	Una vez estaba perdido en un bosque y tenía mucha sed en ese momento.{nl}Encontré un recipiente con jugo de frutas que los hurones habían acumulado.{nl}Morir de sed o morir a causa de los hurones, morir es lo mismo.{nl}Así que bebí el jugo sin que los hurones lo supieran y no me pasó nada.{nl}	예전에 숲에서 길을 잃고 헤맸던 적이 있는데 너무 목이 말라죽겠는 거에요.{nl}그때 과즙통을 들고 돌아다니던 페릿 한마리를 만나게 됐죠.{nl}목이 말라 죽든, 과일을 먹고 죽든, 페릿한테 물려죽든 어차피 죽는 건 매 한가지잖아요.{nl}그래서 억지로 페릿이 가지고 있던 과즙을 뺏어 마셨는데 아무 일도 없었답니다.{nl}				마을 주민
QUEST_UNUSED_20151016_000804	Casi nos estamos quedando sin el agua que habíamos recolectado, necesitamos encontrar más.{nl}¿Podrías conseguir un poco de jugo de fruta de los hurones? Gracias.	이제 모아둔 식수도 바닥을 보이기 시작했는데 식수는 꼭 있어야하잖아요.{nl}페릿들로부터 거대과일 과즙을 모아주실 수 있을까요? 부탁드릴게요.				마을 주민
QUEST_UNUSED_20151016_000805	El sabor del jugo de fruta fue mucho mejor de lo que esperaba...	깜짝 놀랐던 건 죽을 각오로 마신 과즙이 상상 이상으로 맛이 좋았다는 거에요..				마을 주민
QUEST_UNUSED_20151016_000806	Vaya, gracias. No tendríamos que preocuparnos por el agua potable con tanta cantidad.	와 감사해요. 이 정도 양이면 한동안 식수 걱정은 없겠어요.				마을 주민
QUEST_UNUSED_20151016_000807	Ah... ¡No esperaba ver a un humano aquí...! ¡Por favor ayúdenme! {nl} Me llamo Druida Benes. Estoy tratando de encontrar la razón por la cual los hurones cooperan con los demonios. {nl} Recientemente, descubrí que podré hablar con los hurones usando el hechizo de los druidas. {nl}	아.. 이런 곳에서 사람을 만날 줄이야..! 저 좀 도와주세요!{nl}저는 드루이드 베네스라고 합니다. 페릿들이 마족 편에 동조하는 이유를 찾아보고 있죠.{nl}드루이드 주술을 사용하면 페릿으로 모습을 바꿀 수 있어요. 물론 페릿과 대화를 나눌 수도 있구요.{nl}				드루이드 베네스
QUEST_UNUSED_20151016_000808	El problema es que, como he estado cerca de ellos durante tanto tiempo, ya conocen mi olor. {nl}Incluso cuando me convierto en hurón, me reconocen y se niegan a hablarme. {nl} ¿Te convertirías en hurón por mí e intentarías descubrir qué están tramando? {nl}	문제는 변신하는 과정에서 페릿과 너무 많이 접촉을 해서 놈들이 제 냄새를 기억한다는 겁니다.{nl}페릿으로 변신해도 제가 인간인 걸 알고 저와 대화를 하지 않더라고요.{nl}제 대신 페릿으로 변신해서 녀석들의 속셈을 알아봐주실 수 있으실까요?{nl}				드루이드 베네스
QUEST_UNUSED_20151016_000809	Para convertirte en un hurón, debes observar bien los comportamientos de los hurones.{nl}Si hacemos algo incómodo, los hurones nos descubrirán.{nl}Te voy a dar un pergamino vacío, así que observa los comportamientos de los hurones y regístralos aquí.	페릿으로 변신하기 위해서는 페릿들의 행동을 잘 관찰해야합니다.{nl}어색한 행동을 하면 페릿들에게 들킬테니까요.{nl}제가 빈 주문서를 드릴테니 여기에 페릿의 행동을 관찰하고 적어주세요.				드루이드 베네스
QUEST_UNUSED_20151016_000810	Por lo que observaste, voy a hacer un pergamino de transformación de hurón.{nl}Así que escribe tantos detalles como sea posible. De modo que incluso si se transforma, no parece incómodo.	관찰하신 내용을 토대로 페릿 변신 주문서를 만들어드릴 겁니다.{nl}그러니 최대한 상세하게 적어 주세요. 변신해도 어색하지 않도록 말이죠.				드루이드 베네스
QUEST_UNUSED_20151016_000811	Lo has observado en detalle.{nl}No tendrás ningún problema si te transformas ahora.{nl}Espera.	자세하게 관찰해오셨네요.{nl}이 정도면 변신해도 큰 문제 없겠어요.{nl}잠시만요.				드루이드 베네스
QUEST_UNUSED_20151016_000812	Algo tallado en el pilar	누군가의 기록				
QUEST_UNUSED_20151016_000813	Algo tallado en el pilar	무언가가 새겨진 기둥				
QUEST_UNUSED_20151016_000814	¡El cristal que emana la luz misteriosa no está completamente lleno! {nl} ¡Derrota a los monstruos cercanos para recolectar aceite de monstruo y hacer que el cristal brille con su luz!	신비한 빛을 내는 결정의 빛이 충분하지 않은 것 같습니다!{nl}주변 몬스터에게서 신비한 빛을 내는 결정이 충분한 빛을 내도록 몬스터 기름을 구해 오세요!	QUEST_UNUSED_20151001_000564	The sea sparkles aren't shining, probably because it's daytime.{nl}Get some monster oil from nearby monsters to feed the sea sparkles!	낮이라서 그런지, 야광충이 빛을 내지 않습니다!{nl}주변 몬스터에게서 야광충의 먹이가 되는 몬스터 기름을 구해 오세요!	
QUEST_UNUSED_20151016_000815	¡El cristal que emana el misterioso rayo comienza a brillar intensamente!	신비한 빛을 내는 결정이 아주 밝은 빛을 내기 시작합니다!				
QUEST_UNUSED_20151016_000816	3 números son el secreto del pilar	기둥의 비밀은 숫자 3개				
QUEST_UNUSED_20151016_000817	Tallas en el pilar	기둥에 새겨진 인물				
QUEST_UNUSED_20151016_000818	¿Qué está escrito en el pilar?	기둥의 글귀는 무엇?				
QUEST_UNUSED_20151016_000819	¡Has obtenido un líquido pegajoso!{nl}	기둥이 무너져 버렸습니다!{nl}몬스터로부터 이 기둥을 수리 할 만한 점성 있는 액체를 구해 오세요!				
QUEST_UNUSED_20151016_000820	¡Has obtenido un líquido pegajoso!	점성 있는 액체를 구해 오세요!				
QUEST_UNUSED_20151016_000821	Reparando el pilar	기둥을 수리하는 중				
QUEST_UNUSED_20151016_000822	Busca las piezas del pilar.	기둥 조각 찾기				
QUEST_UNUSED_20151016_000823	Por favor dime que es	알려달라고 한다	QUEST_LV_0100_20150317_002398	Accept	수락	
QUEST_UNUSED_20151016_000824	preguntaré más tarde	나중에 물어 본다	QUEST_LV_0100_20150317_002379	Cancel	종료	
QUEST_UNUSED_20151016_000825	voy a ir	가보겠다고 한다				
QUEST_UNUSED_20151016_000826	tengo algo que hacer	볼일이 있다고 한다	QUEST_LV_0100_20150317_002379	Cancel	종료	
QUEST_UNUSED_20151016_000827	Espere por favor	기다려 달라고 한다				
QUEST_UNUSED_20151016_000828	iré a encontrarme	만나보겠다고 한다	QUEST_LV_0100_20150317_002398	Accept	수락	
QUEST_UNUSED_20151016_000829	volveré pronto	금방 다녀오겠다고 한다				
QUEST_UNUSED_20151016_000830	Iluminándolo	불 켜는 중				
QUEST_UNUSED_20151016_000831	echaré un vistazo a mi alrededor	들러보겠다고 한다	QUEST_LV_0100_20150317_002398	Accept	수락	
QUEST_UNUSED_20151016_000832	no necesito eso	굳이 필요 없다고 한다	QUEST_LV_0100_20150317_002379	Cancel	종료	
QUEST_UNUSED_20151016_000833	Llegará si esperas	기다리면 올거라고 한다	QUEST_LV_0100_20150317_002379	Cancel	종료	
QUEST_UNUSED_20151016_000834	Es probable que haya más pilares con los registros de alguien. Mira el pilar. Podrás leer las escrituras en el pilar incluso si está oscuro si tienes los cristales que iluminan un rayo misterioso.	누군가의 기록이 담긴 기둥이 더 있을 것 같습니다. 기둥을 살펴 보세요. 기둥의 글귀는 신비한 빛을 내는 결정이 있다면 어두워도 읽을 수 있을 것입니다.	QUEST_UNUSED_20151001_000695	There should be more pillars with records around here. Have a look at the others. We could use the light from the sea sparkles to read the writings on the pillars.	누군가의 기록이 담긴 기둥이 더 있을 것 같습니다. 기둥을 살펴 보세요. 기둥의 글귀는 야광충의 빛이 있다면 어두워도 읽을 수 있을 것입니다.	
QUEST_UNUSED_20151016_000835	El cristal que emana la luz misteriosa requiere aceite monstruoso para brillar. Caza monstruos y recolecta aceite de monstruos.	신비한 빛을 내는 결정 충분한 빛을 내려면 몬스터 기름이 있어야 할 것 같습니다. 몬스터를 사냥하여 몬스터 기름을 모으세요.	QUEST_UNUSED_20151001_000697	To make the sea sparkles shine during the day, you need some monster oil. Hunt monsters to collect it.	야광충이 낮에 빛을 내려면 몬스터 기름이 있어야 할 것 같습니다. 몬스터를 사냥하여 몬스터 기름을 모으세요.	
QUEST_UNUSED_20151016_000836	Has obtenido el aceite monstruo. Vuelve al pilar con el cristal y usa su luz para ver las escrituras en él.	몬스터 기름을 모두 모았습니다. 기둥으로 가져 가서 신비한 빛을 내는 결정의 빛으로 기둥에 새겨진 글귀를 읽어 봅시다.	QUEST_UNUSED_20151001_000699	You have collected the monster oil. Take it to the pillar and use the light from the sea sparkles to read the writings on it.	몬스터 기름을 모두 모았습니다. 기둥으로 가져 가서 야광충의 빛으로 기둥에 새겨진 글귀를 읽어 봅시다.	
QUEST_UNUSED_20151016_000837	Parece que hoy en día las instrucciones indican que, si se pronuncian los números obtenidos en la meseta de Galeed, las escrituras en el pilar se harán visibles. Párate cerca del pilar e ingresa los números en la ventana de chat. Obtén pistas de pilares de colores.	갈르엣 평야의 어딘가에서 얻은 힌트 숫자를 말하면 기둥의 글귀를 읽을 수 있다고 씌여 있는 것 같습니다. 기둥 가까이에서 채팅창에 숫자를 입력하세요. 특정 색상의 기둥에서 힌트를 얻을 수 있습니다.	QUEST_UNUSED_20151001_000703	The instructions seem to say that, if you speak out the numbers obtained at the Galeed Plateau, the writings on the pillar will become visible. Stand near the pillar and enter the numbers into the chat window.	갈르엣 평야의 어딘가에서 얻은 힌트 숫자를 말하면 기둥의 글귀를 읽을 수 있다고 씌여 있는 것 같습니다. 기둥 가까이에서 채팅창에 숫자를 입력하세요.	
QUEST_UNUSED_20151016_000838	Obtener %s de los monstruos	몬스터로부터 %s 구해오기	QUEST_UNUSED_20151001_000715	Defeat monsters and collect %s	몬스터를 처치하고 %s 구해 오기	
QUEST_UNUSED_20151016_000839	Los libros de la era Ruklys están dispersos. Busque los libros que sean legibles.	루클리스 시대에 남겨진 책들이 흩어져 있습니다. 읽을 수 있을 만한 책을 찾아보세요.				
QUEST_UNUSED_20151016_000840	Si le llevas estos libros a Wilhelmina Carriot, podrás recibir algunas recompensas.	이 책들을 빌헬미나 캐리어트에게 전해 주면 보상을 받을 수 있을 것 같습니다.	QUEST_UNUSED_20150717_000290	Talk to Wilhelmina Carriot	빌헬미나 캐리어트와 대화하세요	
QUEST_UNUSED_20151016_000841	Puedes ver el espíritu del soldado del ejército de Ruklys que no puede volver al lado de la diosa. Habla con él.	여신의 품으로 돌아가지 못하고 떠도는 루클리스 부대 병사 영혼이 보입니다. 그와 대화하세요	QUEST_UNUSED_20151001_000732	Talk with the Ruklys Army Soldier's Spirit	루클리스 부대 병사 영혼과 대화하세요	
QUEST_UNUSED_20151016_000842	Parece que lamenta no haber podido tocar la bocina para ordenar la retirada. Toca la bocina y deja que otros espíritus sepan sobre el espíritu.	루클리스 부대 병사의 영혼은 퇴각을 알리지 못한 게 한이 되는 것 같습니다. 나팔을 불어 루클리스 부대 병사 영혼들에게 퇴각 명령 알리세요.	QUEST_UNUSED_20151001_000734	Blow the horn and pass the retreat order to the Ruklys Army Soldier's Spirits.	나팔을 불어 루클리스 부대 병사 영혼들에게 퇴각 명령 알리세요.	
QUEST_UNUSED_20151016_000843	Habla con el colono Browein	나팔을 불어 퇴각 명령을 알렸스빈다. 루클리스 부대 병사 영혼에게 이 사실을 알리세요.	QUEST_UNUSED_20151001_000732	Talk with the Ruklys Army Soldier's Spirit	루클리스 부대 병사 영혼과 대화하세요	
QUEST_UNUSED_20151016_000844	Habla con el colono Browein	이주민 보웨인과 대화				
QUEST_UNUSED_20151016_000845	Charla con el colono Browein en el estanque Lemprasa	렘파라사 연못의 이주민 보웨인과 대화하세요				
QUEST_UNUSED_20151016_000846	Habla con el colono Brophen	이주민 브로펜과 대화				
QUEST_UNUSED_20151016_000847	Habla con el colono Brophen	이주민 브로펜과 대화하세요				
QUEST_UNUSED_20151016_000848	Utilice un punto de estado	스탯포인트 사용				
QUEST_UNUSED_20151016_000849	Presione la tecla F1 para usar un punto de estado	F1키를 누른 후 스탯포인트를 사용해 보세요				
QUEST_UNUSED_20151016_000850	Entregar el ungüento de hojas de hierba	풀 잎 연고 전달				
QUEST_UNUSED_20151016_000851	El colono Brophen te pidió que le entregaras ungüento de hojas de hierba a la colona Layla.	이주민 브로펜은 이주민 레일라에게 풀 잎 연고를 전해달라고 부탁했습니다				
QUEST_UNUSED_20151016_000852	Charla con el alcalde Romanas	촌장 로마나스와 대화				
QUEST_UNUSED_20151016_000853	El alcalde Romanas te espera.	촌장 로마나스가 당신을 기다리고 있습니다				
QUEST_UNUSED_20151016_000854	Habla con el oficial Lutas	관리관 류타스와 대화				
QUEST_UNUSED_20151016_000855	Habla con el oficial Lutas en la entrada del estanque Lemprasa.	렘파라사 연못의 오르샤 입구에서 관리관 류타스와 대화하세요				
QUEST_UNUSED_20151016_000856	Habla con el oficial Lutas	관리관 류타스와 대화하세요				
QUEST_UNUSED_20151016_000857	Derrota al monstruo jefe atacante.	급습한 보스몬스터 처치	QUEST_UNUSED_20150729_000346	Progress	진행	
QUEST_UNUSED_20151016_000858	Derrota al monstruo jefe atacante.	급습한 보스몬스터를 처치하세요	QUEST_UNUSED_20150729_000346	Progress	진행	
QUEST_UNUSED_20151016_000859	Visita Orsha	오르샤 방문				
QUEST_UNUSED_20151016_000860	Visita Orsha	도시 오르샤에 방문하세요				
QUEST_UNUSED_20151016_000861	Habla con Inesa Hamondale	이네사 해먼데일과 대화				
QUEST_UNUSED_20151016_000862	Habla con el señor de Orsha, Inesa Hamondale	오르샤 영주 이네사 해먼데일과 대화하세요				
QUEST_UNUSED_20151016_000863	Habla con el colono Izna	이주민 이즈나와 대화				
QUEST_UNUSED_20151016_000864	Habla con el colono Izna	이주민 이즈나와 대화하세요				
QUEST_UNUSED_20151016_000865	Recoge hojas de color rojo claro.	연붉은 잎사귀 수집	QUEST_UNUSED_20150729_000346	Progress	진행	
QUEST_UNUSED_20151016_000866	El colono Izna te ha pedido que derrotes a los monstruos cercanos y recolectes hojas rojas.	이주민 이즈나는 주변 몬스터를 처치하여 연붉은 잎사귀를 수집해달라고 부탁했습니다	QUEST_UNUSED_20150729_000346	Progress	진행	
QUEST_UNUSED_20151016_000867	Obtener hojas de color rojo claro.	연붉은 잎사귀 획득	QUEST_JOBSTEP_20150323_002333	Defeat %s	%s 처치	
QUEST_UNUSED_20151016_000868	Recoge moco de Rampar	렘파르 점액 수집				
QUEST_UNUSED_20151016_000869	El colono Izna te ha pedido que recojas Rampas Mucus.	이주민 이즈나는 렘파를 점액을 수집해달라고 부탁했습니다	QUEST_UNUSED_20150729_000346	Progress	진행	
QUEST_UNUSED_20151016_000870	Guía al colono en el bosque.	숲 속의 이주민 인도				
QUEST_UNUSED_20151016_000871	Los habitantes de la región norte han quedado aislados debido a un monstruo gigantesco. El colono Izna te ha pedido que enciendas un fuego para ayudarlos.	이주민 이즈나는 거대한 몬스터 때문에 길을 숲 속에 고립된 북쪽 지역 이주민들을 돕기 위해 모닥불을 켜달라고 했습니다	QUEST_UNUSED_20150729_000346	Progress	진행	
QUEST_UNUSED_20151016_000872	Enciende el último fuego	마지막 모닥불 켜기	QUEST_UNUSED_20150729_000346	Progress	진행	
QUEST_UNUSED_20151016_000873	El colono Izna te ha pedido que enciendas un gran fuego para que los residentes puedan verlo desde lejos.	이주민 이즈나는 거대한 모닥불을 켜서 먼 곳에 있는 이주민들이 볼 수 있도록 해 달라고 부탁했습니다	QUEST_UNUSED_20150729_000346	Progress	진행	
QUEST_UNUSED_20151016_000874	Habla con el colono Ivanayus	이주민 이바나유와 대화				
QUEST_UNUSED_20151016_000875	Habla con el colono Ivanayus	이주민 이바나유와 대화하세요				
QUEST_UNUSED_20151016_000876	Recoge objetos útiles	쓸만한 물건 수집				
QUEST_UNUSED_20151016_000877	El colono Ivanayus quiere que recolectes objetos útiles que puedan ser utilizados por los colonos y que sean dejados por los nativos.	이주민 이바나유는 원주민들이 두고간 물품을 확인하여 이주민들이 쓸만한 물건을 수집해 달라고 부탁했습니다	QUEST_UNUSED_20150729_000346	Progress	진행	
QUEST_UNUSED_20151016_000878	Habla con el colono Dallasas	이주민 달라나스와 대화				
QUEST_UNUSED_20151016_000879	Habla con el colono Dallasas	이주민 달라나스와 대화하세요				
QUEST_UNUSED_20151016_000880	Adora la estatua de la diosa Zemyna	제미나 여신상에 경배				
QUEST_UNUSED_20151016_000881	Al colono Dallanas le gustaría bendecir tus exploraciones y te pidió que adorases la estatua de la diosa Zemyna para recibir su gracia.	잊두민 달라나스는 모험길을 축복해주며 제미나 여신상에 경배하여 여신의 가호를 받아보라고 조언해주었습니다				
QUEST_UNUSED_20151016_000882	Trae a los colonos	이주민 데려오기	QUEST_UNUSED_20150729_000346	Progress	진행	
QUEST_UNUSED_20151016_000883	El colono Dallanas te ha pedido que traigas a los colonos que estaban esparcidos por la zona.	이주민 달라나스는 주변에 흩어져 있는 이주민들을 데리고 와다라라고 부탁했습니다	QUEST_UNUSED_20150729_000346	Progress	진행	
QUEST_UNUSED_20151022_000884	¿Puedes entregarle los registros a Wilhelmina? {nl} Ella me dijo que nos ayudará a romper con Gargoyle, así que no olvides conseguirle algo cuando regreses.	자. 방금 네가 모아 온 기록물들을 빌헬미나에게 전해 주겠어?{nl}우리가 가고일을 뚫고 들어갈 수 있도록 도와준댔으니까, 올 땐 잊지 말고 뭐라도 꼭 받아와.	QUEST_LV_0200_20151001_009136	Can you hand over the records to Wilhelmina that you've brought?{nl}We told them that we would help penetrate into Gargoyle so don't forget to receive something before you come here. 	자. 방금 네가 모아 온 기록물들을 빌헬미나에게 전해 주겠어?{nl}우리가 가고일을 뚫고 갈 수 있도록 도와준댔으니까 올땐 잊지 말고 뭐라도 꼭 받아와.	도굴꾼 아만다
QUEST_UNUSED_20151022_000885	Mardas	마르다스				
QUEST_UNUSED_20151022_000886	Ah... un humano en este lugar...{nl}Hay demonios aquí. Será mejor que huyas.{nl}A Hace un tiempo, los demonios aparecieron desde allí arriba y están controlando a los monstruos.	이..이런 곳에 사람이라니..{nl}이곳엔 마족이 있어요. 어서 도망치시는 게 좋을 거에요.{nl}조금 전에도 저 위에 마족이 나타나서 몬스터를 부리고 있었다구요.				마르다스
QUEST_UNUSED_20151022_000887	¿Estás loco?{nl}No sé qué tan fuerte eres, pero me quedaré aquí así que si quieres ir, por favor ve solo.{nl}El lugar donde vi demonios fue el lugar donde se encuentra la escultura del búho..	당신 제정신입니까?{nl}얼마나 강하길래 그렇게 위험한 행동을 하는지 모르겠지만 난 여기있을테니 가려거든 혼자가세요.{nl}조금 전 마족을 본 건 위쪽의 부엉이 조각상이 있는 곳이었으니..				마르다스
QUEST_UNUSED_20151022_000888	Me persiguieron demonios y corrí hasta aquí desde el castillo. {nl}No quiero experimentar más problemas.	난 마족에게 쫓겨 캐슬부터 여기까지 도망왔다구요.{nl}더는 험한 꼴을 당하고 싶지 않아요.				마르다스
QUEST_UNUSED_20151022_000889	¿No había demonios allí y solo otros monstruos? {nl} Supongo que es una suerte. {nl}	마족은 없고 다른 몬스터만 있었다구요?{nl}그나마 다행이군요.{nl}				마르다스
QUEST_UNUSED_20151022_000890	Vuelve a consultarme cuando arregles el detector. {nl}Tengo algo que decirte.	그렇다고 해도 당신도 보기보다 강한 모양이네요.{nl}다시 봤습니다.				마르다스
QUEST_UNUSED_20151022_000891	Vuelve a consultarme cuando arregles el detector. {nl}Tengo algo que decirte.	계시자님께서 석화 탐지기를 고치시고 나면, 제게 꼭 다시 들러 주세요.{nl}꼭 드리고 싶은 이야기가 있거든요.	QUEST_LV_0300_20151001_000227	Please come back after fixing the petrification detector.{nl}I have something to say.	계시자님께서 석화 탐지기를 고치시고 나면, 제게 다시 들러 주세요.{nl}꼭 드리고 싶은 이야기가 있거든요.	큐폴 메일레
QUEST_UNUSED_20151022_000892	Voy a guiar a todos y cada uno de ustedes con sinceridad. {nl}Espero que el camino que tienen por delante esté lleno de bendiciones.	정성을 다해 한 분씩 전부 인도할 겁니다.{nl}계시자님의 앞길에 여신의 은총이 가득하길.	QUEST_LV_0300_20151001_000237	We will do our best to guide each and every one of them.{nl}I hope the goddesses bless you.	정성을 다해 한 분씩 인도할 예정입니다.{nl}계시자님의 앞길에 여신의 은총이 가득하길.	큐폴 메일레
QUEST_UNUSED_20151022_000893	Ya no importa.{nl}Solo quiero tomar un descanso...	움직이지도, 떠나지도 못하는 몸 따위 어찌 된들 무슨 상관인가.{nl}그저 쉬고 싶을 뿐..	QUEST_LV_0300_20151001_000242	It doesn't matter what happens to my body.{nl}I just want to rest...	움직이지도, 떠나지도 못하는 몸 따위 어찌 된 들 무슨 상관인가.{nl}그냥 좀 쉬고 싶을 뿐..	마족 쉬트리가일라
QUEST_UNUSED_20151022_000894	[Prueba de Cleros]	[클레로스의 고난]				기둥에 적힌 글귀
QUEST_UNUSED_20151022_000895	El sol de rayo de oro, la luna de rayo de plata y la tierra de rayo de bronce.{nl}Cuál es tu número.{nl}	금빛의 태양과 은빛의 달, 동빛의 땅.{nl}그대의 숫자는 무엇인가.{nl}				기둥에 적힌 글귀
QUEST_UNUSED_20151022_000896	Parece que no sabes nada sobre nuestros comerciantes.{nl}	도무지 우리 상단에 대해 모르겠다는 표정이군.{nl}	QUEST_UNUSED_20151016_000768	We're a distinguished alliance; we worked on the Astral Tower, the Great Cathedral and other major constructions.{nl}Will of the goddesses. I'd say we were a sort of driving force in history.{nl}	우린 별의 탑, 대성당 같은 대형 공사의 자재를 공급해 온 유서깊은 상단이야.{nl}전부 여신의 뜻이지. 역사를 뒤에서 보좌해왔다고나 할까? {nl}	레오폴다스
QUEST_UNUSED_20151022_000897	Hmm, ¿alguna vez has visto la Gran Catedral o la Torre de los Magos? {nl} ¿O algo así como la gigantesca Estatua de la Diosa de Fedimian? {nl}	흠. 혹시 대성당이라던가 마법사의 탑을 본 적이 있나?{nl}아니면 페디미안의 거대 여신상 같은 것 말이다.{nl}	QUEST_UNUSED_20151016_000769	Oh, I'm in charge of the new members by the way.{nl}After Medzio Diena we had to use even the newcomers to help with reconstruction.{nl}	아, 난 상단의 신입 단원 관리를 맡고 있네.{nl}신수의 날에 막대한 피해를 입어서 신입들까지 동원해가며 피해를 복구하고 있지.{nl}	레오폴다스
QUEST_UNUSED_20151022_000898	¿Crees que una sola persona puede completar una construcción tan grande como esa? {nl}Por supuesto que no. Es difícil suministrar esos materiales incluso si el reino es lo primero.	그렇게 큰 공사를 일개 개인이 할 수 있을 것 같나?{nl}물론 아니지. 왕국이 나서더라도 그런 엄청난 자재들을 대는 건 힘들껄?{nl}	QUEST_UNUSED_20151016_000770	How about we help each other out?{nl}He is the helper of our Kedora Merchant Alliance.	어떤가. 같은 여신의 동지끼리 돕는 건?{nl}당당히 우리 케도라 상단의 조력자! 쯤이 되는 것 아니겠나.	레오폴다스
QUEST_UNUSED_20151022_000899	Somos los comerciantes que abastecieron de materiales a la construcción histórica.{nl}¿Entiendes ahora?{nl}	우리가 바로 그 역사적인 대공사의 자재를 공급해 온 유서 깊은 상단이시다. {nl}라는 말씀이지. 이제 좀 알 것 같나?{nl}				레오폴다스
QUEST_UNUSED_20151022_000900	Ayudamos a completarlo.{nl}El objetivo de nuestros comerciantes es la voluntad de las diosas.{nl}	역사를 뒤에서 보좌해왔다고나 할 수 있지.{nl}우리 상단의 목표 자체가 전부 여신의 뜻이라는 거야.{nl}				레오폴다스
QUEST_UNUSED_20151022_000901	Ah, estoy a cargo de los recién llegados a Kedora Merchant Alliance.{nl}Hemos recibido graves daños en Medzio Diena, por lo que incluso los recién llegados están haciendo todo lo posible para restaurar el lugar.{nl}	아, 난 우리 케도라 상단의 신입 단원 관리를 맡고 있네.{nl}신수의 날에 막대한 피해를 입어서 신입들까지 동원해가며 피해를 복구하고 있지.{nl}				레오폴다스
QUEST_UNUSED_20151022_000902	Estamos en problemas.{nl}Tenemos que colocar un tablón de anuncios, pero estamos demasiado ocupados.{nl}	정말 큰일이에요.{nl}알림판을 세워야 하는데 몸이 두세 개라도 모자랄 지경이에요.{nl}	QUEST_LV_0100_20151016_009586	I'm in a bit of trouble.{nl}I have to put up notice boards, but I wouldn't be able to do so even with two of myself.{nl}	정말 큰일이에요.{nl}알림판을 세워야 하는데 몸이 두세개라도 모자랄 지경이에요.{nl}	게르다
QUEST_UNUSED_20151022_000903	La Kedora Merchant Alliance actúa con dureza con los recién llegados. {nl}Especialmente Leopoldas, da mucho miedo... Quiere que haga esto solo.	저희 케도라 상단은 신입들에겐 정말 가차없거든요.{nl}특히 레오폴다스님은 어찌나 무서운지.. 꼭 혼자서 이걸 다 해내라 하시네요.	QUEST_LV_0100_20151016_009587	The Kedora Merchant Alliance is really rough on newcomers you see.{nl}Leopoldas is especially brutal... He made me do all of this by myself.	저희 케도라 상단은 신입을 정말 가차없이 굴리거든요.{nl}특히 레오폴다스님은 어찌나 무서운지.. 꼭 혼자서 이걸 다 해내라 하시네요.	게르다
QUEST_UNUSED_20151022_000904	Si es así, ¿puedes colocar este tablón de anuncios en Kluibe Road?{nl}Edita, nuestra líder, está excavando este objeto sagrado.{nl}	그렇다면 크뤼베 가도쪽에 이 알림판을 세워 주시겠어요?{nl}에디타 조장님이 성물을 발굴하고 계시거든요. {nl}	QUEST_LV_0100_20151016_009589	If so, could you set these notice boards up down there?{nl}Jurate is excavating holy artifacts down there you see. {nl}	그렇다면 저 아래쪽에 이 알림판을 세워 주시겠어요?{nl}유라테 조장님이 성물을 발굴하고 계시거든요. {nl}	게르다
QUEST_UNUSED_20151022_000905	Cuento contigo para hacer esto en secreto sin que Leopoldas te detecte. {nl}Tengo que ir a alguna parte.	레오폴다스님께 들키지 않게 몰래 부탁드릴게요.{nl}저는 또 다른 곳에 가 봐야 해서요.	QUEST_LV_0100_20151016_009590	I'm sure that you'll be discrete in helping out.{nl}I have to be somewhere else as well.	들키지 않게 몰래 부탁드릴게요.{nl}저는 또 다른 곳에 가 봐야 해서요.	게르다
QUEST_UNUSED_20151022_000906	Cuento contigo para hacer esto en secreto sin que Leopoldas te detecte. {nl} Seguro.	레오폴다스님께 들키지 않도록 잘 부탁드려요.{nl}꼭이요.				게르다
QUEST_UNUSED_20151022_000907	Estoy ayudando a los Reveladores que acaban de comenzar sus viajes desde Kedora Merchant Alliance.{nl}Si no te importa, ¿puedes ayudarnos?	전 케도라 상단에서 갓 모험을 시작하는 계시자들을 돕고 있어요.{nl}괜찮으시다면 저희 일을 도와주시겠어요?{nl}	QUEST_LV_0100_20151016_009592	My name is Serapinas, a newcomer of the Kedora Merchant Alliance.{nl}I'm promoting the Merchant Alliance at the moment.{nl}Umm... If you have the time, would you mind helping me do some promotion?	저는 케도라 상단의 신입 세라피나스라고 합니다.{nl}상단을 홍보하는 실무를 진행하고 있습니다.{nl}저.. 시간이 되신다면 홍보일 중 하나를 좀 도와주시겠어요?	세라피나스
QUEST_UNUSED_20151022_000908	No es tan difícil.{nl}Solo tienes que pasar la bendición que necesitan para sus viajes.	별로 어려운 일은 아니에요.{nl}모험에 필요한 좋은 축복을 그 분들께 내려드리면 되는 거예요.	QUEST_LV_0100_20151001_008326	{nl}It's nothing difficult. You just have to go near Orsha or Klaipeda and help the Revelators who just began their adventures. {nl}I will give you a scroll. If you use it on them, it will help them and promote the merchants as well. 	{nl}별로 어렵지는 않습니다. 오르샤나 클라페다 근처에 가서 막 모험을  시작한 계시자들을 돕는 거지요. {nl}제가 드리는 스크롤을 그 분들께 사용하면 좋은 효과와 함께 상단 홍보가 됩니다.	세라피나스
QUEST_UNUSED_20151022_000909	Gracias.{nl}Tentonces te diré cómo puedes hacerlo.{nl}	도와주신다니 감사합니다.{nl}그럼 방법을 알려드릴게요.{nl}	QUEST_LV_0100_20151001_008327	You must use it near the fields of Orsha or Klaipeda. {nl}And it must be someone who just began their adventure. {nl}I will not work on people who have seen the promotion material already. 	오르샤나 클라페다 주변의 필드에서 사용하셔야 합니다.{nl}이제 막 모험을 시작하신 분이어야 하구요.{nl}이미 홍보문구를 보신 분들은 해당이 안되는 점도 유의해 주세요.	세라피나스
QUEST_UNUSED_20151022_000910	Busque a los Reveladores que han comenzado sus viajes por Orsha o Klaipeda.{nl}Cuando use este pergamino con ellos, recibirán una bendición útil para sus viajes.	오르샤나 클라페다 주변에서 이제 막 모험을 시작하신 계시자님을 찾아주세요.{nl}그 분에게 이 스크롤을 사용하면 모험에 필요한 축복이 내려질 거예요.{nl}				세라피나스
QUEST_UNUSED_20151022_000911	Ah, no será efectivo para aquellos que ya han sido bendecidos, así que ténganlo en cuenta.	참, 이미 축복이 내려진 분에겐 소용 없으니 꼭 알아두세요.				세라피나스
QUEST_UNUSED_20151022_000912	No podemos confiar simplemente en la diosa. {nl}Deberíamos hacerlo nosotros mismos para reducir la carga sobre las diosas.	여신께만 의지할 순 없는 일이지요.{nl}요즘같은 때에 저희라도 나서야 여신께서도 짐을 덜 수 있지 않겠습니까.	QUEST_LV_0100_20151001_008328	Thank you for stepping up to help.	도와주신다고 나셔 주셔서 감사합니다.	세라피나스
QUEST_UNUSED_20151022_000913	Nosotros, Kedora Merchant Alliance, ayudamos a las diosas en secreto hasta ahora. {nl}Pero, dado que el mundo se convirtió en un caos, vamos a ayudarla activamente.	저희 케도라 상단은 여태껏 음지에서만 여신을 도와왔지요.{nl}세상이 이렇게 된 지금은 적극적으로 나설 생각인가봐요.	QUEST_LV_0100_20151001_008329	Oh, you're back already. {nl}Revelators sure are different. 	오 벌써 돌아오셨군요.{nl}역시 계시자님은 다르시네요.	세라피나스
QUEST_UNUSED_20151022_000914	Estamos en problemas...{nl}Hay tantas cosas que recuperar, pero no sé qué está haciendo la gente.	이것 참 큰일이네..{nl}회수해야 할 건 산더미 같은데 회수조는 도대체 어디서 뭘 하고 있담?	QUEST_LV_0100_20151016_009594	I am Edita. I am in charge of the Retrieval team for the Merchant Alliance.{nl}I'm sure you're curious as to why we're retrieving items here.{nl}You may have heard from Leopoldas, but we are providing much needed items and materials to people.	상단 물품 회수 조장 에디타라고 합니다.{nl}왜 여기서 상단의 물품을 찾고 있는지 궁금하실 거예요.{nl}레오폴다스에게 들어서 알고 계시겠지만, 저희는 세상에 꼭 필요한 여러가지 자재나 물품들을 조달하고 있어요.	메리사
QUEST_UNUSED_20151022_000915	Ah, ¿entonces Leopoldas te envió aquí? {nl}Por fin parece que ha dejado de ser tan testarudo.{nl}	아, 레오폴다스 아저씨께서 보내서 오셨다고요?{nl}드디어 아저씨께서도 고집을 굽히셨나 보네요.{nl}	QUEST_LV_0100_20151016_009597	There are many monsters nearby that are threatening the members of the Merchant Alliance.{nl}Could you clear them out for us?	그 주변에 저희 상단원들을 위협하는 몬스터들이 많아요.{nl}그것들도 좀 정리해 주세요.	메리사
QUEST_UNUSED_20151022_000916	Hace mucho tiempo, estaba enviando los objetos sagrados a Fedimian.{nl}Pero no me di cuenta de que estaban en Medzio Diena.{nl}	아주 예전에, 페디미안으로 보내야 할 성물들을 보내고 있던 중이였죠.{nl}하지만 꿈에도 몰랐어요. 하필 그 날이 신수의 날일 줄 누가 알았겠어요?{nl}				메리사
QUEST_UNUSED_20151022_000917	Fue un desastre.{nl}Se ocuparon de asuntos urgentes en otras regiones y ahora salieron a recuperar los objetos sagrados.{nl}	여기저기 뒤집어지고 진짜 난리도 아니었어요.{nl}일단 다른 지역의 급한 것부터 처리하고 이제서야 성물 회수에 나선 거죠.{nl}				메리사
QUEST_UNUSED_20151022_000918	Está bien, dejemos de quejarnos. Quiero que recuperes los objetos sagrados del Camino de Goanar.{nl}Creo que están enterrados profundamente en el suelo.{nl}	자, 하소연은 이쯤 하고요, 당신에겐 고야나르 숲길의 성물 회수를 부탁드릴게요.{nl}아마 땅 속에 고이 묻혀 있을 거예요.{nl}				메리사
QUEST_UNUSED_20151022_000919	Ah, y hay muchos monstruos alrededor que nos amenazan a los comerciantes. {nl} Si te parece bien, quiero que los derrotes también.	아, 그리고.. 그 주변에 저희 상단원들을 위협하는 몬스터들이 많아요.{nl}괜찮으시다면 몬스터 정리도 함께 부탁드릴게요.				메리사
QUEST_UNUSED_20151022_000920	Ten cuidado ya que hay muchos monstruos por ahí. {nl} Si no hubiera monstruos, nuestra tarea no se habría completado tan tarde.	그 주변에 몬스터들이 많으니 조심하세요.{nl}몬스터만 없었어도 작업이 이리 늦진 않았을 거라고요.	QUEST_LV_0100_20151016_009598	Be careful.	조심하세요.	메리사
QUEST_UNUSED_20151022_000921	Leopoldas nunca pide ayuda a nadie. {nl}Nunca supe que eras tan bueno.	레오폴다스 아저씨는 원래 남에게 부탁하는 분이 아니세요.{nl}결국 부탁했다는 사람이 이렇게 실력 좋은 분일 줄은 몰랐는걸요?	QUEST_LV_0100_20151016_009599	Thank you for bringing it back.	잘 가져 오셨네요.	메리사
QUEST_UNUSED_20151022_000922	En realidad, recibimos un informe extraño.{nl}Los monstruos de Kluibe Road están cavando solo un lugar.	흠. 마침 이상한 보고가 들어와 있어요.{nl}크뤼베 가도의 몬스터들이 한 곳만 집요하게 파헤치고 있다네요.{nl}	QUEST_LV_0100_20151016_009600	The excavation team has just reported that there is something buried there.{nl}Could you take a look?{nl}It'll take a while for the retrieval team to get there...	마침 발굴조가 저 쪽에 묻힌 것이 있다는 보고를 해 왔네요.{nl}가 봐 주시겠어요?{nl}아직 회수조가 그 쪽에 도착하려면 시간이 걸려서..	메리사
QUEST_UNUSED_20151022_000923	Creo que lo que están buscando es uno de los objetos de nuestros Comerciantes. {nl} Y pasará algún tiempo hasta que el grupo de recuperación llegue aquí.	아마 그것도 저희 상단의 물건일 것 같은데 확인해 주시겠어요?{nl}회수조가 그 쪽까지 도착하려면 시간이 걸려서요.	QUEST_LV_0100_20151001_008337	{nl}The wagon flipped and the sacred objects scattered around. {nl}That's why we are going through this excavation to find it. {nl}But people are hesitating to excavate that area because of the monsters... Please help us. 	{nl}수레는 모두 뒤집어지고, 성물들은 흩어졌어요.{nl}그래서 이렇게 다시 발굴하는 작업을 하는 중이예요.{nl}저쪽에는 몬스터들이 득시글 거려서 다들 발굴을 꺼리는 중인데.. 좀 도와주세요.	메리사
QUEST_UNUSED_20151022_000924	¿Es el objeto sagrado? {nl}Ha pasado tanto tiempo que no puedo pensar en nada más.	설마 그 성물인가?{nl}흠.. 하도 오래전이다 보니 짚히는 것이 없네요.				메리사
QUEST_UNUSED_20151022_000925	Esos son los registros de los comerciantes.{nl}Están muy rotos.{nl}	그건, 상단의 기록이군요.{nl}형편없이 찢어져 있네요.{nl}	QUEST_LV_0100_20151016_009601	Theses are records from the Merchant Alliance.{nl}They're ripped to pieces.{nl}Most likely done by monsters.{nl}Give them here.	그건, 상단의 기록이군요.{nl}형편없이 찢어져 있네요.{nl}몬스터들이 그렇게 만들었겠죠.{nl}이리 주세요.	메리사
QUEST_UNUSED_20151022_000926	Estoy seguro de que los monstruos crearon este lío. {nl}Dámelo.	분명 몬스터들이 이 난리를 쳐 놓은 것이겠죠.{nl}이리 주세요.	QUEST_LV_0100_20151001_008340	{nl}Since it is the record of the merchants, only if I could stick it back together...	{nl}상단의 기록이니 어찌어찌 잘 붙이면..	메리사
QUEST_UNUSED_20151022_000927	A ver.{nl}Se trata de..{nl}	어디보자.{nl}대충 내용이..{nl}	QUEST_LV_0100_20151016_009602	These are records of the arrow materials the Merchant Alliance had previously provided to Lydia Schaffen and the first Fletcher Master.{nl}It is too difficult for me to restore, so we'll have to try in the city.	이건, 과거에 상단이 리디아 샤펜과 그의 화살제조자인 초대 플레처 마스터에게 제공하던 화살 재료에 관한 기록서예요.{nl}제 힘으로는 복원이 힘드니, 잘 보관했다가 도시에 가서 복원해 봐야겠네요.	메리사
QUEST_UNUSED_20151022_000928	Este es el libro sobre los materiales para la flecha.{nl}Hace mucho tiempo, se los suministraron a Lydia Schaffen y al primer Maestro Fletcher.{nl}	이건 화살 재료에 관한 장부에요.{nl}아주 옛날에 리디아 샤펜이랑 초대 플레처 마스터에게 발주했었네요.{nl}				메리사
QUEST_UNUSED_20151022_000929	Pensé que era el objeto sagrado que se perdió hace mucho tiempo, es un regalo inesperado.{nl}Se dice que la flecha de Lydia Schaffen tiene algún poder especial.{nl}	예전에 잃어버린 성물일 줄 알았는데, 뜻밖의 수확이에요.{nl}리디아 샤펜의 화살은 특별한 힘이 깃들어 있다고 전해지거든요.{nl}				메리사
QUEST_UNUSED_20151022_000930	Es difícil restaurarlo yo mismo. {nl}I debería guardarlo en algún lugar seguro y restaurarlo cuando regrese a la sede.	일단 제 힘으로는 복원이 힘드니.. {nl}잘 보관했다가 본부에 가서 복원해 봐야겠네요.				메리사
QUEST_UNUSED_20151022_000931	El lugar restante debería estar en algún lugar alrededor de Juikas Field... pero no tengo idea de dónde está exactamente. {nl} Si te parece bien, ¿podrías ayudarme con esto?	이제 남은 지점은 율카스 벌판 어딘가일텐데.. 정확히 어딘지를 몰라요.{nl}괜찮다면 이것까지만 도와주시겠어요?	QUEST_LV_0100_20151016_009603	There should be something north of here as well.{nl}I can't seem to find exactly where though.{nl}I'll give you the detector so why don't you give it a try.	이 위쪽에도 무언가 있을 법 한데 말이죠.{nl}정확히 어딘지 알 수가 없어요.{nl}제가 탐지기를 드릴 테니 한 번 찾아 봐 주세요.	메리사
QUEST_UNUSED_20151022_000932	Le daré el detector, así que vea cómo reacciona. {nl}Solo reaccionará en las marcas que le pusieron los comerciantes para que no se pierda.	탐지기를 드릴 테니 이걸로 반응을 살펴 보세요.{nl}상단 표시에만 반응을 하니 허탕치실 일은 없을 거예요.	QUEST_LV_0100_20151016_009604	Try carefully digging there after you've located it.	위치 파악 뒤에 그 곳을 조심히 파 보세요.	메리사
QUEST_UNUSED_20151022_000933	¿No es este realmente un buen método?{nl}Ponemos marcas en todos los objetos de los Comerciantes en caso de que se pierdan.	정말 괜찮은 방법이죠?{nl}상단의 모든 물건은 잃어버릴 때를 대비해서 전부 표시를 넣어 놓죠.	QUEST_LV_0100_20151016_009605	Try using the detector as you go slowly upwards.	위쪽으로 살짝씩 움직이면서 탐지기를 써 보세요.	메리사
QUEST_UNUSED_20151022_000934	¡Ahah, has encontrado el objeto más importante! {nl} Esta es la tinta misteriosa. {nl}	아아, 제일 중요한 걸 찾아오셨네요!{nl}이건 신비한 잉크예요.{nl}	QUEST_LV_0100_20151001_008345	Oh, you found it. 	오, 찾아 오셨군요.	메리사
QUEST_UNUSED_20151022_000935	Esta es la tinta secreta que utiliza cuando tiene que ocultar los registros. {nl} Como resultado, es muy costosa. {nl}	기록을 숨겨야 할 필요가 있을 때 쓰는 비밀 잉크지요.{nl}그만큼 무척 비싸요.{nl}	QUEST_LV_0100_20151001_008346	{nl}Let's see...	{nl}어디보자..	메리사
QUEST_UNUSED_20151022_000936	Has sido de gran ayuda para mí hasta ahora.{nl}¡Nosotros nos encargaremos del resto!{nl}	그 동안 정말 많은 도움이 되었어요.{nl}나머지 일들은 저희가 알아서 할게요!{nl}	QUEST_LV_0100_20151016_009606	{nl}This is a mysterious Ink. {nl}It's a secret Ink used to write important documents.{nl}We suspect that it was used to hide records.	{nl}이건 신비한 잉크이네요. {nl}중요한 기록이나 문서를 남기기 위해 사용하던 비밀잉크죠.{nl}기록을 숨겨야 할 필요가 있을 때 이 잉크를 사용했을 거라고 예상하고 있죠.	메리사
QUEST_UNUSED_20151022_000937	¿Leopoldas?{nl}Ah, es nuestro hermano. ¿Cuál es el problema?{nl}	레오폴다스?{nl}아아, 우리 형님이지. 무슨 일이지?{nl}	QUEST_LV_0100_20151016_009608	Hello.{nl}I am Margellius the record keeper for the Kedora Merchant Alliance.	안녕하세요.{nl}저는 케도라 상단 기록 조장 마르젤리유스라고 합니다.	마르젤리유스
QUEST_UNUSED_20151022_000938	¿Te envió a ayudarme?{nl}No lo puedo creer.{nl}	날 도와주라고 자넬 보냈다고?{nl}이것 참, 해가 서쪽이 아니라 북쪽에서 떴다고 해도 못 믿겠군.{nl}	QUEST_LV_0100_20151016_009609	{nl}You've come on the request of Leopoldas.{nl}Then could you retrieve the educational materials taken by the monsters?{nl}	{nl}레오폴다스의 말을 듣고 오셨군요.{nl}그러면 몬스터들이 훔쳐 간 신입 교육 자료들을 좀 되찾아와 주시겠어요?{nl}	마르젤리유스
QUEST_UNUSED_20151022_000939	Bueno, de todos modos, está bien.{nl}Ese maldito monstruo se lo llevó todo.{nl}	뭐, 어쨌든 마침 잘 됐어.{nl}망할 몬스터가 여길 전부 털어 가 버렸거든.{nl}				마르젤리유스
QUEST_UNUSED_20151022_000940	Lo demás está bien, pero el problema son los materiales didácticos para los recién llegados.{nl}Si no los tenemos, tenemos que trabajar desde el principio.{nl}	다른 건 상관 없는데 문제는 신입 교육 자료야.{nl}그게 없으면 처음부터 전부 다시 작업을 해야 한다고.{nl}				마르젤리유스
QUEST_UNUSED_20151022_000941	Has visto a los recién llegados que dirige Leopoldas, ¿verdad? {nl}Estos son los documentos para educar a esos recién llegados.{nl}	레오폴다스가 관리하는 신입 단원들 봤지?{nl}그 신입 단원들을 교육하는 데 필요한 자료다.{nl}				마르젤리유스
QUEST_UNUSED_20151022_000942	Bueno, nosotros, los comerciantes, apoyamos la voluntad de las diosas, pero nos movimos en secreto desde atrás. {nl}Pero no podemos soportar más ya que el mundo es así.	원래 우리 상단은 여신의 뜻을 받들기는 해도 나서지 않고 뒤에서만 움직였거든.{nl}그런데 세상이 이 모양이니 가만히 있을 수가 있나.{nl}				마르젤리유스
QUEST_UNUSED_20151022_000943	Por eso hemos decidido contratar gente nueva y participar más activamente.{nl}Pero, como el mundo es así, no podemos quedarnos sin hacer nada.{nl}	그래서 신입들도 새로 모집하면서 적극적으로 나서기로 했어.{nl}마족의 표적이 되는 한이 있어도 말이야.{nl}				마르젤리유스
QUEST_UNUSED_20151022_000944	De todos modos, si me vas a ayudar, por favor consígueme esos documentos nuevamente. {nl} Si no los tenemos, se volvería complicado.	어쨌든 날 돕겠다면 그 자료들을 다시 찾아와 줘.{nl}그게 없으면 복잡해진단 말이다.				마르젤리유스
QUEST_UNUSED_20151022_000945	No terminará incluso si encontramos todos esos documentos. {nl}Prepárate ya que también tenemos que crear el manuscrito.	그 자료를 다 찾는다고 끝난 게 아냐.{nl}필사본도 만들어야 하니까 준비해 두라고.	QUEST_LV_0100_20151016_009611	If we retrieve the information that the monsters have taken, I'm planning on creating more copies to give to the newcomers.	몬스터들이 훔쳐간 자료들을 되찾게 되면, 앞으로 신입들이 더 늘어날 것에 대비해서 필사본들을 더 만들 예정입니다.	마르젤리유스
QUEST_UNUSED_20151022_000946	Conozco el buen significado de esto, pero no estoy seguro de si vamos a sobrevivir.{nl}Si es así, no estamos haciendo algo que no hayamos hecho antes, así que no importa.{nl}	좋은 뜻은 알겠는데 목숨이 남아날 지는 모르겠어.{nl}뭐, 그렇다고 해서 안하던 일을 하게 된 건 아니니까 상관 없어.{nl}	QUEST_LV_0100_20151001_008354	Thank you for coming forward to help us. {nl}We are in really tight hands. 	도와주신다고 나서 주셔서 감사합니다.{nl}이쪽 일손이 많이 부족하거든요.	마르젤리유스
QUEST_UNUSED_20151022_000947	Luchar contra monstruos no es algo raro.	평소에도 몬스터와의 전투 같은 건 흔히 있는 일이라고.				마르젤리유스
QUEST_UNUSED_20151022_000948	Bien. Nuestro hermano nos envía un buen ayudante. {nl} Hagamos el manuscrito ahora.	좋아. 형님께서 좋은 도우미를 보내 주셨는데?{nl}이제 필사본을 만들어 보자고.	QUEST_20150317_000586	Thank you.	감사합니다.	마르젤리유스
QUEST_UNUSED_20151022_000949	Escribiré de todos modos para que no tengas que preocuparte.{nl}Lo que necesito es la tinta.{nl}	어차피 글 쓰는 건 내가 할 거니까 걱정 안해도 돼.{nl}필요한 건 잉크지.{nl}	QUEST_LV_0100_20151016_009612	Now I'll record more information.{nl}Ink crafted from the fluids of monsters lasts a long time and is durable.{nl}I'll give you some traps, so could you get some for me?	이제 자료를 더 만들어야겠죠.{nl}몬스터의 체액으로 만든 잉크가 있으면 오래 가고 좋아요.{nl}제가 덫을 드릴 테니, 몬스터 체액을 구해 주세요.	마르젤리유스
QUEST_UNUSED_20151022_000950	Si hay una tinta que se compone del fluido corporal de los monstruos, duraría mucho. {nl}I te daré la trampa, así que cuento contigo para el fluido corporal del monstruo.	몬스터의 체액으로 만든 잉크가 있으면 오래 가고 좋아.{nl}내가 덫을 줄 테니 그걸로 몬스터 체액을 부탁해.				마르젤리유스
QUEST_UNUSED_20151022_000951	Coloca la trampa en el camino por el que cruzan los monstruos.{nl}Cuando los monstruos se desmayen después de pisar la trampa, obtén el fluido corporal.{nl}	몬스터가 지나가는 길에 덫을 놓는 거다.{nl}덫을 밟고 기절 할 때 바로 채액을 뽑는 거지.{nl}	QUEST_LV_0100_20151016_009613	Plant the trap near monsters.{nl}The monsters will faint when they step on the trap...{nl}You'll then be able to extract their fluids when they're still alive.{nl}But, only the monsters over there have the neccessary fluids.{nl}So use the trap over there.	몬스터 가까이에 덫을 놓으세요.{nl}덫을 밟으면 몬스터는 기절 할 거고..{nl}아직 숨이 붙어 있을 그 때 체액을 뽑아내는 거죠.{nl}단, 저쪽 근처의 몬스터만 가지고 있어요.{nl}그 근처에서 덫을 사용하세요.	마르젤리유스
QUEST_UNUSED_20151022_000952	Ah, este es el truco que sólo funciona en Droze Empty Lot, así que sólo debes poner la trampa allí.	참, 이건 드로즈 공터에서만 먹히는 꼼수니까 거기에만 덫을 놓도록 해.				마르젤리유스
QUEST_UNUSED_20151022_000953	¿Ya los has obtenido todos?{nl}	벌써 다 구해 온 건가?{nl}	QUEST_LV_0100_20151016_009614	It can only be obtained from the monsters at the plaza over there.{nl}Use the trap near them.	저 쪽 광장에 있는 몬스터에게서만 구할 수 있어요.{nl}그 근처에서 덫을 사용하세요.	마르젤리유스
QUEST_UNUSED_20151022_000954	Lo sabía. Todavía necesitamos más.	그럼 그렇지. 아직 모자라.				마르젤리유스
QUEST_UNUSED_20151022_000955	Esto es suficiente.{nl}Lo has hecho bien hasta ahora.{nl}	이 정도는 충분한 양이군.{nl}그 동안 수고했어. {nl}	QUEST_LV_0100_20151001_008358	This is good enough! {nl}Thank you very much!	이정도면 충분한 양입니다!{nl}정말 감사합니다!	마르젤리유스
QUEST_UNUSED_20151022_000956	Si nos vemos la próxima vez, te trataré mucho de parte de nuestros comerciantes. {nl}I haré el resto, así que regresa.	나중에 또 만날 일이 있다면 우리 상단에서 아주 푸짐하게 대접하지.{nl}나머진 내가 알아서 할 테니 이만 가 봐.				마르젤리유스
QUEST_UNUSED_20151022_000957	Hola.{nl}¿Alguna vez has oído hablar de Nestospa?{nl}	안녕하시오.{nl}혹시 네스토스파라고 들어 보셨소?{nl}				안타나스
QUEST_UNUSED_20151022_000958	Bueno, realmente no importa incluso si no escuchamos nada al respecto. {nl} Solo se concentran silenciosamente en sus creencias religiosas. {nl}	뭐, 들어본 적 없어도 별로 상관은 없네만.{nl}본디 조용하게 자기의 신앙에만 충실한 사람들이니까.{nl}	QUEST_UNUSED_20151016_000778	{nl}The people of Nestospa here are just quietly doing their work.{nl}Myself, I'm here making tombstones.{nl}The problem is I have no materials.{nl}Would you help me?	{nl}이 곳에 있는 네스토스파 사람들은 조용히 자기 일만 한다오.{nl}난 지금 여기서 비석을 만들고 있소.{nl}그런데 영 재료들이 모이지 않네.{nl}좀 도와주시겠소?	안타나스
QUEST_UNUSED_20151022_000959	Soy uno de esos Nestospa.{nl}Las oraciones son buenas, pero estoy haciendo una lápida para ver si eso ayudará a las diosas.{nl}	나도 그 네스토스파의 일원이요.{nl}기도도 좋지만 여신께 힘이 되지 않을까 해서 비석을 만들고 있다오.{nl}				안타나스
QUEST_UNUSED_20151022_000960	Estoy tratando de deshacerme de la energía maligna y enviar solo energía sagrada a la diosa. {nl}Pero tengo problemas para recolectar materiales. {nl}	사악한 기운은 거르고 성스러운 기운만을 모아 여신께 보내려는 것이지.{nl}그런데 영 재료들이 모이질 않네. {nl}				안타나스
QUEST_UNUSED_20151022_000961	¿Me puedes ayudar?	조금 도와줄 수 있겠소?				안타나스
QUEST_UNUSED_20151022_000962	Hay demasiados materiales.{nl}Lescucha bien.{nl}	이거 원 재료가 한두 가지여야지.{nl}잘 들으시오.{nl}	QUEST_UNUSED_20151001_000482	There's two things we need.{nl}Listen closely. {nl}Get some lime powder from monsters, and then some flat stones for construction.	재료가 한 두가지여야지.{nl}잘 들으시오.{nl}몬스터에게서 횟가루도 얻어야 하고, 깔린 돌들에게서 석재용 돌도 구해야 하오.	안타나스
QUEST_UNUSED_20151022_000963	Consigue un poco de cal en polvo de los monstruos y luego algunas piedras planas para la construcción. {nl}Estarás ocupado.	석재용 돌도 구해야 하고 몬스터에게 횟가루도 얻어야 하오. {nl}많이 바쁠 거요.	QUEST_UNUSED_20151001_000483	{nl}You'll be busy.	{nl}많이 바쁠 거요.	안타나스
QUEST_UNUSED_20151022_000964	No puedo quedarme quieto incluso si no puedo detectar demonios directamente. {nl} Cada uno hace su propia tarea.	직접 나서서 마족을 상대하지 못한다고 해서 가만히 있을 순 없지 않겠소.{nl}각자 자기가 할 수 있는 일을 하는 것이지.				안타나스
QUEST_UNUSED_20151022_000965	Bien. Bien hecho.{nl}Ahora todos los materiales están recogidos. Necesitamos algunas herramientas especiales.	이야, 잘 해 주었소.{nl}이제 재료는 모였고.. 특별한 도구가 필요하지.	QUEST_UNUSED_20151001_000485	Wow, you did great.	이야, 잘 해 주었소.	안타나스
QUEST_UNUSED_20151022_000966	Bien. Ya que me has ayudado hasta ahora, ¿por qué no haces una lápida tú mismo?{nl}Tu nombre llegará a la diosa con el poder sagrado.{nl}	자. 여태껏 날 도왔으니 자네도 비석 하나 정돈 만들어 보는 게 어떻겠소.{nl}여신께 자네의 이름이 신성한 힘과 함께 닿을 거요.{nl}	QUEST_LV_0100_20151016_009615	Now I can craft tombstones.{nl}Try making one yourself.{nl}I'll give you the materials and tools again.	이제 비석을 만들 수 있겠군.{nl}여기에 한 번 만들어 보시오.{nl}내가 재료와 도구를 다시 줄 테니.	안타나스
QUEST_UNUSED_20151022_000967	Simplemente haz lo mejor que puedas para crear una forma.{nl}¿Qué te parece? ¿Quieres probarlo?	온 신심과 정성을 다해서 모양만 잡아보면 되오.{nl}어때, 한 번 해 보겠소?				안타나스
QUEST_UNUSED_20151022_000968	Hazlo hermoso.{nl}I haré el resto así que no te preocupes demasiado.	어디 한 번 잘 예쁘게 만들어 보시오.{nl}마무리는 내가 할 테니 너무 걱정 말고.	QUEST_LV_0100_20151001_008360	You can make it here. 	이 옆에 만들면 되오.	안타나스
QUEST_UNUSED_20151022_000969	Tiene una forma bastante bonita, compuesta pero pesada.{nl}Déjame los toques finales a mí.{nl}	담담하니 묵직한 모양이 인상깊군.{nl}마무리는 내게 맡기시오.{nl}	QUEST_LV_0100_20151016_009616	Good job.{nl}I'm sure Giedra over there will also require your help.	수고했소.{nl}아마 저 위쪽에 기에르다도 당신의 도움이 필요 할 게요.	안타나스
QUEST_UNUSED_20151022_000970	No sé cuántas lápidas vamos a hacer..{nl}Pero, cuando vean este tipo de lápidas de ahora en adelante, recuerden que hay personas como nosotros.{nl}	우리가 얼마나 많은 비석을 만들게 될런진 모르겠지만.. {nl}앞으로 이런 비석을 보면 우리 같은 사람도 있을 거라고 기억해 주면 좋겠소.{nl}				안타나스
QUEST_UNUSED_20151022_000971	El reino aún no ha sido destruido por los demonios.{nl}Si hacemos nuestro mejor esfuerzo, podremos encontrar la paz.{nl}	왕국은 아직 마족에게 무너지지 않았소.{nl}정성을 다하면 언젠간 예전같은 평화를 찾을 수 있을 게요.{nl}				안타나스
QUEST_UNUSED_20151022_000972	Ah, allá arriba, necesitamos ayuda de Giedra cerca de Baderam Hill.{nl}Si estás bien, quiero que me ayudes.	참, 아마 저 위쪽, 바데람 언덕 근처의 기에드라도 도움이 필요하다오.{nl}괜찮다면 자네가 도와줬으면 좋겠군.				안타나스
QUEST_UNUSED_20151022_000973	¿Tienes algún negocio conmigo?{nl}	저에게 무슨 일이시지요?{nl}	QUEST_UNUSED_20151016_000779	Antanas told you to go?{nl}I'm Giedra, from Nestospa.{nl}If you already met Antanas, you probably know what we do by now, so I'll keep it short.	안타나스가 가 보라고 하셨다구요?{nl}저는 네스토스파의 기에드라라고 합니다.{nl}안타나스를 만나고 오셨으면 저희가 하는 일에 대한 이야기는 들으셨을 테니 길게 말 하지 않을게요.	기에드라
QUEST_UNUSED_20151022_000974	¿Antanas te ha pedido que me ayudes? {nl}Eso es bueno. Estoy recopilando las escrituras de las diosas aquí.{nl}	아, 안타나스 아저씨께서 도와주라 하셨다고요?{nl}정말 잘 됐네요. 저는 여기서 여신의 경전을 만들고 있어요.{nl}	QUEST_UNUSED_20151016_000780	{nl}I'm gathering materials to make scriptures of the goddesses.{nl}Regular paper gets yellow and falls apart too quickly... so I'm looking for a material that won't get wet or change color. {nl}Transparent monster shells are perfect for this, since they last a long time after they're carved.{nl}Will you gather some for me?	{nl}저는 여기서 여신의 경전을 만들기 위한 재료를 모으고 있어요.{nl}일반 종이들은 금방 누래지고 부스러져서.. 이번에는 잘 젖지도 않고 변색도 없는 재료를 구하고있죠.{nl}몬스터들의 투명한 껍질이 딱 좋아요. 잘 다듬어서 글을 새기면 오래 가죠.{nl}그것들을 좀 구해 주시겠어요?	기에드라
QUEST_UNUSED_20151022_000975	Deberíamos tener algo en lo que podamos confiar cuando enfrentamos dificultades como las actuales.{nl}	이렇게 힘들고 어려운 때일 수록 마음에 기댈 곳이 있어야 어떻게든 버티지 않겠어요?{nl}				기에드라
QUEST_UNUSED_20151022_000976	Las Escrituras ayudaron a eso.{nl}Deberíamos calmarnos leyendo las palabras de las diosas.{nl}	그걸 경전이 도와주는 거죠.{nl}여신의 말씀을 읽으면서 마음을 차분하게 하는 거예요.{nl}				기에드라
QUEST_UNUSED_20151022_000977	Primero debemos recolectar los materiales para compilar las Escrituras.{nl}Las hojas normales se vuelven amarillas y se rompen. Estamos tratando de compilarlas con nuevos materiales ahora.{nl}	일단 경전을 만들기 위한 재료를 모아야 해요.{nl}일반 종이들은 금방 누래지고 부스러져서.. 이번에는 새로운 재료로 해보려고요.{nl}				기에드라
QUEST_UNUSED_20151022_000978	Los caparazones transparentes de los monstruos son buenos.{nl}Cuando les grabamos letras, duran mucho.{nl}¿Podrías conseguirme esos?{nl}{nl}	몬스터들의 투명한 껍질이 딱 좋아요. {nl}잘 다듬어서 글을 새기면 오래 가죠.{nl}그것들을 좀 구해 주시겠어요?{nl}{nl}				기에드라
QUEST_UNUSED_20151022_000979	Son fáciles de encontrar.{nl}Bien, entonces cuento contigo.	흔한 재료라서 구하기는 쉬워요.{nl}그럼 잘 부탁드립니다.	QUEST_LV_0100_20151001_008365	It's a pretty common material so it will be easily to collect. 	흔한 재료라서 구하기는 쉬워요.	기에드라
QUEST_UNUSED_20151022_000980	Todo el mundo necesita algo en lo que confiar.{nl}Pero las diosas... {nl}	누구나 마음에 기댈 곳은 필요해요.{nl}하지만 여신께서는.. {nl}				기에드라
QUEST_UNUSED_20151022_000981	Sí.{nl}Deberíamos ser como un gran árbol en el que se pueda confiar.	그렇죠. {nl}저희가 기댈 수 있는 큰 나무가 되어 드려야 할 텐데요.				기에드라
QUEST_UNUSED_20151022_000982	Los trajiste antes de lo que esperaba. {nl} Este caparazón se convertiría en la escritura después de pulirlo. Gracias.{nl}	생각보다 빨리 가져오셨네요.{nl}이 껍질은 잘 다듬어서 경전이 될 거예요. 감사합니다.{nl}	QUEST_UNUSED_20151016_000781	You're back faster than I thought.{nl}I'll use these shells to make the scriptures.{nl}Thank you.	생각보다 빨리 가져오셨네요.{nl}이 껍질은 이제 잘 다듬어서 경전이 될 거예요.{nl}감사합니다.	기에드라
QUEST_UNUSED_20151022_000983	Para hacer la escritura las hojas son importantes, pero también lo es la encuadernación.{nl}Especialmente, las cuerdas. No servirá de nada si la Escritura se desata.{nl}	경전을 만드려면 종이도 중요하지만 제본 작업도 중요해요.{nl}특히 끈이 중요하죠. 기껏 만든 경전이 다 풀어지면 무슨 소용이겠어요?{nl}	QUEST_LV_0100_20151016_009617	Bookbinding is also an important part of making a scripture.{nl}You have to bind them with sturdy string.{nl}String made from monster leather is ideal, but they are too short.{nl}I'll give you an anvil so would you mind creating Bookbinding String from the leather straps?	경전을 만들려면 종이도 중요하지만 제본 작업도 중요해요.{nl}잘 끊어지지 않는 끈으로 잘 묶어 줘야 돼요.{nl}몬스터의 가죽으로 만든 끈이 좋기는 한데, 짤막짤막해서 문제예요.{nl}제가 모루를 드릴 테니 가죽끈으로 제본용 끈을 만들어다 주시겠어요?	기에드라
QUEST_UNUSED_20151022_000984	La cuerda que está hecha de cuero de monstruo es la mejor, pero el problema es que es corta.{nl}Te daré un Moru entonces ¿puedes hacer una cuerda de cuero para la encuadernación?{nl}	몬스터의 가죽으로 만든 끈이 참 좋은데, 짧은 게 문제예요.{nl}제가 무두질용 모루를 드릴 테니 가죽 끈으로 제본용 끈을 만들어 주시겠어요?{nl}				기에드라
QUEST_UNUSED_20151022_000985	Primero debemos obtener cuerdas de cuero de los monstruos.{nl}Después de eso, usaremos este Moru para hacer una cuerda para la atadura.{nl}	일단 몬스터에게서 가죽 끈을 구해야겠죠.{nl}그 다음에 이 모루를 사용해서 제본용 질긴 끈 뭉치로 만드는 거예요.{nl}	QUEST_LV_0100_20151016_009618	Listen up. First gather leather straps from monsters, then use this anvil to craft Lump of Sturdy Strings for Bookbinding with them.{nl}Connect the short pieces into a longer string for bookbinding.	잘 들으세요. 일단 몬스터에게서 가죽끈을 구한 다음에, 이 모루를 사용해서 가죽끈을 제본용 질긴 끈 뭉치로 만드는 거예요.{nl}짤막한 것들을 한 데 이어서 긴 제본용 끈을 만들어서 뭉쳐 주는 거죠.	기에드라
QUEST_UNUSED_20151022_000986	Conectaremos unos cortos para hacer un hilo largo para la encuadernación.	짤막한 것들을 한데 이어서 긴 제본용 끈으로 뭉치는 거죠.				기에드라
QUEST_UNUSED_20151022_000987	Aprendí la vinculación de Orsha hace mucho tiempo. {nl}Pero la tarea depende demasiado de mi propio poder.	제본은 예전에 오르샤에서 배웠죠.{nl}하지만 제 힘으론 그 작업은 무리더라고요.	QUEST_LV_0100_20151001_008370	Return to me when you are done making the string. 	뭉치가 완성되면 돌아오세요.	기에드라
QUEST_UNUSED_20151022_000988	¡Ah! ¿Qué tengo que hacer? ¿Qué debo hacer? {nl} Sin él, no sabré si soy Nestos o Anastos. {nl}	아! 어떡하지? 어떡해야해..{nl}그게 없으면 내가 네스토스인지 아나스토스인지 어디 누구의 시정잡배인지 누가 어떻게 알아.{nl}	QUEST_UNUSED_20151016_000782	Oh, my sign... Without it there's no telling if I'm Nestospa or Anastospa...{nl}I lost everything... The monsters took everything...{nl}I'm done...{nl}I was going to Fasika Plateau after my pilgrimage but...	아 내 표식.. 그게 없으면 내가 네스토스인지 아나스토스인지 모르는데..{nl}다 잃어버렸어.. 몬스터들이 가져가 버렸어..{nl}난 끝났어..{nl}순례를 끝내고 파사카 협곡으로 가려고 했는데..	케스타스
QUEST_UNUSED_20151022_000989	Ya terminé. hecho.{nl}Ya que el peregrino terminó, estoy tratando de ir al Cañón de Pasaka, pero lo he hecho de nuevo.{nl}Ahah.. No quiero hacer esto..	난 망했어. 망했다고.{nl}순례가 끝났으니 파사카 협곡으로 가려고 했는데 또 저질러 버렸어.{nl}아아.. 다 때려치고 싶다..				케스타스
QUEST_UNUSED_20151022_000990	¿Sí? Ah, no sabía que estabas allí. Lo siento.{nl}Ahora lo siento. Ah... demasiado desesperada.{nl}	네? 아, 거기 계신줄도 몰랐어요. 죄송해요.{nl}제가 지금. 아.. 정말 절망적이거든요.{nl}	QUEST_UNUSED_20151016_000783	Oooohh!{nl}Please help me!{nl}My Nestospa sign is gone!	오오오오!{nl}제발 저를 도와 주세요!{nl}네스토스의 표식이 없어졌어요!	케스타스
QUEST_UNUSED_20151022_000991	Mi equipaje ya no está.{nl}De hecho, lo que hay dentro son bolas de masa de papa, libros, etc., pero el letrero de Nestos.{nl}	제 짐이 사라졌어요.{nl}사실 안에 든 건 감자만두랑, 책이랑 뭐 별건 아닌데, 네스토스 표식말이에요.{nl}	QUEST_UNUSED_20151016_000784	{nl}It's gone, gone, gone!{nl}Please help me find it!{nl}The monsters must have taken it!	{nl}그게 없어요 없어요 없어!{nl}찾아다 주세요!{nl}몬스터가 가져 간 게 분명해요!	케스타스
QUEST_UNUSED_20151022_000992	Ah... de verdad. El signo de Nestos es el más importante.{nl}Eso es muy importante para mí... Estoy seguro de que los monstruos se lo han llevado.	아.. 그래요. 네스토스 표식이 제일 중요하단 말예요.{nl}제가 그걸 얼마나 아꼈는데.. 분명 몬스터가 가져갔겠죠?				케스타스
QUEST_UNUSED_20151022_000993	¿Qué debo hacer? {nl} ¿Cómo vería las caras de Nestospa?	어쩌지..{nl}네스토스파 선생님들 얼굴을 무슨 낯으로 본담..	QUEST_UNUSED_20151016_000785	How could this happen...{nl}I'm  done... How am I going to face my Nestospa mentors...	어쩌지 어째..{nl}난 끝났어.. 네스토스파 선생님들 얼굴을 어떻게 봐..	케스타스
QUEST_UNUSED_20151022_000994	¡Eso es todo! {nl} ¡Guau, los has recopilado todos! {nl}	그거예요!{nl}와, 다 모아 주셨군요!{nl}	QUEST_UNUSED_20151016_000786	That's it!{nl}Wow, you found them all!{nl}Thank you!{nl}How can I ever repay you...	그거예요! 와 다 모으셨군요!{nl}감사합니다!{nl}이 은혜를 어찌 해야 할 지..	케스타스
QUEST_UNUSED_20151022_000995	¿Cómo puedo pagar esto?{nl}	이 은혜를 어떻게 갚죠?{nl}	QUEST_LV_0100_20151001_008378	{nl}That's it! Wow, you got them all! {nl}Thank you!{nl}How can I thank you enough...	{nl}그거예요! 와 다 모으셨군요!{nl}감사합니다!{nl}이 은혜를 어찌 해야 할 지..	케스타스
QUEST_UNUSED_20151022_000996	Estaba diciendo tonterías, ¿verdad? {nl}Lo siento mucho. Estaba demasiado desesperada y quería renunciar a todo.{nl}	아깐 제가 너무 횡설수설했었죠.{nl}정말 미안해요. 진짜 다 그만두고 싶을 만큼 절망적이였거든요.{nl}	QUEST_LV_0100_20151016_009620	Everything is in order now! Now I'll go to Fasika Plateau!{nl}Hahahahahahahahaha!!	아아 이제 됐어! 이제 파사카 협곡으로 가야지!{nl}하하하!!	케스타스
QUEST_UNUSED_20151022_000997	Este signo es como un objeto sagrado para nosotros.{nl}Este es el símbolo de que adquirimos muchos conocimientos diversos y pasamos muchas pruebas.{nl}	이 표식은 저희에겐 성물과도 같은 거에요.{nl}수 많은 지식을 쌓고 시련을 통과했다는 인정을 받았다는 증표거든요.{nl}				케스타스
QUEST_UNUSED_20151022_000998	Deberíamos regresar.{nl}No lo perderemos otra vez ¿verdad?{nl}	이젠 가봐야겠어요.{nl}설마 또 잃어버리진 않겠죠.{nl}				케스타스
QUEST_UNUSED_20151022_000999	Ah...{nl}Antanas y Giedra los mantienen bien, pero no entiendo por qué los pierdo tan a menudo.{nl}Creo que poseo algún poder secreto que atrae monstruos...{nl}	아, 정말이지..{nl}안타나스 아저씨나 기에드라는 잘 간수하고 있던데, 왜 저는 이렇게 잘 잃어버릴까요.{nl}뭔가 몬스터를 끌어당기는 힘이라도 있는 걸까..{nl}	QUEST_LV_0100_20151016_009621	Oh come on...{nl}The Nestos sign was created after the falling out with the Anastos.{nl}	아 정말이지..{nl}사실 네스토스파의 표식은 아나스토스파와 갈리기 시작하면서 만들어진 거예요.{nl}	케스타스
QUEST_UNUSED_20151022_001000	De todos modos, ¡iré al Cañón de Pasaka ahora donde están presentes los maestros! {nl} ¡Muchas gracias!	어쨌든 이젠 선생님들이 계신 파사카 협곡으로 갈래요!{nl}정말 감사했습니다!	QUEST_LV_0100_20151016_009622	{nl}Antanas and Giedra here seem to be holding it, but why do I keep losing it so often...{nl}Anyways, I want to go on a pilgrimage to Fasika Plateau where there are more Nestos now!{nl}Thank you!	{nl}이 곳의 안타나스나 기에드라는 멀쩡하게 잘 들고 있던데, 왜 저는 이렇게 잘 잃어버릴까요..{nl}어쨌든 이제 네스토스파가 더 많이 모여있는 파사카 협곡으로 순례 갈래요!{nl}감사했습니다!	케스타스
QUEST_UNUSED_20151022_001001	Para recolectar el poder sagrado, debemos poseer algunas herramientas necesarias.{nl}Como puedes ver, no soy un sacerdote que haya estado entrenando durante mucho tiempo.{nl}	성스러운 힘을 모으려면 그 만한 장비가 따라줘야 한다오.{nl}보다시피 난 오랜 수행을 쌓은 성직자는 아니니 말이오.{nl}	QUEST_LV_0200_20151016_009683	However...{nl}We can't set up a tombstone with only these ingredients.{nl}I've ordered some necessary tools from the Blacksmith and the Equipment Merchant in Orsha.	그런데..{nl}이 재료들만 가지고는 당연히 비석을 세울 수 없소.{nl}내가 오르샤의 대장장이와 장비상인에게 도구들을 주문해 두었소.	안타나스
QUEST_UNUSED_20151022_001002	He pedido un martillo y un cincel especiales. {nl}Dado que llegó la fecha de vencimiento, ¿puedes conseguirlos?	내가 오르샤의 대장장이에게 특별한 망치와 정을 주문해 두었소.{nl}약속 날짜가 다 되었으니 그걸 좀 찾아와 줄 수 있겠소?	QUEST_LV_0200_20151016_009684	{nl}Please get it for me.	{nl}그걸 좀 찾아오시오.	안타나스
QUEST_UNUSED_20151022_001003	Las herramientas normales no funcionarán. {nl} Si funcionan, no habría pedido tu ayuda.	보통 도구론 절대 안 되오.{nl}그게 되었으면 자네 도움을 빌릴 필요는 없었겠지.	QUEST_LV_0200_20151001_009189	Be careful on your journey.	먼 길 조심하시오.	안타나스
QUEST_UNUSED_20151022_001004	¿Te envió Antanas? {nl}Sus órdenes son demasiado difíciles..{nl}	안타나스씨가 보내서 온 건가?{nl}어휴, 그 아저씨 어찌나 주문이 까다로운지..{nl}	QUEST_LV_0200_20151016_009685	So Antanas sent you.{nl}Here's the hammer.	안타나스가 보내서 오신 분이군요.{nl}여기 주문해 두신 망치가 있습니다.	대장장이
QUEST_UNUSED_20151022_001005	Otros herreros tendrían problemas para cumplir sus órdenes. {nl}Aquí está el martillo. ¿Vas a grabar el hechizo sagrado en él?	나니까 그 주문을 받은 거야.{nl}자. 여기 망치. 신성한 주문을 새길 건가 보지?	QUEST_LV_0200_20151001_009191	{nl}Hmm...	{nl}흠..	대장장이
QUEST_UNUSED_20151022_001006	¿Cincel?{nl}No vendo cinceles, así que le pedí a otra persona que lo preparara.{nl}	정?{nl}아아. 그건 그 아저씨 주문에 도저히 맞출 수가 없는 부분이 있어서 따로 맡겼어.{nl}	QUEST_LV_0100_20151016_009623	Pill?{nl}You should be able to get that from the equipment merchant.	정?{nl}그건 장비상인에게 있을 겁니다.	대장장이
QUEST_UNUSED_20151022_001007	Ve a conocer a Jura.{nl}Ella trabaja en la tienda de equipos.	율라를 찾아가 봐.{nl}그 아이는 장비 상점에서 일하고 있어.				대장장이
QUEST_UNUSED_20151022_001008	Nos vemos luego.{nl}Vas a reparar tu equipo aquí de ahora en adelante, ¿verdad?	나중에 또 봐.{nl}앞으로 수리는 꼭 여기서 하실거죠, 손님?	QUEST_LV_0100_20151016_009624	Take care on the long road ahead.	먼 길 조심하세요.	대장장이
QUEST_UNUSED_20151022_001009	¡Bienvenido!{nl}¡La mejor tienda de equipos en Orsha!{nl}	어서 오세요! {nl}오르샤 제일의 장비 상점입니다!{nl}	QUEST_LV_0100_20151016_009625	Yes. I've prepared the pill you've requested.{nl}Farewell.	네. 주문해 두셨던 정은 준비해 두었습니다.{nl}그럼 안녕히 가세요.	장비 상인 율라
QUEST_UNUSED_20151022_001010	Cincel?{nl}¿Estás hablando del cincel que te ha regalado Ilanai?{nl}	정이요?{nl}아, 일라나이 언니가 맡긴 것 말씀이신가요?{nl}	QUEST_LV_0100_20151001_008386	{nl}Well, I just bought some old chisels from other Revelators... {nl}If you need, you can take one of it. 	{nl}마침 내구도가 다 떨어져서 다른 계시자들이 팔고 간 낡은 정들이 있으니..{nl}이거라도 한 개 가져가면 될 거예요.	장비상인
QUEST_UNUSED_20151022_001011	Bien. Recíbelo.{nl}Supongo que tu creencia religiosa en las diosas es fuerte.	자, 받으세요.{nl}이런 걸 주문하신 걸 보면 여신의 신앙이 돈독하신 모양이시네요.				장비 상인 율라
QUEST_UNUSED_20151022_001012	Jura tiene el cincel.{nl}Ella trabaja en la tienda de equipos.	정은 내가 아니라 율라에게 맡겨 두었다구.{nl}장비 상점에서 점원으로 일하고 있어.	QUEST_LV_0100_20151016_009626	Have you retrieved the pill?	정은 구하셨어요?	대장장이
QUEST_UNUSED_20151022_001013	Oh, lo has hecho bien según el pedido. {nl}Ahora supongo que puedo ponerme a trabajar.	오, 주문대로 정말 잘 만들어 왔구먼.{nl}이제 일을 시작할 수 있겠어.	QUEST_LV_0100_20151001_008388	Oh, you got them all. 	오, 모두 구해왔구먼.	안타나스
QUEST_UNUSED_20151022_001014	¿Todavía tienes cosas que pedir? {nl} Puedes simplemente echar un vistazo, así que visita aquí con frecuencia.	앗, 또 주문하실 것이 있으신가요?{nl}구경만 하셔도 좋으니까 자주 찾아 주세요.				장비 상인 율라
QUEST_UNUSED_20151022_001015	¿Has encontrado el cincel? {nl}I agradezco pedidos como este, así que sigue visitando nuestra tienda.	정은 찾은 거야?{nl}앞으로도 이런 주문은 환영하니까 잘 부탁해.	QUEST_LV_0100_20151016_009627	Now go.	어서 가 보시오.	대장장이
QUEST_UNUSED_20151022_001016	¿Qué opinas?{nl}¿Por qué no nos ayudas si crees que eliminar demonios es importante incluso si nuestros objetivos son diferentes entre sí?	당신은 어떻게 생각하세요?{nl}뜻은 달라도 마족을 뿌리뽑는 게 중요하다 생각하시면 저희를 도와주시는 건 어떠신지요.				알비나스
QUEST_UNUSED_20151022_001017	En primer lugar, hay muchas lápidas contaminadas. {nl} Las romperé, así que quiero que rompas la lápida contaminada en Usas Hill. {nl}	우선 오염된 비석은 한 두개가 아니에요.{nl}저는 이걸 부숴버릴 테니, 당신은 우사스 언덕에 있는 오염된 비석을 파괴해 주세요.{nl}	QUEST_LV_0100_20151016_009637	There are more than a few defiled tombstones.{nl}I shall destroy this one, so you go and destroy the tombstones over there.{nl}	우선 오염된 비석은 한 두개가 아니에요.{nl}저는 이걸 부숴버릴 테니, 당신은 저쪽의 오염된 비석을 파괴해 주세요.{nl}	알비나스
QUEST_UNUSED_20151022_001018	Creo que esa lápida también está brotando energías rojas. {nl} Como la lápida de al lado. Esa es la prueba de la contaminación.	아마 그 비석도 붉은 기운을 뿜어 내고 있을 겁니다.{nl}옆에 있는 비석처럼요. 오염의 증거이지요.	QUEST_LV_0100_20151016_009638	That tombstone over there should also be glowing red.{nl}Just like the tombstone next to you. It's evidence that it has been defiled.	아마 저 쪽의 비석도 붉은 기운을 뿜어 내고 있을 겁니다.{nl}옆의 비석처럼요. 오염의 증거이지요.	알비나스
QUEST_UNUSED_20151022_001019	No puedo entender.{nl}Albinas? ¿Eres miembro de los Anastos?{nl}¿Eso no tiene sentido?{nl}	기도 안 차는구먼.{nl}알비나스? 아나스토스 파의 일원이라고? {nl}그럴리가 없는데?{nl}	QUEST_LV_0100_20151016_009644	I am at a loss for words.{nl}Albinas? A member of the Anastos? It can't be!{nl}	기도 안 차는구먼.{nl}알비나스? 아나스토스 파의 일원이라고? 그럴리가 없는데?{nl}	다미요나스
QUEST_UNUSED_20151022_001020	¡De ninguna manera, tráelo aquí de inmediato! {nl}¡Tendré que saber de él yo mismo!{nl}	내가 아나스토스파의 모든 사람을 아는 건 아니지만..{nl}같은 교단 사람인지라 그들과는 원래 잘 아는 사이란 말이오.{nl}	QUEST_LV_0100_20151016_009645	Bring him to me! {nl}I must see for myself!	그 사람을 데려오시오! {nl}당장 확인 해 봐야겠소!	다미요나스
QUEST_UNUSED_20151022_001021	¡De ninguna manera, tráelo aquí de inmediato! {nl}¡Tendré que saber de él yo mismo!	안되겠어, 당장 그 사람을 데려오시오! {nl}내 직접 확인해야겠어!				다미요나스
QUEST_UNUSED_20151022_001022	Cuando tengas suficientes piedras, ve a ver a Eduinas al campamento Nestospa.{nl}Él las usará para hacer piedras para la construcción.{nl}	적당한 석재를 구해서 네스토스파의 캠프에 있는 에뒤나스에게 찾아가시오.{nl}그가 복구용 석재로 다듬어 줄 거요.{nl}	QUEST_LV_0100_20151016_009648	Obtain some suitable stone blocks and go find Eduinas at the Nestos Camp over there.{nl}	적당한 석재를 구해서 저 쪽 네스토스 캠프에 있는 에뒤나스에게 찾아가시오.{nl}	다미요나스
QUEST_UNUSED_20151022_001023	Sin embargo, Eduinas no estará feliz si descubre que tú hiciste esta lápida. {nl} Solo tenlo en cuenta si quieres asumir la responsabilidad.	하지만 당신이 비석을 이렇게 만들었다는 걸 알면 에뒤나스가 길길이 날뛰겠지.{nl}책임을 지려면 그 정도는 감수해야 할 게요.	QUEST_LV_0100_20151016_009649	Eduinas will not be happy if he knows that you've done this to the tombstone.{nl}Get ready to take responsibility for that at the very least.	당신이 비석을 이렇게 만들었다는 걸 알면 에뒤나스가 길길이 날뛰겠지.{nl}책임을 지려면 그 정도는 감수하시오.	다미요나스
QUEST_UNUSED_20151022_001024	Mientras estoy puliendo los materiales, no quiero ver tu cara. {nl} ¿Qué tal si derrotas a los monstruos que ensucian este lugar?	자재를 다듬을 동안만이라도 당신 얼굴은 보고싶지 않네요.{nl}이 주변을 어지럽히는 몬스터나 정리해 주시던가요.	QUEST_LV_0100_20151016_009654	I don't want to see you while I get the materials ready.{nl}Go and clear the area of monsters or something.	자재를 다듬을 동안 당신 얼굴은 보고싶지 않네요.{nl}이 주변을 어지럽히는 몬스터나 정리해 주시던가요.	에뒤나스
QUEST_UNUSED_20151022_001025	Ya que está todo hecho, vuelve a Damijonas con esto.{nl}No lo vuelvas a hacer nunca más.	다 됐으니 이걸 가지고 다미요나스에게 돌아가 보세요.{nl}이젠 다시는, 절대로 그러지 마세요.	QUEST_LV_0100_20151016_009656	All done. {nl}Now, don't do that ever again.	다 됐네요. {nl}이젠 다시는, 절대로 그러지 마세요.	에뒤나스
QUEST_UNUSED_20151022_001026	Lo tienes. Ahora comenzaré la recuperación. {nl}Es una suerte que el daño no haya sido grave.	구해 왔군. 이제 복구를 시작하겠소.{nl}파손 정도가 심하지 않아서 이 정도로 끝난 게 다행이군.	QUEST_LV_0100_20151016_009657	You've gathered the neccessary items. Let's see if we can repair it.{nl}It's lucky that it wasn't damaged too badly.	구해 왔군. 이제 수리해 보세나.{nl}파손 정도가 심하지 않아서 이 정도로 끝난 게 다행이군.	다미요나스
QUEST_UNUSED_20151022_001027	Nosotros y Anastospa tenemos opiniones diferentes, pero no somos hostiles entre nosotros. {nl} Desde que salió el nombre desconocido, es evidente que lo sospechamos. {nl}	우리와 아나스토스파와는 그저 의견이 좀 다를 뿐이지 서로를 적대시하던가 하는 일은 없소.{nl}그런데 알지도 못하는 이름이 튀어나오니 의심하는 것이 당연하지 않겠소?{nl}	QUEST_LV_0100_20151016_009658	We've never had any trouble with Anastos, just some different opinions.{nl}We have to be suspicious since we've heard a name that we know nothing about.{nl}	우리와 아나스토스파와는 그저 의견이 좀 다를 뿐이지 서로를 적대시하던가 하는 일은 없네.{nl}그런데 알지도 못하는 이름이 튀어나오니 의심하는 것이 당연하지 않겠나.{nl}	다미요나스
QUEST_UNUSED_20151022_001028	E incluso rompiste la lápida.{nl}De todos modos, ya que has cumplido con tu responsabilidad, te perdonaré.{nl}	게다가 힘들게 세운 비석을 부숴버렸으니 말이오.{nl}어쨌든 책임을 졌으니 일단 이 정도로 용서하겠소.{nl}	QUEST_LV_0100_20151016_009659	Especially since they've destroyed the tombstone that we've barely managed to craft.{nl}We'll forgive them since they've taken responsibility.{nl}	게다가 힘들게 세운 비석을 부숴버렸으니 말일세.{nl}어쨌든 책임을 졌으니 일단 이 정도로 용서하지.{nl}	다미요나스
QUEST_UNUSED_20151022_001029	¿No crees que es injusto dejarlo pasar? {nl}Dado que hay un campamento de Anastospa allí arriba, ve allí y pregunta.{nl}Es realmente extraño.	자네도 이대로 넘어가기엔 억울하지 않소?{nl}저 위에 아나스토스파의 캠프가 있었으니 한 번 가서 물어나 보시오.{nl}정말 이상해..	QUEST_LV_0100_20151016_009661	Aren't you dejected to go like this?{nl}Anastos has their camp up there so why don't you go ask them.This is strange...	자네도 이대로 넘어가기엔 억울하지 않겠나.{nl}저 위에 아나스토스파의 캠프가 있었으니 한 번 가서 물어나 보게.{nl}정말 이상해..	다미요나스
QUEST_UNUSED_20151022_001030	Sí, soy Anastos... sí, así es.{nl}¿Qué te trajo aquí?{nl}	예, 제가 아나스토스의.. 맞습니다.{nl}뭘 물어보러 오셨다고요?{nl}	QUEST_LV_0100_20151016_009662	Yes, of Anastos... that is correct.{nl}You've come here to ask about something?{nl}Oh dear, I am quite flustered at the moment so it's a bit difficult to answer anything..{nl}	예, 제가 아나스토스의.. 맞습니다.{nl}뭘 물어보러 오셨다고요?{nl}아이고, 지금 제가 정신이 없어서 뭐든 물어보셔도 답해 드리기가 좀..{nl}	게다스
QUEST_UNUSED_20151022_001031	Lo siento, no puedo responder a sus preguntas en este momento porque estoy demasiado ocupado en este momento... {nl} Si puede encontrar mis documentos de investigación, es posible que tenga algo de tiempo libre...	아이고, 지금 제가 정신이 없어서 뭐든 물어보셔도 답해 드리기가 좀..{nl}제 연구 자료를 되찾아 주시면 여유가 생길지도..	QUEST_LV_0100_20151016_009663	We might get a break if you can manage to retrieve the research materials that I'm looking for.	제가 찾고 있는 연구 자료를 되찾아 주시면 여유가 생길지도 모르겠습니다.	게다스
QUEST_UNUSED_20151022_001032	En lugar de devoción ciega, una vida eliminando demonios y preparándose para el caos... {nl}Me refiero a ese tipo de cosas.{nl}	여신만을 향한 맹목적인 신앙 보다는 마족 퇴치, 재앙에 대비하는 삶.. {nl}그런 것들 위주로 말이에요.{nl}	QUEST_LV_0100_20151016_009674	Focusing on defeating demons and preparing for calamities.. {nl}More than simply devout faith in the goddesses.{nl}	여신만을 향한 맹목적인 신앙 보다는 마족 퇴치, 재앙에 대비하는 삶.. {nl}그런 것들 위주로 나야가야 한다고 말입니다.{nl}	게다스
QUEST_UNUSED_20151022_001033	Esto es realmente extraño. {nl}Debería enviar a uno de mis colegas para que lo descubra.	이건 확실히 이상해요. {nl}동료를 보내서 알아 볼 필요가 있겠어요.	QUEST_LV_0100_20151016_009675	This is definitely strange. {nl}We'll need to send someone to investigate.{nl}	확실히 이상해요. {nl}이건 사람을 보내서 알아 볼 필요가 있겠어요.{nl}	게다스
QUEST_UNUSED_20151022_001034	Ah, por cierto, estoy pensando en darle una bengala para que se prepare ante cualquier peligro, pero{nl}No hay bengalas adecuadas.{nl}	아 그런데, 혹시 모를 위험에 대비해서 신호탄을 들려 보낼 건데요.{nl}적당한 게 없네요.{nl}	QUEST_LV_0100_20151016_009677	Get me some flamable powder.{nl}It won't be too difficult to find since there are always more than enough monsters.	불에 잘 타는 가루를 구해 주세요.{nl}몬스터들은 언제나 들끓으니까, 재료를 구하는 것은 어렵지 않을 거예요.	게다스
QUEST_UNUSED_20151022_001035	¿Puedes conseguirnos los polvos que arden bien en el fuego? {nl}Hay tantos monstruos alrededor que no será difícil conseguir los materiales.	불에 잘 타는 가루를 구해 주실 수 있을까요?{nl}몬스터들은 언제나 들끓으니까, 재료를 구하는 것은 어렵지 않을 거예요.				게다스
QUEST_UNUSED_20151022_001036	Esperemos los resultados de la investigación. {nl}Es un muchacho competente, así que lo descubrirá pronto.	이제 조사 결과를 기다려보죠.{nl}유능한 친구이니 금방 알아올 거예요.	QUEST_LV_0100_20151016_009679	Now we'll have to wait for the results.{nl}He's a capable person, so it won't take too long.	이제 조사 결과를 기다려야겠습니다.{nl}유능한 친구이니 금방 알아올 거예요.	게다스
QUEST_UNUSED_20151022_001037	Ya que no podemos quedarnos quietos, ¿qué tal si lo descubrimos nosotros mismos también?{nl}	그 동안 가만히 있기 뭐하니 우리도 따로 알아보도록 할까요?{nl}	QUEST_LV_0100_20151016_009680	How about doing some investigation ourselves in the meanwhile.{nl}	그 동안 가만히 있기 뭐하니 우리도 따로 알아보지요.{nl}	게다스
QUEST_UNUSED_20151022_001038	Bien. Es posible que Barte haya visto algo.{nl}Recientemente se unió a nuestro campamento.{nl}	그렇지. 바르테라면 뭔가 본 게 있을 지도 몰라요.{nl}우리 캠프에 합류한 지 얼마 안되었거든요.{nl}	QUEST_LV_0100_20151016_009681	Of course. Barte might know something.{nl}He hasn't been here too long and he's quite the knowledgeable chap.{nl}	그렇지. 바르테라면 뭔가 알고 있을지도 몰라요.{nl}우리 캠프에 합류한 지 얼마 안 된데다가 무척 박식한 청년이거든요.{nl}	게다스
QUEST_UNUSED_20151022_001039	¿Qué tal si le preguntas sobre Albinas?{nl}	그녀에게 알비나스라는 사람에 대해 물어보고 오시면 어떨까요?{nl}	QUEST_LV_0100_20151016_009682	How about asking him about the person called Albinas?{nl}	그에게 알비나스라는 사람에 대해 물어보면 어떨까요?{nl}	게다스
QUEST_UNUSED_20151022_001040	¿Albinas?{nl}Vi a alguien que coincide con tu descripción cerca de Majiva Grave Field.{nl}	알비나스요?{nl}음.. 당신이 말한 인상착의와 비슷한 사람을 마지바 묘지에서 보긴 했어요.{nl}	QUEST_LV_0100_20151016_009685	Albinas?{nl}Umm.. I did see a person that looks similar to what you've described.{nl}	알비나스요?{nl}음.. 당신이 말한 인상착의와 비슷한 사람을 보긴 했어요.{nl}	바르테
QUEST_UNUSED_20151022_001041	Cuando regreses a Majiva Grave Field, es posible que ese cuero todavía esté allí. {nl}I... incluso si las diosas me dicen que vaya, no puedo porque tengo demasiado miedo.	마지바 묘지에 다시 가면 그 가죽이 남아 있을지도 몰라요.{nl}전.. 여신께서 가라 하셔도 무서워서 도저히 못가겠네요.				바르테
QUEST_UNUSED_20151022_001042	¿Cuál es el problema?{nl}No puedo imaginar a nadie que usaría ese patrón excepto el sirviente de Baiga.{nl}	도대체 이게 무슨 일이죠?{nl}저런 문양을 쓰는 건 바이가의 하수인 말곤 생각할 수 없어요.{nl}	QUEST_LV_0100_20151016_009696	What on earth could be happening.{nl}No one else uses such insignia unless they work for Baiga.{nl}	도대체 이게 무슨 일일까요.{nl}저런 문양을 쓰는 건 바이가의 하수인 말곤 생각할 수 없어요.{nl}	바르테
QUEST_UNUSED_20151022_001043	Será mejor que le hagamos saber esto a otras personas rápidamente.{nl}¡Le avisas a Gedas!{nl}	이건 빨리 사람들에게 알려야 할 것 같아요.{nl}당신은 게다스에게 알려주세요!{nl}	QUEST_LV_0100_20151016_009697	We have to alert the others about this!{nl}You go tell Gedas!{nl}	이건 사람들에게 알려야 될 것 같아요!{nl}당신은 게다스에게 알려주세요!{nl}	바르테
QUEST_UNUSED_20151022_001044	¡Por favor, salva a Fabijus! {nl} ¡Ah, antes de eso, será mejor que volvamos a Nestospa! {nl}	제발, 파비유스를 구해 주세요!{nl}아, 그 전에 네스토스파에게 들르는 게 좋겠어요!{nl}	QUEST_LV_0100_20151016_009701	We must let everyone know!{nl}Please, notify Gedas!{nl}	서둘러서 파비유스에게 가 주세요!{nl}아, 그 전에 네스토스파에게 들르는 게 좋겠어요!{nl}	게다스
QUEST_UNUSED_20151022_001045	Esta agua bendita, por favor tómala.{nl}Tendrás al menos una oportunidad de usarla con los demonios.{nl}	여기 성수, 이걸 가져가세요.{nl}한 번 정도는 마족에게 크게 본때를 보일 수 있을 겁니다.	QUEST_LV_0100_20151016_009704	It's dangerous to go alone, take this Holy Water.{nl}It can do one hell of damage.	여기 성수, 이걸 가져가세요.{nl}한 번 정도는 크게 한 방을 먹일 수 있을 겁니다.	에뒤나스
QUEST_UNUSED_20151022_001046	Así que estabas a salvo.{nl}He oído hablar de Albinas por Fabijus.{nl}	무사하셨군요.{nl}알비나스라는 사람, 아니 그 마족의 정체는 파비유스에게 들었습니다.{nl}	QUEST_LV_0100_20151016_009705	Thank goodness, you are safe.{nl}Fabijus told me about who Albinas really was.{nl}	무사하셨군요.{nl}알비나스라는 사람, 아니 마족의 정체는 파비유스에게 다 들었습니다.{nl}	게다스
QUEST_UNUSED_20151022_001047	¿Crees que eso tiene sentido? {nl} ¿Rompiste la lápida que funcionaba bien y estás diciendo que no hay ninguna lápida? {nl}	그걸 지금 말이라고 하는 게요?{nl}멀쩡한 비석을 맘대로 부수고 이제와서 뭐? 없다고?{nl}	QUEST_LV_0100_20151016_009707	Are you hearing yourself right now?{nl}You have a lot of nerve coming back after breaking the stele.{nl}	그걸 지금 말이라고 하는 게요?{nl}멀쩡한 비석을 맘대로 부수고 이제와서 뭐?{nl}	다미요나스
QUEST_UNUSED_20151022_001048	¿Qué quieres que te diga? {nl}Me duele la cabeza debido a la lápida, así que no me hables.	뭘 더 말하라는 게요?{nl}비석 때문에 머리가 아프니 더 이상 말 걸지 마시오.	QUEST_LV_0100_20151016_009711	What do you want now?{nl}I am too busy figuring out how to restore the stele. Leave me alone.	뭘 더 말하라는 게요?{nl}비석 복구할 궁리 중이니 더 말 걸지 마시오.	다미요나스
QUEST_UNUSED_20151022_001049	Es una suerte que el agua divina que te di haya sido de ayuda.{nl}Se me pone la piel de gallina al pensar que los demonios están dentro de los humanos y los alienan.{nl}	아, 제가 드린 성수가 도움이 되었다니 정말 다행이에요.{nl}이젠 하다하다 마족이 사람 틈에 섞여서 이간질까지 하다니 정말 소름돋아요.{nl}	QUEST_LV_0100_20151016_009715	I'm glad to hear that Holy Water that I gave you was of some use.{nl}It's terrifying to think that demons walking among us and dividing us. They must be really desperate.{nl}	아, 제가 드린 성수가 도움이 되었다니 정말 다행이에요.{nl}이젠 하다하다 마족이 사람 속에 섞여서 이간질까지 하다니 정말 소름돋네요.{nl}	에뒤나스
QUEST_UNUSED_20151022_001050	¿Puedes contarle a Damijonas sobre esto? {nl}Creo que deben estar protegiendo la lápida rota cerca de Usas Hill.	다미요나스에게도 이 사실을 알려주시겠어요?{nl}아마 아직도 우사스 언덕에서 부서진 비석을 지키고 있을 겁니다.	QUEST_LV_0100_20151016_009716	Could you inform Damijonas of this as well?{nl}He would be protecting the stele that got destroyed last time.	다미요나스에게도 이 사실을 알려주시겠어요?{nl}아마 저번에 부서진 비석을 지키고 있을 겁니다.	에뒤나스
QUEST_UNUSED_20151022_001051	Pude proteger la conspiración de los demonios gracias a ti. {nl}Pensé que podríamos habernos separado.	당신 덕분에 마족의 음모를 막을 수 있었습니다.{nl}하마터면 저희들끼리 정말 영영 갈라설 뻔 했어요.	QUEST_LV_0100_20151016_009717	The demon's plan has been foiled all thanks to you.{nl}We might have crossed the point of no return forever.	당신 덕분에 마족의 음모를 막을 수 있었습니다.{nl}하마터면 정말 영영 갈라설 뻔 했어요.	게다스
QUEST_UNUSED_20151022_001052	Oh. Así es.{nl}¿Hay algo que hayas descubierto sobre Albinas?{nl}	오, 그래. {nl}알비나스란 자에 대해 알아온 게 있소?{nl}	QUEST_LV_0100_20151016_009718	Oh, good. {nl}So, have you found something about Albinas?{nl}	오, 그래. {nl}알비나스란 자에 대해 알아온 게 있나?{nl}	다미요나스
QUEST_UNUSED_20151022_001053	Estoy seguro de que hay personas que cayeron en su alienación.{nl}Están tratando de romperlos desde adentro...{nl}	분명 우리 말고도 이런 이간질에 넘어간 사람들이 있을 게요.{nl}힘으로 눌러찍는 것 뿐만 아니라 속에서부터 점점 무너뜨리려는 게지..{nl}	QUEST_LV_0100_20151016_009720	There must be someone else who have fallen for a trick like this other than us.{nl}These demons are not just using brute force but also the cunning plans to divide us internally..{nl}	분명 우리 말고도 이런 이간질에 넘어간 사람들이 있을게야.{nl}힘으로 눌러찍는 것 뿐만 아니라 속에서부터 점점 무너뜨리려는 게지..{nl}	다미요나스
QUEST_UNUSED_20151022_001054	¡Albinas ha desaparecido! ¿Qué está sucediendo?{nl}	어쨌든 시작은 사고였지만, 정말 고마웠소.{nl}여신의 가호를 빌겠소.	QUEST_LV_0100_20151016_009721	Althought the first one was a lucky accident but thank you for all you have done.{nl}May goddesses be with you.	어쨌든 시작은 사고였지만, 정말 고마웠네.{nl}여신의 가호를 빌겠네.	다미요나스
QUEST_UNUSED_20151022_001055	¡Albinas ha desaparecido! ¿Qué está sucediendo?	알비나스가 사라졌다! 무슨 일이지?	QUEST_LV_0100_20151016_009724	Albinas is gone! What has happened?	알비나스가 사라지고 없다! 어찌 된 일일까?	PC
QUEST_UNUSED_20151022_001056	¿Qué? ¿Estás interesado en la revelación? {nl}Pero no hay nada más que esos escritos...{nl}	어라, 너 계시에 관심이 있는 거야?{nl}하지만 저 글귀 외엔 별다른 내용은 없는걸..{nl}	QUEST_LV_0200_20151016_009692	What? You are interested in the revelation?{nl}But there are nothing here that are related to it...{nl}	어라, 너 계시에 관심이 있는 거야?{nl}하지만 여기엔 그거랑 관련있는 내용은 없는걸..{nl}	도굴꾼 아만다
QUEST_UNUSED_20151022_001057	Primero, llama su atención como Eminent te dice. {nl} Al mismo tiempo, activemos el círculo mágico en Paramiso Battle Field en secreto conmigo.	우선 넌 에미넌트가 시키는 대로 해서 시선을 끌어.{nl}동시에 몰래 나랑 파라미조 격전지에서 마법진을 활성화 시키자.	QUEST_LV_0100_20151016_009772	Firstly, you need to follow Eminent's orders to distract him.{nl}At the same time, you and I will activate the magic circle secretly.	우선 넌 에미넌트가 시키는 대로 해서 시선을 끌어.{nl}동시에 몰래 나랑 마법진을 활성화 시키자.	도굴꾼 아만다
QUEST_UNUSED_20151022_001058	En principio, ustedes deberían ser castigados de acuerdo con las órdenes del reino.{nl}Pero, dado que nos salvaron la vida y muchos de nuestros colegas fallaron...{nl}	원칙적으론 당신들은 왕명에 의해 처벌 받아야 합니다.{nl}하지만 목숨을 구해주신데다가 많은 동료들이 낙오되었으니..{nl}	QUEST_LV_0200_20151001_009361	If we go by principles, you guys should be punished by kingdom orders.{nl}But, since you've saved me and many of our colleagues have failed...{nl}	원칙적으론 당신들은 왕명으로 처벌 받아야 합니다.{nl}하지만 목숨을 구해주신데다가 많은 동료들이 낙오되었으니..{nl}	왕국군 경비병 델루스
QUEST_UNUSED_20151022_001059	La seguridad de nuestros colegas es lo primero en lugar de tu castigo. {nl} Si pudieras ayudar a recuperar nuestra sede, entonces no preguntaré por qué has entrado aquí.	당신들의 처벌보단 동료들의 안전이 우선입니다.{nl}주둔지를 다시 탈환하는 걸 도와 주신다면 여기에 들어온 이유도 묻지 않고 눈감아 드리죠.	QUEST_LV_0200_20151001_009362	The safety of our colleagues is more important than your punishment.{nl}If you help us reclaim our camp, then we will forget about the punishment.	당신들의 처벌보단 동료들의 안전이 우선입니다.{nl}주둔지를 다시 탈환하는 걸 도와 주신다면 눈감아 드리죠.	왕국군 경비병 델루스
QUEST_UNUSED_20151022_001060	Prepararé la magia con los recuerdos de los espíritus para que vayas a Ataka Side Road.{nl}Trae todo lo que puedas.{nl}	난 영혼의 기억으로 마법을 준비할 테니 자네는 아타카 샛길 쪽으로 가 보게나.{nl}떼어낼 수 있는 건 닥치는 대로 가져오게.{nl}	QUEST_LV_0100_20151016_009805	I will search the Paramiso Battle Field, you take the Ataka Side Road.{nl}Get everything you can lay your hands on.{nl}	난 파라미조 격전지 쪽을 찾아볼 테니 자네는 아타카 샛길 쪽으로 가 보게나.{nl}떼어낼 수 있는 건 닥치는 대로 가져오게.{nl}	프리미어 에미넌트
QUEST_UNUSED_20151022_001061	He visto que los círculos mágicos se estaban activando. Estás bien ¿verdad? {nl} ¿Qué tal Eminent? {nl}	마법진들이 작동되는걸 봤어. 너 괜찮은 거 맞지? {nl}에미넌트는 어떻게 됐어?{nl}	QUEST_LV_0100_20151001_008721	I saw the magic circles activate. Are you alright? {nl}What about Eminent? {nl}	마법진들이 작동되는걸 봤어. 너 괜찮아? {nl}에미넌트는 어떻게 됐어?{nl}	도굴꾼 아만다
QUEST_UNUSED_20151022_001062	El espacio que el tirano a quien le preguntaste desechó probablemente sea... {nl}Es la prisión que se hizo en la era de Kadumel. {nl}	네가 묻는 폭군이 벼려낸 참혹한 공간이라는 건 아마.. {nl}카듀멜 시대에 만들어진 감옥을 말하는 걸 거야. {nl}	QUEST_LV_0100_20151016_009820	The harrowing place forged by a tyrant you speak of might mean... {nl}The prison made in the Kadumel dynasty. {nl}	네가 묻는 폭군이 벼려낸 참혹한 공간이라는 건 아마.. {nl}카듀멜 시대에 만들어진 감옥을 말하는 걸 꺼야. {nl}	도굴꾼 아만다
QUEST_UNUSED_20151022_001063	Restaurar el círculo mágico era el deber de Higgs, pero no tenemos otra manera ya que está herido. {nl} Además todos se están cansando debido al frío... Quiero prestar tu poder.	그 마법진을 보수하는 것이 힉스의 임무였소만, 부상을 입었으니 어쩔 도리가 없지 않겠소.{nl}게다가 다들 추위에 지쳐가니.. 당신의 힘을 빌리고 싶소.	QUEST_LV_0200_20151001_009412	It was Higgs' duty to maintain the magic circle, but he can't do it since he is wounded.{nl}And everyone is getting tired due to the coldness... I want you to help us.	그 마법진을 보수하는 것이 힉스의 임무였소만, 부상을 입었으니 어쩔 도리가 없지 않겠소.{nl}게다가 다들 추위에 지쳐가니.. 당신의 힘을 빌리고 싶구려.	메사파슬라 부대장 고먼
QUEST_UNUSED_20151022_001064	Eres mejor que Higgs.{nl}¿Puedes ayudarnos una vez más?{nl}	우리 힉스보다 더 능숙하게 해내는군.{nl}이왕 이렇게 된 것, 한 번만 더 부탁하리다.{nl}	QUEST_LV_0200_20151001_009415	You are doing better than Higgs.{nl}Can you help us one more time?	우리 힉스보다 더 능숙하게 해내는구려.{nl}이왕 이렇게 된 것, 한 번만 더 부탁하리다.{nl}	메사파슬라 부대장 고먼
QUEST_UNUSED_20151022_001065	Me encontré con los monstruos mientras regresaba con el mensaje.{nl}Creo que puedo moverme si descanso un poco más, pero este mensaje debería llegar rápido..{nl}	서신을 가지고 복귀하던 도중 몬스터 무리를 만났죠.{nl}조금만 쉬면 금방 움직일 수 있을 것 같은데, 이 서신은 좀 급한 거라서요..{nl}	QUEST_LV_0200_20151001_009436	While I was returning with the letter, we met a herd of monsters.{nl}I think I will be recovered if I take a rest for a while, but I have to deliver the letter quickly...{nl}	서신을 가지고 복귀하던 도중 몬스터 무리를 만났죠.{nl}조금만 쉬면 금방 회복할 것 같은데, 이 서신은 좀 급한 거라서요..{nl}	연락병 로체스
QUEST_UNUSED_20151022_001066	Pareces competente como espadachín.{nl}¿Tienes algún plan para alcanzar un nivel superior?	보아하니 자네도 나름 소드맨으로서 실력을 쌓은 모양이군.{nl}더 높은 경지로 가볼 생각은 없는가?				소드맨 서브 마스터
QUEST_UNUSED_20151022_001067	Primero, muéstrame tus habilidades. {nl} Desde el Bosque de los Puentes Vinculados, regresa después de derrotar a 10 Lapflammers y 10 Lapemans.	일단 자네의 실력을 보여주게.{nl}덧댄다리 숲에서 라플래머와 라페먼을 각각 10마리 씩 해치우고 오게나.				소드맨 서브 마스터
QUEST_UNUSED_20151022_001068	Si entrenas duro, no será tan difícil.	꾸준히 훈련을 쌓아 왔다면 어려운 과제는 아닐 것일세.				소드맨 서브 마스터
QUEST_UNUSED_20151022_001069	Bien.{nl}Pareces lo suficientemente competente como para pasar al siguiente nivel.	수고했네.{nl}자네라면 다음 단계로 나갈 자격이 충분해 보이는군.				소드맨 서브 마스터
QUEST_UNUSED_20151022_001070	¿Eres tú el que quiere seguir el camino de Highlander? {nl}Tentonces, deberías pasar la prueba.{nl}No tengo tiempo que perder con alguien que no es lo suficientemente digno.	하이랜더의 길을 걸으시려는 분이 당신이신가요?{nl}그렇다면 약간의 시험을 통과하셔야 합니다.{nl}소질없는 자에게 허비할 시간은 없거든요.				하이랜더 서브 마스터
QUEST_UNUSED_20151022_001071	El arma principal del Highlander son las espadas de dos manos. Son fuertes, pero debes poseer suficiente poder para sostener las espadas. {nl}Ataca el poste de práctica cercano y probaré qué tan fuerte eres.	하이랜더의 주무기는 양손검입니다. 강력한 대신 그만큼 검을 들 힘이 필요하지요.{nl}근처의 검 연습대를 공격해서 당신의 힘이 어느 정도 수준인지 가늠해 보겠습니다.				하이랜더 서브 마스터
QUEST_UNUSED_20151022_001072	Ataca el poste de práctica cerca de mí. {nl}Evaluaré qué tan fuerte eres.	제 근처의 검 연습대를 공격해보세요.{nl}판가름은 제가 하겠습니다.				하이랜더 서브 마스터
QUEST_UNUSED_20151022_001073	Hmm... Parece que no tendrás gran problema.{nl}Si pasas una prueba más, te enseñaré las habilidades de Highlander.	흠... 그 정도시라면 크게 무리는 없을 듯 하군요.{nl}하나의 시험만 더 통과하신다면 하이랜더의 기술을 전수해 드리지요.				하이랜더 서브 마스터
QUEST_UNUSED_20151022_001074	Tu poder parece ser suficiente.{nl}Ahora comprobaré cómo usas bien ese poder.	가지고 계신 완력은 충분해 보이는군요.{nl}이제 그 힘을 얼마나 잘 사용하실지를 판단해보겠습니다.				하이랜더 서브 마스터
QUEST_UNUSED_20151022_001075	Con tus habilidades, Lapflammers en Paupys Dock no será difícil. {nl} Cuando regreses después de derrotar a 10 de ellos, te abriré el camino de Highlander.	당신의 수준이라면 파우피스 나루의 라플래머 정도는 어렵지 않을 것 같군요.{nl}녀석들을 10마리 사냥하고 돌아오시면 하이랜더의 길을 열어 드리겠습니다.				하이랜더 서브 마스터
QUEST_UNUSED_20151022_001076	Vuelve después de derrotar a Lapflammers en Paupys Dock.	파우피스 나루의 라플래머를 처치하고 오세요.				하이랜더 서브 마스터
QUEST_UNUSED_20151022_001077	Tu competencia no dañará la fama de los Highlanders.{nl}Mi padre, que es maestro, diría lo mismo.{nl}En nombre del maestro, te enseñaré las habilidades de Highlander.	당신이라면 하이랜더의 명성을 더럽히지 않을 것 같군요.{nl}마스터이신 제 아버지도 저와 같은 의견이실 겁니다.{nl}마스터를 대신하여 당신에게 하이랜더의 기술을 전수하겠습니다.				하이랜더 서브 마스터
QUEST_UNUSED_20151022_001078	¿Quieres convertirte en Peltasta? Es una decisión acertada. {nl} Déjame hacerte una pregunta. ¿Odias a los demonios?	펠타스타가 되고 싶으십니까? 현명한 선택입니다.{nl}우선 하나만 묻죠. 마족을 증오하십니까?				펠타스타 서브 마스터
QUEST_UNUSED_20151022_001079	Bien. Se han cumplido los requisitos más básicos.{nl}Nosotros, Peltastas, usamos el escudo de forma agresiva para enfrentarnos a los enemigos.{nl}Por lo tanto, debes tener conocimientos básicos sobre el uso del escudo.	좋습니다. 가장 기본적인 요건은 충족되었군요.{nl}우리 펠타스타는 방패를 적극적으로 사용해 적들을 상대하는 클래스입니다.{nl}따라서 방패에 대한 기본적인 이해가 있어야겠지요.				펠타스타 서브 마스터
QUEST_UNUSED_20151022_001080	Voy a pedirte algunos materiales para tu escudo. {nl}Primero recolectas decoraciones metálicas de Lapemans. {nl}Además, recolecta algo de madera seca de un taller aislado allí.	당신에게 방패에 쓸만한 재료를 부탁드리겠습니다.{nl}파우피스 나루의 라페먼으로부터 얻을 수 있는 쇠장식을 가져오세요.{nl}그리고 같은 지역의 외딴 작업장에서 쓸만한 나무를 모아 오시기 바랍니다.				펠타스타 서브 마스터
QUEST_UNUSED_20151022_001081	Las decoraciones metálicas de Lapeman se utilizan para el marco y la madera para la carrocería. {nl} Encontrarás ambos en Paupys Crossing.	라페먼의 쇠장식은 방패의 틀 대용으로, 나무는 방패의 몸체를 만들기 위함입니다.{nl}둘 다 파우피스 나루에서 얻으실 수 있습니다.				펠타스타 서브 마스터
QUEST_UNUSED_20151022_001082	Bien hecho.{nl}Cuando obtengas el manual del escudo en el futuro, quiero que lo hagas tú mismo recolectando los materiales.	수고하셨습니다.{nl}추후 방패의 제작서를 얻으신다면 이렇게 재료를 모아 직접 만들어보시기 바랍니다.				펠타스타 서브 마스터
QUEST_UNUSED_20151022_001083	Bienvenido al mundo de Peltastas. {nl} ¡Hagamos nuestro mejor esfuerzo hasta derrotar a todos los demonios!	펠타스타 동지가 되신 것을 환영합니다.{nl}함께 마족들을 한 놈도 남김없이 물리칠 때까지 힘냅시다!				펠타스타 서브 마스터
QUEST_UNUSED_20151022_001084	Siempre es bueno ver nuevos hermanos y hermanas. {nl} ¿Puedes ayudar a los aldeanos aquí conmigo?	새로운 형제자매를 뵙는 것은 언제나 기쁜 일이지요.{nl}부디 저와 함께 이곳 주민들을 도와주실 수 있을까요?				클레릭 서브 마스터
QUEST_UNUSED_20151022_001085	No es bueno ya que los Lapeman siguen causando dolor a los aldeanos en Linked Bridges. {nl} De hecho, quiero castigarlos yo mismo. {nl} Pero Rosaliya... me dijo que no debería abandonar Orsha.	덧댄다리 숲의 라페들이 인근 주민들에게 계속적으로 피해를 주는 것 같아 큰일이에요.{nl}사실 제가 직접 녀석들을 혼내주고 싶어요.{nl}하지만 로잘리야... 마스터께서 제게 오르샤를 벗어나지 말라고 신신당부를 하셨지 뭐에요.				클레릭 서브 마스터
QUEST_UNUSED_20151022_001086	De mi parte, corrija el mal hábito de Lapezards y Lapemiter.	제 대신 라페자드와 라페마이터녀석들의 버릇을 단단히 고쳐주고 오세요.				클레릭 서브 마스터
QUEST_UNUSED_20151022_001087	Solo estoy cumpliendo con mi importante deber que recibí del Maestro. {nl} ¡No estoy celoso de tu viaje!	저는 마스터로부터 받은 중요하고 성스러운 임무를 수행할 뿐입니다.{nl}딱히 당신처럼 여행을 다니지 못하는 게 부러운 건 아니에요!				클레릭 서브 마스터
QUEST_UNUSED_20151022_001088	¿Has completado la misión? {nl}Podrías convertirte en un clérigo de nivel superior.	임무는 완수 하셨나요?{nl}당신이라면 보다 깊은 단계의 클레릭으로 거듭날 수 있을 것 같네요.				클레릭 서브 마스터
QUEST_UNUSED_20151022_001089	Doy la bienvenida a cualquier hermano o hermana que quiera seguir el camino de Krivi.{nl}Mi nombre es Mellinda.{nl}Te haré una prueba sencilla si estás calificado para convertirte en Krivi. ¿Estás bien?	크리비의 길을 걸으시려는 형제자매님은 언제나 환영합니다.{nl}저는 이 곳에서 마스터를 대행하고 있는 멀린다라고 합니다.{nl}그대가 크리비에 적합한지를 판단하기 위해 간단한 시험을 해 볼텐데 괜찮으시겠습니까?				크리비 서브 마스터
QUEST_UNUSED_20151022_001090	Bien. La prueba es sencilla.{nl}Recibe esta joya de cristal.	좋습니다. 시험은 간단합니다.{nl}이 수정보석을 받으세요.				크리비 서브 마스터
QUEST_UNUSED_20151022_001091	Esto absorbe las vitalidades del monstruo y las posee como la energía de la llama. {nl} Caza a los monstruos fuera de la ciudad y pon las energías en la joya.	이것은 몬스터의 생명력을 흡수해 성화의 기운으로 간직하는 보석입니다.{nl}도시 밖에서 몬스터를 사냥해 보석에 기운을 채우도록 하세요.				크리비 서브 마스터
QUEST_UNUSED_20151022_001092	Cuando la joya crezca, úsala para encender la antorcha a mi lado. {nl}Con eso, haré una prueba para ver si puedes usar bien las energías de la antorcha.	보석이 충만해지면 제 옆의 성화대에 보석을 사용해 불을 붙여 보세요.{nl}그것으로 당신이 성화의 기운을 활용할 수 있는지 판별해보겠습니다.				크리비 서브 마스터
QUEST_UNUSED_20151022_001093	Derrota a los monstruos y llena las energías de la joya.{nl}Y cuando enciendas la antorcha con la joya, la prueba habrá terminado.	몬스터를 처치하여 보석의 기운을 채우세요.{nl}그리고 충만해진 보석으로 제 옆 성화대에 불을 붙이시면 시험은 끝납니다.				크리비 서브 마스터
QUEST_UNUSED_20151022_001094	Creo que podrás utilizar la energía de la antorcha de manera eficiente.{nl}Bienvenido al camino de Krivi.	당신이라면 성화의 기운을 효과적으로 사용할 수 있을 것 같군요.{nl}크리비의 길에 들어서신 것을 환영합니다.				크리비 서브 마스터
QUEST_UNUSED_20151022_001095	Quieres seguir el camino del Sacerdote. {nl}I lo reconocí de inmediato. Tu competencia es suficiente para convertirte en Sacerdote.{nl}Es solo... para rezar para que tu viaje esté bien, necesitamos algunos preparativos.	프리스트의 길을 걷고자 하시는군요.{nl}한 눈에 알 수 있었습니다. 그대는 프리스트로서의 재능이 충분합니다.{nl}단지... 그대가 갈 여정이 무사하길 빌기 위해서 약간의 준비가 필요하답니다.				프리스트 서브 마스터
QUEST_UNUSED_20151022_001096	Por favor recibe esta agua divina.{nl}Y solo tienes que recibir la bendición de los otros sacerdotes aquí en Orsha.{nl}Pide la bendición a los submaestros Clerik, Krivi y Bokor.	이 성수를 받으세요.{nl}그리고 이 곳 오르샤에 계시는 다른 성직자 분들께 축복을 받아오시면 됩니다.{nl}각각 클레릭, 크리비, 보코르 서브 마스터들께 부탁드리세요.				프리스트 서브 마스터
QUEST_UNUSED_20151022_001097	Pide la bendición a los submaestros Cleric, Krivi y Bokor.	클레릭, 크리비, 보코르 서브 마스터들을 찾아 축복을 간청드려보세요.				프리스트 서브 마스터
QUEST_UNUSED_20151022_001098	Bien. La bendición de los cuatro sacerdotes, incluyéndome a mí, te ayudaría en tu viaje. {nl} De ahora en adelante, quiero que te concentres en las funciones y responsabilidades del sacerdote.	좋습니다. 저를 포함해 네 성직자의 축복이라면 그대의 앞길도 문제없을 겁니다.{nl}앞으로 프리스트의 역할과 책임에 성실히 임해 주시기를 바라겠습니다.				프리스트 서브 마스터
QUEST_UNUSED_20151022_001099	¿Quieres pasar a un nivel superior? {nl}Va a ser un camino difícil. ¿Todavía vas a ir? ¿Buscar la fuerza?	보다 상급단계에 발을 내딛고 싶다고?{nl}험난한 길이 될걸세. 그럼에도 불구하고 가겠는가? 강함을 찾아서?				소드맨 서브 마스터
QUEST_UNUSED_20151022_001100	Bien. Si es así, tendría que comprobar si estás listo. {nl} Derrota a Yognomes en 63_3 de Bracken Forest.	좋아. 그렇다면 그럴만한 준비가 되었는지 봐야겠군.{nl}고사리 숲 63_3에서 요노움이란 몬스터를 쓸어버리게.				소드맨 서브 마스터
QUEST_UNUSED_20151022_001101	Si pudieras derrotar a 30 de ellos, reconocería tu fuerza.	30마리정도면 자네의 강함을 인정해 주지.				소드맨 서브 마스터
QUEST_UNUSED_20151022_001102	No solo estás fanfarroneando, sino que seguramente posees competencia.{nl}En nombre del maestro, te enseñaré todo sobre el espadachín.	말뿐이 아니라 실력까지 갖춘 능력자였군.{nl}마스터를 대신해 자네에게 소드맨의 모든 것을 전수해 주겠네.				소드맨 서브 마스터
QUEST_UNUSED_20151022_001103	¿Te acostumbraste a las espadas de dos manos? {nl} Ahora te enseñaré cómo puedes usar bien las espadas de dos manos.	양손검은 손에 좀 익으셨나요?{nl}이제 양손검을 제대로 사용하는 법을 가르쳐 드릴게요.				하이랜더 서브 마스터
QUEST_UNUSED_20151022_001104	Pero quiero comprobar cuánto has crecido como Highlander. {nl}Y Los ognomos en 63_3 de Bracken Forest te encajarían bien. Te enseñaré las habilidades después de eso.	그 전에 하이랜더로서 얼마나 성장하셨는지 확인해 보고 싶네요.{nl}지금 실력에는 고사리 숲 63_3에서 요노움이 적당하겠군요. 기술 전수는 그 이후입니다.				하이랜더 서브 마스터
QUEST_UNUSED_20151022_001105	Derrota a 30 Yognomes en 63_3 de Bracken Forest.	고사리 숲 63_3에 있는 요노움 30마리가 목표입니다.				하이랜더 서브 마스터
QUEST_UNUSED_20151022_001106	Bien hecho. Como te prometí, te enseñaré habilidades de alto nivel que se pueden usar con espadas de dos manos.	훌륭하시군요. 약속대로 양손검으로 할 수 있는 보다 상위의 기술을 가르쳐 드리죠.				하이랜더 서브 마스터
QUEST_UNUSED_20151022_001107	¿Te has familiarizado con el uso de escudos en las batallas? {nl}Bien, entonces te enseñaré las habilidades de Peltasta ahora.	방패를 전투에 활용하는 법은 이제 숙달 되셨나요?{nl}그럼 본격적으로 펠타스타의 기술을 가르쳐 드리지요.				펠타스타 서브 마스터
QUEST_UNUSED_20151022_001108	Pero hay restricciones.{nl}En primer lugar, solo admito los cristales que hayas obtenido mientras estabas equipado con escudos.{nl}En segundo lugar, si no puedes luchar, los cristales que habrías recolectado hasta ese momento serán todos cancelados.	물론 그 전에 상급 기술을 소화하실 수 있는지 확인하는 것이 먼저겠지요.{nl}고사리 숲 63_3에서 몬스터들을 해치우고 몬스터의 결정을 모아 주세요.{nl}마족에게선 두 개를 얻을 수 있으니 보다 적극적으로 마족녀석들을 노려주시기 바랍니다.				펠타스타 서브 마스터
QUEST_UNUSED_20151022_001109	Pero hay restricciones.{nl}En primer lugar, solo admito los cristales que hayas obtenido mientras estabas equipado con escudos.{nl}En segundo lugar, si no puedes luchar, los cristales que habrías recolectado hasta ese momento serán todos cancelados.	단, 제약사항이 있습니다.{nl}첫째, 어디까지나 방패를 착용한 상태에서 얻은 결정만 인정해 드립니다.{nl}둘째, 전투 불능 상태가 되시면 모으신 결정은 모두 무효처리하겠습니다.				펠타스타 서브 마스터
QUEST_UNUSED_20151022_001110	Derrota a los monstruos y recoge los cristales mientras estás equipado con un escudo. {nl}Esto es para comprobar tus habilidades de supervivencia. {nl}Para tu referencia, será eficiente derrotar a los demonios.	방패를 착용한 상태에서 몬스터를 처치하시고 결정을 모으세요.{nl}이는 당신의 생존능력을 확인하기 위함입니다.{nl}참고로 마족을 잡는 쪽이 효율이 좋을 겁니다.				펠타스타 서브 마스터
QUEST_UNUSED_20151022_001111	Pareces lo suficientemente competente como Peltasta.{nl}Felicitaciones. Como te prometí, te enseñaré habilidades que están un nivel superior.	그 정도라면 적어도 펠타스타의 이름을 대도 부끄럽지 않은 실력은 되시는 듯 하군요.{nl}축하드립니다. 약속대로 한 단계 위의 기술들을 가르쳐 드리지요.				펠타스타 서브 마스터
QUEST_UNUSED_20151022_001112	Es fácil enseñarte a usar una lanza, pero tu mente es importante.{nl}Hay una ubicación para evaluar a solicitantes como tú.{nl}La tarea es simple. Es simplemente irritante.	창을 가르쳐 드리는 거야 쉽습니다만, 제겐 당신의 마음가짐이 중요합니다.{nl}마침 당신같은 지원자들을 시험하기 위한 적당한 장소가 있습니다.{nl}과제는 간단합니다. 조금 귀찮을 뿐이지요.				하플라이트 마스터
QUEST_UNUSED_20151022_001113	Vuelve después de derrotar a 30 Yognomes del bosque de Bracken 63_3.{nl}Si lo haces, reconoceré tus habilidades.{nl}En mi opinión, pasarías la prueba fácilmente.	고사리 숲 63_3에서 요노움 30마리를 처치하고 오세요.{nl}그렇다면 그 손에 창을 쥘 자격이 있음을 인정해 드리지요.{nl}제 느낌 상 당신이라면 무난하게 통과할 수 있을 겁니다.				하플라이트 마스터
QUEST_UNUSED_20151022_001114	Si tienes problemas con Yognomes, entonces no sería tan malo buscar otra manera.	요노움정도에 애를 먹으신다면 다른 길을 찾아 보시는 것도 나쁘지 않을 겁니다.				하플라이트 마스터
QUEST_UNUSED_20151022_001115	¿Quieres convertirte en un bárbaro? ¿Podrás soportar el entrenamiento? {nl}Bien. Te pondré a prueba para ver si al menos puedes imitar algunas peleas.{nl}Si esta fuera nuestra ciudad natal, habrían pasado la prueba. ¿Quieres recibirlo?	바바리안이 되고 싶다고? 약해빠진 이곳 사람이 과연 적응할 수 있을까?{nl}좋아. 적어도 싸움 비슷한 흉내라도 가능한지 간단한 시험을 해보겠다.{nl}우리 고향이라면 애들도 통과하겠지만 말이지. 받아보겠나?				바바리안 서브 마스터
QUEST_UNUSED_20151022_001116	La cualidad más importante de Swordsman es la beligerancia. {nl}Debes atacar a cualquiera que muestre hostilidad hacia aquellos a quienes debes proteger.{nl}Piensa en Yognomes en 63_3 de Bracken Forest como tus barreras y destrúyelas todas.	전사에게 있어서 가장 중요한 덕목은 호전성이다.{nl}너 스스로나 네가 지켜야 할 것에 적의를 보이는 녀석들은 일단 공격하고 보는 것이다.{nl}고사리 숲 63_3의 요노움들이 네 사명의 방해물이다 생각하고 쓸어버리고 와봐라.				바바리안 서브 마스터
QUEST_UNUSED_20151022_001117	Hay algunas personas útiles aquí incluso en este lugar. En nombre de Walter en Klaipeda, te enseñaré las habilidades de Bárbaro.	바바리안이 되겠다길래 조금 강단있는 녀석인가 싶었는데... 포기할 셈이냐?				바바리안 서브 마스터
QUEST_UNUSED_20151022_001118	Hay algunas personas útiles aquí incluso en este lugar.{nl}Bueno. En nombre de Walter en Klaipeda, te enseñaré las habilidades de Bárbaro.	이 곳에도 그럭저럭 쓸만한 인재는 있었군.{nl}좋아. 클라페다에 계신 월터 형님을 대신해 내가 바바리안의 기술을 전수해주마.				바바리안 서브 마스터
QUEST_UNUSED_20151022_001119	¿Has oído las historias?{nl}Algunos de los refugiados que venían a Orsha resultaron heridos y cayeron cerca del estanque Lemprasa.{nl}¡Deberíamos salvarlos!	소식 들으셨나요?{nl}오르샤로 오던 피난민 중 일부가 상처를 입고 렘파라사 연못에 쓰러져 있는 것 같아요.{nl}어서 그들을 구해야 해요!				클레릭 서브 마스터
QUEST_UNUSED_20151022_001120	He otorgado la bendición a este ungüento especial.{nl}Usa este ungüento para curar a los refugiados que se encuentran cerca del estanque Lemprasa.{nl}Después de curar a todos los refugiados, te reconoceré como un verdadero clérigo.	이것은 오르샤 특제 연고에 제가 축복을 걸어놓은 것이에요.{nl}이 연고를 사용해서 렘파라사 연못에 쓰러져 있는 피난민들을 치료해 주세요.{nl}선행을 마치시면 당신을 진정한 클레릭으로 인정해 드리겠어요.				클레릭 서브 마스터
QUEST_UNUSED_20151022_001121	Si no fuera por orden del maestro, habría ido allí. {nl} No tengo a nadie en quien confiar excepto a ti.	마스터의 엄명만 아니었어도 제가 갔을텐데요.{nl}지금은 당신밖에 믿을 사람이 없네요.				클레릭 서브 마스터
QUEST_UNUSED_20151022_001122	Es una suerte que no se les haya ocurrido un gran problema.{nl}Todo se debe a la devoción que nos has mostrado.{nl}Pareces lo suficientemente competente como para avanzar a la última etapa de Clérigo.	그 분들께 더 큰 문제가 생기지 않아서 불행 중 다행이에요.{nl}당신께서 보여주신 헌신 덕분입니다.{nl}당신이라면 클레릭의 마지막 단계로 나아가기에 손색이 없어 보이네요.				클레릭 서브 마스터
QUEST_UNUSED_20151022_001123	Creo que ha llegado el momento de contar tus creencias religiosas a las diosas y recibir las bendiciones. {nl}Reza a las diosas cercanas a Orsha y dedica estos bienes.	당신의 신심을 여신께 고하고 그 은총을 내려받을 단계가 온 것 같군요.{nl}오르샤 주변의 여신상을 참배하고 이 봉헌품을 공양하세요.				크리비 서브 마스터
QUEST_UNUSED_20151022_001124	Ve a las estatuas de las diosas en Lemprasa Pond, Linked Bridges y Paupys Dock.{nl}Regresa después de dedicar los bienes a todas las estatuas.	렘파라사 연못과 덧댄다리 숲, 그리고 파우피스 나루에 있는 여신상을 찾아가세요.{nl}세 지역의 네 여신상 모두에 공양을 마친 다음 돌아오시기 바랍니다.				크리비 서브 마스터
QUEST_UNUSED_20151022_001125	No existen pasos oficiales cuando se trata de ofertas. {nl} Son algo que haces cuando quieres arrepentirte de errores pasados.	그저 봉헌품을 올리는 형식적인 단계가 아닙니다.{nl}진심을 담아 과거 과오가 있다면 여신 앞에서 뉘우치시기 바랍니다.				크리비 서브 마스터
QUEST_UNUSED_20151022_001126	Bien hecho. ¿No hay partes rotas de las estatuas de las diosas? {nl} Ahora has llegado a un nivel superior.	수고하셨습니다. 여신상에 어디 부서진 곳은 없어 보이던가요?{nl}이제 당신은 한 단계 높은 경지에 다다르게 되었습니다.				크리비 서브 마스터
QUEST_UNUSED_20151022_001127	Estoy cuidando a los refugiados de Orsha con otros sacerdotes.{nl}Pero las hierbas que deberían usarse para el ungüento se han acabado.{nl}Ha llegado el momento de probar tu avance, así que te daré una pequeña tarea.	저는 다른 성직자분들과 함께 오르샤의 난민들을 계속 돌보고 있습니다.{nl}그런데 고약에 쓸 약재가 떨어졌군요.{nl}마침 그대의 승급을 시험해 볼 시기도 되었으니 작은 숙제를 드리겠습니다.				프리스트 서브 마스터
QUEST_UNUSED_20151022_001128	Estoy buscando tres tipos de hierbas.{nl}Obtén las hierbas de 63_1, 63_2 y 63_3 de Bracken Forest.	제가 구하는 약재는 총 세 종류입니다.{nl}고사리숲 63_1과 63_2, 그리고 63_3에서 각각 약초를 구해오세요.				프리스트 서브 마스터
QUEST_UNUSED_20151022_001129	Verás la primera hierba cuando excaves en la pila de hojas de los árboles cerca de la salida que conduce al siguiente territorio. {nl} La segunda hierba crece en la región ubicada debajo. {nl} La tercera hierba tiene una flor amarilla, por lo que la encontrarás fácilmente.	첫번째 약초는 다음 지역으로 가는 출구 근처 나뭇잎더미를 헤치면 발견하실 수 있습니다.{nl}두번째 약초는 가장 아래쪽 지역에서 길쭉하게 자라고 있습니다.{nl}세번째 약초는 노란 꽃을 피우고 있으므로 가장 찾기 쉬우실 겁니다.				프리스트 서브 마스터
QUEST_UNUSED_20151022_001130	Veamos... Seguramente lo es.{nl}Cuando tus buenas obras se acumulen así, sentirás que tu creencia religiosa se profundiza. pasado la prueba. De ahora en adelante, aprenderás habilidades de Sacerdote de nivel superior.	엄밀히 말해 세 약초의 효능은 크게 다르지 않습니다.{nl}말씀드렸듯이 이건 그대의 승급시험을 겸하고 있다는 것을 잊지 마세요.				프리스트 서브 마스터
QUEST_UNUSED_20151022_001131	Veamos... Seguramente lo es.{nl}Cuando tus buenas obras se acumulen así, sentirás que tu creencia religiosa se profundiza.{nl}Has pasado la prueba. De ahora en adelante, aprenderás habilidades de Sacerdote de nivel superior.	어디 보자... 음. 틀림 없군요.{nl}이런 선행이 쌓여가면 그대의 신심이 깊어지는 것을 느끼게 될 겁니다.{nl}시험은 통과입니다. 앞으로는 보다 높은 단계의 프리스트 기술을 배우시게 될 겁니다.				프리스트 서브 마스터
QUEST_UNUSED_20151022_001132	¿Eres tú el que quiere convertirse en Bokor?{nl}Bienvenido. Para convertirte en Bokor, debes pasar una prueba.{nl}¿Has oído hablar de ella?{nl}	혹시 보코르가 되기를 희망하시는 분인가요?{nl}환영합니다. 보코르가 되기 위해서는 반드시 통과해야 하는 시험이 있지요.{nl}혹시 들어보셨나요?{nl}				보코르 서브 마스터
QUEST_UNUSED_20151022_001133	¡Sí! Deberías haber hecho muñecas Bokor para que te llamen Bokor.{nl}Haz la muñeca con este manual.	네! 보코르 인형을 만들어봐야 보코르라고 할 수 있죠.{nl}자, 이 제작서를 가지고 직접 인형을 만들어보세요.				보코르 서브 마스터
QUEST_UNUSED_20151022_001134	Hace mucho tiempo, el Maestro también se convirtió en Bokor después de hacer Muñecas Chamán. {nl} Es el ritual que tiene historia y tradición.	저는 물론이거니와 마스터 역시 옛날에는 주술인형을 만들고 입문하셨다고 하더라고요.{nl}나름 역사와 전통이 있는 의식이랍니다.				보코르 서브 마스터
QUEST_UNUSED_20151022_001135	¡Esta muñeca chamán tiene el grado más alto entre las muñecas que he visto antes! {nl}Pareces poseer los atributos de Bokor.{nl}Ahora eres el Bokor. ¡Bienvenido!	이 정도면 제가 본 주술인형 중에서도 상급품에 속하네요!{nl}보코르의 소질이 있으신 것 같아요.{nl}이로써 당신도 보코르랍니다. 환영합니다!				보코르 서브 마스터
QUEST_UNUSED_20151022_001136	¿Quieres convertirte en Dievdirbys? Por supuesto, te doy la bienvenida.{nl}El camino de Dievdirbys está abierto a todos.{nl}Solo... Si pudieras escuchar una de mis pequeñas peticiones.	딥디르비가 되시길 희망한다고요? 물론 환영합니다.{nl}딥디르비의 길은 누구에게나 열려 있는 걸요.{nl}단지... 제 사소한 부탁 하나만 들어주신다면 말이죠.				딥디르비 서브 마스터
QUEST_UNUSED_20151022_001137	Se ha acabado el extremo del cincel para tallar. {nl} Supongo que deberíamos preguntarle al herrero de Orsha. {nl} Dile que es mi petición y consigue el nuevo cincel para tallar.	제 조각용 끌이 다 닳아버렸지 뭐에요.{nl}일단 아쉬운대로 근처 오르샤에서 대장장이언니에게 부탁을 해야할 것 같아요.{nl}그 분께 제 부탁이라고 말씀하시고 새로운 조각용 끌을 받아 가져다 주세요.				딥디르비 서브 마스터
QUEST_UNUSED_20151022_001138	Lo siento. Cuento contigo hasta que Orsha.{nl}I tenga asuntos que hacer aquí.	죄송합니다. 오르샤까지 수고 좀 부탁 드릴게요.{nl}전 저대로 이 곳에서 할 일이 있어서요.				대장장이
QUEST_UNUSED_20151022_001139	¿Qué pasa? Ah... Recuerdo a esa chica de Dievdirby. {nl} Pero, ¿qué debo hacer? El cincel y los materiales se acabaron.	무슨일이시죠? 아... 그 당찬 딥디르비 소녀라면 기억하고 있습니다.{nl}하지만 이걸 어쩐다죠. 마침 만들어놓은 끌도, 새로 만들 재료도 모두 떨어진 상황이네요.				딥디르비 서브 마스터
QUEST_UNUSED_20151022_001140	Espero que puedas conseguir los materiales.	아쉬운대로 그쪽이 재료를 좀 구해주시면 좋겠네요.				딥디르비 서브 마스터
QUEST_UNUSED_20151022_001141	Habrá ocasiones en las que descubrirás los trozos que se acumulan con los metales de Yognomes en 63_3 de Bracken Forest. {nl} Si puedes traerlos, te haré un cincel de grabado útil.	고사리숲 63_3의 요노움들에게서 금속이 축적된 덩어리를 발견하실 때가 있을 겁니다.{nl}그걸 모아 가져다 주시면 쓸만한 조각용 끌을 만들어 보죠.				딥디르비 서브 마스터
QUEST_UNUSED_20151022_001142	Los metales que se acumulan en los cuerpos de los monstruos se arrugan en 63_3 de Bracken Forest.{nl}Derrota a Yognomes y recoge los trozos de metal.	고사리숲 63_3은 근처 광산이 있는 탓인지 몬스터 체내에 축적된 금속이 뭉치기도 하죠.{nl}요노움을 잡고 금속 덩어리를 모아오세요.				딥디르비 서브 마스터
QUEST_UNUSED_20151022_001143	Sí. Esto sería suficiente.{nl}La elaboración no es tan difícil, así que si esperas un poco, lo haré por ti.	네. 이정도면 충분히 쓸만하군요.{nl}제작이 어려운 것은 아니니 잠시만 기다리시면 만들어드리지요.				대장장이
QUEST_UNUSED_20151022_001144	Ya casi está hecho.	거의 다 되어 갑니다.				대장장이
QUEST_UNUSED_20151022_001145	Es un objeto decente por lo que podrías estar de pie por algún tiempo. {nl}Dáselo.	자, 꽤 괜찮은 물건이니 한 동안은 버틸 수 있을 겁니다.{nl}이걸 건네 주세요.				대장장이
QUEST_UNUSED_20151022_001146	Pídele que venga de vez en cuando a Orsha.	가끔은 오르샤에도 들르라고 전해 주세요.				대장장이
QUEST_UNUSED_20151022_001147	Maldita sea... Sabía que estaba tardando más de lo esperado, pero no sabía que habías hecho tales esfuerzos.{nl}Gracias. Por supuesto, a partir de ahora eres un Dievdirbys.	어머... 생각보다 오래 걸리신다 싶었더니 그런 수고를 하셨군요.{nl}감사합니다. 물론 지금부터 당신도 딥디르비랍니다.				딥디르비 서브 마스터
QUEST_UNUSED_20151022_001148	¡Has mejorado mucho! Todo el mundo reconocería tus habilidades.{nl}Es sólo que... te quedas un poco corto según los estándares de mi padre.{nl}I te ayudará a alcanzar un nivel superior.	정말 실력이 많이 느셨군요! 누구에게 보여주더라도 손색이 없을 실력입니다.{nl}단지 저희 아버지의 기준으로는 아직도 부족하지 않을까 싶네요.{nl}한 단계 더 높은 경지에 다다를 수 있도록 제가 도와드리죠.				하이랜더 서브 마스터
QUEST_UNUSED_20151022_001149	Bien. Veamos una vez más si eres lo suficientemente competente para aprender habilidades de nivel superior. {nl}Veré cómo manejas bien las habilidades existentes. {nl}I No me importa qué monstruo, simplemente derrota a cualquier monstruo usando las habilidades de Highlander.	좋습니다. 상급 기술을 배울 수 있는 실력이 되는지 한번 더 검증해보죠.{nl}기존의 기술을 얼마나 잘 다룰 수 있는지를 보겠습니다.{nl}아무 몬스터라도 좋으니 하이랜더의 기술을 써서 몬스터를 처치해보세요.				하이랜더 서브 마스터
QUEST_UNUSED_20151022_001150	Derrotar monstruos con las habilidades de Highlander. Creo que es fácil para la última tarea.	하이랜더의 기술로 몬스터를 처치. 마지막 과제치고는 쉬운 편이라 생각되는데요?				하이랜더 서브 마스터
QUEST_UNUSED_20151022_001151	Te he visto usar muy bien las habilidades que aprendiste anteriormente.{nl}No tendrás problemas para aprender habilidades de nivel superior sin ningún problema.{nl}Creo que puedo decirle a cualquiera con orgullo que fui yo quien te enseñó las habilidades.	기존에 익혔던 기술들을 능숙하게 사용하시는 걸 보았습니다.{nl}상급 기술도 무리없이 배울 수 있겠군요.{nl}당신에게 기술을 전수한 것이 바로 저라고 누구에게든 자랑할 수 있을 것 같습니다.				하이랜더 서브 마스터
QUEST_UNUSED_20151022_001152	Derrotarías fácilmente cualquier tipo de demonio.{nl}Pero, para derrotar a los verdaderos demonios malos, tendrás que esforzarte mucho.{nl}I te abriré el verdadero camino de Peltasta.	그 정도면 왠만한 마족들은 손쉽게 해치울 수 있겠네요.{nl}하지만 진짜 나쁜 녀석들을 없애기 위해서는 좀 더 정진하실 필요가 있습니다.{nl}제가 당신께 진정한 펠타스타의 길을 열어드리죠.				펠타스타 서브 마스터
QUEST_UNUSED_20151022_001153	Pero al menos deberías superar el requisito mínimo. {nl}Vuelve después de derrotar a Chapparitions de Karolis Springs.	하지만 최소한의 조건은 통과하셔야 합니다.{nl}카롤리스 샘터에서 채퍼리션을 해치우고 오세요.				펠타스타 서브 마스터
QUEST_UNUSED_20151022_001154	Las comparaciones no son difíciles si pensamos en el coraje que nos has demostrado hasta ahora.{nl}No te preocupes demasiado.	여태까지 보여주신 용맹을 생각하면 채퍼리션 정도는 손쉬운 상대일 것입니다.{nl}너무 걱정 마세요.				펠타스타 서브 마스터
QUEST_UNUSED_20151022_001155	¡Muy bien! Ahora puedo reconocerte como un compañero soldado. {nl}I debería informar al maestro individualmente. {nl}I te mostraré el verdadero poder de Peltastas con mi autoridad.	훌륭합니다! 그 정도 실력이라면 제가 전우로 인정해드릴만하군요.{nl}마스터께는 따로 보고를 드려야겠군요.{nl}우선 저의 권한으로 당신께 펠타스타의 진정한 힘을 알려드리겠습니다.				펠타스타 서브 마스터
QUEST_UNUSED_20151022_001156	Tu crecimiento es realmente sorprendente. Puedo sentir algo diferente en ti.{nl}Estoy seguro de que te volverás más fuerte. ¿Estás listo para pasar al siguiente nivel?	당신의 성장은 놀라울 정도로군요. 여타의 수련생들과는 무언가 다른 것이 느껴집니다.{nl}당신이라면 좀 더 강해질 수 있을 겁니다. 다음단계로 나아갈 준비는 되셨습니까?				하플라이트 마스터
QUEST_UNUSED_20151022_001157	Hay un monstruo al que me enfrenté hace mucho tiempo. {nl}Se escapó y me preocupaba que pudiera lastimar a otras personas.	제가 과거 상대하던 몬스터가 하나 있습니다.{nl}도중에 녀석은 도망쳐버렸고 저는 사람들이 피해를 입지 않을지 전전긍긍했지요.				하플라이트 마스터
QUEST_UNUSED_20151022_001158	Hay un rumor de que apareció de nuevo.{nl}Por favor, mátalo de mi parte.{nl}Y como prueba, por favor tráeme el cincel que está en el cuerpo del monstruo.	최근 그 녀석이 다시 나타났다는 소문이 있습니다.{nl}제 대신 녀석의 숨통을 끊어 주시기 바랍니다.{nl}그리고 그 증표로 아직도 녀석의 몸에 박혀있을 제 창 끝을 가져다 주십시오.				하플라이트 마스터
QUEST_UNUSED_20151022_001159	Derrota a Sparnasman en 64_2 del Monasterio Bracken y tráeme la punta de mi lanza.	고사리 수도원64_2에서 스파나스맨을 처치하시고 제 창 끝을 가져다 주세요.				하플라이트 마스터
QUEST_UNUSED_20151022_001160	Esa es definitivamente la punta de mi lanza que estaba en el cuerpo del monstruo. {nl}Puedo decir con orgullo que nuestro competente Hopelite lo derrotó.	확실히 그것은 제가 과거 녀석의 몸에 박아넣었던 창의 끝부분이 맞군요.{nl}녀석은 우리의 유능한 하플라이트가 쓰러뜨렸노라고 여기저기 자랑할 수 있겠습니다.				하플라이트 마스터
QUEST_UNUSED_20151022_001161	Hmm... Te has vuelto muy fuerte. {nl} No sabía que habías completado el entrenamiento con tanta intensidad. Podrás aprender las habilidades de la siguiente etapa.	흠... 제법 강해졌구만?{nl}그 정도까지 수련을 해내다니, 다음 단계의 기술도 배울만 하겠어.				바바리안 서브 마스터
QUEST_UNUSED_20151022_001162	Por supuesto, no puedo enseñarte gratis. ¡Demuestra la fuerza que tienes! {nl} Sin ningún efecto de mejora en tu cuerpo, regresa después de derrotar a los monstruos en Feretory Hills.	물론 그저 가르쳐 줄 수는 없지. 자네가 가진 힘을 증명해보게!{nl}신체에 아무런 강화효과를 받지 않는 상태에서 페레토리 구릉의 몬스터들을 처치하고 오게.				바바리안 서브 마스터
QUEST_UNUSED_20151022_001163	Demuestra la fuerza de la espada.	순수하게 그 검의 위력만을 증명해 보게.				바바리안 서브 마스터
QUEST_UNUSED_20151022_001164	Eres mucho más útil de lo que esperaba.{nl}A mi hermano le alegraría saber que un muchacho competente como tú se convirtió en bárbaro.	자네 생각 이상으로 쓸만한 것 같군.{nl}이런 인재가 바바리안으로 들어온 것을 알면 형님도 기뻐하시겠어.				바바리안 서브 마스터
QUEST_UNUSED_20151022_001165	Conoces bien la estructura del escudo. {nl} Puedes venir a verme en cualquier momento para aprender.	방패의 구조에 대해 제법 아는 친구로군.{nl}내게 배우러 얼마든지 찾아 와도 좋아.				로델레로 마스터
QUEST_UNUSED_20151022_001166	Catafracta. {nl}No sé si te quedaría bien.	캐터프랙트라. {nl}자네에게 어울릴지는 잘 모르겠는데.				캐터프랙트 마스터
QUEST_UNUSED_20151022_001167	Me gusta tu espíritu.{nl}TIntenta derrotar monstruos tipo Bestia en Feretory Hills.	패기는 마음에 드는군.{nl}그렇다면 페레토리 구릉의 야수몬스터들을 처치해보게.				캐터프랙트 마스터
QUEST_UNUSED_20151022_001168	Desde Medzio Diena, los monstruos que causan más daño son los de tipo Bestia. {nl} Derrota a los monstruos de tipo Bestia en Feretory Hills.	신수의 날 이후 늘어난 몬스터 중에 사람들에게 가장 피해를 주는게 야수형들이야.{nl}페레토리 구릉의 야수 몬스터를 처치하게.				캐터프랙트 마스터
QUEST_UNUSED_20151022_001169	Creo que podrías alcanzar un nivel superior Krivis.{nl}¿Quieres recibir la prueba?	당신의 실력이라면 좀 더 높은 경지의 크리비가 되실 수 있을 것 같군요.{nl}시험을 받아 보시겠습니까?				크리비 서브 마스터
QUEST_UNUSED_20151022_001170	Con esta joya, ve a Feretory Hills.{nl}Haz cicatrices en los monstruos y usa el poder de la joya para purificarlos.{nl}Cuando hagas eso, quedarán cenizas. Por favor recójalos.	이 보석을 가지고 페레토리 구릉으로 가세요.{nl}몬스터들에게 상처를 입힌 다음 보석의 힘으로 몬스터를 정화하시기 바랍니다.{nl}그러면 재가 남을텐데 그것을 모아오세요.				크리비 서브 마스터
QUEST_UNUSED_20151022_001171	No te preocupes. Es la llama sagrada por lo que no os hará daño.	안심하세요. 성스러운 불꽃의 기운이니 당신에게는 해가 없을 겁니다.				크리비 서브 마스터
QUEST_UNUSED_20151022_001172	Como resultado, tu competencia ha quedado demostrada.{nl}Felicitaciones por tu entrada a la última etapa de Krivis.{nl}Quiero que ayudes a los que están luchando con el poder que tienes.	이것으로 당신의 실력이 입증되었군요.{nl}크리비로서 마지막 단계에 들어서신 것을 축하드립니다.{nl}앞으로도 그 힘으로 힘겨운 이들에게 도움을 주시기 바랍니다.				크리비 서브 마스터
QUEST_UNUSED_20151022_001173	Ahora es el momento de partir hacia un lugar lejano y difundir la bendición de las diosas.{nl}Pero nunca sabemos qué tipo de peligros nos esperan.{nl}Especialmente en tiempos como los actuales.	이제 먼 곳으로 떠나 여신의 은총을 퍼뜨리셔야 할 때가 온 것 같군요.{nl}하지만 여행길에는 어떤 위험이 도사리고 있는지 모르는 법.{nl}지금같은 시기에는 더욱 그렇지요.				프리스트 서브 마스터
QUEST_UNUSED_20151022_001174	Por favor muéstranos que al menos puedes protegerte.	그대가 최소한 스스로는 지킬 수 있는지 보여주시기 바랍니다.				프리스트 서브 마스터
QUEST_UNUSED_20151022_001175	Los monstruos de Feretory Hills serían suficientes. {nl}Vuelve después de derrotarlos.	페레토리 구릉의 몬스터 정도면 적당하겠군요.{nl}그들을 소탕하고 돌아오시기 바랍니다.				프리스트 서브 마스터
QUEST_UNUSED_20151022_001176	No podemos salvar a otras personas simplemente confiando en la divinidad. {nl}Hay ocasiones en las que necesitamos usar algo de fuerza.	신성에 기대어서만은 사람들을 구제할 수 없는 법이지요.{nl}때로는 무력을 필요로 할 때도 있습니다.				프리스트 서브 마스터
QUEST_UNUSED_20151022_001177	No tendrás problemas para viajar muy lejos. {nl} Como sacerdote, mantén la mente y cumple con tus deberes con todo tu corazón.	그 정도라면 먼 여행을 떠나셔도 무리는 없겠군요.{nl}프리스트로서의 마음가짐을 항상 가슴에 새기고 그대의 사명을 다 하십시오.	QUEST_JOBSTEP_20150317_000495	Well done. {nl}In the name of the goddess, please judge the evil in this world so they are unable to get a foothold.	수고하셨습니다. {nl}앞으로도 부정한 것들이 이 땅에 발을 붙이지 못하도록 여신의 이름으로 심판해 주십시오.	프리스트 서브 마스터
QUEST_UNUSED_20151022_001178	Ahora es el momento de pasar al siguiente nivel de Bokor.{nl}Quiero pronosticar tu futuro como uno de tus colegas.{nl}Enfréntate a los monstruos violentos y tráeme las cartas que sueltan.	보코르의 다음 단계로 나아가실 때가 되었군요.{nl}이제 입문자가 아닌, 같은 길을 걸어나가는 동료로서 당신의 미래를 점쳐보고 싶네요.{nl}흉포한 몬스터를 상대하시고 그들이 떨구는 카드를 가져다 주세요.				보코르 서브 마스터
QUEST_UNUSED_20151022_001179	El maestro me dijo que ya está decidido quién y qué cartas traerán. {nl}Sin embargo, con mis habilidades, no sé qué cartas traerías.	마스터께서는 누가 어떤 카드를 가져오게 될지는 모두 정해져 있다고 하시지요.{nl}하지만 제 능력으로는 당신이 어떤 카드를 가져오실지 알 수가 없네요.				보코르 서브 마스터
QUEST_UNUSED_20151022_001180	¿La luz, la salvación, el vicio y la joya maldita..? Esto es todo lo que puedo leer. {nl} Rara vez se escriben. Especialmente la última palabra es significativa.	빛과 구원, 징악. 저주받은 보석...? 제가 읽어낼 수 있는 단어는 이 정도로군요.{nl}모두 좀처럼 나오지 읽히지 않는 단어들입니다. 특히 마지막 단어가 의미심장하네요.				보코르 서브 마스터
QUEST_UNUSED_20151022_001181	Es tu deber interpretarlos.{nl}Pero pareces alguien con un destino anormal a diferencia de otras personas.{nl}Espero que puedas cumplir con todos tus deberes.	해석은 당신의 몫입니다.{nl}하지만 당신은 다른 사람들과는 다른, 커다란 운명을 짊어진 분 같군요.{nl}부디 당신에게 내려진 사명을 다하실 수 있기를 바라겠습니다.				보코르 서브 마스터
QUEST_UNUSED_20151022_001182	Cuando me separé de Tesla, me dio una tarea.{nl}Tengo que tallar una escultura especial, pero los materiales son difíciles de conseguir.{nl}Me dijo que le pidiera a alguien en quien pudiera confiar y creo que eres la persona adecuada.	테슬라님과 마지막으로 헤어지던 때, 제게 숙제를 내 주신 것이 있지요.{nl}특별한 조각을 깎아내야 하는 과제인데 재료부터가 만만치가 않아요.{nl}믿을만한 사람에게 부탁하라고 말씀하셨는데 마침 당신이 계시네요.				딥디르비 서브 마스터
QUEST_UNUSED_20151022_001183	Podrás encontrarte con un monstruo llamado Sparnasman en 64_2 de Bracken Forest.{nl}Por favor, tráeme el cuerno en tu cabeza.	고사리 수도원64_2에서 스파나스맨이란 몬스터를 마주치실 수 있을 거에요.{nl}녀석의 머리에 난 그 뿔을 가져다 주세요.				딥디르비 서브 마스터
QUEST_UNUSED_20151022_001184	No me pidió que lo salvara yo mismo, pero quiere que le pregunte a alguien en quien pueda confiar... {nl}Creo que también está poniendo a prueba mi benevolencia.	직접 구하라고 하시지 않고 믿을만한 사람에게 부탁하라고 하시다니...{nl}제 인망도 같이 시험하시려는 게 아닐까요.				딥디르비 서브 마스터
QUEST_UNUSED_20151022_001185	Los trajiste bien. Puedo decir que son los materiales que te pedí. {nl} Como prometí, te enseñaré habilidades de alto nivel de Dievdirbys.	가져 오셨군요. 제가 부탁드린 재료가 틀림 없네요.{nl}약속대로 딥디르비의 상위 기술을 가르쳐 드릴게요.				딥디르비 서브 마스터
QUEST_UNUSED_20151022_001186	¿Quieres entrar en el camino de Sadhu? {nl}Está bien. Aunque es difícil para mí tomar la prueba oficial ya que solo mi espíritu está aquí...{nl}I te probaré con mi método.	사두의 길에 입문하시겠습니까?{nl}좋습니다. 비록 저는 유체만이 이곳에 있어 정식 시험을 치루기는 무리입니다만...{nl}나름의 방식으로 당신을 시험해 보겠습니다.				사두 마스터
QUEST_UNUSED_20151022_001187	Te pasaré mis energías.{nl}Cuando uses esa energía en Feretory Hills, una parte de los espíritus de los monstruos se mezclará.{nl}Derrota a ese monstruo y regresa después de absorber el espíritu.	저의 기운을 당신에게 전달해 드릴 것입니다.{nl}페레토리 구릉에서 그 기운을 사용하시면 몬스터의 영혼 일부가 섞이게 됩니다.{nl}그 몬스터를 처치하시고 영혼을 흡수한 다음 돌아오세요.				사두 마스터
QUEST_UNUSED_20151022_001188	Parece que los espíritus de los monstruos aún no son suficientes. {nl} Todavía no puedo abrir el camino a Sadhu.	아직 몬스터의 영혼이 충분치 않은 것 같군요.{nl}아직은 사두의 길을 열어드릴 수 없습니다.				사두 마스터
QUEST_UNUSED_20151022_001189	Puedo sentir el gran poder del espíritu en ti... {nl}Puedo ver cuán grande es tu competencia. Felicitaciones por tu entrada al camino de Sadhu.{nl}Te enseñaré las habilidades de Sadhu aunque solo mi espíritu está aquí.	당신에게 충만한 영혼의 힘이 느껴집니다...{nl}당신의 능력은 잘 알겠습니다. 사두로의 입문을 축하드리겠습니다.{nl}유체로나마 당신에게 사두의 기술을 알려드리지요.				사두 마스터
QUEST_UNUSED_20151022_001190	¿Quieres entrar en el camino del Paladín? {nl}Es diferente a otros sacerdotes. Para convertirte en Paladín, debes poseer un gran poder.	팔라딘에 입문하시려는 건가요?{nl}다른 성직과는 다릅니다. 팔라딘이 되려면 그만큼 강한 힘이 뒷받침 되어야합니다.				팔라딘 서브 마스터
QUEST_UNUSED_20151022_001191	Bien. Eres hábil.{nl}Está bien, entonces, ¿te pongo a prueba? Vuelve después de derrotar a los monstruos en Feretory Hills.	좋습니다. 자신만만하시군요.{nl}그럼 시험해볼까요? 페레토리 구릉의 몬스터들을 처치하고 오세요.				팔라딘 서브 마스터
QUEST_UNUSED_20151022_001192	Nosotros, los Paladines, estamos en primera línea cuando luchamos contra los demonios. {nl} Con las habilidades inciertas que tienes, pronto experimentarás algo desafortunado.	우리 팔라딘은 마족과의 싸움에서 최전선에 서 있는 자들입니다.{nl}어중간한 실력으로는 뜻이 좋더라도 금방 불행한 일을 당하고 말겁니다.				팔라딘 서브 마스터
QUEST_UNUSED_20151022_001193	Lo has hecho mucho mejor de lo que esperaba. {nl} Como prometí, te nombraré Paladín en nombre del Maestro.	기대 이상으로 잘 해 주셨네요.{nl}약속대로 마스터를 대신해서 당신을 팔라딘으로 임명하겠습니다.				팔라딘 서브 마스터
QUEST_UNUSED_20151022_001194	Ahora es el momento de realizar la última prueba.{nl}¿Estás listo para mostrarme las habilidades que has acumulado?	어느덧 마지막 시험을 치룰 때가 온 것 같습니다.{nl}여태까지 쌓은 능력을 보여주실 준비가 되었습니까?				하플라이트 마스터
QUEST_UNUSED_20151022_001195	El Cruce de Apsimesti solía ser el último lugar de prueba para los hoplitas. {nl}Muchos de tus mayores lucharon contra los monstruos hasta que sus lanzas se desgastaron. {nl}I pondré a prueba tus calificaciones al verte reunir esas lanzas rotas.	압시메스티 교차로는 옛부터 하플라이트의 마지막 시험 무대였습니다.{nl}당신의 많은 선배들이 그곳에서 창이 부러질 때까지 몬스터와 사투를 벌이곤 했습니다.{nl}그들의 부러진 창을 모아 오는 것으로 당신의 마지막 자격을 심사해보죠.				하플라이트 마스터
QUEST_UNUSED_20151022_001196	Esta prueba no es solo para medir tu fuerza.{nl}La etapa que estás tratando de alcanzar no se puede alcanzar tan fácilmente.{nl}También debes verificar cómo otros intentaron alcanzar ese nivel.	이 시험은 단순히 당신의 강함만을 측정하기 위함은 아닙니다.{nl}당신이 도달하려는 경지는 쉽게 다다를 수 없는 단계입니다.{nl}다른 이들이 그것을 위해 어떤 노력을 했는지 확인하라는 의미도 포함하고 있습니다.				하플라이트 마스터
QUEST_UNUSED_20151022_001197	Bien hecho. En el futuro, un nuevo hoplita seguirá tus huellas.{nl}Ya estás en la etapa maestra, pero si falta algo, ven a visitarme.	수고하셨습니다. 훗날 새로운 하플라이트는 당신의 흔적을 좇겠지요.{nl}당신은 이미 대가의 경지이지만 혹시나 부족한 것이 있으면 저를 찾아 주시길.				하플라이트 마스터
QUEST_UNUSED_20151022_001198	Ahora puedo llamarte Rodelero.{nl}Sin embargo, para volverte más fuerte, a veces también debes conocer tu fuerza.	그 정도면 어엿한 로델레로라 할 수 있겠어.{nl}그러나 진정 강해지기 위해서는 때로는 자신의 강점을 포기할 줄도 알아야지.				로델레로 마스터
QUEST_UNUSED_20151022_001199	Creo que estás listo.{nl}Si es así, derrota a los monstruos en Apsimesti Crossroads sin usar un escudo.{nl}De hecho, enfréntate a los monstruos sin equiparlos.	준비는 된 것 같군.{nl}그렇다면 방패를 사용하지 않고 압시메스티 교차로의 몬스터를 해치우고 와.{nl}아니, 애초에 착용하지 않은 상태에서 몬스터를 해치우고 오는 게 좋겠군.				로델레로 마스터
QUEST_UNUSED_20151022_001200	Los escudos son el colega más confiable de Rodelero.{nl}Pero un espadachín debe ser fuerte.	방패는 로델레로의 가장 듬직한 전우지.{nl}하지만 전사라면 스스로 강해야할 필요가 있다.				로델레로 마스터
QUEST_UNUSED_20151022_001201	Pude comprobar el potencial nuevamente.{nl}Como sabes, mi enseñanza es muy estricta por lo que debes estar bien preparado.	다시 한 번 그 가능성을 확인할 수 있었다.{nl}알다시피 내 가르침은 엄격하니까 단단히 각오해야 할 거야.				로델레로 마스터
QUEST_UNUSED_20151022_001202	¿Qué te parece? ¿Entiendes ahora qué es el piercing? {nl}Bien, entonces preparémonos para pasar al siguiente nivel.	어때, 이제 찌른다는 게 뭔지 알겠나?{nl}그럼 다음 단계로 나아가기 위한 준비를 해보자.				캐터프랙트 마스터
QUEST_UNUSED_20151022_001203	Supongamos que la lanza que puede atravesar a cualquier enemigo es tu brazo. {nl} Podemos decir que las piernas son tu compañero que te da movilidad. {nl} Derrota a los enemigos en Apsimesti Crossroads mientras estás montado en un compañero.	어떤 적도 꿰뚫을 수 있는 창이 자네의 팔이라고 치지.{nl}그렇다면 다리는 단연 기동력을 제공해주는 자네의 컴패니언이라고 할 수 있을걸세.{nl}컴패니언에 올라탄 채로 압시메스티 교차로의 적들을 토벌하고 오게.				캐터프랙트 마스터
QUEST_UNUSED_20151022_001204	Si no te acostumbras a luchar contra los demás mientras estás montado en un compañero, renuncia a Cataphract.{nl}No tienes mareos, ¿verdad?	컴패니언을 타고 싸우는 전투에 익숙해지지 않는다면 캐터프랙트는 포기하게.{nl}설마 멀미하는 것은 아니겠지?				캐터프랙트 마스터
QUEST_UNUSED_20151022_001205	Te convertirás en una buena caballería después de que el reino sea reconstruido en el futuro. {nl}Por supuesto, hasta entonces, usa las habilidades que te enseñaré y cumple con tus deberes de la mejor manera.	자네라면 추후 왕국이 재건된 후에 훌륭한 기병이 될 수 있겠어.{nl}물론 그때까지 내가 가르쳐 주는 기술을 이용해서 자네의 사명을 다하게.				캐터프랙트 마스터
QUEST_UNUSED_20151022_001206	Has superado todas las tareas anteriores y tu tasa de crecimiento también es asombrosa. {nl} ¡No tendrás ningún problema para ingresar a la última etapa de Bokor!	지난 과제들도 무난히 통과한데다 성장속도도 무시못할 수준이군요.{nl}당신이라면 보코르의 마지막 단계에 들어서도 괜찮을 것 같아요!				보코르 서브 마스터
QUEST_UNUSED_20151022_001207	No, no. No deberías quedarte satisfecho demasiado pronto.{nl}Ahora es tu turno de utilizar las habilidades que has aprendido hasta ahora.{nl}Derrota a los monstruos en Apsimesti Crossroads.	아니아니, 너무 미리부터 좋아하진 마세요.{nl}이제는 그간 배운 기술을 응용해 보는 시험을 치룰 차례랍니다.{nl}압시메스티 교차로에서 몬스터들을 처치해 보세요.				보코르 서브 마스터
QUEST_UNUSED_20151022_001208	Las habilidades que has aprendido se utilizarán eficazmente en las batallas. {nl} No sería tan peligroso en Apsimesti Crossroads.	배우신 기술들은 전투에 매우 유용하게 쓰이곤 하죠.{nl}압시메스티 교차로라면 크게 위험하진 않을 거에요.				보코르 서브 마스터
QUEST_UNUSED_20151022_001209	¡Bien hecho! {nl} Ahora tu viaje como Bokor realmente ha comenzado.	수고하셨어요!{nl}이제 보코르로서의 진짜 여정이 시작되었군요.				보코르 서브 마스터
QUEST_UNUSED_20151022_001210	¡Apenas me puse en contacto con Tesla!{nl}Te escribí en la carta y seguramente tiene grandes expectativas puestas en ti.{nl}Entonces, ¿qué tal si pruebas el último nivel de Dievdirbys?	간신히 테슬라님과 연락이 닿았어요!{nl}당신에 대해서 편지에 적었더니 기대되는 인재라고 하시더군요.{nl}그런 의미에서 딥디르비의 마지막 단계에 도전해보시는 건 어떨까요?				딥디르비 서브 마스터
QUEST_UNUSED_20151022_001211	Al completar la solicitud que nos enviaron, la consideraré como tu prueba de avance. {nl} La solicitud es reparar la estatua de las diosas, pero necesitamos los materiales para el aceite perfumado que se usará para la reparación. {nl} Por favor, reúne los trozos de aceite de Ashrongs en la región del Acueducto.	그럼 저희에게 들어온 청원을 수행하는 것으로 승급시험을 대신하도록 해보죠.{nl}여신상을 보수해 달라는 청원인데 여기에 쓰일 향유의 재료가 필요하답니다.{nl}수로교 지역에서 아슈롱의 기름덩어리를 모아다 주세요.				딥디르비 서브 마스터
QUEST_UNUSED_20151022_001212	Cuando recojas los trozos de aceite de Ashrongs, lo refinaré y lo convertiré en aceite perfumado.	아슈롱의 기름덩어리를 모아다 주시면 제가 정제하여 향유로 만들거에요.				딥디르비 서브 마스터
QUEST_UNUSED_20151022_001213	Hemos completado la etapa de preparación.{nl}Si esperas un poco, te prepararé aceite perfumado.	일단 준비단계는 마쳤네요.{nl}잠시만 기다리시면 제가 향유를 만들어드릴게요.				딥디르비 서브 마스터
QUEST_UNUSED_20151022_001214	Se ha completado el aceite perfumado.{nl}Con este aceite perfumado, repara la estatua de Vakarine en Orsha y Fedimian.	향유가 다 만들어졌어요.{nl}이제 이 향유를 가지고 오르샤와 페디미안에 있는 바카리네 여신상을 보수해주세요.				딥디르비 서브 마스터
QUEST_UNUSED_20151022_001215	Escuché que uno puede pasar fácilmente a Fedimian usando el poder de la Estatua de la Diosa. {nl}Podríamos reducir algo de tiempo.	여신상의 힘을 사용하면 페디미안까지 쉽게 이동할 수 있다고들 하네요.{nl}조금이라도 시간을 줄일 수 있겠네요.				딥디르비 서브 마스터
QUEST_UNUSED_20151022_001216	Creo que los ciudadanos de las dos ciudades tendrán esperanza con sólo mirar las estatuas limpias.	깨끗한 여신상을 보는 것만으로도 두 도시 시민들에게 희망이 샘솟지 않을까요?				딥디르비 서브 마스터
QUEST_UNUSED_20151022_001217	Has regresado de un largo camino. Tesla seguramente te felicitaría. {nl} Te volverías genial a partir de ahora. {nl} Supongo que ahora tengo un rival.	먼 길 다녀오느라 고생하셨어요. 테슬라님도 분명 칭찬하실거에요.{nl}당신은 앞으로도 굉장해지실 것 같아요.{nl}이거, 딥디르비로서 라이벌이 생겼는걸요?				딥디르비 서브 마스터
QUEST_UNUSED_20151022_001218	Has llegado en el momento adecuado.{nl}He oído que el número de Triamublos Rojos ha aumentado mucho en Apsimesti Crossroads y están amenazando a los aldeanos.{nl}Si quieres dar un paso adelante como un verdadero Sadhu, comparte tus habilidades.	마침 잘 오셨습니다.{nl}압시메스티 교차로의 붉은 트리암불로가 크게 불어나 주민들을 위협하고 있다고 합니다.{nl}당신이 진정한 사두로서 한 걸음 더 내딛고 싶다면 당신의 능력을 베푸십시오.				사두 마스터
QUEST_UNUSED_20151022_001219	Para la próxima prueba, enfréntate a monstruos más fuertes.{nl}¿Estás listo?	다음 시험은 보다 강한 몬스터들을 상대해보죠.{nl}준비는 되셨습니까?				팔라딘 서브 마스터
QUEST_UNUSED_20151022_001220	Por favor, lleva estas reliquias a The Starving Demon's Way.{nl}Cuando reacciones las reliquias al altar abandonado allí arriba, aparecerán los monstruos.{nl}¿Sabes qué sigue incluso si no te digo nada, verdad?	이 오래된 성물을 가지고 큰아귀 길로 가세요.{nl}위쪽 막다른 곳에 버려진 제단에 성물을 반응시키면 몬스터들이 나올 겁니다.{nl}그 다음은 말씀드리지 않아도 아시겠지요?				팔라딘 서브 마스터
QUEST_UNUSED_20151022_001221	El altar abandonado está en el callejón sin salida de Starving Demon's Way allí arriba.	버려진 제단은 큰아귀 길 위쪽 막다른 지점에 있습니다.				팔라딘 서브 마스터
QUEST_UNUSED_20151022_001222	Bien hecho. Has subido a un nivel superior. {nl} Posees las habilidades que quiero mostrarle a mi tío, que es un maestro.	수고하셨어요. 보다 높은 경지로 또 한 발을 내딛으셨군요.{nl}마스터로써 중요 임무 중인 저희 삼촌께도 보여드렸으면 싶은 실력이시네요.				팔라딘 서브 마스터
QUEST_UNUSED_20151022_001223	Has mejorado de nuevo. Mi tío se sorprenderá.{nl}Deberías realizar la prueba para pasar a la última etapa.{nl}Necesitamos la forma de demostrar tu habilidad.	그 사이 실력이 또 일취월장하셨군요. 이 정도라면 저희 삼촌도 놀라겠는걸요.{nl}아무래도 마지막 단계로 나아가기 위한 시험을 치르셔야겠어요.{nl}그 실력을 증명할 방법이 필요하겠군요.				팔라딘 서브 마스터
QUEST_UNUSED_20151022_001224	Conozco un oponente adecuado contra el que puedes luchar. {nl}Los monstruos llamados Gaigalas se están volviendo locos en Tenants' Farm.	마침 적당한 상대를 알고 있지요.{nl}테넌츠 농장에서 가이갈라스라는 몬스터가 날뛰는 모양이에요.				팔라딘 서브 마스터
QUEST_UNUSED_20151022_001225	Puedo ver lo genial que eres.{nl}Pero, para avanzar, necesitamos una verificación más clara.	보여주신 행적만으로도 그 실력은 짐작이 가네요.{nl}하지만 승급을 위해서는 보다 명확한 확인이 필요해서요.				팔라딘 서브 마스터
QUEST_UNUSED_20151022_001226	De hecho, pensé que iba a ser peligroso, pero supongo que no entendí bien tus habilidades. {nl}Bien hecho. Cualquiera te reconocería como un Paladín de alto nivel.	솔직히 좀 위험하지 않을까 싶었는데 제가 당신의 실력을 오판한 모양이군요.{nl}대단하군요. 당신이라면 누구라도 가장 높은 경지의 팔라딘으로 인정할 겁니다.				팔라딘 서브 마스터
QUEST_UNUSED_20151022_001227	Estoy buscando el paradero de la Diosa Zemyna.{nl}Todos saben que la diosa ha desaparecido.{nl}	전 제미나 여신의 행방을 찾고 있어요.{nl}여신께서 행방불명되셨다는 건 누구나 다 아는 이야기지요.{nl}	QUEST_UNUSED_20151001_000531	I'm looking for Goddess Zemyna.{nl}Everyone knows the goddess is missing.{nl}	전 제미나 여신의 행방을 찾고 있어요.{nl}여신께서 행방불명되셨다는건 누구나 아는 이야기지요.{nl}	보코르 유타
QUEST_UNUSED_20151022_001228	Esas reliquias pertenecen a las diosas.{nl}No deberías insultar a los muertos bromeando en nombre de la diosa.{nl}	역시 그 성물은 여신의 성물이 아니었구나.{nl}여신의 이름을 팔아서 이런 장난을 치다니 고인을 모욕하는 것도 정도껏 해야지.{nl}	QUEST_LV_0100_20151001_008776	No wonder. That object wasn't that of the goddess. {nl}Using the name of the goddess into tricks like this. They have really crossed the line. {nl}	역시 그 성물은 여신의 성물이 아니었구나.{nl}여신의 이름을 팔아서 이런 장난을 치다니 고인을 모욕하는 것도 정도껏이지.{nl}	묘지기 시기스
QUEST_UNUSED_20151022_001229	¿Qué?{nl}¿Qué has traído aquí?{nl}Ah... no importa. Si estás bien, ¿puedes ayudarme?{nl}	응?{nl}이렇게 인적 드문 숲에는 어쩐 일로 오신거죠?{nl}아.. 그건 아무래도 좋아요. 괜찮으시면 절 좀 도와주시겠어요?{nl}	QUEST_UNUSED_20151016_000798	Hey, you.{nl}What are you doing here in this far off forest?{nl}Well, it doesn't matter. Whoever you are, can you give me a hand?	이봐요. 당신.{nl}누구길래 이렇게 인적 드문 숲을 찾아온거죠?{nl}아 됐어요. 누구라도 상관없어. 절 좀 도와주세요.{nl}	드루이드 레야
QUEST_UNUSED_20151022_001230	Los has traído bien. Gracias.{nl}Quiero pagarte en el pueblo..{nl}Sin embargo, nosotros, los aldeanos, no damos la bienvenida a los forasteros..{nl}	제대로 구해오셨네요. 고마워요.{nl}마을로 모셔가서 보답해드리고 싶지만..{nl}우리 마을 사람들은 외지인을 반기는 편이 아니라서요..{nl}	QUEST_LV_0100_20151016_009822	Thanks. But our townspeople usually stay away from the outsiders.{nl}It is a rare sight to see them asking an outsider for a favor.{nl}If you are thinking of going to my town, turn away now.	고마워요. 하지만 우리 마을 사람들은 외지인을 많이 꺼려요.{nl}외지인에게 부탁을 하는 일은 매우 드물죠.{nl}만약 우리 마을에 갈 생각이라면 돌아가시는 편이 좋을 것 같아요.	드루이드 레야
QUEST_UNUSED_20151022_001231	En tu camino de regreso, ¿has visto a los demonios con el hacha gigantesca y a la chica que estaba siendo perseguida tras el demonio? {nl} El demonio con la gran hacha es el Señor Demonio Zaura... {nl} El Revelador y la chica no deberían encontrarse... No es algo normal... {nl}	돌아오는 길에 거대한 도끼를 든 마족과 그 마족에게 쫓기는 소녀를 보셨다구요?{nl}거대한 도끼를 든 마족이라면 마군주 자우라인데..{nl}계시자와 소녀를 만나게 해서는 안된다니.. 확실히 심상치 않은 일이네요..{nl}	QUEST_LV_0100_20151016_009823	On your way here, you have met a girl and a demon that was chasing her?{nl}Never let a Revelator meet up with the girl...{nl}Not all that jolly.. but it seems it's none of your business, don't you think so?	돌아오는 길에 소녀와 소녀를 쫓는 마족을 만났다고요?{nl}계시자와 소녀를 만나게 해선 안된다라..{nl}심상치 않긴 하지만.. 그 쪽이랑은 상관없는 일인 것 같은데요?	드루이드 레야
QUEST_UNUSED_20151022_001232	Debería decirle esto a la aldea y hacérselo saber a los aldeanos. {nl} No podemos permitir que los forasteros corran peligro debido a los asuntos de nuestra aldea.	이 일은 마을에 알리고 마을 사람들과 알아봐야겠어요.{nl}우리 마을 일로 외지인을 위험에 빠뜨릴 수는 없죠.				드루이드 레야
QUEST_UNUSED_20151022_001233	¿Qué? ¿Eres el Revelador?{nl}Si es así, ¿has venido aquí después de soñar con el desastre?{nl}.. Si es así, puedes ser el Revelador en el folclore que se transmite en nuestro pueblo.{nl}	네? 당신이 계시자라고요?{nl}그렇다면 혹시 재앙의 꿈을 꾸고 이 곳으로 온건가요?{nl}..그렇다면 당신이 우리 마을에 내려오는 전승 속의 계시자일지도 모르겠어요.{nl}	QUEST_LV_0100_20151016_009824	I beg your pardon? You are the Revelator?{nl}That must mean you also had that a horrible nightmare as well.{nl}...Perhaps you are the outsider the legend talks about.{nl}	네? 당신이 그 계시자라고요?{nl}그렇다면 당신도 그 흉몽을 꾼 건가요?{nl}..어쩌면 당신이 전승 속의 이방인일지도 모르겠네요.{nl}	드루이드 레야
QUEST_UNUSED_20151022_001234	En nuestro pueblo, el pronóstico que dejó la diosa Laima se transmite como folklore.{nl}Cuando el pueblo estaba en peligro, el Revelador que vino a perseguir el sueño con la luz sagrada{nl}Se trataba de derrotar la energía maligna y salvar el pueblo.{nl}No es momento para esto. Deberíamos llegar al pueblo y descubrir más sobre él.{nl}	우리 마을에는 먼 옛날 라이마 여신께서 남긴 예지가 전승으로 내려오고 있어요.{nl}마을이 위기에 처했을 때 재앙의 꿈을 쫓아온 계시자가 성스러운 빛과 함께{nl}사악한 기운을 물리치고 마을을 구할거라는 내용이죠.{nl}이럴 때가 아니에요. 얼른 마을에 가서 확실히 알아봐야겠어요.{nl}	QUEST_LV_0100_20151016_009825	In our town, we have this legend told by Goddess Goddess Laima.{nl}When the town is in danger, worry not, there will come a stranger with the light divine{nl}Evil shall fall by the might of the light. {nl}It is no time to be standing here. I must go to town and see what's going on.{nl}	우리 마을에는 먼 옛날 라이마 여신께서 남긴 전승이 있어요.{nl}마을이 위기에 처했을 때 흉몽을 쫓아온 이방인이 성스러운 빛과 함께{nl}사악한 기운을 물리치고 마을을 구할거라는 전승이죠.{nl}이럴 때가 아니야. 얼른 마을에 가서 확실히 알아봐야겠어요.{nl}	드루이드 레야
QUEST_UNUSED_20151022_001235	Iré al pueblo y descubriré más sobre el folclore. {nl}Quiero que recuperes la comida que se llevaron los hurones. {nl}Aunque no damos la bienvenida a forasteros, si pudieras recuperar la comida que robaron los hurones, los aldeanos te ayudarían.	제가 먼저 마을로 가서 전승에 대해 좀 더 자세히 알아보고 있을테니{nl}계시자님은 페릿들이 훔쳐간 식량을 되찾아주세요.{nl}아무리 외지인을 꺼리더라도 페릿이 훔쳐간 식량을 되찾아주신다면 마을 사람들도 힘을 보탤 거에요.	QUEST_LV_0100_20151016_009826	Ah..about the food.. We do need to get back the food ferrets stole..{nl}The water in the forest turned red and the fruits have become unusually enlarged since Medzio Diena.{nl}The water and the fruits somehow are all poisoned.{nl}Food is scare around here. Those darn ferrets steal our food.{nl}	아.. 식량.. 페릿들이 훔쳐간 식량을 되찾아야하는데..{nl}신수의 날 이후 이 숲의 강물이 붉게 물들면서 과일들이 거대해졌어요.{nl}그리고 어째서인지 강물도 과일도 독성을 지니게 됐죠.{nl}덕분에 먹을 수 있는 식량이 귀해졌는데 그마저도 페릿들이 훔쳐가기 일쑤에요.{nl}	드루이드 레야
QUEST_UNUSED_20151022_001236	¿Eres tu? ¿Eres el Revelador del que hablaba Leja? {nl} Escuché que los sacerdotes del pueblo que fueron atacados por hurones fueron salvados por ti con el rayo. {nl} Finalmente has venido. Bien. El Revelador que va a salvar la aldea ha llegado.{nl}Ohoh... Diosa Laima... Gracias. No nos abandonaste...{nl}	자넨가? 자네가 레야가 말한 계시자인가?{nl}페릿에게 습격당한 마을 사제도 자네가 빛으로 구해줬다지?{nl}드디어 왔네. 왔어. 마을을 구할 계시자가 온게야.{nl}오오.. 라이마 여신이시여.. 감사합니다. 우릴 버리지 않으셨군요..{nl}	QUEST_LV_0100_20151016_009828	Ah, is that you whom Leja talked about?{nl}The town cleric says you have brought light into this village.{nl}Ye finally came. After all these years. The stranger to rescue.{nl}O! Praise be unto Goddess Laima... Our hearts sing prayers in full to you. You have not forsakened us..{nl}	자넨가? 자네가 레야가 말한 계시자인가?{nl}마을 사제 말로는 자네가 빛을 몰고 마을을 찾아왔다지?{nl}드디어 왔네. 왔어. 마을을 구할 이방인이 온게야.{nl}오오.. 라이마 여신이시여.. 감사합니다. 우릴 버리지 않으셨군요..{nl}	마을 촌장
QUEST_UNUSED_20151022_001237	¿Qué es eso? ¿No es esa la comida que robaron los hurones? {nl}¡Hola chicos! ¡Mira esto! ¡El Revelador recuperó la comida robada! {nl}Realmente has venido aquí para salvar nuestra aldea.{nl}Gracias. Muchas gracias.	그건 뭔가? 페릿이 훔쳐갔던 식량 아닌가?!{nl}이보게들! 이것 좀 보게! 계시자께서 페릿들이 훔쳐간 식량을 되찾아오셨네!{nl}정말 우리 마을을 구해주러 온 게 맞나보구만.{nl}고맙네. 정말 고마워.	QUEST_LV_0100_20151016_009829	What could that be? Ha! You actually managed to get the food back from the ferrets!{nl}You are truly the one to save our town. My deepest gratitude.	그건 뭔가? 이것 보게! 이방인이 페릿들이 훔쳐간 식량을 되찾아오셨네!{nl}정말 우리 마을을 구해주러 온 게 맞나보구만. 고맙네. 정말 고마워.	마을 촌장
QUEST_UNUSED_20151022_001238	Hace mucho tiempo, cuando la Diosa Laima desapareció después de pronosticar el siniestro futuro,{nl}Ella estaba preocupada por nosotros y le pidió a la Diosa Lada que cuidara de la aldea.{nl}Sin embargo, a diferencia del pronóstico de Laima, la aldea estaba en paz.{nl}{nl}	레야는 자네에게 도움이 될 것을 찾겠다며 먼저 제라하로 갔네.{nl}그 곳에는 라이마 여신을 모시던 선조들이 조각한 여신상이 있지.{nl}라이마 여신께서 필시 여신상에 자네를 위한 준비를 해뒀을 거라면서 말이네.{nl}제라하로 갈 생각이라면 가기 전에 내 얘기를 좀 들어보게나.{nl}	QUEST_LV_0100_20151016_009830	Leja went to Laimadon. Saying that Goddess Laima must have left something for us in the giant statue of her.{nl}	레야는 라이마돈으로 갔네. 라이마 여신께서 거대 여신상에 뭔가 남겨놨을 거라면서 말이야.{nl}	마을 촌장
QUEST_UNUSED_20151022_001239	Hace mucho tiempo, cuando la Diosa Laima desapareció después de pronosticar el siniestro futuro,{nl}Ella estaba preocupada por nosotros y le pidió a la Diosa Lada que cuidara de la aldea.{nl}Sin embargo, a diferencia del pronóstico de Laima, la aldea estaba en paz.{nl}	먼 옛날 라이마 여신께서는 불길한 미래를 예지하시고 자취를 감추셨을 때,{nl}남은 우리를 걱정한 라이마 여신께서는 라다 여신께 마을을 부탁하셨네.{nl}하지만 라이마 여신의 걱정과는 달리 마을은 평화로웠어.{nl}	QUEST_LV_0100_20151016_009831	According to the legend told. This town was formerly a town that worshiped Goddess Laima in Goddess Laimadon.{nl}Long ago, Goddess Laima went on a pilgrimage after foreseeing the terrible future. {nl}Goddess Laima cared deeply about the townspeople and asked Goddess Lada to look after us when she is gone.{nl}And if a great threat, even greater than the power of Goddess Lada, a stranger chasing a nightmore will arrive{nl}along with the light and save the town.{nl}	우리 마을은 라이마돈에서 라이마 여신을 모시던 마을이었네.{nl}먼 옛날 라이마 여신께서는 불길한 미래를 예지하시고 대비를 위한 방랑을 시작하셨네. {nl}마을 사람들을 걱정한 라이마 여신께서는 라다 여신께 마을을 부탁하셨네.{nl}그리고 라다 여신조차 막지 못할 위험이 마을을 덮친다면 흉몽을 쫓아온 이방인이{nl}빛과 함께 마을을 구할 거라는 전승을 남기셨지.{nl}	마을 촌장
QUEST_UNUSED_20151022_001240	Medzio Diena llegó en medio de días de paz.{nl}Los demonios secuestraron a Lada y el río se había puesto rojo.{nl}Los que bebían el agua del río sufrieron y los frutos que consumían el agua del río se hicieron grandes.{nl}Los frutos grandes no eran comestibles como el agua roja.{nl}	그렇게 평화로움이 계속 되던 중 신수의 날이 왔네.{nl}마족들이 마을을 습격해서 라다 여신을 납치해갔고, 강물이 붉게 물들었지.{nl}강물을 마시는 사람은 고통에 시달렸고, 그 강물을 먹고 자란 과일은 거대해졌지.{nl}거대해진 과일 역시 붉은 물 처럼 먹으면 고통에 시달려서 먹을 수가 없게 됐네.{nl}	QUEST_LV_0100_20151016_009832	Not long after her disappearance, Medzio Diena happened... It was the future Laima has predicted...{nl}The river turned red and poisonous and it tainted the fruits as well.{nl}While this was going on the demon started to invade.. They were after Goddess Lada and we failed to protect her.{nl}The demons responsible for kidnapping the goddess made the peaceful ferrets very ferocious.{nl}	결국 신수의 날이 도래했네.. 라이마 여신께서 예지한 미래였던게지..{nl}강물이 붉게 물들어 마시는 사람을 고통에 시달리게 만들었고 그 물을 먹고 자란 과일 또한 먹을 수 없었네.{nl}그 와중에 마족들이 마을을 습격했지.. 놈들은 라다 여신을 노렸고 우린 여신을 지키지 못했네.{nl}여신을 납치한 마족 놈들은 온순하던 페릿부족까지 난폭하게 만들어서 우릴 괴롭히고 있네.{nl}	마을 촌장
QUEST_UNUSED_20151022_001241	Después de que el desastre arrasó la aldea, los aldeanos creen en el folklore que dice que el Revelador que llegó a la aldea después de soñar con el desastre {nl} derrotará la energía maligna y salvará la aldea con la luz.{nl}	재앙이 마을을 덮친 지금, 마을 사람들은 재앙의 꿈을 쫓아 온 계시자가{nl}사악한 기운을 물리치고 빛과 함께 마을을 구할거라는 전승만을 믿고 있네.{nl}	QUEST_LV_0100_20151016_009833	The ferocious ferrets are constantly invading our town and taking our food.{nl}In the ferret hideout, you will find the totem planted by the demons. We suspect it is responsible for the ferret's recent change of behavior.{nl}Would you be willing to destroy the totem in the ferret's hideout for us?{nl}Without the ferret problem, our town would have no further trouble.	난폭해진 페릿은 마을을 습격해 사람들을 괴롭히고 식량까지 훔쳐가고 있네.{nl}페릿 부족 근거지를 보면 마족들이 세워둔 토템이 있는데 이 토템이 페릿들을 난폭하게 만든 것 같네.{nl}페릿 부족 근거지에서 마족 토템을 파괴해줄 수 있겠나?{nl}페릿 부족만 정신을 차리더라도 마을에 큰 도움이 될 것 같네.	마을 촌장
QUEST_UNUSED_20151022_001242	El problema más urgente es que los hurones que antes eran amables se volvieron violentos. {nl} Queremos salvar a Lada, pero como los hurones violentos están atacando la aldea {nl} y robando la comida, todos están sufriendo. {nl} Creo que el Tótem Demoníaco que fue construido por los demonios cerca del escondite de los hurones aquí volvió a los hurones violentos... {nl}	이 와중에 가장 급한 문제는 온순했던 페릿 부족마저 난폭하게 돌변했다는 걸세.{nl}힘을 합쳐 납치 당한 라다 여신을 구하고 싶지만 난폭해진 페릿 부족이 마을을 습격하고{nl}식량까지 훔쳐가는 통에 마을 사람들 모두 괴로워하고 있네.{nl}아무래도 이 근처 페릿 부족 근거지에 마족이 세운 마족 토템이 페릿 부족을 난폭하게 만든 것 같네..{nl}				마을 촌장
QUEST_UNUSED_20151022_001243	Dado que los hurones protegen el Demon Totem, es difícil para nosotros romper el Demon Totem.{nl}Para la aldea, ¿puedes romper el Demon Totem?{nl}Si es así, podremos ayudarte a salvar a Lada.{nl}Estoy seguro de que podrás restaurar a los hurones.	페릿이 마족토템을 지키는 탓에 우리 힘으로는 마족 토템을 부수기가 어렵네.{nl}마을을 위해서 자네가 마족 토템을 부숴 줄 수 있겠나?{nl}그렇다면 우리도 라다 여신을 구하기 위해 힘을 보탤 수 있을 것 같네.{nl}빛과 함께 마을을 구하러 온 자네라면 분명 페릿 부족 역시 되돌릴 수 있을걸세.				마을 촌장
QUEST_UNUSED_20151022_001244	Eres verdaderamente el Revelador en el folclore.{nl}Desde que rompiste el Tótem Demonio, los hurones se volverán amables nuevamente.{nl}Gracias. Controlaré a los hurones enviando a mis nietos.{nl}Mientras estabas fuera, una chica misteriosa llegó al pueblo.	역시 전승 속의 계시자구만!{nl}자네가 마족 토템을 부숴줬으니 이제 페릿 부족도 정신을 차릴테지.{nl}고맙네. 페릿들은 내 손자놈을 보내서 확인해보겠네.{nl}자네가 자릴 비운 사이에 신비한 느낌의 소녀가 마을을 찾아왔네.	QUEST_LV_0100_20151016_009835	You have destroyed the Demon Totem! Words cannot express how grateful, we are.{nl}As for my ferrets, I will send my grandson to check up on them.{nl}You have something else to do.	마족 토템을 파괴해줬구만! 고맙네.{nl}내 페릿들은 내 손자놈을 보내서 확인해보겠네.{nl}자네는 따로 할 일이 있다네.	마을 촌장
QUEST_UNUSED_20151022_001245	La misteriosa niña desapareció en Zeraha después de pasar por aquí sin decir ninguna palabra. {nl} Nuestros antepasados ​​nos dijeron que cada vez que Laima viene a nuestra aldea, una atmósfera cálida rodea la aldea. {nl} Fue breve, pero cuando esa niña llegó a la aldea, sentí la energía cálida que nos dijeron nuestros antepasados. {nl}	신비한 소녀는 아무 말 없이 이 곳을 거쳐 제라하 향해 사라졌지.{nl}우리 조상님이 말씀하시길 라이마 여신께서 마을에 오시는 날이면 따스한 기운이 온 마을을 감싼다고 하셨네.{nl}잠깐이었지만 그 소녀가 마을에 왔을 때 조상님이 말씀하신 따스한 기운을 느꼈네.{nl}	QUEST_LV_0100_20151016_009836	A mysterious girl came into our town while you were busy destroying the totem.{nl}She silently passed through the town to Laimadon.{nl}Our forefathers told us that when Laima the Goddess pays her visit to the town, the soft warmth stays on the town.{nl}The soft warmth we all felt when the mysterious girl was passing through..{nl}	사실 자네가 마족 토템을 파괴하러 간 사이에 신비한 소녀가 마을을 찾아왔네.{nl}그녀는 아무 말 없이 이 곳을 거쳐 라이마돈을 향해 사라졌지.{nl}우리 조상님께서 말씀하시길 라이마 여신께서 마을에 오시는 날이면 따스한 기운이 온 마을을 감싼다고 하셨네.{nl}잠깐이었지만 그 소녀가 마을에 왔을 때 따스한 기운을 느꼈네.{nl}	마을 촌장
QUEST_UNUSED_20151022_001246	Estoy seguro de que Laima la ha dejado para guiarte. {nl}Persigue a la chica.	그 아이 역시 라이마 여신께서 자네를 인도하기 위해 남겨놓으신게 분명해.{nl}어서 그 소녀를 쫓아 가보게.	QUEST_LV_0100_20151016_009837	She too must have been the one sent by Goddess Laima just like you are.{nl}Follow that girl, if you are the one foretold by the legend, you will be able to find her trace.{nl}	그녀 역시 라이마 여신께서 자네를 인도하기 위해 남겨놓으신게 분명해.{nl}신비한 소녀를 쫓아가게. 자네가 전승 속의 이방인이라면 소녀의 흔적을 찾을 수 있을 거야.{nl}	마을 촌장
QUEST_UNUSED_20151022_001247	Revelador, ¿has bebido el agua roja antes?{nl}Si la has bebido antes, estoy seguro de que no podrás hablar conmigo ahora.{nl}Incluso si tienes mucha sed, no debes beber el agua roja. Si lo bebes, lo sufrirás.{nl}Es muy tóxico. Los frutos que crecieron al consumir el agua se hicieron enormes y no eran comestibles.{nl}	계시자님 혹시 붉게 물든 물을 마셔보셨나요?{nl}아마 마셨으면 이 자리에 서서 저와 대화를 나누는 것 조차 불가능했을거에요.{nl}아무리 목이 마르셔도 붉게 물든 물은 마시면 안돼요. 마시면 죽을 만큼 괴롭거든요.{nl}얼마나 독한지 그 물을 먹고 자란 과일까지 거대해지더니 먹을 수 없게 되버렸답니다.{nl}	QUEST_UNUSED_20151016_000802	Revelator, have you drank the red water before?{nl}If you had drank it before, I am sure you won't be able to talk to me now.{nl}Even if you are really thirsty, you shouldn't drink the red water. If you drink it, you will suffer from it.{nl}It is so toxic. The fruits that grew by consuming the water got huge and can't be edible.{nl}	계시자님 혹시 붉게 물든 물을 마셔보셨나요?{nl}아마 마셨으면 이 자리에 서서 저와 대화를 나누는 것 조차 불가능했을거에요.{nl}아무리 목이 마르셔도 붉게 물든 물은 마시면 안돼요. 마시면 죽을 만큼 괴롭거든요.{nl}얼마나 독한지 그 물을 먹고 자란 거대 과일도 먹을 수 없게 되버린답니다.{nl}하지만 페릿들은 어떻게 된 건지 거대 과일을 채집해서 과즙을 물 대신 마시더라고요.{nl}	마을 주민
QUEST_UNUSED_20151022_001248	Una vez estaba perdido en un bosque y tenía mucha sed entonces.{nl}Encontré un recipiente con jugo de frutas que los hurones habían acumulado.{nl}Morir de sed o morir a causa de los hurones, morir es lo mismo.{nl}Así que bebí el jugo sin que los hurones lo supieran y no me pasó nada.{nl}	예전에 숲에서 길을 잃고 헤맸던 적이 있는데 너무 목이 말라죽겠는 거에요.{nl}그때 페릿들이 모아놓은 과즙통을 찾게 됐죠.{nl}목이 말라 죽든, 페릿한테 물려죽든 어차피 죽는 건 매 한가지잖아요.{nl}그래서 페릿 몰래 모아둔 과즙을 마셨는데 아무 일도 없었답니다.{nl}	QUEST_UNUSED_20151016_000803	I was once lost in a forest and I was really thirsty at then.{nl}I found a container with fruit juice in it which the ferrets had accumulated.{nl}Dying from thirst or dying from the ferrets, dying is the same.{nl}So I drank the juice without the ferrets knowing and nothing happened to me.{nl}	예전에 숲에서 길을 잃고 헤맸던 적이 있는데 너무 목이 말라죽겠는 거에요.{nl}그때 과즙통을 들고 돌아다니던 페릿 한마리를 만나게 됐죠.{nl}목이 말라 죽든, 과일을 먹고 죽든, 페릿한테 물려죽든 어차피 죽는 건 매 한가지잖아요.{nl}그래서 억지로 페릿이 가지고 있던 과즙을 뺏어 마셨는데 아무 일도 없었답니다.{nl}	마을 주민
QUEST_UNUSED_20151022_001249	No sé qué le hicieron, pero creo que se puede usar para agua potable. {nl} Ahora, el agua comenzó a salir a la superficie, así que deberíamos tener agua. {nl} ¿Puedes recolectar el jugo de fruta de los hurones? Cuento contigo.	어떤 처리를 하는지는 모르겠지만 식수 대용으로 쓸 수 있을 것 같아요.{nl}이제 모아둔 식수도 바닥을 보이기 시작했는데 물은 꼭 있어야 해요.{nl}페릿들로부터 거대 과일 과즙을 모아주실 수 있을까요? 부탁드릴게요.	QUEST_UNUSED_20151016_000804	We're almost running out of the water we had collected, we need to find more.{nl}Could you get some fruit juice from the ferrets? Thank you.	이제 모아둔 식수도 바닥을 보이기 시작했는데 식수는 꼭 있어야하잖아요.{nl}페릿들로부터 거대과일 과즙을 모아주실 수 있을까요? 부탁드릴게요.	마을 주민
QUEST_UNUSED_20151022_001250	Estamos en problemas. Mientras salías a buscar el jugo de fruta, los hurones atacaron la aldea y robaron la comida. {nl}No funcionará de esta manera. Incluso si recuperamos la comida, los hurones atacarán la aldea nuevamente.{nl}Esta vez arreglaré el mal hábito de los hurones.{nl}	큰일이에요. 과즙을 구해다주시는 사이에 페릿이 마을을 습격해서 또 식량을 털어갔어요.{nl}이래서는 안되겠어요. 식량을 되찾아와도 또 페릿이 마을을 습격할 뿐이니까요.{nl}이번 기회에 페릿의 버릇을 단단히 고쳐줘야겠어요.{nl}	QUEST_LV_0100_20151016_009839	Oh drat! Bad new. While away to get the juice, the ferrets came again and took more food!{nl}We need a permanent solution.{nl}Perhaps, this time just giving them the food would be better. Of course, I don't mean that we should give up the fight.{nl}We give them the food and teach them a lesson of not taking something that is not yours.{nl}	큰일이에요. 과즙을 구해다주시는 사이에 페릿이 마을을 습격해서 또 식량을 털어갔어요.{nl}이래서는 안되겠어요. 식량을 되찾아와도 또 페릿이 마을을 습격할 뿐이니까요.{nl}이번 식량은 그냥 줘버리는 편이 낫겠어요. 물론 그냥 준다는 얘긴 아니구요.{nl}아무래도 페릿들에게 인간의 식량을 훔쳐서는 안된다는 어마어마한 교훈을 심어줘야겠어요.{nl}	마을 주민
QUEST_UNUSED_20151022_001251	Busca la comida que han robado los hurones y condimentala con el agua roja.{nl}Los hurones que la consumieron sufrirán dolores y no volverán nunca más a robar comida.{nl}	페릿이 훔쳐간 식량을 찾아서 오염된 붉은 물로 약간 양념을 쳐주는 거에요.{nl}그걸 먹은 페릿은 고통에 시달릴 테니 다신 식량을 훔치러 오지 않을 거에요.{nl}	QUEST_LV_0100_20151016_009840	It's a simple plan. We'll find the food that the ferrets stole, and season them a bit.{nl}With Corrupted Red Water.	방법은 간단해요. 페릿이 훔쳐간 식량을 찾아서 약간 양념을 쳐주는거죠.{nl}오염된 붉은 물로요.
 그걸 먹은 페릿은 다신 식량을 훔치러 오지 않을 걸요?{nl}일단 오염된 붉은 물을 떠다주세요.{nl}오염된 붉은 물은 마을 구석에 있는 오래된 우물에서 뜰 수 있어요.	마을 주민
QUEST_UNUSED_20151022_001252	El agua roja contaminada se puede obtener del pozo que está allí abajo. {nl} Por favor, contamina la comida robada por los hurones con agua roja. {nl} Especialmente, debes contaminar las cecinas. A los hurones les encanta la carne seca.	오염된 붉은 물은 저 아래 낡은 우물에서 뜰 수 있어요.{nl}오염된 붉은 물로 페릿이 훔쳐간 식량을 오염시켜주세요.{nl}아 특히 육포를 꼭 오염시켜 주세요. 페릿은 육포를 좋아한답니다.				마을 주민
QUEST_UNUSED_20151022_001253	Sé que no se siente bien contaminar la comida, pero...{nl}Esa es la mejor manera a largo plazo.	식량을 오염시킨다는 게 조금 아깝긴 하지만..{nl}멀리 보면 이게 최선책이에요.	QUEST_LV_0100_20151016_009844	I mean, really, they let so much food go to waste because they forgot {nl}and eventually they let it rot and then they come back to steal again.{nl}I mean, we pay for their stupidity.	훔쳐간 식량을 까먹고 썩히면 그만큼 또 마을을 약탈하러 오죠.{nl}정말 멍청해서 피해주는 게 이만 저만이 아니네요.	마을 주민
QUEST_UNUSED_20151022_001254	Podemos llamar a este tipo de situación un paso atrás y dos pasos adelante. {nl} Espero que los hurones disfruten de las cecinas y no vuelvan nunca más.	이런 상황을 보고 한 발 물러나서 두 발 전진한다고 하나요?{nl}부디 페릿들이 양념친 육포를 맛있게 먹고 다신 안 왔으면 좋겠네요.	QUEST_LV_0100_20151016_009845	How does the phrase go? One step back, two steps forward?{nl}Bon appetit, ferrets!	이런 상황을 보고 한 발 물러나서 두 발 전진한다고 하나요?{nl}부디 페릿들이 양념된 식량을 맛있게 먹어줬으면 좋겠어요.	마을 주민
QUEST_UNUSED_20151022_001255	Ah, Revelador. Gracias por destruir el Demon Totem.{nl}Fui a ver a los hurones, pero siguen siendo violentos.{nl}Creo que la influencia del tótem aún permanece.{nl}	아 계시자님. 마족 토템을 파괴해주셔서 감사합니다.{nl}페릿들을 보러 갔더니 저를 보고 여전히 난폭하게 굴더라고요.{nl}아무래도 토템의 여파가 남아있나 봅니다.{nl}	QUEST_LV_0100_20151016_009846	Ah Revelator. Thank you so much for destroying the demon totem.{nl}Unfortunately, grandfather told me to look whether the ferrets have become tame,{nl}but they are still as ferocious as ever. {nl}Could it be that the effect from the totem lingers?{nl}	아 계시자님. 마족 토템을 파괴해주셔서 감사합니다.{nl}그런데 이상합니다. 할아버지께서 페릿들 상태를 보고 오라고 하셔서 페릿들을 보고 왔는데{nl}저를 보고는 여전히 난폭하게 굴더라고요. 아무래도 토템의 여파가 남아있나 봅니다.{nl}	촌장 손자
QUEST_UNUSED_20151022_001256	Escuché que Widas, que es un Dievdirbys, está tratando de hacer {nl}, la pieza que tiene el efecto opuesto en comparación con el Demon Totem. {nl} Pregúntale a Widas si la pieza se ha completado.	 우리 마을에 딥디르비이신 위다스 아저씨가 마족 토템의 반대 효과를 가진 조각을{nl}만들어 보고 계신다는 소리를 들었어요.{nl}혹시 조각이 완성됐는지 위다스 아저씨께 여쭤봐주세요.	QUEST_LV_0100_20151016_009847	That got me thinking. Demons used a totem as a means of influence, right?{nl}How about we build something similar to counter-act the effect?{nl}Could you ask Widas whether my guess is feasible or not? {nl}Dievdirbys Widas is the best Dievdirbys in town.	 그래서 생각을 해봤는데 마족들이 페릿을 난폭하게 만든 건 토템이라는 구조물을 사용한 거잖아요?{nl}우리도 마족 토템에 반대되는 효과를 지닌 구조물을 설치해서 페릿들을 온순하게 만들 순 없을까요?{nl}우리 마을에 있는 위다스 아저씨께 그런 조각상이 있는지 물어봐주세요.{nl}위다스 아저씨는 우리 마을에서 가장 실력있는 딥디르비세요.	촌장 손자
QUEST_UNUSED_20151022_001257	Esta escultura que posee los efectos opuestos a Demon Totems...{nl}Espera un minuto...	마족 토템에 반대되는 효과를 지닌 조각상이라..{nl}잠시만요..	QUEST_LV_0100_20151016_009848	A statue to counter-act the demon influences, eh?{nl}Hmm let's see...	마족 토템에 상응하는 효과를 지닌 조각상이라..{nl}잠시만요..	딥디르비 위다스
QUEST_UNUSED_20151022_001258	Escuché que los demonios están volviendo violentos a los hurones usando el tótem {nl} así que intenté crear una escultura que posea los efectos opuestos del Demon Totem... {nl} Todavía estamos experimentando con ello, pero creo que ahora es la mejor oportunidad para probarlo, aunque todavía está en una etapa experimental ya que el tótem ha desaparecido. {nl}	안 그래도 마족들이 토템으로 페릿을 난폭하게 만든 것 같다는 얘길 듣고{nl}마족 토템과 반대 효과를 지닌 조각상을 만들 순 없을까 하고 만들어 본 게 있습니다..{nl}아직 실험 단계이긴 하지만 마족 토템이 사라진 지금이 성능을 시험해 볼 좋은 기회인 것 같군요..{nl}	QUEST_LV_0100_20151016_009850	I, too, got a similar idea when I heard that a totem is influencing the ferrets to be ferocious.{nl}So, I experimented on creating a statue that has a reverse effect...{nl}It's still in an experiemental stage but with the totem gone, it's a fine time to try it out...{nl}	안 그래도 마족들이 토템으로 페릿을 난폭하게 만든 것 같다는 얘길 들었을 때,{nl}마족 토템과 반대 효과를 지닌 조각상을 만들 순 없을까 하고 만들어 본 게 있습니다..{nl}아직 실험 단계이긴 하지만 마족 토템이 사라진 지금이 성능을 시험해 볼 좋은 기회인 것 같군요..{nl}	딥디르비 위다스
QUEST_UNUSED_20151022_001259	Te daré la escultura que estaba creando..{nl}Colócala cerca de los hurones y observa el comportamiento de los hurones...	여기 제가 만들던 조각상을 드리겠습니다..{nl}페릿 근처에 설치하고 페릿들의 반응을 살펴봐주세요..	QUEST_LV_0100_20151016_009851	Here, this is the statue I made...{nl}After you place it, please, stick around a bit to see how they react...	여기 제가 만들던 조각상을 드리겠습니다..{nl}페릿 근처에 설치하고 페릿 반응을 살펴봐주시면 감사하겠습니다..	딥디르비 위다스
QUEST_UNUSED_20151022_001260	¿Los hurones se han vuelto más violentos...?{nl}Maldita sea... ¿He fallado...{nl}Lo siento... ¿No estás herido?{nl}	페릿이 더 난폭해졌다구요..?{nl}이런.. 실패인가..{nl}미안합니다.. 혹시 다치진 않으셨습니까?{nl}	QUEST_LV_0100_20151016_009853	What? It only provoked the ferrets even more...?{nl}Oh dear, is that a failure...?	페릿이 더 난폭해졌다구요..?{nl}이런.. 실패인가..{nl}	딥디르비 위다스
QUEST_UNUSED_20151022_001261	Ah... No vamos a renunciar a las piezas... Quizás sea porque el lavado de cerebro de los demonios aún no ha sido eliminado... {nl}Cuando el Druida Benes que está investigando sobre los hurones en Zeraha regrese, creo que debería buscar ayuda de Benes...	아.. 조각을 포기하진 않을 겁니다.. 아직 마족의 세뇌가 안 풀려서 그럴 수도 있으니까요..{nl}아무래도 제라하에서 페릿을 연구하고 있는 드루이드 베네스가 돌아오면 도움을 받아야겠어요..	QUEST_LV_0100_20151016_009854	Ah... It is too early to despair... {nl}The lingering demon influence might be interfering with this positive effect...{nl}I cannot do this alone. {nl}I need to consult this with Druid Benes of Laimadon, an expert on ferrets...	아.. 포기하진 않을 겁니다.. 아직 마족의 세뇌가 안 풀려서 그럴 수도 있으니까요..{nl}아무래도 라이마돈에서 페릿을 연구하고 있는 드루이드 베네스가 돌아오면 도움을 받아야겠어요..	딥디르비 위다스
QUEST_UNUSED_20151022_001262	¡Ah, Revelador!{nl}¿Qué? ¿Esa chica misteriosa puede ser la guía preparada por Laima? {nl} ¡La chica se escapó allí después de ser perseguida por hurones! {nl} Iba a perseguirlos, pero como los hurones se están volviendo locos, no puedo perseguirlos...	아 계시자님!{nl}네? 그 신비한 소녀가 라이마 여신께서 준비한 인도자일지도 모른다구요?{nl}소녀라면 방금 페릿한테 쫓겨서 저리 도망쳤어요!{nl}쫓아가려고 했는데 페릿들이 극성이라 따라갈 수가 없었어요..	QUEST_LV_0100_20151016_009855	Ah, Revelator! You came earlier than I expected.{nl}I tried to go to the giant statue but the ferrets made it very difficult...	아 계시자님! 일찍 오셨네요?{nl}거대 여신상에 미리 가보려고 했는데.. 페릿들 때문에 쉽지가 않네요..	드루이드 레야
QUEST_UNUSED_20151022_001263	No es el momento para esto... Revelador.{nl}Dado que los hurones están persiguiendo a la niña, tal vez los hurones estén buscando las huellas de la niña.{nl}Supongo que debería buscar a la niña mientras derroto a los hurones. Deberíamos darnos prisa.	이러고 있을 때가 아니에요.. 계시자님.{nl}페릿들이 소녀 뒤를 쫓고 있었으니까 페릿들이 소녀에 대한 흔적을 쫓고 있지 않을까요?{nl}페릿을 처치하면서 소녀를 찾아봐야겠어요. 서둘러야 해요.	QUEST_LV_0100_20151016_009856	Huh? The mysterious girl might be the chosen leader sent by Goddess Laima?{nl}The girl ran that way right before you came...{nl}The ferrets were chasing after her so I did find it quite odd...{nl}	네? 그 신비한 소녀가 라이마 여신께서 준비한 인도자일지도 모른다구요?{nl}소녀라면 아까 계시자님이 오시기 조금 전에 저리로 뛰어갔어요..{nl}페릿들이 소녀 뒤를 쫓고 있길래 심상치 않다고는 생각했는데..{nl}	드루이드 레야
QUEST_UNUSED_20151022_001264	Espero que la chica esté a salvo... Debería haber ido tras ella...	소녀가 무사해야 할텐데요.. 어떻게든 따라갔어야 했는데..	QUEST_LV_0100_20151016_009858	I pray for her safety...	소녀가 무사해야 할텐데요..	드루이드 레야
QUEST_UNUSED_20151022_001265	... ¿La niña fue secuestrada por el demonio que sostenía un hacha gigantesca? Eso no es bueno...{nl}Si el demonio sostenía un hacha gigantesca, estoy seguro de que es el Señor Demonio, Zaura.{nl}El Señor Demonio Zaura comanda a los demonios que atacaron este lugar y secuestraron a Lada.	..소녀가 거대한 도끼를 든 마족한테 납치당했다구요? 큰일이네요..{nl}거대한 도끼를 들었다면 그놈은 분명 마군주 자우라일거에요.{nl}마군주 자우라는 이 곳을 습격한 마족을 지휘해서 여신 라다를 납치한 녀석이에요.	QUEST_LV_0100_20151016_009859	...The girl has been kidnapped? That's terrible...{nl}Demon Lord Zaura must be behind this! {nl}He is responsible for kidnapping Goddess Lada as well.	..소녀가 거대한 마족한테 납치당했다구요? 큰일이네요..{nl}분명 마군주 자우라일거에요. 마군주 자우라는 이 곳을 습격한 마족을 지휘해서 여신 라다를 납치한 녀석이에요.	드루이드 레야
QUEST_UNUSED_20151022_001266	Cuando Zaura secuestró a la niña, ¿estaban hurones con la niña? {nl} Si es así, creo que Zaura dejó la niña secuestrada a los hurones. {nl} Ya que los hurones saben más sobre el bosque. {nl}	혹시 자우라가 소녀를 납치할 때 페릿들이 함께 있었나요?{nl}그렇다면 아마 자우라가 납치한 소녀를 페릿에게 맡겼을 거에요.{nl}이 숲 속은 페릿이 더 잘 알테니까요.{nl}	QUEST_LV_0100_20151016_009861	Were the ferrets present when Zaura was kidnapping her?{nl}I saw ferrets carrying a huge bag.{nl}I suspect it was her inside. I mean, ferrets don't usually.{nl}	혹시 자우라가 소녀를 납치할 때 페릿들이 함께 있었나요?{nl}실은 계시자님이 오시기 전에 페릿들이 커다란 자루를 옮기는 걸 봤거든요.{nl}혹시 페릿이 납치한 소녀를 운반하던게 아닐까 싶어서요. 페릿들이 커다란 자루를 옮기는 것도 수상하구요.{nl}	드루이드 레야
QUEST_UNUSED_20151022_001267	Creo que sé dónde habían escondido los hurones a la niña. Sin embargo, es peligroso ir sin ningún tipo de preparación. {nl} Sé hacer el incienso que hace perder el conocimiento a los hurones. Si usas este incienso, podrás derrotar a los hurones fácilmente.{nl}Pero el problema es que no tenemos suficientes Drowsy Herbs.{nl}	페릿이 소녀를 어디에 숨겼을지 알 것 같아요. 하지만 이대로 준비 없이 가기엔 위험해요.{nl}제가 페릿이 정신을 못차리게 하는 향을 만들 줄 알아요. 이 향을 사용하면 좀 더 쉽게 페릿을 제압할 수 있죠.{nl}하지만 향을 만들 몽롱초가 부족하네요.{nl}	QUEST_LV_0100_20151016_009862	If the ferrets did take her away, they are guarding her as well.{nl}If you go straight down, there is drowsy herb.{nl}Bring it to me and I will make an incense that will make them very drowsy.{nl}While they are passed out, the rescue would be very easy.	페릿이 소녀를 데리고 갔다면 페릿이 소녀를 지키고 있을 가능성이 높아요.{nl}저기 아래쪽으로 내려가면 몽롱초라는 풀이 있을거에요.{nl}몽롱초를 가져다 주시면 페릿이 정신 차리지 못하도록 하는 향을 만들어 드릴게요.{nl}향을 피운 사이에 소녀를 구하면 좀 더 쉽게 소녀를 구할 수 있을 거에요.	드루이드 레야
QUEST_UNUSED_20151022_001268	Hierbas somnolientas crecen desde allí abajo. {nl} Me prepararé para hacer el incienso, ¿puedes conseguirme Hierbas somnolientas?	몽롱초는 저 아래에서 자라고 있어요.{nl}향을 만들 준비를 하고 있을테니 몽롱초를 좀 구해다주시겠어요?				드루이드 레야
QUEST_UNUSED_20151022_001269	No tienes que preocuparte por inhalar el incienso. {nl}Lo he hecho para que sea efectivo sólo en hurones.	향을 맡으면 어떡하나 걱정하실 필요는 없어요.{nl}페릿에게만 확실하게 효과가 있도록 만들었으니까요.	QUEST_LV_0100_20151016_009864	Don't worry about getting drowsy yourself.{nl}It is specifically designed to affect only the ferrets.{nl}The paralysis powder is my invention also.	향을 맡으면 어떡하나 걱정하실 필요는 없어요.{nl}페릿에게만 확실하게 효과가 있도록 만들었으니까요.{nl}페릿용 마비가루도 제 작품이니 너무 염려하지 마세요.	드루이드 레야
QUEST_UNUSED_20151022_001270	El incienso se ha completado.{nl}Te diré algunos lugares donde los hurones pueden haber llevado a la niña.{nl}No te preocupes incluso si los hurones están protegiendo a la niña.{nl}Cuando quemes este incienso en una hoguera, los hurones perderán el conocimiento, así que rescata a la niña mientras está inconsciente.	몽롱해지는 향이 완성됐어요.{nl}페릿이 소녀를 데리고 갔을 만한 장소를 몇군데 알려드릴게요.{nl}페릿이 소녀를 지키고 있더라도 걱정마세요.{nl}모닥불에 이 향을 태우면 페릿이 정신을 차리지 못 할테니 그 사이에 소녀를 구하세요.	QUEST_LV_0100_20151016_009865	The drowsy scent is complete! {nl}Set a campfire and put it in the fire and nearby ferrets {nl}will be drowsier than a night of heavey feast.{nl}I will mark the spots to which I suspect they might have taken her.{nl}If you find the girl, quickly burn the scent.	몽롱해지는 향이 완성됐어요. 모닥불을 피워놓고 이 향을 태우면 주위 페릿들이 정신을 차리지 못할 거에요.{nl}페릿이 소녀를 데리고 갔을 만한 장소를 몇군데 지도에 표시해드릴게요.{nl}소녀를 찾으면 향을 피운 사이에 재빨리 구하세요.	드루이드 레야
QUEST_UNUSED_20151022_001271	La diosa... debajo... de ese... retoño...	저기.. 묘목.. 아래.. 여신..	QUEST_LV_0100_20151016_009866	There... Tree... Under... The goddess...	저기.. 나무.. 아래.. 여신..	신비한 소녀
QUEST_UNUSED_20151022_001272	Salvador... Soy Laima, la diosa del destino.{nl}Seguiste a la chica que es la encarnación de mi voluntad.{nl}En este bosque, mi hermana, Lada fue capturada por Zaura.{nl}Zaura está creando algo malvado llamado 'Kruvina' con las vitalidades de Lada.{nl}	구원자여.. 저는 운명의 여신, 라이마입니다.{nl}제 의지의 화신인 소녀를 잘 따라와주셨습니다.{nl}이 숲에는 제 자매인 여신 라다가 흉폭한 마군주 자우라에게 납치되어 있습니다.{nl}자우라는 여신 라다의 생명력으로 크루비나라는 사악한 물건을 만들고 있습니다.{nl}				여신의 보주
QUEST_UNUSED_20151022_001273	Salva a Lada que está capturada en Seir Rainforest y detén los planes de los demonios de crear Kruvina.{nl}El único que puede deshacerse del desastre eres tú.{nl}Por favor, toma este orbe. Te ayudaría mucho.	세이르 숲에 붙잡혀 있는 라다 여신을 구하고 크루비나를 만들고 있는 마족의 계획을 막아주세요.{nl}이 숲에 드리운 재앙을 걷어낼 수 있는 사람은 구원자인 당신 뿐입니다.{nl}이 보주를 챙겨가세요. 반드시 도움이 될 것 입니다.				여신의 보주
QUEST_UNUSED_20151022_001274	Ah... ¡No esperaba ver a un humano aquí...! ¡Por favor ayúdenme! {nl} Me llamo Druida Benes. Estoy tratando de encontrar la razón por la cual los hurones cooperan con los demonios. {nl} Recientemente, descubrí que podré hablar con los hurones usando el hechizo de los druidas. {nl}	아.. 이런 곳에서 사람을 만날 줄이야..! 저 좀 도와주세요!{nl}저는 드루이드 베네스라고 합니다. 페릿들이 마족 편에 동조하는 이유를 찾아보고 있어요.{nl}얼마 전 드루이드의 주술을 사용해서 페릿으로 변신하면 페릿과 대화할 수 있다는 사실을 알아냈죠.{nl}	QUEST_UNUSED_20151016_000807	Ah.. I didn't expect I would see a human here..! Please help me!{nl}I am called Druid Benes. I am trying to find the reason why the ferrets are coopering with the demons.{nl}Recently, I found out that I will be able to talk to the ferrets using the spell of the Druids.{nl}	아.. 이런 곳에서 사람을 만날 줄이야..! 저 좀 도와주세요!{nl}저는 드루이드 베네스라고 합니다. 페릿들이 마족 편에 동조하는 이유를 찾아보고 있죠.{nl}드루이드 주술을 사용하면 페릿으로 모습을 바꿀 수 있어요. 물론 페릿과 대화를 나눌 수도 있구요.{nl}	드루이드 베네스
QUEST_UNUSED_20151022_001275	Pero el problema es que toqué a los hurones demasiadas veces mientras buscaba otros métodos. {nl}Incluso si me convierto en hurón, me atacan como si recordaran mi olor. {nl} ¿Puedes convertirte en hurón en mi nombre y descubrir sus planes? {nl}	문제는 다른 방법을 알아보다가 페릿과 접촉을 너무 많이 했다는 겁니다.{nl}놈들이 제 냄새를 기억하는 건지 페릿으로 변신해도 인간인 걸 알아채고 저를 공격하더라구요.{nl}제 대신 페릿으로 변신해서 녀석들의 속셈을 알아봐주실 수 있으실까요?{nl}	QUEST_UNUSED_20151016_000808	The problem is, since I've been around them for so long, they already know my smell.{nl}Even when I turn into a ferret, they recognize me and refuse to talk to me.{nl}Would you turn into a ferret for me and try and find out what they're plotting?{nl}	문제는 변신하는 과정에서 페릿과 너무 많이 접촉을 해서 놈들이 제 냄새를 기억한다는 겁니다.{nl}페릿으로 변신해도 제가 인간인 걸 알고 저와 대화를 하지 않더라고요.{nl}제 대신 페릿으로 변신해서 녀석들의 속셈을 알아봐주실 수 있으실까요?{nl}	드루이드 베네스
QUEST_UNUSED_20151022_001276	Podrás hablar con los hurones de forma natural. {nl}Talla con los hurones y descubre por qué cooperan con los demonios.	아마 페릿 부족과 대화도 자연스럽게 할 수 있을겁니다. {nl}페릿 부족과 대화해서 페릿이 마족 편에 동조하고 있는 이유를 알아봐 주세요.	QUEST_LV_0100_20151016_009871	You will most likely be able to converse naturally with the ferret tribe. {nl}Talk to the ferret tribe and ask about why they are aligning with the demons.	
아마 페릿 부족과 자연스럽게 대화도 가능할겁니다. {nl}페릿 부족과 대화해서 페릿이 마족 편에 동조하고 있는 이유를 알아봐 주세요.	드루이드 베네스
QUEST_UNUSED_20151022_001277	¿Realmente te lo dijeron los hurones? Por supuesto, creo que no hay razón para que mientan... {nl}Pero no puedo creerlo... Los hurones alguna vez fueron muy amables.{nl}Éramos buenos con los hurones hasta que llegaron los demonios. Nos atacaron espontáneamente...{nl}	페릿이 정말 그렇게 말했나요? 아 물론 거짓말을 할 이유가 없으시겠죠..{nl}하지만 도저히 믿을 수가 없네요.. 페릿 부족은 원래 매우 온순한 부족이었어요.{nl}마족들이 오기 전 까진 우리 마을과도 우호적이었는데 자발적으로 우릴 공격한다니..{nl}	QUEST_LV_0100_20151016_009874	Did the ferrets really say that? Ah, of course, you have no reason to lie..{nl}Forgive me for my rudeness but this is very unbelieveable...{nl}Or could it be possible that they have been brainwashed so {nl}fundamentally that they don't even realize they are being brainwashed?{nl}	페릿이 정말 그렇게 말했나요? 아 물론 거짓말을 할 이유가 없으시겠죠..{nl}하지만 도저히 믿을 수가 없네요..{nl}혹시 마족에게 세뇌가 너무 강하게 되어서 세뇌당했다는 사실조차 인지하지 못하는게 아닐까요?{nl}	드루이드 베네스
QUEST_UNUSED_20151022_001278	Debería descubrir cuánta hostilidad tienen los hurones hacia los humanos. {nl}Intentaré convertir un trozo de madera en la apariencia de un aldeano herido. {nl} Cuando coloques esta madera, a cualquiera le parecerá un aldeano herido. {nl} Colócalo cerca de los hurones y descubre si los hurones atacan.	페릿 부족이 얼마나 사람을 적대적으로 생각하는지 알아봐야겠어요.{nl}제가 주술로 나무토막을 부상당한 주민 모습으로 변신시켜볼게요.{nl}이 나무토막을 설치하면 누구에게나 감쪽같이 부상당한 주민으로 보일 겁니다.{nl}이걸 페릿 주위에 설치해보고 페릿이 공격을 하는지 지켜봐주세요.	QUEST_LV_0100_20151016_009875	A further experimentation is in order. {nl}This is a block of wood that I have changed its shape via my magic.{nl}This wooden block is in the shape of an injured man. Let's set it up it around the ferrets.{nl}I mean, even if the ferrets are attacking people on their own accord, they would not go as far as{nl}attacking an injured man, would they? Assuming they are in their right minds.	아무래도 실험을 해봐야겠어요. 제가 주술로 형태를 바꾼 나무토막을 드릴게요.{nl}이 나무토막은 부상당한 사람의 형태를 띄고 있어요. 이걸 페릿 주변에 설치해보죠.{nl}아무리 페릿이 자발적으로 사람을 공격하는 거라고 해도 제 정신이라면 부상당한 사람까지{nl}공격하진 않을 겁니다.	드루이드 베네스
QUEST_UNUSED_20151022_001279	Si los hurones atacan siquiera al aldeano herido, será realmente peligroso...	페릿이 부상당한 주민까지 공격한다면 정말 위험한 상태일텐데..	QUEST_LV_0100_20151016_009876	If the ferrets attack it, that would be the ultimate proof {nl}that they are still under the control of the demons.	페릿이 나무토막을 공격한다면 그거야 말로 아직 마족의 세뇌가 풀리지 않았다는 증거겠죠.	드루이드 베네스
QUEST_UNUSED_20151022_001280	Se hizo evidente como resultado del experimento. Los hurones son peligrosos ahora.{nl}Sin embargo, como no podemos luchar contra todos los hurones, deberíamos echarlos de la aldea.	페릿이 주술 걸린 나무토막을 공격하던가요?{nl}큰일이네요. 페릿이 무차별로 사람을 공격한다는 뜻이니..	QUEST_LV_0100_20151016_009877	They attacked it, you say? I knew it, they are indeed mind controlled!{nl}I guess, that's something...	페릿이 나무토막을 공격하던가요? 역시 아직 마족의 세뇌에서 벗어나지 못한 게 틀림 없어요!{nl}그나마 다행이네요..	드루이드 베네스
QUEST_UNUSED_20151022_001281	Se hizo evidente como resultado del experimento. Los hurones son peligrosos ahora.{nl}Sin embargo, como no podemos luchar contra todos los hurones, deberíamos echarlos de la aldea.{nl}	이번 실험으로 확실해졌습니다. 지금 상태의 페릿은 위험해요.{nl}그렇다고 페릿 전체와 싸울 수는 없으니 마을 근처에 페릿들을 쫓아내기라도 해야겠어요.{nl}	QUEST_LV_0100_20151016_009878	Let us not rejoice so soon yet...{nl}The fact that they are attacking even an injured man {nl}means that their brutal behaviour is still on.{nl}They are still very dangerous..{nl}	그렇다고 마냥 기뻐하고 있을 수 만은 없겠네요..{nl}부상당한 사람까지 공격한다는 건 마족에게 세뇌되어 있는 동안{nl}페릿의 공격성이 그대로 유지된다는 소리니까요.{nl}확실히 지금 페릿은 위험합니다..{nl}	드루이드 베네스
QUEST_UNUSED_20151022_001282	Poseo un olor terrible que no les gusta a los hurones.{nl}Enciende una hoguera y cuando quemes el terrible olor, los hurones huirán después de olerlo.{nl}Por favor, difunde el olor cerca de Bellai Forest Village, donde están reunidos los aldeanos.{nl}El olor es poco... desagradable para los humanos, así que tenlo en cuenta...	저에게 페릿들이 싫어하는 지독한 향이 있어요.{nl}모닥불을 피워두고 지독한 향을 태우면 페릿들이 냄새를 맡고 도망갈겁니다.{nl}이 향을 마을 사람들이 모여있는 벨라이 숲 마을 근처에 피워주세요.{nl}사람한테도 조금.. 고약한 냄새지만 참고 부탁드리겠습니다..	QUEST_LV_0100_20151016_009879	We'll have to expel the ferrets since we can't do anything else about them at the moment.{nl}I have an incense that ferrets hate.{nl}The ferrets will most likely run away if you burn the awful incense at a campfire.{nl}It is a tad pungent for people as well... So I hope that you'll be able to cope...	
하지만 당장 페릿을 어떻게 할 수가 없으니 쫓아내기라도 해야겠어요.{nl}저에게 페릿들이 싫어하는 지독한 향이 있어요.{nl}모닥불을 피워두고 지독한 향을 태우면 페릿들이 냄새를 맡고 도망갈겁니다.{nl}사람한테도 조금.. 고약한 냄새지만 참고 부탁드리겠습니다..	드루이드 베네스
QUEST_UNUSED_20151022_001283	Supongo que deberíamos hacer más incienso. {nl}Ya que no sabemos cuándo se acabarán los efectos del incienso.	향을 더 많이 만들어둬야겠어요.{nl}언제 향의 효과가 떨어질 지 모르니까요.	QUEST_LV_0100_20151016_009880	I will make more of these.{nl}There has to be enough for everyone in town.	향을 더 많이 만들어둬야겠어요.{nl}마을 사람들에게 나눠줘야 할 테니까요.	드루이드 베네스
QUEST_UNUSED_20151022_001284	¿El olor era terrible? {nl}Gracias. Ahora, los hurones no podrían acercarse a la aldea.{nl}Me siento mal porque había usado el terrible olor en los hurones debido a los malos trucos de los demonios.{nl}Cuando regrese a la aldea, debería buscar una manera de restaurar los hurones a su estado original con Dievdirbys Widas.	냄새가 많이 지독하던가요?{nl}감사합니다. 이제 한동안 페릿들이 마을 근처에는 얼씬도 못 할 겁니다.{nl}마족 놈들의 더러운 술수 때문에 페릿한테 지독한 향을 쓰게 되다니 속이 상하네요.{nl}마을에 돌아가면 딥디르비 위다스씨와 페릿을 예전 상태로 되돌릴 방법을 찾아봐야겠어요.	QUEST_LV_0100_20151016_009881	Thank you so much. Without you, you enlightened us about the ferrets.{nl}The mind control will one day wear off, won't it?{nl}Until then, we will be working on a way to make them calm.	감사합니다. 덕분에 페릿들에 대해 더 많이 알게 됐어요.{nl}언젠가는 녀석들도 마족의 세뇌가 풀리겠죠?{nl}그 때 까지 녀석들을 온순하게 만들 방법을 더 열심히 찾아봐야겠어요.	드루이드 베네스
QUEST_UNUSED_20151022_001285	Gracias por salvarme...{nl}Aunque débil, puedo sentir el poder de Laima en ti...{nl}Eres el salvador del que Laima habló antes...{nl}	구해주셔서 감사합니다..{nl}당신에게서 미약하게나마 라이마의 힘이 느껴집니다..{nl}당신이 라이마가 말한 구원자군요..{nl}	QUEST_LV_0100_20151016_009883	My heart is filled with gratitude.{nl}From you, I sense the power of my sister, Laima...{nl}I worry for her safety...	구해주셔서 감사합니다..{nl}당신에게서 제 자매인 라이마의 힘이 느껴지는군요..{nl}라이마는 괜찮을지..	여신 라다
QUEST_UNUSED_20151022_001286	Laima pronosticó que vendría un desastre a este bosque que yo no podría evitar. {nl} Y también dijo que el salvador que trae el orbe que le queda podría resolver el desastre en este bosque. {nl} Todo sale como lo pronosticó Laima.	라이마는 이 숲에 저조차도 막을 수 없는 재앙이 닥쳐올 거라고 예지했습니다.{nl}그리고 자신이 남겨놓은 보주를 가지고 온 구원자만이 이 숲의 재앙을 해결할 수 있다고 했죠.{nl}모든 것이 라이마의 예지대로 흘러가는 군요.				여신 라다
QUEST_UNUSED_20151022_001287	Zaura quiere crear una Kruvina fuerte usando mis vitalidades.{nl}Kruvina es un objeto de demonio que usa las vitalidades de los humanos y amplifica el poder del poseedor.{nl}Pero, si uno no puede soportar el poder de la Kruvina, destruye el cuerpo del poseedor.{nl}Los demonios están tratando de usar la Kruvina en plantas y matar a todos los humanos con las plantas.{nl}	마군주 자우라는 제 생명력을 이용해서 강력한 크루비나를 만들려고 하고 있습니다.{nl}크루비나는 인간의 생명력을 제물로 만드는 마족의 물건인데 대상의 힘을 증폭시키는 힘이 있습니다.{nl}대신 크루비나의 힘을 버티지 못하면 육체가 붕괴하는 무서운 물건이죠.{nl}마족들은 크루비나를 식물에 사용해서 식물을 무기로 인간을 몰살시키려 하고 있습니다.{nl}	QUEST_LV_0100_20151016_009884	The Demon Lord Zaura is trying to form a powerful {nl}crystal known as Kruvina by using my life force.{nl}The Kruvina is usually made with the life force of those human sacrifices. {nl}It has the power to enlarge plants.{nl}The demons have a plan to wipe out humanity through these enlarged plants.{nl}	마군주 자우라는 제 생명력을 이용해서 강력한 크루비나를 만들려고 하고 있습니다.{nl}크루비나는 인간의 생명력을 제물로 만드는 마족의 물건인데 식물을 거대 성장시키는 힘이 있어요.{nl}마족들은 이렇게 거대화된 식물을 무기로 삼아 인간을 몰살시킬 계획을 세우고 있습니다.{nl}	여신 라다
QUEST_UNUSED_20151022_001288	La razón por la cual el agua en el bosque se volvió roja y los árboles y las frutas se volvieron gigantes se debe a la Kruvina.{nl}Los demonios que estaban satisfechos con los resultados querían crear una Kruvina más fuerte,{nl} y finalmente me secuestraron y usaron mis vitalidades para crear la Kruvina.{nl}	이 숲의 물이 붉게 물들고 나무와 과일이 거대 성장을 한 것도 인간의 생명력을 제물로한 크루비나 때문이에요.{nl}결과가 만족스러웠던 마족들은 더 강력한 크루비나를 만들기를 원했고,{nl}결국 저를 납치해서 여신의 생명력을 제물로 크루비나를 만들려고 하고 있습니다.{nl}	QUEST_LV_0100_20151016_009885	The water in the forest turned red and the unnatural growth of both trees {nl}and their fruits are all due to the Kruvina made from human life forces.{nl}The demons like the power of the Kruvina so much {nl}that they wanted to make even more powerful Kruvina.{nl}They attempted to drain the life force from a goddess.{nl}	이 숲의 물이 붉게 물들고 나무와 과일이 거대 성장을 한 것도 인간의 생명력을 제물로한 크루비나 때문이에요.{nl}크루비나 실험 결과가 만족스러웠던 마족들은 더 강력한 크루비나를 만들기를 원했고,{nl}결국 저를 납치해서 여신의 생명력을 제물로 크루비나를 만들려고 하고 있습니다.{nl}	여신 라다
QUEST_UNUSED_20151022_001289	Saborea... La Kruvina no debería existir en este mundo.{nl}Solo tú puedes destruir la Kruvina y detener la conspiración de los demonios...{nl}¡Ahora es tu oportunidad ya que Zaura recibió daño crítico y escapó!	구원자여.. 크루비나는 세상에 존재해서는 안될 물건이에요..{nl}당신만이 크루비나를 파괴하고 마족의 음모를 막을 수 있습니다..{nl}자우라가 치명상을 입고 도망간 지금이 기회입니다!	QUEST_LV_0100_20151016_009886	The Kruvina is an entity that should not exist in this world. It must be destroyed.{nl}This very moment is the golden opportunity! {nl}While Demon Lord Zaura is away treating his fatal wound!	크루비나는 세상에 존재해서는 안될 물건이에요. 반드시 파괴해야만 합니다.{nl}자우라가 치명상을 입고 도망간 지금이 기회에요!	여신 라다
QUEST_UNUSED_20151022_001290	Kruvina no se ha completado, pero como se está creando con las vitalidades de la diosa {nl}, no sería posible romperlo con la fuerza humana.{nl}	크루비나는 아직 완성되지않았지만 여신의 생명력으로 만들어졌기 때문에{nl}인간의 힘만으로는 파괴할 수 없을 겁니다.{nl}	QUEST_LV_0100_20151016_009887	The Kruvina here is unstable since it used my life force little by little.{nl}However, something made of a goddess' life force is not easy to destroy.{nl}	제 생명력을 조금씩 흡수해서 만들고 있기 때문에 이 곳의 크루비나는 아직 불완전해요.{nl}하지만 아무리 마족의 물건이라도 여신의 생명력으로 만들어졌기 때문에 파괴하기가 조금 까다로울 거에요.{nl}	여신 라다
QUEST_UNUSED_20151022_001291	Pero tú eres el Revelador...{nl}El poder de Laima que posees junto con mi poder podría destruir la Kruvina.{nl}Pero, todos los dispositivos de unión y los dispositivos de creación de Kruvina están suprimiendo mi poder que permanece en mí.{nl}Por favor, destruye los dispositivos de unión y los dispositivos de creación de Kruvina. Cuando mi poder regrese, lo compartiré contigo.	하지만 당신은 구원자..{nl}당신에게서 느껴지는 라이마의 힘에 미약하게나마 제 힘을 보태면 크루비나를 파괴할 수 있을 거에요.{nl}하지만 제 남은 힘은 모두 구속 장치와 크루비나 생성 장치들이 억누르고 있는 상태입니다.{nl}구속 장치와 크루비나 생성 장치를 파괴해주세요. 힘이 돌아오면 당신에게 힘을 나눠드리겠습니다.	QUEST_LV_0100_20151016_009888	From you I can feel the power of Laima. Have you brought the orb of Laima? If so, {nl}the process is easy. Use the orb to neutralize the Kruvina. But the power is slightly lacking... {nl}That comes later. Right now, destroying the device that is restraining me and the machine {nl}that is creating Kruvina is the first thing you should do. After that, I will breathe my powers into {nl}the orb. I cannot promise you much for I have little power left in me.	당신에게서 라이마의 힘이 느껴집니다. 라이마의 보주를 가지고 오셨나요?{nl}그럼 얘기가 조금 쉬워져요. 보주에 깃든 여신의 힘으로 크루비나를 무력화시킬 수 있을 겁니다.{nl}하지만 힘이 조금 모자라는 것 같군요..{nl}일단 저를 구속하는 장치와 크루비나를 생성하는 장치들을 파괴해주세요.{nl}미약하게나마 힘을 되찾으면 당신의 보주에 여신의 힘을 불어넣어드리겠습니다.	여신 라다
QUEST_UNUSED_20151022_001292	Bien hecho. El crecimiento de Kruvina se detendrá en su estado incompleto.	잘 해주셨습니다. 크루비나는 불완전한 상태로 생성이 멈출거에요.	QUEST_LV_0100_20151016_009889	Well done. The creation of the Kruvina has been halted. It will not grow anymore.{nl}Thank you for your service.	잘 해주셨습니다. 크루비나는 불완전한 상태로 생성이 멈출거에요.{nl}감사합니다.	여신 라다
QUEST_UNUSED_20151022_001293	Aunque está incompleto, no puedo dejar la Kruvina porque es peligrosa. {nl}Antes de que los demonios hagan mal uso de la Kruvina, debemos destruirla. {nl}	불완전한 상태라고는 하지만 크루비나는 위험하기 때문에 그냥 내버려둘 수는 없습니다.{nl}마족이 크루비나를 악용하기 전에 파괴해야만 해요.{nl}	QUEST_LV_0100_20151016_009890	This is not the end. No matter how imperfect the Kruvina is.{nl}Even in its imperfect state, the Kruvina is a far too dangerous thing to exist.{nl}	하지만 그렇다고 불완전한 크루비나를 내버려둘 수는 없습니다.{nl}너무 위험한 물건이기 때문에 언제 어디서 악용될지 몰라요.{nl}	여신 라다
QUEST_UNUSED_20151022_001294	Ahora que recuperé mi poder que fue suprimido por el dispositivo de creación de Kruvina, compartiré mi poder contigo. {nl}Pon mi poder en el orbe de Laima y destruye Kruvina en nombre del salvador.	크루비나 생성 장치에 억눌려있던 제 힘이 돌아왔으니 당신에게 제 힘을 나눠드리겠습니다.{nl}라이마의 보주에 제 힘을 보태서 구원자의 이름으로 크루비나를 파괴해주세요.	QUEST_LV_0100_20151016_009891	Now, I will breathe most of the power I have left in me into this orb.{nl}The power of a goddess will grant even a human like you the strength to destroy the Kruvina.	제가 당신의 보주에 미약하게나마 여신의 힘을 불어넣어 드리겠습니다.{nl}크루비나 앞에서 여신의 힘을 사용하면 인간인 당신이라도 크루비나를 파괴할 수 있을 거에요.	여신 라다
QUEST_UNUSED_20151022_001295	Un demonio negro llamado Beholder tomó la Kruvina inacabada y desapareció...{nl}Está bien... Salvador... No es tu culpa..{nl}Si no hubieras detenido a los demonios, habrían terminado la Kruvina usando el poder de las diosas.{nl}	주시자라고 불린 검은 마족이 중간에 끼어들어서 불완전한 크루비나를 가지고 사라졌군요..{nl}괜찮습니다.. 구원자여.. 당신의 탓이 아닙니다.{nl}당신이 마족들의 계획을 막아주지 않았다면 그들은 완전한 여신의 힘으로 크루비나를 만들었겠죠.{nl}	QUEST_LV_0100_20151016_009894	An interference from the Beholder... That was quite unexpected..{nl}But, it matters not... Revelator... It's not your fault at all.{nl}If you have not foiled the demon's plan, the Kruvina would have been completed.{nl}Stopping its creation itself is worthy of great praise.{nl}My dear sister, Laima, would have seen the Beholder's interference well in advance.	주시자가 중간에 끼어들다니.. 전혀 예상조차 할 수 없었네요..{nl}괜찮습니다.. 계시자여.. 당신의 탓이 아닙니다.{nl}당신이 마족들의 계획을 막아주지 않았다면 그들은 완전한 여신의 힘으로 크루비나를 만들었겠죠.{nl}그걸 막은 것만으로도 큰 일을 해주셨습니다.{nl}그리고 아마 제 자매인 라이마 여신은 주시자의 개입 조차도 내다봤을 겁니다.	여신 라다
QUEST_UNUSED_20151022_001296	Has hecho un gran trabajo. {nl} Estoy seguro de que Laima, que es mi hermana, previó al Espectador.	크루비나의 완성을 막은 것만으로도 큰 일을 해주신 겁니다.{nl}그리고 아마 제 자매인 라이마는 주시자의 개입 조차도 내다봤을 겁니다.				여신 라다
QUEST_UNUSED_20151022_001297	Gracias por salvarme. Salvador.{nl}Como resultado, pudimos bloquear los planes de los demonios.{nl}Ahora voy a cooperar con los aldeanos para estabilizar el bosque.{nl}	구해주셔서 감사합니다. 구원자여.{nl}덕분에 마족의 계획도 막을 수가 있었습니다.{nl}저는 이제 마을 주민들과 힘을 합쳐 이 숲을 안정화시키려고 합니다.{nl}	QUEST_LV_0100_20151016_009895	Thank you for saving me, Revelator.{nl}You did a great job on putting an end to the demon's plan.{nl}As for I, stabilizing the forest along with the townspeople is my duty.{nl}	저를 구해주셔서 감사합니다. 계시자여.{nl}덕분에 마족들의 계획도 막을 수가 있었습니다.{nl}저는 이제 마을 주민들과 힘을 합쳐 이 숲을 안정화시키도록 하겠습니다.{nl}	여신 라다
QUEST_UNUSED_20151022_001298	Antes de que Laima comenzara a ir a la deriva, me pidió algo.{nl}Cuando el salvador aparece y resuelve todos los desastres en la aldea,{nl}ella quiere que lleve al salvador a las manos de la estatua de Laima.{nl}Toma el orbe de la diosa que Laima ha preparado y ve a las manos de Laima en Zeraha.	그러고 보니 라이마가 방랑을 시작하기 전에 저에게 부탁한 일이 있습니다.{nl}구원자가 나타나 마을에 드리운 재앙을 모두 해결하고 나면{nl}구원자를 제라하의 라이마 여신상 손 끝으로 인도해달라고 했습니다.{nl}라이마가 준비한 여신의 보주를 챙겨서 제라하의 라이마 여신상 손 끝으로 가보세요.	QUEST_LV_0100_20151016_009896	Right before the self-imposed wandering, she told me something.{nl}She said, there will be a disaster, even she could not prevent...{nl}When that time comes, lead a stranger with her orb to the hand of the giant Goddess Statue.{nl}Take the orb of Laima and go to the hand of the giant statue.	그러고 보니 라이마가 방랑을 시작하기 전에 저에게 이런 말을 했습니다.{nl}저 조차도 막을 수 없는 재앙이 들이닥칠 거라고..{nl}그 때 자신이 남겨둔 보주를 가지고 온 이방인을 거대 여신상의 손 끝으로 인도해달라고 말이죠.{nl}라이마의 보주를 챙겨서 거대 여신상의 손 끝으로 가보세요.	여신 라다
QUEST_UNUSED_20151022_001299	No esperaba que Laima fuera capturada por Giltine...{nl}Salvador... Cuento contigo.{nl}Tú eres el único que puede detener la conspiración de Giltine y salvar a Laima.{nl}	라이마가 길티네에게 붙잡혔다니..{nl}구원자여.. 부탁드립니다.{nl}라이마를 구하고 길티네의 음모를 막을 수 있는 건 구원자인 당신 밖에 없습니다.{nl}	QUEST_LV_0100_20151016_009898	Ah... No, it can't be...{nl}Laima is being held captive by Giltine...{nl}Savior... Please, stop Giltine and her evil plan and save Laima...{nl}	아아.. 이럴 수가..{nl}라이마가 길티네에게 붙잡혔다니..{nl}구원자여.. 부디 라이마를 구하고 길티네의 음모를 막아주세요..{nl}	여신 라다
QUEST_UNUSED_20151022_001300	Te pasaré el poder del orbe. {nl} Espero que te ayude cuando cumplas con tu deber. {nl} Estabilizaré este lugar y restauraré mi poder para buscar a otras hermanas...	당신이 가지고 있는 보주에 깃든 힘을 당신에게 전해드리겠습니다.{nl}구원자로서의 임무를 수행하는데 보탬이 되었으면 좋겠네요..{nl}저도 이 곳을 안정화하며 힘을 회복해서 다른 자매들을 찾아보겠습니다..	QUEST_LV_0100_20151016_009899	I will call out to my sisters after the situation at this {nl}place gets stabilized and return to my full power...	저도 이 곳을 안정화하며 힘을 회복하면 자매들을 모아보겠습니다..	여신 라다
QUEST_UNUSED_20151022_001301	El santuario para las diosas se construyó aquí originalmente, pero los demonios destruyeron los santuarios. {nl} Estoy tratando de restaurar el santuario con los aldeanos para Lada y Laima, quienes regresarán algún día. {nl} Pero muchos demonios todavía deambulan por ahí. {nl} Deberíamos expulsar a los demonios para restaurar el santuario. {nl}	이 곳에는 원래 여신을 위한 신전이 세워져 있었지만 마족들이 신전을 무너뜨려버렸습니다.{nl}저는 라다 여신과 언젠가 돌아올 라이마 여신을 위해 마을 사람들과 함께 신전을 재건하려고 합니다.{nl}하지만 아직도 남은 마족들이 이 곳을 돌아다니고 있습니다.{nl}신전을 재건하기 전에 남은 마족들을 몰아내야 합니다.{nl}	QUEST_LV_0100_20151016_009901	There used to be a temple for worshiping the goddess. It got tuppled off by the demons.{nl}I am waiting for Goddess Lada and Laima to return and {nl}trying to rebuild the temple with the help of the townspeople.{nl}However, there are still some demon remnants.{nl}	이 곳에는 원래 여신을 위한 신전이 세워져 있었지만 마족들이 신전을 무너뜨려버렸습니다.{nl}저는 라다 여신과 언젠가 돌아올 라이마 여신을 위해 마을 사람들과 함께 신전을 재건하려고 합니다.{nl}하지만 아직도 남은 마족들이 이 곳을 돌아다니고 있습니다.{nl}	마을 사제
QUEST_UNUSED_20151022_001302	No sé por qué los demonios siguen aquí después de ver al Señor Demonio expulsado.	마군주도 몰아냈는데 여기 남은 마족들은 뭘 건지겠다고 남은 걸까요?	QUEST_LV_0100_20151016_009903	I don't understand why the demons still stick around even after their Demon Lord has fallen. {nl}What's the point?	마군주도 죽었는데 여기 남은 마족들은 뭘 건지겠다고 남은 걸까요?	마을 사제
QUEST_UNUSED_20151022_001303	Hay una gran ciudad llamada Fedimian que no está muy lejos de este bosque. {nl} Entre los maestros de Fedimian, puede haber alguien que sepa cómo purificar la tierra. {nl} Tengo que buscarlo, pero no puedo irme ahora porque estoy demasiado ocupado. {nl} ¿Puedes ir a buscar un consejo del maestro que sabe cómo purificar la tierra en mi nombre?	이 숲에서 멀지 않은 곳에 페디미안이라는 대도시가 있어요.{nl}혹시 페디미안에 계신 마스터님들 중에 대지를 정화할 방법을 알고 계신 분이 계시지 않을까요?{nl}제가 찾아봐야하지만 이 곳의 일손이 부족해서 자리를 비우기 힘든 상황이네요..{nl}괜찮으시면 페디미안에서 대지를 정화할 방법을 아는 마스터님께 조언을 구해주실 수 있을까요?	QUEST_LV_0100_20151016_009906	Say, wouldn't one of the masters in Orsha know a way to purify the land?{nl}I would ask them myself but I am tied up at the moment...{nl}Will you please visit the masters in Orsha and see if they have any ideas?	혹시 오르샤에 계신 마스터님들 중에 대지를 정화할 방법을 알고 계신 분이 계시지 않을까요?{nl}제가 찾아봐야하지만 이 곳의 일손이 부족해서 자리를 비우기 힘든 상황이네요..{nl}괜찮으시면 오르샤에서 대지를 정화할 방법을 아는 마스터님께 조언을 구해주실 수 있을까요?	마을 사제
QUEST_UNUSED_20151022_001304	gina verde	지나 그린				
QUEST_UNUSED_20151022_001305	Ahah... sé cómo purificar la tierra. {nl}No puedo irme ahora, así que escribiré el círculo mágico de la purificación en el pergamino.	아아.. 대지를 정화하는 방법이라면 제가 알고 있어요.{nl}저도 자리를 비울 상황은 못되서 정화의 마법진을 주문서에 써드릴게요.	QUEST_LV_0100_20151016_009908	Ah... You are looking for a way to purify the land?{nl}How could I say no to that face.{nl}I will get you Purification Scroll.	아아.. 대지를 정화하는 방법이라면 내가 알고 있지..{nl}사정을 듣고도 어찌 모른 척을 하겠나.{nl}내가 정화의 마법진을 주문서에 써주겠네.	지나 그린
QUEST_UNUSED_20151022_001306	¡Entre los maestros de Fedimian, debe haber alguien que sepa purificar la tierra!{nl}Debe haber alguien...	페디미안에 있는 마스터님들이라면 분명 대지를 정화하는 방법을 아시는 분이 계실거에요!{nl}계셔야 하는데..	QUEST_LV_0100_20151016_009909	There must be a master in Orsha who knows a way to purify the land!{nl}There must be...	오르샤에 있는 마스터님들이라면 분명 대지를 정화하는 방법을 아시는 분이 계실거에요!{nl}계셔야 하는데..	마을 사제
QUEST_UNUSED_20151022_001307	Has vuelto pronto. ¿Has encontrado el método?{nl}	금방 다녀오셨군요. 방법은 알아오셨습니까?{nl}	QUEST_LV_0100_20151016_009910	Woah! A Purification Scroll?{nl}That's perfect! Thank you so much!	우와! 정화의 주문서를 써주셨다구요?{nl}기대 이상의 수확이네요! 감사합니다!	마을 사제
QUEST_UNUSED_20151022_001308	¿El Maestra Druida te escribió el pergamino él mismo? {nl} ¡Eso significa que lo que está dibujado en ese pergamino es el círculo mágico de la purificación! {nl} Esto es más de lo que esperaba. ¡Gracias!	드루이드 마스터님께서 직접 주문서를 써주셨다구요?{nl}그러니까 그 주문서에 그려진 게 정화의 마법진이라는 소리군요!{nl}이거 기대 이상의 수확인데요? 감사합니다!				마을 사제
QUEST_UNUSED_20151022_001309	Ahora, con el pergamino de purificación que hemos obtenido, ahora tenemos que purificar la tierra. {nl} Parece que los tótems demoníacos que se encuentran a lo largo de la tierra están causando la contaminación. {nl}Pero, debido a los demonios que protegen los tótems demoníacos, no podemos acercarnos. {nl}	이제 구해온 정화의 주문서로 대지를 정화하는 일만 남았군요.{nl}살펴보니 아무래도 곳곳에 세워진 마족 토템을 근원으로 대지가 물들고 있는 것 같습니다.{nl}그런데 마족 토템을 지키는 마족들 때문에 도저히 가까이 갈 엄두가 안나더라구요..{nl}	QUEST_LV_0100_20151016_009911	While you, the Revelator, was away in Orsha, I looked around.{nl}The demon totems erected throughout the land are corrupting the land.{nl}The demons are guarding them, so couldn't approach them...{nl}	계시자님께서 오르샤에 다녀오시는 동안 주변을 살펴봤어요.{nl}아무래도 곳곳에 세워진 마족 토템을 근원으로 대지가 물들고 있는 것 같습니다.{nl}그런데 마족 토템을 지키는 마족들 때문에 도저히 가까이 갈 엄두가 안나더라구요..{nl}	마을 사제
QUEST_UNUSED_20151022_001310	¡Muchas gracias por resolver asuntos que eran difíciles para los aldeanos! {nl}Tu gran poder nos ayudó mucho.{nl}Cuando el santuario para las diosas se construya aquí en el futuro, ¡visítanos!	마을 사람들이 하기 어려운 일을 해결해주셔서 감사합니다!{nl}계시자님의 강한 힘이 큰 도움이 됐습니다.{nl}언젠가 이 곳에 여신을 위한 신전이 세워지면 계시자님도 한번 들리세요!	QUEST_LV_0100_20151016_009914	Oh thank you so much! I really needed your help!{nl}When the temple is built, please do come and visit me!	감사합니다! 일 손이 많이 필요했는데 덕분에 큰 도움이 됐습니다!{nl}언젠가 이 곳에 여신을 위한 신전이 세워지면 계시자님도 한번 들리세요!	마을 사제
QUEST_UNUSED_20151022_001311	Ahora, voy a trabajar con los aldeanos para restaurar el santuario de las diosas. {nl} Estoy buscando dónde construir el santuario y encontré allí la tierra llena de vitalidades. {nl} Los demonios entraron corriendo así que no pude mirarlo con atención, pero la energía del suelo {nl} nos ayudaría a restaurar las vitalidades. {nl}	이제 마을 주민들과 힘을 합쳐서 여신을 위한 신전을 재건하려고 하네.{nl}어디에 신전을 지으면 좋을까 터를 돌아보고 있는데 저 위쪽에서 생명의 기운이 가득한 땅을 찾았지.{nl}마족들이 덤벼들어서 자세히 살펴보지는 못했지만 그 땅의 기운이라면 라다 여신께서{nl}기운을 회복하는 데 큰 도움이 될 것 같네.{nl}	QUEST_LV_0100_20151016_009916	It is time for us to rebuild the temple altogether.{nl}I searched for the right place and found a perfect spot up there. It's rich with life force.{nl}Demons approached me so I did not have much time to inspect it more carefully. It matters not,{nl}I do believe that Goddess Lada will recover her strength faster, if she rests in that place.{nl}	이제 우리는 마을 주민들과 힘을 합쳐서 여신을 위한 신전을 재건하려고 하네.{nl}어디에 신전을 지으면 좋을까 터를 돌아보고 있는데 저 위쪽에서 생명의 기운이 가득한 땅을 찾았지.{nl}마족들이 덤벼들어서 자세히 살펴보지는 못했지만 그 땅의 기운이라면 라다 여신께서{nl}기운을 회복하는 데 큰 도움이 될 것 같네.{nl}	마을 신관
QUEST_UNUSED_20151022_001312	Incluso ahora, Kruvina se está completando lentamente. {nl}Deberíamos darnos prisa.	지금도 크루비나는 조금씩 완성되고 있습니다.{nl}서둘러야 해요.				여신 라다
QUEST_UNUSED_20151022_001313	Si rompemos el dispositivo que absorbe las vitalidades, mis vitalidades no pasarán a Kruvina.	생명력 흡수 장치를 파괴하면 더 이상 제 생명력이 크루비나로 전해지지 않을 거에요.				여신 라다
QUEST_UNUSED_20151022_001314	Hagámoslo un poco más. {nl}Por favor, espera un poco más. Salvador.	이제 조금만 더 하면 됩니다.{nl}힘을 내세요. 구원자여.				여신 라다
QUEST_UNUSED_20151022_001315	Por favor purifica la tierra que los demonios contaminaron.	마족이 더럽힌 대지를 꼭 정화해주세요.				지나 그린
QUEST_UNUSED_20151022_001316	El dispositivo de unión está suprimiendo todo el poder que me queda y me está atando. {nl}El dispositivo de unión no es tan fuerte, por lo que podrías destruirlo con tu poder.	구속 장치가 미약하게나마 남아있는 제 힘을 모두 억눌러 저를 구속하고 있습니다.{nl}구속 장치 자체는 강한 장치가 아니기 때문에 당신의 힘으로도 충분히 파괴할 수 있을 거에요.				여신 라다
QUEST_UNUSED_20151022_001317	Lo has hecho bien.{nl}La energía que estaba bloqueada dentro del dispositivo de unión ha regresado un poco.{nl}Ahora, deberíamos romper el dispositivo de absorción.	잘해주셨습니다.{nl}구속 장치에 갇혀있던 힘이 조금이나마 돌아왔습니다.{nl}이제 생명력 흡수 장치를 파괴해야합니다.				여신 라다
QUEST_UNUSED_20151022_001318	El dispositivo está absorbiendo mis vitalidades usando el círculo mágico. {nl} Fue creado para absorber solo las vitalidades de una diosa inocente, por lo que dejará de funcionar cuando absorba otras vitalidades. {nl} Especialmente, cuando la sangre del demonio opuesto a mi vitalidad se mezcla, resistiría mucho.	생명력 흡수 장치는 마법진으로 제 생명력을 흡수하고 있습니다.{nl}순수한 여신의 생명력만을 흡수하도록 만들어져 있기 때문에 다른 생명력이 흡수되면 작동을 멈출거에요.{nl}특히 저의 생명력과 반대되는 마족의 혈액을 섞는다면 더 강력한 반발력이 생길 겁니다.				여신 라다
QUEST_UNUSED_20151022_001319	Eres verdaderamente el salvador preparado por Laima.{nl}Ahora solo nos queda el dispositivo de control de Kruvina.{nl}	역시 라이마가 준비한 구원자답습니다.{nl}이제 크루비나 제어 장치만 남았습니다.{nl}				여신 라다
QUEST_UNUSED_20151022_001320	El dispositivo de control de Kruvina acumula las vitalidades de las diosas y envía cierta cantidad a Kruvina{nl} y suprime la creación de Kruvina. {nl} Se mueve por la energía demoníaca de los demonios, por lo que cuando usas el orbe de la diosa {nl} el dispositivo se sobrecarga y deja de funcionar.	크루비나 제어 장치는 여신의 생명력을 모아뒀다가 크루비나로 일정량씩 보내서{nl}크루비나 생성을 제어하는 장치입니다.{nl}마족의 마력으로 움직이고 있기 때문에 당신이 가지고 있는 여신의 보주를 사용하면{nl}마력 과부하를 일으켜 제어 장치가 작동을 멈출 겁니다.				여신 라다
QUEST_UNUSED_20151022_001321	La gran catedral está cerca de Fedimian, por lo que religiosamente floreció mucho. {nl}Fedimian no pudo evitar Medzio Diena, pero los supervivientes se agruparon y {nl} están tratando de restaurar a Fedimian.	페디미안은 근처에 대성당이 있어서 종교적으로 크게 부흥했던 대도시에요.{nl}페디미안 역시 신수의 날을 피해가진 못했지만 그 곳에 생존자들이 뭉쳐서{nl}페디미안을 복구하려는 움직임이 있다고 해요.				마을 사제
QUEST_UNUSED_20151022_001322	La niña mira el árbol que brilla misteriosamente.	소녀는 신비하게 빛나는 묘목을 지켜보고 있다.				소녀
QUEST_UNUSED_20151022_001323	Mientras quitas los polvos negros, ¡puedes ver las letras grabadas!	기둥에서 검은 가루가 떨어지자 몬스터들이 홀린 듯이 몰려듭니다!	QUEST_UNUSED_20151001_000560	Upon seeing the black dust fall off the pilar, the monsters came running!	기둥에서 검은 가루가 떨어지자 그것을 보고 몬스터들이 몰려듭니다!	
QUEST_UNUSED_20151022_001324	Mientras quitas los polvos negros, ¡puedes ver las letras grabadas!	검은 가루를 털어냈더니 새겨진 글씨가 보입니다!	QUEST_UNUSED_20151001_000562	After brushing off the black dust, the thing underneath looks like a record!	검은 가루를 털어냈더니 어떤 기록 같은 것이 보입니다!	
QUEST_UNUSED_20151022_001325	La luz del cristal que brilla con un rayo misterioso parece más débil de lo que pensaba. {nl} Para que ilumine suficiente rayo, ¡obtén aceite luminoso de los monstruos cercanos!	신비한 빛을 내는 결정의 빛이 생각보다 약한 것 같습니다.{np}충분한 빛을 내도록 주변 몬스터에게서 야광 기름을 구해 오세요!	QUEST_UNUSED_20151016_000814	The crystal emanating the mysterious light is not fully repleted!{nl}Defeat nearby monsters to collect monster oil and make the crystal shine its light!	신비한 빛을 내는 결정의 빛이 충분하지 않은 것 같습니다!{nl}주변 몬스터에게서 신비한 빛을 내는 결정이 충분한 빛을 내도록 몬스터 기름을 구해 오세요!	
QUEST_UNUSED_20151022_001326	¡Podrás leer las letras después de recolectar aceite luminoso!	야광 기름을 모아야 글귀를 읽을 수 있습니다!	QUEST_UNUSED_20151001_000565	To read the words you need to collect monster oil!	몬스터 기름을 모아야 글귀를 읽을 수 있습니다!	
QUEST_UNUSED_20151022_001327	¡Di los números que indican las letras cerca del pilar!	기둥 가까이에서 글귀가 말하는 숫자를 말해 보세요!	QUEST_UNUSED_20151001_000570	Stand close to the pillar and speak out the numbers!	기둥 가까이 서서 어딘가에서 얻은 숫자를 말해 봅시다!	
QUEST_UNUSED_20151022_001328	No puedes verlo con claridad, pero el musgo que brilla vagamente te permite leer un poco las letras. {nl}Cuando recolectes musgos como estos, podrás leer las letras.	잘 보이진 않지만, 희미하게 빛나는 이끼가 글귀를 조금 비추었습니다.{nl}이것과 같은 이끼를 모으면 글귀를 읽을 수 있을 것 같습니다	QUEST_UNUSED_20151001_000573	It's too dark to see! Collect some shining moss from nearby!	어두워서 보이지 않습니다! 주변에서 빛나는 이끼를 채취해 오세요!	
QUEST_UNUSED_20151022_001329	¡El pilar se ha derrumbado! {nl} ¡Obtén líquido pegajoso de los monstruos y repara el pilar!	기둥이 무너져 버렸습니다!{nl}몬스터로부터 점성 있는 액체를 구해 기둥을 수리 하세요!				
QUEST_UNUSED_20151022_001330	¡Consiga un líquido pegajoso que se usaría para reparar el pilar!	기둥을 수리 할 만한 점성 있는 액체를 구해 오세요!				
QUEST_UNUSED_20151022_001331	¡Por fin parece que podré leer las cartas!	드디어 새겨진 글귀를 읽을 수 있을 것 같습니다!	QUEST_UNUSED_20151001_000582	You can read the letters!	글귀를 읽을 수 있는 상태가 되었습니다!	
QUEST_UNUSED_20151022_001332	yo ayudaré	괜찮은 생각이니 돕겠다고 한다	QUEST_LV_0100_20151001_008893	What kind of help do you need? 	도와 줄 일을 말해 보라고 한다	
QUEST_UNUSED_20151022_001333	no me interesa	별로 관심 없다고 한다	QUEST_LV_0100_20150317_002379	Cancel	종료	
QUEST_UNUSED_20151022_001334	Como te dijo Albinas, ¡las lápidas contaminadas atraen monstruos! {nl} ¡Derrota a los monstruos y rompe las lápidas!	알비나스가 말한 대로 오염된 비석이 몬스터를 끌어들입니다!{nl}몬스터를 물리치면서 비석을 파괴하세요!	QUEST_LV_0100_20151016_009928	Albinas was telling the truth!{nl}The tombstones are corrupted and spawning monsters! Defeat the monsters and destroy the tombstones!	알비나스의 말이 맞는 것 같습니다!{nl}비석이 오염되어 몬스터가 튀어나온 것 같으니, 몬스터를 물리치면서 비석을 파괴하세요!	
QUEST_UNUSED_20151022_001335	Huyamos	도망가자	QUEST_LV_0100_20150317_002379	Cancel	종료	
QUEST_UNUSED_20151022_001336	Sal ahora	이만 물러난다				
QUEST_UNUSED_20151022_001337	Ya no tienes que disculparte	여기까지 했으니 사과는 충분하다고 한다	QUEST_LV_0100_20150317_002379	Cancel	종료	
QUEST_UNUSED_20151022_001338	Por favor espera hasta que termine	끝날 때 까지 기다린다	QUEST_LV_0100_20150317_002379	Cancel	종료	
QUEST_UNUSED_20151022_001339	Ayudaré con la investigación de Albinas.	알비나스 조사를 돕겠다고 한다	QUEST_LV_0100_20150317_003015	I'll get it. 	구해 오겠다고 한다	
QUEST_UNUSED_20151022_001340	lo descubriré	알아오겠다고 한다	QUEST_LV_0100_20150317_002378	Alright	알겠다고 한다	
QUEST_UNUSED_20151022_001341	Esperemos los resultados.	그냥 결과를 기다리자고 한다	QUEST_LV_0100_20150317_002379	Cancel	종료	
QUEST_UNUSED_20151022_001342	les haré saber	알려주겠다고 한다	QUEST_LV_0100_20151001_008918	I will tell you 	알려 주겠다고 한다	
QUEST_UNUSED_20151022_001343	estoy renunciando a esto	이 일에서 손을 떼겠다고 한다	QUEST_LV_0100_20150317_002379	Cancel	종료	
QUEST_UNUSED_20151022_001344	Iré a ayudar a Fabijus.	당장 파비유스를 도우러 가겠다고 한다	QUEST_LV_0100_20151001_008920	I will go where Pavius went	파비유스가 간 곳으로 가겠다고 한다	
QUEST_UNUSED_20151022_001345	Pensemos en esto por un momento.	일단 생각할 시간을 갖자고 한다	QUEST_LV_0100_20150317_002379	Cancel	종료	
QUEST_UNUSED_20151022_001346	Ahora es el momento de decir adiós.	흔쾌히 전해 주겠다고 한다	QUEST_LV_0100_20150317_003256	I will go	가 보겠다고 한다	
QUEST_UNUSED_20151022_001347	Ahora es el momento de decir adiós.	이만 헤어져야 할 것 같다고 한다	QUEST_LV_0100_20150317_002379	Cancel	종료	
QUEST_UNUSED_20151022_001348	Vine aquí desde que Leopoldas me pidió ayuda.	몰래 돕겠다고 한다	QUEST_LV_0100_20150317_003178	I'll help	도와 주겠다고 한다	
QUEST_UNUSED_20151022_001349	Vine aquí desde que Leopoldas me pidió ayuda.	레오폴다스가 도와주래서 왔다고 한다	QUEST_LV_0100_20150317_003391	I'll bring it 	가져오겠다고 한다	
QUEST_UNUSED_20151022_001350	¡El lugar donde se encontraban los bienes de los comerciantes fue excavado por monstruos!	상단 물건이 있던 곳은 이미 몬스터가 다 파헤친 뒤입니다!{nl}몬스터를 처치하고 물건을 되찾으세요!	QUEST_LV_0100_20151016_009942	The Merchant Alliance's storage is infested with monsters!{nl}Defeat them and find clues!	상단 물품이 있는 곳을 이미 몬스터들이 다 파헤쳤습니다!{nl}몬스터들을 처치하고 단서를 찾으세요!	
QUEST_UNUSED_20151022_001351	eso va a ser muy dificil	그것까진 무리일 것 같다고 한다	QUEST_LV_0100_20150317_002379	Cancel	종료	
QUEST_UNUSED_20151022_001352	Dando forma a la lápida	비석의 모양을 잡는 중	QUEST_LV_0100_20151001_008943	Building Sanctuary	성소를 만드는 중	
QUEST_UNUSED_20151022_001353	Lo rechazaré	그런 건 거절하겠다고 한다				
QUEST_UNUSED_20151022_001354	Ignora y sigue tu camino	무시하고 갈 길 간다	QUEST_LV_0100_20150317_002379	Cancel	종료	
QUEST_UNUSED_20151022_001355	Despedida	잘 가라고 한다	QUEST_LV_0100_20151016_009954	Talk further	이야기를 더 나눈다	
QUEST_UNUSED_20151022_001356	ve a ayudar	도와주러 간다				
QUEST_UNUSED_20151022_001357	no ayudes	도와주지 않는다				
QUEST_UNUSED_20151022_001358	busca otra manera	물약을 먹인다				
QUEST_UNUSED_20151022_001359	busca otra manera	다른 방법을 강구한다				
QUEST_UNUSED_20151022_001360	buscar un comerciante	행상인을 찾는다				
QUEST_UNUSED_20151022_001361	No busques un comerciante	행상인을 찾지 않는다	QUEST_LV_0200_20150317_001353	I need some time to prepare	잠시 준비할 시간이 필요하다고 한다	
QUEST_UNUSED_20151022_001362	Busque al comerciante después de oler el olor del comerciante.	행상인의 체취 맡게 해 행상인을 찾으세요				
QUEST_UNUSED_20151022_001363	volver a rosa	로제에게 돌아가라고 한다				
QUEST_UNUSED_20151022_001364	iré a buscarlo	찾으러 간다				
QUEST_UNUSED_20151022_001365	iré a derrotarlo	처치하러 간다				
QUEST_UNUSED_20151022_001366	Regresaré más tarde	나중에 오겠다고 한다				
QUEST_UNUSED_20151022_001367	iré a buscar las hierbas	약초를 구하러 간다				
QUEST_UNUSED_20151022_001368	Vuelve pronto al pueblo.	얼른 마을로 돌아가라고 한다				
QUEST_UNUSED_20151022_001369	Ve a encontrarte con el clérigo submaestro.	클레릭 서브 마스터에게 가본다	QUEST_LV_0200_20150714_008144	Ask him if there's anything you can help	도와줄 수 있는 게 있는지 묻는다	
QUEST_UNUSED_20151022_001370	Vuelve rápido al pueblo.	마을로 얼른 돌아가라고 한다				
QUEST_UNUSED_20151022_001371	Contando los síntomas de los cuentos de herbolarios.	약초꾼 테일스의 증상을 알리는 중				
QUEST_UNUSED_20151022_001372	Ir a Cuentos de Herbolario	약초꾼 테일스에게 간다				
QUEST_UNUSED_20151022_001373	Entrégalo tú mismo	직접 전달하라고 한다	QUEST_LV_0100_20151001_009014	Tell him to wait a bit longer	잠시 기다려 달라고 한다	
QUEST_UNUSED_20151022_001374	Busca en la zona cercana	주변을 수색한다				
QUEST_UNUSED_20151022_001375	solo vámonos	그냥 가자고 한다				
QUEST_UNUSED_20151022_001376	Ve a buscar el escondite de los demonios.	마족의 근거지를 수색하러 간다				
QUEST_UNUSED_20151022_001377	volver a rosa	로제에게 돌아가세요				
QUEST_UNUSED_20151022_001378	Ir a eliminar la fuente de alimentación del dispositivo.	장치의 동력원 제거하러 간다				
QUEST_UNUSED_20151022_001379	Quitando la trampa	덫을 풀어준다				
QUEST_UNUSED_20151022_001380	tengo algo urgente que hacer	급한 일이 있다고 한다				
QUEST_UNUSED_20151022_001381	quitar la trampa	덫 풀어주기				
QUEST_UNUSED_20151022_001382	Ve a destruir el círculo mágico.	마법진을 파괴하러 간다				
QUEST_UNUSED_20151022_001383	La capa protectora del caldero ha desaparecido. Elimina el caldero.	솥의 보호막이 사라졌습니다. 솥을 제거하세요				
QUEST_UNUSED_20151022_001384	quemaré la caja	상자를 불태우겠다고 한다	QUEST_LV_0200_20150317_001212	Leave it to me	맡겨달라고 한다	
QUEST_UNUSED_20151022_001385	Escucha las explicaciones.	설명을 듣는다	QUEST_LV_0100_20150317_002398	Accept	수락	
QUEST_UNUSED_20151022_001386	No necesitas hacerlo	그럴필요 없다고 한다				
QUEST_UNUSED_20151022_001387	Gracias por hacérmelo saber	알려줘서 고맙다고 한다	QUEST_LV_0100_20150317_002398	Accept	수락	
QUEST_UNUSED_20151022_001388	Estoy cansado ahora	지금은 힘들다고 한다				
QUEST_UNUSED_20151022_001389	Lo pensaré un poco más.	좀 더 생각해보겠다고 한다	QUEST_LV_0100_20150317_002379	Cancel	종료	
QUEST_UNUSED_20151022_001390	Tengo algunas cosas que hacer cerca de aquí.	그를 찾겠다고 한다	QUEST_LV_0100_20150317_002398	Accept	수락	
QUEST_UNUSED_20151022_001391	Tengo algunas cosas que hacer cerca de aquí.	주변에 볼일이 있다고 한다	QUEST_LV_0100_20150317_002379	Cancel	종료	
QUEST_UNUSED_20151022_001392	hazlo tu mismo	직접하라고 한다				
QUEST_UNUSED_20151022_001393	lo haré más tarde	나중에 해본다고 한다				
QUEST_UNUSED_20151022_001394	iré a buscarlo	찾아보겠닥 한다	QUEST_LV_0100_20150317_002398	Accept	수락	
QUEST_UNUSED_20151022_001395	Va a ser difícil encontrarlo	찾기 힘들거라고 한다	QUEST_LV_0100_20150317_002379	Cancel	종료	
QUEST_UNUSED_20151022_001396	pasaré por aquí	들리겠다고 한다	QUEST_LV_0100_20150317_003804	Yes, I'll drop by	들르겠다고 한다	
QUEST_UNUSED_20151022_001397	No será un esfuerzo infructuoso	헛수고라고 한다	QUEST_LV_0100_20150317_002379	Cancel	종료	
QUEST_UNUSED_20151022_001398	iré a encontrarme	만나러 가겠다고 한다	QUEST_LV_0100_20150317_002398	Accept	수락	
QUEST_UNUSED_20151022_001399	salvaré el día	할일이 있다고 한다	QUEST_LV_0100_20150317_003558	It's nothing serious	별 일 아닐거라고 한다	
QUEST_UNUSED_20151022_001400	salvaré el día	바로 구하러 가겠다고 한다				
QUEST_UNUSED_20151022_001401	todavía no estoy listo	준비가 덜 됐다고 한다				
QUEST_UNUSED_20151022_001402	Va a ser difícil encontrarlo	찾기 힘들 것 같다고 한다				
QUEST_UNUSED_20151022_001403	Es inútil	소용없다고 한다				
QUEST_UNUSED_20151022_001404	lo voy a desmontar	해체하겠다고 한다	QUEST_LV_0100_20150317_002398	Accept	수락	
QUEST_UNUSED_20151022_001405	Ve a buscar un lugar más seguro.	더 안전한 곳을 찾아보라고 한다	QUEST_LV_0100_20150317_002379	Cancel	종료	
QUEST_UNUSED_20151022_001406	iré a recogerlos	수집해오겠다고 한다	QUEST_LV_0100_20150317_003086	I'll collect it	모아 오겠다고 한다	
QUEST_UNUSED_20151022_001407	Esa es una idea extrema	지나친 생각이라고 한다	QUEST_LV_0200_20150323_004531	Tell her that there is a more emergent issue	더 급한 일이 있다고 한다	
QUEST_UNUSED_20151022_001408	iré a buscarlo	찾아주겠다고 한다				
QUEST_UNUSED_20151022_001409	Volveré después de informarlo.	보고하고 오겠다고 한다	QUEST_LV_0100_20150317_002398	Accept	수락	
QUEST_UNUSED_20151022_001410	lo usaré bien	잘 쓰겠다고 한다	QUEST_LV_0100_20150317_002398	Accept	수락	
QUEST_UNUSED_20151022_001411	lo seguiré pronto	곧 따라가겠다고 한다				
QUEST_UNUSED_20151022_001412	veamos el interior	안에서 보자고 한다	QUEST_LV_0100_20150317_002398	Accept	수락	
QUEST_UNUSED_20151022_001413	intentaré desmontarlo	해체해보겠다고 한다	QUEST_LV_0100_20150317_002398	Accept	수락	
QUEST_UNUSED_20151022_001414	ir a comprobar	확인해 본다	QUEST_LV_0100_20150317_002398	Accept	수락	
QUEST_UNUSED_20151022_001415	Mira más a tu alrededor	주변을 더 살펴 본다	QUEST_LV_0100_20150317_002379	Cancel	종료	
QUEST_UNUSED_20151022_001416	iré a buscarlo	찾아가겠다고 한다				
QUEST_UNUSED_20151022_001417	Recogeré suficientes de ellos	충분히 모아오겠다고 한다	QUEST_LV_0100_20150317_002398	Accept	수락	
QUEST_UNUSED_20151022_001418	lo seguiré pronto	바로 따라가겠다고 한다				
QUEST_UNUSED_20151022_001419	iré allí de inmediato	바로 가보겠다고 한다				
QUEST_UNUSED_20151022_001420	No estamos del todo listos	준비가 부족하다고 한다				
QUEST_UNUSED_20151022_001421	iré a buscarlo	찾아가 보겠다고 한다	QUEST_LV_0100_20150317_002398	Accept	수락	
QUEST_UNUSED_20151022_001422	tengo algunas cosas que hacer primero	먼저 해야할 일이 있다고 한다	QUEST_LV_0100_20150317_002379	Cancel	종료	
QUEST_UNUSED_20151022_001423	es absurdo	어처구니없다고 한다	QUEST_LV_0100_20150317_002379	Cancel	종료	
QUEST_UNUSED_20151022_001424	voy a eliminarlo	없애고 온다고 한다	QUEST_LV_0100_20150317_002494	I'll go there	다녀오겠다고 한다	
QUEST_UNUSED_20151022_001425	me iré de inmediato	바로 가겠다고 한다				
QUEST_UNUSED_20151022_001426	Todavía hay algunas cosas por hacer.	할 일이 남았다고 한다				
QUEST_UNUSED_20151022_001427	es una perdida de tiempo	시간낭비라고 한다	QUEST_LV_0100_20150317_002379	Cancel	종료	
QUEST_UNUSED_20151022_001428	Las cualidades del espadachín [Avance del espadachín]	소드맨으로서의 자질[소드맨 전직]				
QUEST_UNUSED_20151022_001429	Quiero ser más fuerte, por supuesto.	당연히 더 강해지고 싶다고 한다				
QUEST_UNUSED_20151022_001430	Tu competencia es suficiente	이 정도 능력이면 충분하다고 한다				
QUEST_UNUSED_20151022_001431	Las posibilidades de una espada a dos manos [Avance del montañés] (1)	양손검의 가능성[하이랜더 전직](1)				
QUEST_UNUSED_20151022_001432	Tengo la confianza suficiente para pasar cualquier prueba.	어떤 시험이든 통과할 자신이 있다고 한다				
QUEST_UNUSED_20151022_001433	No lo haré si es problemático.	귀찮은 일이라면 그만두겠다고 한다				
QUEST_UNUSED_20151022_001434	Las posibilidades de una espada a dos manos [Avance del montañés] (2)	양손검의 가능성[하이랜더 전직](2)				
QUEST_UNUSED_20151022_001435	Preguntar cuál es la próxima tarea.	다음 과제는 어떤 것이냐고 묻는다				
QUEST_UNUSED_20151022_001436	lo dejaré ahora	이쯤에서 그만 두겠다고 한다				
QUEST_UNUSED_20151022_001437	El proceso de nacimiento de un camarada [Avance de Peltasta]	전우의 탄생과정[펠타스타 전직]				
QUEST_UNUSED_20151022_001438	Sí. Eso es.	물론 그렇다고 한다				
QUEST_UNUSED_20151022_001439	no me importa mucho	딱히 신경쓰지 않는다고 한다				
QUEST_UNUSED_20151022_001440	Para la Sagrada Misión [Avance del Clérigo]	숭고한 사명을 위해[클레릭 전직]				
QUEST_UNUSED_20151022_001441	tengo otra tarea importante	다른 중요한 일이 있다고 한다				
QUEST_UNUSED_20151022_001442	Bendiciones de las Diosas [Avance de Krivis]	불꽃으로 화한 여신의 은총[크리비 전직]				
QUEST_UNUSED_20151022_001443	Estoy bien	물론 괜찮다고 한다				
QUEST_UNUSED_20151022_001444	¿Necesito hacer una prueba incluso cuando ayudo a otros?	사람을 돕자는데 시험이 필요하냐고 묻는다				
QUEST_UNUSED_20151022_001445	Un comienzo bendito [Ascenso de sacerdote]	축복받은 시작[프리스트 전직]				
QUEST_UNUSED_20151022_001446	Pregunta qué debes preparar	어떤 준비를 하면 되는지 묻는다				
QUEST_UNUSED_20151022_001447	no necesito suerte	행운은 필요 없다고 한다				
QUEST_UNUSED_20151022_001448	Superar las dificultades [Avance del espadachín]	고난극복방법[소드맨 전직]				
QUEST_UNUSED_20151022_001449	iré a cualquier parte	어디까지라도 가겠다고 한다				
QUEST_UNUSED_20151022_001450	no me voy a exceder	더 이상 무리는 않겠다고 한다				
QUEST_UNUSED_20151022_001451	Una espada familiar de dos manos [Avance de montañés]	손에 익은 양손검[하이랜더 전직]				
QUEST_UNUSED_20151022_001452	te estaba esperando	기다리고 있었다고 한다				
QUEST_UNUSED_20151022_001453	No encaja bien en mis manos	어째 손에 안맞는다고 한다				
QUEST_UNUSED_20151022_001454	Superviviente fuerte [Avance de Peltasta]	살아남는 자가 강하다[펠타스타 전직]				
QUEST_UNUSED_20151022_001455	estoy listo para aprender	배울 준비가 끝났다고 한다				
QUEST_UNUSED_20151022_001456	Prueba formal [Avance hoplita]	형식적인 시험[하플라이트 전직]				
QUEST_UNUSED_20151022_001457	no voy a rechazar nada	어떤 것도 마다않겠다고 한다				
QUEST_UNUSED_20151022_001458	Voy a rendirme si eso es problemático.	귀찮다면 포기하겠다고 한다	QUEST_JOBSTEP_20150317_001154	I give up	포기하겠다고 한다	
QUEST_UNUSED_20151022_001459	Virtudes requeridas por el guerrero [Avance bárbaro]	전사가 갖출 덕목[바바리안 전직]				
QUEST_UNUSED_20151022_001460	No es el momento para ello.	아직은 때가 아닌 것 같다고 한다				
QUEST_UNUSED_20151022_001461	El gesto de salvación [Ascenso clérigo]	구원의 손길[클레릭 전직]				
QUEST_UNUSED_20151022_001462	Qué tengo que hacer	어떻게 하면 좋을지 묻는다				
QUEST_UNUSED_20151022_001463	Los demás ya empezaron a ayudar.	다른 이들이 이미 돕기 시작했을 것이라고 한다				
QUEST_UNUSED_20151022_001464	Adorando estatuas de diosas [Avance de Krivis]	여신상 참배[크리비 전직]				
QUEST_UNUSED_20151022_001465	Pregunta a donde ir	어디로 가야 하는지 묻는다				
QUEST_UNUSED_20151022_001466	Estoy haciendo la oración en días normales.	참배는 평소에도 하고 있다고 한다				
QUEST_UNUSED_20151022_001467	Excavar hierbas [Avance de sacerdote]	약초 캐기 수행[프리스트 전직]				
QUEST_UNUSED_20151022_001468	Dame cualquier tarea	어떤 과제든 내달라고 한다				
QUEST_UNUSED_20151022_001469	No quiero evitar hacer algo cansado.	번거로운 일은 피하고 싶다고 한다				
QUEST_UNUSED_20151022_001470	Bokor es... [Avance de Bokor]	보코르라면 역시...[보코르 전직]				
QUEST_UNUSED_20151022_001471	¿Se trata de hacer muñecas?	혹시 인형 만들기냐고 묻는다				
QUEST_UNUSED_20151022_001472	no estoy interesado	관심없다고 한다				
QUEST_UNUSED_20151022_001473	Herramientas y creaciones [Avance de Dievdirbys] (1)	창작에는 도구가 필요하지[딥디르비 전직](1)				
QUEST_UNUSED_20151022_001474	¿Cuál es la tarea?	어떤 일이냐고 묻는다				
QUEST_UNUSED_20151022_001475	Haz las tareas triviales tú mismo	사소한 것은 직접 하라고 한다				
QUEST_UNUSED_20151022_001476	Herramientas y creaciones [Avance de Dievdirbys] (2)	창작에는 도구가 필요하지[딥디르비 전직](2)				
QUEST_UNUSED_20151022_001477	Esperaré hasta que lleguen los materiales.	재료가 들어올 때까지 기다리겠다고 한다				
QUEST_UNUSED_20151022_001478	Herramientas y creaciones [Avance de Dievdirbys] (3)	창작에는 도구가 필요하지[딥디르비 전직](3)				
QUEST_UNUSED_20151022_001479	La determinación de un montañés [Avance de montañés]	하이랜더의 극의[하이랜더 전직]				
QUEST_UNUSED_20151022_001480	te lo pido sinceramente	부디 부탁한다고 한다				
QUEST_UNUSED_20151022_001481	Ya eres lo suficientemente fuerte	이 정도면 이미 충분히 강하다고 한다				
QUEST_UNUSED_20151022_001482	Mis límites [Avance de Peltasta]	자신의 한계를 확인하기[펠타스타 전직]				
QUEST_UNUSED_20151022_001483	te estoy pidiendo	부탁드린다고 한다				
QUEST_UNUSED_20151022_001484	estoy renunciando a esto	이제 그만두겠다고 한다				
QUEST_UNUSED_20151022_001485	Recuperar objetos perdidos [Avance hoplita]	분실물 되찾기[하플라이트 전직]				
QUEST_UNUSED_20151022_001486	Por supuesto	물론이라고 한다				
QUEST_UNUSED_20151022_001487	no es mucho	아직 부족하다고 한다				
QUEST_UNUSED_20151022_001488	Sólo poder bruto [Avance bárbaro]	오로지 순수한 힘만으로[바바리안 전직]				
QUEST_UNUSED_20151022_001489	Dame algunas lecciones	가르침을 달라고 한다				
QUEST_UNUSED_20151022_001490	he aprendido lo suficiente	배울만큼 배운 것 같다고 한다				
QUEST_UNUSED_20151022_001491	Como un muro invencible [Avance Rodelero]	우뚝 선 철벽처럼[로델레로 전직]				
QUEST_UNUSED_20151022_001492	Espléndidas habilidades con lanza [Avance de catafracta]	거칠 것 없는 창솜씨[캐터프랙트 전직]				
QUEST_UNUSED_20151022_001493	Purificación por fuego [Avance de Krivis]	불에 의한 정화[크리비 전직]				
QUEST_UNUSED_20151022_001494	lo recibiré seguro	당연히 받겠다고 한다	QUEST_LV_0200_20150401_005935	All prepared	준비가 되었다고 한다	
QUEST_UNUSED_20151022_001495	ya no me gusta ninguna prueba	더 이상 시험은 싫다고 한다	QUEST_LV_0100_20150317_003801	Give me some time	잠시 시간을 달라고 한다	
QUEST_UNUSED_20151022_001496	Fuerza mínima para la autodefensa [Avance de sacerdote]	호신을 위한 최소한의 힘[프리스트 전직]				
QUEST_UNUSED_20151022_001497	Pregunta cómo debes mostrarlo.	어떻게 보여드리면 될지 묻는다				
QUEST_UNUSED_20151022_001498	Es demasiado para usar el poder.	힘 쓰는 일은 무리라고 한다				
QUEST_UNUSED_20151022_001499	Dejados por ellos [Avance de Bokor]	그들이 남긴 것[보코르 전직]				
QUEST_UNUSED_20151022_001500	La Misión de materiales raros [Avance de Dievdirbys]	희귀 소재 구하기[딥디르비 전직]				
QUEST_UNUSED_20151022_001501	Pregunta que tipo de materiales son.	어떤 재료냐고 묻는다				
QUEST_UNUSED_20151022_001502	Habilidades de préstamo [Avance de Sadhu]	과제를 떠맡기 싫다고 한다				
QUEST_UNUSED_20151022_001503	Habilidades de préstamo [Avance de Sadhu]	능력 빌리기[사두 전직]				
QUEST_UNUSED_20151022_001504	No se ve bien cuando lo pienso una vez más.	다시 생각해보니 좀 꺼림직하다고 한다				
QUEST_UNUSED_20151022_001505	Poder necesario para el Reino [Avance de Paladín]	왕국이 필요로하는 힘[팔라딘 전직]				
QUEST_UNUSED_20151022_001506	Estoy seguro de que estoy lleno de poder.	힘이라면 충분하다고 자신한다				
QUEST_UNUSED_20151022_001507	quiero un trabajo mas simple	자신은 좀 더 순수한 성직을 원한다고 한다				
QUEST_UNUSED_20151022_001508	Rastros de mis mayores [Avance hoplita]	선배들의 흔적[하플라이트 전직]				
QUEST_UNUSED_20151022_001509	necesito mas entrenamiento	아직 수련이 부족하다고 한다				
QUEST_UNUSED_20151022_001510	Sin Compañeros A Veces [Avance Rodelero]	때로는 전우없이[로델레로 전직]				
QUEST_UNUSED_20151022_001511	Si esa es la manera de volverme más fuerte, lo seguiré.	그것이 강해지는 방법이라면 따르겠다고 한다				
QUEST_UNUSED_20151022_001512	No entiendo por qué estás renunciando a tu fuerza.	왜 강점을 포기하는지 이해 못하겠다고 한다				
QUEST_UNUSED_20151022_001513	Con un compañero [Avance de catafracta]	파트너와 함께[캐터프랙트 전직]				
QUEST_UNUSED_20151022_001514	Sólo dime cualquier cosa	시켜만 달라고 한다				
QUEST_UNUSED_20151022_001515	quiero dejar de fumar ahora	이제 그만두고 싶다고 한다				
QUEST_UNUSED_20151022_001516	Aprenda, acostúmbrese y aplique [Avance de Bokor]	배우고 익히고 응용하기[보코르 전직]				
QUEST_UNUSED_20151022_001517	Gracias	감사하다고 한다				
QUEST_UNUSED_20151022_001518	Eso es demasiado por ahora.	아직은 무리라고 한다				
QUEST_UNUSED_20151022_001519	Reparación de la estatua de la diosa [Avance de Dievdirbys] (1)	여신상 보수하기[딥디르비 전직](1)				
QUEST_UNUSED_20151022_001520	lo desafiaré	물론 도전하겠다고 한다				
QUEST_UNUSED_20151022_001521	Creo que estaré bien con las cosas que he aprendido hasta ahora.	이미 배운 것으로도 충분하다고 한다				
QUEST_UNUSED_20151022_001522	Reparando la estatua de la diosa [Avance de Dievdirbys] (2)	여신상 보수하기[딥디르비 전직](2)				
QUEST_UNUSED_20151022_001523	Compartir habilidades dadas [Avance de Sadhu]	주어진 능력을 베풀기[사두 전직]				
QUEST_UNUSED_20151022_001524	Superar dificultades [Avance de paladín]	곤경을 극복하기[팔라딘 전직]				
QUEST_UNUSED_20151022_001525	Los monstruos que son más fuertes son demasiado para mí por ahora.	더 강한 몬스터는 무리라고 한다	QUEST_JOBSTEP_20150317_001068	I need more time to think	좀 더 생각해 보겠다고 한다	
QUEST_UNUSED_20151022_001526	El poder de liderar a otros [Avance Rodelero]	타인을 이끄는 힘[로델레로 전직]				
QUEST_UNUSED_20151022_001527	El que pasa por todo [Avance de catafracta]	모든 것을 관통하는 자[캐터프랙트 전직]				
QUEST_UNUSED_20151022_001528	Reducir la fuente del dolor [Avance de Sadhu]	고통의 원인 줄이기[사두 전직]				
QUEST_UNUSED_20151022_001529	Poder honorable [Avance de paladín]	고결한 힘[팔라딘 전직]				
QUEST_UNUSED_20151022_001530	Pregunta como demostrarlo	증명할 방법을 묻는다				
QUEST_UNUSED_20151022_001531	no quiero demostrarlo	굳이 증명하고 싶지 않다고 한다				
QUEST_UNUSED_20151022_001532	yo soy el revelador	자신이 계시자임을 밝힌다				
QUEST_UNUSED_20151022_001533	lo romperé	파괴해보겠다고 한다				
QUEST_UNUSED_20151022_001534	parece difícil	어려워 보인다고 한다				
QUEST_UNUSED_20151022_001535	Volveré después de destruirlo.	파괴하고 오겠다고 한다				
QUEST_UNUSED_20151022_001536	Rociar sangre de demonio	마족의 혈액을 뿌리는 중				
QUEST_UNUSED_20151022_001537	Si haces más, no te servirá de nada.	더 이상은 무리라고 한다				
QUEST_UNUSED_20151022_001538	¡De repente vinieron los monstruos y comenzaron a atacar el pilar! Protege el pilar.	갑자기 몬스터들이 몰려와서 기둥을 공격합니다! 기둥을 지키세요.	QUEST_UNUSED_20151001_000692	The monsters are coming to attack the pillar! Protect it.	몬스터들이 몰려와서 기둥을 공격합니다! 기둥을 지키세요.	
QUEST_UNUSED_20151022_001539	Parece que los monstruos reaccionaron a los polvos negros. Ya que has derrotado a todos los monstruos, quita todo el polvo negro que había en el pilar.	검은 가루에 몬스터들이 반응한 걸까요? 몬스터들을 모두 물리쳤으니 기둥에 붙어 있던 검은 가루를 모두 털어내 봅시다.	QUEST_UNUSED_20151001_000694	Does this black dust look like food to the monsters? Is that why they came running? Mow that they're gone we should dust off the rest of the pillar.	몬스터들이 몰려 들었던 이유는 이 검은 가루가 먹이처럼 보였기 때문이었을까요? 몬스터들을 모두 물리쳤으니 기둥에 붙어 있던 검은 가루들을 모두 털어내 봅시다.	
QUEST_UNUSED_20151022_001540	Recoge aceite brillante	야광 기름 수집	QUEST_UNUSED_20151001_000696	Collect Monster Oil	몬스터 기름 구하기	
QUEST_UNUSED_20151022_001541	No puedes comprobar las tallas ni siquiera con el cristal que ilumina un rayo misterioso. Parece que necesitarías el aceite luminoso de los monstruos cercanos.	신비한 빛을 내는 결정으로도 글귀를 확인 할 수 없었습니다. 주변의 몬스터에게서 구할 수 있는 야광 기름이 필요할 것 같습니다.	QUEST_UNUSED_20151016_000835	The crystal emanating the mysterious light requires monster oil to shine. Hunt monsters and collect monster oil.	신비한 빛을 내는 결정 충분한 빛을 내려면 몬스터 기름이 있어야 할 것 같습니다. 몬스터를 사냥하여 몬스터 기름을 모으세요.	
QUEST_UNUSED_20151022_001542	Adquirió todo el aceite luminoso. Vuelve al pilar y lee las tallas en el pilar.	야광 기름을 모두 모았습니다. 다시 기둥으로 가서 기둥에 새겨진 글귀를 읽어 봅시다.	QUEST_UNUSED_20151016_000836	You have obtained the monster oil. Go back to the pillar with the crystal and use its light to see the writings on it.	몬스터 기름을 모두 모았습니다. 기둥으로 가져 가서 신비한 빛을 내는 결정의 빛으로 기둥에 새겨진 글귀를 읽어 봅시다.	
QUEST_UNUSED_20151022_001543	Obtén aceite brillante de los monstruos.	몬스터에게서 야광 기름 획득	QUEST_UNUSED_20151001_000700	Defeat monsters to obtain Monster Oil	몬스터를 처치하여 몬스터 기름 획득	
QUEST_UNUSED_20151022_001544	Cuando dices el número especial, parece que podrás leer las tallas en el pilar. Obtenga una pista de algún pilar de color específico e ingrese los números en la ventana de chat cerca del pilar.	특별한 숫자를 말하면 기둥의 글귀를 읽을 수 있는 것 같습니다. 특정 색상의 기둥에서 힌트를 얻은 뒤, 기둥 가까이에서 채팅창으로 숫자를 입력하세요.	QUEST_UNUSED_20151016_000837	The instructions seem to day that, if you speak out the numbers obtained at the Galeed Plateau, the writings on the pillar will become visible. Stand near the pillar and enter the numbers into the chat window. Obtain hints from colored pillars.	갈르엣 평야의 어딘가에서 얻은 힌트 숫자를 말하면 기둥의 글귀를 읽을 수 있다고 씌여 있는 것 같습니다. 기둥 가까이에서 채팅창에 숫자를 입력하세요. 특정 색상의 기둥에서 힌트를 얻을 수 있습니다.	
QUEST_UNUSED_20151022_001545	Ahora puedes ver algo escrito en el pilar. Acércate y léelo.	기둥에 뭔가 새겨져 있는 것이 보이기 시작했습니다. 가까히 다가가 읽어 보세요.	QUEST_UNUSED_20151001_000704	The writings on the pillar are beginning to appear! Read them!	기둥에 뭔가 새겨져 있는 것이 보이기 시작했습니다! 읽어 보세요!	
QUEST_UNUSED_20151022_001546	De repente, un pilar apareció de la nada. Antes de que desaparezca, ve allí y échale un vistazo.	어디선가 갑자기 기둥이 나타났습니다. 다시 사라지기 전에 다가가 살펴 보세요.	QUEST_UNUSED_20151001_000705	A pillar has appeared! Go have a look at it.	기둥이 나타난 듯 합니다! 다가가 살펴 보세요.	
QUEST_UNUSED_20151022_001547	Necesitarás Luminous Moss para poder leer las tallas del pilar invocado, pero si no regresas en 5 minutos, el pilar desaparecerá, así que debes darte prisa.	빛나는 이끼 채집	QUEST_UNUSED_20151001_000706	Repair the pillar	기둥 보수 하기	
QUEST_UNUSED_20151022_001548	Necesitarás Luminous Moss para poder leer las tallas del pilar invocado, pero si no regresas en 5 minutos, el pilar desaparecerá, así que debes darte prisa.	소환된 기둥의 글귀를 읽으려면 빛나는 이끼가 필요할 것 같습니다. 단, 5분 안에 돌아오지 않으면 기둥은 다시 사라지니 서두르세요.	QUEST_UNUSED_20151001_000707	You seem to need shining moss to read the writings on the summoning pillar. Go and gather some. Note that, if you don't come back within 5 minutes, you'll have to wait until it appears again, so hurry.	소환 기둥에 글귀를 읽으려면 빛나는 이끼가 필요할 것 같습니다. 주변에서 구해 보세요. 단, 5분 안에 돌아오지 않으면 기둥은 다음번 나타날 때 까지 기다려야 하니 서두르세요.	
QUEST_UNUSED_20151022_001549	Ahora podrás leer las tallas del pilar. Regresa al pilar y lee las tallas.	이제 기둥의 글귀를 읽을 수 있을 것 같습니다. 기둥으로 다시 돌아가 읽어 보세요.	QUEST_UNUSED_20151001_000709	You should be able to read the pillar now. Go near it and have a look.	이제 기둥의 글귀를 읽을 수 있을 것 같습니다. 기둥으로 가서 읽어 보세요.	
QUEST_UNUSED_20151022_001550	Recoger líquido viscoso	점성 있는 액체 수집				
QUEST_UNUSED_20151022_001551	El pilar se derrumbó aunque ni siquiera lo tocaste. Parece que necesitarás reparar el pilar, así que consigue líquido viscoso de los monstruos cercanos.	건드리지도 않았는데 기둥이 무너져 버렸습니다. 기둥을 수리해야 할 것 같으니, 주변의 몬스터에게서 점성 있는 액체를 구해 옵시다.	QUEST_UNUSED_20151001_000712	The pillar collapsed without even being touched.{nl}Collect some viscous liquid from monsters to repair the pillar.	건드리지도 않았는데 기둥이 무너져 버렸습니다. 기둥을 수리해야 할 것 같으니, 주변에 매우 흔한 몬스터의 점성 있는 액체를 구해 옵시다.	
QUEST_UNUSED_20151022_001552	reparar el pilar	기둥 수리	QUEST_UNUSED_20151001_000713	Repair the pillar	기둥 수리하기	
QUEST_UNUSED_20151022_001553	Adquirió todo el líquido en barra. Vuelve al pilar y repáralo.	점성 있는 액체를 모두 모았습니다. 다시 돌아가서 기둥을 수리해 보세요.	QUEST_UNUSED_20151001_000714	You have collected the sticky liquid. Go back and repair the pillar.	점성 있는 액체를 모두 모았습니다. 이제 돌아가서 기둥을 수리해 보세요.	
QUEST_UNUSED_20151022_001554	Puede que alguien observe la lápida en el Cañón de Pasaka. Conócelo.	파사카 협곡에서 비석을 관찰하는 사람이 보입니다. 한 번 만나 보세요.	QUEST_LV_0100_20151001_009101	Someone is requesting your help at Pasaka Plateau. Meet him.	파사카 협곡의 누군가가 도움을 요청하는 것 같습니다. 만나 보세요.	
QUEST_UNUSED_20151022_001555	Rescatan a Albinas que cayeron en peligro	위험에 빠진 알비나스 구출				
QUEST_UNUSED_20151022_001556	Destruye la lápida de Nestospa en Usas Hill.	우사스 언덕에 있는 네스토스파의 비석 파괴				
QUEST_UNUSED_20151022_001557	Albina te dijo que la lápida que brota energía roja está contaminada y atrae monstruos. Ve a Usas Hill y destruye la lápida contaminada.	알비나는 붉은 기운을 내뿜는 비석은 오염된 것으로, 몬스터를 불러 모으고 있다고 합니다. 우사스 언덕으로 가서 오염된 비석을 파괴하세요.				
QUEST_UNUSED_20151022_001558	Puedes ver la lápida contaminada de Nestospa en Usas Hill que Albinas te contó antes. Destrúyelo rápido.	우사스 언덕에 알비나스가 말한 오염된 네스토스파의 비석이 보입니다. 어서 파괴하세요.				
QUEST_UNUSED_20151022_001559	Revisa la lápida destruida	파괴된 비석 확인	QUEST_LV_0100_20151016_010129	Check the destroyed tombstone	파괴된 비석 확인 하기	
QUEST_UNUSED_20151022_001560	Como te dijo Albinas antes, has destruido la lápida. Míralo de nuevo.	알비나스가 시킨 대로 비석을 파괴했습니다. 다시 한 번 살펴 보세요.	QUEST_LV_0100_20151016_010130	Destroyed the tombstone like Albinas has told you to. Check it again.	알비나스의 말 대로 비석을 파괴했습니다. 다시 한 번 살펴 보세요.	
QUEST_UNUSED_20151022_001561	Informe a Albinas	알비나스에게 보고	QUEST_LV_0100_20151001_009114	Report to Albinas	알비나스에게 보고 하기	
QUEST_UNUSED_20151022_001562	Has destruido la lápida como te dijo Albinas. Vuelve a Albinas ahora.	알비나스의 말대로 비석을 파괴했습니다. 이제 알비나스에게 돌아가세요.	QUEST_LV_0100_20151016_010131	Destroyed the tombstone just like Albinas told you to. Now, go back to Albinas.	알비나스의 말 대로 비석을 파괴했습니다. 이제 알비나스에게 돌아가세요.	
QUEST_UNUSED_20151022_001563	Vuelve a Albinas y compruébalo.	알비나스에게 돌아가서 사실 확인하기				
QUEST_UNUSED_20151022_001564	Damijonas está enojada y dice que sus lápidas no están contaminadas. Vuelve con Albinas, cuéntaselo y tráelo aquí.	다미요나스는 화를 내며 자신들의 비석은 오염된 것이 아니라며 그런 오해를 불러 일으킨 사람이 누구냐며 노발대발 합니다. 알비나스에게 돌아가 이 사실을 전하고, 이쪽으로 데려와야 할 것 같습니다.				
QUEST_UNUSED_20151022_001565	Albinas ha desaparecido. Parece que deberías volver con Damijonas y explicarle.	알비나스는 이미 사라진 뒤입니다. 다미요나스에게 돌아가서 해명을 해야 할 것 같습니다.	QUEST_LV_0100_20151016_010135	Albinas is not in the place he was before. Return to Damijonas and explain the situation.	알비나스를 만났던 자리에 알비나스는 없었습니다. 다미요나스에게 돌아가서 상황 설명을 하세요.	
QUEST_UNUSED_20151022_001566	Como expresión de disculpa, parece que necesitarías ayudar a Damijonas. Habla con Damijonas nuevamente.	다미요나스에게 사과의 의미로 다미요나스의 일을 도와 주어야 할 것 같습니다. 다미요나스와 다시 대화해 보세요.	QUEST_LV_0100_20151016_010138	The scolding from Damijonas was a long and harsh one. But it's finished now. Ask him what you can do.	다미요나스의 훈계를 모두 들었으니 다시 말을 걸어서, 자신이 해야 할 일이 없겠느냐고 물어 보세요.	
QUEST_UNUSED_20151022_001567	Dile a Damijonas que restaurarías la lápida.	다미요나스에게 책임지고 이 비석을 복구하겠다고 말해보세요.	QUEST_LV_0100_20151016_010140	Tell Damijonas, you will restore the tombstone.	다미요나스에게, 이 비석을 복구 하겠다고 해 보세요.	
QUEST_UNUSED_20151022_001568	Recoge las piedras que se utilizarán como materiales para la restauración.	복구 자재로 쓸 돌 수집				
QUEST_UNUSED_20151022_001569	Para restaurar la lápida, necesitarás algunas piedras. Consigue algunas piedras y regresa al campamento de Nestospa.	비석을 복구하려면 자재용 석재가 필요합니다. 적당한 돌을 구해 네스토스파의 캠프로 가져가세요.	QUEST_LV_0100_20151016_010141	Obtain some stones that can be used to restore the tombstone, bring them to Nestos Camp. They will turn them into the materials for the restoration	복구 자재로 쓰일 만한 돌을 구해서 네스토스파의 캠프로 가져 가서 부탁하면 복구용 자재로 다듬어 준다고 하니 어서 가 봅시다.	
QUEST_UNUSED_20151022_001570	Solicitud a Eduinas en el campamento de Nestospa	네스토스파의 캠프에 있는 에뒤나스에게 부탁	QUEST_LV_0100_20151001_009125	Ask Eduinas	에뒤나스에게 부탁하기	
QUEST_UNUSED_20151022_001571	Adquiriste todas las piedras que se pueden utilizar como materiales. Pídele a Eduinas en el campamento de Nestospa que las refine para usarlas como materiales.	자재로 쓰일 만한 돌을 모두 구했습니다. 네스토스파의 캠프에 있는 에뒤나스에게 비석 복구용 자재로 다듬어 달라고 부탁해 보세요.	QUEST_LV_0100_20151001_009126	Acquired all the stones that could be used for materials. As Damijonas told you, ask Eduinas to polish them to be used for the restoration of the sanctum.	자재로 쓰일 만한 돌을 모두 구했습니다. 다미요나스가 말한 대로 이것을 성소 복구용 자재로 다듬어 달라고, 네스토스파의 에뒤나스에게 부탁해 보세요.	
QUEST_UNUSED_20151022_001572	Tendrías que explicarle a Eduinas todo lo sucedido hasta ahora.	그동안의 일들을 에뒤나스에게 설명해야 할 듯합니다.	QUEST_LV_0100_20151001_009128	You would have to explain what has happened until now to Eduinas.	그동안의 일들을 에뒤나스에게 설명해야 할 듯 합니다.	
QUEST_UNUSED_20151022_001573	Elimina los monstruos cercanos.	주변의 몬스터 정리	QUEST_LV_0100_20151001_009129	Defeat the monsters	몬스터 정리하기	
QUEST_UNUSED_20151022_001574	Parece que Eduinas no se siente bien después de escuchar que la lápida estaba rota. Refinará los materiales ya que Damijonas le pidió que lo hiciera, pero mientras tanto quiere que derrotes a los monstruos que te rodean.	에뒤나스는 비석이 부서졌다는 이야기를 듣더니 기분이 좋지 않아진 모양입니다. 어쨌든 다미요나스가 시킨 일이니 자재를 다듬어주기는 하겠지만, 그 동안 캠프 주변을 위협하는 몬스터들이나 정리해 달라는 말을 하고 있습니다.	QUEST_LV_0100_20151001_009130	It seems that Eduinas is not feeling well after hearing that the sanctum has been destroyed. He would polish the materials since Damijonas requested so, but he told you to defeat the monsters that are wandering around the camp.	에뒤나스는 성소가 부서졌다는 이야기를 듣더니 기분이 좋지 않아진 모양입니다. 어쨌든 다미요나스가 시킨 일이니 자재를 다듬어주기는 하겠지만, 그 동안 캠프 주변을 위협하는 몬스터들이나 정리해 달라는 말을 하고 있습니다.	
QUEST_UNUSED_20151022_001575	Vuelve a Eduinas e informa	에뒤나스에게 돌아가 보고	QUEST_LV_0100_20151001_009131	Return to Eduinas	에뒤나스에게 돌아가 보기	
QUEST_UNUSED_20151022_001576	Encuentra el camping Anastospa	아나스토스파의 야영지 찾아가기	QUEST_LV_0100_20151001_009139	Go to the camp of Anastopa	아나스토스파의 캠프 찾아가기	
QUEST_UNUSED_20151022_001577	Albinas parece sospechosa. Vuelve al camping de Anastospa y pregunta por Albinas.	아무래도 알비나스가 수상합니다. 아나스토스파의 야영지로 가서 알비나스라는 사람에 대해 물어보세요.	QUEST_LV_0100_20151001_009140	As Damijonas has told you, let's go to the camp of Anastos if there is someone called Albinas in Anastos.	다미요나스가 말 한 대로 아나스토스파에는 정말 알비나스라는 인물이 없는지 알아보러 아나스토스파의 캠프로 가 보세요.	
QUEST_UNUSED_20151022_001578	Recuperar los materiales de investigación.	연구자료 되찾기	QUEST_LV_0100_20151001_009141	Retrieve the research materials	연구자료 되찾아 오기	
QUEST_UNUSED_20151022_001579	Parece que necesitarías ayudar a Gedas para poder recibir la información sobre Albinas. Recupera los materiales de investigación de Gedas de los monstruos que te rodean. Algunos monstruos pueden tener muchos más documentos de los que esperabas cuando los revisas presionando la barra espaciadora.	게다스의 일을 빨리 도와야 알비나스에 대한 정부를 얻을 수 있을 것 같습니다. 주변 몬스터에게서 게다스의 연구자료를 되찾아 주세요. 어떤 몬스터는 스페이스바로 확인하면 훨씬 더 많은 자료를 가지고 있을 수도 있습니다.	QUEST_LV_0100_20151001_009142	It seems that you will have to bring important materials to Gedas to obtain some information regarding Albinas. Please find the research materials from the monsters nearby. You would be able to obtain them by defeating them, but it will be helpful to press the space bar key to check which monsters has many research documents.	게다스에게 중요한 연구자료들을 되찾아 와야, 알비나스 등에 대한 정보를 얻을 수 있을 듯 합니다. 주변 몬스터들로부터 연구자료를 되찾아 오세요. 그냥 처치해도 되찾을 수 있긴 하지만, 특히 많은 자료들을 가지고 있는 몬스터들을 스페이스바로 확인하면 훨씬 많은 자료를 되찾을 수 있습니다.	
QUEST_UNUSED_20151022_001580	Entrégaselos a Gedas	게다스에게 전달				
QUEST_UNUSED_20151022_001581	Recoge los materiales para la pólvora de bomba de fuego.	불꽃탄 가루 재료 수집	QUEST_LV_0100_20151001_009147	Find the materials for the danger signal bomb	위험신호탄 재료 구하기	
QUEST_UNUSED_20151022_001582	Gedas os dijo que envió a sus colegas a averiguar la identidad de Albinas. Las bombas de señales deben estar preparadas para situaciones en las que los colegas se encuentren en peligro, por lo que te pidió que consiguieras los materiales. Por favor, obtén pólvora para bombas incendiarias de los monstruos.	게다스는 알비나스의 정체를 조사하기 위해 동료를 보내겠다고 합니다. 동료가 위험에 처할 때를 대비해 신호탄을 준비해 줘야 하니, 그 재료를 구해 오라고 합니다. 몬스터로부터 신호탄의 재료인 불꽃탄 가루를 구해 오세요.	QUEST_LV_0100_20151001_009148	Gedas told you that in order to find the identity of Albinas, he would investigate the true nature behind him. When you send your colleagues to investigate the true nature, signal bombs are needed in case they fall in danger so you were asked to obtain the materials for the signal bombs. Obtain Flame Bomb powder which is a material to make signal bombs from the monsters.	게다스는 알비나스의 정체를 알아내기 위해, 진상을 조사해 보겠다고 했습니다. 진상 조사에 동료를 보낼 때 신변에 위협이 생겼을 경우를 대비한 위험신호탄을 준비해 줘야 하니, 그 재료를 구해 오라고 합니다. 몬스터들로부터 위험신호탄의 재료인 불꽃탄 가루를 구해 오세요.	
QUEST_UNUSED_20151022_001583	Pregúntale a Gedas sobre las bombas incendiarias y la investigación sobre la verdad.	신호탄과 진상 조사에 대해, 게다스에게 물어 보세요.	QUEST_LV_0100_20151001_009152	Ask Gedas about signal bombs and the investigation.	위험신호탄과 진상 조사에 대해, 게다스에게 물어 보세요.	
QUEST_UNUSED_20151022_001584	Mientras esperaba que llegaran aquí los resultados de la investigación, Gedas te pidió que conocieras a Barte, uno de los miembros de Anastospa que llegó aquí recientemente. Será mejor que le preguntes si vio algo mientras venía aquí.	게다스는 조사 결과가 올 동안, 얼마 전 이 곳 캠프에 도착한 아나스토스파 일원인 바르테를 만나 보라고 합니다. 그녀가 이 곳에 오면서 본 것이 없는지 물어 보는 것이 좋겠습니다.				
QUEST_UNUSED_20151022_001585	Recoge las huellas de los monstruos de Majiva Grave Field.	마지바 묘지의 몬스터에게서 단서 수집	QUEST_LV_0100_20151001_009160	Obtain some clues from the monsters	몬스터에게서 단서 구하기	
QUEST_UNUSED_20151022_001586	Entrega las piezas de cuero a Barte.	가죽 조각을 바르테에게 전달	QUEST_LV_0100_20151001_009162	Bring the pieces of the leather to Barte	가죽 조각을 바르테에게 갖고 가기	
QUEST_UNUSED_20151022_001587	Recoge las piezas de cuero de los monstruos.	몬스터에게서 가죽 조각 수집				
QUEST_UNUSED_20151022_001588	Informa a Gedas sobre el símbolo del cuero.	가죽의 문양에 대해 게다스에게 알려 주기				
QUEST_UNUSED_20151022_001589	Barte te dijo que el símbolo que está grabado en el cuero pertenece a Baiga. Dile esto a Gedas.	바르테는 가죽에 새겨진 문양은 마족 바이가의 것이라고 합니다. 이 사실을 게다스에게 알려 주세요.				
QUEST_UNUSED_20151022_001590	Solicita ayuda a Eduinas de Nestospa	네스토스파의 에뒤나스에게 도움 요청				
QUEST_UNUSED_20151022_001591	Gedas te dijo que para luchar contra los demonios necesitaría la ayuda de Nestospa. Ve a encontrarte con Eduinas en el campamento de Nestospa y pide ayuda.	게다스는 마족을 상대하기 위해선 네스토스파의 도움이 필요하다고 합니다. 네스토스파의 캠프에 있는 에뒤나스에게 도움을 요청해 보세요.				
QUEST_UNUSED_20151022_001592	Ve a la carretera de acceso a Liugas y salva a Fabijus.	리우가스 진입로로 파비유스를 구하러 가기	QUEST_LV_0100_20151001_009172	Go save Fabijus	파비유스를 구하러 가기	
QUEST_UNUSED_20151022_001593	Para salvar a Fabijus y derrotar a Albinas, ve a Liugas Access Road donde conociste a Albinas por primera vez.	파비유스를 구하고 알비나스를 처치하기 위해, 처음 알비나스를 만났던 곳인 리우가스 진입로로 가 봅시다.	QUEST_LV_0100_20151001_009173	Let's go to the place where you met Albinas for the first time to save Fabijus and defeat Albinas.	파비유스를 구하고 알비나스를 처치하기 위해, 처음 알비나스를 만났던 곳으로 가 봅시다.	
QUEST_UNUSED_20151022_001594	Derrota a Albinas	알비나스 처치	QUEST_LV_0100_20151001_009174	Defeat Albinas	알비나스 처치하기	
QUEST_UNUSED_20151022_001595	Mientras rociabas el agua bendita, ¡Albinas se mostró y se convirtió en un Señor del Fuego! ¡No pierdas esta oportunidad y derrota al Señor del Fuego!	성수를 뿌리자 알비나스가 본색을 드러내어 파이어로드로 변했습니다! 이 기회를 놓치지 말고 파이어로드를 해치우세요!	QUEST_LV_0100_20151001_009175	As you poured the divine water, Albinas has turned into Fire Lord! Due to the effect of the divine water, HP of Fire Lord has been reduced! Do not miss this chance and defeat Fire Lord!	성수를 뿌리자 알비나스가 본색을 드러내어 파이어로드로 변했습니다! 성수의 덕택으로 파이어로드의 HP가 조금 깎였습니다! 이 기회를 놓치지 말고 파이어로드를 해치우세요!	
QUEST_UNUSED_20151022_001596	Informe a Gedas	게다스에게 보고	QUEST_LV_0100_20151001_009149	Return to Gedas	게다스에게 돌아가기	
QUEST_UNUSED_20151022_001597	Cuéntale a Eduinas en el campamento Nestospa lo sucedido	네스토스 캠프의 에뒤나스에게 이야기 전해 주기	QUEST_LV_0100_20151016_010143	Deliver the News to Eduinas	에뒤나스에게 이야기 전해 주기	
QUEST_UNUSED_20151022_001598	Cuéntale la historia a Damijonas en Usas Hill	우사스 언덕의 다미요나스에게 이야기 전해 주기	QUEST_LV_0100_20151016_010145	Tell Damijonas what you know	다미요나스에게 이야기 전해 주기	
QUEST_UNUSED_20151022_001599	Los recién llegados de los que Leopoldas os ha hablado antes están justo al lado. Entre ellos, habla con una recién llegada llamada Gerda. Puede que haya algo en lo que puedas ayudar.	레오폴다스가 말한 신입들이 바로 옆에 있습니다. 그 중에 게르다라는 신입 단원과 이야기 해 보세요. 도와 줄 일이 있을 지도 모릅니다.	QUEST_LV_0100_20151001_009183	The newcomers who Leopoldas talked about are over there. Talk to Gerda among them. He may have some matters that need your help.	레오폴다스가 말 한 신입들이 저 쪽에 있습니다. 그 중에 게르다라는 신입 단원과 이야기 해 보세요. 도와 줄 일이 있을 지도 모릅니다.	
QUEST_UNUSED_20151022_001600	Coloca el tablón de anuncios en Kluibe Road.	크뤼베 가도에 알림판 세우기	QUEST_LV_0100_20151001_009184	Put the warning sign	경고판 세우기	
QUEST_UNUSED_20151022_001601	Gerda te dijo que entre tantos trabajos por hacer, está la tarea de colocar los tablones de anuncios en varios lugares. Ayúdala y coloca el tablón de anuncios en Kluibe Road.	게르다는 신입 단원이 해야 할 일 중엔 여러 곳에 알림판을 세우는 일이 있다고 합니다. 그녀를 도와 크뤼베 가도에 성물 발굴 알림판을 세우세요.	QUEST_LV_0100_20151001_009185	Gerda told you that you would have to put warning signs or notice boards on various locations. Help her to put the notice board for the excavation of the sacred objects at the lower side. 	게르다는 신입 단원이 해야 할 일 중에 여러 곳에 경고판이나 표지판을 세우는 일이 있다고 했습니다. 그녀를 도와 아래쪽에 성물 발굴 표지판을 세우세요.	
QUEST_UNUSED_20151022_001602	Has colocado el tablón de anuncios en Kluibe Road como te pidió Gerda. Ahora, regresa con Gerda.	게르다가 부탁한 대로 크뤼베 가도에 알림판을 세웠습니다. 이제 게르다에게 돌아가세요.	QUEST_LV_0100_20151001_009187	As Gerda told you, you've put in the notice board at the lower side. Now, return to Gerda.	게르다가 말 한 대로 아래쪽에 알림판을 세웠습니다. 이제 게르다에게 돌아가세요.	
QUEST_UNUSED_20151022_001603	Usa el pergamino de Kedora Merchant Alliance para el nuevo Revelador	초보 계시자에게 케도라 상단의 스크롤 사용	QUEST_LV_0100_20151001_009190	Promote the merchants to the beginners.	초보자들에게 상단 홍보하기	
QUEST_UNUSED_20151022_001604	Kedora Merchant Alliance está ayudando a los nuevos Reveladores. Utilice el pergamino de Kedora Merchant Alliance para los nuevos Reveladores que se encuentran entre el nivel 1 y el nivel 10 cerca de Orsha o Klaipeda. Pero no puede usarlo para los Reveladores que ya recibieron beneficios.	케도라 상단은 초보 계시자들에게 도움을 주고 있다고 합니다. 오르샤나 클라페다 근처의 1레벨에서 10레벨 사이의 초보 계시자들에게 케도라 상단의 스크롤을 사용해 주세요. 단, 이미 혜택을 받은 계시자에겐 사용할 수 없습니다.	QUEST_LV_0100_20151016_010149	Serapinas is in charge of Public Relation. Now, find a player on the field, use the Kedora Merchant Alliance Scroll on him or her. You and the audience will get Kedora Merchant Alliance Benefits. If you or the other party a) already had gotten the benefits previously or b) Over Level 10, the benefits will not apply. The scroll's cooldown is not precisely short so be sure to check their level and the fact whether they have been informed previously.	세라피나스는 상단의 홍보를 맡고 있다고 합니다. 이제 필드로 넘어온 사람들에게 가서 케도라상단의 스크롤 을 사용하여 상단 홍보를 1회 하고 오세요. 홍보 대상이 사람은 케도라 상단의 혜택을 얻게 됩니다. 단, 한 번 혜택을 받은 뒤라면 다시 혜택을 받을 수 없으며, 1레벨부터 10레벨 사이에 있어야만 혜택을 받을 수 있습니다. 스크롤의 재사용 대기시간이 짧지 않으니, 반드시 레벨과 이전에 혜택을 받은 적이 있는지를 물어보고 사용 하세요.	
QUEST_UNUSED_20151022_001605	Has ayudado a nuevos Reveladores. Vuelve con Serapinas y díselo.	초보 계시자들을 도왔습니다. 세라피나스에게 돌아가 알려 주세요.	QUEST_LV_0100_20151016_010150	You've completed promoting for Kedora Merchant Alliance. Go back to Serapinas.	케도라 상단의 홍보를 마쳤습니다. 세라피나스에게 돌아가 알려 주세요.	
QUEST_UNUSED_20151022_001606	Edita te pidió que recuperaras los objetos sagrados que se perdieron en el Camino de Goanar. Derrota también a los monstruos en tu camino de regreso.	상단이 잃어버린 성물 회수				
QUEST_UNUSED_20151022_001607	Edita te pidió que recuperaras los objetos sagrados que se perdieron en el Camino de Goanar. Derrota también a los monstruos en tu camino de regreso.	에디타는 고아나르 숲길에서 잃어버린 성물의 회수를 요청했습니다. 가는 길에 몬스터도 함께 정리하세요.	QUEST_LV_0100_20151016_010155	Go to the spot Edita has pointed to and retrieve the items that were lost during Medzio Diena by the Merchant Alliance. And if possible, slice up the monsters you meet along the way.	에디타가 가리킨 곳에서 상단이 신수의 날에 잃어버렸다는 물품을 가져 옵시다. 가는 길에 몬스터도 정리하면 좋겠습니다.	
QUEST_UNUSED_20151022_001608	Has derrotado a todos los monstruos y recuperado los objetos sagrados. Por favor tráelos a Edita.	에디타에게 전달	QUEST_LV_0100_20151016_010156	Talk with Edita	에디타와 대화	
QUEST_UNUSED_20151022_001609	Has derrotado a todos los monstruos y recuperado los objetos sagrados. Por favor tráelos a Edita.	몬스터를 전부 정리하고 성물도 무사히 회수했습니다. 이것을 에디타에게 가져다 주세요.	QUEST_LV_0100_20151016_010157	Secured the thing Edita was talking about. Give it back to Edita.	에디타가 말 한 것을 구했습니다. 이것을 에디타에게 가져다 주세요.	
QUEST_UNUSED_20151022_001610	Los monstruos se apresuran cerca del lugar donde deberían ubicarse los objetos. Derrótalos y recupera los objetos de los comerciantes.	고아나르 숲길 주변의 몬스터 처치	QUEST_LV_0100_20151016_010158	Taking Out the Trash On Your Way There	가는 길의 몬스터 처치	
QUEST_UNUSED_20151022_001611	Los monstruos se apresuran cerca del lugar donde deberían ubicarse los objetos. Derrótalos y recupera los objetos de los comerciantes.	크뤼베 가도의 상단 물건 회수	QUEST_LV_0100_20151016_010160	Defeat the monsters and retrieve the items	몬스터를 물리치고 상단 물품 가져 오기	
QUEST_UNUSED_20151022_001612	Los monstruos se apresuran cerca del lugar donde deberían ubicarse los objetos. Derrótalos y recupera los objetos de los comerciantes.	잃어버린 상단 물건이 있어야 할 곳 인근에 몬스터들이 몰려들어 있다고 합니다. 이들을 물리치고 상단 물건을 되찾으세요.	QUEST_LV_0100_20151016_010161	The monsters are already infesting the area where the items are supposed to be. Teach them a lesson and retrieve the goods.	상단 물품이 있어야 할 자리에 몬스터들이 이미 차지하고 있습니다. 이들을 물리치고 상단 물품을 되찾으세요.	
QUEST_UNUSED_20151022_001613	Entrégaselos a Jurate	유라테에게 전달	QUEST_LV_0100_20151001_009205	Return to Jurate	유라테에게 돌아가기	
QUEST_UNUSED_20151022_001614	Adquirió los objetos de los comerciantes. Vuelve a Jurate y pregúntale qué son.	상단의 물건을 되찾았습니다. 유라테에게 돌아가서 이것들이 무엇인지 물어 보세요.	QUEST_LV_0100_20151016_010162	You have got the goods but to know what they are, you should consult with Jurate.	상단 물품으로 보이는 조각들을 몬스터들로부터 빼앗긴 했지만, 이것이 무엇인지 알아보려면 유라테에게 돌아가야 합니다.	
QUEST_UNUSED_20151022_001615	Recupera %s después de derrotar monstruos	몬스터를 처치하고 %s 회수	QUEST_LV_0100_20151001_009207	Obtain %s by defeating the monsters	몬스터들을 처치하고 %s 구하기	
QUEST_UNUSED_20151022_001616	Derrota a los monstruos y recupera el trozo de papel húmedo.	몬스터를 처치하고 축축한 종이 조각 회수	QUEST_LV_0100_20151001_009208	Defeat the monsters and obtain damp pieces of papers	몬스터들을 처치하고 축축한 종이 조각 구하기	
QUEST_UNUSED_20151022_001617	Busque los productos de los comerciantes usando el detector en Juikas Field.	율카스 벌판에서 탐지기를 사용하여 상단 물품 수색				
QUEST_UNUSED_20151022_001618	Investiga el campo Juikas con el detector que te dio Edita. Sabrá la dirección cuando utilice el detector dentro del lugar marcado en el mapa.	에디타가 준 탐지기로 율카스 벌판 일대를 조사해 보세요. 맵에 표시된 곳 안에서 탐지기를 사용하면 방향을 알 수 있습니다.	QUEST_LV_0100_20151016_010165	Use the detector Edita to search the area. Use it in the area marked on the map.	에디타가 준 탐지기로 일대를 조사해 보세요. 맵에 표시된 곳 안에서 탐지기를 사용하면 방향을 알 수 있습니다.	
QUEST_UNUSED_20151022_001619	Reportar a Edita	에디타에게 보고	QUEST_LV_0100_20151016_010166	Report to Edita	에디타에게 보고하러 가기	
QUEST_UNUSED_20151022_001620	Has encontrado los productos del comerciante con el detector. Llévalos de vuelta a Edita.	탐지기 덕분에 상단 물품을 찾았습니다. 에디타에게 가져다 주세요.	QUEST_LV_0100_20151016_010167	Successfully retrieved the goods all thanks to the goods. Deliver them to Eidta.	탐지기 덕분에 상단 물품을 회수하는 데 성공했습니다. 에디타에게 가져다 주세요.	
QUEST_UNUSED_20151022_001621	Recupera los materiales educativos de los monstruos.	몬스터에게서 교육 자료 되찾기	QUEST_LV_0100_20151016_010170	Retrieve the Educational Materials	교육 자료 찾아오기	
QUEST_UNUSED_20151022_001622	Entrégaselos a Margelius	마르젤리유스에게 전달				
QUEST_UNUSED_20151022_001623	Recoge los materiales educativos de los monstruos.	몬스터에게서 교육 자료 수집	QUEST_LV_0100_20151001_009220	Defeat the monsters and obtain the pieces of the records of the merchants	몬스터를 처치하고 상단의 기록 조각 구하기	
QUEST_UNUSED_20151022_001624	Recoge el fluido corporal de los monstruos.	몬스터 체액 수집	QUEST_LV_0100_20151001_009222	Obtain the body fluid from the monsters	몬스터 체액 구하기	
QUEST_UNUSED_20151022_001625	Para realizar documentos educativos, necesitarás tinta especial. Coloca la trampa que te dio Margellius en Drose Empty Lot, captura a los monstruos y extrae el fluido corporal.	교육 자료를 만들기 위해선 특별한 잉크가 필요합니다. 마르젤리유스가 준 덫을 드로즈 공터에 놓아 몬스터를 포획한 뒤 체액을 뽑으세요.	QUEST_LV_0100_20151016_010175	To make educational materials, a special dye is needed. To make that dye, you need some fresh body fluid from the monsters. When you put the traps Margellius gave near the monsters, the monsters will get caught allowing you to obtain the body fluid. Remember the monsters will die quickly when they get caught by the traps so you should pull them out fast. Only the monsters far in the town square, better get there.	교육 자료를 만들기 위해서는 특별한 염료가 필요하다고 합니다. 그 염료를 만들기 위해서는 몬스터의 신선한 체액이 필요합니다. 마르젤리유스가 건네 준 덫을 몬스터 주변에 놓으면 몬스터가 포획 되는데, 이 때 체액을 뽑아 내도록 합시다. 단, 덫에 걸린 몬스터를 곧 죽어버리니 빨리 뽑아 내야 합니다. 멀리 광장에 있는 몬스터만 가지고 있다고 하니 그쪽으로 가세요.	
QUEST_UNUSED_20151022_001626	Recoge los materiales para hacer lápidas.	비석을 만들 자재 수집	QUEST_LV_0100_20151016_010177	Finding Materials For the Tombstone	비석을 만들 자재 구하기	
QUEST_UNUSED_20151022_001627	Entrégaselos a Antanas.	안타나스에게 전달				
QUEST_UNUSED_20151022_001628	Adquiriste todos los materiales necesarios para crear lápidas. Ahora, volvamos a Antanas.	비석 세우기에 필요한 자재를 다 구했습니다. 이제 안타나스에게 돌아가세요.	QUEST_LV_0100_20151016_010179	Acquired all the necessary materials for erecting tombstones. Now, go back to Antanas.	비석 세우기에 필요한 재료를 다 구했습니다. 이제 안타나스에게 돌아가세요.	
QUEST_UNUSED_20151022_001629	Ya que has obtenido todos los materiales, ahora pregunta si puedes hacer lápidas.	재료를 모두 구해 주었으니 이제 비석을 만들 수 있는지 물어 보세요.	QUEST_LV_0100_20151016_010180	Ask her if, now with all the necessary materials, she could make tombstones.	재료를 모두 구해 주었으니, 이제 비석을 만들 수 있느냐고 물어 보세요.	
QUEST_UNUSED_20151022_001630	Reciba el cincel y el martillo que le encargaron especialmente al herrero de Orsha.	오르샤의 대장장이에게 특별 주문한 정과 망치 받기				
QUEST_UNUSED_20151022_001631	Antanas encargó herramientas especiales para fabricar lápidas. Ve a encontrarte con el herrero en Orsha para recibir el cincel y el martillo que te encargaron especialmente.	안타나스는 비석을 만들기 위해 특별한 도구들을 주문해 두었다고 합니다. 오르샤의 대장장이에게 특별 주문한 정과 망치를 받으러 가 보세요.				
QUEST_UNUSED_20151022_001632	Antanas pidió el martillo y el cincel, pero el herrero sólo te dio el martillo. Pregunta qué pasó con el cincel.	안타나스는 망치와 정을 주문했다는데 대장장이는 망치만 주었습니다. 정은 어떻게 되었는지 물어 봅시다.	QUEST_LV_0100_20151001_009237	Ask where you should go to obtain a chisel.	정을 빌리려면 어디로 가야 하는지 물어 봅시다.	
QUEST_UNUSED_20151022_001633	Reciba el cincel que le encargó especialmente al herrero de Orsha.	오르샤의 장비상인에게 특별 주문한 정 받기	QUEST_LV_0100_20151001_009238	Go meet the equipment merchant at Orsha	오르샤 장비상인 찾아가기	
QUEST_UNUSED_20151022_001634	El herrero de Orsha entregó el trabajo al comerciante de equipos para que lo terminara. Ve a encontrarte con el comerciante de equipos para recibir el cincel.	오르샤의 대장장이는 정의 마무리 작업을 위해 장비상인에게 맡겼다고 합니다. 정을 받으러 장비상인에게 가 보세요.	QUEST_LV_0100_20151001_009239	Go meet the blacksmith at Orsha to obtain the chisel.	정을 빌리러 오르샤 대장장이에게 가 봅시다.	
QUEST_UNUSED_20151022_001635	Has recibido el cincel y el martillo. Ahora, entrégaselos a Antanas.	정과 망치를 모두 받았습니다. 이제 안타나스에게 전해 주세요.	QUEST_LV_0100_20151001_009240	Since you've borrowed all the things you need, return to Antanas.	빌릴 것들을 모두 빌렸으니 이제 안타나스에게 돌아가세요.	
QUEST_UNUSED_20151022_001636	Parece que has ayudado en todas las tareas en las que Antanas necesitaba ayuda. Habla con él por última vez.	안타나스가 도움이 필요한 일은 모두 도와준 것 같습니다. 마지막으로 그와 대화해 보세요.	QUEST_LV_0100_20151001_009241	Ask Antanas what to do next.	이제 어떻게 해야 하는지 안타나스에게 물어 보세요.	
QUEST_UNUSED_20151022_001637	Elabora la lápida	비석 제작	QUEST_LV_0100_20151016_010176	Erecting the Tombstone	비석 세우기	
QUEST_UNUSED_20151022_001638	Antanas te sugirió que hicieras una lápida. Será una buena EXP hacerlo.	안타나스가 비석을 한 번 만들어 보지 않겠느냐고 제안했습니다. 한 번 만들어 보는 것도 좋은 경험일 것 같습니다.	QUEST_LV_0100_20151016_010181	Follow her instruction and build a tombstone with the materials you have.	구해 온 재료들로 안타나스의 지시에 따라 비석을 만드세요.	
QUEST_UNUSED_20151022_001639	La lápida estaba bien hecha. Ahora es el momento de decir adiós a Antanas.	비석은 잘 만들어 진 것 같습니다. 안타나스에게 인사하고 떠날 때 입니다.	QUEST_LV_0100_20151016_010182	You erected well. Say farewell to Antanas and go on your way.	비석을 잘 세운 것 같습니다. 안타나스에게 인사하고 떠날 때 입니다.	
QUEST_UNUSED_20151022_001640	Antans te dijo que Giedra, que es el otro miembro de Nestospa, necesita ayuda.	안타나스는 네스토스파의 또 다른 일원인 기에드라가 도움이 필요하다고 합니다.	QUEST_LV_0100_20151016_010183	Now, talk to Giedra.	네스토스파의 또 다른 일원인 기에드라와 이야기 해 봅시다.	
QUEST_UNUSED_20151022_001641	Recoge las conchas transparentes.	투명한 껍질 수집	QUEST_LV_0100_20151001_009248	Obtain a trasparent shell	투명한 껍질 구하기	
QUEST_UNUSED_20151022_001642	Giedra os dijo que para hacer escrituras necesitaría conchas transparentes. Derrota a los monstruos y obtén conchas transparentes.	기에드라는 경전을 만들기 위해 몬스터의 투명한 껍질이 필요하다고 합니다. 몬스터를 처치하고 투명한 껍질을 모으세요.	QUEST_LV_0100_20151001_009249	Giedra is collecting various goods to make the scriptures, but he now needs the transparent shell of the monsters. Defeat the monsters and collect the tranparent shells.	기에드라는 경전을 만들기 위해 여러가지 물품을 모으고 있는 중인데, 지금은 몬스터의 투명한 껍질이 필요하다고 합니다. 몬스터를 처치하고 투명한 껍질을 모으세요.	
QUEST_UNUSED_20151022_001643	Entrégaselos a Giedra.	기에드라에게 전달				
QUEST_UNUSED_20151022_001644	Ya que has recolectado todos los caparazones transparentes, llévaselos a Giedra.	투명한 껍질을 모두 모았으니 기에드라에게 가져다 주세요.	QUEST_LV_0100_20151001_009251	Since you've obtained all of the transparent shells, bring them to Giedra.	투명한 껍질을 모두 모았으니 기에드라에게 갖다 주세요.	
QUEST_UNUSED_20151022_001645	Elabore el rollo de hilo rígido para atar con el hilo de cuero corto.	짤막한 가죽 끈으로 제본용 질긴 끈뭉치 제작				
QUEST_UNUSED_20151022_001646	Necesitarías el cordón de cuero que se necesita para encuadernar las Escrituras, pero los cordones de cuero de los monstruos son demasiado cortos. Obtén hilos de cuero cortos de los monstruos y haz un rollo de hilo rígido para atar con Moru.	경전 제본에 가죽끈이 필요한테 몬스터에게 나오는 가죽끈은 짤막해서 쓸 수가 없다고 합니다. 몬스터에게서 짤막한 가죽 끈을 구한 뒤 무두용 모루로 제본용 질긴 끈 뭉치를 만들어 오세요.	QUEST_LV_0100_20151001_009254	Let's obtain the leather string that is needed to make the scriptures.	경전 제본에 필요하다는 가죽끈을 구해 봅시다.	
QUEST_UNUSED_20151022_001647	Has creado todas las cuerdas de cuero para encuadernar. Llévaselos a Giedra.	제본용 가죽끈을 모두 만들었습니다. 기에드라에게 가져다 주세요.	QUEST_LV_0100_20151001_009255	Acquired all the leather strings. Bring them to Giedra.	가죽끈을 모두 구했습니다. 기에드라에게 갖다 주세요.	
QUEST_UNUSED_20151022_001648	Habla con Kestas que parece muy inestable.	굉장히 불안해 보이는 케스타스와 대화	QUEST_LV_0100_20151001_009257	Talk to Kestas	케스타스와 대화	
QUEST_UNUSED_20151022_001649	Puedes ver a Kestas que parece muy inestable. Habla con él.	뭔가 굉장히 안절부절하고 있는 케스타스가 보입니다. 그에게 말을 걸어 보세요.	QUEST_LV_0100_20151016_010185	Go to Kestas, another member of Nestopa.	네스토스파의 다른 일원인 케스타스에게 가 보세요.	
QUEST_UNUSED_20151022_001650	Recupera el signo de Nestospa de los monstruos.	몬스터에게서 네스토스의 표식 되찾기	QUEST_LV_0100_20151016_010186	Retrieve Nesto's Sign	네스토스의 표식 되찾기	
QUEST_UNUSED_20151022_001651	Kestas luce muy inestable desde que perdió el signo de Nestospa. Recupera el signo de Nestospa de los monstruos cercanos.	케스타스는 네스토스의 표식을 잃어버려 굉장히 불안해하고 있습니다. 주변의 몬스터로부터 네스토스의 표식을 되찾아 주세요.	QUEST_LV_0100_20151016_010187	Retrieve the Nesto's Signs from the nearby monsters and give them back to troubled Kestas.	주변의 몬스터로부터 네스토스의 표식을 되찾아서 정서가 불안한 케스타스에게 돌려 주세요.	
QUEST_UNUSED_20151022_001652	Entrégaselos a Kestas.	케스타스에게 전달	QUEST_LV_0100_20151016_010188	Giving the Sign Back	네스토스의 표식 돌려주기	
QUEST_UNUSED_20151022_001653	Parece que Kestas parece estar a salvo ahora. Habla con Kestas.	케스타스는 이제 안전한 것 같습니다. 케스타스와 이야기를 더 나눠 보세요.	QUEST_LV_0100_20151016_010191	Talk further with Kestas.	케스타스와 이야기를 더 나눠 보세요.	
QUEST_UNUSED_20151022_001654	Derrota a los monstruos que intentan robar las señales.	표식을 빼앗으려는 몬스터 처치	QUEST_LV_0100_20151016_010192	Defeat the monsters that are after getting the records	기록을 빼앗으려는 몬스터 처치	
QUEST_UNUSED_20151022_001655	Tocaste la bocina para ordenar la retirada. Díselo al espíritu de soldado del ejército de Ruklys.	나팔을 불어 퇴각 명령을 알렸습니다. 루클리스 부대 병사 영혼에게 이 사실을 알리세요.	QUEST_UNUSED_20151016_000843	You blew the horn and sent out the retreat order. Tell the Ruklys Army Soldier's Spirit about it.	나팔을 불어 퇴각 명령을 알렸스빈다. 루클리스 부대 병사 영혼에게 이 사실을 알리세요.	
QUEST_UNUSED_20151022_001656	Habla con Varas	행상인 바라스와 대화				
QUEST_UNUSED_20151022_001657	Varas parece inestable. Pregúntale por qué es inestable.	행상인 바라스가 안절부절하고 있습니다. 무슨 일 때문에 안절부절하는지 알아보세요.				
QUEST_UNUSED_20151022_001658	Muévete al lugar donde se encuentran los compañeros de Varas.	행상인 바라스의 동료들이 있는 장소로 이동	QUEST_LV_0100_20151016_010277	Second Step	중간 할 일	
QUEST_UNUSED_20151022_001659	Varas te dijo que sus colegas están siendo atacados por demonios. Ayúdalos.	행상인 바라스는 자신의 동료들이 마족에게 공격을 받고 있다고 합니다. 어서 그들을 도와주세요	QUEST_LV_0100_20151016_010278	Guide on the Second Step	중간 설명	
QUEST_UNUSED_20151022_001660	Parece que Rose quiere hablar de algo. Habla con ella.	로제가 뭔가 하고 싶은 말이 있어 보입니다. 그녀와 대화하세요	QUEST_LV_0100_20151016_010280	Guide on the Final Step	마지막 설명	
QUEST_UNUSED_20151022_001661	Derrota a los demonios que amenazan a los comerciantes.	행상인들을 위협하는 마족 처치하기	QUEST_JOBSTEP_20150323_002333	Defeat %s	%s 처치	
QUEST_UNUSED_20151022_001662	hablar con rosa	로제와 대화하세요				
QUEST_UNUSED_20151022_001663	Restaurar la resistencia del perro.	개의 체력을 회복시키기	QUEST_LV_0100_20151016_010277	Second Step	중간 할 일	
QUEST_UNUSED_20151022_001664	Utilizando el sentido olfativo del perro, Roge quiere buscar a los comerciantes que se encuentran dispersos. Pero el perro no tiene suficiente resistencia. Por favor, restaure la resistencia del perro.	로제는 개의 후각을 이용해 흩어진 행상인들을 찾자고 합니다. 하지만 개의 체력이 좋지 않습니다. 개의 체력을 회복시켜주세요	QUEST_LV_0100_20151016_010278	Guide on the Second Step	중간 설명	
QUEST_UNUSED_20151022_001665	El vigor del perro volvió a buscar a los compañeros de Rose. Dile esto a Rose.	로제의 동료들을 찾을 수 있을만큼 개의 체력이 돌아왔습니다. 로제에게 알려주세요.	QUEST_LV_0100_20151016_010280	Guide on the Final Step	마지막 설명	
QUEST_UNUSED_20151022_001666	Busca a los comerciantes usando el sentido olfativo del perro.	개의 후각을 이용해 행상인 찾기	QUEST_LV_0100_20151016_010277	Second Step	중간 할 일	
QUEST_UNUSED_20151022_001667	Deja que el perro huela la ropa que contiene el olor del comerciante y busca al comerciante.	개에게 체취가 뭍은 옷가지를 맡게하여 행상인을 찾게 하세요.	QUEST_LV_0100_20151016_010278	Guide on the Second Step	중간 설명	
QUEST_UNUSED_20151022_001668	hablar con el comerciante	행상인과 대화				
QUEST_UNUSED_20151022_001669	Parece que has encontrado a la mayoría de los comerciantes. Habla con los comerciantes.	대부분의 행상인을 찾은거 같습니다. 행상인과 대화하세요	QUEST_LV_0100_20151016_010280	Guide on the Final Step	마지막 설명	
QUEST_UNUSED_20151022_001670	Habla con los comerciantes.	행상인과 대화하세요				
QUEST_UNUSED_20151022_001671	Derrota a los demonios que amenazan a los comerciantes.	행상인을 위협하는 마족 처치	QUEST_LV_0100_20151016_010277	Second Step	중간 할 일	
QUEST_UNUSED_20151022_001672	Derrota a los demonios que amenazan a los comerciantes.	행상인을 위협하는 마족을 처치하세요	QUEST_LV_0100_20151016_010278	Guide on the Second Step	중간 설명	
QUEST_UNUSED_20151022_001673	Busca los equipajes que los comerciantes habían perdido.	행상인이 잃어버린 짐보따리 찾기				
QUEST_UNUSED_20151022_001674	El comerciante dice que perdió todos sus equipajes mientras los demonios lo perseguían. Busque los equipajes del comerciante.	행상인은 마족에게 쫓기면서 짐보따리를 잃어버렸다고 합니다. 행상인의 짐보따리를 찾아주세요	QUEST_LV_0100_20151016_010278	Guide on the Second Step	중간 설명	
QUEST_UNUSED_20151022_001675	Has recogido todos los equipajes del comerciante que se cayeron al suelo. Llévaselos al comerciante.	길에 떨어진 행산인의 물건을 모두 수거했습니다. 행상인에게 가져다주세요.	QUEST_LV_0100_20151016_010280	Guide on the Final Step	마지막 설명	
QUEST_UNUSED_20151022_001676	Habla con el comerciante que tiembla de inquietud.	불안에 떨고 있는 행상인과 대화하세요	QUEST_LV_0100_20151016_010276	Guide on the First Step	시작 설명	
QUEST_UNUSED_20151022_001677	Derrota a los demonios y monstruos que se encuentran alrededor de la aldea de AA.	AA 마을 주변에 있는 마족과 몬스터 처치	QUEST_LV_0100_20151016_010277	Second Step	중간 할 일	
QUEST_UNUSED_20151022_001678	Alivia la ansiedad del comerciante derrotando a los demonios y monstruos que se encuentran alrededor de la aldea AA.	AA 마을 주변에 있는 마족과 몬스터를 처치해 행상인의 불안함을 덜어주세요	QUEST_LV_0100_20151016_010278	Guide on the Second Step	중간 설명	
QUEST_UNUSED_20151022_001679	Has derrotado a los demonios y monstruos que rodean la aldea de AA. Habla con el comerciante.	AA 마을 주변에 있는 마족과 몬스터를 처치했습니다. 행상인과 대화하세요	QUEST_LV_0100_20151016_010280	Guide on the Final Step	마지막 설명	
QUEST_UNUSED_20151022_001680	Derrota a los demonios y monstruos que se encuentran alrededor de la aldea de AA.	AA 마을 주변에 있는 마족과 몬스터 처치하기	QUEST_JOBSTEP_20150323_002333	Defeat %s	%s 처치	
QUEST_UNUSED_20151022_001681	Habla con los cuentos del herbolario	약초꾼 테일스와 대화				
QUEST_UNUSED_20151022_001682	Habla con los cuentos del herbolario	약초꾼 테일스와 대화하세요				
QUEST_UNUSED_20151022_001683	Obtén las hierbas cercanas.	주변에 있는 약초 구하기	QUEST_LV_0100_20151016_010277	Second Step	중간 할 일	
QUEST_UNUSED_20151022_001684	Herbalist Tales te pidió que consiguieras algunas hierbas que curarían sus heridas.	약초꾼 테일스는 자신의 상처를 치유 할 수 있는 약초를 구해달라고 합니다.	QUEST_LV_0100_20151016_010278	Guide on the Second Step	중간 설명	
QUEST_UNUSED_20151022_001685	Parece que incluso con los efectos de las hierbas, las heridas de Tales no se recuperarán. Habla con Tales.	약초의 효력으로도 약초꾼 테일스의 상처는 낫지 않는것 같습니다. 약초꾼 테일스와 대화하세요	QUEST_LV_0100_20151016_010276	Guide on the First Step	시작 설명	
QUEST_UNUSED_20151022_001686	Habla con el clérigo submaestro	클레릭 서브 마스터와 대화				
QUEST_UNUSED_20151022_001687	Informar al clérigo submaster sobre el estado de Herbalist Tales	클레릭 서브 마스터에게 약초꾼 테일스의 상태를 말해주세요				
QUEST_UNUSED_20151022_001688	Habla con el clérigo submaestro	클레릭 서브 마스터와 대화하세요	QUEST_LV_0100_20151016_010276	Guide on the First Step	시작 설명	
QUEST_UNUSED_20151022_001689	Entrega la hierba a Herbalist Tales.	약초꾼 테일스에게 약 건내주기				
QUEST_UNUSED_20151022_001690	Entrega la hierba que obtuviste del Submaestro Clérigo a Herbalist Tales.	클레릭 서브 마스터에게 받은 약을 약초꾼 테일스에게 건내주세요				
QUEST_UNUSED_20151022_001691	Parece que Rose encontró algo. Vuelve con ella y habla.	로제가 뭔가를 발견한 것 같습니다. 그녀에게로 가 대화하세요	QUEST_LV_0100_20151016_010276	Guide on the First Step	시작 설명	
QUEST_UNUSED_20151022_001692	Derrota a los demonios en la Base de los Demonios.	마족의 근거지에 있는 마족 처치하기				
QUEST_UNUSED_20151022_001693	Derrota a los demonios restantes en la Base de los Demonios.	마족의 근거지에 남아 있는 마족를 처치하세요	QUEST_LV_0100_20151016_010278	Guide on the Second Step	중간 설명	
QUEST_UNUSED_20151022_001694	Derrota a los demonios restantes en la Base de los Demonios.	마족의 근거지에 남아있는 마족을 처치하세요	QUEST_LV_0100_20151016_010280	Guide on the Final Step	마지막 설명	
QUEST_UNUSED_20151022_001695	hablar con rosa	로제와 대화세요	QUEST_LV_0100_20151016_010276	Guide on the First Step	시작 설명	
QUEST_UNUSED_20151022_001696	Busca información sobre el helecho gigante.	거대 고사리와 관련된 정보 찾기	QUEST_LV_0100_20151016_010277	Second Step	중간 할 일	
QUEST_UNUSED_20151022_001697	Busca información sobre los helechos gigantes en la Base de los Demonios.	마족의 근거지에서 거대 고사리와 관련된 정보를 찾으세요	QUEST_LV_0100_20151016_010278	Guide on the Second Step	중간 설명	
QUEST_UNUSED_20151022_001698	volver a rosa	로제에게 돌아가기				
QUEST_UNUSED_20151022_001699	Has encontrado la información sobre el helecho gigante. Vuelve con Rosa.	거대 고사리와 관련된 정보를 찾았습니다. 로제에게 돌아가세요	QUEST_LV_0100_20151016_010280	Guide on the Final Step	마지막 설명	
QUEST_UNUSED_20151022_001700	volver a rosa	로제에게로 돌아가기	QUEST_LV_0100_20151016_010275	First Step	시작 할 일	
QUEST_UNUSED_20151022_001701	Vuelve con Rose y cuéntale la información sobre el helecho gigante.	로제에게로 돌아가 거대 고사리 관련된 정보를 알려주세요	QUEST_LV_0100_20151016_010276	Guide on the First Step	시작 설명	
QUEST_UNUSED_20151022_001702	rosa de rescate	로제 구출하기				
QUEST_UNUSED_20151022_001703	Rose fue capturada por magos y demonios no identificados. Rescátala.	로제가 정체를 알 수 없는 마법사와 마족에게 붙잡혔습니다. 그녀를 구하세요	QUEST_LV_0100_20151016_010278	Guide on the Second Step	중간 설명	
QUEST_UNUSED_20151022_001704	Has rescatado a Rose. Habla con ella.	로제를 구했습니다. 그녀와 대화하세요	QUEST_LV_0100_20151016_010280	Guide on the Final Step	마지막 설명	
QUEST_UNUSED_20151022_001705	Derrota a los demonios que intentan secuestrar a Rose.	로제를 납치하려는 마족 처치하기	QUEST_JOBSTEP_20150323_002333	Defeat %s	%s 처치	
QUEST_UNUSED_20151022_001706	Cuéntale a Rose la información sobre el helecho gigante.	로제에게 거대 고사리와 관련된 정보를 알려주세요	QUEST_LV_0100_20151016_010276	Guide on the First Step	시작 설명	
QUEST_UNUSED_20151022_001707	Eliminar la fuente de alimentación del dispositivo.	장치의 동력원 제거하기	QUEST_LV_0100_20151016_010277	Second Step	중간 할 일	
QUEST_UNUSED_20151022_001708	Elimina la fuente de alimentación del dispositivo que agranda el helecho gigante.	거대 고사리를 크게 만드는 장치의 동력원을 제거하세요	QUEST_LV_0100_20151016_010278	Guide on the Second Step	중간 설명	
QUEST_UNUSED_20151022_001709	Has eliminado la fuente de alimentación del dispositivo. Habla con Rosa.	장치의 동력원을 제거했습니다. 로제와 대화하세요	QUEST_LV_0100_20151016_010280	Guide on the Final Step	마지막 설명	
QUEST_UNUSED_20151022_001710	Rose está esperando de camino al monasterio. Habla con ella.	로제가 수도원으로 향하는 길목에서 기다리고 있습니다. 그녀와 대화하세요	QUEST_LV_0100_20151016_010276	Guide on the First Step	시작 설명	
QUEST_UNUSED_20151022_001711	Derrota a los demonios que bloquean el camino.	길목을 지키고 있는 마족 처치하기	QUEST_LV_0100_20151016_010277	Second Step	중간 할 일	
QUEST_UNUSED_20151022_001712	Derrota a los demonios que bloquean el camino hacia el monasterio.	수도원으로 향하는 길목을 지키고 있는 마족을 처치하세요.	QUEST_LV_0100_20151016_010278	Guide on the Second Step	중간 설명	
QUEST_UNUSED_20151022_001713	Derrota a Gremlin	그렘린 처치하기	QUEST_JOBSTEP_20150323_002333	Defeat %s	%s 처치	
QUEST_UNUSED_20151022_001714	Habla con el recolector de hierbas.	약초꾼과 대화하세요				
QUEST_UNUSED_20151022_001715	Libera la trampa	덫을 풀어주세요	QUEST_LV_0100_20151016_010278	Guide on the Second Step	중간 설명	
QUEST_UNUSED_20151022_001716	Destruye el círculo mágico que protege el caldero.	솥을 지키고 있는 마법진 파괴하기	QUEST_LV_0100_20151016_010277	Second Step	중간 할 일	
QUEST_UNUSED_20151022_001717	Destruye el círculo mágico que protege el caldero.	솥을 지키고 있는 마법진 파괴하세요	QUEST_LV_0100_20151016_010278	Guide on the Second Step	중간 설명	
QUEST_UNUSED_20151022_001718	Destruye el caldero	솥 파괴하기				
QUEST_UNUSED_20151022_001719	El círculo mágico que protegía el caldero ha sido eliminado. Destruye el caldero	솥을 지키고있던 마법진이 제거됐습니다. 솥을 파괴하세요				
QUEST_UNUSED_20151022_001720	Quema la caja que contiene los helechos.	고사리가 든 상자 불태우기				
QUEST_UNUSED_20151022_001721	Quema la caja donde los demonios pusieron los helechos.	마족이 고사리를 담아둔 상자를 태우세요	QUEST_LV_0100_20151016_010278	Guide on the Second Step	중간 설명	
QUEST_UNUSED_20151022_001722	¡Los colonos están siendo amenazados por Poatas que aparecieron frente a la entrada de Orsha! Derrota a Poatas para garantizar la seguridad en la entrada de Orsha.	도시 오르샤 입구에 나타난 포아타로 인해 이주민들이 위협받고 있습니다! 포아타를 처치하여 오르샤 입구의 안전을 확보하세요				
QUEST_UNUSED_20151022_001723	El colono Izna te pidió que obtuvieras Red Leaves al derrotar a Leaf Bugs en el primer distrito.	이주민 이즈나는 1번 지역에서 잎방개를 처치하여 연붉은 잎사귀를 구해달라고 부탁했습니다	QUEST_UNUSED_20151016_000866	Settler Izna has asked you to defeat nearby monsters and collect red leaves.	이주민 이즈나는 주변 몬스터를 처치하여 연붉은 잎사귀를 수집해달라고 부탁했습니다	
QUEST_UNUSED_20151022_001724	Como te pidió Izna, has obtenido suficientes hojas rojas. Habla con Izna	이주민 이즈나의 요청대로 연붉은 잎사귀를 충분히 구했습니다. 이즈나와 대화하세요	QUEST_UNUSED_20151016_000864	Talk with Settler Izna	이주민 이즈나와 대화하세요	
QUEST_UNUSED_20151022_001725	El colono Izna te pidió que recolectaras el moco que puedes obtener al derrotar a Chinencys en los distritos 1 y 2.	이주민 이즈나는 1/2번 지역에 치넨시를 처치하여 얻은 점액을 수집해달라고 부탁했습니다	QUEST_UNUSED_20151016_000869	Settler Izna has asked you to collect Rampas Mucus.	이주민 이즈나는 렘파를 점액을 수집해달라고 부탁했습니다	
QUEST_UNUSED_20151022_001726	Has adquirido suficiente Rampar Mucus como te pidió Izna. Habla con Izna	이주민 이즈나가 요청한 렘파르 점액을 충분히 수집했습니다. 이즈나와 대화하세요	QUEST_UNUSED_20151016_000864	Talk with Settler Izna	이주민 이즈나와 대화하세요	
QUEST_UNUSED_20151022_001727	Para ayudar a los colonos que están aislados en el bosque debido a los monstruos gigantes, el colono Izna te pidió que encendieras la hoguera en las áreas de descanso en los distritos 3 y 4.	이주민 이즈나는 거대한 몬스터 때문에 길을 숲 속에 고립된 북쪽 지역 이주민들을 돕기 위해 3/4 지역의 쉼터 모닥불을 켜달라고 했습니다				
QUEST_UNUSED_20151022_001728	Prende fuego sobre pilas de leña en la zona de descanso.	쉼터 장작더미에 불 지피기				
QUEST_UNUSED_20151022_001729	El colono Izna os pidió que prendierais fuego a las pilas de leña de las zonas de descanso para que los colonos vieran con claridad.	이주민 이즈나는 쉼터 장작더미에 불을 지펴서 먼 곳에 있는 이주민들이 볼 수 있도록 해 달라고 부탁했습니다				
QUEST_UNUSED_20151022_001730	Derrota al espíritu del bosque	우드스피릿 처치				
QUEST_UNUSED_20151022_001731	El colono Dallanas bendijo tu aventura. Y también te aconsejó que oraras frente a la Estatua de la Diosa Zemyna y recibieras la protección de la diosa.	이주민 달라나스는 당신의 모험을 축복해주었습니다. 그리고 제미나 여신상에 경배하여 여신의 가호를 받아보라고 조언해주었습니다				
QUEST_UNUSED_20151022_001732	Derrota a los monstruos en el área de descanso temporal.	임시 휴식처의 몬스터 처치				
QUEST_UNUSED_20151022_001733	El colono Dallanas os dijo que el área de descanso temporal donde los colonos esperan para entrar a Orsha se ha vuelto peligrosa debido a la reciente irrupción de los monstruos. Derrotemos a los monstruos en el área de descanso temporal.	이주민 달라나스는 이주민들이 오르샤로 들어가기 위해 대기하던 임시 휴식처가 얼마 전부터 몬스터들의 출몰로 위험해졌다고 합니다. 임시 휴식처의 몬스터들을 처리해 줍시다	QUEST_UNUSED_20150729_000346	Progress	진행	
QUEST_UNUSED_20151022_001734	El colono Dallanas te ha pedido que traigas a los colonos que estaban esparcidos por las áreas de descanso temporal.	이주민 달라나스는 임시 휴식처에 흩어져 있는 이주민들을 데리고 와달라고 부탁했습니다	QUEST_UNUSED_20151016_000883	Settler Dallanas has asked you to bring the settlers that were spreaded across the area.	이주민 달라나스는 주변에 흩어져 있는 이주민들을 데리고 와다라라고 부탁했습니다	
QUEST_UNUSED_20151022_001735	Habla con Inesa Hamondale	이네사 해먼데일과 대화하세요				
QUEST_UNUSED_20151022_001736	Reza frente a la estatua de la Diosa.	여신상에 경배해보세요				
QUEST_UNUSED_20151022_001737	Habla con el comerciante de artículos	잡화상인과 대화				
QUEST_UNUSED_20151022_001738	Habla con el comerciante de artículos	잡화상인과 대화하세요				
QUEST_UNUSED_20151022_001739	Habla con el comerciante de accesorios	악세서리 상인과 대화하세요				
QUEST_UNUSED_20151022_001740	Habla con la agente Cherasia	정보원 체라시아와 대화				
QUEST_UNUSED_20151022_001741	Habla con la agente Cherasia	정보원 체라시아와 대화하세요				
QUEST_UNUSED_20151022_001742	Recoge las piezas del memorándum que pertenece al Sacerdotisa Irma.	사제 이르마의 쪽지 낱장 수집				
QUEST_UNUSED_20151022_001743	Recoge las piezas del memorándum que pertenece a la Sacerdotisa Irma derrotando a los monstruos cercanos.	주변 몬스터들을 처치하여 사제 이르마의 쪽지 낱장을 수집하세요				
QUEST_UNUSED_20151022_001744	Habla con el Agente Moren	정보원 모렌과 대화				
QUEST_UNUSED_20151022_001745	Habla con el Agente Moren	시작정보원 모렌과 대화하세요				
QUEST_UNUSED_20151022_001746	Derrota a los monstruos que rodean a Moren.	모렌 주변 몬스터 처치				
QUEST_UNUSED_20151022_001747	Protege al Agente Moren mientras analiza la información recopilada. A medida que derrotes a los monstruos que te rodean, Moren analizará con calma la información más rápidamente.	정보원 모렌이 수집한 정보를 분석하는 동안 보호해 주세요. 주변 몬스터들을 처리할 수록 모렌이 안심하고 더 빨리 정보를 분석할 수 있습니다				
QUEST_UNUSED_20151022_001748	Habla con el Agente Moren	정보원 모렌과 대화하세요				
QUEST_UNUSED_20151022_001749	Recoge la nota medio quemada.	반쯤 타버린 쪽지 수집				
QUEST_UNUSED_20151022_001750	Recoge la nota a medio grabar	반쯤 타버린 쪽지를 수집하세요				
QUEST_UNUSED_20151022_001751	Habla con el cazador Ulises	추적자 예울리스와 대화				
QUEST_UNUSED_20151022_001752	Habla con el cazador Ulises	추적자 예울리스와 대화하세요				
QUEST_UNUSED_20151022_001753	Comprueba el escondite de los sacerdotes.	사제들의 은거지 확인				
QUEST_UNUSED_20151022_001754	Comprueba el escondite de los sacerdotes.	사제들의 은거지를 확인하세요				
QUEST_UNUSED_20151022_001755	Consigue el diario de Urbonas	우르보나스의 일지 습득				
QUEST_UNUSED_20151022_001756	En el escondite de los sacerdotes, has descubierto el diario de Urbonas. Recógelo y entrégaselo al Chaser Ulysses.	사제들의 은신처에서 우르보나스의 일지를 발견했습니다. 주워서 추적자 예울리스에게 전해줍시다				
QUEST_UNUSED_20151022_001757	Derrota al Minotauro	미노타우르스 처치				
QUEST_UNUSED_20151022_001758	Habla con Chaser Talbasi	추적자 탈바시와 대화				
QUEST_UNUSED_20151022_001759	Ve a encontrarte con Chaser Talbasi en Paupys Crossing.	파우피스 나루에 있는 추적자 탈바시를 찾아가세요				
QUEST_UNUSED_20151022_001760	Habla con Chaser Pierneef	정보원 페르니프와 대화				
QUEST_UNUSED_20151022_001761	Habla con Chaser Pierneef	정보원 페르니프와 대화하세요				
QUEST_UNUSED_20151022_001762	Derrota a los monstruos que te rodean.	지역 몬스터 처치	QUEST_UNUSED_20150729_000346	Progress	진행	
QUEST_UNUSED_20151022_001763	Chaser Pierneef te pidió que derrotaras a los monstruos en los distritos 1 y 2.	정보원 페르니프는 1/2번 지역의 몬스터를 처치해달라고 부탁했습니다	QUEST_UNUSED_20150729_000346	Progress	진행	
QUEST_UNUSED_20151022_001764	Derrota a Lapezard	라페자드 처치	QUEST_JOBSTEP_20150323_002333	Defeat %s	%s 처치	
QUEST_UNUSED_20151022_001765	Derrota a Lapemiter	라페마이터 처치	QUEST_JOBSTEP_20150323_002333	Defeat %s	%s 처치	
QUEST_UNUSED_20151022_001766	Deshazte de los carros malolientes	악취나는 수레 처리				
QUEST_UNUSED_20151022_001767	Chaser Pierneef os pidió que eliminarais el vagón que difunde el mal olor en el 1º y 2º distrito.	정보원 페르니프는 1/2번 지역의 냄새나는 수레를 불태워서 없애달라고 부탁했습니다	QUEST_UNUSED_20150729_000346	Progress	진행	
QUEST_UNUSED_20151022_001768	Habla con Chaser Germeja	추적자 게르메이야와 대화				
QUEST_UNUSED_20151022_001769	Habla con Chaser Germeja	추적자 게르메이야와 대화하세요				
QUEST_UNUSED_20151022_001770	Usa el agente que atrae monstruos.	몬스터 유인제 사용				
QUEST_UNUSED_20151022_001771	Chaser Germeja te pidió que crearas conflictos entre monstruos ya que no hay suficientes manos.	추적자 게르메이야는 일손이 부족하니 몬스터들끼리 영역다툼을 일으켜보자고 합니다	QUEST_UNUSED_20150729_000346	Progress	진행	
QUEST_UNUSED_20151022_001772	Habla con Chaser Raitis	추적자 라이티스와 대화				
QUEST_UNUSED_20151022_001773	Habla con Chaser Raitis	추적자 라이티스와 대화하세요				
QUEST_UNUSED_20151022_001774	Chaser Raitis te ha pedido que derrotes a los monstruos que aparecen en el pasillo del distrito 4.	추적자 라이티스는 4번 지역 통로에 나타나는 몬스터들을 처리해달라고 부탁했습니다				
QUEST_UNUSED_20151022_001775	Destruye el hábitat de los monstruos.	몬스터 군락지 파괴				
QUEST_UNUSED_20151022_001776	Destruye el hábitat de los monstruos.	몬스터 군락지를 파괴하세요				
QUEST_UNUSED_20151022_001777	Derrota al Chafer que atacó de repente.	급습한 체이퍼 처치				
QUEST_UNUSED_20151022_001778	Habla con Chaser Talbasi	추적자 탈바시와 대화하세요				
QUEST_UNUSED_20151022_001779	Recoge las notas del sacerdote Gelija.	사제 겔리야의 쪽지 수집				
QUEST_UNUSED_20151022_001780	Recoge las notas del sacerdote Gelija derrotando a los monstruos que te rodean.	주변 몬스터들을 처치하여 사제 겔리야의 쪽지를 수집하세요	QUEST_UNUSED_20150729_000346	Progress	진행	
QUEST_UNUSED_20151022_001781	La nota del sacerdote Gelija	사제 겔리아의 쪽지				
QUEST_UNUSED_20151022_001782	Chaser Talbasi te pidió que buscaras en el escondite de los sacerdotes que fueron descubiertos recientemente antes de encontrarte con la agente Larena.	은거지 수색				
QUEST_UNUSED_20151022_001783	Chaser Talbasi te pidió que buscaras en el escondite de los sacerdotes que fueron descubiertos recientemente antes de encontrarte con la agente Larena.	추적자 탈바시는 정보원 라레나에게로 가기 전에 얼마 전 발견된 사제들의 은거지를 수색해달라고 부탁했습니다.				
QUEST_UNUSED_20151022_001784	Habla con la agente Larena	정보원 라레나와 대화				
QUEST_UNUSED_20151022_001785	Busca las huellas del sacerdote	정보원 라레나와 대화하세요				
QUEST_UNUSED_20151022_001786	Busca las huellas del sacerdote	사제들의 흔적 수색				
QUEST_UNUSED_20151022_001787	La agente Larena te pidió que tomaras el perro criado por los sacerdotes y buscaras las huellas de los sacerdotes alrededor.	정보원 라레나는 사제들이 기르던 개를 데리고 주변에서 사제들의 흔적을 찾아와 달라고 부탁했습니다	QUEST_UNUSED_20150729_000346	Progress	진행	
QUEST_UNUSED_20151022_001788	Habla con Chaser Sendal	추적자 센달과 대화				
QUEST_UNUSED_20151022_001789	Habla con Chaser Sendal	추적자 센달과 대화하세요				
QUEST_UNUSED_20151022_001790	Pranas del sacerdote de rescate	사제 프라나스 구출				
QUEST_UNUSED_20151022_001791	Chaser Sendal te ha pedido que rescates al sacerdote Pranas que fue capturado por los demonios.	추적자 센달은 마족에게 잡혀 위기에 처한 사제 프라나스를 구해달라고 부탁했습니다				
QUEST_UNUSED_20151022_001792	Habla con el sacerdote Pranas	사제 프라나스와 대화				
QUEST_UNUSED_20151022_001793	Habla con el sacerdote Pranas	사제 프라나스와 대화하세요				
QUEST_UNUSED_20151022_001794	Busque las huellas del obispo Urbonas	주교 우르보나스의 흔적 찾기				
QUEST_UNUSED_20151022_001795	El sacerdote Pranas te pidió que regresaras a Orsha después de encontrar las huellas de Urbonas en el escondite. Pranas regresó primero a Orsha debido a las heridas.	사제 프라나스는 은거지에서 주교 우르보나스의 흔적을 찾아서 오르샤로 돌아와 달라고 부탁했습니다. 프라나스는 부상 때문에 오르샤로 먼저 돌아갔습니다				
QUEST_UNUSED_20151022_001796	Habla con el agente Orwen	정보원 오르웬과 대화				
QUEST_UNUSED_20151022_001797	Habla con el agente Orwen	정보원 오르웬과 대화하세요				
QUEST_UNUSED_20151022_001798	El agente Orwen te ha pedido que derrotes a los monstruos que están perturbando las actividades de Misión de los agentes.	정보원 오르웬은 정보원들의 수색 활동 방해하는 몬스터들을 처치해달라고 부탁했습니다	QUEST_UNUSED_20150729_000346	Progress	진행	
QUEST_UNUSED_20151022_001799	Elimina el círculo mágico demoníaco.	마족 마법진 해체				
QUEST_UNUSED_20151022_001800	El agente Orwen te pidió que disolvieras los círculos mágicos demoníacos que se encuentran dispersos por los distritos 1 y 2.	정보원 오르웬은 1/2 지역에 분포한 마족의 마법진을 해체해 달라고 부탁했습니다	QUEST_UNUSED_20150729_000346	Progress	진행	
QUEST_UNUSED_20151022_001801	Habla con el Agente Notres	정보원 노토레스와 대화				
QUEST_UNUSED_20151022_001802	El agente Notres quiere comprobar si el tercer distrito es seguro para la emigración segura de los colonos que llegan a Orsha. Te preguntó si los monstruos que hay allí pueden ser derrotados.	정보원 노토레스는 오르샤로 몰려오는 이주민들의 안전한 이주를 위해 사전에 3번지역이 안전한지 확인해보려고 합니다. 해당 지역의 몬스터들이 처치할 수 있는 수준인지 알아봐달라고 부탁했습니다.				
QUEST_UNUSED_20151022_001803	Derrota a los monstruos en el pasillo.	통로의 몬스터 처치	QUEST_JOBSTEP_20150323_002333	Defeat %s	%s 처치	
QUEST_UNUSED_20151022_001804	Consulta la región del campamento.	캠프 지역 확인				
QUEST_UNUSED_20151022_001805	El agente Notres quiere comprobar si estaría bien descansar en el campamento del distrito 4 mientras los colonos se dirigen a Orsha. Comprobemos si el cuarto distrito de campamento es seguro.	정보원 노토레스는 이주민들이 오르샤로 향하는 동안 4번 장소의 캠프에서 쉬어도 좋을지 확인하고 싶다고 합니다. 4번 캠프 지역이 안전한지 확인해 봅시다				
QUEST_UNUSED_20151022_001806	Habla con el Agente Notres	정보원 노토레스와 대화하세요				
QUEST_UNUSED_20151022_001807	Derrota al monstruo jefe	보스 몬스터 처치	QUEST_JOBSTEP_20150323_002333	Defeat %s	%s 처치	
QUEST_UNUSED_20151022_001808	Recoge sangre corrupta	오염된 피 수집				
QUEST_UNUSED_20151022_001809	El agente Notres Notores te dijo que encontró las huellas de los demonios de los monstruos que se habían vuelto locos. Derrota a los monstruos, recoge su sangre contaminada y entrégasela al Agente Notres.	정보원 노토레스는 광포해진 몬스터들로부터 마족의 징후를 포착했다고 합니다. 몬스터들을 처치하여 그들의 오염된 피를 수집해서 정보원 노토레스에게 전달합시다	QUEST_UNUSED_20150729_000346	Progress	진행	
QUEST_UNUSED_20151022_001810	Habla con Chaser Zegaus	추적자 제가우스와 대화				
QUEST_UNUSED_20151022_001811	Habla con Chaser Zegaus	추적자 제가우스와 대화하세요				
QUEST_UNUSED_20151022_001812	Chaser Zegaus te pidió que derrotaras a los monstruos que lo rodean ya que está herido.	추적자 제가우스는 부상당한 자신들을 위해 주변 몬스터를 처치해달라고 부탁했습니다	QUEST_UNUSED_20150729_000346	Progress	진행	
QUEST_UNUSED_20151022_001813	Recupera los bolsillos de los cazadores.	추적자들의 주머니 회수				
QUEST_UNUSED_20151022_001814	Recupera los bolsillos de los cazadores.	추적자들의 주머니 회수하세요	QUEST_UNUSED_20150729_000346	Progress	진행	
QUEST_UNUSED_20151022_001815	El sacerdote Pranas te está esperando en la entrada de la prisión subterránea de Ashaq en Paupys Crossing.	사제 프라나스가 파우피스 나루의 아샤크 지하 감옥 입구에서 당신을 기다리고 있습니다				
QUEST_UNUSED_20151022_001816	Sigue al sacerdote Pranas	사제 프라나스 따라가기				
QUEST_UNUSED_20151022_001817	El sacerdote Pranas te dijo que primero iría al primer piso de la prisión subterránea de Ashaq. Siga a Priest Pranas hasta el primer piso de la prisión subterránea de Ashaq.	사제 프라나스는 동료들과 함께 아샤크 지하 감옥 1층으로 먼저 진입하겠다고 말했습니다. 아샤크 지하 감옥 1층으로 사제 프라나스를 따라가세요				
QUEST_UNUSED_20151022_001818	Habla con el sacerdote Pranas	사제 프라나스와 대화와 대화하세요				
QUEST_UNUSED_20151022_001819	Busca un método para aliviar el tótem de la maldición.	저주 토템을 해제할 방법 찾기				
QUEST_UNUSED_20151022_001820	El sacerdote Pranas te pidió que encontraras una manera de aliviar el tótem de la maldición.	사제 프라나스는 저주 토템을 해제할 방법을 찾아달라고 부탁했습니다				
QUEST_UNUSED_20151022_001821	Comprueba el tótem de la maldición	저주 토템 확인				
QUEST_UNUSED_20151022_001822	Has derrotado a suficientes demonios cercanos. Revisa el tótem de la maldición nuevamente.	주변의 마족들을 충분히 처리했습니다. 저주토템을 다시 확인해 봅시다				
QUEST_UNUSED_20151022_001823	Destruye el tótem de la maldición	저주 토템 파괴				
QUEST_UNUSED_20151022_001824	El sacerdote Pranas te pidió que destruyeras el tótem maldito que se encuentra en el camino al escondite de Urbonas usando el mismo método.	사제 프라나스는 같은 방식으로 우르보나스의 은거지로 가는 길에 설치되어 있는 저주 토템을 파괴해 달라고 부탁했습니다				
QUEST_UNUSED_20151022_001825	Elimina los fragmentos del tótem de la maldición.	저주 토템 파편 제거				
QUEST_UNUSED_20151022_001826	Alguien ha destruido el tótem de maldición que el sacerdote Pranas te pidió que eliminaras. Pero parece que esos fragmentos todavía están funcionando. Elimina los fragmentos del tótem de la maldición.	사제 프라나스가 처리해달라고 부탁한 저주 토템이 이미 누군가에 의해 파괴되어 있습니다. 하지만 그 파편들이 아직 작동하는 것 같습니다. 저주 토템의 파편들을 제거하세요				
QUEST_UNUSED_20151022_001827	Comprueba el tótem de la maldición	저주 토템 확인을 확인하세요				
QUEST_UNUSED_20151022_001828	Derrota al monstruo jefe que protege el tótem.	토템을 지키는 보스몬스터 처치	QUEST_UNUSED_20150729_000346	Progress	진행	
QUEST_UNUSED_20151022_001829	Mientras estabas destruyendo el tótem maldito como te pidió el Sacerdote Pranas, apareció el monstruo jefe que está tratando de proteger el tótem.	사제 프라나스가 부탁한 저주 토템을 파괴하는 중 토템을 지키려하는 보스몬트서가 나타났습니다				
QUEST_UNUSED_20151022_001830	Habla con Urbonas	우르보나스와 대화				
QUEST_UNUSED_20151022_001831	Habla con Urbonas	우르보나스와 대화와 대화하세요				
QUEST_UNUSED_20151022_001832	Habla con Urbonas	우르보나스와 대화하세요				
QUEST_UNUSED_20151022_001833	El obispo Urbonas te pidió que entraras en el círculo mágico y comprobaras si eres el verdadero Revelador.	주교 우르보나스는 그의 교단에서 계시자를 위해 준비한 마법진에 올라가서 계시자임을 확인해보라고 했습니다				
QUEST_UNUSED_20151022_001834	Habla con Chaser Torvana	추적자 토르바나와 대화				
QUEST_UNUSED_20151022_001835	Recoge esencias rojas	붉은 결정 수집				
QUEST_UNUSED_20151022_001836	Chaser Torvana te ha pedido que recolectes las esencias rojas que utilizan los demonios para ayudar a los agentes.	추적자 토르바나는 영주 직속 정보대원들에게 도움을 주기 위해 마족들이 사용하는 붉은 결정을 수집해달라고 부탁했습니다	QUEST_UNUSED_20150729_000346	Progress	진행	
QUEST_UNUSED_20151022_001837	Habla con Chaser Torvana	추적자 토르바나와 대화와 대화하세요				
QUEST_UNUSED_20151022_001838	Recoge piezas de madera negras	검은 나무 조각 수집				
QUEST_UNUSED_20151022_001839	Chaser Torvana te pidió que recolectaras las piezas del árbol negro, lo cual fue solicitado por el Comando de Inteligencia que pertenece al señor.	추적자 토르바나는 영주 직속 정보대에서 의뢰한 검은 나무 조각을 수집해달라고 부탁했습니다	QUEST_UNUSED_20150729_000346	Progress	진행	
QUEST_UNUSED_20151022_001840	Habla con Chaser Daramaus	추적자 다라마우스와 대화				
QUEST_UNUSED_20151022_001841	Consigue los bolsillos de los demonios.	마족 꾸러미 습득				
QUEST_UNUSED_20151022_001842	Chaser Daramaus te dijo que necesita investigar los bienes que utilizan los demonios. Derrota a los demonios para obtener los bolsillos de los demonios.	추적자 다라마우스는 영주 직속 정보대의 의뢰로 마족들이 사용하는 물건들을 조사해봐야 겠다고 합니다. 마족을 처치하여 마족 꾸러미를 습득하세요				
QUEST_UNUSED_20151022_001843	Investiga los bolsillos de los demonios.	마족 꾸러미 조사				
QUEST_UNUSED_20151022_001844	Como te pidió Chaser Daramaus, has obtenido suficientes bolsillos de demonios. Usa los bolsillos y cuéntale sus efectos a Daramaus.	추적자 다라마우스가 의뢰한 대로 마족 꾸러미를 충분히 모았습니다. 마족 꾸러미를 사용해보고 그 효롸를 다라마우스에게 알려줍시다				
QUEST_UNUSED_20151022_001845	Habla con Chaser Daramaus	추적자 다라마우스와 대화와 대화하세요	ETC_20150317_001977	Complete	완료	
QUEST_UNUSED_20151022_001846	Ve al segundo piso de la prisión subterránea de Ashaq siguiendo a Priest Pranas	사제 프라나스를 따라 아샤크 지하 감옥 2층으로 가세요				
QUEST_UNUSED_20151022_001847	El sacerdote Pranas te pidió que destruyeras el tótem de maldición que se encuentra en el segundo piso de la prisión subterránea de Ashaq.	사제 프라나스는 아샤크 지하 감옥 2층에 설치되어 있는 저주 토템을 파괴해달라고 부탁했습니다				
QUEST_UNUSED_20151022_001848	Sacerdote rescatador Irma	사제 이르마 구출				
QUEST_UNUSED_20151022_001849	El sacerdote Pranas te pidió que rescataras al sacerdote Irma que está aislado en el tercer distrito.	사제 프라나스는 3번 구역에 고립된 사제 이르마를 구출해달라고 부탁했습니다				
QUEST_UNUSED_20151022_001850	Habla con el sacerdote Irma.	사제 이르마와 대화와 대화하세요				
QUEST_UNUSED_20151022_001851	Destruye el tótem de vigilancia.	감시 토템 파괴				
QUEST_UNUSED_20151022_001852	La sacerdotisa Irma quiere destruir el tótem de vigilancia y dirige la atención del Señor Demonio Marnox a otra dirección y recuperar las instrucciones escritas de los demonios que se encuentran en el tercer piso de la prisión subterránea de Ashaq. Destruye el tótem de vigilancia.	사제 이르마는 감시 토템을 파괴하여 마군주 마르녹스의 관심을 다른 곳으로 돌리고 아샤크 지하 감옥 3층의 마족 지령서를 회수하러 가자고 합니다. 감시 토템을 파괴하세요				
QUEST_UNUSED_20151022_001853	La sacerdotisa Irma quiere destruir el tótem de vigilancia y dirige la atención del Señor Demonio Marnox a otra dirección y recuperar las instrucciones escritas de los demonios que se encuentran en el tercer piso de la prisión subterránea de Ashaq. Recoge las piedras demoníacas inestables cerca del segundo tótem de vigilancia y fíjalas para destruirlo.	사제 이르마는 감시 토템을 파괴하여 마군주 마르녹스의 관심을 다른 곳으로 돌리고 아샤크 지하 감옥 3층의 마족 지령서를 회수하러 가자고 합니다. 두 번째 감시토템 주변의 불안정한 마석을 수집하여 감시 토템에 부착하여 파괴하세요				
QUEST_UNUSED_20151022_001854	Habla con Gelija	겔리야와 대화				
QUEST_UNUSED_20151022_001855	Habla con Gelija	겔리야와 대화와 대화하세요				
QUEST_UNUSED_20151022_001856	Habla con el Sacerdote Auranas	사제 아우라나스와 대화				
QUEST_UNUSED_20151022_001857	Habla con el Sacerdote Auranas	사제 아우라나스와 대화와 대화하세요				
QUEST_UNUSED_20151022_001858	Recoge polvo de perlas centelleantes	반짝이는 진주가루 수집				
QUEST_UNUSED_20151022_001859	El sacerdote Auranas trajo varias trampas y bienes a pedido de Urbonas para preparar días como hoy. Auranas te dijo que si podías recolectar polvo de perlas brillantes del primer distrito, él haría bienes útiles para luchar contra los demonios.	사제 아우라나스는 우르보나스의 요청으로 오늘과 같은 일이 일어날 때를 대비하여 아샤크 지하 감옥을 맡아서 각종 함정과 물품들을 준비해 왔다고 합니다. 아우라나스가 준비해둔 반짝이는 진주가루를 1번 지역에서 수집해오면 마족들을 처리하는 데 유용한 물건을 만들어 준다고 합니다				
QUEST_UNUSED_20151022_001860	Derrota a los demonios	마족 처리				
QUEST_UNUSED_20151022_001861	El sacerdote Auranas te dijo que cuando uses los orbes que están hechos de perlas, podrás encontrar los demonios de alto rango. Cuando uses los orbes, podrás unir a los demonios de alto rango y los espíritus de los demonios subordinados y, si derrotas a los demonios de alto rango, podrás derrotar a los demonios subordinados simultáneamente.	사제 아우라나스는 진주로 만든 보주를 사용하면 마족들 중에서 서열이 높은 마족을 발견할 수 있을 거라고 합니다. 진주로 만든 보주를 사용하면 서열 높은 마족과 부하 마족의 영혼을 묶을 수 있으며 서열 높은 마족을 처리하면 부하 마족도 동시에 처리할 수 있을 거라고 합니다				
QUEST_UNUSED_20151022_001862	Derrota a los demonios de alto rango	서열 높은 마족 처치				
QUEST_UNUSED_20151022_001863	Habla con el sacerdote Draznie	사제 드라즈니에와 대화				
QUEST_UNUSED_20151022_001864	Habla con el sacerdote Draznie	사제 드라즈니에와 대화와 대화하세요				
QUEST_UNUSED_20151022_001865	El sacerdote Draznie te pidió que derrotaras a los demonios que se precipitaron hacia el tercer distrito.	사제 드라즈니에는 자신들이 은거지로 사용하던 3번 지역에 침범한 마족들을 처리해 달라고 부탁했습니다.	QUEST_UNUSED_20150729_000346	Progress	진행	
QUEST_UNUSED_20151022_001866	Atrae a los demonios a las trampas.	함정으로 마족 유인	QUEST_UNUSED_20150729_000346	Progress	진행	
QUEST_UNUSED_20151022_001867	Priest Draznie te dijo que ha llegado el momento de usar la trampa con Priest Auranas. Si pudieras llevar a los demonios a la trampa instalada en la sala venenosa del 4to distrito, podrías derrotarlos.	사제 드라즈니에는 사제 아우라나스와 준비한 함정을 사용할 때가 됐다고 합니다. 큰 노력을 들이지 않고 마족들을 4번 지역의 독방에 설치된 함정까지만 데려가면 마족들을 처리할 수 있을 거라고 합니다	QUEST_UNUSED_20150729_000346	Progress	진행	
QUEST_UNUSED_20151022_001868	Habla con el sacerdote Gelija	사제 겔리야와 대화				
QUEST_UNUSED_20151022_001869	Habla con el sacerdote Gelija	사제 겔리야와 대화와 대화하세요				
QUEST_UNUSED_20151022_001870	El sacerdote Irma te dijo que debería ir al lugar donde se esconden las instrucciones escritas de los demonios, pero debido al tótem de maldición, no tiene poder para decir el hechizo. Destruye el tótem de la maldición y ayuda a Iruma.	사제 이르마는 마족 지령서를 숨겨둔 장소로 가야하는데 저주 토템 때문에 주문을 외울 힘이 없다고 합니다. 저주 토템을 파괴하여 이르마를 도와줍시다				
QUEST_UNUSED_20151022_001871	La sacerdotisa Irma te pidió que destruyeras el tótem de vigilancia en el tercer distrito para desviar la atención de Marnox, que debe estar en algún lugar del tercer piso de la prisión subterránea de Ashaq.	사제 이르마는 아샤크 지하 감옥 3층 어딘가에 있을 마르녹스의 눈을 돌리기 위해 3번 지역의 감시 토템을 파괴해달라고 부탁했습니다				
QUEST_UNUSED_20151022_001872	Habla con Inesa Hamondale	이네사 해먼데일와 대화				
QUEST_UNUSED_20151022_001873	Habla con Inesa Hamondale	이네사 해먼데일와 대화와 대화하세요				
QUEST_UNUSED_20151022_001874	El sacerdote Gelija te pidió que destruyeras los tótems malditos que quedan en el primer distrito del tercer piso de la prisión subterránea de Ashaq.	사제 겔리야는 아샤크 지하 감옥 3층의 1번 지역에 남아있는 저주 토템들을 파괴해달라고 부탁했습니다	QUEST_UNUSED_20150729_000346	Progress	진행	
QUEST_UNUSED_20151022_001875	Recuperar la bolsa del sacerdote.	사제의 가방 회수				
QUEST_UNUSED_20151022_001876	El sacerdote Gelija os pidió que recuperarais los bienes de los colegas que desaparecieron en la prisión subterránea de Ashaq.	사제 겔리야는 아샤크 지하 감옥에서 행방불명된 동료들의 물품을 회수해달라고 부탁했습니다	QUEST_UNUSED_20150729_000346	Progress	진행	
QUEST_UNUSED_20151022_001877	Purifica las piezas del tótem de la maldición.	저주 토템 조각 정화	QUEST_UNUSED_20150729_000346	Progress	진행	
QUEST_UNUSED_20151022_001878	El sacerdote Gelija te pidió que borraras la energía demoníaca por completo usando el vendaje húmedo que se mojó con el agua sagrada y las piezas del tótem de maldición destruidas.	사제 겔리야는 성수에 적신 붕대를 사용하여 파괴된 저주 토템 조각들에 사용하여 마기를 깨끗이 지워달라고 부탁했습니다	QUEST_UNUSED_20150729_000346	Progress	진행	
QUEST_UNUSED_20151022_001879	Habla con el submaster espadachín.	소드맨 서브 마스터와 대화				
QUEST_UNUSED_20151022_001880	Habla con el submaestro espadachín en Orsha.	오르샤에서 소드맨 서브 마스터와 대화하세요.				
QUEST_UNUSED_20151022_001881	Derrota a Lapes en el cruce de Paupys.	파우피스 나루에서 라페 처치하기				
QUEST_UNUSED_20151022_001882	Submaestro Espadachín te pidió que derrotaras a Lapflammer y Lapeman en Paupys Crossing para comprobar las habilidades del Revelator.	소드맨 서브 마스터는 계시자의 실력을 확인하기 위해 파우피스 나루에서 라플래머와 라페먼을 처치하라고 합니다.				
QUEST_UNUSED_20151022_001883	Informe al subdirector Swodsman	소드맨 서브 마스터에게 보고				
QUEST_UNUSED_20151022_001884	Has derrotado a suficientes monstruos. Vuelve con Submaestro Espadachín e informa.	정해진 수만큼 몬스터를 처치했습니다. 소드맨 서브 마스터에게 돌아가 보고하세요.				
QUEST_UNUSED_20151022_001885	Derrota a Lapflammer	라플래머 처치				
QUEST_UNUSED_20151022_001886	Derrota a Lapeman	라페먼 처치				
QUEST_UNUSED_20151022_001887	Las posibilidades de una espada a dos manos [Avance del montañés]	양손검의 가능성[하이랜더 전직]				
QUEST_UNUSED_20151022_001888	Habla con el Submaster Highlander	하이랜더 서브 마스터와 대화				
QUEST_UNUSED_20151022_001889	Habla con Submaestro Highlander en Lemprasa Pond	렘파라사 연못에서 하이랜더 서브 마스터와 대화하세요.				
QUEST_UNUSED_20151022_001890	Demuestra tu fuerza golpeando el hechizo de práctica de espada	검 연습대를 쳐서 힘을 증명하기				
QUEST_UNUSED_20151022_001891	Submaestro Highlander sospecha si el Revelator tiene suficiente poder para controlar las espadas de dos manos. Demuestra tu fuerza golpeando el poste de práctica cercano.	하이랜더 서브 마스터는 계시자가 양손검을 다룰 힘이 있는지 의심하고 있습니다. 근처의 검 연습대를 상대로 그 힘을 증명하세요.				
QUEST_UNUSED_20151022_001892	Informe al subdirector Highlander	하이랜더 서브 마스터에게 보고				
QUEST_UNUSED_20151022_001893	Parece que has demostrado tu suficiente poder. Habla con el Submaster Highlander.	이 정도면 충분히 자신의 힘을 보여준 것 같습니다. 하이랜더 서브 마스터와 다시 대화하세요.				
QUEST_UNUSED_20151022_001894	Para ser reconocido como Highlander no basta con serlo. Habla con el Submaestro Highlander nuevamente.	하이랜더로 인정받기에는 아직 충분치 않은 모양입니다. 다시 하이랜더 서브 마스터와 대화하세요.				
QUEST_UNUSED_20151022_001895	Derrota a Lapflammer en Paupys Crossing.	파우피스 나루의 라플래머를 처치하기				
QUEST_UNUSED_20151022_001896	Has derrotado a Lapflammer según las instrucciones. Vuelve a Submaestro Highlander e informa.	그 힘을 실전에서 능숙하게 사용하는지를 판단하기 위해, 하이랜더 서브 마스터는 파우피스 나루의 라플래머들을 처치하고 오라고 합니다.				
QUEST_UNUSED_20151022_001897	Has derrotado a Lapflammer según las instrucciones. Vuelve a Submaestro Highlander e informa.	지시받은만큼 라플래머를 처치하였습니다. 하이랜더 서브 마스터에게 돌아가 보고하세요.				
QUEST_UNUSED_20151022_001898	Habla con Submaestro Peltasta	펠타스타 서브 마스터와 대화				
QUEST_UNUSED_20151022_001899	Habla con Submaestro Peltasta en Orsha	오르샤에서 펠타스타 서브 마스터와 대화하세요.				
QUEST_UNUSED_20151022_001900	Reúna decoraciones de metal y madera de Lapeman	라페먼의 쇠장식과 쓸만한 목재 구해오기				
QUEST_UNUSED_20151022_001901	Submaestro Peltasta te dijo que trajeras los materiales del escudo. Recoge los árboles útiles y los símbolos de Lapeman de Paupys Crossing.	펠타스타 서브 마스터는 방패의 재료들을 구해오라고 합니다. 파우피스 나루에서 라페먼의 쇠장식과 쓸만한 나무를 모으세요.				
QUEST_UNUSED_20151022_001902	Informe al subdirector Peltasta	펠타스타 서브 마스터에게 보고				
QUEST_UNUSED_20151022_001903	Parece que has reunido suficientes materiales. Vuelve a Submaestro Peltasta e informa.	재료를 충분히 모은 것 같습니다. 펠타스타 서브 마스터에게 돌아가 보고하세요.				
QUEST_UNUSED_20151022_001904	Busca a %s en el bosque	나무 토막들을 조사해 %s 찾아내기				
QUEST_UNUSED_20151022_001905	Obtener %s de Lapeman	라페먼으로부터 %s 획득하기				
QUEST_UNUSED_20151022_001906	Habla con el clérigo submaestro en Orsha.	오르샤에서 클레릭 서브 마스터와 대화하세요.				
QUEST_UNUSED_20151022_001907	Derrota a Lapes en el Bosque de los Puentes Enlazados.	덧댄다리 숲의 라페 처치				
QUEST_UNUSED_20151022_001908	El clérigo subdirector te ha pedido que elimines a los Lapezards y Lapefighters que aterrorizan a la gente en el Bosque de los Puentes Enlazados.	클레릭 서브 마스터는 사람들을 괴롭히는 덧댄다리 숲의 라페자드와 라페마이터들을 소탕해 줄 것을 요청했습니다.				
QUEST_UNUSED_20151022_001909	Informe al clérigo subdirector	클레릭 서브 마스터에게 보고				
QUEST_UNUSED_20151022_001910	Limpiaste suficientes Lapes. Regresa con el clérigo submaestro.	라페들을 충분히 혼내 준 듯 합니다. 클레릭 서브 마스터에게 돌아가 보고하세요.				
QUEST_UNUSED_20151022_001911	Derrota a Lapezards y Lapefighters.	라페자드와 라페마이터 처치				
QUEST_UNUSED_20151022_001912	Habla con el submaster de Krivis	크리비 서브 마스터와 대화				
QUEST_UNUSED_20151022_001913	Habla con Submaestro Krivis en Orsha	오르샤에서 크리비 서브 마스터와 대화하세요.				
QUEST_UNUSED_20151022_001914	Caza a los monstruos, llena la energía de la antorcha y enciende la antorcha.	몬스터들을 사냥해 성화의 기운을 채우고 성화대에 불 붙이기				
QUEST_UNUSED_20151022_001915	Derrota a los monstruos para llenar de energía las joyas. Enciende la antorcha junto a Submaestro Krivis con cristal completo.	몬스터들을 처치하여 주어진 보석에 기운을 채우세요. 충만한 수정으로 크리비 서브 마스터 곁의 성화대에 불을 붙이세요.				
QUEST_UNUSED_20151022_001916	Informe al subdirector de Krivis	크리비 서브 마스터에게 보고				
QUEST_UNUSED_20151022_001917	La antorcha arde bien. Preséntate ante el subdirector Krivis.	성화대가 성공적으로 타오르고 있습니다. 크리비 서브 마스터에게 보고하세요.				
QUEST_UNUSED_20151022_001918	Habla con el Submaestro Sacerdote	프리스트 서브 마스터와 대화				
QUEST_UNUSED_20151022_001919	Habla con el Submaestro Sacerdote en Orsha	오르샤에서 프리스트 서브 마스터와 대화하세요.				
QUEST_UNUSED_20151022_001920	Recibe la bendición de Cleric, Krivi y Bokor Submasters.	클레릭, 크리비, 보코르 서브 마스터들에게 축복받기				
QUEST_UNUSED_20151022_001921	El Sacerdote Submaestro te pidió que recibieras las bendiciones de los Submaestros Clérigo, Krivi y Bokor en Orsha en el agua sagrada.	프리스트 서브 마스터는 성수에 오르샤에 있는 클레릭, 크리비, 보코르 서브 마스터들의 축복을 각각 받아오라고 합니다.				
QUEST_UNUSED_20151022_001922	Informe al sacerdote subdirector	프리스트 서브 마스터에게 보고				
QUEST_UNUSED_20151022_001923	Has recibido todas las bendiciones. Vuelve con Submaestro Sacerdote e informa.	모든 축복을 받았습니다. 프리스트 서브 마스터에게 돌아가 보고하세요.				
QUEST_UNUSED_20151022_001924	Submaestro Espadachín te pidió que derrotaras a Yognomes en 63_3 de Bracken Forest.	고사리 숲 63_3에서 요노움 처치				
QUEST_UNUSED_20151022_001925	Submaestro Espadachín te pidió que derrotaras a Yognomes en 63_3 de Bracken Forest.	소드맨 서브 마스터는 보다 강한 경지에 올라서려면 고사리 숲 63_3에서 요노움을 처치하라고 합니다.				
QUEST_UNUSED_20151022_001926	Has derrotado a Yognomes. Vuelve con Submaestro Espadachín e informa.	정해진 요노움들을 처치했습니다. 소드맨 서브 마스터에게 돌아가 보고하세요.				
QUEST_UNUSED_20151022_001927	Submaestro Highlander te pidió que derrotaras a Yognomes en 63_3 de Bracken Forest para ver cuánto has crecido.	하이랜더 서브 마스터는 계시자가 얼마나 성장했는지 판단하기 위해 고사리 숲 63_3에서 요노움들을 처치하고 오라고 합니다.				
QUEST_UNUSED_20151022_001928	Esto parece suficiente. Vuelve a Submaestro Highlander e informa.	이 정도면 충분한 것 같습니다. 하이랜더 서브 마스터에게 돌아가 보고하세요.				
QUEST_UNUSED_20151022_001929	Derrota a los monstruos en 63_3 de Bracken Forest con el escudo equipado y recoge las esencias.	방패를 착용한 상태에서 고사리 숲 63_3의 몬스터들을 처치하고 결정 모으기				
QUEST_UNUSED_20151022_001930	Submaestro Peltasta quiere ver qué tan bien usas el escudo. Caza a los monstruos mientras estás equipado con un escudo en 63_3 de Bracken Forest y recolecta las esencias.	펠타스타 서브 마스터는 방패의 활용능력을 보겠다고 합니다. 고사리 숲 63_3에서 방패를 착용한 채로 몬스터를 사냥하고 결정을 모으세요.				
QUEST_UNUSED_20151022_001931	Pudiste recolectar la cantidad especificada de esencias. Vuelve a Submaestro Peltasta e informa.	정해진 수의 결정을 모을 수 있었습니다. 펠타스타 서브 마스터에게 돌아가 보고하세요.				
QUEST_UNUSED_20151022_001932	Derrota a los monstruos en 63_3 de Bracken Forest y recolecta %s	고사리 숲 63_3에서 몬스터들을 해치우고 %s을 모으기				
QUEST_UNUSED_20151022_001933	Habla con el maestro hoplita en Orsha	오르샤에서 하플라이트 마스터와 대화하세요.				
QUEST_UNUSED_20151022_001934	El Maestro Hoplita te pidió que derrotaras a Yognomes en 63_3 de Bracken Forest.	하플라이트 마스터는 고사리 숲 63_3에서 요노움들을 처치하고 오라고 합니다.				
QUEST_UNUSED_20151022_001935	Habla con el Submaster Bárbaro	일정수의 요노움들을 처치하였습니다. 하플라이트 마스터에게 돌아가 보고하세요.				
QUEST_UNUSED_20151022_001936	Habla con el Submaster Bárbaro	바바리안 서브 마스터와 대화				
QUEST_UNUSED_20151022_001937	Habla con el Submaster Bárbaro en Paupys Crossing	파우피스 나루에서 바바리안 서브 마스터와 대화하세요.				
QUEST_UNUSED_20151022_001938	Derrota a Yognomes en 63_3 de Bracken Forest.	고사리 숲 63_3의 요노움 처치				
QUEST_UNUSED_20151022_001939	Submaestro Bárbaro quiere conocer tu beligerancia. Derrota a Yognomes en 63_3 de Bracken Forest para demostrar tu beligerancia.	바바리안 서브 마스터는 호전성을 알아보겠다고 합니다. 고사리 숲 63_3의 요노움을 해치우고 증명해 보이세요.				
QUEST_UNUSED_20151022_001940	Reportar al Submaster Bárbaro	바바리안 서브 마스터에게 보고				
QUEST_UNUSED_20151022_001941	Has derrotado a Yognomes. Vuelve con Submaestro Bárbaro e informa.	요노움들을 처치하였습니다. 바바리안 서브 마스터에게 돌아가 보고하세요.				
QUEST_UNUSED_20151022_001942	Derrota a Yognomes	요노움 처치하기				
QUEST_UNUSED_20151022_001943	Cura a los refugiados en el estanque de Lemprasa con el ungüento.	연고로 렘파라사 연못의 피난민들 치료하기				
QUEST_UNUSED_20151022_001944	El clérigo Submaster te pidió que curaras a los refugiados en el estanque Lemprasa. Ayúdalos con el ungüento que has recibido.	클레릭 서브 마스터는 렘파라사 연못에서 부상당한 피난민들을 치료해 달라고 합니다. 받은 연고를 사용해 그들을 도와주세요.				
QUEST_UNUSED_20151022_001945	Parece que ya no hay pacientes emergentes. Vuelve con Maestro Clérigo e informa.	위급한 환자는 더 이상 없는 것 같습니다. 클레릭 서브 마스터에게 돌아가 보고하세요.				
QUEST_UNUSED_20151022_001946	Reza frente a las estatuas de las diosas en el estanque Lemprasa, Linked Bridges y Paupys Crossing.	렘파라사 연못, 덧댄다리 숲, 파우피스 나루의 여신상 참배				
QUEST_UNUSED_20151022_001947	Ya has orado por completo. Vuelve con Maestro Krivis e informa.	크리비 서브 마스터는 렘파라사 연못과 덧댄다리 숲, 그리고 파우피스 나루에 있는 여신상들을 찾아가 각각 봉헌품을 올리고 참배하라고 합니다.				
QUEST_UNUSED_20151022_001948	Ya has orado por completo. Vuelve con Maestro Krivis e informa.	모든 참배를 마쳤습니다. 크리비 마스터에게 돌아가 보고하세요.				
QUEST_UNUSED_20151022_001949	Obtenga hierbas del estanque Lemprasa, Linked Bridges y Paupys Crossing.	렘파라사 연못, 덧댄다리 숲, 파우피스 나루에서 각각 약초를 구하기				
QUEST_UNUSED_20151022_001950	Adquiriste todas las hierbas. Entrégaselos al Submaestro Sacerdote.	프리스트 서브 마스터는 연고의 재료로 렘파라사 연못과 덧댄다리 숲, 그리고 파우피스 나루에서 각각 약초를 구해오라고 합니다.				
QUEST_UNUSED_20151022_001951	Adquiriste todas las hierbas. Entrégaselos al Submaestro Sacerdote.	지시받은 약초를 모두 구했습니다. 프리스트 서브 마스터에게 가져다 주세요.				
QUEST_UNUSED_20151022_001952	Excava %s de 63_1 del bosque de helechos	고사리 숲 63_1에서 %s 캐기				
QUEST_UNUSED_20151022_001953	Excava %s de 63_2 del bosque de helechos	고사리 숲 63_2에서 %s 캐기				
QUEST_UNUSED_20151022_001954	Excava %s de 63_3 del bosque de helechos	고사리 숲 63_3에서 %s 캐기				
QUEST_UNUSED_20151022_001955	Habla con Submaestro Bokor	보코르 서브 마스터와 대화				
QUEST_UNUSED_20151022_001956	Habla con Submaestro Bokor en Orsha	오르샤에서 보코르 서브 마스터와 대화하세요.				
QUEST_UNUSED_20151022_001957	Crea Bokor Doll recogiendo los materiales.	재료를 모아 보코르 인형 만들기				
QUEST_UNUSED_20151022_001958	Has recibido la receta de la muñeca. Recoge los materiales que se indican en la receta y haz la muñeca Bokor.	인형의 제작서를 받았습니다. 제작서를 참고해 재료를 모아 보코르 인형을 만들어내세요.				
QUEST_UNUSED_20151022_001959	Informe al subdirector de Bokor	보코르 서브 마스터에게 보고				
QUEST_UNUSED_20151022_001960	Has logrado crear una muñeca. Vuelve a Submaestro Bokor e informa.	인형을 만드는 데 성공하였습니다. 보코르 서브 마스터에게 돌아가 보고하세요.				
QUEST_UNUSED_20151022_001961	Necesitarías herramientas para crear algo [Avance de Dievdirbys]	창작에는 도구가 필요하지[딥디르비 전직]				
QUEST_UNUSED_20151022_001962	Habla con el submaster de Dievdirbys	딥디르비 서브 마스터와 대화				
QUEST_UNUSED_20151022_001963	Habla con Submaestro Dievdirbys en Linked Bridges Forest	덧댄다리 숲에서 딥디르비 서브 마스터와 대화하세요.				
QUEST_UNUSED_20151022_001964	Ve a encontrarte con el herrero en Orsha para pasar la solicitud del Submaster de Dievdirby.	딥디르비 서브 마스터의 부탁을 전달하기 위해 오르샤 대장장이를 찾아가세요.				
QUEST_UNUSED_20151022_001965	Habla con el herrero de Orsha y pregúntale sobre los materiales necesarios.	오르샤의 대장장이와 대화하고 필요한 재료를 물어보세요.				
QUEST_UNUSED_20151022_001966	Recoge los trozos de platos de Yognomes en 63_3 de Bracken Forest.	고사리 숲 63_3의 요노움에게서 금속 덩어리 모으기				
QUEST_UNUSED_20151022_001967	Derrota a Yognomes en 63_3 de Bracken Forest y recoge los trozos de platos.	고사리 숲 63_3의 요노움을 처치하고 금속 덩어리를 모으세요.				
QUEST_UNUSED_20151022_001968	Pasa los trozos de platos al herrero en Orsha.	오르샤 대장장이에게 금속 덩어리 전달				
QUEST_UNUSED_20151022_001969	Adquirió suficientes trozos de platos. Entrégaselos al herrero de Orsha.	충분한 금속 덩어리를 얻었습니다. 오르샤 대장장이에게 전달하세요.				
QUEST_UNUSED_20151022_001970	Recoge %s de Yognomes	요노움으로부터 %s 수집				
QUEST_UNUSED_20151022_001971	Habla con el herrero en Orsha y recibe el cincel.	오르샤의 대장장이와 대화하고 조각용 끌을 받으세요.				
QUEST_UNUSED_20151022_001972	Pasa el cincel al Submaster de Dievdirbys.	딥디르비 서브 마스터에게 끌 전달				
QUEST_UNUSED_20151022_001973	Pasa el cincel al Submaster de Dievdirbys.	조각용 끌을 딥디르비 서브 마스터에게 전달하세요.				
QUEST_UNUSED_20151022_001974	Pasa %s al submaster de Dievdirbys	딥디르비 서브 마스터에게 %s 전달				
QUEST_UNUSED_20151022_001975	Derrota a los monstruos usando las habilidades de Highlander.	하이랜더의 기술을 사용해서 몬스터 처치				
QUEST_UNUSED_20151022_001976	Submaestro Highlander quiere comprobar cuánto has aprendido hasta ahora. Derrota a los monstruos usando las habilidades de Highlander.	하이랜더 서브 마스터는 그간 계시자가 하이랜더의 기술을 얼마나 갈고닦았는지 확인하고 싶어 합니다. 하이랜더 기술을 사용해서 몬스터를 처치하세요.				
QUEST_UNUSED_20151022_001977	Has usado mucho las habilidades. Vuelve a Submaestro Highlander e informa.	기술을 실컷 사용해 보았습니다. 하이랜더 서브 마스터에게 돌아가 보고하세요.				
QUEST_UNUSED_20151022_001978	Derrota a Chapparition en Karolis Springs.	카롤리스 샘터의 채퍼리션 처치				
QUEST_UNUSED_20151022_001979	Derrota a Chapparition en Karolis Springs para avanzar.	승급을 위해 카롤리스 샘터에서 채퍼리션을 처치하세요.				
QUEST_UNUSED_20151022_001980	Has logrado derrotar a Chapparition. Vuelve a Submaestro Peltasta e informa.	채퍼리션을 처치하는 데 성공했습니다. 펠타스타 서브 마스터에게 돌아가 보고하세요.				
QUEST_UNUSED_20151022_001981	Derrota a Sparnasman en 64_2 del Monasterio de Bracken.	고사리 수도원64_2의 스파나스맨 처치				
QUEST_UNUSED_20151022_001982	Hoplita te dijo que los monstruos que perdiste hace mucho tiempo están molestando a los humanos. Derrota a Sparnasman en 64_2 del Monasterio Bracken y tráeme el extremo roto de la lanza del maestro.	하플라이트는 오래전 놓친 몬스터가 다시 사람들을 괴롭히고 있다고 합니다. 고사리 수도원64_2에서 스파나스맨을 처치하고 마스터의 부러진 창 끝을 가져다 주세요.				
QUEST_UNUSED_20151022_001983	Has encontrado el extremo roto de la lanza del maestro. Devuélveselo al maestro hoplita.	마스터의 부러진 창 끝을 찾았습니다. 하플라이트 마스터에게 돌려 주세요.				
QUEST_UNUSED_20151022_001984	Obtener %s de Sparnasman	스파나스맨에게서 %s 획득하기				
QUEST_UNUSED_20151022_001985	Derrota a los monstruos en Feretory Hills con el estado básico.	기본 상태에서 페레토리 구릉의 몬스터 처치				
QUEST_UNUSED_20151022_001986	Submaestro Bárbaro quiere que derrotes a los monstruos en Feretory Hills sin ningún efecto de mejora.	바바리안 서브 마스터는 아무런 강화효과 없는 기본 상태에서 페레토리 구릉의 몬스터들을 처치해 보라고 합니다.				
QUEST_UNUSED_20151022_001987	Parece que has pasado la tarea de Submaster Bárbaro. Vuelve con él e infórmalo.	바바리안 서브 마스터의 과제를 통과한 것 같습니다. 그에게 돌아가 보고하세요.				
QUEST_UNUSED_20151022_001988	Habla con el Maestro Rodelero en Orsha.	오르샤에서 로델레로 마스터와 대화하세요.				
QUEST_UNUSED_20151022_001989	Maestro Rodelero quiere que lleves el escudo avanzado hasta unos 4 niveles. Mejora el equipo tipo escudo y obtén el reconocimiento de Maestro Rodelero.	로렐레로 마스터는 4단계 정도 강화된 방패를 가져오라고 합니다. 방패 계열 장비를 강화해 로델레로 마스터의 인정을 받으세요.				
QUEST_UNUSED_20151022_001990	Habla con Maestro Catafracto en Orsha.	오르샤에서 캐터프랙트 마스터와 대화하세요.				
QUEST_UNUSED_20151022_001991	Derrota a los monstruos tipo Bestia en Feretory Hills.	페레토리 구릉의 야수 몬스터를 처치				
QUEST_UNUSED_20151022_001992	Derrota a los monstruos tipo Bestia en Feretory Hills y demuestra tus habilidades a Maestro Catafracto.	페레토리 구릉에서 야수형 몬스터들을 처치하고 캐터프랙트 마스터에게 실력을 증명하세요.				
QUEST_UNUSED_20151022_001993	Esto sería suficiente. Vuelve a Maestro Catafracto e informa.	이 정도면 충분한 것 같습니다. 캐터프랙트 마스터에게 돌아가 보고하세요.				
QUEST_UNUSED_20151022_001994	Purifica a los monstruos heridos con el poder de la joya.	상처입은 몬스터를 보석의 힘으로 정화하기				
QUEST_UNUSED_20151022_001995	Lucha contra los monstruos en Feretory Hills, hazles daño y purifica a los monstruos usando la joya. Recoge las cenizas de los monstruos después de la purificación.	페레토리 구릉의 몬스터들과 전투하여 상처를 입힌 다음 주어진 보석을 사용해 몬스터를 정화해야 합니다. 정화후 몬스터의 재를 모으세요.				
QUEST_UNUSED_20151022_001996	Las cenizas de los monstruos ya se han recogido bastante. Devuélvelos a Maestro Krivis.	몬스터의 재가 충분히 모였습니다. 크리비 서브 마스터에게 가져다 주세요.				
QUEST_UNUSED_20151022_001997	Purifica los monstruos y recolecta %s	몬스터를 정화하고 %s 수집하기				
QUEST_UNUSED_20151022_001998	Derrota a los monstruos en Feretory Hills.	페레토리 구릉의 몬스터 처치				
QUEST_UNUSED_20151022_001999	Derrota a los monstruos de Feretory Hills para demostrar que puedes protegerte mientras viajas.	여행 중 자신의 몸을 능히 지킬 수 있다는 것을 증명하기 위해 페레토리 구릉의 몬스터들을 처치하세요.				
QUEST_UNUSED_20151022_002000	Ahora, Submaestro Sacerdote se sentirá aliviado con esto. Vuelve con ella e infórmalo.	이 정도면 프리스트 서브 마스터도 안심할 것 같습니다. 그녀에게 돌아가 보고하세요.				
QUEST_UNUSED_20151022_002001	Ahora, ve a encontrarte con Submaestro Bokor en Orsha.	오르샤에 있는 보코르 서브 마스터를 찾아가세요.				
QUEST_UNUSED_20151022_002002	Submaestro Bokor te pidió que trajeras las cartas que puedes obtener de los monstruos jefes.	보코르 서브 마스터는 보스 몬스터에게 얻을 수 있는 카드를 가져 오라고 합니다.				
QUEST_UNUSED_20151022_002003	Entrega las cartas a Submaestro Bokor.	보코르 서브 마스터에게 카드 전달				
QUEST_UNUSED_20151022_002004	Obtén el cuerno de Sparnasman en 64_2 del Monasterio Bracken.	보스 몬스터 카드를 얻었습니다. 보코르 서브 마스터에게 카드를 전해 주세요.				
QUEST_UNUSED_20151022_002005	Obtén el cuerno de Sparnasman en 64_2 del Monasterio Bracken.	고사리 수도원64_2에서 스파나스맨의 뿔 구하기				
QUEST_UNUSED_20151022_002006	Submaestro Dievdirbys quiere que obtengas los cuernos de Sparnasman, que es el material necesario para tallar. Derrota a Sparnasman en 64_2 del Monasterio Bracken.	딥디르비 서브 마스터는 조각용 재료인 스파나스맨의 뿔을 구해달라고 합니다. 고사리 수도원64_2에서 스파나스맨을 처치하세요.				
QUEST_UNUSED_20151022_002007	Informe al subdirector de Dievdirbys	딥디르비 서브 마스터에게 보고				
QUEST_UNUSED_20151022_002008	Adquiriste los cuernos de Sparnasman. Llévaselos al Submaster de Dievdirby.	스파나스맨의 뿔을 구했습니다. 딥디르비 서브 마스터에게 가져다 주세요.				
QUEST_UNUSED_20151022_002009	Obtener %s de Sparnasman	스파나스맨에게서 %s 획득	QUEST_LV_0100_20150317_005526	Obtain %s	%s 획득	
QUEST_UNUSED_20151022_002010	Habla con el espíritu del Maestro Sadhu en Orsha.	오르샤에서 사두 마스터의 유체와 대화하세요.				
QUEST_UNUSED_20151022_002011	Derrota al monstruo ligado a la energía de Maestro Sadhu en Feretory Hills.	페레토리 구릉에서 사두 마스터의 기운과 묶인 몬스터 처치				
QUEST_UNUSED_20151022_002012	Al usar la energía obtenida de Maestro Sadhu, debes combinar algunas partes de los monstruos en Feretory Hills. Absorbe el espíritu derrotando al monstruo que se combinó con la energía.	사두 마스터에게 받은 기운을 사용해 페레토리 구릉 몬스터의 영혼 일부를 합쳐야 합니다. 기운에 합쳐진 몬스터를 처치해 영혼을 흡수하세요.				
QUEST_UNUSED_20151022_002013	Según la cantidad de espíritus que sugirió el Maestro Sadhu, has recolectado los espíritus de los monstruos. Regresa con su espíritu en Orsha y repórtate.	사두 마스터가 제시한 수만큼 몬스터의 영혼을 모았습니다. 오르샤에 있는 그녀의 유체에게 돌아가 보고하세요.				
QUEST_UNUSED_20151022_002014	Submaestro paladín	팔라딘 서브 마스터와 대화				
QUEST_UNUSED_20151022_002015	Habla con Submaestro Paladín en Orsha.	오르샤에서 팔라딘 서브 마스터와 대화하세요.				
QUEST_UNUSED_20151022_002016	Derrota a los monstruos en Feretory Hills para demostrar el poder de Submaestro Paladín.	팔라딘 서브 마스터에게 힘을 과시하기 위해 페레토리 구릉의 몬스터를 처치하세요.				
QUEST_UNUSED_20151022_002017	Informar al submaster paladín	팔라딘 서브 마스터에게 보고				
QUEST_UNUSED_20151022_002018	Has derrotado a una cantidad suficiente de monstruos. Vuelve con Submaestro Paladín e informa.	상당수의 몬스터를 처치하였습니다. 팔라딘 서브 마스터에게 돌아가 보고하세요.				
QUEST_UNUSED_20151022_002019	Recoge los extremos rotos de las lanzas de hoplita.	하플라이트의 부러진 창 끝 모으기				
QUEST_UNUSED_20151022_002020	Derrota a los monstruos en Apsimesti Crossroads y recoge los extremos rotos de las lanzas de los otros hoplitas.	압시메스티 교차로의 몬스터들을 처치하고 다른 하플라이트들의 부러진 창 끝을 모으세요.				
QUEST_UNUSED_20151022_002021	Has recogido una cantidad suficiente de puntas de lanza. Vuelve con Maestro Hoplita e informa.	많은 수의 창 끝을 모았습니다. 하플라이트 마스터에게 돌아가 보고하세요.				
QUEST_UNUSED_20151022_002022	Recoge %s de los monstruos de Apsimesti Crossroads.	압시메스티 교차로의 몬스터로부터 %s 수집				
QUEST_UNUSED_20151022_002023	Derrota a los monstruos en Apsimesti Crossroads sin usar el escudo.	방패를 쓰지 않고 압시메스티 교차로의 몬스터 처치				
QUEST_UNUSED_20151022_002024	Derrota a los monstruos en Apsimesti Crossroads sin el escudo equipado.	방패를 착용하지 않은 상태에서 압시메스티 교차로의 몬스터를 처치하세요.				
QUEST_UNUSED_20151022_002025	Se ha demostrado que eres fuerte sin depender del escudo. Vuelve con Maestro Rodelero e informa.	방패에 의지하지 않고도 강하다는 게 증명된 것 같습니다. 로델레로 마스터에게 돌아가 보고하세요.				
QUEST_UNUSED_20151022_002026	Derrota a los monstruos en Apsimesti Crossroads mientras montas en un Compañero.	컴패니언에 타고 압시메스티 교차로의 몬스터 처치				
QUEST_UNUSED_20151022_002027	Para un Catafracta, los compañeros son tan útiles como las lanzas. Derrota a los monstruos en Apsimesti Crossroads.	캐터프랙트에 있어서 창만큼 중요한 것이 컴패니언이라고 합니다. 컴패니언에 탄 채로 압시메스티 교차로의 몬스터를 처치하세요.				
QUEST_UNUSED_20151022_002028	Se ha comprobado que tienes una sinergia maravillosa con tu pareja. Vuelve a Maestro Catafracto e informa.	자신의 컴패니언과 훌륭한 상성을 가지고 있음이 증명되었습니다. 캐터프랙트 마스터에게 돌아가 보고하세요.				
QUEST_UNUSED_20151022_002029	Derrota a los monstruos en Apsimesti Crossroads.	압시메스티 교차로에서 몬스터 처치				
QUEST_UNUSED_20151022_002030	Submaestro Bokor te pidió que derrotaras a los monstruos en Apsimesti Crossroads para comprobar tus habilidades como Bokor.	보코르 서브 마스터는 그간 쌓아온 보코르의 실력을 확인하기 하기 위해 압시메스티 교차로의 몬스터를 처치하고 오라고 합니다.				
QUEST_UNUSED_20151022_002031	Parece que has derrotado a suficientes monstruos. Vuelve a Submaestro Bokor e informa.	몬스터들은 충분히 처치한 것 같습니다. 보코르 서브 마스터에게 돌아가 보고하세요.				
QUEST_UNUSED_20151022_002032	Derrota a los monstruos en Apsimesti Crossroads.	압시메스티 교차로의 몬스터 처치				
QUEST_UNUSED_20151022_002033	Reparando la estatua de la diosa [Avance de Dievdirbys]	여신상 보수하기[딥디르비 전직]				
QUEST_UNUSED_20151022_002034	Recoge los trozos de aceite de Ashulongs de la región del Acueducto.	수로교 지역에서 아슈롱의 기름덩어리 모으기				
QUEST_UNUSED_20151022_002035	Deberíamos crear el aceite perfumado para reparar las estatuas de las diosas. Recoge los trozos de aceite de Ashulongs para hacer el aceite perfumado de la región del Acueducto.	여신상 보수를 위한 향유를 만들어야 합니다. 수로교 지역에서 재료인 아슈롱의 기름덩어리를 수집하세요.				
QUEST_UNUSED_20151022_002036	Adquirió suficientes grumos de aceite. Llévaselos al Submaster de Dievdirby.	충분한 양의 기름덩어리를 모았습니다. 딥디르비 서브 마스터에게 가져다 주세요.				
QUEST_UNUSED_20151022_002037	Reparar las estatuas de las diosas que se encuentran en Fedimian y Orsha.	페디미안과 오르샤에 있는 여신상 보수하기				
QUEST_UNUSED_20151022_002038	Adquirió suficiente aceite perfumado. Cuida las estatuas de la diosa Vakarine en Fedimian y Orsha.	향유를 넉넉히 받았습니다. 페디미안과 오르샤의 바카리네 여신상을 관리해 주세요.				
QUEST_UNUSED_20151022_002039	Has terminado de cuidar todas las estatuas de las diosas. Vuelve al Submaster de Dievdirby.	의뢰받은 모든 여신상의 관리를 마쳤습니다. 딥디르비 서브 마스터에게 돌아가 보세요.				
QUEST_UNUSED_20151022_002040	Has derrotado a todos los monstruos que amenazan a los aldeanos. Vuelve al espíritu del Maestro Sadhu en Orsha e informa.	주민에게 위협이 되는 몬스터들을 모두 처치하였습니다. 오르샤에 있는 사두 마스터의 유체에게 돌아가 보고하세요.				
QUEST_UNUSED_20151022_002041	Derrota a los ambulantes del árbol rojo en el cruce de Apsimesti.	압시메스티 교차로에서 붉은 트리암불로 처치	QUEST_JOBSTEP_20150323_002333	Defeat %s	%s 처치	
QUEST_UNUSED_20151022_002042	Reúnete con el submaster paladín	팔라딘 서브 마스터 만나기				
QUEST_UNUSED_20151022_002043	Habla con Submaestro Paladín en Orsha	오르샤에 있는 팔라딘 서브 마스터와 대화해 보세요.				
QUEST_UNUSED_20151022_002044	Derrota a los monstruos que vienen del altar abandonado en Big Starving Demon's Road.	큰아귀 길에 있는 버려진 제단에서 나타나는 몬스터 처치				
QUEST_UNUSED_20151022_002045	Reacciona las viejas reliquias que obtuviste del Submaestro Paladín en el altar abandonado en el Camino del Gran Demonio Hambriento. Y luego, debes derrotar a todos los monstruos que aparezcan.	팔라딘 서브 마스터에게 받은 오래된 성물을 큰아귀 길에 있는 버려진 제단에 반응 시키세요. 그 다음 나타나는 몬스터를 모두 없애야 합니다.				
QUEST_UNUSED_20151022_002046	Has derrotado a todos los monstruos que aparecieron. Vuelve con Submaestro Paladín e informa.	나타난 몬스터를 전부 해치웠습니다. 팔라딘 서브 마스터에게 돌아가 보고하세요.				
QUEST_UNUSED_20151022_002047	Derrota a los monstruos cerca del altar.	제단 주변의 몬스터 처치				
QUEST_UNUSED_20151022_002048	Ve a encontrarte con Maestro Rodelero en Orsha.	오르샤의 로델레로 마스터를 찾아 가세요.				
QUEST_UNUSED_20151022_002049	Ve a encontrarte con Maestro Catafracto en Orsha.	오르샤의 캐터프랙트 마스터를 찾아 가세요.				
QUEST_UNUSED_20151022_002050	Maestro Sadhu quiere que derrotes a Collimencia en el jardín de los Verdes que están causando daño a la gente.	사두 마스터는 사람들에게 피해를 주는 그린가의 장원의 콜리멘시아를 처치하길 바라고 있습니다.				
QUEST_UNUSED_20151022_002051	Has completado la solicitud del Maestro Sadhu. Vuelve al espíritu del Maestro Sadhu en Orsha e informa.	사두 마스터의 요청을 완수했습니다. 오르샤에 있는 사두 마스터의 유체에게 돌아가 보고하세요.				
QUEST_UNUSED_20151022_002052	Ve a encontrarte con el Submaster Paladín en Orsha.	오르샤에 있는 팔라딘 서브 마스터를 찾아가세요.				
QUEST_UNUSED_20151022_002053	Submaestro Paladín quiere comprobar la creencia religiosa. Derrota a las Gaigalas que aparecen con frecuencia en Tenants' Farm.	팔라딘 서브 마스터는 신앙심을 확인하고 싶어합니다. 테넌츠 농장에 자주 출몰한다는 가이갈라스를 처치하세요.				
QUEST_UNUSED_20151022_002054	Has derrotado a Gaigalas. Vuelve con Submaestro Paladín e informa.	가이갈라스를 처치했습니다. 팔라딘 서브 마스터에게 돌아가 보고하세요.				
QUEST_UNUSED_20151022_002055	Recupera la comida que los hurones habían robado para los aldeanos. Podrás recuperarlos cuando derrotes a los hurones.	마을 주민들을 위해서 페릿이 훔쳐간 식량을 되찾으세요. 페릿을 처치하면 얻을 수 있습니다.	QUEST_LV_0100_20151016_010321	Retrieve the stolen food from the ferrets and give them back to the townspeople. You can only obtain Stolen Food by using Paralysis Powder on a ferret while its HP is 50% or below.	마을 주민들을 위해서 페릿이 훔쳐간 식량을 되찾으세요. 페릿의 체력이 50% 이하일 때 페릿용 마비가루를 사용한 후 페릿이 훔쳐간 식량을 되찾을 수 있습니다.	
QUEST_UNUSED_20151022_002056	Derrota a los hurones que robaron la comida.	식량을 훔쳐간 페릿 처치	QUEST_JOBSTEP_20150323_002333	Defeat %s	%s 처치	
QUEST_UNUSED_20151022_002057	Cuando regresabas después de recuperar la comida de los hurones, te encontraste nuevamente con la misteriosa chica. La niña salvó a los aldeanos y desapareció con el rayo. Ve a encontrarte con el anciano de la aldea con la comida recuperada.	페릿들에게서 식량을 되찾아 오는 길에 다시 한번 신비한 소녀를 마주쳤습니다. 소녀는 마을 주민을 구해주고 빛과 함께 사라졌습니다. 되찾은 식량을 가지고 마을 촌장을 찾아가보세요.	QUEST_LV_0100_20151016_010323	You've encountered the mysterious girl once again while on your way back to give the stolen food back to the townspeople. The mysterious girl ran away after sensing the townspeople approaching. Give the retrieved food to the town elder.	페릿들에게서 식량을 되찾아 오는 길에 다시 한번 신비한 소녀를 마주쳤습니다. 소녀는 마을 사람의 인기척을 느끼고 도망쳐버렸습니다. 되찾은 식량을 가지고 마을 촌장을 찾아가보세요.	
QUEST_UNUSED_20151022_002058	El anciano de la aldea te pidió que destruyeras los tótems demoníacos que fueron creados por los demonios ya que volvieron violentos a los hurones.	촌장은 마족들이 설치한 마족 토템이 페릿들을 사악하게 물들인 거라고 하며 마족 토템을 파괴해달라고 했습니다.	QUEST_LV_0100_20151016_010325	The elder says the ferrets became ferocious after the demon invasion. He insists that the demon totems are to blame and asks you to destroy them.	마을 촌장은 페릿들이 마족들이 마을을 습격하고 나서부터라고 합니다. 촌장은 마족들이 설치한 마족 토템이 페릿들을 사악하게 물들인 거라고 하며 마족 토템을 파괴해달라고 했습니다.	
QUEST_UNUSED_20151022_002059	La misteriosa chica desapareció en Zeraha después de cruzar el pueblo.	신비한 소녀는 마을을 지나 제라하 쪽으로 사라졌다고 합니다.				
QUEST_UNUSED_20151022_002060	Los aldeanos te pidieron que trajeras agua roja contaminada del viejo pozo para contaminar la comida que habían robado los hurones.	마을 주민은 페릿들이 훔쳐간 식량을 오염시키기 위해 낡은 우물에서 오염된 붉은 물을 떠서 가져다 달라고 부탁했습니다.	QUEST_LV_0100_20151016_010331	The townfolk says that if you contaminate the foods with the poinsoned water, the ferrets will no longer steal food from the town. But it will only work if the recently looted foods would do the trick. Bring the red water from the old well to the townspeople.	마을 주민은 페릿들이 훔쳐간 식량들을 먹고 배탈이 나면 다신 식량을 훔치러 오지 않을 거라며 오염된 물로 최근 훔쳐간 식량을 오염시켜야겠다고 합니다. 낡은 우물에서 오염된 붉은 물을 떠서 가져다주세요.	
QUEST_UNUSED_20151022_002061	Conseguimos suficiente agua roja contaminada del viejo pozo.	낡은 우물에서 오염된 붉은 물을 충분히 떴습니다.	QUEST_LV_0100_20151001_009535	Acquired enough polluted red water from the old well. Pass the polluted red water to the villager.	낡은 우물에서 오염된 붉은 물을 충분히 떴습니다. 마을 주민에게 오염된 물을 전달해주세요.	
QUEST_UNUSED_20151022_002062	Los hurones han escondido comida robada entre las cestas de frutas. El aldeano te pidió que contaminaras con agua roja la cecina que les gusta a los hurones.	페릿은 과일 바구니 사이에 훔친 식량을 숨긴다고 합니다. 마을 주민은 그 중에서 페릿이 좋아하는 육포를 꼭 붉은 물로 오염시켜달라고 부탁했습니다.				
QUEST_UNUSED_20151022_002063	Busque la cecina de ternera en las cestas sospechosas con el agua roja. Vuelve con los aldeanos.	수상한 바구니들 중 육포를 찾아내 붉은 물로 오염시켰습니다. 마을 주민에게 돌아가세요.	QUEST_LV_0100_20151001_009541	You've found the fresh food within the suspicious baskets and then proceeded to pollute it with red water. Return to the villager.	수상한 바구니들 중 신선한 식량을 찾아내 붉은 물로 오염시켰습니다. 마을 주민에게 돌아가세요.	
QUEST_UNUSED_20151022_002064	Dievdirbys Widas creó la estatua de la paz con los resultados de su investigación. Coloca la escultura de la paz cerca de los hurones y observa las respuestas de los hurones.	딥디르비 위다스는 그동안의 연구한 결과로 평화의 조각상을 만들었다고 합니다. 페릿 근처에 평화의 조각상을 설치한 후 페릿의 반응을 지켜보세요.	QUEST_LV_0100_20151016_010336	Dievdirbys Widas tells you that a sculpture of peace, a result of his long years of research, might do the trick. Set up the sculpture of peace and the ferrets will be tame again.	딥디르비 위다스는 그동안의 연구한 결과로 평화의 조각상을 만들었다고 합니다. 페릿 근처에서 평화의 조각상을 설치하면 페릿들이 온순해질거라고 말합니다.	
QUEST_UNUSED_20151022_002065	Derrota a los hurones que entraron corriendo.	습격한 페릿 처치	QUEST_JOBSTEP_20150323_002333	Defeat %s	%s 처치	
QUEST_UNUSED_20151022_002066	La druida Leja te dijo que vio a los hurones moviéndose en grupo y también te dijo el lugar donde probablemente se esconda la niña. Leja te dijo que antes de salir a buscar a la niña, haría el aroma que dejaría inconscientes a los hurones, así que quiere que le lleves un poco de Hierba somnolienta.	드루이드 레야는 페릿들이 몰려가는 걸 봤다고 하며 페릿이 소녀를 숨길만한 위치를 알려줍니다. 레야는 근거지에 소녀를 찾으러 가기 전에 페릿들 정신을 빼놓을 향을 만들어 줄테니 몽롱초를 구해달라고 합니다.	QUEST_LV_0100_20151016_010343	Druid Leja tells you that the ferrets were carrying a strange-looking bag and scruffling off to somewhere. She informs you of the ferret's hideout. Leja says that it's too dangerous to go alone so she will make you a scent that will make the ferrets powerless. But first, get her some Drowsy Herb.	드루이드 레야는 페릿들이 수상한 자루를 들고 사라지는 걸 봤다고 하며 페릿 근거지를 알려줍니다. 레야는 근거지에 들어가기 전에 페릿들 정신을 빼놓을 향을 만들어 줄테니 몽롱초를 구해달라고 부탁합니다.	
QUEST_UNUSED_20151022_002067	Debes salvar a la niña mientras los hurones están inconscientes después de esparcir el olor que te adormece. Pero, para difundir el aroma, necesitarás una hoguera y deberás tener cuidado ya que los efectos son breves.	몽롱해지는 향을 피우고 페릿이 정신을 못차리는 동안 소녀를 구해야 합니다. 단, 몽롱해지는 향을 피우기 위해서는 모닥불이 필요하며 효과가 짧으니 주의해야 합니다.	QUEST_LV_0100_20151016_010346	You must save the girl while the ferrets are drowsy from the scent. Keep in mind that the scent requires a campfire to work and its duration is not that long.	몽롱해지는 향을 피우고 페릿이 정신을 못차리는 동안 소녀를 구해야 합니다. 단, 몽롱해지는 향을 피우기 위해서는 모닥불이 필요하며 효과가 짧으니 주의해야 한다고 했습니다.	
QUEST_UNUSED_20151022_002068	El druida Benes te pidió que registraras el comportamiento de los hurones en un pergamino vacío para entenderlos bien. Cuando usas el pergamino vacío cerca de los hurones, puedes registrar los comportamientos.	드루이드 베네스는 페릿을 이해하기 위해 페릿의 행동양식을 빈 주문서에 적어오라고 했습니다. 페릿 근처에서 빈 주문서를 사용하면 행동양식을 적을 수 있습니다.	QUEST_LV_0100_20151016_010360	Druid Benes says that if you transform into a ferret, you can communicate with the ferrets. However, the ferrets all remembers the scent of Benes so they run away even in the ferret form. Benes will write you Ferret Transformation Scroll and what you need to do is record the behaviors of the ferrets on it.	드루이드 베네스는 페릿으로 변신해서 페릿과 대화를 나눌 수 있다고 합니다. 다만 페릿들이 베네스의 냄새를 기억해서 변신해도 다가갈 수가 없다고 합니다. 베네스는 당신에게 변신 주문서를 만들어주겠다며 페릿들의 행동양식을 주문서에 적어오라고 했습니다.	
QUEST_UNUSED_20151022_002069	Has anotado el comportamiento de los hurones en un pergamino vacío después de observarlos. Entrégaselo al druida Benes.	페릿을 관찰해서 빈 주문서에 페릿의 행동양식을 수집했습니다. 드루이드 베네스에게 전해주세요.	QUEST_LV_0100_20151016_010362	You've successfully recorded the behaviours of the ferrets. Hand it over to Druid Benes.	페릿을 관찰해서 주문서에 페릿의 행동양식을 수집했습니다. 드루이드 베네스에게 전해주세요.	
QUEST_UNUSED_20151022_002070	Benes te pidió que observaras las respuestas de los hurones después de colocar los trozos de madera que se asemejan a la apariencia de un aldeano herido y que observaras el comportamiento de los hurones.	베네스는  부상당한 주민 모습을 한 주술 걸린 나무토막을 페릿 근처에 설치해보고 페릿의 반응을 살펴보자고 했습니다.	QUEST_LV_0100_20151016_010370	Druid Benes says it is very difficult to determine whether the ferrets are actually thinking that or it is merely due to the demon's mind control. Druid Benes asks you to set up a modified block of wood shaped like an injured townfolk near the ferrets. Even if what they say are true, they won't attack an injured man.	페릿의 속셈을 전해들은 드루이드 베네스는 그게 페릿의 생각인지 마족의 세뇌때문인지 구분하기 어렵다고 합니다. 베네스는 부상당한 주민 모습으로 변형시킨 나무토막을 페릿 근처에 설치해보라고 했습니다. 아무리 페릿이 인간을 몰아내겠다는 마음을 먹었다고 하더라도 제 정신이라면 부상당한 주민까지 공격하진 않을 거라고 합니다.	
QUEST_UNUSED_20151022_002071	Para expulsar a los hurones, Benes te pidió que esparcieras el terrible olor en el bosque de Bellai. Enciende la hoguera y quema el terrible olor.	베네스는 페릿을 쫓기 위해 지독한 향을 벨라이 숲에 피워달라고 부탁했습니다. 모닥불을 피워서 지독한 향을 태우세요.	QUEST_LV_0100_20151016_010375	Druid Benes believes that considering they are attacking even the injureds, they must be under the demon control. 	드루이드 베네스는 부상당한 주민 모습의 나무토막을 공격하는 걸 보며 마족이 세뇌한 탓인 것 같다고 한다. 베네스는 지독한 향을 주며 당장 페릿을 되돌릴 방법이 없으니 마을 사람들이 공격 받기 전에 지독한 향으로 페릿을 쫓아달라고 부탁했다. 지독한 향을 피우려면 모닥불이 필요하다.	
QUEST_UNUSED_20151022_002072	Deberíamos buscar a la Diosa Lada del Señor Demonio Zaura de Seir Rainforest.	세이르 숲에서 마군주 자우라에게 잡힌 라다 여신을 찾아야합니다.	QUEST_LV_0100_20151016_010379	Goddess Laima asks you to find the imprisoned Goddess Lada and foil the demon's plan.	라이마 여신이 마족들에게 잡혀있는 라다 여신을 찾고 마족들의 계획을 막아달라고 했습니다.	
QUEST_UNUSED_20151022_002073	Pregúntale a la Diosa Lada cómo rescatar a Lada y prevenir la conspiración de los demonios.	여신 라다에게 라다를 구출하고 마족의 음모를 막으려면 어떻게 해야하는지 물어보세요.	QUEST_LV_0100_20151016_010385	You must destroy the Restraining Device holding Goddess Lada hostage.	여신 라다를 구속하고 있는 구속 장치를 파괴해야합니다.	
QUEST_UNUSED_20151022_002074	Has destruido el dispositivo que une a Lada y liberaste a Lada. Habla con Lada.	라다를 구속하고 있는 장치를 파괴하고 라다의 구속을 해방시켰습니다. 라다 여신과 대화하세요.	QUEST_LV_0100_20151016_010388	The Vitality Absorption Device is made to absorb Goddess Lada's vitality and send it to the Kruvina Suppressor. Gather up the demon blood and pour it over the machine to deactivate it.	생명력 흡수 장치는 여신 라다의 생명력을 흡수해 크루비나 제어 장치로 보내는 장치입니다. 마족의 피를 모아 흡수 장치에 뿌리면 여신의 생명력이 더럽혀져 장치가 정지합니다.	
QUEST_UNUSED_20151022_002075	Lada te dijo que cuando obtienes la sangre de los demonios y la rocías sobre el dispositivo que absorbe vitalidades, el dispositivo dejará de funcionar.	라다 여신은 마족으로부터 마족의 혈액을 구해서 생명력 흡수 장치에 뿌리면 작동이 멈출거라고 했습니다.	QUEST_LV_0100_20151016_010389	Silent Whisper from the Goddess: The Vitality Absorption Device is draining my life force into the magic circle.{nl}The device is designed to absorb only the pure vitality of a goddess, any other form of life force will halt the device.{nl}Especially, the blood of filthy demons would have a severe effect on it.	여신의 전음: 생명력 흡수 장치는 마법진으로 제 생명력을 흡수하고 있습니다.{nl}순수한 여신의 생명력만을 흡수하도록 만들어져 있기 때문에 다른 생명력이 흡수되면 작동을 멈출거에요.{nl}특히 저의 힘과 반대되는 더러운 마족의 피를 구한다면 더 강력한 반발력이 생길 거에요.	
QUEST_UNUSED_20151022_002076	Adquiriste suficiente sangre de los demonios. Rocía la sangre de los demonios al dispositivo que absorbe las vitalidades.	마족의 혈액을 충분히 모았습니다. 생명력 흡수 장치에 마족의 혈액을 뿌리세요.	QUEST_LV_0100_20151016_010390	You've gathered enough demon blood. Pour it over the Vitality Absorption Device.	마족의 피를 충분히 모았습니다. 생명력 흡수 장치에 뿌리세요.	
QUEST_UNUSED_20151022_002077	Has destruido el dispositivo de absorción de vitalidad. Habla con Lada sobre qué hacer a continuación.	생명력 흡수 장치를 파괴했습니다. 다음은 뭘 해야하는지 라다 여신과 대화하세요.	QUEST_LV_0100_20151016_010393	The Kruvina Suppressor uses a portion of the vitality from Goddess Lada inject it into Kruvina to make one. The orb from Goddess Laima can cause the Kruvina Suppressor go into spell overload.	크루비나 제어 장치는 여신 라다로부터 얻은 생명력을 크루비나로 일정량씩 보내 크루비나를 완성시키는 장치입니다. 라이마 여신이 준비해둔 여신의 보주를 사용하면 크루비나 제어 장치에 마력 과부하를 일으킬 수 있다고 합니다.	
QUEST_UNUSED_20151022_002078	La Diosa Lada te dijo que cuando usas el orbe de la diosa para suprimir Kruvina, la energía mágica se sobrecargaría y dejaría de funcionar.	라다 여신이 크루비나 제어 장치에 여신의 보주를 사용하면 마력이 과부하되서 작동을 정지할 거라고 알려줬습니다.	QUEST_LV_0100_20151016_010394	Silent Whisper from the Goddess: The Kruvina Suppressor uses a portion of the vitality from Goddess Lada inject it into Kruvina to make one. The orb from Goddess Laima can cause the Kruvina Suppressor go into spell overload..	여신의 전음: 크루비나 제어 장치는 여신의 생명력을 모아뒀다가 크루비나로 일정량씩 보내서 크루비나 생성을 제어하는 장치입니다. 마족의 마력으로 움직이고 있기 때문에 여신의 보주를 사용하면 마력 과부하를 일으킬 수 있을 거에요.	
QUEST_UNUSED_20151022_002079	La Diosa Lada dice que recibió un llamado de la Diosa Laima para guiarle hacia ella al salvador que los liberó del desastre. Lleva el orbe de la diosa a la estatua de la Diosa Laima en Zeraha y mira a tu alrededor.	여신 라다는 크루비나 생성 장치를 모두 부쉈지만 이미 일부 만들어진 불완전한 크루비나를 파괴해야한다고 합니다.	QUEST_LV_0100_20151016_010398	Goddess Lada says even though the Kruvina Generator is destroyed, the Incomplete Kruvina exists. It is extremely dangerous even in its imperfect form and must be destroyed.	여신 라다는 크루비나 생성 장치를 모두 부쉈지만 이미 일부 만들어진 불완전한 크루비나가 이 곳에 존재한다고 합니다. 라다는 이 힘이 어떻게 쓰일 지 모르니 반드시 파괴해야 한다고 합니다.	
QUEST_UNUSED_20151022_002080	La Diosa Lada dice que recibió un llamado de la Diosa Laima para guiarle hacia ella al salvador que los liberó del desastre. Lleva el orbe de la diosa a la estatua de la Diosa Laima en Zeraha y mira a tu alrededor.	라다 여신은 라이마가 자신에게 구원자가 재앙을 해결하면 제라하의 라이마 여신상 손 끝으로 인도해달라고 부탁 받았다고 합니다. 여신의 보주를 가지고 제라하의 라이마 여신상 손 끝을 살펴보세요.	QUEST_LV_0100_20151016_010403	Goddess Laima told Goddess Laima, before she went on wanderings, that if a traveler comes with Laima's orb, guide him or her to the giant statue. She tells you to go to the hand of the giant statue with the goddess orb that has faint Lada's power	라다 여신은 라이마가 방랑을 시작하기 전 누군가 라이마의 보주를 가지고 자신을 찾아오면 거대 여신상으로 인도해 달라는 부탁을 받았다고 합니다. 미약하게 나마 자신의 힘이 서려있는 여신의 보주를 가지고 거대 여신상의 손 끝에 가보라고 했습니다	
QUEST_UNUSED_20151022_002081	Derrota a los demonios restantes.	남아있는 마족 처치	QUEST_LV_0100_20151016_010411	The Remaining Demons	남아있는 마족	
QUEST_UNUSED_20151022_002082	Solicitud de ayuda en Fedimian	페디미안에 도움 요청하기	QUEST_LV_0100_20151016_010413	Find the master in Orsha who knows how to purify land	오르샤 마스터들 중 정화 방법을 아는 마스터 찾기	
QUEST_UNUSED_20151022_002083	El sacerdote del pueblo busca una manera de purificar la tierra contaminada por la energía viciosa de los demonios. El sacerdote os ha pedido que busquéis una forma de purificar la tierra de los amos de Fedimian.	마을 사제는 마족의 사악한 기운으로 오염된 대지를 정화할 방법을 찾고 있습니다. 사제는 페디미안에 있는 마스터들에게 대지를 정화시킬 방법에 대해 조언을 구해봐달라고 했습니다.	QUEST_LV_0100_20151016_010414	The village priest is looking for a way to purify the corrupted land.	마을 사제는 마족의 사악한 기운으로 오염된 대지를 정화할 방법을 찾고 있습니다. 사제는 오르샤에 있는 마스터들에게 대지를 정화시킬 방법에 대해 조언을 구해봐달라고 했습니다.	
QUEST_UNUSED_20151022_002084	Pudiste obtener el pergamino de la purificación del Maestra Druida que conociste en Fedimian. Vuelve con el cura del pueblo.	페디미안에서 만난 드루이드 마스터로부터 정화의 주문서를 얻을 수 있었습니다. 마을 사제에게 돌아가세요.	QUEST_LV_0100_20151016_010416	The master ?? you've met in Orsha got you Purification Scroll. Go back to the Village Priest.	오르샤에서 만난 ??마스터로부터 정화의 주문서를 얻을 수 있었습니다. 마을 사제에게 돌아가세요.	
QUEST_UNUSED_20151022_002085	Buscan una manera de purificar la tierra en Fedimian	페디미안에서 대지를 정화시킬 방법 찾기	QUEST_LV_0100_20151016_010417	Obtain %s from the master in Orsha	오르샤 마스터로부터 %s를 얻기	
QUEST_UNUSED_20151022_002086	El sacerdote te dijo que parece que el tótem demoníaco es la fuente de la contaminación, por lo que te pidió que destruyeras el tótem demoníaco y purificaras la tierra con el pergamino de purificación.	마을 사제는 마족 토템이 오염의 근원인 것 같다며 마족 토템을 파괴하고 정화의 주문서로 대지를 정화해달라고 부탁했습니다.	QUEST_LV_0100_20151016_010420	While you were away acquiring the scroll, the priest located several demon totems planted throughout the area. The priest suspects the totems to be the cause of the corruption. The priest asked you to destroy the totems and purify the land.	당신이 정화 주문서를 구하러 오르샤에 간 사이 사제는 곳곳에 세워진 마족 토템을 발견했다고 합니다. 사제는 마족 토템이 오염의 근원인 것 같다며 마족 토템을 파괴하고 대지를 정화해달라고 부탁했습니다.	
QUEST_UNUSED_20151022_002087	Habla con el gran sacerdote del pueblo	마을 대사제와 대화	QUEST_LV_0100_20150317_006278	Talk to the Village Priest	마을 신관과 대화	
QUEST_UNUSED_20151022_002088	Parece que el Gran Sacerdote del Pueblo tiene una petición para ti. Habla con el nuevo oficial.	마을 대사제가 당신에게 부탁할 일이 있는 것 같습니다. 신관과 대화하세요.	QUEST_LV_0100_20151016_010423	The village officer has a favor to ask. Speak with the officer.	마을 신관이 당신에게 부탁할 일이 있는 것 같습니다. 신관과 대화하세요.	
QUEST_UNUSED_20151022_002089	El Gran Sacerdote de la aldea te ha pedido que cultives semillas de flores de la Tierra en una tierra imbuida de fuerza vital. Haz crecer las flores y llévaselas a la Diosa Lada.	마을 대사제는 생명의 기운에서 대지의 꽃 씨앗을 심어 생명력 가득한 대지의 꽃을 피워달라고 했습니다. 꽃이 피면 라다 여신에게 전해달라고 부탁했습니다.	QUEST_LV_0100_20151016_010425	The land rich with life force was found during a search for a temple build site. The officer asks you to plant a Earth Flower Seed. What the officer said was that the Earth Flower absorbing the fertile life force will help Goddess Lada recover much faster.	마을 신관은 신전을 재건할 터를 둘러보다가 생명의 기운이 가득한 땅을 발견했습니다. 신관은 그 곳에서 대지의 꽃을 피워달라고 부탁했습니다. 대지의 꽃은 자라난 땅의 기운을 흡수하는 꽃으로 그 곳의 생명력이 라다 여신 회복에 도움이 될 것이라고 했습니다.	
QUEST_UNUSED_20151022_002090	Extraer piedras adecuadas	적당한 돌 채취 중	ETC_20150714_012369	Collecting stones	돌 채취 중	
QUEST_UNUSED_20151022_002091	¡Adquiriste piedras útiles que pueden usarse como materiales de recuperación!	복구 자재로 쓸 만한 돌을 구했습니다!	QUEST_LV_0100_20151001_009575	Acquired the stone!	돌을 구했습니다!	
QUEST_UNUSED_20151022_002092	Extracción de los materiales de la lápida.	비석 자재 채취 중	ETC_20150714_012369	Collecting stones	돌 채취 중	
QUEST_UNUSED_20151022_002093	¡Has extraído los materiales de lápida adecuados!	적당한 비석 자재를 채취했습니다!	QUEST_UNUSED_20151001_000740	You have collected the stones!	돌을 채취했습니다!	
QUEST_UNUSED_20151102_002094	Entonces estas son las muestras. Ahora se han cumplido las condiciones del trato.{nl}Está bien. Te haré más fuerte.	이게 그 샘플들이군. 이걸로 거래 조건은 충족됐어.{nl}좋아. 내가 책임지고 널 더 강하게 만들어 주지.	QUEST_JOBSTEP_20150317_000385	So these must be the samples. These will be good enough for our trade. {nl}Alright, I'll help you become stronger.	이게 그 샘플들이군. 이걸로 거래 조건은 충족됐어.{nl}좋아. 내가 책임지고 널 더 강하게 만들어 주지. 	레인저 마스터
QUEST_UNUSED_20151102_002095	Hay un problema en 36_1 del área del valle. {nl} Simplemente coloca el Namott de Purificación que te di en el lugar donde la energía demoníaca es más fuerte.	문제가 되고 있는 곳은 협곡지대 36_1입니다.{nl}제가 드린 정화의 나모트를 마기가 강한 곳에 세우면 됩니다.	QUEST_UNUSED_20151001_000437	The problem is occuring at Canyon Region 36_1.{nl}You just have to put the Romuva of Purification where the demonic energy is strong.	문제가 되고 있는 곳은 협곡지대 36_1입니다.{nl}제가 드린 정화의 로무바를 마기가 강한 곳에 세우면 됩니다.	오라클 마스터
QUEST_UNUSED_20151102_002096	Yo... no esperaba ver a alguien aquí..{nl}	아.. 이런 곳에 사람이라니..{nl}	QUEST_UNUSED_20151022_000886	Ah... a human in this place...{nl}There are demons here. You better run away.{nl}A while ago, demons appeared from up there and are controlling the monsters.	이..이런 곳에 사람이라니..{nl}이곳엔 마족이 있어요. 어서 도망치시는 게 좋을 거에요.{nl}조금 전에도 저 위에 마족이 나타나서 몬스터를 부리고 있었다구요.	연락병 마르다스
QUEST_UNUSED_20151102_002097	Será mejor que huyas.{nl}Hay muchos demonios aquí.{nl}	당신도 어서 도망치는 게 좋을 거예요.{nl}여긴 마족이 한가득이라고요.{nl}				마르다스
QUEST_UNUSED_20151102_002098	Hace un rato, un demonio apareció en el lugar donde está la escultura del búho y controla a los monstruos.	조금 전에도 저 위에 부엉이 조각상 있는 곳에 마족이 나타나서 몬스터를 부리고 있었다니까요?				마르다스
QUEST_UNUSED_20151102_002099	¿Por qué allí? ¿Estás loco?{nl}Son demonios.{nl}	거긴 왜요? 제정신이에요?{nl}무려 마족이라고요.{nl}	QUEST_UNUSED_20151022_000887	Are you insane?{nl}I don't know how strong you are, but I will stay here so if you want to go, please go alone.{nl}The place where I saw demons was the place where the owl sculpture is located..	당신 제정신입니까?{nl}얼마나 강하길래 그렇게 위험한 행동을 하는지 모르겠지만 난 여기있을테니 가려거든 혼자가세요.{nl}조금 전 마족을 본 건 위쪽의 부엉이 조각상이 있는 곳이었으니..	연락병 마르다스
QUEST_UNUSED_20151102_002100	No sé qué tan fuerte eres, pero...{nl}Me voy a quedar aquí. Si vas a ir, ve solo.{nl}	얼마나 강하길래 그렇게 위험한 짓을 하려는지 모르겠지만..{nl}난 여기있을래요. 가려거든 혼자 가세요.{nl}				마르다스
QUEST_UNUSED_20151102_002101	Los demonios me perseguían y corrí hasta aquí. {nl} No quiero ver más problemas.	난 마족에게 쫓겨 캐슬부터 여기까지 도망쳤다고요.{nl}더 이상 험한 꼴은 이젠 싫어요.	QUEST_UNUSED_20151022_000888	I've been chased by demons and ran here from the castle.{nl}I don't want to experience any more troubles.	난 마족에게 쫓겨 캐슬부터 여기까지 도망왔다구요.{nl}더는 험한 꼴을 당하고 싶지 않아요.	마르다스
QUEST_UNUSED_20151102_002102	¿No había demonios y solo otros monstruos?{nl}Oh, me alegro...{nl}	마족은 없고 다른 몬스터만 있었다고요?{nl}그나마 다행이군요.{nl}	QUEST_UNUSED_20151022_000889	No demons were there and only other monsters?{nl}That's fortunate I guess.{nl}	마족은 없고 다른 몬스터만 있었다구요?{nl}그나마 다행이군요.{nl}	연락병 마르다스
QUEST_UNUSED_20151102_002103	Aun así, no pareces herido... parece que eres más fuerte de lo que esperaba. {nl}Ahora te veo diferente.	그렇다고 해도 다친 곳도 없어보이고.. 보기보다 강한 모양이네요.{nl}다시 봤어요.	QUEST_UNUSED_20151022_000890	You're stronger than you look.{nl}I wasn't expecting that.	그렇다고 해도 당신도 보기보다 강한 모양이네요.{nl}다시 봤습니다.	연락병 마르다스
QUEST_UNUSED_20151102_002104	Ya he renunciado a una salvación y no pude hacer nada con Medzio Diena.{nl}Sin embargo, aun así, no puedo renunciar a todo.{nl}	이미 한 번 구원을 포기했고, 신수의 날엔 아무것도 할 수 없었어요.{nl}하지만 그렇다고 해서 전부 포기할 순 없어요.{nl}	QUEST_LV_0300_20151001_000228	I am counting on you to guide all the spirits to the goddesses.	모든 영혼들을 여신의 곁으로 인도할 수 있도록 잘 부탁드리겠습니다.{nl}여신의 가호가 함께 하길..	큐폴 메일레
QUEST_UNUSED_20151102_002105	Te lo diré a su debido tiempo, así que recolecta algunos huevos verdes de Infro Holder.	차례차례 일러 줄 터이니 일단 초록 인프로홀더의 알을 가져오게.	QUEST_LV_0100_20151001_008509	I will tell you in steps, so please first bring the eggs of Rajatad.	차례차례 일러 줄 터이니 일단 라자태드의 알을 가져오게.	늙은 관리인
QUEST_UNUSED_20151102_002106	Los huevos de Green Infro Holder son la clave para unir las almas. {nl} Ahora necesitamos fundamentarlo.	이 초록 인프로홀더의 알은 영혼을 구속하는 힘이네.{nl}이제 이걸 실체화할 것이 필요하지.	QUEST_LV_0100_20151016_009758	This Rajatad's Egg has the power to restrain the spirits.{nl}What we need to do is to actualize it.	이 라자태드의 알은 영혼을 구속하는 힘이네.{nl}이제 이걸 실체화할 것이 필요하지.	늙은 관리인
QUEST_UNUSED_20151102_002107	No lo consideres desagradable. {nl}Esto es lo mejor que puedo hacer por ahora.	꺼림칙한 방법이라 생각하지 말게. {nl}지금으로선 내가 자네를 도울 수 있는 최선의 방법이니까.	QUEST_20151001_002605	Stop thinking that this is a bad method. It's the best method that I can think of to help you at the moment.	꺼림칙한 방법이라 생각하지 말게. 현재 내가 자네를 도울 수 있는 최선의 방법이네.	늙은 관리인
QUEST_UNUSED_20151102_002108	¡Oye! {nl}Por favor, ayúdame.	이보시오!{nl}제발 날 좀 도와주시오.				행상인
QUEST_UNUSED_20151102_002109	¡Mis amigos están siendo atacados por los demonios!	내 친구들이 마족들에게 공격 받고 있소!				행상인
QUEST_UNUSED_20151102_002110	Por favor salva a mis amigos de los demonios. Te lo ruego.	마족에게서 내 친구들을 구해주시오. 부탁하오.				행상인
QUEST_UNUSED_20151102_002111	Si no estuvieras allí, ya habríamos matado brutalmente.	당신이 없었다면 우린 끔직하게 살해 당했을거예요.				로제
QUEST_UNUSED_20151102_002112	En la aldea AA.{nl}Se esconde, pero los demonios lo encontrarían rápidamente.	AA 마을에 있소.{nl}숨어있긴 하지만 마족들이 금방 찾아낼 같소.				행상인
QUEST_UNUSED_20151102_002113	Gracias por ayudarnos. Soy rosa. Somos comerciantes que vamos a varios lugares para vender los productos.	저흴 도와주셔서 감사합니다. 저는 로제라고 해요. 저희들은 이곳 저곳을 돌아다니면서 물건을 사고 파는 행상인들이죠.				로제
QUEST_UNUSED_20151102_002114	Decidimos vender los productos al pueblo XX, que es mi ciudad natal, y visitamos el pueblo XX.	저희들은 제의 고향인 XX 마을에 물건을 사고 팔기로 결정을 했고 XX 마을에 방문했습니다.				로제
QUEST_UNUSED_20151102_002115	Pero no había nadie en el pueblo. Realmente no había nadie en quien pensar, habían ido a recoger los helechos. {nl}Por lo tanto, buscamos en varios lugares para buscar a los aldeanos y huimos hasta aquí después de ser atacados por los demonios.	하지만 마을엔 사람은 없었어요. 고사리를 캐러 갔다고 생각하기엔 마을엔 아무도 없었습니다.{nl}그래서 저희는 마을 사람들을 찾기 위해서 마을 곳곳을 둘러보다가 마족에게 습격을 받아 이곳까지 도망쳤죠.				로제
QUEST_UNUSED_20151102_002116	Mientras huíamos, nos separamos de nuestros colegas. Es importante encontrar el paradero de los aldeanos, pero lo que más me preocupa es si mis colegas no fueron atacados por los demonios.	도망을 치는 과정에서 동료과 흩어졌습니다. 마을 사람들의 행방도 중요하지만 동료들이 마족에게 공격은 안 당했는지 걱정입니다.				로제
QUEST_UNUSED_20151102_002117	¿Realmente nos estás ayudando? {nl} Supongo que la diosa aún no nos ha abandonado. No es común hoy en día que una persona competente como usted ayude a alguien que necesita ayuda.	정말로 도와주시는 겁니까?{nl}여신은 아직 저희를 버리지 않으셨나봅니다. 요즘 같은 세상에 당신같이 실력 있는 사람이 도움을 필요로 한 사람을 돕는 일은 드물죠.				로제
QUEST_UNUSED_20151102_002118	Será mejor que utilicemos el sentido olfativo de Rash. Pero, mientras Rash huía de los demonios, consumió mucha resistencia.	라쉬의 후각을 이용하면 될 것 같아요. 하지만 라쉬가 마족에게 도망치는 과정에서 체력을 많이 소진됐습니다.				로제
QUEST_UNUSED_20151102_002119	Si recuperamos la resistencia de Rash, será fácil encontrar a nuestros colegas.	라쉬의 체력을 회복만 시키면 동료를 찾는 일은 쉬울거예요.				로제
QUEST_UNUSED_20151102_002120	Esta es la poción para recuperar resistencia. {nl}I se la daré a Rash.	체력 회복 물약이군요.{nl}라쉬에게 먹여보도록 하겠습니다.				로제
QUEST_UNUSED_20151102_002121	Gracias a la poción que me diste, Rash recuperó su resistencia rápidamente.	제게 주신 체력 회복 물약 덕분에 라쉬가 금방 체력을 회복했습니다.				로제
QUEST_UNUSED_20151102_002122	Voy a hacer que Rash huela el olor que sale de los bienes de mis compañeros. Rash te guiará hasta el lugar donde se encuentran nuestros compañeros.	라쉬에게 제 동료들의 물품에서 나는 냄새를 맡게 할 겁니다. 냄새를 맡은 라쉬가 제 동료들이 있는 곳으로 인도해 줄겁니다.				로제
QUEST_UNUSED_20151102_002123	Si Rash comienza a deambular, deja que huela el olor del bien que te he entregado.	라쉬가 헤매는 모습이 보인다면 제가 드린 물품에서 나는 냄새를 맡게 해주세요.				로제
QUEST_UNUSED_20151102_002124	Rezaré para que mis compañeros estén a salvo.	동료들이 무사하길 빌어야겠습니다.				로제
QUEST_UNUSED_20151102_002125	¿Cómo supiste que estoy aquí?	내가 여기 있는건 어떻게 알았습니까?				로제
QUEST_UNUSED_20151102_002126	¿Cómo llegó Rash aquí? {nl} ¿Quién eres y cómo has llegado aquí con Rash?	라쉬가 어떻게 여기까지..{nl}당신이 누구시길래 라쉬랑 함께 제가 있는 곳으로 오셨습니까?				행상인
QUEST_UNUSED_20151102_002127	Pude reunirme con mis colegas gracias a ti.{nl}Muchas gracias.	덕분에 다신 못 볼 줄 알았던 제 동료들과 재회하게 됐습니다.{nl}정말 감사합니다.				로제
QUEST_UNUSED_20151102_002128	Ahora, busquemos el paradero de XX aldeanos.	이제 XX 마을 사람들의 행방을 추적하러 가시죠.				로제
QUEST_UNUSED_20151102_002129	Estaba demasiado ocupada huyendo de los demonios así que no podía pensar bien en mis equipajes. Hay muchos productos que se pueden vender a precios elevados en el equipaje. Si salimos de la aldea, los demonios definitivamente correrían hacia mí y me atacarían.	마족에게 도망치는데 급급하다 보니 막상 제 짐엔 신경을 못썼습니다. 짐 안에는 비싼 값에 팔릴 만한 것들도 있죠. 마을 밖으로 나가면 분명 마족들이 득달같이 달려와 절 공격할 거 같습니다.				행상인
QUEST_UNUSED_20151102_002130	¿Puedes buscar el equipaje por mí?	제 대신 짐을 찾아주시겠습니까?				행상인
QUEST_UNUSED_20151102_002131	¿Qué pasó con mi equipaje?	제 짐은 어떻게 됐나요?				행상인
QUEST_UNUSED_20151102_002132	Has encontrado mi equipaje.{nl}Muchas gracias por encontrar mi equipaje.	짐을 찾아오셨군요.{nl}짐을 찾아 주셔서 정말 고맙습니다.				행상인
QUEST_UNUSED_20151102_002133	Nos salvaste de los demonios. Aun así, no podemos garantizar que ahora estemos a salvo de los demonios.	당신이 마족에게 당할 뻔한 우릴 구해주셨습니다. 그렇다고 해서 마족에게서 안전하다고 장담할 수 있는건 아닌거 같군요.				행상인
QUEST_UNUSED_20151102_002134	También hay monstruos tipo Bestia alrededor de la aldea AA además de los demonios, por lo que parece más peligroso.	AA 마을 주변엔 마족 말고도 야생 몬스터들도 있으니 더 위험한거 같습니다. 				행상인
QUEST_UNUSED_20151102_002135	No puedo quedarme aquí porque es demasiado inestable. ¿Podrás derrotar a los demonios y las bestias monstruosas de la aldea de AA?	너무 불안해서 여기 못있겠어요. AA 마을 주변에 있는 마족과 야생 몬스터를 처치해주시겠습니까?				행상인
QUEST_UNUSED_20151102_002136	Supongo que debería pensar en hacer otros trabajos.	오늘 일로 해서 다른 일을 생각해봐야겠네요.				행상인
QUEST_UNUSED_20151102_002137	Los demonios y los monstruos bestia todavía están deambulando, pero me siento un poco aliviado porque al menos no están lo suficientemente cerca como para venir a la aldea.	마족과 야생 몬스터들은 여전히 돌아니지만 적어도 이 마을로 들어올 정도 가까이에 있진 않아 조금이나마 안심이 됩니다.				행상인
QUEST_UNUSED_20151102_002138	Los demonios me atacaron mientras recogía las hierbas. Afortunadamente salvé mi vida, pero me salvé muchas veces.	약초를 캐다가 마족에게 공격 받았습니다. 다행히 마족에게서 도망쳐 목숨은 부지했지만 많은 상처를 입었습니다.				약초꾼 테일스
QUEST_UNUSED_20151102_002139	Por favor, recoja las hierbas que puedan curar las heridas. Creo que estaría mejor si me lo pongo.	상처를 치유할 수 있는 약초를 캐주세요. 그걸 바르면 좀 나아질거 같습니다.				약초꾼 테일스
QUEST_UNUSED_20151102_002140	Quiero ir a recoger las hierbas yo mismo, pero me duele mucho cada vez que me muevo.	제가 직접 약초를 구하러 가고 싶어도 상처가 심해 움직일 때마다 너무 아픕니다.				약초꾼 테일스
QUEST_UNUSED_20151102_002141	¿Has conseguido las hierbas?	약초는 구해오셨나요?				약초꾼 테일스
QUEST_UNUSED_20151102_002142	Por favor dámelo.	제게 어서 주세요.				약초꾼 테일스
QUEST_UNUSED_20151102_002143	El dolor persiste incluso después de frotar la hierba en el área de la herida.	약초를 상처 부위에 발라도 고통이 여전합니다.				약초꾼 테일스
QUEST_UNUSED_20151102_002144	Parece que soy adicto al veneno que utilizan los demonios.	마족이 사용하는 독에 중독된거 같아요.				클레릭 서브 마스터
QUEST_UNUSED_20151102_002145	Me duele mucho en las zonas de la herida y me cuesta respirar..{nl}Cuando le cuentas mis síntomas a	상처가 있는 부위엔 고통이 심하고 숨쉬기가 조금씩 힘듭니다.{nl}오르샤에 계신 클레릭 서브 마스터님에게 제 증상을 말씀드리면 금방 도와주시지 않을까요?				약초꾼 테일스
QUEST_UNUSED_20151102_002146	Gracias al medicamento tengo menos dolor y puedo respirar bien.	치명적인 독입니다. 일분 일초가 급합니다. 제가 약을 드릴테니 빨리 환자에게 가 약을 먹이세요.				클레릭 서브 마스터
QUEST_UNUSED_20151102_002147	Gracias al medicamento tengo menos dolor y puedo respirar bien.{nl}Gracias.	약 덕분에 고통이 덜하고 숨쉬기가 한결 편해졌습니다.{nl}감사합니다.				약초꾼 테일스
QUEST_UNUSED_20151102_002148	Veamos qué pasó en la aldea para averiguar el paradero de los aldeanos. {nl}Quiero que revises los distritos A, B y C.	마을에 무슨 일이 있었는지 확인해 마을 사람들의 행방을 찾아보죠.{nl}당신은 a지역하고 b지역, c지역을 확인해주세요. 				로제
QUEST_UNUSED_20151102_002149	Echaré un vistazo en otros lugares.	
전 다른 장소를 확인해볼게요.				로제
QUEST_UNUSED_20151102_002150	¿Has encontrado alguna pista para encontrar el paradero de los aldeanos?	마을 사람들의 행방 쫓는데 도움이 될만한 단서를 발견하셨나요?				로제
QUEST_UNUSED_20151102_002151	He comprobado los pasos de los demonios en el pueblo. Estoy seguro de que los demonios han irrumpido en la aldea. No hay cadáveres y la casa parece normal, por lo que los demonios no planean robar.	전 마을 안에서 마족의 발자국 같은걸 확인했어요. 아무래도 마족이 마을에 침입을 했어요. 사람 시체가 없고 집안의 멀쩡한 걸로 봐선 마족은 약탈이 목적이 아닌거 같아요.				로제
QUEST_UNUSED_20151102_002152	Entonces, ¿por qué y para qué los demonios se llevaron a los aldeanos?	그렇다면 마족은 왜, 무엇때문에 마을 사람을 데리고 갔을까요?				로제
QUEST_UNUSED_20151102_002153	Allá. El mármol de Polki. Cuando llegué al pueblo, vi el mármol de Polki caer al suelo.	저기! 폴키의 구슬이 또 있어요. 제가 마을에 막 도착했을 때에도 폴키의 구슬이 떨어져 있었던 걸 봤어요.				로제
QUEST_UNUSED_20151102_002154	El mármol de Polki puede ser una pista importante para buscar a los aldeanos.	폴키의 구슬이 마을 사람을 찾는데 중요한 단서가 되지 않을까요?				로제
QUEST_UNUSED_20151102_002155	Busquemos el mármol de Polki.	폴키의 구슬을 찾아보죠.				로제
QUEST_UNUSED_20151102_002156	Ya no puedo ver el mármol de Polki.	폴키의 구슬이 더 이상 보이지 않아요.				로제
QUEST_UNUSED_20151102_002157	Creo que a Polki se le cayó la canica, pero no podemos encontrarla. {nl}Echemos un vistazo a nuestro alrededor.	폴키가 구슬을 떨어드렸는데 우리가 못찾은걸거예요.{nl}주변을 찾아보죠.				로제
QUEST_UNUSED_20151102_002158	Estoy seguro de que a Polki se le cayó la canica por aquí.	분명히 폴키는 이 주변에 구슬을 떨어놓았을 거예요.				로제
QUEST_UNUSED_20151102_002159	XX Aldeano	XX 마을 주민				
QUEST_UNUSED_20151102_002160	¿Q-quién... eres tú?	다... 당신 누구야!				XX 마을 주민
QUEST_UNUSED_20151102_002161	¿E-estás... del mismo lado que los demonios?	다.. 당신도 마족하고 한편 아니야?				테스
QUEST_UNUSED_20151102_002162	¡Oh diosa! Gracias.	오 여신이시여! 감사합니다.				XX 마을 주민
QUEST_UNUSED_20151102_002163	Si no fueras tú, todos hubiéramos muerto.	당신이 아니였으면 분명 우리 모두 죽었을거예요.				XX 마을 주민
QUEST_UNUSED_20151102_002164	¡Los demonios nos dijeron que van a usar los frenos y nos usarán como fuente del árbol divino! Deberíamos buscar a alguien que esté calificado.	마족이 고사리를 이용해서 우릴 신수의 양분으로 만드고 했어! 적합자만 준비 되면 된다고 했어.				XX 마을 주민
QUEST_UNUSED_20151102_002165	Los demonios irrumpieron en la aldea y se llevaron a la gente.	마족이 마을에 침입해서 사람들을 모두 끌고 갔어.				XX 마을 주민
QUEST_UNUSED_20151102_002166	Los demonios se llevaban a los aldeanos y se dirigían hacia el monasterio. Los demonios se detuvieron mientras nos llevaban por un largo tiempo y luego aparecieron los magos.	마족은 마을 주민을 데리고 수도원으로 향하는 중이였지. 마족이 우릴 한참을 끌려가던 중 멈춰섰고 마법사가 나타났어.				XX 마을 주민
QUEST_UNUSED_20151102_002167	El mago ha realizado algún ritual no identificado a los aldeanos. {nl} Cuando realizó el ritual a los aldeanos, no hubo respuestas únicas, pero pude ver la respuesta cuando le hicimos el ritual a tu hermano, Edmundas.	마법사는 마을 주민에게서 정체를 알 수 없는 의식을 진행했어.{nl}마을 사람에게 의식을 진행했을 때 별 반응이 없었는데 로제 너의 오빠, 에드문다스에게 의식을 진행하니 반응이 보였어.				XX 마을 주민
QUEST_UNUSED_20151102_002168	El mago ordenó a los demonios que se llevaran a Edmundas por separado.	마법사는 마족에게 에드문다스만 따로 데려가라는 지시를 했어.				XX 마을 주민
QUEST_UNUSED_20151102_002169	El mago nos amenazó. Le hemos dicho al mago que Edmundas tiene una hermana que eres tú. {nl} Y también describí tus apariencias.	마법사는 우릴 협박했어. 우린 마법사에게 에드문다스에겐 여동생 로제, 네가 있다는 사실을 알려줬어.{nl}그리고 로제 너의 생김새 등을 말해줬어.				XX 마을 주민
QUEST_UNUSED_20151102_002170	Después de escuchar la información sobre usted, el mago nos dijo que	마법사는 로제, 너의 정보를 듣고 나선 우리에게 				XX 마을 주민
QUEST_UNUSED_20151102_002171	Kruvina ya está preparada y los helechos gigantes.	크루비나는 이미 준비됐고 거대 고사리들은 곧 죽음의 포자를 내뿜을 것이다.				XX 마을 주민
QUEST_UNUSED_20151102_002172	Pronto brotarían las esporas de la muerte.	 라고 말을 했어.				XX 마을 주민
QUEST_UNUSED_20151102_002173	Y él continuó,	그가 이어서 말하길 				XX 마을 주민
QUEST_UNUSED_20151102_002174	Si alguien con las calificaciones está listo, todos los humanos morirán.	적합자만 준비된다면 너희들은 물론이고 인간들 모두가 죽을 것이다. 영혼은 신수의 양분으로 쓰겠다.				XX 마을 주민
QUEST_UNUSED_20151102_002175	Tus espíritus serán utilizados como fuente de los árboles divinos.	 라는 말을 했어.				XX 마을 주민
QUEST_UNUSED_20151102_002176	Después de escuchar las palabras del mago, escapé para hacérselo saber al señor de Orsha.	난 마법사의 말을 듣고 빨리 오르샤 영주에게 알려야겠다 싶어 기회를 노려서 도망을 쳤어.				XX 마을 주민
QUEST_UNUSED_20151102_002177	Vamos rápido al monasterio.	어서 수도원으로 가죠.				로제
QUEST_UNUSED_20151102_002178	Ceniza herbolaria	약초꾼 아스				
QUEST_UNUSED_20151102_002179	Mientras recogía las hierbas, aparecieron los demonios y me atacaron. Afortunadamente, me escapé, pero tengo miedo de que el demonio vuelva a atacarme.	약초를 캐다가 마족이 나타나 절 공격했어요. 다행히 도망은 쳤지만 마족이 또 절 공격할까 두렵네요.				약초꾼 아스
QUEST_UNUSED_20151102_002180	Desde hace unos meses, el demonio comenzó a aparecer en el bosque de Knidos.	요 몇 달전 부터 마족이 크니도스 숲에 나타나기 시작했어요.				약초꾼 아스
QUEST_UNUSED_20151102_002181	Gracias a ti, el lugar parece estar un poco estabilizado.	덕분에 지역이 좀 안정된거 같네요.				약초꾼 아스
QUEST_UNUSED_20151102_002182	Mientras me movía para recoger las hierbas, era la primera vez que veía a los demonios recogiendo la hierba. No estoy seguro de si los demonios están tramando algo o no. Supongo que debería comprobar qué hierba están recogiendo.	제가 약초를 캐러다니면서 마족이 풀을 채취하는 모습은 생전 처음 봤어요. 마족이 뭔가 일을 꾸미는거 찜찜하네요. 마족이 무슨 풀을 채취하는지 확인해봐야겠어요.				약초꾼 아스
QUEST_UNUSED_20151102_002183	¿Has comprobado qué hierba extrajeron los demonios?	마족이 무슨 풀을 채취하는지 확인하셨나요?				약초꾼 아스
QUEST_UNUSED_20151102_002184	Como esperaba. {nl}Los demonios en realidad están extrayendo hierbas que son altamente tóxicas.	역시 제 예상이 맞았어요. {nl}마족은 독성이 강한 약초를 캐고 있었어요.				약초꾼 아스
QUEST_UNUSED_20151102_002185	Si procesamos más esta hierba, se convertiría en un veneno mortal para los humanos. Es muy seguro que los demonios están extrayendo estas hierbas. Supongo que debería hacer algo para que los demonios no puedan recoger las hierbas. Rociaré el fluido corporal de los monstruos para matar las hierbas.	이 약초를 가공하면 사람에게 치명적인 독이 돼요. 이 약초를 마족이 채취한다는 것은 불 보듯 뻔해요. 마족이 약초를 채취하지 못하도록 조치를 취해야겠어요. 몬스터의 체액을 뿌려서 약초를 죽여야겠어요.				약초꾼 아스
QUEST_UNUSED_20151102_002186	No dejaré que los demonios hagan lo que quieran.	절대 마족이 원하는대로 하게 두진 않을거예요.				약초꾼 아스
QUEST_UNUSED_20151102_002187	Esto sería suficiente.	이정도 양이면 충분해요.				약초꾼 아스
QUEST_UNUSED_20151102_002188	Espolvorea el fluido corporal de los monstruos sobre las hierbas.	약초에다 몬스터의 체액을 뿌리세요.				약초꾼 아스
QUEST_UNUSED_20151102_002189	Espolvorea el fluido corporal de los monstruos en el lugar donde hay hierbas.	약초 있는 곳에 몬스터의 체액을 뿌리세요.				약초꾼 아스
QUEST_UNUSED_20151102_002190	Como no hay más hierbas, los demonios ya no podrán recogerlas.	약초가 없으니 마족은 더 이상 약초를 캐지 못할거예요.				약초꾼 아스
QUEST_UNUSED_20151102_002191	No pareces un colono, ¿de dónde vienes?	보아하니 이주민은 아닌 거 같은데 어떻게 오시는 길입니까?				이주민 보웨인
QUEST_UNUSED_20151102_002192	{nl}¡Ahha! Tú eres quien vino con el mayor.{nl}Para encontrarte con el mayor, será mejor que vayas rápido al campamento.{nl}Cuando una persona sale de Orsha, irá a encontrarse con el señor.{nl}	{nl}아하! 촌장님과 함께 오셨던 분이시군요.{nl}촌장님을 만나시려면 빨리 캠프지역으로 가보시는 게 좋을 겁니다.{nl}곧 오르샤에서 사람이 나오면 영주님을 뵈러간다고 하셨거든요.{nl}				이주민 보웨인
QUEST_UNUSED_20151102_002193	No pareces un colono... ¿Eres un viajero?{nl}Hubo una orden del señor para que los colonos en el distrito oeste de Orsha esperaran en el estanque Lemprasa.{nl}Cuando llegaron hasta aquí, el señor nos dijo que enviaría a los soldados y a los oficiales, pero{nl}I no puedo ver a ninguna gente como ellos.	이주민은 아닌거 같은데 여행자 이십니까?{nl}오르샤 서쪽 지역의 이주민들은 렘파라사 연못에서 대기하라는 영주님의 명령이 있었습니다.{nl}여기까지 오면 영주님이 병사들과 관리들을 보내서 도와주신다고 하셨는 데{nl}그런 사람들은 보이지 않는 군요..				이주민 보웨인
QUEST_UNUSED_20151102_002194	{nl}Estoy esperando a mis amigos, así que ve al segundo distrito y conoce a Bropen.{nl}Él te dirá a dónde ha ido Romanis.	{nl}저는 동료를 기다리는 중이니 2번 지역으로 가셔서 브로펜을 만나보십시오.{nl}그가 로마나스 촌장님이 어디로 갔는지 알려줄 겁니다.				이주민 보웨인
QUEST_UNUSED_20151102_002195	Después de Medzio Diena, no hubo señales especiales hasta hace poco. {nl} Excepto la gente que vino de muy lejos o la gente que se fue más al sur y regresó después de llegar al mar.	신수의 날 이후, 얼마 전까진 마을엔 별다른 징후가 없었습니다.{nl}먼 곳에서 피난 오는 사람들이나 더 남쪽으로 도망치다가 바다에 다다라 다시 돌아오는 사람들 말곤요..				이주민 브로펜
QUEST_UNUSED_20151102_002196	¡Muchas gracias por ayudarme! {nl}I casi estaba enterrado aquí.	도와주셔서 정말 감사합니다!{nl}하마터면 여기에 묻힐뻔 했습니다.				이주민 브로펜
QUEST_UNUSED_20151102_002197	{nl}¿Cómo podría decirnos que esperemos a los colonos en este lugar peligroso? {nl}Cuando lleguen las familias, supongo que debería mudarme a otro lugar.	{nl}이런 위험한 곳에 이주민들을 기다리라고 하다니..{nl}가족들이 도착하면 다른 곳으로 이동해야 겠습니다..				이주민 브로펜
QUEST_UNUSED_20151102_002198	Parece que has subido de nivel mientras luchas contra Kepas.{nl}Los que vienen de fuera aprenden todo rápido.{nl}Envidio tu ritmo de aprendizaje.	방금 케파들을 상대하시면서 레벨업을 하신 것 같습니다.{nl}외지에서 오신 분들은 뭐든지 빠르게 습득하시는군요.{nl}그렇게 빨리 강해지는 게 부럽습니다.				이주민 브로펜
QUEST_UNUSED_20151102_002199	{nl}{nl}Si has subido de nivel, puedes volverte más fuerte seleccionando uno de los estados.{nl}¿Quieres comprobarlo ahora?	{nl}{nl}레벨 업을 했다면 한 가지 스테이터스를 선택해서 더욱 강해질 수 있습니다.{nl}지금 확인해 보시겠습니까?				이주민 브로펜
QUEST_UNUSED_20151102_002200	Esa fue una buena selección.{nl}Puedes seleccionar un estado a medida que subes de nivel.{nl}Espero que tomes una decisión cautelosa.	훌륭한 선택입니다.{nl}레벨업을 할 때마다 스테이터스를 선택하실 수 있을 겁니다.{nl}신중한 선택을 하시기 바랍니다.				이주민 브로펜
QUEST_UNUSED_20151102_002201	¿Estás buscando al anciano de Romanas? {nl} El anciano se ha ido al campamento en dirección a Reila. {nl} Si vas a ir al campamento, ¿podrías pasarme este ungüento? {nl} Casi me muero, así que creo que necesito descansar un poco.	로마나스 촌장님을 찾고 계시다구요?{nl}촌장님이라면 아까 레일라와 함께 캠프 방향으로 가셨습니다.{nl}캠프로 가실 예정이라면 레일라에게 이 풀 잎 연고를 전해주실 수 있겠습니까?{nl}방금 죽을 고비를 넘겨서 다리가 후들거려서 저는 잠시 쉬어야할 것 같습니다.				이주민 브로펜
QUEST_UNUSED_20151102_002202	Escuché que el pequeño pueblo que está al otro lado del río se convirtió en ruinas. {nl} Si el señor no nos hubiera ordenado que nos mudáramos, nosotros también habríamos estado en peligro.	이곳으로 오면서 들은 이야긴데 마을 강 건너편에 있던 작은 마을이 몬스터들 때문에 폐허가 되었다고 하더군요.{nl}영주님이 이주령을 내리지 않았다면 우리 마을도 위험했을 겁니다.				이주민 브로펜
QUEST_UNUSED_20151102_002203	Este es el ungüento que Bropen iba a traer. {nl} ¿Lo has traído en nombre de Bropen? Muchas gracias.{nl}El anciano romano se fue al distrito del campamento.{nl}I estaba esperando a Bropen.	이건 브로펜이 가져다 주기로한 연고군요.{nl}브로펜 대신 가져다 주신건가요? 정말 감사합니다.{nl}로마나스 촌장님은 캠프지역으로 가셨어요.{nl}저는 브로펜을 기다리고 있었답니다.				이주민 레일라
QUEST_UNUSED_20151102_002204	{nl}Si has subido de nivel, usa los puntos de habilidad.{nl}Cuando uses los puntos de habilidad, ¡puedes obtener nuevas habilidades o mejorar las existentes!	{nl}아참, 레벨업 하셨으면 스킬 포인트를 사용해 보세요.{nl}스킬 포인트를 사용하면 새로운 스킬을 얻거나 기존 스킬을 강화하실 수 있어요!				이주민 레일라
QUEST_UNUSED_20151102_002205	¿Entonces vienes? Has hecho bien en ayudar a los aldeanos. {nl}Pronto iré a Orsha para encontrarme con el señor. ¿Adónde vas?{nl}No hay pueblos excepto Orsha y Klaipeda, que los aventureros probablemente visitarán en la parte sur del reino.{nl}Si vas a emprender un viaje largo, no estaría mal pasar por Orsha y encontrarte con el señor.	이제 오는가? 마을 사람들을 도와주고 오느라 고생이 많았네.{nl}나는 곧 영주님을 만나러 오르샤로 들어간다네 자네는 어디로 가는가?{nl}왕국의 남부에 모험가들이 들릴만한 마을은 이제 저 오르샤와 클라페다 말곤 없다네{nl}먼 길을 여행할 예정이라면 오르샤에 들려서 영주님을 뵙고 가는 것도 나쁘지 않을 걸세				촌장 로마나스
QUEST_UNUSED_20151102_002206	{nl}Lo siento, pero si no estás ocupado, quiero que ayudes a los colonos.	{nl}누차 염치없이 말하네만, 자네가 바쁘지 않다면 이주민들을 좀 더 도와주면 좋겠네.				촌장 로마나스
QUEST_UNUSED_20151102_002207	¡Escuché que alguien está ayudando a los colonos y eres tú! {nl} En nombre del anciano, realmente te aprecio.	이주민들을 도와주는 사람이 있다고 들었는데 바로 당신이군요!{nl}영주님을 대신하여 정말 감사드립니다.				관리관 류타스
QUEST_UNUSED_20151102_002208	{nl}¿Vas a parar en Orsha?{nl}Pero, como puedes ver, estoy un poco ocupado.{nl}Si puedes esperar un poco, te ayudaré después de ayudar a estas personas.	{nl}오르샤에 들리실 예정이신 거죠?{nl}하지만 보시는 것처럼 제가 조금 바쁘군요.{nl}잠시만 기다려주시면 이 사람들 수속을 마치고 바로 편의를 봐드리겠습니다.				관리관 류타스
QUEST_UNUSED_20151102_002209	La historia de que los monstruos pisaron las aldeas al otro lado de los ríos, los campos y las montañas se difundió rápidamente... {nl} He persuadido a la gente de que los soldados vendrían a ayudarnos desde Orsha, pero a medida que se difundió la historia de que la aldea de al lado fue atacada por los monstruos, no pude reducir la agitación de la gente.	강 건너, 들 건너, 산 너머 마을들이 몬스터들에게 짓밟혔다는 이야기가 삽시간에 퍼졌다네..{nl}오르샤에서 군인들이 우릴 도우러 올거라고 사람들을 타일렀지만 바로 옆 마을이 몬스터들에게 당했다는 소식이 전해지자 사람들의 동요 억누를 수 없었다네.				촌장 로마나스
QUEST_UNUSED_20151102_002210	{nl}I pensé que las diosas nos abandonaron. Iba a trasladar a la gente a Klaipeda.{nl}En ese momento, ordenaron a la gente que se trasladara a la tierra donde sobrevivió el señor..{nl}Los daños fueron demasiado graves. Debería habernos llamado antes...	{nl}여신이 우릴 버렸다고 생각했지. 나는 사람들을 클라페다로 피난시키려고 했다네{nl}그때 영주님이 살아남은 마을에 이주령을 내렸다네..{nl}너무 피해가 컸어 더 빨리 불러주셨어야 했는데..				촌장 로마나스
QUEST_UNUSED_20151102_002211	Es muy difícil para mí hacer esto todo el día.{nl}Quizás sea mejor seguir a los monstruos como a los soldados.{nl}Quiero ayudarte... pero, por favor, piensa también en mi situación.{nl}Si te dejo entrar primero, se enojarán.{nl}	하루 종일 이 일을 하는 것도 꽤 힘듭니다.{nl}차라리 병사들처럼 몬스터나 좇아다니는 게 나을지도 모르겠어요.{nl}바로 편의를 봐드리고 싶지만.. 제 사정도 좀 봐주십시오.{nl}당신을 여기서 먼저 들여보내면 저 사람들이 불같이 화를 낼겁니다.{nl}				관리관 류타스
QUEST_UNUSED_20151102_002212	Cancelaré mis palabras de que seguiría a los monstruos como a los soldados hace un tiempo.{nl}Incluso cuando tengamos más de 10 vidas, no sería suficiente.{nl}Gracias a ti, pude bloquear a los monstruos para que no entraran en Orsha.{nl}Era un momento de sustitución, así que casi caigo en peligro.	제가 아까 병사들처럼 몬스터 좇아다니겠다고 한 말은 취소하겠습니다.{nl}목숨이 열 개라도 모자르겠군요.{nl}당신 덕에 오르샤로 몬스터가 몰려들어가는 걸 막을 수 있었습니다.{nl}교대 시간이라 병사들도 없었는 데, 큰일 날 뻔했군요.				관리관 류타스
QUEST_UNUSED_20151102_002213	Todos los colonos que se estaban registrando huyeron... seremos libres por algún tiempo.{nl}Te invitamos a entrar en Orsha.{nl}El señor es muy fuerte y frío.{nl}Por favor, ve frente al castillo del señor en la plaza central de Orsha.	수속 중이던 이주민들도 모두 도망쳐버렸고.. 한동안 한가하겠군요.{nl}바로 오르샤로 들어가셔도 좋습니다.{nl}영주님은 강인하고 냉철한 분입니다.{nl}오르샤 중앙광장의 영주성 앞으로 가보십시오.				관리관 류타스
QUEST_UNUSED_20151102_002214	Los colonos que han viajado durante muchos días están temblando de ansiedad.{nl}La mayoría de ellos no llegaron a ver Orsha.{nl}Debieron haber pensado que el castillo fortaleza del que escucharon un rumor los protegería de manera segura..{nl}Lo sabrías cuando entraras, ha cambiado mucho desde Medzio Diena..	며칠 밤낮을 여행한 이주민들이 오르샤를 보고 불안에 떨고 있습니다.{nl}그들 대부분이 태어나서 오르샤를 볼 일이 없었습니다.{nl}소문으로만 듣던 으리으리한 성채가 자신들을 안전하게 보호해줄거라고 생각했을 탠데..{nl}들어가 보시면 알겠지만 신수의 날 이후로 많이 변했습니다..				관리관 류타스
QUEST_UNUSED_20151102_002215	Soy Innessa Hemandale, quien controla Orsha.{nl}Gracias por ayudar a nuestros ciudadanos.	저는 이 오르샤를 다스리는 영주 이네사 해먼데일 입니다.{nl}제 영주민들을 도와주셔서 감사합니다.				이네사 해먼데일
QUEST_UNUSED_20151102_002216	Estamos recuperando Orsha como puedes ver.{nl}Con los soldados que tenemos en este momento, es difícil para nosotros proteger Orsha.{nl}Es por eso que estamos trasladando a todos los setters que han sobrevivido a Orsha, incluso si eso significa que vamos a pasar momentos difíciles durante varios años.{nl}	오르샤는 보시는 것처럼 재건 중입니다.{nl}지금의 병력으로는 오르샤를 방어하기도 힘든 실정입니다.{nl}그래서 몇 년 고생할 대비를 하고 살아남은 영주민들을 모두 오르샤로 이주시키는 중입니다.{nl}				이네사 해먼데일
QUEST_UNUSED_20151102_002217	El mundo se volvió salvaje, pero ni los militares ni el rey nos protegieron. {nl}Tú eres quien está ayudando a los colonos, ¿verdad? {nl}Aunque no soy lo suficientemente competente, estoy seguro de que las diosas quieren que te ayude también.	세상이 험난해졌지만 군대도 왕도 우릴 지켜주지 않았어요{nl}이주민들을 도와주고 다니시는 분이 당신이시죠?{nl}보잘것 없는 실력이지만 여신께서도 당신을 돕길 바랄거에요				이주민 이즈나
QUEST_UNUSED_20151102_002218	{nl}Quiero hacer un medicamento que funcione bien en tus heridas.{nl}Si pudieras recolectar hojas rojas del primer distrito, ¡haré el medicamento usando esas!	{nl}당신에게 상처에 잘 듣는 약을 만들어 주고 싶어요.{nl}1번 지역에서 연붉은 잎사귀를 모아와 주시면 그걸 사용해서 만들어 드릴게요!				이주민 이즈나
QUEST_UNUSED_20151102_002219	No soy el colono que trajo Romanas Elder.{nl}Soy una persona de la aldea que recientemente se convirtió en ruinas.{nl}Los cazadores nos dijeron que descubrieron a los monstruos, pero el señor no nos envió el escuadrón.{nl}Cuando mi familia y yo huimos de la aldea, un mensajero del señor vino y nos dijo que nos mudáramos a Orsha.	저는 로마나스 촌장님이 데리고 온 이주민이 아니에요.{nl}얼마 전에 폐허가된 건너마을 사람이죠.{nl}마을 사냥꾼들이 몬스터들을 발견했다고 했지만 영주님은 군대를 보내주지 않았어요.{nl}저와 제 가족들이 마을에서 도망쳐 나올 때 영주님의 연락병이 와서 오르샤로 이주하라고 하더군요.				이주민 이즈나
QUEST_UNUSED_20151102_002220	{nl}{nl}Hubiera sido mejor si nos lo hubiera dicho un poco antes..{nl}No tenemos casa, ni campo, ni árboles.{nl}Qué debemos hacer para vivir ahora..	{nl}{nl}조금만 더 빨리 말해줬다면 좋았을 탠데..{nl}이제 집도 밭도 과일 나무 한 그루도 없어요.{nl}이제 우린 뭘 먹고 살아야할까요..				이주민 이즈나
QUEST_UNUSED_20151102_002221	Con esta cantidad podríamos fabricar el medicamento.	이정도면 충분히 치료약을 만들 수 있겠어요.				이주민 이즈나
QUEST_UNUSED_20151102_002222	{nl}Tómalo.{nl}Gracias por ayudar a los colonos.	{nl}자 가져가세요.{nl}이주민들을 도와주셔서 감사합니다.				이주민 이즈나
QUEST_UNUSED_20151102_002223	Los colonos que han sobrevivido vienen aquí. {nl} Están todos agotados desde que huyeron durante varios días. {nl} Les estoy preparando una bebida tonificante.	살아남은 이주민들이 이곳으로 속속 모여들고 있어요.{nl}모두들 며칠 밤낮을 도망쳐오느라 많이 지쳐있어요.{nl}저는 그들을 위해서 피로 회복제를 만들어 주고 있어요.				이주민 이즈나
QUEST_UNUSED_20151102_002224	Supongo que el señor tuvo una idea diferente, pero no sé por qué no ordenó mudarse antes. {nl}Tal vez el mensajero no fue lo suficientemente diligente. {nl}Tengo muchas cosas que preguntar si me encuentro con el señor.{nl}	{nl}당신도 아마 필요하실 거에요.{nl}2번 지역에서 몬스터들을 처치하고 렘파르 점액을 구해오시면{nl}그걸로 피로 회복제를 만들어 드릴게요.				이주민 이즈나
QUEST_UNUSED_20151102_002225	{nl}Está bien. Por favor toma esto.{nl}Que las diosas te protejan en tu viaje..	영주님도 생각이 있으셔서 그랬겠지만 왜 더 빨리 이주령을 전파하지 않으셨을까요..{nl}혹시 연락병이 게으름을 피운건 아닐까요?{nl}영주님을 뵙게되면 물어보고 싶은게 많아요.				이주민 이즈나
QUEST_UNUSED_20151102_002226	 bien. Por favor toma esto. las diosas te protejan en tu viaje..	렘파르 점액은 이정도면 충분해요.				이주민 이즈나
QUEST_UNUSED_20151102_002227	{nl}Está bien. Por favor toma esto.{nl}Que las diosas te protejan en tu viaje..	{nl}자 이제 이걸 가지고 가세요.{nl}당신의 여정에 여신의 가호가 함께하길..				이주민 이즈나
QUEST_UNUSED_20151102_002228	¿No has visto a la gente deambular por este bosque? {nl}Incluso después de lo que nos dijo el señor {nl}, cuando los monstruos irrumpieron en nuestra aldea, todos nos dispersamos para sobrevivir.	혹시 이주변 숲에서 사람들이 헤매는 걸 못 보셨나요?{nl}촌장님이 오르샤로 도망치라는 외마디 비명소리를 뒤로하고{nl}우리 마을 사람들은 몬스터들이 마을로 쳐들어온 그 순간 살기 위해 뿔뿔히 흩어졌어요.				이주민 이즈나
QUEST_UNUSED_20151102_002229	{nl}Ya es hora de que todos vengan, pero creo que se perdieron en el bosque.{nl}Lo siento, pero ¿puedes encender la hoguera en el tercer distrito para ayudar a los que se perdieron en el bosque?{nl}	{nl}아무리 늦어도 지금쯤이면 다들 올 때가 됐는데 아마도 숲 속에서 길을 잃은 것 같아요.{nl}죄송하지만 3번 지역에서 모닥불을 피워서 숲 속에서 길을 잃은 사람들이 모닥불의 연기를 보고 이 곳으로 올 수 있도록 도와주실 수 있으신가요?{nl}				이주민 이즈나
QUEST_UNUSED_20151102_002230	He conocido a algunas personas aquí. {nl}Nadie vio al mayor.	몇 명은 이곳에서 만났어요. {nl}아무도 촌장님을 본 사람은 없더군요..				이주민 이즈나
QUEST_UNUSED_20151102_002231	¡Muchas gracias!{nl}Las personas que has guiado a través de la hoguera están descansando en la zona segura.{nl}Muchas gracias.	정말 감사합니다!{nl}당신이 모닥불로 인도해준 사람들은 지금 안전한 곳에서 쉬고 있어요.{nl}정말 감사합니다.				이주민 이즈나
QUEST_UNUSED_20151102_002232	Estoy contando el número de personas y parece que ni la mitad ha llegado aquí. {nl}Laún hay mucha gente deambulando por el bosque.{nl}Creo que debería hacer humo con una hoguera más grande.	지금까지 사람들의 머릿수를 세어보니 채 반도 안 되는 사람들이 이곳에 도착한 것 같아요.{nl}아직도 많은 사람들이 숲 속에서 헤매고 있는 것 같아요.{nl}좀 더 커다란 모닥불로 연기를 내야할 것 같아요.				이주민 이즈나
QUEST_UNUSED_20151102_002233	{nl}Para los colonos del distrito 4, quiero que enciendan el fuego en el bosque que preparó Lutas.{nl}Con eso, podrán ver a través de las hojas.{nl}¡Cuento contigo!	{nl}4번 지역에 이주민들을 위해 류타스씨가 준비해둔 장작더미에 불을 붙여주세요.{nl}그거라면 숲의 어디에서건 나뭇잎사이로 볼 수 있을 거에요.{nl}부탁드립니다!				이주민 이즈나
QUEST_UNUSED_20151102_002234	Hubo un gran disturbio{nl}. ¿No estás herido en ninguna parte? {nl} Lamento haberte puesto en este lío.	관리관 류타스씨 말로는 많은 수의 이주민들을 오르샤로 무조건 들여보낼 수 없어서{nl}오르샤 외곽에 이렇게 자그마한 캠프를 여러개 조성해서 이주민들을 지원하고 있다고 해요.{nl}당신이 켜고 다닌 모닥불도 원래 그런 용도구요.				이주민 이즈나
QUEST_UNUSED_20151102_002235	Hubo un gran disturbio. ¿No estás herido en ninguna parte? {nl} Lamento haberte puesto en este lío.	큰 소란이 있던데 어디 다치신 곳은 없나요?{nl}이런 일이 휘말리게 해서 정말 죄송합니다.				이주민 이즈나
QUEST_UNUSED_20151102_002236	{nl}Esto es tan horrible. Esos monstruos gigantescos deambulan por el bosque. {nl} No tenemos nada que podamos hacerles a los colonos en el bosque.	{nl}정말 끔찍하네요. 저런 거대 괴물들이 숲 속에 돌아다니고 있는데{nl}우리가 숲 속의 이주민들에게 해줄 수 있는 게 없다니..				이주민 이즈나
QUEST_UNUSED_20151102_002237	No te había visto antes. ¿Es usted el oficial en Orsha?	못 보던 얼굴인데 당신도 오르샤 관리관이요?				이주민 이바나유
QUEST_UNUSED_20151102_002238	{nl}Ah... maldita sea. Cometí un gran error.{nl}Me llamo Ibanayu de la costa sur.{nl}Escuché que hay muchos suministros y que aquí estaremos protegidos de manera segura, así que corrí hasta aquí sin dormir mientras salía del pueblo en el sur.	{nl}아 이런, 실례를 저질렀군요.{nl}저는 남쪽 해안가에서 올라온 이바나유라고 합니다.{nl}여기 오면 물자도 많고 우릴 안전하게 지켜줄거라고 해서 멀쩡한 남쪽 마을을 놔두고 밤낮으로 이곳으로 달려왔건만..				이주민 이바나유
QUEST_UNUSED_20151102_002239	{nl}Como puedes ver, lo que nos tienen preparado es la hoguera y unos cuantos trozos de hierba.{nl}Además no tenemos suficientes oficiales que nos protejan..	{nl}보시다시피 우릴 위해 준비된거라곤 모닥불이랑 풀떼기 몇 줌이 전부 입니다.{nl}게다가 여기서 우릴 도와줄 병사도 관리도 턱없이 부족하지..				이주민 이바나유
QUEST_UNUSED_20151102_002240	{nl}{nl}Lo que podemos hacer es recoger los bienes que los nativos habían usado y dejado y usarlos para obtener la comida.{nl}¿Puedes recoger los del distrito 5?{nl}Escuché que si dejamos este lugar, los monstruos se volverían locos y la gente como nosotros no puede caminar.	{nl}{nl}별 수 없이 우리가 할 수 있는 거라곤 원주민들이 쓰다 버리고간 물건을 주워서 입에 풀칠이나 하는 겁니다.{nl}5번 지역에서 그것들을 좀 모아다 줄 수 있습니까?{nl}듣자하니 여길 벗어나면 몬스터들이 창궐해서 도무지 우리같은 사람들을 돌아다닐 수가 없다고 합니다.				이주민 이바나유
QUEST_UNUSED_20151102_002241	La costa sur también recibió algunos daños.{nl}Las frutas que bajaron del río al norte destruyeron todas las redes de pesca{nl}y debido al jugo de frutas que brotaba de las frutas, seguí viendo el mar que se volvió colorido.{nl}Al menos, el sur estaba bien ya que no había monstruos allí..	남쪽 해안도 피해가 있긴 마찮가지 입니다.{nl}북쪽 강가에서 떠내려오는 거대한 과일들이 어망을 모두 박살내 놨고{nl}그 과일에서 터진 과즙 때문에 알록달록해진 바닷가를 하염없이 바라만 봤습니다.{nl}그래도 남쪽은 몬스터가 없었으니 버틸만 했죠..				이주민 이바나유
QUEST_UNUSED_20151102_002242	Los usaré bien. Dado que todavía viene gente de los dos pueblos de la costa sur, {nl}I contaré bien la historia sobre ti si me encuentro con el señor.	잘 쓰겠습니다. 아직 남쪽 해안 마을 두 곳에서 사람들이 올라오고 있으니{nl}우리 마을 촌장님을 만나면 당신 이야기도 해두겠습니다.				이주민 이바나유
QUEST_UNUSED_20151102_002243	Te ves muy diferente para ser llamado colono...{nl}La gente alrededor de Orsha no usa ropa así.{nl}¿Eres un viajero?	당신은 이주민이라고 보기엔 어딘가 많이 다르군요..{nl}오르샤 주변 사람들은 그런 옷 안 입고 다니거든요.{nl}혹시 여행자십니까?				이주민 달라나스
QUEST_UNUSED_20151102_002244	No sé quién ha colocado tantas estatuas de la diosa.{nl}Pero, según tengo entendido, es muy antiguo.{nl}Así que se rompen o se convierten en hábitats de monstruos...{nl}y también hay casos de monstruos que entran en la Estatua de la Diosa.	{nl}그렇다면 6번 지역에 있는 제미나 여신상에게 경배를 올려보는 게 어떻습니까?{nl}제미나 여신은 땅을 관장하는 여신으로 여행자들의 여행길을 돌보는 자애로운 여신이십니다.{nl}물론 어느날 부터인가 우리 기도에 응답해주지 않으셨지만요.				이주민 달라나스
QUEST_UNUSED_20151102_002245	No sé quién ha colocado tantas estatuas de la diosa.{nl}Pero, según tengo entendido, es muy antiguo.{nl}Así que se rompen o se convierten en hábitats de monstruos...{nl}y también hay casos de monstruos que entran en la Estatua de la Diosa.	여신상은 누가 그렇게 많이 세워뒀는지 저도 잘 모릅니다.{nl}듣기론 아주 오래되었다고 하더군요.{nl}그래서 망가지거나 몬스터들의 서식지가 되거나..{nl}혹은 몬스터가 여신상에 깃드는 일도 있다고 합니다.				이주민 달라나스
QUEST_UNUSED_20151102_002246	¿Has estado en el distrito 7? El anciano nos pidió que nos reuniéramos en el distrito 7 cuando lleguemos al estanque Lemprasa, pero no podemos ir debido a los monstruos... {nl} Para evitar que se lo roben los colonos, debemos ir allí primero. Pero no puedo hacer eso con mis habilidades.	{nl}물론 믿거나 말거나입니다만..				이주민 달라나스
QUEST_UNUSED_20151102_002247	¿Has estado en el distrito 7? El anciano nos pidió que nos reuniéramos en el distrito 7 cuando lleguemos al estanque Lemprasa, pero no podemos ir debido a los monstruos... {nl} Para evitar que se lo roben los colonos, debemos ir allí primero. {nl} Pero no puedo hacer eso con mis habilidades.	혹시 7번 지역에 가봤습니까? 마을을 떠나기 전에 촌장님이 렘파라사 연못에 도착하면 7번 지역에서 만나자고 했는데 몬스터 때문에 갈 수가 있어야지요..{nl}다른 마을 이주민들에게 빼앗기지 않으려면 우리가 먼저 가서 눌러 앉아야하는데{nl}제 실력으론 그럴 수가 없군요.				이주민 달라나스
QUEST_UNUSED_20151102_002248	{nl}Si aparecen monstruos por ahí, ¿podrías derrotarlos? {nl}Cuando venga el anciano, seguro le hablaré de ti.	{nl}혹시 그 근처에 몬스터가 있다면 좀 해치워 주실 수 있습니까?{nl}촌장님이 오시면 제가 꼭 당신 이야기를 해드리지요.				이주민 달라나스
QUEST_UNUSED_20151102_002249	Debido a la orden de mudarme, abandoné mi casa y culpé mucho a {nl}Después de enterarme de la situación en el norte, dejé de pensar en eso.{nl}Espero que el pueblo esté a salvo hasta que se levante la orden.{nl}Los ancianos se fueron de aquí porque dijeron que no podían salir del pueblo.	이주령 때문에 집을 버리고 오면서 처음엔 원망도 많이 했지만{nl}여기 와서 북쪽 마을 상황을 들으니 그 생각이 접히더군요.{nl}이주령이 해제될 때까지 마을이 무사했으면 좋겠습니다.{nl}마을 원로들이 마을을 떠날 수 없다며 남아버렸거든요.				이주민 달라나스
QUEST_UNUSED_20151102_002250	¿Cómo pueden pedirnos que nos reunamos en el lugar donde los monstruos se están volviendo locos? {nl}El señor nos está pidiendo demasiado.	그렇게 몬스터가 우글거리는 곳으로 우리 마을 사람들을 모이라고 했다니..{nl}영주님도 너무 하시는 군요.				이주민 달라나스
QUEST_UNUSED_20151102_002251	Después de la orden de salir, no nos movimos con los aldeanos. {nl} Creo que las personas que se fueron antes que nosotros probablemente ya estarían en el distrito 8. {nl} ¿Puedes traer a esas personas de regreso aquí?	이주령이 떨어진 뒤로 마을 사람들이 함께 이동한 게 아니라서{nl}저 보다 선두로 떠난 사람들은 이미 8번 지역에 있을 것 같습니다.{nl}그 사람들을 이곳으로 데려와 줄 수 있으시겠습니까?				이주민 달라나스
QUEST_UNUSED_20151102_002252	{nl}Incluso si nos agrupamos con la gente de Romanas Elder, {nl}este lugar parece más seguro que el distrito 8...	{nl}아무래도 로마나스 촌장님네 사람들이랑 부대끼더라도{nl}여기가 8번 지역보단 안전한 것 같아서 말입니다..				이주민 달라나스
QUEST_UNUSED_20151102_002253	Sé que este lugar ha sido preparado para nosotros, pero no esperaba que fuera tan peligroso...	우릴 위해 준비된 곳이라지만 저렇게 위험해서야..				이주민 달라나스
QUEST_UNUSED_20151102_002254	Gracias. Debería preguntarle a Romanas antes de que nuestro mayor venga aquí que {nl} si puedo estar aquí.	감사합니다. 로마나스 촌장님껜 우리 촌장님이 오시기 전까진{nl}제가 따로 말씀드려서 함께 있어도 되냐고 물어봐야겠군요.				이주민 달라나스
QUEST_UNUSED_20151102_002255	{nl}Tengo una petición para un héroe como él.{nl}En Orsha, nuestros residentes tienen a alguien{nl}en quien confían espiritualmente más que en el señor.	미지의 인물이 내 영주민들을 도와주고 다닌다는 이야기는 익히 들었습니다.{nl}그 사람은 여러모로 선망의 대상이라고 하더군요.{nl}왕국도 영주도 구하지 못한 자신들을 도왔다고 소문이 자자합니다.{nl}여신이 보내준 영웅이라는 말도 있지요.				이네사 해먼데일
QUEST_UNUSED_20151102_002256	{nl}Tengo una petición para un héroe como él.{nl}En Orsha, nuestros residentes tienen a alguien{nl}en quien confían espiritualmente más que en el señor.	{nl}그런 영웅에게 긴이 부탁드릴 일이 있습니다.{nl}우리 오르샤엔 이 혼탁한 세상에 영주민들이 마음 속으로 부터 이 영주 보다 더{nl}의지하는 정신적 지주가 있습니다.				이네사 해먼데일
QUEST_UNUSED_20151102_002257	{nl}Urbonas es alguien que todos necesitamos para recuperar a Orsha que fue despedazado.{nl}Pero últimamente no puedo verlo.{nl}Desapareció con sus sacerdotes sin decir palabra.{nl}Mis agentes están buscando el paradero de Urbonas.	{nl}우르보나스님은 반파된 오르샤를 지지하는 없어선 안 될 인물 중 하납니다.{nl}그런데 얼마 전부터 우르보나스님이 보이지 않습니다.{nl}자신의 사제들을 데리고 갑자기 소리소문 없이 떠나버렸습니다.{nl}제 직속 정보대원들은 그런 우르보나스님의 행방을 찾고 있습니다.				이네사 해먼데일
QUEST_UNUSED_20151102_002258	{nl}Quiero solicitar ayuda para dar con el paradero de Urbonas.{nl}Sin que nadie lo sepa...	{nl}당신에게도 우르보나스님의 행방을 찾는 일을 부탁드리고 싶습니다.{nl}아무도 모르게 말이죠..				이네사 해먼데일
QUEST_UNUSED_20151102_002259	Se produciría un gran caos si los residentes se enteraran de esto. {nl} La orden de mudarse ya llegó tarde y varios pueblos fueron atacados por los monstruos. {nl} Si descubren que Urbonas desapareció, sería difícil controlar Orsha.	영주민들이 이 사실을 알면 큰 혼란이 찾아 올 것입니다.{nl}안 그래도 이주령이 늦어서 여러 마을이 몬스터들에게 당한 상태에서{nl}우르보나스님마저 사라진 사실을 알게된다면 오르샤를 통치하기 힘들어 질 것 입니다.				이네사 해먼데일
QUEST_UNUSED_20151102_002260	Últimamente, uno de sus discípulos, Pranas, regresó.{nl}TPara escuchar más detalles, hablé con él, pero Pranas tampoco sabe por qué.{nl}Está ocupado buscando el paradero de Urbonas.{nl}Mis subordinados y los cazadores contratados están buscando en el Bosque de los Puentes Vinculados y el Cruce de Paupys.	얼마 전에 그의 제자 중 하나인 사제 프라나스님이 돌아오셨더군요.{nl}자초지종을 들어보려 면담했지만 프라나스님도 어찌된 영문인지 모르더군요.{nl}지금은 우르보나스님의 행방을 찾는데 앞장서고 있습니다.{nl}제 직속 부하들과 고용된 추적자들이 덧댄다리 숲과 파우피스 나루를 샅샅이 수색 중입니다.				이네사 해먼데일
QUEST_UNUSED_20151102_002261	{nl}Pero no hay más progreso debido a los monstruos escandalosos.{nl}Necesitamos tu ayuda.	{nl}하지만 강성하는 몬스터들 앞에서 더 이상의 진전은 없군요.{nl}당신의 도움이 필요합니다.				이네사 해먼데일
QUEST_UNUSED_20151102_002262	Debemos buscar a Urbonas.{nl}En este mundo, donde ni siquiera las diosas responden, la única en la que podemos confiar es Urbonas.	우린 우르보나스님을 반드시 찾아야합니다.{nl}여신 조차 응답하지 않는 이 세상에서 영주민들이 기댈 곳은 우르보나스님 뿐입니다.				이네사 해먼데일
QUEST_UNUSED_20151102_002263	Urbonas está cooperando con mi familia.{nl}Recientemente, hay informes de que están apareciendo demonios en el Bosque de los Puentes Vinculados y el Cruce de Paupys.{nl}No puedo asegurarlo, pero no tengo un buen presentimiento al respecto.{nl}Para Orsha y sus residentes, ¿pueden buscar el paradero de Urbonas?	우르보나스님은 저의 영주 가문과 밀접한 협력관계에 있습니다.{nl}얼마 전부터 덧댄다리 숲과 파우피스 나루에서 마족들이 나타나고 있다는 보고가 있습니다.{nl}자세히 말씀드릴 순 없지만 느낌이 좋지 않습니다.{nl}오르샤와 영주민들을 위해 우르보나스님의 행방을 찾아주실 수 있겠습니까?				이네사 해먼데일
QUEST_UNUSED_20151102_002264	Gracias por ayudarnos.{nl}Visita la Estatua de la Diosa antes de partir.{nl}Las Estatuas de la Diosa serán una guía que necesitarás en tus viajes.	도움을 주셔서 감사합니다.{nl}떠나기 전에 여신상에 들리십시오.{nl}여신상은 앞으로 당신의 여정에 없어선 안 될 길라잡이가 되어줄 것 입니다.				이네사 해먼데일
QUEST_UNUSED_20151102_002265	{nl}Y aunque no es grande, se lo he dicho al comerciante de artículos para que puedas recibir algunos bienes del comerciante.{nl}Que la suerte te acompañe en tu viaje.	{nl}그리고 적지만 잡화상인에게 말해두었으니 지원품을 받아서 가십시오.{nl}당신의 여정에 행운이 깃들길 기원하겠습니다.				이네사 해먼데일
QUEST_UNUSED_20151102_002266	Nunca se debe decir a los vecinos que el obispo ha desaparecido.	절대 영주민들에게 주교가 사라졌다는 이야기는 해선 안 됩니다.				이네사 해먼데일
QUEST_UNUSED_20151102_002267	He tenido noticias del obispo.{nl}Les estás diciendo a los demás que eres el héroe enviado por las diosas mientras ayudas a los residentes afuera, ¿verdad?	영주님께 말씀들었어요.{nl}바깥 영주민들에게 호의를 배풀고 다니면서 여신이 보내준 영웅이라고 한다지요?				잡화상인
QUEST_UNUSED_20151102_002268	{nl}¡Reciba estos productos!	{nl}여기 물품을 받으세요!				잡화상인
QUEST_UNUSED_20151102_002269	Después de que la ciudad capital ha sido destruida, no quedan muchas ciudades intactas en este reino. {nl} Ya sea Klaipeda o Fedimian... {nl} Si necesitas pociones o herramientas en el futuro, te reunirás conmigo a menudo.	수도가 파괴된 이후로 이 왕국엔 그다지 멀쩡한 도시가 몇개 없어요.{nl}클라페다라던가 페디미안이라던가..{nl}앞으로 포션이나 자잘한 도구가 필요하면 저와 자주 만나게 되실 거에요.				잡화상인
QUEST_UNUSED_20151102_002270	{nl}Y parece que el señor le ha pedido algo al Comerciante de Accesorios,{nl}así que será mejor que conozcas al comerciante.	{nl}그리고 영주님이 악세서리 상인에게도 뭔가 부탁해두신 거 같으니{nl}악세서리 상인에게 가보세요.				잡화상인
QUEST_UNUSED_20151102_002271	Los viajeros vienen a Orsha porque es relativamente seguro.{nl}El mundo se ha derrumbado, pero estoy ganando más dinero que antes..{nl}¿No es irónico?{nl}	여행자들이 비교적 안전한 오르샤로 모여들고 있어요.{nl}세상이 이렇게 망해버렸는데 제 주머니는 두둑해지고 있다니..{nl}참 짓궃은 일이지요?{nl}				잡화상인
QUEST_UNUSED_20151102_002272	¡Hola! Tenía muchas ganas de conocerte.{nl}Me cuesta mucho que hayas salvado a mis amigos.{nl}No me he preparado mucho, pero como el obispo también me lo dijo, ¡te daré esto!	안녕하세요! 정말 만나보고 싶었어요.{nl}제 친구들을 구해주셨다고 들었어요.{nl}준비해둔 게 많지 않지만.. 영주님의 명령도 있었으니 이걸 드릴게요!				악세서리 상인
QUEST_UNUSED_20151102_002273	{nl}{nl}Y parece que el obispo te está buscando.{nl}¡Por favor, date prisa!	{nl}{nl}그리고 영주님이 찾으시는 거 같아요.{nl}어서 가보세요!				악세서리 상인
QUEST_UNUSED_20151102_002274	¿Estás listo para partir? Recibí un mensaje del agente que estaba buscando en el Bosque de los Puentes Enlazados.{nl}Parece que encontró algunas pistas sobre el paradero del obispo y su compañía.{nl}Si estás listo, reúnete con Cherasia en Woods Linked Bridges.	떠날 채비는 하셨습니까? 방금 덧댄다리 숲에서 수색중이던 정보원에게 연락이 왔습니다.{nl}주교 일행의 행방을 좇을 단서를 찾았다는 군요.{nl}준비가 됐다면 덧댄다리 숲의 제 직속 정보대원인 체라시아에게 가보세요.				이네사 해먼데일
QUEST_UNUSED_20151102_002275	Pareces ser de quien hablaba el mayor. {nl}Encantado de conocerte. Soy Cherasia.{nl}Estoy buscando aquí el paradero de Urbonas y los sacerdotes.	영주님이 말씀하신 분이신것 같군요.{nl}반갑습니다. 저는 정보대원 체라시아입니다.{nl}여기서 우르보나스님과 사제님들의 행방을 뒤좇고 있습니다.				정보원 체라시아
QUEST_UNUSED_20151102_002276	Les dije a los residentes que los agentes fueron enviados afuera para proteger las áreas, así que quiero que también actúen como si no supieran nada para que los esfuerzos de los agentes no terminen en vano.	정보대원들은 지금 지역 안전을 위해 파견 나가있는 것처럼 영주민들을 속이고 있으니 눈에 띄는 행동으로 그들의 노력을 물거품으로 만들지 마시기 바랍니다.				이네사 해먼데일
QUEST_UNUSED_20151102_002277	Las actividades de Misión no terminaron en vano.{nl}Estoy seguro de que debes haber oído hablar de Pranas por parte del anciano.{nl}Pranas, el tipo que había ido a entrenar en el área norte y regresó recientemente.	수색활동에 성과가 조금 있었습니다.{nl}영주님에게 프라나스님에 대해 들으셨을 겁니다.{nl}북부지역으로 수행을 떠났다가 얼마 전 돌아오신 프라나스님 말입니다.				정보원 체라시아
QUEST_UNUSED_20151102_002278	{nl}Hemos encontrado algunos rastros del sacerdote Irma, quien es uno de los discípulos del obispo aquí.{nl}Y a partir de los rastros que se descubrieron, el memorando que parecía pertenecer a Iruma fue roto en pedazos.{nl}Cuando miras la forma en que fue arrancado, parece que los monstruos los mordieron.	{nl}우리는 이 곳에서 주교님의 제자 중 한 분인 사제 이르마님의 흔적을 발견했습니다.{nl}그리고 발견한 흔적에서 이르마님의 쪽지로 보이는 것이 갈갈이 찢겨져 있었습니다.{nl}찢겨진 모양을 보면 몬스터들이 물어뜯은 것 같습니다.				정보원 체라시아
QUEST_UNUSED_20151102_002279	{nl}Es por eso que atrapé a los monstruos y recuperé las páginas del memorándum...{nl}Pero eso es demasiado trabajo para mí.{nl}¿Puedes derrotar a los monstruos en el distrito 1 y conseguirme las páginas del Sacerdotisa Irma?	{nl}그래서 몬스터들을 잡아서 쪽지 낱장을 회수하던 중입니다만{nl}혼자선 역부족이군요.{nl}1번 지역에서 몬스터들을 잡아서 사제 이르마님의 쪽지 낱장을 구해주실 수 있겠습니까?				정보원 체라시아
QUEST_UNUSED_20151102_002280	Pranas ha partido primero para buscar las huellas de Urbonas con otros oficiales.	프라나스님의 다른 대원들과 우르보나스님의 흔적을 찾기 위해 먼저 가셨습니다.				정보원 체라시아
QUEST_UNUSED_20151102_002281	Ha sido manchado debido al fluido corporal de los monstruos por lo que es difícil reconocerlo, pero{nl}Según lo leí, se trata de ser perseguido por algo.{nl}Será mejor que nos demos prisa.	몬스터들의 타액에 얼룩져서 알아보기 힘들지만{nl}대강의 내용은 뭔가에 좇기고 있다는 내용이군요.{nl}아무래도 서두르는 게 좋겠습니다.				정보원 체라시아
QUEST_UNUSED_20151102_002282	{nl}Toma esto y encuentra Pranas en la región norte.{nl}I buscaré los otros rastros aquí.	{nl}이걸 가지고 북부 지역으로 프라나스님을 찾아가보세요.{nl}저는 여기서 나머지 흔적들을 찾아보겠습니다.				정보원 체라시아
QUEST_UNUSED_20151102_002283	Soy un agente, Moren.{nl}Así que tú eres de quien habló el obispo.{nl}Si están persiguiendo a Iruma, eso significa que también están persiguiendo al obispo, ¿verdad?{nl}Estoy buscando el lugar donde se quedaron el obispo y su compañía.	저는 정보대원 모렌입니다.{nl}영주님께서 말씀하신 분이군요.{nl}이르마님이 좇기고 있다는 건 역시 주교님도 좇기고 있다는 뜻이겠죠?{nl}저는 이곳에서 주교님 일행이 머물렀던 곳을 찾고 있습니다.				정보원 모렌
QUEST_UNUSED_20151102_002284	{nl}Debido a los monstruos cercanos, no puedo investigar exactamente.{nl}Mientras reviso la hoguera aquí, ¿podrás derrotar a los monstruos que nos molestan por aquí?{nl}	{nl}하지만 주변 몬스터들 때문에 정확한 정확하게 조사할 수 없군요.{nl}제가 이 모닥불을 확인하는 동안 주변에서 귀찮게 구는 몬스터들을 처리해 주실 수 있겠습니까?{nl}				정보원 모렌
QUEST_UNUSED_20151102_002285	La investigación aún no se ha realizado.	아직 조사가 끝나지 않았습니다.				정보원 모렌
QUEST_UNUSED_20151102_002286	Encontraste una hoja de papel que parece ennegrecida por algo.{nl}Así que este es el memo.. ¿Cómo es que la quemaron así?{nl}Parece que los viajeros aquí no hicieron esto.{nl}Alguien apagó la hoguera y la cubrió con un trozo de hierba...	뭔가에 그을린 종이를 발견했습니다.{nl}이건 쪽지군요... 왜 이렇게 불태워 둔 것일까요?{nl}이 근처 여행자들이 그런건 아닌 것 같습니다.{nl}모닥불을 끄고 그걸 풀더미로 덮어놨군요..				정보원 모렌
QUEST_UNUSED_20151102_002287	{nl} ¿Qué pasa si se prende fuego...?	{nl}이러다 불이라도 나면 어쩌려고 이렇게 해놨는지..				정보원 모렌
QUEST_UNUSED_20151102_002288	Me dijiste que algo está persiguiendo a la Sacerdotisa Irma, ¿verdad? {nl}Tentonces, este papel ennegrecido es para ocultar algo a los cazadores.{nl}No importa cuál sea el motivo, debemos recolectarlos.	사제 이르마님이 뭔가에 좇기고 있다고 하셨죠?{nl}그렇다면 이 불태운 종이는 추격자들로부터 뭔가 숨기기 위해 태워버린 것이로군요.{nl}뭐가 되었건 지푸라기라도 잡는 심정으로 이것들을 수집할 필요가 있을 것 같습니다.				정보원 모렌
QUEST_UNUSED_20151102_002289	{nl}Mientras estoy mirando el memorándum aquí, mire entre los trozos de hierba que tienen humo{nl}y recoja los memorándums que están medio quemados.{nl}Si puede recogerlos, los analizaré por usted.	{nl}제가 여기서 이 쪽지를 살펴보는 동안 이 주변에서 연기나는 풀더미들을 들춰서{nl}반쯤 타버린 쪽지를 수집해 주시지 않겠습니까?{nl}모아오시면 제가 분석해 드리겠습니다.				정보원 모렌
QUEST_UNUSED_20151102_002290	Estoy seguro que no los encendieron ya que los perseguían...{nl}¿Se encienden para engañar a alguien?	좇기고 있는 사람들이 태평하게 모닥불이나 사방에 피워 뒀을리는 없고..{nl}위장인가?				정보원 모렌
QUEST_UNUSED_20151102_002291	Bien. Analicémoslos ahora.	좋습니다. 이제 이것들을 분석해 보도록 합시다.				정보원 모렌
QUEST_UNUSED_20151102_002292	{nl}Folclore...{nl}La familia Hamondale...{nl}El Revelador...	{nl}전승.. {nl}헤먼대일 가문.. {nl}계시자..				정보원 모렌
QUEST_UNUSED_20151102_002293	{nl}¿El Revelador? ¿Qué está haciendo el Revelador de todos modos? {nl} Será mejor que vayamos a encontrarnos con Pranas rápidamente. {nl} Por favor, vaya al área norte. {nl} Continuaré el resto de la Misión aquí.	{nl}계시자? 계시자라니 대체 무슨일을 벌이고 있는 걸까요?{nl}아무래도 프라나스님께 빨리 찾아가보는 게 좋겠습니다.{nl}북쪽 지역으로 가보십시오.{nl}저는 여기서 나머지 수색을 계속 하겠습니다.				정보원 모렌
QUEST_UNUSED_20151102_002294	¿Estás buscando Pranas? Pranas se fue a Paupys Crossing.{nl}Me dijo que buscara los rastros de los sacerdotes del quinto distrito.{nl}Hay un campamento ubicado allí, pero hay tantos monstruos a los que no puedo enfrentarme solo.{nl}Intenté derrotar a algunos de ellos, pero como todos se precipitaron hacia mí después de eso, es muy difícil para mí volver allí.	프라나스님을 찾고 계시다구요? 프라나스님은 파우피스 나루로 가셨습니다.{nl}제게 5번 지역에서 사제분들의 흔적을 찾아달라고 하시더군요.{nl}확실히 거기에 캠프 같은게 있긴 했지만 제가 감당할 수 없는 수의 몬스터들이 있더군요.{nl}몇 녀석 혼내 줬더니 단체로 달려들어서 제가 다시 그곳으로 가긴 힘들것 같습니다.				추적자 예울리스
QUEST_UNUSED_20151102_002295	{nl}{nl}Si estás bien, ¿puedes buscar en el quinto distrito?	{nl}{nl}괜찮으시다면 5번 지역을 수색해 주실 수 있겠습니까?				추적자 예울리스
QUEST_UNUSED_20151102_002296	Si lo que Moren está pensando es cierto, eso significa que este lugar ya está lleno de monstruos. {nl} ¿Crees que el Revelador realmente existe incluso cuando las diosas desaparecieron? {nl} No lo creo.	모렌의 추측대로 라면 여긴 지금 마족 소굴이라는 이야기가 됩니다.{nl}여신들이 자취를 감췄는데 계시자라뇨.. 그런 옛날 이야기를 믿는단 말입니까?{nl}제 어머니가 자장가로 들려주시던 노래에나 나올 법한 이야기입니다.				추적자 예울리스
QUEST_UNUSED_20151102_002297	{nl}Los agentes tienen demasiadas preocupaciones.{nl}Orsha está muy lejos del lugar donde están apareciendo los demonios...{nl}No te preocupes.{nl}El obispo debe haber ido a algún lado ya que está aburrido.	{nl}정보원들은 너무 걱정이 많아요.{nl}마족들이 출몰하는 곳에서 오르샤가 얼마나 멀리 떨어져있는데요..{nl}걱정하지 마십시오. {nl}주교라는 사람도 항상 교단에만 있어야하니 지루해서 어디 잠깐 놀러간거 겠지요.				추적자 예울리스
QUEST_UNUSED_20151102_002298	Contenido del diario de Urbonas (contenido metafórico){nl}- Se acercaba una era turbulenta y era hora de enfrentar el destino que nuestra orden había estado preparando durante siglos.{nl}- Sólo puedo esperar que Orsha permanezca a salvo hasta que mis sacerdotes y yo podamos completar esta tarea.{nl}- Eso enviado por las diosas... (fin del contenido)	우르보나스의 일지 내용(은유적인 내용으로){nl}- 세상이 크게 혼탁해지는 시기가 도래했고 수백년을 준비해온 우리 교단의 숙명을 마무리 할 때가 되었다.{nl}- 나와 내 사제들이 이 일을 마무리 할 때까지 오르샤가 무사하길 바란다.{nl}- 여신이 보내준..(내용 끊김)				우르보나스의 일지
QUEST_UNUSED_20151102_002299	He visto la llama rugiendo hacia el cielo. ¿Estás diciendo que los demonios realmente aparecieron? {nl} ¿Qué pasa con el diario del obispo? Es demasiado confuso.{nl}Será mejor que volvamos a Pranas.{nl}¡Vuelve a Paupys Crossing en el norte!	저도 치솟는 불길을 보았습니다. 정말로 마족이 나타났다는 말입니까?{nl}주교님의 일지는 또 무슨 말입니까? 혼란 스럽군요.{nl}당장 프라나스님께 가보시는 게 좋겠습니다.{nl}북쪽의 파우피스 나루로 가십시오!				추적자 예울리스
QUEST_UNUSED_20151102_002300	Creo que ya casi está aquí.{nl}Me enteré por el agente del señor.{nl}	지금쯤 올 때가 되었다고 생각하고 있었습니다.{nl}영주님의 연락병에게 이야기 들었습니다.{nl}				추적자 탈바시
QUEST_UNUSED_20151102_002301	Debería simplemente haberme quedado en mi ciudad natal y vivir de la caza. {nl} ¡Demonios! {nl} Mi madre se desmayaría si descubre que estoy persiguiendo demonios.	고향에서 사냥이나 하면서 살걸 그랬습니다.{nl}몬스터도 아니고 마족이라뇨!{nl}제가 마족을 추적하고 있다는 걸 알면 어머니가 기절하실 겁니다..				추적자 예울리스
QUEST_UNUSED_20151102_002302	Estoy ayudando a los agentes aquí para que puedan llevar a cabo sus tareas.{nl}Si tienes la oportunidad de ir al 1er distrito, quiero que derrotes a los monstruos allí,{nl}para que las actividades de los oficiales allí no sean perturbadas.	저는 여기서 정보원들이 원활한 활동을 할 수 있도록 돕고 있습니다.{nl}혹시 1번 지역에 갈 일이 있다면 다른 대원들의 활동이 몬스터들에게 방해받지 않도록{nl}그 지역 몬스터들을 처리해 주실 수 있겠습니까?				정보원 페르니프
QUEST_UNUSED_20151102_002303	En realidad estaba trabajando aquí para una misión diferente. {nl} Recientemente, ocurrieron muchos problemas, incluida la desaparición de los sacerdotes, {nl}, por lo que mi tarea de descubrir por qué los monstruos se dirigían a Orsha se retrasó.	저는 원래 다른 임무를 받고 여기서 활동하고 있었습니다.{nl}최근 사라진 사제들 수색을 포함해서 여러 가지로 문제가 터지는 바람에{nl}몬스터들이 오르샤로 향하는 이유를 조사하던 일이 미뤄졌습니다.				정보원 페르니프
QUEST_UNUSED_20151102_002304	Queremos que los monstruos no se agrupen.{nl}Gracias.	몬스터들은 셋 보단 둘이, 둘 보단 하나가 돌아다니는 게 인간들 입장에선 덜 부담스럽지요.{nl}고생하셨습니다.				정보원 페르니프
QUEST_UNUSED_20151102_002305	Recientemente, los monstruos se están acercando a Orsha. {nl} Entonces, para descubrir qué les pasó, {nl} pusieron a todos los monstruos en un carro y los llevaron al segundo distrito.	얼마 전부터 몬스터들이 오르샤 인근으로 몰려들고 있습니다.{nl}그래서 정보대원들은 녀석들에게 무슨일이 생긴건지 조사하려고{nl}몬스터들을 수레 한 가득 담아서 2번 지역에 몰아 두었지요.				정보원 페르니프
QUEST_UNUSED_20151102_002306	{nl}Pero por otro asunto la carreta fue abandonada y está esparciendo el mal olor.{nl}Por eso los monstruos se están volviendo aún más locos.	{nl}그런데 다른 일이 터지는 바람에 수레가 방치 되었고 결국 악취만 풍기고 있습니다.{nl}그것 때문에 몬스터들이 더 날뛰는 것 같군요.{nl}혹시 2번 지역에 가실 일이 있다면 수레를 좀 태워 주실 수 있겠습니까?				정보원 페르니프
QUEST_UNUSED_20151102_002307	Uno de los principios de los agentes es que lo controlan con las manos y la lengua. {nl} Por eso conocemos mucho agua envenenada y monstruos.	정보대원들의 철칙 중 하나는 그게 뭐가 되었건 눈으로 손으로 혀로 확인해보는 것 입니다.{nl}그래서인지 우린 독극물이나 몬스터 정보엔 빠삭합니다.				정보원 페르니프
QUEST_UNUSED_20151102_002308	Los monstruos no suelen precipitarse hacia el lugar donde comenzó el fuego, así que no tenemos que preocuparnos por este lugar. {nl}Gracias por ayudarme.	몬스터들이 굳이 불이난 곳으로 달려들진 않으니 한 동안 이 주변은 걱정하지 않아도 되겠군요.{nl}도와주셔서 감사합니다.				정보원 페르니프
QUEST_UNUSED_20151102_002309	Muchos cazadores vinieron a su ciudad natal después de ser contratados. {nl} Nunca pensé que Orsha sería tan grande. {nl} Así que traje un bien divertido de mi ciudad natal.	고향에서 꽤 많은 추적자들이 오르샤에 고용되서 왔습니다만{nl}오르샤 주변이 이렇게 넓은 줄은 생각도 못 했습니다.{nl}그래서 말인데 제가 고향에서 재미난 물건을 가져왔습니다.				추적자 게르메이야
QUEST_UNUSED_20151102_002310	{nl}¿Quieres usar este monstruoso estimulante?{nl}Parece que estás recibiendo solicitudes de muchas personas,{nl}entonces, si usas esto, podrás realizar algunas de esas tareas más fácilmente.	{nl}이 몬스터 자극제를 사용해 보시겠습니까?{nl}보아하니 당신도 이 사람 저 사람에게 부탁받고 있는 것 같은데{nl}이걸 써보시면 귀찮은 일들을 좀 쉽게 처리할 수 있을 겁니다.				추적자 게르메이야
QUEST_UNUSED_20151102_002311	Cuando rocías este estimulante de monstruos a los monstruos, los monstruos pueden atacar a mis aliados, {nl} pero, si no hay aliados alrededor, pueden atacar a los humanos.	이 몬스터 자극제를 몬스터에게 뿌리면 몬스터들이 제 동족을 공격하게 되는데{nl}주변에 동족이 없으면 사람을 공격할지도 모릅니다.				추적자 게르메이야
QUEST_UNUSED_20151102_002312	¿Cómo fue? Si los efectos son buenos, debería hacer algunos y venderlos en Orsha. {nl} He trabajado como comerciante antes de que el mundo se volviera así, así que sé lo que vale la pena ganar dinero.	어땠나요? 효과가 좋으면 고향에서 몇 개 만들어서 오르샤에서 팔아야겠군요.{nl}제가 세상이 이렇게 변해버리기 전엔 상인일을 해서 돈 냄새 하나는 기가막히게 잘 맡거든요.				추적자 게르메이야
QUEST_UNUSED_20151102_002313	Los agentes se han ido para otra tarea, así que quieren que haga la investigación en su nombre. {nl}Quieren que investigue el Bosque de los Puentes Enlazados. {nl}Creo que están tratando de ocultar a los refugiados del norte por aquí. {nl}Supongo que no tienen suficiente fuerza.	정보대원들이 다른 일로 나가면서 그들이 하던 조사 활동을 제게 맡겼습니다.{nl}덧댄다리 숲을 전부 조사하고 몬스터들이 몰려있는 곳을 조사하라고 하더군요.{nl}아마도 북쪽 피난민들을 여기 어딘가에 피신시키려고 하는 거 같은데{nl}군병력이 부족해서 그렇겠죠?				추적자 라이티스
QUEST_UNUSED_20151102_002314	Según me dijo el agente que me entregó la tarea, el área más sospechosa es el distrito 5. {nl} Parece que también te entregaron alguna tarea... si vas al distrito 5, ¿podrás deshacerte de los monstruos y sus hábitats?	{nl}제게 이 일을 떠맡긴 정보대원의 말에 의하면 5번 지역이 제일 의심 스럽다고 하더군요.{nl}당신도 그들이 뭔가 떠맡긴거 같은데.. 혹시 5번 지역에 가는 길이라면 몬스터들이랑 그들의 군락지를 좀 처리해 주실 수 있겠습니까?				추적자 라이티스
QUEST_UNUSED_20151102_002315	Me pagan por hacer esto... ¿Por qué haces esto? {nl}Bueno... si solo quieres tener algunas experiencias, supongo que no es tan malo después de todo...	저야 보수를 받고 일하는 건데 당신은 뭘 받고 일하시는 겁니까?{nl}그저 경험을 쌓는 중이라면 크게 손해볼 일은 아니겠습니다만..				추적자 라이티스
QUEST_UNUSED_20151102_002316	Maldita sea... los monstruos también establecen sus nidos en este bosque de aspecto normal... {nl} Esto es... difícil...	이런 멀쩡해 보이는 숲까지 몬스터들이 제 둥지를 치고 있었단 말입니까?{nl}이거 참 난감한 곳이군요.				추적자 라이티스
QUEST_UNUSED_20151102_002317	Pranas se fue a la región norte con otros agentes primero. {nl} Estoy buscando los rastros del sacerdote Gelliya que fue descubierto aquí. {nl} Pero es muy difícil para mí buscar aquí debido a los atributos de los monstruos ya que son diferentes a los de nuestra ciudad natal. {nl} ¿Puedes ayudarme a obtener las páginas del memorando de Gelliya al derrotar a los monstruos?	프라나스님은 다른 정보원들과 함께 북쪽 지역으로 먼저 떠났습니다.{nl}저는 여기서 발견된 사제 겔리야님의 흔적을 확인 중 입니다.{nl}하지만 제 고향과 다른 몬스터들의 특성 때문에 제대로 수색하기 힘들 군요.{nl}겔리야님의 쪽지 낱장을 몬스터들을 잡아서 구해와 주실 수 있겠습니까?				추적자 탈바시
QUEST_UNUSED_20151102_002318	{nl}Este memorándum debería contener alguna evidencia decisiva.{nl}Las huellas que van dejando los que huyen porque quieren que otros los encuentren.	{nl}분명 이 쪽지에 결정적인 단서가 있을 겁니다.{nl}도망치는 사람들이 남긴 흔적은 자신을 찾아달라고 남기는 경우가 많으니까요.				추적자 탈바시
QUEST_UNUSED_20151102_002319	No iba a pensar demasiado en la seguridad de Orsha si puedo seguir cobrando. {nl}Pero, después de ver los demonios que están apareciendo aquí, recuerdo mi ciudad natal.	고용된 입장에서 보수만 받을 수 있다면 오르샤의 안위는 크게 신경쓰지 않으려 했습니다..{nl}하지만 여기 출몰하는 마족들을 보니 제 고향 생각이 나는 군요.				추적자 탈바시
QUEST_UNUSED_20151102_002320	Gracias{nl}. Como está roto en pedazos, no puedo verificar exactamente lo que está escrito.{nl}{nl}	수고하셨습니다. 찢어져서 정확한 내용은 확인하기 힘들지만..{nl}도망치던 중에 몇몇 사제들이 행방불명 된거 같군요.{nl}주교님의 사제들이 크게 불안해 한다고 적혀있습니다.{nl}무엇보다 마족들이 숲 곳곳에 숨어서 그들을 노리고 있던 것 같군요.				추적자 탈바시
QUEST_UNUSED_20151102_002321	Será mejor que se lo hagamos saber a Pranas. Vaya al tercer distrito.{nl}Mientras vaya allí, pase también por el campamento del segundo distrito y compruebe si hay otros rastros.{nl}	프라나스님께 알리는 게 좋겠군요. 3번 지역으로 가십시오.{nl}가시는 길에 2번 지역의 캠프에도 들려서 다른 단서가 없는 지 확인해 보십시오.{nl}				추적자 탈바시
QUEST_UNUSED_20151102_002322	Si desapareció en el lugar donde se encuentran los demonios... {nl}Es muy desafortunado, pero no volverás a ver a esos sacerdotes...	마족들이 있는 곳에서 행방불명 됐다면..{nl}안타깝지만 그 사제들은 다시 보긴 힘들 것 같습니다..				추적자 탈바시
QUEST_UNUSED_20151102_002323	Entonces eres de quien habló el señor. Les estoy hablando de ti a los agentes aquí. {nl} En realidad iba a ver Pranas, pero estaba tomando un descanso ya que Jali se cansó demasiado. {nl} Parece que Jali se emocionó demasiado ya que hay un lugar aquí donde solían quedarse el obispo y su compañía.	영주님이 말씀하신 분이군요. 제가 이 곳의 정보대원들에게 당신 소식을 전하고 있었습니다.{nl}프라나스님에게 가는 길이었는데 잘리가 너무 지쳐서 쉬는 중이었습니다.{nl}이 근처에 사라진 주교님의 일행이 머무른 곳이 있는 것 같아서 잘리가 너무 흥분한 것 같군요.				정보원 라레나
QUEST_UNUSED_20151102_002324	{nl}Jali era el perro que estaba criando Urbonas.{nl}Pensé que lo encontraría más rápido si usaba el sentido olfativo de Jali.{nl}Si buscas la compañía del obispo, ¿por qué no te llevas a Jali contigo?{nl}Para Pranas, necesitaría incluso la más mínima pista.	{nl}잘리는 우르보나스님이 기르시던 강아지입니다.{nl}아무래도 냄새로 찾으면 빨리 찾을 것 같아서 데려왔지요.{nl}주교님 일행을 찾으러 가시는 길이라면 잘리를 데리고 가보시지 않겠습니까?{nl}프라나스님에겐 작은 단서라도 꼭 필요 할 겁니다.				정보원 라레나
QUEST_UNUSED_20151102_002325	Espero que también haya un perro como Jali en el campamento de agentes.{nl}Es lindo, sigue bien las órdenes de la gente y, sobre todo, busca muy bien.	영주 직속 정보대에도 잘리같은 강아지가 있었으면 좋겠어요.{nl}귀엽고 말도 잘 따르고 무엇보다 수색을 정말 잘 하는 것 같아요.				정보원 라레나
QUEST_UNUSED_20151102_002326	¿Jali encontró algo? {nl}Es seguro que había mucha gente por aquí.	잘리가 뭔가 찾아냈나요?{nl}이 근방에 사람들이 많았던 게 분명하군요.				정보원 라레나
QUEST_UNUSED_20151102_002327	Estoy preocupado porque escuché unos gritos desde el lado norte de los senderos. {nl} ¿Puedes ir primero al distrito 8?	오솔길 북쪽에서 비명소리가 들려서 걱정됩니다.{nl}8번 지역으로 일단 가주시겠습니까?				정보원 라레나
QUEST_UNUSED_20151102_002328	Si encuentro Pranas, tendría que volver a Orsha y estar preparado. {nl}Los agentes suelen pasar el tiempo deambulando...	프라나스님만 찾으면 전 다시 오르샤로 돌아가서 대기 해야합니다.{nl}연락병이라는 게 돌아다니다가 하루가 끝나는 직책이라서요..				추적자 센달
QUEST_UNUSED_20151102_002329	¿Qué haces aquí? ¡Huye!	여기서 뭐하는 거야, 도망쳐!				정보원 라레나
QUEST_UNUSED_20151102_002330	¿Qué? ¿Has venido aquí a buscar Pranas? {nl}Tentonces, llegamos demasiado tarde. Pranas fue atacado por los demonios en el distrito 5. {nl}I debería haber traído a los agentes.	뭐요? 프라나스님을 찾으러 왔단말이오?{nl}그럼 너무 늦었습니다. 프라나스님은 5번 지역에서 마족들에게 당하셨습니다.{nl}정보대원들을 데리고 왔어야 했습니다.{nl}여신께 맹세코 신수의 날 이후로 그렇게 강한 마족은 처음봤습니다.				추적자 센달
QUEST_UNUSED_20151102_002331	{nl}Cuando encontré sus ojos, todo lo que pudimos hacer fue huir.{nl}¡Pranas estará en peligro si esto continúa así!{nl}¡Ayúdanos!	{nl}녀석과 눈을 마주치는 순간 우리가 할 수 있는 건 도망치는 것 밖에 없었습니다.{nl}이대로는 프라나스님이 위험합니다!{nl}도와주세요!				추적자 센달
QUEST_UNUSED_20151102_002332	No hay nada que podamos hacer.{nl}Si atacan a Pranas, la desaparición del obispo será un misterio para siempre...	우리가 할 수 있는 일이 없습니다.{nl}프라나스님이 당하시면 주교님의 실종은 영영 미궁 속으로 빠질 겁니다..				추적자 센달
QUEST_UNUSED_20151102_002333	Maldita sea..{nl}¿Quién eres? Me has salvado.{nl}Uno o dos demonios deambulaban por ahí así que iba a buscar en el campamento, pero{nl}el jefe apareció de repente..	으..{nl}누구십니까? 저를 구해주셨군요.{nl}마족 한 두마리가 어슬렁거리기에 처리하고 캠프를 수색하려 했는데{nl}갑자기 우두머리가 나타났습니다..				사제 프라나스
QUEST_UNUSED_20151102_002334	¿Entonces el anciano te envió? {nl}Tentonces debes saber que el obispo ya ha desaparecido..{nl}Ni siquiera puedo controlarme, así que me resulta difícil continuar con las actividades de Misión.{nl}¿Puedes mirar por aquí en mi nombre?	영주님이 보내셨단 말인가요?{nl}그럼 주교님이 사라졌다는 건 이미 알고 계시겠군요..{nl}저는 제 몸하나 가누기 힘들어서 더 이상 수색활동을 하기 힘들 것 같습니다.{nl}제 대신 이 주변을 좀 확인해 주실 수 있겠습니까?				사제 프라나스
QUEST_UNUSED_20151102_002335	{nl}Si este lugar no existe, es posible que tengamos que ir al bosque en el norte que se convirtió en una ruina.{nl}Estoy preocupado porque hay monstruos más peligrosos por ahí..	{nl}이제 여기도 없으면 우린 북쪽 폐허가 된 숲으로 가야할지도 모릅니다.{nl}거긴 더 위험한 몬스터들이 우글거리고 있어서 걱정이 됩니다만..				사제 프라나스
QUEST_UNUSED_20151102_002336	Si encuentras algo, ven a buscarme a Orsha.{nl}Cuento contigo..	뭔가 찾으시면 오르샤로 절 찾아 오십시오.{nl}뒤를 부탁드립니다..				사제 프라나스
QUEST_UNUSED_20151102_002337	Descansé un poco y como resultado mejoré. {nl} ¿Has encontrado algo?	좀 쉬었더니 많이 나아졌습니다.{nl}뭔가 찾아오셨습니까?				사제 프라나스
QUEST_UNUSED_20151102_002338	Con los agentes, estoy ayudando a los cazadores que fueron contratados para buscar en Paupys Crossing y hacer la investigación. {nl}Pero es demasiado difícil para mí hacerlo solo. {nl}Si tienes la oportunidad de cruzar el primer distrito, dímelo después de derrotar a los monstruos allí. {nl}Tentonces, le pasaré tus buenas intenciones al anciano.	저는 여기서 정보원들과 고용된 추적자들이 파우피스 나루를 원활히 수색하고 조사할 수 있도록 도와주고 있습니다.{nl}하지만 혼자선 역부족이군요.{nl}1번 지역을 지날일이 있다면 그 곳에서 몬스터들을 처치하고 제게 말씀해주시면{nl}제가 영주님께 당신의 선의를 전달하겠습니다.				정보원 오르웬
QUEST_UNUSED_20151102_002339	Me llamaron aquí durante mis vacaciones así que no sé qué está pasando.	휴가 중에 여기 불려와서 저도 뭐가 어떻게 돌아가는 지 정확히 모르겠습니다.				정보원 오르웬
QUEST_UNUSED_20151102_002340	¿Has derrotado a tantos? {nl} ¿Los de afuera son todos fuertes como tú?	그렇게 많이 처리해 주셨습니까?{nl}외지에서 오신 분들은 모두 당신처럼 강한가요?				정보원 오르웬
QUEST_UNUSED_20151102_002341	No he descubierto exactamente por qué los demonios deambulan por aquí, pero... {nl}hay muchos círculos mágicos que los demonios han establecido en el segundo distrito.{nl}Si tienes la oportunidad de visitar el segundo distrito, ¿podrás deshacerte de ellos?	여기에 왜 마족들이 돌아다니는 지 아직 정확한 원인은 파악하지 못 했습니다만{nl}2번 지역에 마족들이 설치한 마법진들이 많이 있더군요.{nl}2번 지역에 가실일이 있다면 그걸 좀 정리해주실 수 있겠습니까?				정보원 오르웬
QUEST_UNUSED_20151102_002342	Cuando vine aquí la última vez debido al problema de los colonos... no había nada como esto... {nl} ¿Qué está pasando?	이주민들 문제로 제가 마지막으로 여기 왔을 땐 이런것들이 없었는데..{nl}무슨일이 벌어지고 있는 걸까요?				정보원 오르웬
QUEST_UNUSED_20151102_002343	No entiendo por qué configuraron esto. {nl} No parece tener ningún daño. Es extraño.	대체 무슨 용도로 설치한 걸까요?{nl}별다른 피해도 없는 것 같고.. 이상한 일이군요.				정보원 오르웬
QUEST_UNUSED_20151102_002344	Los aldeanos del norte comenzarían a emigrar pronto.{nl}El señor está pensando en hacer que se queden cerca del 4to distrito.{nl}Los aldeanos del norte son agresivos y hay ancianos que alguna vez fueron mercenarios, así que si hay un campamento para ellos{nl}creen que pueden protegerse.	북쪽의 마을 사람들이 곧 이주를 시작할 겁니다.{nl}영주님께선 아마 4번 지역 주변에 머물게 하실 생각이신거 같습니다.{nl}북쪽 마을 사람들은 호전적이고 용병출신 원로들도 있어서 캠프만 마련해주면{nl}스스로 지킬 수 있을거라고 생각하시는 거 같아요.				정보원 노토레스
QUEST_UNUSED_20151102_002345	{nl}Entonces me dijeron que verificara si esos monstruos son los que podemos manejar nosotros mismos. {nl}Soy una persona que realmente escribe documentos y les pone sellos en lugar de hacer investigaciones, así que esto es demasiada tarea para mí. {nl}Escuché que eres muy fuerte. ¿Puedes marcar 4/5 distritos?	{nl}그래서 저 보고 그들이 감당할 수 있을 정도의 몬스터들인지 확인해보라고 했는데{nl}저는 원래 이런 조사활동보단 책상에서 문서나 쓰고 도장이나 찍어주던 일을 하던 사람이라 도무지 감당이 안 되는 군요.{nl}당신은 꽤 강한 사람이라고 들었습니다. 4/5번 지역을 좀 확인해주실 수 있겠습니까?				정보원 노토레스
QUEST_UNUSED_20151102_002346	Nunca sostuve una espada excepto cuando me uní al escuadrón, así que no entiendo por qué nos envían a este tipo de lugar... {nl} El señor está pidiendo demasiado.	입대 할때 빼곤 칼자루라곤 잡아본 적도 없는데 이런곳으로 보내다니..{nl}영주님은 정말 너무 하십니다.				정보원 노토레스
QUEST_UNUSED_20151102_002347	¿Estás diciendo que apareció un monstruo gigantesco en el campamento? {nl}No lo he visto con mis propios ojos, pero no puedo decirles a otros que se queden allí.{nl}Estás de acuerdo, ¿verdad? Cuento contigo y te informaré.	캠프에서 그런 거대한 녀석이 나타났단 말입니까?{nl}제 눈으로 본건 아니지만 그런 곳에 사람들더러 지내라곤 할 수 없겠지요?{nl}그렇지요? 당신만 믿고 저는 보고하겠습니다.				정보원 노토레스
QUEST_UNUSED_20151102_002348	Estamos enfrentando una situación difícil.{nl}Los demonios que vi en los libros pueden aparecer en el lugar donde fui enviado..{nl}Esto es demasiado para mí.{nl}Y debido a los demonios que no he visto, los monstruos pueden haberse vuelto violentos..{nl}¿Cómo pueden pedirme que extraiga la sangre de los monstruos...?	정말 난감합니다.{nl}책에서나 보던 마족들이 하필 제가 파견나와 있는 곳에 나타날지도 모른다니..{nl}저는 이런거 절대로 무리입니다.{nl}게다가 아직 보지도 못한 마족들 때문에 몬스터들이 흉포해 졌을지도 모르니{nl}몬스터들에게서 피를 뽑아오라뇨..				정보원 노토레스
QUEST_UNUSED_20151102_002349	Si tienes la oportunidad de visitar el distrito 5, ¿podrías derrotar a los monstruos allí y recolectar su sangre?	5번지역에 가실 일이 있으면 그 근방의 몬스터들을 처리하시고 피를 좀 모와주실 수 있겠습니까?				정보원 노토레스
QUEST_UNUSED_20151102_002350	No soy un cobarde.{nl}Solo conozco mi lugar.{nl}No peleo con una espada o una lanza, sino con bolígrafos y sellos..	저는 겁쟁이가 아닙니다.{nl}제 분수를 아는 것이죠.{nl}애초에 저는 칼이나 창이 아니라 만연필과 도장으로 싸운단 말입니다..				정보원 노토레스
QUEST_UNUSED_20151102_002351	¿Qué es este olor tan desagradable?{nl}No sé por qué me ordenó recogerlos.{nl}Él lo sabe bien..	으, 이 역겨운 냄새는 뭐죠?{nl}이런걸 저더러 어떻게 모아오라고 시킨건지 모르겠습니다.{nl}잘 알면서..				정보원 노토레스
QUEST_UNUSED_20151102_002352	Es muy difícil para mí sobrevivir solo cazando estos días, así que llegué hasta aquí. {nl}Deberíamos seguir viviendo.{nl}En este lugar, no sobreviviremos incluso si tenemos más de 10 vidas.	요즘같은 시기에 사냥만으론 먹고 살기 힘들어서 여기까지 흘러왔습니다만{nl}일단 목숨이 붙어 있어야 먹고 살거 아닙니까?{nl}여기 있다간 목숨이 열 개라도 모자르겠습니다.				추적자 제가우스
QUEST_UNUSED_20151102_002353	{nl}Fuimos heridos y no sabemos cuándo los monstruos y los demonios irían tras nosotros.{nl}Mientras nos recuperamos, ¿puedes derrotar a los monstruos que nos rodean?{nl}Como no tenemos a nadie que esté bien, no tengo a nadie a quien pedir más que a ti.	{nl}우린 부상당했고 언제 또 몬스터나 마족들이 우릴 노릴 지 알 수 없습니다.{nl}우리가 기운을 차릴 동안 주변 몬스터들을 처리해 주실 수 있겠습니까?{nl}멀쩡한 사람이 없으니 당신말곤 부탁할 사람이 없습니다.				추적자 제가우스
QUEST_UNUSED_20151102_002354	Quiero jurar por los que me trajeron aquí.	절 여기 데려온 사람들에게 욕이라도 하고 싶군요.				추적자 제가우스
QUEST_UNUSED_20151102_002355	Creo que tengo algún problema en mis piernas o tobillos.{nl}Si no me ayudaste, estoy seguro de que me habrían atacado.{nl}Gracias.	아무래도 다리나 발목에 문제가 있는 것 같습니다.{nl}당신이 도와주지 않았다면 여기서 발이나 질질끌다가 당해버렸을 겁니다.{nl}감사합니다.				추적자 제가우스
QUEST_UNUSED_20151102_002356	¿Has visto bolsas o equipajes por aquí? {nl} Mientras estábamos fuera, los monstruos tomaron los bienes de los perseguidores y los agentes {nl} y huyeron.	주변에서 혹시 가방이나 봇짐을 못 보셨습니까?{nl}우리가 잠시 여기서 자리를 비운 사이에 몬스터들 추적자들과 정보대원들의 물건을{nl}가지고 도망쳐 버렸습니다.				추적자 제가우스
QUEST_UNUSED_20151102_002357	{nl}Si tienes la oportunidad de ir al distrito 8, ¿puedes buscar nuestro equipaje?	{nl}8번 지역에 가실 일이 있다면 저희 짐을 찾아주실 수 있겠습니까?				추적자 제가우스
QUEST_UNUSED_20151102_002358	Estoy herido y perdí mi equipaje...{nl}Antes de que me pidieras ayuda, no tenía excusas y no sabía qué hacer.	부상도 심한데 짐까지 잃어버리다니..{nl}당신이 도와준다고 하기 전까진 변명거리도 없어서 머리 속이 새하옜습니다.				추적자 제가우스
QUEST_UNUSED_20151102_002359	¡Muchas gracias! Aunque no los he recuperado todos, ¡creo que ahora tengo algo que decir!	정말 감사합니다! 다 되찾은건 아니지만 이 정도면 저도 할말은 생기겠군요!				추적자 제가우스
QUEST_UNUSED_20151102_002360	Ahora apenas puedo arreglármelas.{nl}Todo esto se debe a tu ayuda.{nl}Aunque no soy bueno, traduje el diario del obispo, ¿quieres escucharlo?	겨우 몸을 가눌 수 있게 되었군요.{nl}이 모든게 당신이 구해주신 덕분입니다.{nl}제가 미약하지만 주교님의 일지를 해석을 해보았으니 들어주시겠습니까?				사제 프라나스
QUEST_UNUSED_20151102_002361	Cuando traduzco el diario del obispo, puedo leer algo como esto.	주교님의 일지를 해석해보면 이런 내용이 나옵니다.				사제 프라나스
QUEST_UNUSED_20151102_002362	{nl}{nl}Si el mundo entra en caos, un forastero asignado por las diosas visitaría Orsha.{nl}Pero ese forastero vendría con otros forasteros.{nl}Es nuestro destino encontrarlo y guiarlo.{nl}Entre muchos forasteros, debemos buscar al que estamos buscando.	{nl}{nl}세상이 혼란해 지면 여신께서 안배하신 이방인이 오르샤에 방문할 것이다.{nl}하지만 이 이방인은 다른 이방인들과 뒤섞여 들어올 것이다.{nl}그를 찾아내어 인도하는 것이 우리 교단의 숙명이다.{nl}수 많은 이방인 중에 우리가 찾는 오직 한 명을 찾아야 한다.				사제 프라나스
QUEST_UNUSED_20151102_002363	{nl}Antes de que estemos listos, los demonios están persiguiendo a la derecha.{nl}Me dirijo a la prisión subterránea de Ashaq con mis sacerdotes.{nl}Allí esperaré al Revelador.	{nl}우리가 준비를 채 마치기도 전에 마족들이 우를 좇고 있다.{nl}나는 내 사제들과 아샤크 지하 감옥으로 향한다.{nl}그곳에서 여신께서 안배해주신 오직 한 명, 계시자를 기다릴 것이다.				사제 프라나스
QUEST_UNUSED_20151102_002364	{nl}{nl}No tuvimos tiempo suficiente para pasárselo a Inessa y a los sacerdotes que salieron.{nl}Si alguien descubre este diario, por favor entrégueselo a Inesa Hamondale.	{nl}{nl}이네사와 외지에 나가있는 제자들에게 전달하기엔 시간이 너무도 촉박했다.{nl}이 일지를 누군가 발견한다면 이네사 헤먼대일, 오르샤 영주에게 전달해다오.				사제 프라나스
QUEST_UNUSED_20151102_002365	{nl}{nl}Ahora lo entiendo.{nl}¡Ser perseguido por los demonios! Ese es un gran problema.{nl}¡Será mejor que se lo hagamos saber al señor!	{nl}{nl}이런 내용이군요.{nl}마족에게 좇기고 있다니! 큰일입니다.{nl}이 사실을 어서 영주님께 말씀드려야 합니다!				사제 프라나스
QUEST_UNUSED_20151102_002366	¡Urbonas estaba siendo perseguido por los demonios! {nl}La prisión subterránea de Ashaq estuvo cerrada durante mucho tiempo. {nl}No sé qué están tratando de hacer.	우르보나스님이 마족에게 좇기고 있다니요!{nl}아샤크 지하 감옥이라면 아주 먼 옛날부터 폐쇄된 곳 입니다.{nl}그런 곳으로 숨으셔서 뭘 어쩌시려는 건지 모르겠군요..				이네사 해먼데일
QUEST_UNUSED_20151102_002367	{nl}¡Alguien debe ir allí ahora!	{nl}당장 그곳으로 누군가 가야합니다!				이네사 해먼데일
QUEST_UNUSED_20151102_002368	Tomaría mucho tiempo enviar a mis subordinados allí. {nl} Lo siento, pero ¿puedes ir a la prisión subterránea de Ashaq donde se encuentran Pranas y Urbonas? No puedo moverme, así que me siento congestionado.	저는 아샤크 지하 감옥으로 떠날 준비를 하겠습니다.{nl}당신은 어서 빨리 영주님께 이 사실을 전달해 주십시오!				사제 프라나스
QUEST_UNUSED_20151102_002369	Tomaría mucho tiempo enviar a mis subordinados allí. {nl} Lo siento, pero ¿puedes ir a la prisión subterránea de Ashaq donde se encuentran Pranas y Urbonas? {nl} No puedo moverme, así que me siento congestionado.	제 직속 부하들을 그곳으로 보내려면 시간이 한참 걸릴겁니다.{nl}죄송하지만 당신이 프라나스님과 우르보나스님이 계신 아샤크 지하 감옥으로 가주실 수 있겠습니까?{nl}영주인 제가 움직일 수도 없는 노릇이고 답답하군요..				이네사 해먼데일
QUEST_UNUSED_20151102_002370	Si eres el Revelador del que habló Urbonas, será mejor que vayamos a encontrarnos con Urbonas rápidamente. {nl} Sin embargo, incluso si estás ocupado, debes estar bien preparado, así que ve a reunirte con el comerciante de artículos. {nl} He preparado productos que podrías utilizar bien.	당신이 우르보나스님이 말씀하신 여신이 안배해주신 계시자라면 한시 바삐 우르보나스님께 가야합니다.{nl}하지만 아무리 바빠도 준비는 철저히 하셔야하니 잡화상인에게 가보십시오.{nl}제가 당신이 요긴하게 쓰실 보급품을 준비해 두었습니다.				이네사 해먼데일
QUEST_UNUSED_20151102_002371	{nl} Si completas tu preparación, no vengas a verme, ¡mejor reúnete con Pranas y dirígete a la prisión subterránea de Ashaq!	{nl}준비가 끝나면 제게 오지 마시고 바로 프라나스님과 만나서 아샤크 지하 감옥으로 향해 주십시오!				이네사 해먼데일
QUEST_UNUSED_20151102_002372	Lo he preparado rápido desde que el señor envió a la gente.{nl}Debería darte un bien mejor, pero como tenemos prisa, úsalo.{nl}Cuando uses un yunque, podrás mejorar tu arma.	영주님이 사람을 보내셔서 급하게 준비했어요.{nl}좀 더 좋은 물건을 드려야하는 데 급한데로 이거라도 써보세요.{nl}모루를 사용하시면 무기를 강화하실 수 있어요.				잡화상인
QUEST_UNUSED_20151102_002373	Si los demonios lastiman a Urbonas, entonces el próximo objetivo será Orsha. {nl} ¡Debemos hacer todo lo posible para salvar a Urbonas!	마족들이 우르보나스님을 해친다면 그 다음은 당연히 인근의 오르샤겠지요.{nl}무슨 수를 써서든 우르보나스님을 구해야합니다!				이네사 해먼데일
QUEST_UNUSED_20151102_002374	Tus palabras son correctas.{nl}La región norte donde solía quedarme se convirtió en una ruina debido a los demonios.{nl}Probablemente, la próxima ubicación será la región sur.	영주님의 말이 맞습니다.{nl}제가 있었던 북부 지방은 마족들에 의해 폐허가 된지 오랩니다.{nl}아마 다음은 남부 지방이겠지요.				사제 프라나스
QUEST_UNUSED_20151102_002375	{nl}Orsha es la base de la parte sur del reino.{nl}Estoy seguro de que los demonios harían algo.{nl}¡Por favor, ve conmigo a la prisión subterránea de Ashaq para salvar a Urbonas!	{nl}오르샤는 왕국 남부의 거점입니다.{nl}우르보나스님을 잡은 마족들이 손을 뻗을 게 분명합니다.{nl}저와 함께 우르보나스님을 구하러 아샤크 지하 감옥으로 가주십시오!				사제 프라나스
QUEST_UNUSED_20151102_002376	Voy a ir a pedir ayuda a los cazadores. {nl} Si estás listo, ven a la región xx que conduce a la prisión subterránea de Ashaq en Paupys Crossing.	저는 이길로 추적자들에게 도움을 요청하러 가겠습니다.{nl}당신도 준비가 되면 파우피스 나루의 아샤크 지하 감옥으로 가는 xx 지역으로 와 주십시오.				사제 프라나스
QUEST_UNUSED_20151102_002377	Todos son cazadores experimentados que me ayudarían.{nl}Pero no será suficiente hacerlo solo por nosotros.{nl}Es muy afortunado que hayas venido con nosotros.{nl}	여긴 저를 도와줄 제일 노련한 추적자들입니다.{nl}하지만 우리들만으론 부족할 것 입니다.{nl}당신이 함께 와주셔서 다행입니다.{nl}				사제 프라나스
QUEST_UNUSED_20151102_002378	Puedo sentir una energía siniestra proveniente de la prisión subterránea. {nl} Si estás listo, vayamos a la prisión subterránea de Ashaq.	지하 감옥 방향에서 불긴한 기운이 뿜어져 나오는 게 느껴집니다.{nl}준비가 되시면 아샤크 지하 감옥으로 출발합시다.				사제 프라나스
QUEST_UNUSED_20151102_002379	Primero me iré con los cazadores. {nl} Síganos de inmediato.	저는 추적자들과 먼저 출발하겠습니다.{nl}바로 따라와 주십시오.				사제 프라나스
QUEST_UNUSED_20151102_002380	Siento como si algo desconocido me estuviera asfixiando.{nl}Ni siquiera puedo respirar.{nl}Por cierto, ¿estás bien?	알 수 없는 뭔가가 목을 조여오는 것 같습니다.{nl}숨조차 쉬기 힘들군요.{nl}그런데 당신은 괜찮으십니까?				사제 프라나스
QUEST_UNUSED_20151102_002381	{nl}Al ver que eres libre por dentro, supongo que las diosas realmente te cuidan.	{nl}당신만이 이 안에서 자유로운 걸 보니 정말 여신이 보살피고 있는 것 같군요.				사제 프라나스
QUEST_UNUSED_20151102_002382	He estado en este lugar varias veces cuando estaba entrenando en el pasado. {nl}Pero nunca sentí que algo me estuviera sofocando.{nl}Lo mismo con esa niebla siniestra.	이곳은 수련사제로 지낼때 몇 번 와본적이 있었습니다.{nl}하지만 이런 숨을 죄여오는 느낌을 받은 적은 없습니다.{nl}저 불긴한 안개도 마찬가지구요.				사제 프라나스
QUEST_UNUSED_20151102_002383	{nl} Ya que pareces seguro, ¿puedes ir al segundo distrito y {nl} comprobar qué está pasando?	{nl}당신은 자유로우신것 같으니 2번 지역으로 가셔서 주변에서 무슨일이 있는지{nl}확인해주실 수 있겠습니까?				사제 프라나스
QUEST_UNUSED_20151102_002384	Este sentimiento es como una maldición.	이 느낌은 흡사 저주같군요.				사제 프라나스
QUEST_UNUSED_20151102_002385	Nunca he visto un ícono con una forma como esa. {nl} Creo que los demonios tienen algún otro objetivo. {nl} No puedo hacer nada en este momento, así que estoy muy agradecido{nl} por haber destruido el ícono por mí.	그런 모양의 우상은 본적도 들은 적도 없습니다.{nl}아무래도 마족들이 뭔가 수작을 부린게 분명합니다.{nl}손가락 하나 까딱할 수 없었는데 당신이 그 우상을 파괴하니{nl}이제 좀 편해졌습니다.				사제 프라나스
QUEST_UNUSED_20151102_002386	{nl}Existe la posibilidad de que el obispo y sus hermanos estén escondidos en la habitación oculta.{nl}Como no podemos hacer nada, deberías ir allí solo.{nl}¿Vas a estar bien?	{nl}주교님과 그 형제들은 아마 이 곳의 숨겨진 방에 숨어있을 가능성이 있습니다.{nl}우린 아무 것도 할 수 없으니 당신 혼자서 그곳으로 가주셔야 합니다.{nl}괜찮으시겠습니까?				사제 프라나스
QUEST_UNUSED_20151102_002387	Si es posible, quiero que elimines todos los íconos. {nl} Si quedan, no podremos huir incluso si nuestros hermanos están vivos.	가능하면 방금 처리하신 우상들을 모두 제거 해주십시오.{nl}그게 남아있는 한 형제들이 살아있더라도 도망칠 수 없습니다.				사제 프라나스
QUEST_UNUSED_20151102_002388	Este lugar es viejo y laberíntico, por lo que si tomamos el camino equivocado, es posible que no podamos subir. {nl}Por favor, tenga cuidado.	이 곳은 오래된대다 복잡하여 길을 잘 못 들면 다시는 지상으로 나갈 수 없을 수도 있습니다.{nl}조심하십시오.				사제 프라나스
QUEST_UNUSED_20151102_002389	¿Entonces has venido aquí con Pranas?{nl}Has entrado en un lugar mortal para salvarme. Lamento mucho ver a mis discípulos muertos.{nl}Recientemente, cuando mi discípulo, Iruma, estaba entrenando, encontró una hoja de orden.{nl}Contenía los planes de los demonios para aniquilar a Orsha.	프라나스와 여기 왔단 말입니까?{nl}스승을 구하기 위해 사지로 뛰어들다니.. 죽은 제자들을 볼 면목이 없습니다.{nl}얼마 전 제 제자인 이르마가 수행하던 중 마족녀석을 처리하면서 명령서를 발견했습니다.{nl}오르샤 지역을 멸망시킬 마족들의 계획이 담긴 문서였지요.				우르보나스
QUEST_UNUSED_20151102_002390	{nl}Reuní a mis discípulos y me reuní con Irma para intentar analizar el documento.{nl}Pero desde entonces hemos estado constantemente bajo ataque de los demonios.{nl}El documento dice que la Diosa Demonio Giltine está tratando de matar a todos los Reveladores. {nl}Así que nuestra orden vino aquí para esconderse y prepararse para encontrarse y guiar al Revelador destinado.	{nl}저는 제 제자들을 불러 한 밤중에 이르마와 만나서 그 문서를 분석해 보았습니다.{nl}그 뒤로 우린 계속 마족들의 추격을 받게되었습니다.{nl}문서의 내용을 해석해 보니 마신 길티네가 모든 계시자들을 죽이라는 내용이 있더군요.{nl}그래서 우리 교단이 준비해온 계시자를 맞이하고 인도하기 위해 우린 이곳으로 숨었습니다.				우르보나스
QUEST_UNUSED_20151102_002391	{nl}{nl}Sin embargo, no teníamos forma de decírselo a Lord Inesa.{nl}Si dejábamos algún rastro, los demonios nos encontrarían y pensábamos que ese sería nuestro fin.{nl}Mis discípulos y yo terminamos escondiéndonos aquí, tratando de evitar a los demonios.{nl}Pero había algo que nos perdimos.	{nl}{nl}하지만 영주인 이네사에게 전달할 방법이 없었습니다.{nl}흔적을 남기면 마족들에게 추격을 받게 될 것이고 그렇게되면 우린 그걸로 끝장이라고 생각했습니다.{nl}그 후 저와 제자들은 마족의 추격을 피해 이곳까지 몰래 숨어들었습니다.{nl}하지만 간과하고 있는 게 있었습니다.				우르보나스
QUEST_UNUSED_20151102_002392	{nl}No estábamos siendo perseguidos por un demonio común, sino por un Señor Demonio.{nl}Este Señor Demonio, Marnox, instaló estatuas de sí mismo para controlar la prisión{nl} e hizo que sus vasallos se acercaran a nosotros para evitar que escaparamos.{nl}Pensamos que pronto todo terminaría para nosotros.	{nl}우리를 뒤좇는 건 일반적인 마족이 아니라 마군주였습니다.{nl}마르녹스라는 이 마군주는 우리가 여기서 빠져나갈 수 없게 자신의 우상을 통해{nl}이 감옥을 지배하고 자신의 부하들을 풀어서 우리를 구석으로 몰아넣었습니다.{nl}이제 끝이라고 생각하고 있었습니다.				우르보나스
QUEST_UNUSED_20151102_002393	{nl}Los sacerdotes se esconden en los niveles 2F y 3F.{nl}Algunos sacerdotes desaparecieron, e Irma y yo nos encontramos con Marnox tratando de escapar de la habitación oculta donde escondimos las Órdenes Demoníacas.{nl}Irma fue atrapada por Marnox, mientras que yo logré escapar y ya estaba listo para morir.	{nl}제 사제들은 지하 2층과 3층에 숨어있습니다.{nl}몇몇 사제들은 행방불명 되었고 이르마는 저와 마족 문서를 지하 3층의 숨겨진 방에 숨겨두고 이곳을 탈출하려다가 마르녹스와 마주쳤습니다.{nl}이르마는 마르녹스에게 붙잡혔고 저는 여기로 도망쳐서 죽을 준비를 하고 있었습니다.				우르보나스
QUEST_UNUSED_20151102_002394	{nl}Pero si Inesa te envió aquí, todavía hay esperanza.{nl}No hay duda de que eres el Revelador que estábamos esperando.	{nl}하지만 이네사가 당신을 보낸걸 보니 아직 희망이 있군요.{nl}당신은 우리가 기다려온 계시자인게 분명합니다.				우르보나스
QUEST_UNUSED_20151102_002395	Si eres un Revelador, entra en nuestro círculo mágico. {nl} Si se confirma tu estado, entonces podrás enfrentarte al Señor Demonio.	당신이 계시자라면 우리가 준비해둔 마법진에 올라서십시오.{nl}계시자가 맞다면 마군주와 맞설 수 있을 겁니다.				우르보나스
QUEST_UNUSED_20151102_002396	No tengas miedo.{nl}Las diosas te guiarán en tu camino.	두려워 마십시오.{nl}여신께서 당신을 이끄실 겁니다.				우르보나스
QUEST_UNUSED_20151102_002397	Los esfuerzos de nuestra orden no fueron en vano.{nl}Revelator...	우리 교단의 노력이 헛되지 않았습니다.{nl}계시자시여..				우르보나스
QUEST_UNUSED_20151102_002398	{nl}Solo tú puedes enfrentarte al Demon Lord Marnox ahora.{nl}Por favor, salva a nuestros sacerdotes y al pueblo de Orsha.	{nl}마군주 마르녹스와 대적할 사람은 이제 당신 밖에 없습니다.{nl}부디 제 사제들과 오르샤를 구해주십시오.				우르보나스
QUEST_UNUSED_20151102_002399	Revelador, gracias a que destruyeste las estatuas, Pranas ahora puede moverse. {nl}Soy viejo y no seré más que una carga para ti; Ve con Pranas e Irma y salva a los sacerdotes.{nl}Por favor.	계시자여 당신이 우상들을 제거한 덕분에 이제 프라나스가 움직일 수 있을 겁니다.{nl}저는 노쇄하여 방해만 되태니 프라나스와 함께 이르마와 제 사제들을 구해주십시오.{nl}부탁드립니다.				우르보나스
QUEST_UNUSED_20151102_002400	No puedo escapar por mi cuenta y dejar atrás a los sacerdotes. {nl}Necesitamos encontrar las Órdenes Demoníacas. {nl}Necesitamos analizarlo y descubrir los planes de invasión de los demonios.	사제들을 놔두고 저 혼자 도망칠 순 없습니다.{nl}마족 명령서를 꼭 회수해야합니다.{nl}거기에 해석하지 못 한 부분을 해석하여 마족들의 침공계획을 확인해야 합니다.				우르보나스
QUEST_UNUSED_20151102_002401	¡El obispo está vivo! {nl}Me alegra mucho escuchar eso.{nl}Y realmente eres un Revelador.{nl}Las diosas están de nuestro lado.	주교님이 살아계셨군요!{nl}정말 다행입니다.{nl}그리고 역시 당신이 계시자였군요.{nl}여신이 우릴 돕고 계십니다.				사제 프라나스
QUEST_UNUSED_20151102_002402	Hay una energía siniestra flotando sobre este lugar. {nl} Aún así, quiero ser útil para nuestro empleador... {nl} Sé que debes estar ocupado, pero si te diriges a la región 1, ¿{nl} derrotarás a algunos demonios allí y conseguirás algo para mí? {nl}Algo seguro.	여기 들어오니 오싹한 기운이 감도는 군요.{nl}그래도 보수를 받고 하는 일이니 좀 더 고용주에게 도움이 되는 일을 하고 싶은데..{nl}바쁘시겠지만 1번 지역에 갈 일이 있다면 그곳에서 마족들을 처치해서{nl}뭔가 모아다 주실 수 있겠습니까?{nl}안전해보이는 걸로 부탁드립니다.				추적자 토르바나
QUEST_UNUSED_20151102_002403	Pareces estar en mejores condiciones que nosotros.	당신은 우리들과 다르게 멀쩡해 보이는 군요.				추적자 토르바나
QUEST_UNUSED_20151102_002404	No sé qué harán con esto, pero al menos no parecerá que estoy holgazaneando en el trabajo.{nl}Gracias.	이걸로 그들이 뭘 할지는 모르지만 적어도 제가 쉬엄쉬엄 일을 했다는 인상은 주지 않을 것 같습니다.{nl}감사합니다.				추적자 토르바나
QUEST_UNUSED_20151102_002405	Todos los agentes de afuera me pidieron que les consiguiera algo. {nl}Honestamente, no tengo ningún interés en estas cosas... {nl}Pero como me lo pidieron, supongo que tendré que hacerlo.	바깥에서 만난 정보원들이 하나같이 뭔가 찾게되면 가져와달라고 하더군요.{nl}전 솔직히 그런것들엔 관심이 없습니다만..{nl}그래도 부탁받은 일이니 하긴 해야할 것 같습니다.				추적자 토르바나
QUEST_UNUSED_20151102_002406	{nl}Voy a buscar lo que pueda; Si te enfrentas a algunos demonios en la región 2{nl}, ¿obtendrás algo de ellos también?	{nl}저도 제 나름 찾아볼태니 당신도 2번 지역에서 마족들을 상대할 일이 있다면{nl}녀석들에게 뭔가 구해다 주시지 않겠습니까?				추적자 토르바나
QUEST_UNUSED_20151102_002407	¿No es mejor capturar a los demonios? {nl}Es decir, suponiendo que puedas atraparlos, por supuesto.	그런데 마족들이 사용하던 것보단 마족을 생포하는 게 더 좋지 않을까요?{nl}물론 생포할 수 있다는 전제하에 말이죠.				추적자 토르바나
QUEST_UNUSED_20151102_002408	Una pieza de madera.{nl}¿Es un amuleto? Me pregunto qué pueden hacer con esto...{nl}Bueno, es mejor que nada.	나무 조각이군요.{nl}부적같은 건가? 이런거로 그들이 뭘 할 수 있을지 조금 궁금하긴 합니다만..{nl}뭐 없는 것보단 낫겠죠.				추적자 토르바나
QUEST_UNUSED_20151102_002409	Los agentes me han dicho que los demonios tienen una especie de saco que llevan consigo. {nl}Me pregunto si estos sacos no tienen algo que ver con cómo pueden vivir en estas terribles condiciones. {nl} Si vas a la región 3, consigue algunos después de derrotar a los demonios e intenta usar los sacos. {nl} Quién sabe, también podrían ser útiles para ti.	정보대원들에게 들은 건데 마족 녀석들이 품속에 넣고 다니는 이상한 꾸러미가 있다고 합니다.{nl}저녀석들이 이런 불쾌한 환경에서도 멀쩡히 돌아다니는 건 어쩌면 그 꾸러미에 뭔가 있는 게 아닐까요?{nl}3번 지역에 들리실 일이 있다면 녀석들을 처치하고 그 꾸러미를 충분히 모아서 사용해 보십시오.{nl}어쩌면 당신에게도 쓸모있을지 누가 압니까?				추적자 다라마우스
QUEST_UNUSED_20151102_002410	Vine a ayudar con el trabajo de mantenimiento pero mira lo que casi pasó.{nl}Realmente no puedes confiar en nadie fuera de la iglesia.	보수를 열 배로 쳐준다기에 따라 들어왔다가 하마터면 큰일날뻔 했군요.{nl}사제들 말은 성당 밖에선 믿어선 안 되겠습니다.				추적자 다라마우스
QUEST_UNUSED_20151102_002411	Esto podría ser muy útil. {nl}I debería mostrárselo a los agentes tan pronto como salga.	이거 꽤 요긴하게 쓰이겠군요.{nl}바깥에 나가거든 추적자들에게 보여줘야겠습니다.				추적자 다라마우스
QUEST_UNUSED_20151102_002412	Así que todos los hermanos están escondidos en el nivel inferior. {nl} Entonces, vamos.	형제들이 모두 아래층에 숨어있다는 말이군요.{nl}그럼 아래층으로 바로 가시죠.				사제 프라나스
QUEST_UNUSED_20151102_002413	Si Draznie y Auranas están a salvo, eso significa que los otros hermanos aún pueden estar vivos.{nl}Pero aquí es lo mismo.{nl}Hay ídolos malditos por todas partes.{nl}Realmente necesitamos deshacernos de ellos lo antes posible...{nl}	드라즈니에와 아우라나스가 무사한걸 보니 다른 형제들도 아직 살아있을 수 있겠군요.{nl}하지만 여기도 마찬가지군요.{nl}사방에 저주의 우상들이 심어져있는 것 같습니다.{nl}이걸 빨리 없애야할 탠데..{nl}				사제 프라나스
QUEST_UNUSED_20151102_002414	Según Draznie, hay un tótem maldito en la región 2.{nl}¿Lo eliminarás?{nl}Después de eso, será más fácil buscar a Irma en la región 3.	드라즈니에의 말에 의하면 2번 지역에 저주 토템이 있다고 합니다.{nl}그걸 제거해 주실 수 있겠습니까?{nl}그러면 3번 지역에서 실종된 이르마를 찾기 수월할 겁니다.				사제 프라나스
QUEST_UNUSED_20151102_002415	El obispo quiere mucho a Irma.{nl}Ella necesita estar viva...	이르마는 주교님이 특별히 아끼는 아이였습니다.{nl}꼭 살아있으면 좋겠군요..				사제 프라나스
QUEST_UNUSED_20151102_002416	¿Destruiste la estatua? {nl}Es un gran alivio escuchar eso.	우상을 파괴하셨습니까?{nl}몸이 조금 가벼워 지는 게 느껴집니다.				사제 프라나스
QUEST_UNUSED_20151102_002417	Ahora busque rastros de Irma en la región 3.{nl}Esperemos que todavía esté viva...	이제 3번 구역에서 이르마의 흔적을 찾아주십시오.{nl}꼭 살아있으면 좋겠군요..				사제 프라나스
QUEST_UNUSED_20151102_002418	Revelador, eres el único en quien nuestra orden puede depender.{nl}Lo mismo ocurre con el Señor y los residentes de Orsha.	여기서 계시자인 당신 말고는 우리 교단이 의지할 사람이 없습니다.{nl}그건 바깥의 영주님과 영주민들도 마찬가지구요.				사제 프라나스
QUEST_UNUSED_20151102_002419	¿Qué pasó...?{nl}Pensé que el Señor Demonio me había matado...{nl}¿Dónde estamos?	어떻게 된 일인가요..{nl}전 분명 마군주에게 붙잡혀서 죽었다고 생각했는데..{nl}그나저나 여긴 어디죠?				사제 이르마
QUEST_UNUSED_20151102_002420	Entonces las estatuas eran la razón por la que no podíamos movernos. {nl} Las vi en las regiones 4 y 5 cuando el obispo y yo intentábamos evitar al Señor Demonio. {nl} Las que vi se veían un poco diferentes, pero parece que Marnox las preparó para espiarnos.	우릴 옴짝달싹 못 하게 만드는 게 그 우상 때문이었군요.{nl}주교님과 제가 마군주를 피해 달아나다가 4번과 5번 지역에서 그 우상들을 보았습니다.{nl}제가 본건 조금 다르게 생긴 우상이었는데 아무래도 그게 마르녹스가 우릴 감시하기 위해 설치해 둔 것 같습니다				사제 이르마
QUEST_UNUSED_20151102_002421	{nl}¿Derribarás las estatuas de las regiones 4 y 5?{nl}Si no lo hacemos, no importa a dónde vayamos, nunca escaparemos de las garras de Marnox...	{nl}4번과 5번 지역에서 그 우상들을 처리해 주실 수 있겠습니까?{nl}그걸 처리 못 하면 우리는 어딜 가건 마르녹스의 손아귀에서 벗어날 수 없을 겁니다..				사제 이르마
QUEST_UNUSED_20151102_002422	Antes de que el Señor Demonio me atrapara, el obispo me contó todo sobre el destino de nuestra orden. {nl}Revelador, estoy realmente feliz de haberte conocido.	이곳에 도착하여 제가 마군주에게 붙잡히기 전 까지, 주교님은 우리 교단의 숙명을 상세하게 알려주셨습니다.{nl}계시자님, 당신과 만나게 되어 정말 다행입니다.				사제 이르마
QUEST_UNUSED_20151102_002423	Irma bajó al tercer piso. {nl} Ella me dijo que te enviara allí cuando regresaras.	이르마는 3층으로 내려갔습니다.{nl}당신이 돌아오면 그곳으로 보내달라고 하더군요.				사제 프라나스
QUEST_UNUSED_20151102_002424	{nl}No creo que pueda moverme de aquí.{nl}Me temo que tendrás que ir por tu cuenta.	{nl}저는 여기서 더 못 움직일 것 같습니다.{nl}아무래도 당신 혼자 가야할 것 같군요.				사제 프라나스
QUEST_UNUSED_20151102_002425	Irma dijo que iba al tercer piso para encontrar a Gelija.{nl}Ella es la hermana de Irma, así que ni siquiera pude intentar detenerla.{nl}Ella sabe que no podemos hacer nada sin ti aquí,{nl}No sé por qué está actuando así.	이르마는 3층에서 헤어진 겔리야를 찾으러 간다고 했습니다.{nl}겔리야와 이르마는 친자매이기 때문에 제가 말릴 수가 없었습니다.{nl}계시자인 당신 없이는 우리가 할 수 있는 건 고작 숨쉬는 것 정도인데{nl}무슨 생각으로 그러는 지 모르겠군요.				사제 프라나스
QUEST_UNUSED_20151102_002426	{nl}Encuentra a Irma antes de que el Señor Demonio la encuentre nuevamente.	{nl}이르마가 또 마군주에게 붙잡히기 전에 그녀를 찾아 주십시오.				사제 프라나스
QUEST_UNUSED_20151102_002427	Irma me dijo.{nl}Que viniste hasta aquí desde Orsha para encontrarnos.{nl}No tengo miedo ahora que sé que un Revelador está con nosotros.	이르마에게 이야기는 들었습니다.{nl}오르샤부터 우리를 찾아 여기까지 와주셨군요.{nl}계시자와 함께라니 이제 무섭지 않습니다.				사제 겔리야
QUEST_UNUSED_20151102_002428	Irma es demasiado imprudente y eso es un problema.	이르마는 너무 당돌해서 문제에요.				사제 이르마
QUEST_UNUSED_20151102_002429	El obispo estaba muy preocupado.{nl}Por supuesto, había muchos lugares para reunirse con un Revelador además de aquí.{nl}Draznie y yo estábamos a cargo de esta prisión, así que hicimos muchos preparativos para una futura crisis aquí.	주교님은 걱정이 많으신 분이셨습니다.{nl}계시자를 맞이할 준비를 한 곳은 여기 말고도 많았죠.{nl}그 중에서 아샤크 지하 감옥은 저와 드라즈니에가 맡아서 이곳에서 위기에 쳐할 때를 대비해서 많은 준비를 해두었습니다.				사제 아우라나스
QUEST_UNUSED_20151102_002430	{nl}Originalmente simplemente planeamos evitar enemigos difíciles, pero ya que estás aquí{nl}debemos hacer uso de nuestras herramientas ocultas.{nl}Dejé algunas bolsas de polvo de perlas en la región 1.{nl}Si recolectas este polvo, podemos usarlo contra los demonios.{nl}Te diré cómo después de que traigas el polvo.	{nl}원래라면 상대하기 힘든 적들은 피해서 숨어있을 생각이었지만 계시자님이 오셨으니{nl}숨겨둔 도구들을 적극적으로 활용해야겠습니다.{nl}1번 지역에 비축해둔 포대엔 반짝이는 진주가루가 담겨 있습니다.{nl}이걸 잘 모으면 마족들에게 요긴하게 쓸 수 있죠.{nl}자세한 설명은 다 모아오시면 드리겠습니다.				사제 아우라나스
QUEST_UNUSED_20151102_002431	Una vez más estoy asombrado por el sentido de previsión de nuestro obispo.{nl}Si no hubiera preparado esto, habríamos quedado en manos de los demonios.{nl}Espero que los hermanos desaparecidos estén en los otros escondites que preparamos.	다시 한 번 주교님의 선견지명에 감탄했습니다.{nl}이런 준비가 없었다면 우린 여기서 아무것도 못하고 마족들 손에 당하고 말았겠죠.{nl}아마 실종된 형제들도 저희가 준비해둔 은신처에 숨어있을 겁니다.				사제 아우라나스
QUEST_UNUSED_20151102_002432	Esto es más que suficiente.{nl}Gracias.	이정도면 충분히 사용하고도 남을 양이군요.{nl}고생하셨습니다.				사제 아우라나스
QUEST_UNUSED_20151102_002433	Los demonios no son simples monstruos; parecen tener una jerarquía de mando.{nl}Los más fuertes comandan a los más débiles.{nl}Me pregunto si derrotar a los fuertes no hará que sea más fácil derrotar al resto.	마족들은 단순한 몬스터가 아니라 저마다의 지휘체계를 가지고 있는 것 같습니다.{nl}좀 더 강한 녀석이 약한 녀석을 지휘하는 것 같더군요.{nl}아마 강한 녀석들을 처치하면 나머지 녀석들도 쉽게 처리할 수 있을 겁니다.				사제 아우라나스
QUEST_UNUSED_20151102_002434	{nl}Toma este polvo de perlas y úsalo cada vez que veas un demonio.{nl}La luz proveniente del poder señalará a los monstruos demoníacos más fuertes para que puedas saber quiénes son.	{nl}이제 이 진주가루를 가지고 다니시다가 멀리서 마족을 발견하면 사용해 보십시오.{nl}진주가루에서 나온 빛이 강한 마족 몬스터에게 날아가서 발견하기 쉽게 해줄 겁니다.				사제 아우라나스
QUEST_UNUSED_20151102_002435	Todavía no sabemos si alguien está liderando a los demonios {nl}, pero si los derrotamos uno por uno, ¿el mundo no volverá a ser seguro?	마족들의 배후에 누가 있는진 아직 알 수 없습니다만{nl}하나씩 처리하면 예전처럼 안전한 세상이 되지 않을까요?				사제 아우라나스
QUEST_UNUSED_20151102_002436	Gracias.{nl}¿Te ocupaste bien de los demonios?{nl}Hay muchas otras cosas preparadas pero esto es todo lo que tengo...{nl}Draznie tendrá que encargarse del resto.	수고하셨습니다.{nl}마족들은 잘 처리하셨나요?{nl}이것 말고도 준비해 둔게 많은데 제가 준비한 건 이거 말곤 없군요..{nl}나머지는 저와 드라즈니에가 어떻게든 해보겠습니다.				사제 아우라나스
QUEST_UNUSED_20151102_002437	Auranas y yo encontramos varios lugares seguros alrededor de esta prisión. {nl} Por supuesto, el lugar donde estamos ahora no es uno de ellos. {nl} Me estaba escondiendo en la región 3 pero el Señor Demonio vino con sus vasallos a mirar alrededor del área. {nl} Tuve que dejar todas mis cosas atrás y escapar.	저와 아우라나스는 이곳 지하 감옥의 여러곳에 안전한 장소를 물색해 두었습니다.{nl}물론 지금 우리가 서 있는 이곳은 아닙니다.{nl}3번 지역에서 숨어있었는데 마군주가 부하들을 이끌고 그곳을 수색하더군요.{nl}가지고 있던 것들은 모두 내팽개치고 간신히 몸만 빠져나왔습니다.				사제 드라즈니에
QUEST_UNUSED_20151102_002438	{nl}Deberíamos encontrar ese lugar nuevamente si vamos a quedarnos aquí un poco más...{nl}Pero como puedes ver, todo lo que podemos hacer es ejecutar.{nl}Si te parece bien, ¿limpiarás la región 3?	{nl}이곳에 좀 더 오래 머무르려면 그곳을 다시 되찾는 게 좋을 것 같은데..{nl}보시는 것처럼 저희가 할 수 있는 건 도망치는 것 밖에 없군요.{nl}괜찮으시다면 3번 지역을 정리해주실 수 있겠습니까?				사제 드라즈니에
QUEST_UNUSED_20151102_002439	Supongo que los demonios no esperaban que nos escondiéramos allí...	마족 녀석들도 우리가 설마 그런곳에 숨어있을 거라고 생각도 못 했겠죠..				사제 드라즈니에
QUEST_UNUSED_20151102_002440	{nl}El problema es que tampoco esperábamos que llegaran hasta allí.	{nl}문제는 우리도 녀석들이 거기까지 올거라고 생각은 못 했던거죠.				사제 드라즈니에
QUEST_UNUSED_20151102_002441	Gracias.{nl}I debería echar un vistazo y esconderme en la región 3 nuevamente.	감사합니다.{nl}주위를 살펴보다가 3번 지역에 다시 숨어야겠군요.				사제 드라즈니에
QUEST_UNUSED_20151102_002442	En la región 4 hay varias habitaciones pequeñas. {nl}I hice trampas en ellas con la técnica que aprendí mientras trabajaba en la región norte. {nl}Tienen una imagen mía para atraer al enemigo.	4번 구역에 가면 작은 방들이 있을 겁니다.{nl}거기에 제가 북쪽 지역에서 수행할때 배운 기술로 함정을 만들었습니다.{nl}저와 흡사하게 생긴 환영을 만들어서 적을 유인하는 함정입니다.				사제 드라즈니에
QUEST_UNUSED_20151102_002443	{nl}Pero no puedo llegar hasta allí.{nl}Si te parece bien, ¿irás allí y activarás las trampas?	{nl}하지만 제가 거기까지 갈 수 있는 여력이 없습니다.{nl}괜찮으시다면 계시자님께서 그곳에서 함정들을 발동시켜 주시지 않겠습니까?				사제 드라즈니에
QUEST_UNUSED_20151102_002444	Tengo varias otras trampas y escondites fuera de esta prisión. {nl}I preparé lo suficiente para todos en caso de que algo le pase a Orsha.	지하 감옥 말고도 함정과 은신처를 준비해둔 곳이 많습니다.{nl}오르샤가 무너지면 사람들을 대피시킬 수 있을만큼 많은 곳을 준비해 두었지요.				사제 드라즈니에
QUEST_UNUSED_20151102_002445	¿Funcionó bien con los demonios? {nl}Nunca antes lo había usado con demonios, así que estaba preocupado. {nl}Pero me alegra saber que salió bien.	마족들이 잘 걸려들었나요?{nl}마족을 상대로는 한 번도 써본적이 없어서 걱정했었습니다.{nl}아무튼 성공했다니 다행이군요.				사제 드라즈니에
QUEST_UNUSED_20151102_002446	Ve a ver a Irma ahora. {nl}Ella se está preparando para recuperar las Órdenes Demoníacas.	이르마에게 가보십시오.{nl}그녀가 마족 명령서를 회수하기 위해 준비하고 있습니다.				사제 겔리야
QUEST_UNUSED_20151102_002447	Lamento haber desaparecido sin previo aviso.{nl}Era urgente. Mientras destruías la estatua de vigilancia{nl}Logré escapar sin que Marnox se diera cuenta.{nl}Pero parece que él también tiene más estatuas aquí.	말도 없이 사라져서 죄송합니다.{nl}하지만 한 시가 급한 일이고 당신이 감시 우상을 파괴하는 동안{nl}제가 마르녹스의 눈을 피해 안전하게 올 수 있었습니다.{nl}하지만 여기도 그의 우상이 곳곳에 설치되어 있군요.				사제 이르마
QUEST_UNUSED_20151102_002448	Muchos hermanos fueron sacrificados para llegar a donde estamos.{nl}Porque este es el único camino que podemos tomar.{nl}Por favor, detén a los demonios.	여기에 오기 까지 많은 형제들이 희생당했습니다.{nl}우리에게 길은 이 것 밖에 없기 때문이었죠.{nl}마족의 음모를 막아 주십시오.				사제 겔리야
QUEST_UNUSED_20151102_002449	Para ingresar a la habitación oculta y recibir las órdenes, tendrás que destruir la estatua en la región 2. {nl}Pero recuerda no usar un dispositivo de transporte en su alcance o Marnox te atrapará.{nl}¿Puedes hacerlo?	숨겨진 방에 들어가서 마족 명령서를 회수하려면 2번 지역의 우상을 제거 해야합니다.{nl}인접한 곳에서 이동장치를 사용하면 분명 마르녹스에게 덜미를 잡힐 겁니다.{nl}2번 지역의 우상을 처치해 주실 수 있겠습니까?				사제 이르마
QUEST_UNUSED_20151102_002450	Esto es extraño, debería estar aquí en cualquier momento...{nl}¿Tienes miedo?	이상하군요 슬슬 나타날때가 되었는데..{nl}계시자님이 무서운 걸까요?				사제 이르마
QUEST_UNUSED_20151102_002451	Esto es muy extraño.{nl}¿Por qué no está Marnox aquí?{nl}Por su comportamiento hasta ahora, supongo que habría venido...	정말 이상하군요.{nl}어째서 마르녹스가 나타나지 않는 걸까요?{nl}여태까지의 그의 행태를 보면 그럴리가 없는데..				사제 이르마
QUEST_UNUSED_20151102_002452	Si Marnox no viene, no hay nada que podamos hacer.{nl}Por si acaso, creo que sería bueno destruir la estatua en la región 3 para provocarlo.{nl}Mientras él viva nunca podremos abrir la puerta de la habitación oculta.	마르녹스가 나타나지 않는다면 어쩔 수 없지요.{nl}혹시 모르는 일이니 3번 구역의 감시 우상을 파괴해서 그를 자극해 보는 게 좋겠습니다.{nl}그가 살아있는 상태론 숨겨진 방으로 통하는 문을 열 수 없습니다.				사제 이르마
QUEST_UNUSED_20151102_002453	No es posible que hayan encontrado al obispo, ¿verdad? {nl}Recuerdo que actuó con tanta descaro cuando me atrapó, nada como ahora.{nl}Recuerdo lo humilde que consideraba a los sacerdotes como yo...{nl}Revelador, ¿tienes miedo?	혹시 주교님이 발각당하신 건 아닐까요?{nl}저를 붙잡았을 때 그의 자신만만한 행동과 비겁한 언행이 생각나는 군요.{nl}계시자가 아니면 우리 같은 사제들은 아무것도 아니라고 했어요..{nl}역시 계시자님이 무서운 걸까요?				사제 이르마
QUEST_UNUSED_20151102_002454	Puede que haya enviado a sus vasallos y haya escapado, puede que esté haciendo otros planes. {nl} No podemos perder más tiempo, abramos la puerta.	자신의 부하를 보내고 도망쳐서 후일을 도모하는 걸지도 모르겠습니다.{nl}여기서 시간을 지체할 수 없으니 문을 열도록 하지요.				사제 이르마
QUEST_UNUSED_20151102_002455	Abriré la puerta y entrarás a la habitación. {nl}Recibamos las órdenes y volvamos con el obispo inmediatamente.	제가 문을 열면 바로 따라 들어와 주십시오.{nl}마족 명령서를 회수하고 바로 주교님께 돌아갑시다.				사제 이르마
QUEST_UNUSED_20151102_002456	Derrotaste a Marnox...{nl}No creo que pueda moverme por un tiempo.	마르녹스를 처치하셨군요..{nl}저는 당분간 움직이기 힘들 것 같습니다.				사제 이르마
QUEST_UNUSED_20151102_002457	Fue un honor defender el destino de nuestra orden hasta el final.{nl}Todo fue gracias a ti.{nl}Me voy a esconder aquí y recuperarme, tú tomas las órdenes y vas a ver al obispo.	교단의 숙명을 마지막까지 지켜볼 수 있어서 영광이었습니다.{nl}계시자님 모두 당신 덕입니다.{nl}저는 이곳에서 잠시 숨어서 몸을 돌볼태니 마족 명령서를 가지고 주교님께 가주세요.				사제 이르마
QUEST_UNUSED_20151102_002458	¿Quieres decir que derrotaste a Marnox?{nl}A Señor Demonio... Realmente tienes el poder de un Revelador.{nl}Me alegro de que los sacerdotes estén a salvo...{nl}I hablaré con Inesa y me aseguraré de que los desaparecidos regresen a sus hogares.	마르녹스를 해치웠단 말인가!{nl}마군주를 해치우다니.. 계시자란 참으로 놀라운 힘을 가졌군요.{nl}내 사제들이 무사 하다니 다행입니다..{nl}행방불명된 사제들은 이네사에게 부탁해서 꼭 고향으로 돌려보낼 수 있도록 하겠습니다.				우르보나스
QUEST_UNUSED_20151102_002459	La gente te recordará cuando Orsha vuelva a prosperar...	오르샤가 다시 번영한 다면 후세 사람들은 당신을 꼭 기억 할 겁니다..				사제 이르마
QUEST_UNUSED_20151102_002460	Entonces los demonios llegaron a las áreas que rodean Orsha.{nl}Siempre temimos las invasiones de demonios, pero nunca pensamos que tendríamos que enfrentarnos a un Señor Demonio.{nl}Si tan solo pudiera alabar tu hazaña ante la gente...	저는 이대로 오르샤로 돌아가서 마족 명령서를 해석하겠습니다.{nl}계시자님은 영주에게 가서 마군주를 물리치고 우릴 구해냈다고 말씀해 주십시오.{nl}제 제자들은 여기 남아서 마르녹스의 잔재를 지우고 행방불명된 사제들을 찾도록 지시해 두겠습니다.				우르보나스
QUEST_UNUSED_20151102_002461	Entonces los demonios llegaron a las áreas que rodean Orsha.{nl}Siempre temimos las invasiones de demonios, pero nunca pensamos que tendríamos que enfrentarnos a un Señor Demonio.{nl}Si tan solo pudiera alabar tu hazaña ante la gente...	오르샤 근방까지 마족들이 침범했다는 말이군요.{nl}그들의 침공은 항상 대비하고 있었지만 마군주가 함께 올 거라곤 생각지도 못 했습니다.{nl}당신의 놀라운 업적을 모두에게 말하여 기리고 싶지만..				이네사 해먼데일
QUEST_UNUSED_20151102_002462	{nl}Lo siento. Si se lo contara a todo el mundo, sólo asustaría a los residentes.	{nl}미안합니다. 사실을 말해버리면 영주민들에게 공포심만 심어줄 것 입니다.				이네사 해먼데일
QUEST_UNUSED_20151102_002463	Escuché lo que pasó.{nl}Urbonas confirmó que eres un Revelador enviado por las diosas.{nl}Es un honor conocer al héroe de la leyenda transmitida en nuestra familia.{nl}Parece que las diosas aún no nos han dejado.{nl}¿Cuáles son tus planes ahora?	대부분의 이야기를 전달 받았습니다.{nl}우르보나스님께서 여신이 보내주신 계시자가 맞다고 하더군요.{nl}우리 헤먼대일 가문에 내려오는 전승의 주인공을 이렇게 뵙게되어 영광입니다.{nl}여신들이 우릴 버리지 않으셨군요.{nl}앞으로 어떻게 하실 예정이신지요?				이네사 해먼데일
QUEST_UNUSED_20151102_002464	{nl}Por ahora deberías ir a ver a Urbonas.{nl}Te está buscando.	{nl}우선은 우르보나스님에게 가십시오.{nl}당신을 찾고 계십니다.				이네사 해먼데일
QUEST_UNUSED_20151102_002465	Piense en Orsha como su segundo hogar. {nl}I y los residentes de Orsha siempre estarán encantados de darle la bienvenida.	이 오르샤를 마음의 고향이라고 생각해 주십시오.{nl}저와 오르샤 영주민들은 언제나 당신을 환영하겠습니다.				이네사 해먼데일
QUEST_UNUSED_20151102_002466	Bienvenido. Estábamos apenas terminando el análisis. {nl}Hay algunas partes aquí y allá en las que no podemos ponernos de acuerdo, pero esto es lo que tenemos.	어서오십시오. 해석을 막 끝낸 참입니다.{nl}제자들과 해석이 조금 엇갈린 부분이 있습니다만 대부분 동의하는 부분을 말씀드리겠습니다.				우르보나스
QUEST_UNUSED_20151102_002467	{nl}{nl} (Análisis de órdenes demoníacas)	{nl}{nl}(여기서부터는 마족 지령서 해석내용)				우르보나스
QUEST_UNUSED_20151102_002468	No debemos asumir que todos los hermanos desaparecidos están muertos.{nl}Pero para encontrarlos necesitamos destruir las estatuas de Marnox.{nl}¿Te encargarías de eso?	행방불명된 형제들이 모두 죽었다고 말할 순 없습니다.{nl}그들을 찾으려면 마르녹스의 우상을 모두 제거해야할 겁니다.{nl}그것들을 처리해 주실 수 있겠습니까?				사제 겔리야
QUEST_UNUSED_20151102_002469	Alguien tiene que estar vivo...	살아남은 형제들이 분명 있을 겁니다..				사제 겔리야
QUEST_UNUSED_20151102_002470	Gracias.{nl}Iré a buscarlos tan pronto como me recupere de mis heridas.	감사합니다.{nl}부상에서 회복되면 바로 그들을 찾아 나서야겠습니다.				사제 겔리야
QUEST_UNUSED_20151102_002471	No hay manera de saber dónde se esconden los hermanos en esta prisión...{nl}Y habrá sacerdotes que no podrán regresar con sus familias incluso después de que todo esto termine...{nl}Ojalá pudiera llevarles al menos sus pertenencias.	형제들이 이 넓은 지하 감옥의 어디에 숨어있는지 알 방법이 없군요..{nl}이 일이 끝난 뒤에도 가족들에게 돌아가지 못 하는 사제들이 있을탠데..{nl}그들의 가족들에게 사제들이 사용하던 물품이라도 전달해주고 싶군요.				사제 겔리야
QUEST_UNUSED_20151102_002472	{nl}Varios sacerdotes desaparecieron en la región 2.{nl}¿Buscarás sus bolsos allí?	{nl}2번 지역에서 많은 사제들이 사라졌습니다.{nl}그 곳에서 그들의 가방을 찾아다 주실 수 있겠습니까?				사제 겔리야
QUEST_UNUSED_20151102_002473	No todas las bolsas pertenecerán a personas desaparecidas. {nl}Yo también perdí la mía, después de todo...	발견된 가방의 주인들이 모두 행방불명된건 아닙니다.{nl}저도 제 가방을 잃어버렸거든요..				사제 겔리야
QUEST_UNUSED_20151102_002474	Gracias. También encontraste mi bolso que estaba perdido.{nl}Ver los diarios dentro de las bolsas me hace pensar que muchos de los hermanos todavía están vivos. {nl}Necesitamos encontrarlos antes de que sea demasiado tarde.	감사합니다. 제 잃어버린 가방도 찾아주셨군요.{nl}그들이 가방 안에 남겨준 일지를 보니 살아 있는 형제들이 꽤 있는 것 같습니다.{nl}늦기 전에 그들을 찾아야겠군요.				사제 겔리야
QUEST_UNUSED_20151102_002475	Hay una razón por la que te cubres las manos cuando tiras algo sucio.{nl}La sacerdotisa Irma destruyó los ídolos malditos de Marnox cuando ella huía de él.{nl}Pero ahora sus restos están esparcidos por todas partes.{nl}Su energía aún podría regresar y lastimarnos.	더러운 물건을 버릴땐 손이 더럽혀 지지 않게 뭔가로 감싸곤 하죠.{nl}이르마와 주교님이 마르녹스의 추격에서 도망칠때 그의 우상을 파괴하며 다녔어요.{nl}하지만 그 잔해들이 남아서 여기저기 흩어져있어요.{nl}그 잔해들을 처리하지 않으면 언제 그 기운이 엄습해서 우릴 곤란하게 할 지 몰라요.				사제 겔리야
QUEST_UNUSED_20151102_002476	{nl}Aquí tienes un paño empapado en agua bendita. Úsalo para deshacerte de los restos de la estatua.{nl}Cubre los fragmentos con la tela y el poder del agua bendita los hará desaparecer.	{nl}제게 성수에 적신 붕대가 있습니다. 이걸로 그 잔해들을 감싸서 처리해주실 수 있으십니까?{nl}그냥 잔해에 덮으시면 성수의 힘 때문에 자연스럽게 잔해들이 사라져버릴 거에요.				사제 겔리야
QUEST_UNUSED_20151102_002477	Apresurarse en cualquier cosa terminará eventualmente en problemas.	다급하게 처리한 일은 언제나 뒤탈을 일으키는 법이군요.				사제 겔리야
QUEST_UNUSED_20151102_002478	Eso es una cosa menos de qué preocuparse. {nl}Aunque, por la forma en que los demonios abandonaron este lugar, pasará un tiempo antes de que pueda volver a la normalidad.	걱정거리가 하나 줄어들었군요.{nl}하지만 마족들이 어지럽혀둔 이 공간은 앞으로 적지 않은 시간을 공들여야 할 거에요.				사제 겔리야
QUEST_UNUSED_20151102_002479	¿Irías al cruce de Uzali y cazarías algunos asesinos Lepusbunny verdes? {nl}Nos vendría bien su cálido pelaje.	그러니, 우즈알리 사거리의 초록 레푸스버니 암살자를 사냥해 주실 수 있을까요?{nl}털가죽이 아주 따스하거든요.	QUEST_LV_0200_20151001_009427	Can you hunt for Trufflelia at Uzali Crossroads?{nl}Their hairy leathers are very warm.	그래서 그런데, 우즈알리 사거리의 트리펠리아를 사냥해 주실 수 있을까요?{nl}털가죽이 아주 따스하거든요.	고원병사 바스케즈
QUEST_UNUSED_20151102_002480	Por aquí hay magos Siaulav azules que llevan comida de emergencia. {nl}Horace probablemente te haya dicho que su comida es sorprendentemente comestible. ¿Podrías conseguirme algunos?	이 근처의 푸른 샤울라브 메이지라는 몬스터들은 저들 먹을 비상식량을 챙겨 다닙니다.{nl}의외로 제법 먹을 만 하다고 호라스님께서 알려주셨죠. 그것이라도 구해 주십시오.	QUEST_LV_0200_20151001_009445	Please get the meat from Beadbird around here.{nl}Horas told me It has a good taste.{nl}	이 근처의 청옥조라는 몬스터에게서 고기를 부탁드립니다.{nl}꽤 먹을 만 하다고 호라스님께서 알려주셨죠.{nl}	보급병 론다
QUEST_UNUSED_20151102_002481	Es curioso, si no fuera por ellos ya me habría muerto de hambre.{nl}Por el frío lo único que crece por aquí son patatas.	이상한 상황이긴 합니다만, 녀석들이 아니었으면 쫄쫄 굶었을 겁니다.{nl}여긴 너무 추워서 감자 말곤 아무것도 자라지 않거든요.	QUEST_LV_0200_20151001_009446	We will starve, if the Beadbird.{nl}Here is too cold, so only potatoes are growing.	청옥조가 아니었으면 쫄쫄 굶었을 겁니다.{nl}여긴 너무 추워서 감자 말곤 아무것도 자라지 않거든요.	보급병 론다
QUEST_UNUSED_20151102_002482	Primero tenemos que hacer algo con el calor. {nl} Horacio dijo una vez que los hongos azules de Lapasape generan calor; Quiero probarlos.	우선은 저 열부터 해결해야 할 것 같습니다.{nl}예전에 호라스님께서 푸른 라프세이프의 버섯이 열을 내린다 하셨으니 시험해 보지요.	QUEST_LV_0200_20151001_009459	First, we should do something about his fever. {nl}A long time ago, Horace once told us that the body fluid of Worgs reduce the fever so let's try that out.	우선은 저 열부터 해결해야 할 것 같습니다.{nl}예전에 호라스님께서 워그의 체액이 열을 내린다 하셨으니 시험해 보지요.	스토가스 분대장 아데스
QUEST_UNUSED_20151102_002483	Entonces, veamos si eres hábil. {nl}Ve a Paupys Crossing y acaba con diez Lapflammers y diez Lapemans.	일단 자네의 실력을 보여주게.{nl}파우피스 나루에서 라플래머와 라페먼을 각각 10마리 씩 해치우고 오게나.	QUEST_UNUSED_20151022_001067	First, show me your skills.{nl}From the Woods of the Linked Bridges, come back after defeating 10 Lapflammers and 10 Lapemans.	일단 자네의 실력을 보여주게.{nl}덧댄다리 숲에서 라플래머와 라페먼을 각각 10마리 씩 해치우고 오게나.	소드맨 서브 마스터
QUEST_UNUSED_20151102_002484	Ya pareces lo suficientemente fuerte. {nl} Sólo necesito comprobar qué tan bien eres capaz de usar esa fuerza tuya.	가지고 계신 완력은 충분해 보이는군요.{nl}이제 그 힘을 얼마나 잘 사용하실 수 있는지 확인해보겠습니다.	QUEST_UNUSED_20151022_001074	Your power seems to be enough.{nl}Now, I will check how you use that power well.	가지고 계신 완력은 충분해 보이는군요.{nl}이제 그 힘을 얼마나 잘 사용하실지를 판단해보겠습니다.	하이랜더 서브 마스터
QUEST_UNUSED_20151102_002485	Bien. Has cumplido la condición más básica.{nl}Us Los Peltasta somos una clase que usa el escudo de forma activa contra nuestros oponentes. {nl)Como tal, es necesario tener un conocimiento básico del mismo.	좋습니다. 가장 기본적인 요건은 충족되었군요.{nl}우리 펠타스타는 방패를 적극적으로 사용해 적을 상대하는 클래스입니다.{nl}따라서 방패에 대한 기본적인 이해가 있어야겠지요.	QUEST_UNUSED_20151022_001079	Good. The most basic requirements have been fulfilled.{nl}We, Peltastas use the shield aggressively to face against the enemies.{nl}So you must have the basic understanding of using the shield.	좋습니다. 가장 기본적인 요건은 충족되었군요.{nl}우리 펠타스타는 방패를 적극적으로 사용해 적들을 상대하는 클래스입니다.{nl}따라서 방패에 대한 기본적인 이해가 있어야겠지요.	펠타스타 서브 마스터
QUEST_UNUSED_20151102_002486	Voy a pedirte algunos materiales para tu escudo.{nl}Primero puedes ir a Paupys Crossing y recolectar decoraciones metálicas de Lapemans.{nl}Además, reúne algo de madera seca de un taller aislado allí.	당신에게 방패에 쓸만한 재료를 부탁드리겠습니다.{nl}파우피스 나루의 라페먼으로부터 얻을 수 있는 쇠장식을 가져오세요.{nl}그리고 같은 지역의 외딴 작업장에서 젖지 않은 목재를 모아 오시기 바랍니다.	QUEST_UNUSED_20151022_001080	I'm going to ask you for some materials for your shield.{nl}First you collect metal decorations from Lapemans.{nl}Also, gather some dry wood from an isolated worshop there.	당신에게 방패에 쓸만한 재료를 부탁드리겠습니다.{nl}파우피스 나루의 라페먼으로부터 얻을 수 있는 쇠장식을 가져오세요.{nl}그리고 같은 지역의 외딴 작업장에서 쓸만한 나무를 모아 오시기 바랍니다.	펠타스타 서브 마스터
QUEST_UNUSED_20151102_002487	Lo hiciste bien.{nl}Ahora reúne todos los materiales que necesitas y crea tu propio escudo.	수고하셨습니다.{nl}추후 재료를 모아 자신만의 방패를 직접 만들어보시기 바랍니다.	QUEST_UNUSED_20151022_001082	Well done.{nl}When you obtain the manual for the shield in the future, I want you to make it yourself by collecting the materials yourself.	수고하셨습니다.{nl}추후 방패의 제작서를 얻으신다면 이렇게 재료를 모아 직접 만들어보시기 바랍니다.	펠타스타 서브 마스터
QUEST_UNUSED_20151102_002488	Simplemente estoy siguiendo las órdenes importantes del Maestro. {nl} ¡Eso no significa que tenga celos de ti por ser un viajero!	저는 마스터로부터 받은 중요한 임무를 수행할 뿐입니다.{nl}딱히 당신처럼 여행을 다니지 못하는 게 부러운 건 아니에요!	QUEST_UNUSED_20151022_001087	I am just doing my important duty which I've received from Master.{nl}I am not jealous of your journey!	저는 마스터로부터 받은 중요하고 성스러운 임무를 수행할 뿐입니다.{nl}딱히 당신처럼 여행을 다니지 못하는 게 부러운 건 아니에요!	클레릭 서브 마스터
QUEST_UNUSED_20151102_002489	Eso sí, primero tendrás que demostrar que puedes manejar técnicas avanzadas.	물론 그 전에 상급 기술을 소화하실 수 있는지 확인하는 것이 먼저겠지요.	QUEST_UNUSED_20151022_001108	And of course we should first find out whether you would be able to handle the high level skills.{nl}Defeat the monsters at 63_3 of Bracken Forest and collect the crystals from the monsters.{nl}You can get two from the demons so please go after the demons aggressively.	물론 그 전에 상급 기술을 소화하실 수 있는지 확인하는 것이 먼저겠지요.{nl}고사리 숲 63_3에서 몬스터들을 해치우고 몬스터의 결정을 모아 주세요.{nl}마족에게선 두 개를 얻을 수 있으니 보다 적극적으로 마족녀석들을 노려주시기 바랍니다.	펠타스타 서브 마스터
QUEST_UNUSED_20151102_002490	Toma esto y derrota a los monstruos en Bracken Forest 63_3.{nl}Verás que los números aumentan cuanto más enemigos derrotes.{nl}Los demonios valen el doble de puntos.	이 물건을 받으시고 고사리 숲 63_3에서 몬스터들을 해치우세요.{nl}당신이 적을 쓰러뜨릴 수록 이것의 숫자가 올라갈 겁니다.{nl}마족들은 특별히 두 배로 계산됩니다.	QUEST_UNUSED_20151022_001109	But, there are restrictions.{nl}Firstly, I only admit the crystals which you've obtained while equipped with shiedls.{nl}Secondly, if you become unable to fight, the crystals you would have collected until that point will be all cancelled.	단, 제약사항이 있습니다.{nl}첫째, 어디까지나 방패를 착용한 상태에서 얻은 결정만 인정해 드립니다.{nl}둘째, 전투 불능 상태가 되시면 모으신 결정은 모두 무효처리하겠습니다.	펠타스타 서브 마스터
QUEST_UNUSED_20151102_002491	Sin embargo, hay algunas condiciones. {nl}Una, debes derrotar al enemigo con un escudo equipado. {nl}Dos, si te vuelves incapaz de combatir, los enemigos que derrotaste hasta entonces no contarán.	단, 제약사항이 있습니다.{nl}첫째, 어디까지나 방패를 착용한 상태에서 적을 쓰러뜨린 것만 인정됩니다.{nl}둘째, 전투 불능 상태가 되시면 그 동안 쓰러뜨린 적의 숫자는 인정하지 않습니다.				펠타스타 서브 마스터
QUEST_UNUSED_20151102_002492	{nl}Finalmente, debes derrotar a los monstruos sin la ayuda de tus aliados.	{nl}마지막으로 동료가 해치운 몬스터는 인정되지 않습니다.				펠타스타 서브 마스터
QUEST_UNUSED_20151102_002493	Derrota a los monstruos con tu escudo equipado. {nl}Esto demostrará tus habilidades de supervivencia.{nl}Ten en cuenta que atrapar demonios será más efectivo.	방패를 착용한 상태에서 몬스터를 처치하세요.{nl}이는 당신의 생존능력을 확인하기 위함입니다.{nl}참고로 마족을 잡는 쪽이 효율이 좋을 겁니다.	QUEST_UNUSED_20151022_001110	Defeat the monsters and collect the crystals while equipped with a shield.{nl}This is to check your surviving skills.{nl}For your reference, it will be efficient to defeat the demons.	방패를 착용한 상태에서 몬스터를 처치하시고 결정을 모으세요.{nl}이는 당신의 생존능력을 확인하기 위함입니다.{nl}참고로 마족을 잡는 쪽이 효율이 좋을 겁니다.	펠타스타 서브 마스터
QUEST_UNUSED_20151102_002494	Enseñarte a usar la lanza es fácil, lo importante es tu actitud. {nl}Hay un lugar ideal para estudiantes como tú.	창을 가르쳐 드리는 거야 쉽습니다만, 어떤 마음으로 임하는지가 중요합니다.{nl}마침 당신같은 지원자들을 시험하기 위한 적당한 장소가 있습니다.	QUEST_UNUSED_20151022_001112	It's easy to teach you how to use a spear, but your mind is important.{nl}There is a location to test applicants like you.{nl}The assignment is simple. It's just irritating.	창을 가르쳐 드리는 거야 쉽습니다만, 제겐 당신의 마음가짐이 중요합니다.{nl}마침 당신같은 지원자들을 시험하기 위한 적당한 장소가 있습니다.{nl}과제는 간단합니다. 조금 귀찮을 뿐이지요.	하플라이트 마스터
QUEST_UNUSED_20151102_002495	La virtud más importante de un guerrero es su sentido del combate.{nl}Eso significa atacar cualquier cosa que sea hostil a lo que intentas proteger.{nl}Pruébalo; Derrota a los Yognomes en Bracken Forest 63_3.	전사에게 있어서 가장 중요한 덕목은 호전성이다.{nl}너와 네가 지켜야 할 것에 적의를 보이는 것들은 일단 공격하고 보는 것이다.{nl}고사리 숲 63_3의 요노움들이 네 사명의 방해물이라고 생각하고 쓸어버리고 와봐라.	QUEST_UNUSED_20151022_001116	The most important quality of Swordsman is belligerence.{nl}You should attack anyone who shows hostility to the ones that you should protect.{nl}Think of Yognomes at 63_3 of Bracken Forest as your barriers and destroy all of them.	전사에게 있어서 가장 중요한 덕목은 호전성이다.{nl}너 스스로나 네가 지켜야 할 것에 적의를 보이는 녀석들은 일단 공격하고 보는 것이다.{nl}고사리 숲 63_3의 요노움들이 네 사명의 방해물이다 생각하고 쓸어버리고 와봐라.	바바리안 서브 마스터
QUEST_UNUSED_20151102_002496	¿Te enteraste?{nl}Algunos de los refugiados que venían a Orsha resultaron heridos alrededor del estanque Lemprasa y se quedaron atrás.{nl}¡Necesitan ser rescatados!	소식 들으셨나요?{nl}오르샤로 오던 피난민 중 일부가 렘파라사 연못에서 상처를 입고 고립되어 있는 것 같아요.{nl}어서 그들을 구해야 해요!	QUEST_UNUSED_20151022_001119	Have you heard the stories?{nl}Some of the refugees that were coming to Orsha are hurt and fell near Lemprasa Pond.{nl}We should save them!	소식 들으셨나요?{nl}오르샤로 오던 피난민 중 일부가 상처를 입고 렘파라사 연못에 쓰러져 있는 것 같아요.{nl}어서 그들을 구해야 해요!	클레릭 서브 마스터
QUEST_UNUSED_20151102_002497	Me alegra que no les haya pasado nada peor.{nl}Todo fue gracias a tu ayuda.{nl}Creo que está claro que estás listo para pasar al nivel final de Clérigo.	그 분들께 더 큰 문제가 생기지 않아서 불행 중 다행이에요.{nl}당신의 빠른 도움 덕분입니다.{nl}당신이라면 클레릭의 마지막 단계로 나아가기에 손색이 없어 보이네요.	QUEST_UNUSED_20151022_001122	It is so fortunate that a big problem didn't occur to them.{nl}It's all because of the devotion that you've shown to us.{nl}You look competent enough to progress to the last stage of Cleric.	그 분들께 더 큰 문제가 생기지 않아서 불행 중 다행이에요.{nl}당신께서 보여주신 헌신 덕분입니다.{nl}당신이라면 클레릭의 마지막 단계로 나아가기에 손색이 없어 보이네요.	클레릭 서브 마스터
QUEST_UNUSED_20151102_002498	Las primeras hierbas las encontrará en la región XXX debajo de montones de hojas. {nl} Las segundas hierbas crecen en la región YY. {nl} Las terceras son flores amarillas en la región ZZ; deberían ser los más fáciles de encontrar.	첫번째 약초는 XX지역 근처 나뭇잎더미를 헤치면 발견하실 수 있습니다.{nl}두번째 약초는 YY지역에서 자라고 있습니다.{nl}세번째 약초는 ZZ지역에서 노란 꽃을 피우고 있으므로 가장 찾기 쉬우실 겁니다.	QUEST_UNUSED_20151022_001129	You will see the first herb when you dig into the pile of tree leaves near the exit which leads to the next territory.{nl}The second herb is growing on the region located below.{nl}The third herb has the yellow flower so you will easily find it.	첫번째 약초는 다음 지역으로 가는 출구 근처 나뭇잎더미를 헤치면 발견하실 수 있습니다.{nl}두번째 약초는 가장 아래쪽 지역에서 길쭉하게 자라고 있습니다.{nl}세번째 약초는 노란 꽃을 피우고 있으므로 가장 찾기 쉬우실 겁니다.	프리스트 서브 마스터
QUEST_UNUSED_20151102_002499	La propia maestra también entró después de hacer su propia muñeca Bokor. {nl} Supongo que se puede decir que es parte de nuestra historia y tradición.	저는 물론이거니와 마스터 역시 옛날에는 보코르 인형을 만들고 입문하셨다고 하더라고요.{nl}나름 역사와 전통이 있는 의식이랍니다.	QUEST_UNUSED_20151022_001134	Long time ago, the Master also became a Bokor after making Shaman Dolls.{nl}It is the ritual which has the history and the tradition.	저는 물론이거니와 마스터 역시 옛날에는 주술인형을 만들고 입문하셨다고 하더라고요.{nl}나름 역사와 전통이 있는 의식이랍니다.	보코르 서브 마스터
QUEST_UNUSED_20151102_002500	¡Yo diría que es una muñeca Bokor de muy alta calidad! {nl}Realmente parece que eres natural. {nl}Ahora tú también eres un Bokor. ¡Bienvenido!	이 정도면 제가 본 보코르 인형 중에서도 상급품에 속하네요!{nl}보코르의 소질이 있으신 것 같아요.{nl}이로써 당신도 보코르랍니다. 환영합니다!	QUEST_UNUSED_20151022_001135	This Shaman Doll has the highest grade among the dolls which I've seen before!{nl}You seem to possess the attributes of Bokor.{nl}Now, you are the Bokor. Welcome!	이 정도면 제가 본 주술인형 중에서도 상급품에 속하네요!{nl}보코르의 소질이 있으신 것 같아요.{nl}이로써 당신도 보코르랍니다. 환영합니다!	보코르 서브 마스터
QUEST_UNUSED_20151102_002501	¿Qué es?	무슨일이시죠?	QUEST_UNUSED_20151022_001139	What's the matter? Ah.. I remember that Dievdirbys girl.{nl}But, what should I do. The chisel and the materials are all ran oout.	무슨일이시죠? 아... 그 당찬 딥디르비 소녀라면 기억하고 있습니다.{nl}하지만 이걸 어쩐다죠. 마침 만들어놓은 끌도, 새로 만들 재료도 모두 떨어진 상황이네요.	딥디르비 서브 마스터
QUEST_UNUSED_20151102_002502	Oh... si te refieres a una Dievdirbys de carácter fuerte, sí, la conozco.{nl}Pero me temo que estoy perdido aquí. No tengo cincel ni ningún material para hacer uno.	아... 그 당찬 딥디르비 소녀라면 기억하고 있습니다.{nl}하지만 이걸 어쩌지요. 마침 만들어놓은 끌도, 새로 만들 재료도 모두 떨어진 상황이네요.				딥디르비 서브 마스터
QUEST_UNUSED_20151102_002503	Está bien. Luego demuestra que estás listo para aprender algunas técnicas avanzadas. {nl}Muéstrame cuánto dominas los conceptos básicos.	좋습니다. 상급 기술을 배울 수 있는 실력이 되는지 한번 더 검증해보죠.{nl}기존의 기술을 얼마나 잘 다룰 수 있는지를 보겠습니다.	QUEST_UNUSED_20151022_001149	Good. Let's see one more time if you are competent enough to learn higher level skills.{nl}I will see how you handle existing skills well.{nl}I don't care which monster, just defeat any monster using Highlander's skills.	좋습니다. 상급 기술을 배울 수 있는 실력이 되는지 한번 더 검증해보죠.{nl}기존의 기술을 얼마나 잘 다룰 수 있는지를 보겠습니다.{nl}아무 몬스터라도 좋으니 하이랜더의 기술을 써서 몬스터를 처치해보세요.	하이랜더 서브 마스터
QUEST_UNUSED_20151102_002504	Cualquier monstruo está bien, siempre y cuando uses tus técnicas de Highlander para derrotarlo. {nl}Haz esto sin la ayuda de tus colegas.	아무 몬스터라도 좋으니 하이랜더의 기술을 써서 몬스터를 처치해보세요.{nl}동료 하이랜더의 도움은 받으실 수 없습니다.				하이랜더 서브 마스터
QUEST_UNUSED_20151102_002505	Parece que no tienes problemas para derrotar a los demonios. {nl}Pero aún necesitas algo de práctica para los más feroces. {nl}Puedo mostrarte el camino de un verdadero Peltasta.	그 정도면 왠만한 마족들은 손쉽게 해치울 수 있겠네요.{nl}하지만 진짜 흉악한 녀석들을 없애기 위해서는 좀 더 정진하실 필요가 있습니다.{nl}제가 당신께 진정한 펠타스타의 길을 열어드리죠.	QUEST_UNUSED_20151022_001152	You would easily defeat any kinds of demons.{nl}But, in order to defeat the real bad demons, you will have to try hard.{nl}I will open the true way of Peltasta for you.	그 정도면 왠만한 마족들은 손쉽게 해치울 수 있겠네요.{nl}하지만 진짜 나쁜 녀석들을 없애기 위해서는 좀 더 정진하실 필요가 있습니다.{nl}제가 당신께 진정한 펠타스타의 길을 열어드리죠.	펠타스타 서브 마스터
QUEST_UNUSED_20151102_002506	Si cumples con los requisitos, claro está.	하지만 최소한의 조건은 통과하셔야 합니다.	QUEST_UNUSED_20151022_001153	But, you should at least pass the minimum requirement.{nl}Come back after defeating Chapparitions from Karolis Springs.	하지만 최소한의 조건은 통과하셔야 합니다.{nl}카롤리스 샘터에서 채퍼리션을 해치우고 오세요.	펠타스타 서브 마스터
QUEST_UNUSED_20151102_002507	Una vez me pidieron que me deshiciera de Chapparition en Karolis Springs. {nl} No pude terminar el trabajo en ese momento, pero ahora creo que podría ser una buena prueba para ti. {nl}Ve a Karolis Springs y derrota a Chapparition allí.	과거 카롤리스 샘터에 나타난 채퍼리션을 없애달라는 부탁을 받았었습니다.{nl}당시에는 미처 처리하지 못했는데 지금보니 당신의 시험상대로 적당한 듯 싶네요.{nl}카롤리스 샘터에서 채퍼리션을 해치우고 오세요.				펠타스타 서브 마스터
QUEST_UNUSED_20151102_002508	Me sorprende lo mucho que has mejorado. {nl}Puedo ver que eres diferente de otros hoplitas. {nl}No tendrás problemas para volverte aún más fuerte. Entonces, ¿estás listo para la siguiente etapa?	당신의 성장은 놀라울 정도로군요.{nl}다른 하플라이트들과는 무언가 다른 것이 느껴집니다.{nl}당신이라면 좀 더 강해질 수 있을 겁니다. 다음단계로 나아갈 준비는 되셨습니까?	QUEST_UNUSED_20151022_001156	Your growth is really surprising. I can feel something different in you.{nl}I am sure you will become stronger. Are you ready to proceed to the next level?	당신의 성장은 놀라울 정도로군요. 여타의 수련생들과는 무언가 다른 것이 느껴집니다.{nl}당신이라면 좀 더 강해질 수 있을 겁니다. 다음단계로 나아갈 준비는 되셨습니까?	하플라이트 마스터
QUEST_UNUSED_20151102_002509	Sí, ese es el extremo de la lanza que usé para atacarlo en aquel entonces. {nl} Ahora finalmente podemos decir que fuimos nosotros los hoplitas quienes derrotamos a la bestia.	확실히 그것은 제가 과거 녀석의 몸에 박아넣었던 창의 끝부분이 맞군요.{nl}녀석은 우리 유능한 하플라이트가 쓰러뜨렸노라고 여기저기 자랑할 수 있겠습니다.	QUEST_UNUSED_20151022_001160	That is definitely the tip of my spear wihich was on the body of the monster.{nl}I can proudly say that our competent Hopelite defeated it.	확실히 그것은 제가 과거 녀석의 몸에 박아넣었던 창의 끝부분이 맞군요.{nl}녀석은 우리의 유능한 하플라이트가 쓰러뜨렸노라고 여기저기 자랑할 수 있겠습니다.	하플라이트 마스터
QUEST_UNUSED_20151102_002510	Y por supuesto, no les pidas a tus amigos que te ayuden con esto.	물론 동료의 도움따위를 받아서야 의미 없지.				바바리안 서브 마스터
QUEST_UNUSED_20151102_002511	Me gustan tus agallas.{nl}Hazme un favor y derrota a los demonios en Feretory Hills.	패기는 마음에 드는군.{nl}그렇다면 페레토리 구릉의 마족들을 처치해보게.	QUEST_UNUSED_20151022_001167	I like your spirit.{nl}Try defeating Beast-type monsters at Feretory Hills.	패기는 마음에 드는군.{nl}그렇다면 페레토리 구릉의 야수몬스터들을 처치해보게.	캐터프랙트 마스터
QUEST_UNUSED_20151102_002512	Después de Medzio Diena, Feretory Hills ha estado plagada de demonios. {nl}Ve y derrota a los demonios allí.	신수의 날 이후 페레토리 구릉은 어느샌가 마족들이 들끓는 곳이 되어 버렸지.{nl}그 곳의 마족들을 처치하게.	QUEST_UNUSED_20151022_001168	Since Medzio Diena, the monsters that inflict the most harm are the Beast-type.{nl}Defeat the Beast-type monsters at Feretory Hills.	신수의 날 이후 늘어난 몬스터 중에 사람들에게 가장 피해를 주는게 야수형들이야.{nl}페레토리 구릉의 야수 몬스터를 처치하게.	캐터프랙트 마스터
QUEST_UNUSED_20151102_002513	Toma esta gema y ve a Feretory Hills.{nl}Después de herir a los monstruos, usa el poder de la gema para purificarlos.{nl}Luego, trae de vuelta sus cenizas.	이 보석을 가지고 페레토리 구릉으로 가세요.{nl}몬스터들에게 상처를 입힌 다음 보석의 힘으로 몬스터를 정화하시기 바랍니다.{nl}그러면 재가 남을텐데 그것을 가져오세요.	QUEST_UNUSED_20151022_001170	With this jewel, please go to Feretory Hills.{nl}Make scars on the monsters and use the power of the jewel to purify the monsters.{nl}When you do that, ashes will remain. Please gather them.	이 보석을 가지고 페레토리 구릉으로 가세요.{nl}몬스터들에게 상처를 입힌 다음 보석의 힘으로 몬스터를 정화하시기 바랍니다.{nl}그러면 재가 남을텐데 그것을 모아오세요.	크리비 서브 마스터
QUEST_UNUSED_20151102_002514	Esto demuestra efectivamente tus habilidades. {nl}Felicitaciones por alcanzar el último nivel de Krivis.{nl}Espero que sigas usando tu poder para ayudar a los necesitados.	이것으로 당신의 실력이 입증되었군요.{nl}크리비로서 마지막 단계에 들어서신 것을 축하드립니다.{nl}앞으로도 그 힘으로 어려운 이들에게 도움을 주시기 바랍니다.	QUEST_UNUSED_20151022_001172	Your competence has been proven as a result.{nl}Congratulations on your entrance to the last stage of Krivis.{nl}I want you to help the ones who are stuggling with the power you have.	이것으로 당신의 실력이 입증되었군요.{nl}크리비로서 마지막 단계에 들어서신 것을 축하드립니다.{nl}앞으로도 그 힘으로 힘겨운 이들에게 도움을 주시기 바랍니다.	크리비 서브 마스터
QUEST_UNUSED_20151102_002515	Ve al Monasterio Braken 64_2 y verás monstruos Sparnasman. {nl} Derrótalos en la región XXX y tráeme sus cuernos.	고사리 수도원64_2에서 스파나스맨이란 몬스터를 마주치실 수 있을 거에요.{nl}XX지역에서 녀석을 쓰러뜨리고 녀석의 머리에 난 그 뿔을 가져다 주세요.	QUEST_UNUSED_20151022_001183	You will be able to encounter a monster called Sparnasman at 64_2 of Bracken Forest.{nl}Please bring me the horn on your head.	고사리 수도원64_2에서 스파나스맨이란 몬스터를 마주치실 수 있을 거에요.{nl}녀석의 머리에 난 그 뿔을 가져다 주세요.	딥디르비 서브 마스터
QUEST_UNUSED_20151102_002516	Te voy a dar mi energía.{nl}Usa la energía en Feretory Hills y se mezclará con parte de los espíritus de los monstruos.	저의 기운을 당신에게 전달해 드릴 것입니다.{nl}페레토리 구릉에서 그 기운을 사용하시면 몬스터의 영혼 일부가 섞이게 됩니다.	QUEST_UNUSED_20151022_001187	I will pass you my energies to you.{nl}When you use that energy at Feretory Hills, a part of monsters' spirits will be mixed.{nl}Defeat that monster and come back after absorbing the spirit.	저의 기운을 당신에게 전달해 드릴 것입니다.{nl}페레토리 구릉에서 그 기운을 사용하시면 몬스터의 영혼 일부가 섞이게 됩니다.{nl}그 몬스터를 처치하시고 영혼을 흡수한 다음 돌아오세요.	사두 마스터
QUEST_UNUSED_20151102_002517	Derrota a los monstruos con mi energía impartida para recolectar sus espíritus y luego tráemelos. {nl}Haz esto sin la ayuda de nadie.	영혼이 섞인 몬스터를 처치하시고 영혼을 흡수한 다음 돌아오세요.{nl}단, 이 시험은 동료의 도움은 받으실 수 없습니다.				사두 마스터
QUEST_UNUSED_20151102_002518	Pareces listo.{nl}Si es así, ve al Cruce de Apsimesti sin tu escudo y derrota a los monstruos allí.	준비는 된 것 같군.{nl}그렇다면 방패를 착용하지 않은 상태에서 압시메스티 교차로의 몬스터를 해치우고 와.	QUEST_UNUSED_20151022_001199	I think you are ready.{nl}If that's so, defeat the monsters at Apsimesti Crossroads without using a shield.{nl}In fact, face the monsters without equipping the monsters.	준비는 된 것 같군.{nl}그렇다면 방패를 사용하지 않고 압시메스티 교차로의 몬스터를 해치우고 와.{nl}아니, 애초에 착용하지 않은 상태에서 몬스터를 해치우고 오는 게 좋겠군.	로델레로 마스터
QUEST_UNUSED_20151102_002519	Sabes que necesitas hacer esto por tu cuenta, ¿verdad?	물론 혼자서 해내야 한다는 정도는 알겠지?				로델레로 마스터
QUEST_UNUSED_20151102_002520	¿Eres bueno con la lanza ahora? {nl} Si es así, estás listo para convertirte en un verdadero Catafracta. {nl} ¿Cómo está la condición de tu compañero?	어때, 이제 찌른다는 게 뭔지 알겠나?{nl}그럼 진정한 캐터프랙트로 거듭나기 위한 준비를 해보세.{nl}자네 컴패니언의 상태는 양호한가?	QUEST_UNUSED_20151022_001202	How about it, do you understand now what the piercing is?{nl}Okay, then let's get ready to proceed to the next level.	어때, 이제 찌른다는 게 뭔지 알겠나?{nl}그럼 다음 단계로 나아가기 위한 준비를 해보자.	캐터프랙트 마스터
QUEST_UNUSED_20151102_002521	Bien. Imagina que tus brazos son la lanza que golpeará a tus oponentes.{nl}Y tus piernas son el compañero que te mueve.{nl}Ve al cruce de Apsimesti y derrota a tus enemigos mientras estás montado en tu compañero.	좋아. 어떤 적도 꿰뚫을 수 있는 창이 자네의 팔이라고 치지.{nl}그렇다면 다리는 단연 기동력을 제공해주는 자네의 컴패니언이라고 할 수 있을걸세.{nl}컴패니언에 올라탄 채로 압시메스티 교차로의 적들을 토벌하고 오게.	QUEST_UNUSED_20151022_001203	Let's assume that the spear which can pierce any enemy is your arm.{nl}We can say the legs are your companion which give you the mobility.{nl}Defeat the enemies in Apsimesti Crossroads while mounted on a companion.	어떤 적도 꿰뚫을 수 있는 창이 자네의 팔이라고 치지.{nl}그렇다면 다리는 단연 기동력을 제공해주는 자네의 컴패니언이라고 할 수 있을걸세.{nl}컴패니언에 올라탄 채로 압시메스티 교차로의 적들을 토벌하고 오게.	캐터프랙트 마스터
QUEST_UNUSED_20151102_002522	¡Recibí una carta de Tesla! {nl} Por lo que escribió, parece esperar grandes cosas de usted. {nl} Veamos si ha mejorado lo suficiente para estar a la altura de sus expectativas.	간신히 테슬라님과 연락이 닿았어요!{nl}당신에 대해서 편지에 적었더니 기대되는 인재라고 하시더군요.{nl}지금 당신의 실력은 그 기대에 걸맞게 성장했을지 시험해보죠.	QUEST_UNUSED_20151022_001210	I barely got in contact with Tesla!{nl}I've wrote you in the letter and he surely has high expectations in you.{nl}So, how about you try out for the last level of Dievdirbys?	간신히 테슬라님과 연락이 닿았어요!{nl}당신에 대해서 편지에 적었더니 기대되는 인재라고 하시더군요.{nl}그런 의미에서 딥디르비의 마지막 단계에 도전해보시는 건 어떨까요?	딥디르비 서브 마스터
QUEST_UNUSED_20151102_002523	Puede que las ciudades estén lejos unas de otras, pero siempre hay un camino rápido.{nl}Buena suerte.	두 도시 간 거리가 멀긴 하지만 언제나 빠른 방법은 있는 법이랍니다.{nl}수고해 주세요.	QUEST_UNUSED_20151022_001215	I heard that one can easily move to Fedimian by using the power of the Goddess Statue.{nl}We would be able to reduce some time.	여신상의 힘을 사용하면 페디미안까지 쉽게 이동할 수 있다고들 하네요.{nl}조금이라도 시간을 줄일 수 있겠네요.	딥디르비 서브 마스터
QUEST_UNUSED_20151102_002524	Toma esta reliquia y ve a Starving Demon's Way.{nl}Activala en el Altar Abandonado en Hyth Cliff y los monstruos aparecerán.{nl}Supongo que sabes qué hacer a continuación.	이 오래된 성물을 가지고 큰아귀 길로 가세요.{nl}히스 절벽에 있는 버려진 제단에 성물을 반응시키면 몬스터들이 나올 겁니다.{nl}그 다음은 말씀드리지 않아도 아시겠지요?	QUEST_UNUSED_20151022_001220	Please take these relics to The Starving Demon's Way.{nl}When you react the relics to the abandoned altar up there, the monsters would appear.{nl}You know what's next even if I don't tell you anything right?	이 오래된 성물을 가지고 큰아귀 길로 가세요.{nl}위쪽 막다른 곳에 버려진 제단에 성물을 반응시키면 몬스터들이 나올 겁니다.{nl}그 다음은 말씀드리지 않아도 아시겠지요?	팔라딘 서브 마스터
QUEST_UNUSED_20151102_002525	El Altar Abandonado es de Hith Cliff en Starving Demon's Way.	버려진 제단은 큰아귀 길의 히스 절벽에 있습니다.	QUEST_UNUSED_20151022_001221	The abandoned altar is at the dead end of Starving Demon's Way up there.	버려진 제단은 큰아귀 길 위쪽 막다른 지점에 있습니다.	팔라딘 서브 마스터
QUEST_UNUSED_20151102_002526	Buen trabajo. Estás un paso más cerca del siguiente nivel. {nl}Me encantaría presentarle tu talento a mi tío; está ocupado trabajando como Maestro.	수고하셨어요. 보다 높은 경지로 또 한 발을 내딛으셨군요.{nl}마스터로써 중요한 일로 바쁘신 저희 삼촌께도 보여드렸으면 싶은 실력이시네요.	QUEST_UNUSED_20151022_001222	Well done. You've stepped into a higher level.{nl}You possess the skills which I want to show to my ungle who is a master.	수고하셨어요. 보다 높은 경지로 또 한 발을 내딛으셨군요.{nl}마스터로써 중요 임무 중인 저희 삼촌께도 보여드렸으면 싶은 실력이시네요.	팔라딘 서브 마스터
QUEST_UNUSED_20151102_002527	Por fin, ahora eres un verdadero Rodelero. {nl} ¿Pero tienes lo que se necesita para ser un líder? {nl} ¿Por qué no lo pruebas en Colimencias en Greene Manor?	드디어 자네도 한 명의 어엿한 로델레로군.{nl}하지만 자네가 과연 남들을 이끌만한 능력이 있는가?{nl}그린가의 장원에 있는 콜리멘시아로 시험해보지.	QUEST_LV_0200_20150918_009098	So you are now one competent Rodelero.{nl}But, how about fighting a Colimencia... The one at the manor of Greene family.	드디어 자네도 한 명의 어엿한 로델레로군.{nl}하지만 콜리멘시아라면 어떨까.. 그린가의 장원에 있는 위험한 녀석 말이야.	로델레로 마스터
QUEST_UNUSED_20151102_002528	Te sentirás abrumado.{nl}Pero necesitas conocer tus debilidades antes de poder alcanzar el siguiente nivel de Rodelero.	분명 버거움을 느낄 거야.{nl}하지만 자신의 부족함을 알아야 더 높은 경지의 로델레로가 될 수 있는 것이지.	QUEST_LV_0200_20150918_009100	You would feel some weight of it.{nl}But, you should realize your deficiencies in order to become better Rodelero.{nl}	분명 버거움을 느낄 거야.{nl}하지만 자신의 부족함을 알아야 더 높은 경지의 로델레로가 될 수 있는 것이지.{nl}	로델레로 마스터
QUEST_UNUSED_20151102_002529	Para convertirte en el mejor Catafracto necesitas un oponente digno.{nl}Los Gaigalas de Tenants' Farm y conocidos por ser los más feroces y salvajes.{nl}Ve allí y derrota a algunos.{nl}	강적과 싸워보니 어떻던가? 스스로 로델레로에 걸맞다고 생각하는가?{nl}자네가 어떻게 생각하든 내가 보기에 자네는 이미 어엿한 로델레로일세.{nl}앞으로 함께 정진해 나가세.{nl}	QUEST_LV_0200_20150918_009099	When there are some things lacking, it means there is some room to improve.{nl}Don't worry. I can fill that in.	부족한 것이 있다는 건 더 나아갈 여지가 있다는 말이야.{nl}걱정 마. 내가 채워줄 수 있거든.	로델레로 마스터
QUEST_UNUSED_20151102_002530	Para convertirte en el mejor Catafracto necesitas un oponente digno.{nl}Los Gaigalas de Tenants' Farm y conocidos por ser los más feroces y salvajes.{nl}Ve allí y derrota a algunos.	최강의 캐터프랙트를 꿈꾼다면 그에 걸맞는 상대를 꺾어봐야지.{nl}테넌츠 농장의 가이갈라스의 흉폭함은 널리 알려져 있다네. 피해자도 헤아릴 수 없다던가?{nl}냉큼 가서 녀석을 해치우고 오게.	QUEST_JOBSTEP_20150714_002786	If you dream to become the greatest Cataphract, you should be able to defeat Gaigalas in Tenants' Farm easily.{nl}If you understand, come back quickly.	최강의 캐터프랙트를 꿈꾼다면 테넌츠 농장의 가이갈라스 정도는 가볍게 없앨 수 있어야지.{nl}알겠다면 어서 빨리 냉큼 다녀오게.	캐터프랙트 마스터
QUEST_UNUSED_20151102_002531	Lo que hiciste fue muy impresionante.{nl}Como Maestro Sadhu, espero con ansias tu progreso.	정말 훌륭한 일을 해 주셨습니다.{nl}사두 마스터로서 당신의 성장을 기대하겠습니다.	QUEST_LV_0200_20150918_009101	What you've done is really amazing.{nl}I am looking forward to see your growth as a Sadhu Master.	정말 훌륭한 일을 해 주셨습니다.{nl}사두 마스터로서 앞으로의 성장을 기대하겠습니다.	사두 마스터
QUEST_UNUSED_20151102_002532	Has mejorado bastante.{nl}Es hora de que te pongan a prueba para la etapa final.{nl}Necesitamos una forma de demostrar tus habilidades.	그 사이 실력이 또 일취월장하셨군요.{nl}아무래도 마지막 단계로 나아가기 위한 시험을 치르셔야겠어요.{nl}그 실력을 증명할 방법이 필요하겠군요.	QUEST_UNUSED_20151022_001223	You've improved again. My uncle will be surprised.{nl}You should take the test to go to the last stage.{nl}We need the way to prove your skill.	그 사이 실력이 또 일취월장하셨군요. 이 정도라면 저희 삼촌도 놀라겠는걸요.{nl}아무래도 마지막 단계로 나아가기 위한 시험을 치르셔야겠어요.{nl}그 실력을 증명할 방법이 필요하겠군요.	팔라딘 서브 마스터
QUEST_UNUSED_20151102_002533	Y creo que conozco solo uno.{nl}Dicen que los Gaigalas en Tenants' Farm son algunos de los más rebeldes.{nl}Ve allí y derrota a algunos para asegurarte de que no dañen a nadie más.	마침 적당한 상대를 알고 있지요.{nl}테넌츠 농장에서 가이갈라스라는 몬스터가 날뛰는 모양이에요.{nl}녀석이 더 이상 사람들을 해치지 못하도록 처리해 주세요.	QUEST_UNUSED_20151022_001224	I know a suitable opponent who you can fight against.{nl}Monsters called Gaigalas are going crazy at Tenants' Farm.	마침 적당한 상대를 알고 있지요.{nl}테넌츠 농장에서 가이갈라스라는 몬스터가 날뛰는 모양이에요.	팔라딘 서브 마스터
QUEST_UNUSED_20151102_002534	Me preguntaba si no era demasiado peligroso, pero parece que te subestimé.{nl}Eres muy impresionante.{nl}No creo que nadie dudaría de que eres apto para convertirte en un paladín de alto nivel.	솔직히 좀 위험하지 않을까 싶었는데 제가 당신의 실력을 오판한 모양이군요.{nl}대단하세요.{nl}누구든지 당신이라면 높은 경지의 팔라딘이 될 수 있는 자격이 있음을 인정할 겁니다.	QUEST_UNUSED_20151022_001226	In fact, I thought it's going to be dangerous, but I guess I misunderstood your skills.{nl}Well done. Anyone would acknowledge you as a high level Paladin.	솔직히 좀 위험하지 않을까 싶었는데 제가 당신의 실력을 오판한 모양이군요.{nl}대단하군요. 당신이라면 누구라도 가장 높은 경지의 팔라딘으로 인정할 겁니다.	팔라딘 서브 마스터
QUEST_UNUSED_20151102_002535	¡Comenzar!	끝				
QUEST_UNUSED_20151102_002536	¡Comenzar!	진행!				계시자 미하일
QUEST_UNUSED_20151102_002537	¿Comenzar?	진행?				마법사 멜히오라스
QUEST_UNUSED_20151102_002538	¿Detener?	끝?				계시자 미하일
QUEST_UNUSED_20151102_002539	Pensé que podríamos encontrar a la Diosa Zemyna aquí pero lo único que veo son los muertos... {nl}Nunca había visto algo como esto. Necesitamos encontrar a Zemyna.	여기라면 제미나 여신의 행방을 찾을 수 있을까 했는데 망자들만 가득하다니..{nl}이런 건 처음 봐요. 어서 제미나님을 찾아야 할 텐데요.	QUEST_UNUSED_20151001_000537	I thought I would be able to find the whereabouts of Goddess Zemyna here, but this place is full of the dead..{nl}I've never seen this. We should look for Zemyna fast.	여기라면 제미나 여신의 행방을 찾을 수 있을까 했는데 망자들만 가득하다니..{nl}이런 건 처음 봐요. 어서 제미나님을 찾아야 할텐데요.	보코르 유타
QUEST_UNUSED_20151102_002540	Así que no podemos acercarnos a la reliquia... {nl} Entiendo mantener alejados a los monstruos y demonios, pero no sé por qué está protegida contra personas.	가까이 가지도 못하게 막아 놓은 성물이라..{nl}몬스터나 마족은 이해한다 쳐도, 사람까지 막아놓는 건 이해가 안되네요.	QUEST_LV_0100_20151001_008743	A holy relic that you can't even approach... {nl}I understand if they block the monsters or demons from getting close to it but even humans, that I don't understand.	가까히 가지도 못하게 막아 놓은 성물이라..{nl}몬스터나 마족은 이해한다 쳐도, 사람까지 막아놓는 건 이해가 안되네요.	보코르 유타
QUEST_UNUSED_20151102_002541	¿Qué fue eso? {nl}Es tan bueno estar a salvo otra vez. Casi vuelvo con la diosa.{nl}	그건 도대체 뭐였죠? {nl}무사해서 정말 다행이에요. 하마터면 여신의 품으로 갈 뻔 했네요.{nl}	QUEST_LV_0100_20151001_008771	Thank you for saving me. I almost went to the goddess. {nl}I guess it is a lie that it was a holy relic of the goddess. {nl}	구해주셔서 감사해요. 하마터면 여신의 품으로 갈 뻔 했네요.{nl}역시 그게 여신의 성물이라는 건 거짓말이었나봐요.{nl}	보코르 유타
QUEST_UNUSED_20151102_002542	Debería haberlo sabido... no era una reliquia de la diosa en absoluto.{nl}	역시.. 그게 여신의 성물이라는 건 거짓말이었나봐요.{nl}	QUEST_LV_0100_20151001_008772	The relic of the goddess would not summon such a monster. {nl}I smell something fishy with that Order of the Tree of Truth. 	여신의 성물이 저런 몬스터를 불러낼 리는 없으니까요.{nl}그 진리의 나무교단이라는 사람들도 의심스럽네요.	보코르 유타
QUEST_UNUSED_20151102_002543	Voy a darte mis registros. {nl}Tógelos y destrúyelos; sólo entonces podré finalmente estar en paz.	내 이 기록을 자네에게 주겠네.{nl}자네가 책임지고 이 기록을 없애준다면 다시 편히 잠들 수 있을 것 같아.	QUEST_LV_0100_20151001_008851	I will give this record to you. If you make sure destroy it, I will be able to lay in peace again. {nl}Please.	내 이 기록을 자네에게 주겠네.{nl}자네가 책임지고 이 기록을 없애준다면 다시 편히 잠들 수 있을 것 같네. {nl}부탁하네.	칼라일의 영혼
QUEST_UNUSED_20151102_002544	No creo... haberte visto antes.{nl}	처음 보는 분.. 이네요.{nl}	QUEST_UNUSED_20151022_001229	What?{nl}What have you brought here?{nl}Ah... it doesn't matter. If you are okay, can you help me out?{nl}	응?{nl}이렇게 인적 드문 숲에는 어쩐 일로 오신거죠?{nl}아.. 그건 아무래도 좋아요. 괜찮으시면 절 좀 도와주시겠어요?{nl}	드루이드 레야
QUEST_UNUSED_20151102_002545	Hm... Eso es bueno.{nl}Si puedes, ¿podrías ayudarme?{nl}	윽.. 그건 아무래도 좋아요. {nl}괜찮다면 절 도와주시겠어요?{nl}	QUEST_UNUSED_20151016_000799	My name is Druid Leja and I live in this forest.{nl}I've reached here by chasing after the ferrets that ran away with the food from the village.{nl}I wasn't able to find the food, but instead was attacked by ferrets.{nl}	저는 이 숲에 사는 드루이드 레야라고 해요.{nl}페릿이 마을을 습격해서 식량을 훔쳐달아나는 걸 쫓다가 여기까지 왔죠.{nl}그런데 식량도 못찾고 오히려 페릿들에게 공격당해버렸네요.{nl}	드루이드 레야
QUEST_UNUSED_20151102_002546	Vine corriendo detrás de los hurones que nos robaron la comida y terminé aquí.{nl}Pero los hurones me atacaron y no pude conseguir la comida.{nl}	페릿이 마을의 식량을 훔쳐 달아나는 걸 쫓다가 여기까지 와버렸어요.{nl}그런데 식량을 되찾긴 커녕 오히려 페릿들에게 공격당해버렸네요.{nl}	QUEST_UNUSED_20151016_000800	I want to cure my wound before I go back to the village..{nl}When we go up there, there is a herb that works well on wounds. Please bring us those herbs.	마을로 돌아가기 전에 상처를 좀 추스려야할 것 같은데..{nl}저 위에 올라가면 상처에 잘 듣는 약초가 있어요. 그 약초를 좀 가져다주세요.	드루이드 레야
QUEST_UNUSED_20151102_002547	Necesito primeros auxilios para mis heridas...{nl}Hay una hierba en el Acantilado de Luvda que ayuda a detener el sangrado. ¿Me conseguirás algunos?	어떻게든 응급처치라도 하고 싶은데..{nl}르브다 절벽 쪽에 지혈에 잘 듣는 약초가 있어요. 그걸 부탁드려도 될까요?				드루이드 레야
QUEST_UNUSED_20151102_002548	Los hurones podrían volver a atacar.{nl}Hoy en día es como si pensaran que todo lo que hay en el bosque les pertenece.	어쩌면 페릿들이 공격해올지도 몰라요.{nl}언젠가부터 이 숲에서 나는 모든 게 자기들 거라고 생각하는 것 같더라고요.	QUEST_UNUSED_20151016_000801	When we collect the herbs, the ferrets may attack us.{nl}They think everything in this forest belongs to them.	약초를 채집하다보면 페릿들이 공격해올지도 몰라요.{nl}언젠가부터 이 숲에서 나는 모든 게 자기꺼라고 생각하는 것 같더라구요.	드루이드 레야
QUEST_UNUSED_20151102_002549	Muchas gracias por este favor.{nl}Voy a descansar un poco y luego volveré al taller donde están las demás personas.{nl}	정말 감사해요. 제대로 구해 오셨네요.{nl}조금만 쉬었다가 마을 사람들이 있는 작업장으로 돌아 가야겠어요.{nl}	QUEST_UNUSED_20151022_001230	You've brought them well. Thanks.{nl}I want to repay you at the village..{nl}We, villagers do not really welcome outsiders though..{nl}	제대로 구해오셨네요. 고마워요.{nl}마을로 모셔가서 보답해드리고 싶지만..{nl}우리 마을 사람들은 외지인을 반기는 편이 아니라서요..{nl}	드루이드 레야
QUEST_UNUSED_20151102_002550	¿Me estás diciendo que viste a una niña siendo perseguida por un demonio con un hacha? {nl}Ese demonio probablemente sea Zaura; la chica que no conozco.{nl}	웬 소녀가 거대한 도끼를 든 마족에 쫓기는 걸 보셨다고요?{nl}마족은 마군주 자우라 같은데, 그 소녀는 저도 잘 모르겠네요.{nl}	QUEST_UNUSED_20151022_001231	On your way back, you've seen the demons with the gigantic axe and the girl who was being chased after the demon?{nl}The demon with the great axe is the Demon Lord Zaura...{nl}The Revelator and the girl shoudn't meet... It's not something normal...{nl}	돌아오는 길에 거대한 도끼를 든 마족과 그 마족에게 쫓기는 소녀를 보셨다구요?{nl}거대한 도끼를 든 마족이라면 마군주 자우라인데..{nl}계시자와 소녀를 만나게 해서는 안된다니.. 확실히 심상치 않은 일이네요..{nl}	드루이드 레야
QUEST_UNUSED_20151102_002551	¿Y quiere evitar que la chica conozca al Revelador...?{nl}	게다가 그 소녀가 계시자와 만나게 해선 안된다니.. {nl}	QUEST_UNUSED_20151022_001232	I should tell this to the village and let villagers know.{nl}We can't let outsiders fall into danger due to the matters in our village.	이 일은 마을에 알리고 마을 사람들과 알아봐야겠어요.{nl}우리 마을 일로 외지인을 위험에 빠뜨릴 수는 없죠.	드루이드 레야
QUEST_UNUSED_20151102_002552	Eso suena sospechoso.{nl}Necesito contarle esto al pueblo.{nl}	느낌이 안 좋아요.{nl}이건 마을 사람들에게 알려야 할 것 같아요.{nl}				드루이드 레야
QUEST_UNUSED_20151102_002553	¿Qué?{nl}¿Eres un Revelador?{nl}	네?{nl}당신이 계시자라고요?{nl}	QUEST_UNUSED_20151022_001233	What? Are you the Revelator?{nl}If that's so, have you come here after dreaming about the disaster?{nl}.. If that's so, you may be the Revelator in the folkore that is passing down in our village.{nl}	네? 당신이 계시자라고요?{nl}그렇다면 혹시 재앙의 꿈을 꾸고 이 곳으로 온건가요?{nl}..그렇다면 당신이 우리 마을에 내려오는 전승 속의 계시자일지도 모르겠어요.{nl}	드루이드 레야
QUEST_UNUSED_20151102_002554	¿Viniste aquí después de soñar con una calamidad?{nl}	그렇다면 혹시 재앙의 꿈을 꾸고 이 곳으로 오신 건가요?{nl}	QUEST_UNUSED_20151022_001234	In our village, the forecast which was left by the goddess Laima is being passed down as a folklore.{nl}When the village was in danger, the Revelator who came to chase after the dream with the sacred light{nl}It was about defeating the evil energy and saving the village.{nl}It's not time for this. We should get to the village and find out more about it.{nl}	우리 마을에는 먼 옛날 라이마 여신께서 남긴 예지가 전승으로 내려오고 있어요.{nl}마을이 위기에 처했을 때 재앙의 꿈을 쫓아온 계시자가 성스러운 빛과 함께{nl}사악한 기운을 물리치고 마을을 구할거라는 내용이죠.{nl}이럴 때가 아니에요. 얼른 마을에 가서 확실히 알아봐야겠어요.{nl}	드루이드 레야
QUEST_UNUSED_20151102_002555	Me pregunto si...?{nl}Creo que podrías ser el Revelador que se cuenta en la historia de nuestra aldea.{nl}	설마, 이번에야말로.. {nl}우리 마을에 내려 오는 이야기 속의 진짜 계시자가 당신일지도 모르겠어요.{nl}	QUEST_UNUSED_20151022_001235	I will go to the village and find out more about the folklore.{nl}I want you to retrieve the food which the ferrets had took away.{nl}Although, we don't welcome outsiders, if you could retrieve the food that was stolen by the ferrets, the villagers would help you out.	제가 먼저 마을로 가서 전승에 대해 좀 더 자세히 알아보고 있을테니{nl}계시자님은 페릿들이 훔쳐간 식량을 되찾아주세요.{nl}아무리 외지인을 꺼리더라도 페릿이 훔쳐간 식량을 되찾아주신다면 마을 사람들도 힘을 보탤 거에요.	드루이드 레야
QUEST_UNUSED_20151102_002556	La historia dice... que cuando el caos se apodere de nuestra aldea, un Revelador soñará con una calamidad y vendrá.{nl}Ellos y su luz divina ahuyentarán el mal y salvarán la aldea.{nl}	마을이 위기에 처했을 때, 재앙의 꿈을 쫓아온 계시자가 나타날 것이다.{nl}성스러운 빛과 함께 사악한 기운을 물리치고 마을을 구원하리라.. 라고요.{nl}	QUEST_LV_0100_20151016_009827	Revelator. This town is having a food crisis.{nl}Please, use this anti-ferret paralysis powder to retrieve the food they stole.{nl}I will head back to town and ask more about the legend.	계시자님. 지금 마을 사람들은 식량 문제로 크게 곤란해하고 있어요.{nl}여기 페릿용 마비 가루를 드릴테니 페릿들로부터 페릿이 훔쳐간 식량을 되찾아주세요.{nl}저는 먼저 마을로 돌아가서 전승에 대해 좀 더 자세히 알아볼게요.	드루이드 레야
QUEST_UNUSED_20151102_002557	Esas son las palabras de la Diosa Laima que se han transmitido.{nl}Pero... um...{nl}	오래 전부터 마을에 전해져 오는 라이마 여신의 예지이지요.{nl}하지만.. 음..{nl}				드루이드 레야
QUEST_UNUSED_20151102_002558	Este no es el momento adecuado.{nl}Primero voy a preguntarle a nuestro jefe de aldea sobre esta historia.{nl}	이럴 때가 아니에요.{nl}저는 일단 촌장님께 전승에 대해 자세히 알아보고 있을게요.{nl}				드루이드 레야
QUEST_UNUSED_20151102_002559	Nuestra gente realmente no confía en los extraños, pero...{nl}No podemos darle la espalda a la ayuda.{nl}	그 동안 계시자님께선 페릿들이 훔쳐간 식량을 되찾아 주세요.{nl}벨라이 숲 작업장에 계시는 촌장님께 가져다 주시면 돼요.{nl}				드루이드 레야
QUEST_UNUSED_20151102_002560	Nuestra gente realmente no confía en los extraños, pero...{nl}No podemos darle la espalda a la ayuda.	마을 사람들이 예전 일 때문에 외지인을 꺼리긴 하지만..{nl}도와 준 사람을 외면하진 않을 거예요.				드루이드 레야
QUEST_UNUSED_20151102_002561	¿Eres el Revelador del que habló Leja?{nl}Y esa es... nuestra comida robada.{nl}	당신이 레야가 말한 계시자인가요?{nl}그리고 이건.. 저희가 도둑맞은 식량이군요.{nl}	QUEST_UNUSED_20151022_001236	Is that you? Are you the Revelator who Leja was talking about?{nl}I heard that the village priests that were attacked by ferrets were saved by you with the ray.{nl}You've finally come. Good. The Revelator who's going to save the village has come.{nl}Ohoh... Goddess Laima... Thank you. You didn't abandon us...{nl}	자넨가? 자네가 레야가 말한 계시자인가?{nl}페릿에게 습격당한 마을 사제도 자네가 빛으로 구해줬다지?{nl}드디어 왔네. 왔어. 마을을 구할 계시자가 온게야.{nl}오오.. 라이마 여신이시여.. 감사합니다. 우릴 버리지 않으셨군요..{nl}	마을 촌장
QUEST_UNUSED_20151102_002562	Gracias por recuperar nuestra comida, pero...{nl}No creo que pueda confiar en ti todavía.{nl}	저희 식량을 되찾아 준 건 고맙지만.. {nl}그렇다고 해서 무작정 믿을 순 없어요.{nl}	QUEST_UNUSED_20151022_001237	What is that? Isn't that the food that was stolen by ferrets?!{nl}Hey guys! Look at this! The Revelator retrieved the stolen food!{nl}You've really come here to save our village.{nl}Thanks. Thank you very much.	그건 뭔가? 페릿이 훔쳐갔던 식량 아닌가?!{nl}이보게들! 이것 좀 보게! 계시자께서 페릿들이 훔쳐간 식량을 되찾아오셨네!{nl}정말 우리 마을을 구해주러 온 게 맞나보구만.{nl}고맙네. 정말 고마워.	마을 촌장
QUEST_UNUSED_20151102_002563	Por favor, comprenda. {nl} Ya ves, los demonios nos engañaron una vez.	이해해 주세요. {nl}우린 마족에게 한 번 속은 적이 있었으니까요.				마을 촌장
QUEST_UNUSED_20151102_002564	Leja dijo que tenía otro lugar donde estar y se fue. {nl}Aunque no puedo decirte adónde va. {nl}	레야는 따로 볼 일이 있다며 다른 곳으로 갔어요.{nl}하지만 어디로 갔는지는 말해줄 순 없지요.{nl}	QUEST_UNUSED_20151022_001238	Leja has left to Zehara to look for something that would help her.{nl}There is a statue which was carved by the ancestors who used to serve for Goddess Laima.{nl}She said Laima must have prepared something on the statue of the goddess.{nl}If you are planning to go to Zeraha, listen to my story before you go.{nl}	레야는 자네에게 도움이 될 것을 찾겠다며 먼저 제라하로 갔네.{nl}그 곳에는 라이마 여신을 모시던 선조들이 조각한 여신상이 있지.{nl}라이마 여신께서 필시 여신상에 자네를 위한 준비를 해뒀을 거라면서 말이네.{nl}제라하로 갈 생각이라면 가기 전에 내 얘기를 좀 들어보게나.{nl}	마을 촌장
QUEST_UNUSED_20151102_002565	Como dije, todavía no podemos confiar en ti.{nl}	아까도 말했다시피, 우린 당신을 무작정 믿을 수는 없으니까요.{nl}	QUEST_UNUSED_20151022_001239	A long time ago, when Goddess Laima disappeared after forecasting the ominous future,{nl}She was worried about us and asked Goddess Lada to take care of the village.{nl}However, unlike Laima's forecast, the village was peaceful.{nl}	먼 옛날 라이마 여신께서는 불길한 미래를 예지하시고 자취를 감추셨을 때,{nl}남은 우리를 걱정한 라이마 여신께서는 라다 여신께 마을을 부탁하셨네.{nl}하지만 라이마 여신의 걱정과는 달리 마을은 평화로웠어.{nl}	마을 촌장
QUEST_UNUSED_20151102_002566	Una vez vino alguien a nuestro pueblo que se hacía llamar Revelador.{nl}Era un hombre de rostro pálido y cabello largo.{nl}	예전에 자신이 계시자라며 이 곳에 찾아 온 사람이 있었죠.{nl}창백한 얼굴에 긴 머리의 남자였어요.{nl}	QUEST_UNUSED_20151022_001240	Medzio Diena came in the middle of peaceful days.{nl}The demons kidnapped Lada and the river had turned red.{nl}The ones who drank the water from the river suffered and the fruits that consumed the water from the river got big.{nl}The big fruits were not edible like the red water.{nl}	그렇게 평화로움이 계속 되던 중 신수의 날이 왔네.{nl}마족들이 마을을 습격해서 라다 여신을 납치해갔고, 강물이 붉게 물들었지.{nl}강물을 마시는 사람은 고통에 시달렸고, 그 강물을 먹고 자란 과일은 거대해졌지.{nl}거대해진 과일 역시 붉은 물 처럼 먹으면 고통에 시달려서 먹을 수가 없게 됐네.{nl}	마을 촌장
QUEST_UNUSED_20151102_002567	Le creímos al demonio y por eso se llevaron a la Diosa Lada...{nl}Hasta los hurones se volvieron violentos.{nl}	우리는 드디어 전승 속의 계시자가 나타났다고 믿었기에 그 남자가 시키는 대로 따랐어요.{nl}하지만 그의 정체는.. 마족이었지요.{nl}	QUEST_UNUSED_20151022_001241	After the disaster swept the village, villagers believe the folklore that the Revelator who came to the village after dreaming about the disaster{nl}will defeat the evil energy and save the village with the light.{nl}	재앙이 마을을 덮친 지금, 마을 사람들은 재앙의 꿈을 쫓아 온 계시자가{nl}사악한 기운을 물리치고 빛과 함께 마을을 구할거라는 전승만을 믿고 있네.{nl}	마을 촌장
QUEST_UNUSED_20151102_002568	Le creímos al demonio y por eso se llevaron a la Diosa Lada...{nl}Hasta los hurones se volvieron violentos.{nl}	우리가 그 마족에게 놀아난 덕분에 라다 여신은 납치되었고.. {nl}온순했던 페릿 부족까지 난폭하게 돌변했어요.{nl}	QUEST_UNUSED_20151022_001242	The most urgent issue is that the ferrets that were gentle before turned violent.{nl}We want to save Lada, but since violent ferrets are attacking the village{nl}and stealing the food, everyone is suffering.{nl}I think the Demon Totem which was built by the demons near the ferrets' hideout here turned the ferrets violent...{nl}	이 와중에 가장 급한 문제는 온순했던 페릿 부족마저 난폭하게 돌변했다는 걸세.{nl}힘을 합쳐 납치 당한 라다 여신을 구하고 싶지만 난폭해진 페릿 부족이 마을을 습격하고{nl}식량까지 훔쳐가는 통에 마을 사람들 모두 괴로워하고 있네.{nl}아무래도 이 근처 페릿 부족 근거지에 마족이 세운 마족 토템이 페릿 부족을 난폭하게 만든 것 같네..{nl}	마을 촌장
QUEST_UNUSED_20151102_002569	Creemos que fue por el tótem que el demonio nos hizo montar.{nl}Todos queremos unir fuerzas y rescatar a la Diosa Lada, pero nos preocupan los ataques de los hurones.{nl}	아마 우리가 그 마족에게 속아서 세운 마족 토템 때문이겠지요.{nl}힘을 합쳐 라다 여신을 구하고 싶지만 페릿 부족의 공격 때문에 어쩌질 못하고 있어요.{nl}	QUEST_UNUSED_20151022_001243	Since the ferrets are protecting the Demon Totem, it's hard for us to break the Demon Totem.{nl}For the village, can you break the Demon Totem?{nl}If that's so, we would be able to help you to save Lada.{nl}I am sure that you would be able to restore the ferrets.	페릿이 마족토템을 지키는 탓에 우리 힘으로는 마족 토템을 부수기가 어렵네.{nl}마을을 위해서 자네가 마족 토템을 부숴 줄 수 있겠나?{nl}그렇다면 우리도 라다 여신을 구하기 위해 힘을 보탤 수 있을 것 같네.{nl}빛과 함께 마을을 구하러 온 자네라면 분명 페릿 부족 역시 되돌릴 수 있을걸세.	마을 촌장
QUEST_UNUSED_20151102_002570	Ni siquiera podemos acercarnos al tótem debido a su energía maligna.{nl}Pero si realmente eres un Revelador, estoy seguro de que puedes usar tu poder divino para destruir el tótem.{nl}	그 토템 또한 사악한 기운 때문에 가까이 갈 엄두도 못 내고 있어요.{nl}하지만 당신이 진정 계시자라면 신성한 힘으로 그 토템을 부술 수 있겠지요.{nl}				마을 촌장
QUEST_UNUSED_20151102_002571	Muéstranos.{nl}Si realmente eres un Revelador...	보여주세요. {nl}당신이 진짜 계시자라는 것을..				마을 촌장
QUEST_UNUSED_20151102_002572	Por favor, comprenda.{nl}Sé que Leja se alegra de que el Revelador finalmente esté aquí, pero...{nl}	이해해 주세요.{nl}레야는 드디어 진짜 계시자가 왔다고 좋아하지만..{nl}	QUEST_LV_0100_20151016_009834	And one more thing, if that totem is as important as we think it is, the demons will not stand idly by.{nl}Be careful...	마족 토템이 중요한 것이라면 마족 놈들이 그냥 뒀을리가 없네.{nl}부디 조심하게나..	마을 촌장
QUEST_UNUSED_20151102_002573	Nos han engañado antes y no podemos evitar sospechar.	이미 한 번 속은 우리는 신중해 질 수 밖에 없어요.				마을 촌장
QUEST_UNUSED_20151102_002574	Leja fue a Zeraha para intentar encontrar algo que pudiera ayudarte. {nl} Ella dijo que la Diosa Laima habrá dejado algo preparado para el Revelador. {nl}	당신은.. 전승 속의 계시자임이 틀림 없군요.{nl}아까의 실례는 어떻게 해야 할지.. 이 늙은이의 안목 없음을 부디 용서해 주세요.{nl}	QUEST_UNUSED_20151022_001244	You are truly the Revelator in the folklore.{nl}Since you've broke the Demon Totem, the ferrets will turn gentle again.{nl}Thanks. I will check the ferrets by sending my grandchildren.{nl}While you were away, a mysterious girl came to the village.	역시 전승 속의 계시자구만!{nl}자네가 마족 토템을 부숴줬으니 이제 페릿 부족도 정신을 차릴테지.{nl}고맙네. 페릿들은 내 손자놈을 보내서 확인해보겠네.{nl}자네가 자릴 비운 사이에 신비한 느낌의 소녀가 마을을 찾아왔네.	마을 촌장
QUEST_UNUSED_20151102_002575	Leja fue a Zeraha para intentar encontrar algo que pudiera ayudarte. {nl} Ella dijo que la Diosa Laima habrá dejado algo preparado para el Revelador. {nl}	레야는 당신에게 도움이 될 것을 찾겠다며 먼저 제라하로 갔어요.{nl}라이마 여신께서 계시자를 위한 준비를 해 뒀을 거라면서요.{nl}				마을 촌장
QUEST_UNUSED_20151102_002576	Allí hay una gran estatua de la Diosa Laima. {nl}Fue esculpida hace mucho tiempo cuando aún estaba en nuestro pueblo.{nl}	거기엔 라이마 여신의 거대 조각상이 있거든요.{nl}아주 예전에, 라이마 여신께서 우리 마을에 계셨을 때 세운 것이지요.{nl}				마을 촌장
QUEST_UNUSED_20151102_002577	Ah, por cierto... vino la niña.{nl}¿Puedo contarte lo que pasó en nuestro pueblo?{nl}	참, 그리고.. 그 소녀가 왔었어요.{nl}잠시, 우리 마을에 있었던 이야기를 들어줄 수 있을까요?{nl}				마을 촌장
QUEST_UNUSED_20151102_002578	Nuestro pueblo siempre ha adorado a la Diosa Laima.{nl}Un día, tuvo una visión de una calamidad que afectaría al reino en un futuro lejano.{nl}	먼 옛날부터 우리 마을은 라이마 여신을 섬겼습니다.{nl}어느 날, 라이마 여신께서는 먼 미래에 왕국에 재앙이 내릴 것을 보셨어요.{nl}				마을 촌장
QUEST_UNUSED_20151102_002579	Entonces, para detener esta calamidad, decidió abandonar la aldea. {nl} Tal vez le preocupaba dejarnos atrás, así que hizo que la Diosa Lada nos cuidara. {nl}	그래서 그 재앙을 막고자 우리 마을을 떠나기로 결심하셨지요.{nl}남은 우리들이 걱정스러우셨는지, 라다 여신께 전승과 함께 우리 마을을 부탁했습니다.{nl}				마을 촌장
QUEST_UNUSED_20151102_002580	Pero a diferencia de lo que predijo la Diosa Laima, nuestra aldea permaneció en paz.{nl}	하지만 라이마 여신의 걱정과는 달리, 마을은 평화로웠어요.{nl}				마을 촌장
QUEST_UNUSED_20151102_002581	Entonces, inesperadamente, sucedió Medzio Diena.{nl}Fue la calamidad en la visión de la Diosa Laima.{nl}	그러던 도중, 신수의 날이 오고야 말았습니다.{nl}라이마 여신께서 보셨던 재앙이 바로 이것이었지요.{nl}				마을 촌장
QUEST_UNUSED_20151102_002582	Medzio Diena no nos afectó demasiado, pero eso no fue el final.{nl}No mucho después, el río se puso rojo.{nl}	신수의 날로 인한 피해는 적었지만, 그게 끝은 아니었습니다.{nl}얼마 지나지 않아 강물이 붉게 물들어 버렸지요.{nl}				마을 촌장
QUEST_UNUSED_20151102_002583	El agua del río causó un dolor terrible a todos los que la bebieron, e hizo que el fruto creciera hasta un tamaño anormal.{nl}El fruto, al igual que el agua roja, no era comestible.{nl}	강물을 마신 사람은 알 수 없는 복통에 시달렸고, 강물을 먹고 자란 과일은 거대해졌어요.{nl}거대해진 과일 역시 붉은 강물 처럼 먹을 수 없게 되었지요.{nl}				마을 촌장
QUEST_UNUSED_20151102_002584	Como si eso no fuera suficiente, los demonios vinieron y se llevaron a la Diosa Lada.{nl}Tal como Laima predijo... el caos se apoderó de la aldea.{nl}	게다가 마족들까지 마을을 습격하여 라다 여신을 납치해 갔어요.{nl}라이마 여신께서 걱정하신 대로.. 재앙이 마을을 덮친 게지요.{nl}				마을 촌장
QUEST_UNUSED_20151102_002585	Leja probablemente te contó... lo que nos dijo la Diosa Laima.{nl}Ella dijo que un Revelador soñaría con la calamidad y vendría con la luz para ahuyentar el mal.	라이마 여신께서 남기신 말씀.. 레야에게도 들었을 겁니다.{nl}재앙의 꿈을 쫓아 온 계시자가 사악한 기운을 물리치고 빛과 함께 마을을 구해 주실거라고 하셨지요.				마을 촌장
QUEST_UNUSED_20151102_002586	No estamos seguros de lo que quiso decir con la luz, pero...{nl}Nuestros mayores solían decir que una energía cálida llenaba la aldea cuando la Diosa Laima estaba aquí.{nl}	그 빛이 정확히 무언지는 모르겠지만..{nl}우리 조상님께선, 라이마 여신께서 마을에 오실 때면 따스한 기운이 온 마을을 감싼다고 하셨어요.{nl}	QUEST_UNUSED_20151022_001245	The mysterious girl disappeared into Zeraha after going through here without any words.{nl}Our ancestors told us that whenever Laima comes to our village, a warm atmosphere surrounds the village.{nl}It was short, but when that girl came to the village, I felt the warm energy which our ancestors told us.{nl}	신비한 소녀는 아무 말 없이 이 곳을 거쳐 제라하 향해 사라졌지.{nl}우리 조상님이 말씀하시길 라이마 여신께서 마을에 오시는 날이면 따스한 기운이 온 마을을 감싼다고 하셨네.{nl}잠깐이었지만 그 소녀가 마을에 왔을 때 조상님이 말씀하신 따스한 기운을 느꼈네.{nl}	마을 촌장
QUEST_UNUSED_20151102_002587	Todo fue muy rápido.{nl}En el momento en que esa chica vino a mí, sentí la misma energía cálida de la que hablaban nuestros mayores.{nl}	정말 한 순간이었지요.{nl}그 소녀가 제게 왔을 때, 조상님께서 말씀하신 따뜻한 기운을 느꼈으니까요.{nl}	QUEST_UNUSED_20151022_001246	I am sure Laima has left her to guide you.{nl}Chase after the girl.	그 아이 역시 라이마 여신께서 자네를 인도하기 위해 남겨놓으신게 분명해.{nl}어서 그 소녀를 쫓아 가보게.	마을 촌장
QUEST_UNUSED_20151102_002588	La chica me miró directamente a los ojos y, sin decir palabra, asintió.{nl}Tluego desapareció hacia Zeraha.{nl}	그 소녀는 제 눈을 똑바로 바라보며 아무 말 없이 고개를 끄덕였어요.{nl}그리곤 제라하 쪽으로 빠르게 사라졌지요.{nl}				마을 촌장
QUEST_UNUSED_20151102_002589	Ve, persigue la luz.{nl}Solo puede haber sido enviado aquí por Laima para guiarte.{nl}	자, 어서 빛을 쫓아가세요.{nl}분명 라이마 여신께서 당신을 인도하기 위해 보낸 사자일 거예요.{nl}				마을 촌장
QUEST_UNUSED_20151102_002590	Por favor, por la Diosa Lada... y por nuestro pueblo.	부디 라다 여신을.. 마을을 부탁드립니다.				마을 촌장
QUEST_UNUSED_20151102_002591	Esa energía cálida...{nl}Hasta el día que regrese con la diosa nunca podré olvidarla.{nl}	그 따스했던 기운.. {nl}여신의 품으로 돌아가는 날 까지 잊을 수 없을 겁니다.{nl}	QUEST_LV_0100_20151016_009838	Please, save our town and Goddess Lada.	부디 우리 마을과 라다 여신을 구해주게나.	마을 촌장
QUEST_UNUSED_20151102_002592	Ve ahora.{nl}Sigue la luz y verás a la chica una vez más.{nl}	어서 가보세요.{nl}빛을 따라가다 보면 그 소녀와 다시 만날 수 있을 거예요.{nl}				마을 촌장
QUEST_UNUSED_20151102_002593	Revelador, no bebiste el agua roja, ¿verdad? {nl}Quiero decir... Si lo hubieras hecho, probablemente no estarías aquí hablando conmigo.{nl}	계시자님, 혹시 붉은 물을 마셔 보셨나요?{nl}뭐.. 아마 마셨으면 여기서 저와 대화를 나누는 것 조차 불가능했겠죠.{nl}				마을 주민
QUEST_UNUSED_20151102_002594	Simplemente no bebas el agua roja por muy sed que tengas.{nl}El dolor te matará.{nl}	어쨌든 아무리 목이 마르셔도 붉은 물은 마시면 절대 안 돼요.{nl}마시면 죽을 만큼 괴롭거든요.{nl}				마을 주민
QUEST_UNUSED_20151102_002595	El agua es tan tóxica que ni siquiera podemos comer nuestra fruta.{nl}Ni siquiera es el sabor. Cuando empezaron a crecer nos alegramos mucho, pero...{nl}	얼마나 독한지 저 과일들조차도 먹을 수 없게 되었어요. {nl}맛이 없는건 둘째 치고요. 처음에 거대해졌을 땐 정말 신났었지만.. {nl}				마을 주민
QUEST_UNUSED_20151102_002596	Pero entonces, un día me perdí por las Tierras Bajas Amenazantes y tenía mucha sed. {nl}Tentonces noté un jugo de fruta que pertenecía a los hurones.{nl}	그런데, 예전에 동갈 저지대에서 헤멘 적이 있었는데 너무 목이 마른 거예요.{nl}그 때, 페릿들이 모아 놓은 과즙통을 봤죠.{nl}				마을 주민
QUEST_UNUSED_20151102_002597	Pensé que si moría de sed o a manos de los hurones estaba condenado de cualquier manera.{nl}Así que bebí el jugo de los hurones y... no sé, no pasó nada.{nl}	목이 말라 죽든, 페릿한테 물려 죽든 어차피 죽는 건 마찬가지잖아요.{nl}그래서 페릿 몰래 모아둔 과즙을 마셨는데.. 글쎄, 아무 일도 안일어나잖아요?{nl}				마을 주민
QUEST_UNUSED_20151102_002598	No sé qué hicieron pero parecía un buen sustituto del agua. {nl} El agua de los pozos también está empezando a ponerse roja, ¿sabes? {nl}	도대체 무슨 짓을 했는 진 모르겠지만 식수 대용을 쓸 수 있을 것 같아요.{nl}우물물도 점점 붉게 물들기 시작했거든요.{nl}				마을 주민
QUEST_UNUSED_20151102_002599	¿Podrías traer un poco del jugo de fruta de los hurones? {nl}Por favor. No podemos vivir sin agua.	페릿들의 거대 과일 과즙을 모아주실 수 있을까요?{nl}꼭 부탁할게요. 물 없이는 살 수 없잖아요.				마을 주민
QUEST_UNUSED_20151102_002600	Lo bebí esperando morir pero sorprendentemente no lo hice. {nl}Incluso sabía bien.	죽을 각오로 마셨는데 정말 깜짝 놀랬죠.{nl}맛이 좋았거든요. 상상 이상으로요.	QUEST_UNUSED_20151016_000805	The taste of the fruit juice was way better than I expected...	깜짝 놀랐던 건 죽을 각오로 마신 과즙이 상상 이상으로 맛이 좋았다는 거에요..	마을 주민
QUEST_UNUSED_20151102_002601	Vaya, gracias.{nl}Con tanta energía no tendré que preocuparme durante bastante tiempo.{nl}	와, 감사해요. {nl}이 정도 양이면 한 동안 식수 걱정은 없겠어요.{nl}	QUEST_UNUSED_20151016_000806	Wow, thanks. We wouldn't have to worry about the drinkable water with this much amount.	와 감사해요. 이 정도 양이면 한동안 식수 걱정은 없겠어요.	마을 주민
QUEST_UNUSED_20151102_002602	Pero, um...{nl}Suspiro, esos hurones tenaces...	그런데.. {nl}어휴, 이 끈질긴 페릿들 같으니..				마을 주민
QUEST_UNUSED_20151102_002603	Mientras sacabas el jugo, vinieron los hurones y nos volvieron a robar la comida.{nl}Lo recuperamos, nos lo roban... ¡Estoy harta de esto!{nl}	과즙을 구해주시는 사이에 페릿이 마을을 습격해서 또 식량을 털어갔어요.{nl}되찾고, 빼앗아가고, 또 되찾고.. 정말 지긋지긋해요!{nl}	QUEST_UNUSED_20151022_001250	We are in trouble. While you were out to obtain the fruit juice, ferrets attacked the village and stole the food.{nl}It won't work this way. Even if we retrieve the food, the ferrets will attack the village again.{nl}I will fix the bad habit of the ferrets this time.{nl}	큰일이에요. 과즙을 구해다주시는 사이에 페릿이 마을을 습격해서 또 식량을 털어갔어요.{nl}이래서는 안되겠어요. 식량을 되찾아와도 또 페릿이 마을을 습격할 뿐이니까요.{nl}이번 기회에 페릿의 버릇을 단단히 고쳐줘야겠어요.{nl}	마을 주민
QUEST_UNUSED_20151102_002604	Esto tiene que parar.{nl}Esta vez tenemos que acabar con los malos hábitos de los hurones.{nl}	이래선 안 되겠어요.{nl}이번 기회에 페릿의 버릇을 단단히 고쳐줘야겠어요.{nl}	QUEST_UNUSED_20151022_001251	Look for the food which the ferrets have stolen and spice it with the red water.{nl}The ferrets that consumed it will suffer from pain and will not ever come back to steal food again.{nl}	페릿이 훔쳐간 식량을 찾아서 오염된 붉은 물로 약간 양념을 쳐주는 거에요.{nl}그걸 먹은 페릿은 고통에 시달릴 테니 다신 식량을 훔치러 오지 않을 거에요.{nl}	마을 주민
QUEST_UNUSED_20151102_002605	El agua en el viejo pozo al sur de aquí es particularmente roja.{nl}Tal vez puedas rociar la comida con el agua de allí.{nl}	페릿이 훔쳐간 식량을 찾아서 붉은 물로 약간 양념을 쳐 주는 거예요.{nl}그걸 먹은 페릿은 아파서 데굴데굴 구르겠죠?{nl}	QUEST_UNUSED_20151022_001252	The polluted red water can be obtained from the well down there.{nl}Please pollute the food that was stolen by the ferrets with the red water.{nl}Especially, you should pollute the beef jerkies. Ferrets really love beef jerkies.	오염된 붉은 물은 저 아래 낡은 우물에서 뜰 수 있어요.{nl}오염된 붉은 물로 페릿이 훔쳐간 식량을 오염시켜주세요.{nl}아 특히 육포를 꼭 오염시켜 주세요. 페릿은 육포를 좋아한답니다.	마을 주민
QUEST_UNUSED_20151102_002606	El agua en el viejo pozo al sur de aquí es particularmente roja.{nl}Tal vez puedas rociar la comida con el agua de allí.{nl}	아래쪽의 낡은 우물에 있는 물이 특히나 붉기가 진해요.{nl}그 물을 페릿이 훔쳐간 식량에 마구 뿌려주세요.{nl}				마을 주민
QUEST_UNUSED_20151102_002607	Oh, asegúrate de rociarlo sobre la cecina escondida en el sendero del bosque de Banaga. {nl}A los hurones les encanta la cecina.	아, 특히 바나가 숲길에 숨겨 놓은 육포에 꼭 뿌려 주세요. {nl}페릿은 육포를 참 좋아한답니다.				마을 주민
QUEST_UNUSED_20151102_002608	No podemos permitir que se salgan con la suya. {nl} Ya lo hemos aguantado demasiado.	언제까지 당하고만 있을 수는 없죠.{nl}이 정도면 많이 참은 거라고요.	QUEST_LV_0100_20151016_009841	We will not take this anymore.	우리라고 언제까지나 당하고만 있을 수는 없죠.	마을 주민
QUEST_UNUSED_20151102_002609	Es más oscuro que la hierba que lo rodea y tiene hojas más anchas.{nl}Si vas al acantilado de Luvda lo reconocerás de inmediato.	주변의 풀보다 색이 더 짙고 잎이 넓어요.{nl}르브다 절벽에 가시면 한 눈에 확 알아보실 수 있을 거예요.				드루이드 레야
QUEST_UNUSED_20151102_002610	Espero que los hurones no vuelvan a robarnos la comida después de esto. {nl} Es un desperdicio, pero... Espero que se la coman y nos dejen en paz.	페릿도 머리가 있다면 다신 식량을 훔치러 오진 않겠죠?{nl}식량은 조금 아깝긴 하지만.. 맛있게 먹고 다신 안 왔으면 좋겠네요.	QUEST_UNUSED_20151022_001254	We can call this kind of situation one step back and two steps forward.{nl}I hope the ferrets enjoy the beef jerkies and never come back again.	이런 상황을 보고 한 발 물러나서 두 발 전진한다고 하나요?{nl}부디 페릿들이 양념친 육포를 맛있게 먹고 다신 안 왔으면 좋겠네요.	마을 주민
QUEST_UNUSED_20151102_002611	¿Eres el Revelador que destruyó el tótem? {nl}Quería agradecerte. Me hacía sentir terrible cada vez que lo miraba...{nl}	마족 토템을 파괴하셨다는 계시자님이시죠?{nl}정말 감사했어요. 그걸 볼 때마다 마족한테 속은 게 생각나서 어찌나 분하던지..{nl}	QUEST_UNUSED_20151022_001255	Ah, Revelator. Thank you for destroying the Demon Totem.{nl}I've went to see the ferrets, but they are still violent.{nl}I think the influence of the totem is still remaining.{nl}	아 계시자님. 마족 토템을 파괴해주셔서 감사합니다.{nl}페릿들을 보러 갔더니 저를 보고 여전히 난폭하게 굴더라고요.{nl}아무래도 토템의 여파가 남아있나 봅니다.{nl}	촌장 손자
QUEST_UNUSED_20151102_002612	De todos modos, fui a ver a los hurones y todavía son feroces.{nl}Parece que los efectos del tótem aún no se han desvanecido.{nl}	어쨌든, 혹시나 해서 페릿들을 보러 갔더니 여전히 난폭하게 굴더라고요.{nl}아무래도 토템의 여파가 남아있는가봐요.{nl}	QUEST_UNUSED_20151022_001256	I heard Widas who is a Dievdirbys is trying to make{nl}the piece which has the opposite effect when compared to the Demon Totem.{nl}Please ask Widas if the piece has been completed.	 우리 마을에 딥디르비이신 위다스 아저씨가 마족 토템의 반대 효과를 가진 조각을{nl}만들어 보고 계신다는 소리를 들었어요.{nl}혹시 조각이 완성됐는지 위다스 아저씨께 여쭤봐주세요.	촌장 손자
QUEST_UNUSED_20151102_002613	Widas, un hombre de nuestro pueblo, dijo que estaba planeando hacer algo...{nl}Después de todo, es un Dievdirbys talentoso.{nl}	우리 마을에 위다스 아저씨가 그걸 어떻게 해보신다고 뭘 만드시던데..{nl}그래도 나름 솜씨 좋은 딥디르비시거든요.{nl}				촌장 손자
QUEST_UNUSED_20151102_002614	¿Le preguntarás a Widas si la estatua está terminada?	조각이 완성됬는지 위다스 아저씨께 여쭤봐 주실 수 없을까요?				촌장 손자
QUEST_UNUSED_20151102_002615	El tótem está en el sendero del bosque de Banaga.{nl}Si realmente eres un Revelador aquí con la luz para salvar nuestra aldea, hacer que los hurones vuelvan a la normalidad debería estar en tu poder.{nl}	그 토템은 바나가 숲길에 있어요.{nl}당신이 정말 빛과 함께 마을을 구하러 온 계시자라면 페릿 부족 역시 되돌릴 수 있을 거예요.{nl}				마을 촌장
QUEST_UNUSED_20151102_002616	Si puedes demostrar que eres un Revelador, te hablaré de Leja.	당신이 계시자라는 것만 확실하게 밝혀지면 레야가 어디로 갔는지 알려주겠어요.				마을 촌장
QUEST_UNUSED_20151102_002617	Ah, ¿eso? Lo siento mucho.{nl}No es la primera vez que sucede, ahora parece que están buscando otras personas a quienes molestar.{nl}	아아, 그거요? 이거 참 미안합니다.{nl}고 녀석이 맨날 물어보더니만, 이젠 민망한지 다른 사람까지 귀찮게 하네요.{nl}	QUEST_UNUSED_20151022_001257	This sculpture that possesses the opposite effects to Demon Totems...{nl}Wait a minute...	마족 토템에 반대되는 효과를 지닌 조각상이라..{nl}잠시만요..	딥디르비 위다스
QUEST_UNUSED_20151102_002618	Un momento. {nl}Te lo daré de inmediato.	잠시만요. {nl}금방 내 드릴게요.				딥디르비 위다스
QUEST_UNUSED_20151102_002619	Cuando era pequeña, los hurones nos ayudaban a regresar al pueblo cada vez que nos perdíamos. {nl}Pero ahora hemos sido engañados por los demonios... Es una pena.	어릴 땐 숲에서 길을 잃어도 페릿 부족이 마을까지 데려다 줬었어요.{nl}이게 다 저희가 마족에게 속아서.. 정말 미안하죠.	QUEST_LV_0100_20151016_009849	The ferrets I grew up with were quite a friendly and kind bunch. {nl}When I got lost, they were kind enough to take me back to town.{nl}What could have made them like that?	어릴 때는 숲에서 길을 잃고 페릿 부족을 만나면 마을까지 데려다 줄 정도로 온순했는데..{nl}왜 저렇게 되 버린 걸까요..	촌장 손자
QUEST_UNUSED_20151102_002620	Hice algo basado en el tótem que construí para ese demonio asqueroso. {nl}Lo hice para que irradie energía buena en lugar de energía maligna. {nl}	안 그래도 예전에 그 몹쓸 마족이 시킨 토템 작업을 토대로 만들어 본 게 있습니다.{nl}사악한 기운 대신 선한 기운을 내뿜도록 설계했지요.{nl}	QUEST_UNUSED_20151022_001258	I heard that the demons are turning the ferrets violent using the totem{nl}so I tried creating a sculpture which possesses the opposite effects of the Demon Totem...{nl}We are still experimenting on it, but I think now is the best chance to test it although it is still in an experimental stage since the totem has disappeared.{nl}	안 그래도 마족들이 토템으로 페릿을 난폭하게 만든 것 같다는 얘길 듣고{nl}마족 토템과 반대 효과를 지닌 조각상을 만들 순 없을까 하고 만들어 본 게 있습니다..{nl}아직 실험 단계이긴 하지만 마족 토템이 사라진 지금이 성능을 시험해 볼 좋은 기회인 것 같군요..{nl}	딥디르비 위다스
QUEST_UNUSED_20151102_002621	Todavía está en fase de prueba, pero valdrá la pena. {nl}Coloca esto cerca de los hurones y observa su reacción.	아직 실험 단계이긴 하지만, 그래도 시험해 볼 가치는 있어요.{nl}이걸 페릿 근처에 세워 두고 반응을 살펴봐주세요.	QUEST_UNUSED_20151022_001259	I will give you the sculpture which I was creating..{nl}Place it near the ferrets and observe the behavior of the ferrets...	여기 제가 만들던 조각상을 드리겠습니다..{nl}페릿 근처에 설치하고 페릿들의 반응을 살펴봐주세요..	딥디르비 위다스
QUEST_UNUSED_20151102_002622	Todo esto es culpa nuestra.{nl}Deberíamos haber sospechado más, pero el nombre de Revelador nos dio esperanzas.{nl}	이게 다 우리들의 잘못이죠.{nl}한 번 의심을 해봤어야 했는데, 계시자란 이름에 너무 들떴었나봐요.{nl}	QUEST_LV_0100_20151016_009852	Back in the good ol' days, I used to make ferret statues while observing them...{nl}But now, even an eye contact with them provokes them to attack..{nl}I hope, this statue will bring peace to both humans and the ferrets...	예전엔 페릿을 보면서 페릿 조각상도 만들곤 했는데..{nl}사나워진 페릿은 눈만 마주쳐도 공격해오더군요..{nl}이 조각상이 페릿과 우리에게 평화를 가져다 줬으면 좋겠습니다..	딥디르비 위다스
QUEST_UNUSED_20151102_002623	Ojalá esta estatua pudiera traer la paz entre nosotros y los hurones.	이 조각상이 페릿과 우리에게 평화를 가져다 주었으면 좋겠습니다.				딥디르비 위다스
QUEST_UNUSED_20151102_002624	¿Los hurones son más violentos?{nl}¿Así que fallé...?{nl}	페릿이 더 난폭해졌다고요?{nl}이런, 실패인가..{nl}	QUEST_UNUSED_20151022_001260	The ferrets have become more violent...?{nl}Damn... Did I fail...{nl}I am sorry... You are not hurt?{nl}	페릿이 더 난폭해졌다구요..?{nl}이런.. 실패인가..{nl}미안합니다.. 혹시 다치진 않으셨습니까?{nl}	딥디르비 위다스
QUEST_UNUSED_20151102_002625	Lo siento mucho. ¿Estás seguro de que no estás herido? {nl}Ah... Pero no voy a rendirme.{nl}	정말 미안합니다. 혹시 다치진 않으셨나요?{nl}아.. 그렇다고 해서 포기하진 않을 겁니다.{nl}	QUEST_UNUSED_20151022_001261	Ah... We are not going to give up on the pieces... It is maybe because the demons' brainwashing has not been removed yet...{nl}When Druid Benes who is investigating on the ferrets on Zeraha comes back, I think I should seek help from Benes...	아.. 조각을 포기하진 않을 겁니다.. 아직 마족의 세뇌가 안 풀려서 그럴 수도 있으니까요..{nl}아무래도 제라하에서 페릿을 연구하고 있는 드루이드 베네스가 돌아오면 도움을 받아야겠어요..	딥디르비 위다스
QUEST_UNUSED_20151102_002626	Probablemente todavía les hayan lavado el cerebro los demonios. {nl} Deberíamos preguntarle a Benes cuando regrese de estudiar a los hurones en Zeraha.	아직 마족의 세뇌가 풀리지 않아서일 거예요.{nl}아무래도 제라하에서 페릿을 연구하고 있는 베네스가 돌아오면 도움을 좀 받아야겠네요.				딥디르비 위다스
QUEST_UNUSED_20151102_002627	¡Revelador, llegas tarde!	계시자님, 늦으셨네요!{nl}	QUEST_UNUSED_20151022_001262	Ah, Revelator!{nl}What? That mysterious girl may be the guide prepared by Laima?{nl}The girl ran away there after being chased by ferrets!{nl}I was going to chase them, but since Ferrets are going crazy, I can't chase them...	아 계시자님!{nl}네? 그 신비한 소녀가 라이마 여신께서 준비한 인도자일지도 모른다구요?{nl}소녀라면 방금 페릿한테 쫓겨서 저리 도망쳤어요!{nl}쫓아가려고 했는데 페릿들이 극성이라 따라갈 수가 없었어요..	드루이드 레야
QUEST_UNUSED_20151102_002628	Oh... no lo sabía.{nl}Lo siento mucho. He hablado con el jefe de nuestra aldea sobre esto innumerables veces pero...	아.. 그런 일이 있었군요.{nl}정말 죄송해요. 제가 촌장님께 제발 그러지 말라고 끝까지 당부하고 왔는데..				드루이드 레야
QUEST_UNUSED_20151102_002629	¿Qué?{nl}¿Quieres decir que la niña podría haber sido enviada por la Diosa Laima?{nl}¡La vi huyendo de los hurones hacia el Puente Roto!{nl}	네? {nl}그 소녀가 라이마 여신께서 준비한 인도자일지도 모른다고요?{nl}아까 페릿에게 쫓겨서 끊어진 다리 쪽으로 도망갔어요!{nl}	QUEST_UNUSED_20151022_001263	It's not the time for this... Revelator.{nl}Since the ferrets are chasing after the girl, maybe the ferrets are looking for the traces of the girl.{nl}I guess I should look for the girl while defeating ferrets. We should hurry.	이러고 있을 때가 아니에요.. 계시자님.{nl}페릿들이 소녀 뒤를 쫓고 있었으니까 페릿들이 소녀에 대한 흔적을 쫓고 있지 않을까요?{nl}페릿을 처치하면서 소녀를 찾아봐야겠어요. 서둘러야 해요.	드루이드 레야
QUEST_UNUSED_20151102_002630	Quería perseguirlos pero...{nl}Los hurones eran tantos que no había nada que pudiera hacer.{nl}	저도 쫓아가려고 했는데..{nl}페릿들이 극성이라서 따라갈 수가 없었어요.{nl}	QUEST_LV_0100_20151016_009857	Revelator, there is no time! The girl went that way.{nl}The ferrets are on a hunt for her.{nl}Defeat the ferrets, if you have to. Just the girl. Please, hurry.	이러고 있을 때가 아니에요.. 계시자님. 소녀는 저쪽 방향으로 도망쳤어요.{nl}페릿들이 소녀 뒤를 쫓고 있었으니까 페릿들이 소녀에 대한 흔적을 쫓고 있지 않을까요?{nl}페릿을 처치하면서 소녀를 찾아봐야겠어요. 서둘러야 해요.	드루이드 레야
QUEST_UNUSED_20151102_002631	No tenemos tiempo que perder. {nl} ¡Aún podemos encontrar a la chica si vamos tras los hurones ahora!	이러고 있을 때가 아니에요.{nl}아직 페릿들을 쫓아가면 소녀를 찾을 수 있을 거예요!				드루이드 레야
QUEST_UNUSED_20151102_002632	Debería haber ido tras ellos...{nl}Estoy muy preocupado ahora. Espero que ella esté bien...	어떻게든 따라갔어야 했는데..{nl}너무 걱정돼요. 무사해야 할 텐데요..	QUEST_UNUSED_20151022_001264	I hope the girl is safe... I should've gone after her...	소녀가 무사해야 할텐데요.. 어떻게든 따라갔어야 했는데..	드루이드 레야
QUEST_UNUSED_20151102_002633	¿El Señor Demonio Zaura se llevó a la niña? {nl}Oh no... Zaura es a quien los demonios se llevaron a la Diosa Lada en el pasado.	소녀가 마군주 자우라에게 납치되었다고요?{nl}큰일이네.. 자우라는 예전에도 마족들을 이끌고 라다 여신을 납치했었어요.	QUEST_UNUSED_20151022_001265	...The girl was kidnapped by the demon holding a gigantic axe? That's not good...{nl}If the demon was holding a gigantic axe, I am sure it is the Demon Lord, Zaura.{nl}Demon Lord Zaura commands the demons that attacked this place and kidnapped Lada.	..소녀가 거대한 도끼를 든 마족한테 납치당했다구요? 큰일이네요..{nl}거대한 도끼를 들었다면 그놈은 분명 마군주 자우라일거에요.{nl}마군주 자우라는 이 곳을 습격한 마족을 지휘해서 여신 라다를 납치한 녀석이에요.	드루이드 레야
QUEST_UNUSED_20151102_002634	Tenga cuidado al recolectar Drowsy Herbs. {nl}Hay una razón por la que los llaman así.	몽롱초를 채집할 땐 조심해야 해요.{nl}이름이 괜히 몽롱초가 아니거든요.	QUEST_LV_0100_20151016_009860	Be careful when gathering Drowsy Herb.{nl}One false move and the spore explodes and, believe me, it WILL make you drowsy.	몽롱초를 채집할 땐 사람도 조심해야 해요.{nl}잘못 건드려서 몽롱초 포자를 터뜨리면 사람도 몽롱해지거든요.	드루이드 레야
QUEST_UNUSED_20151102_002635	Ah, claro.{nl}Cuando Zaura se llevó a la niña, ¿viste algún hurón por ahí?{nl}	아, 그렇지.{nl}자우라가 소녀를 납치할 때, 혹시 근처에 페릿들이 있었나요?{nl}	QUEST_UNUSED_20151022_001266	When Zaura kidnapped the girl, were ferrets with the girl?{nl}If that's so, I think Zaura left the kidnapped girl to the ferrets.{nl}Since the ferrets know more about the forest.{nl}	혹시 자우라가 소녀를 납치할 때 페릿들이 함께 있었나요?{nl}그렇다면 아마 자우라가 납치한 소녀를 페릿에게 맡겼을 거에요.{nl}이 숲 속은 페릿이 더 잘 알테니까요.{nl}	드루이드 레야
QUEST_UNUSED_20151102_002636	Eso significa que los hurones se quedan con la niña.{nl}Conocen bien el bosque, ¿sabes?{nl}	그렇다면 분명 페릿에게 소녀를 맡겼을 거예요.{nl}이 숲 속은 페릿이 더 잘 알테니까요.{nl}	QUEST_UNUSED_20151022_001267	I think I know where the ferrets had hidden the girl. However, it is dangerous to go without any preparations.{nl}I know how to make the incense that makes the ferrets lose their conciousness. If you use this incense, you will be able to defeat the ferrets easily.{nl}But, the problem is that we don't have enough Drowsy Herbs.{nl}	페릿이 소녀를 어디에 숨겼을지 알 것 같아요. 하지만 이대로 준비 없이 가기엔 위험해요.{nl}제가 페릿이 정신을 못차리게 하는 향을 만들 줄 알아요. 이 향을 사용하면 좀 더 쉽게 페릿을 제압할 수 있죠.{nl}하지만 향을 만들 몽롱초가 부족하네요.{nl}	드루이드 레야
QUEST_UNUSED_20151102_002637	Quiero decir, nací y crecí aquí, así que tampoco tengo ni idea. {nl} Creo... puedo adivinar dónde la esconden. {nl}	하지만 저도 이 숲에서 나고 자랐기 때문에 페릿만큼 숲을 잘 알죠.{nl}대충 어디에 숨겨놨을지.. 감이 오는 것 같아요.{nl}	QUEST_UNUSED_20151022_001268	Drowsy herbs are growing from down there.{nl}I will prepare to make the incense so can you get me Drowsy Herbs?	몽롱초는 저 아래에서 자라고 있어요.{nl}향을 만들 준비를 하고 있을테니 몽롱초를 좀 구해다주시겠어요?	드루이드 레야
QUEST_UNUSED_20151102_002638	Sin embargo, es demasiado peligroso simplemente salir a salvarla sin un plan.{nl}Las cosas podrían ponerse feas si empiezan a atacar.{nl}	하지만 무작정 구하러 들어가는 건 너무 위험해요.{nl}아무리 페릿들이라도 떼로 몰려오면 위협적이라고요.{nl}				드루이드 레야
QUEST_UNUSED_20151102_002639	Bien. Conozco un aroma que hace que los hurones pierdan la cabeza. {nl} ¿Me traerás algunas hierbas somnolientas para que pueda hacer algunas?	그렇지. 제가 페릿이 정신을 못차리게 하는 향을 만들 줄 알아요.{nl}향을 만들 준비를 할 테니 여기 아래쪽에서 몽롱초를 구해 주시겠어요?				드루이드 레야
QUEST_UNUSED_20151102_002640	Esto debería ser suficiente para crear el aroma. {nl}Espera un minuto.	이 정도 양이면 향을 만들기에 충분할 거예요.{nl}잠시만 기다려주세요.	QUEST_LV_0100_20151016_009863	One, two, three...{nl}Yep, that seems to be enough.{nl}Wait a moment, please.	하나, 둘, 셋..{nl}이 정도 몽롱초면 향을 만들기에 충분할 거에요.{nl}잠시만 기다려주세요.	드루이드 레야
QUEST_UNUSED_20151102_002641	No te preocupes si accidentalmente hueles las hierbas. {nl}Me aseguré de que solo afecte a los hurones.	계시자님이 향을 맡으면 어떡하나 걱정하실 필요는 없어요.{nl}페릿에게만 확실하게 효과가 있도록 만들었으니까요.	QUEST_UNUSED_20151022_001269	You don't have to worry about inhaling the incense.{nl}I've made it to be effective only on ferrets.	향을 맡으면 어떡하나 걱정하실 필요는 없어요.{nl}페릿에게만 확실하게 효과가 있도록 만들었으니까요.	드루이드 레야
QUEST_UNUSED_20151102_002642	Aquí está el olor.{nl}A ver ahora... Sobre los hurones...{nl}	자, 향은 완성이예요. {nl}그리고 보자.. 페릿들은 아마.. {nl}	QUEST_UNUSED_20151022_001270	The incense has been completed.{nl}I will tell you a few locations where the ferrets may have taken the girl.{nl}Don't worry even if the ferrets are protecting the girl.{nl}When you burn this incense on a bonfire, the ferrets will lose their conciousness so rescue the girl while they are unconscious.	몽롱해지는 향이 완성됐어요.{nl}페릿이 소녀를 데리고 갔을 만한 장소를 몇군데 알려드릴게요.{nl}페릿이 소녀를 지키고 있더라도 걱정마세요.{nl}모닥불에 이 향을 태우면 페릿이 정신을 차리지 못 할테니 그 사이에 소녀를 구하세요.	드루이드 레야
QUEST_UNUSED_20151102_002643	Hay algunos escondites de hurones alrededor de la autopista Balais y el refugio Zelbe. {nl} Probablemente ahí es donde tienen a la niña. {nl}	바라이스 가도 근처와 젤베 쉼터에 페릿들의 근거지가 몇 군데 있어요.{nl}아마 페릿들은 거기로 소녀를 데리고 가지 않았을까 싶어요.{nl}				드루이드 레야
QUEST_UNUSED_20151102_002644	Cuando encuentres a la niña, tira la bolsa aromática que te di.{nl}Cuando los hurones reaccionen, ¡toma a la niña y regresa!{nl}	소녀를 발견하시거든 제가 드린 향 주머니를 바로 던져 터뜨리세요. {nl}페릿들이 정신을 못 차리는 사이에 소녀를 데리고 빠져나오시는 거예요!{nl}				드루이드 레야
QUEST_UNUSED_20151102_002645	Aquí...	이거..	QUEST_UNUSED_20151022_001271	The goddess... under... that... sapling...	저기.. 묘목.. 아래.. 여신..	신비한 소녀
QUEST_UNUSED_20151102_002646	Espero que mis palabras puedan llegar hasta ti...{nl}Soy Laima, diosa del destino y la premonición.{nl}	이 전언이 부디 당신에게 닿길 바라면서..{nl}저는 운명과 예지의 여신인 라이마라고 합니다.{nl}	QUEST_UNUSED_20151022_001272	Savior... I am Laima, the goddess of the destiny.{nl}You followed the girl who is the incarnate of my will.{nl}In this forest, my sister, Lada was captured by Zaura.{nl}Zaura is creating something evil called the 'Kruvina' with the vitalities of Lada.{nl}	구원자여.. 저는 운명의 여신, 라이마입니다.{nl}제 의지의 화신인 소녀를 잘 따라와주셨습니다.{nl}이 숲에는 제 자매인 여신 라다가 흉폭한 마군주 자우라에게 납치되어 있습니다.{nl}자우라는 여신 라다의 생명력으로 크루비나라는 사악한 물건을 만들고 있습니다.{nl}	여신 라이마
QUEST_UNUSED_20151102_002647	Antes de Medzio Diena, las diosas perdieron gran parte de su poder.{nl}Debido a esto, la Diosa Lada, incapaz de resistir, fue llevada por Demon Lord Zaura.{nl}	신수의 날이 도래하면서 여신들은 대부분의 힘을 잃고 말았습니다.{nl}그 때문에 라다 여신은 마군주 자우라에게 반항할 기력도 없이 납치되고 말았지요.{nl}	QUEST_UNUSED_20151022_001273	Save Lada who is captured in Seir Rainforest and stop the demons' plans to make Kruvina.{nl}The only one who can get rid of the disaster is you.{nl}Please take this orb. It would help you a lot.	세이르 숲에 붙잡혀 있는 라다 여신을 구하고 크루비나를 만들고 있는 마족의 계획을 막아주세요.{nl}이 숲에 드리운 재앙을 걷어낼 수 있는 사람은 구원자인 당신 뿐입니다.{nl}이 보주를 챙겨가세요. 반드시 도움이 될 것 입니다.	여신 라이마
QUEST_UNUSED_20151102_002648	Zaura está usando la fuerza vital de la Diosa Lada para crear un artilugio malvado llamado Kruvina.{nl}El mismo Kruvina al que se sacrificaron innumerables vidas en Castlefield.{nl}	자우라는 라다 여신의 생명력으로 크루비나라는 사악한 것을 만들고 있습니다.{nl}캐슬필드에서 수 많은 인명을 제물삼아 만들었던 그 크루비나를 말입니다.{nl}				여신의 보주
QUEST_UNUSED_20151102_002649	La energía maligna de Kruvina puede hacer crecer los objetos.{nl}Dependiendo de cómo se use, también puede mejorar el poder de los demonios.{nl}	크루비나는 사악한 힘으로 모든 것을 거대하게 만듭니다.{nl}하지만 쓰임에 따라서는 마족의 힘을 강대하게 만들어 주기도 하지요.{nl}				여신 라이마
QUEST_UNUSED_20151102_002650	Cuando tuve una visión de este horrible futuro, ya era demasiado tarde para hacer algo.{nl}Por eso... envié a una joven a conocerte.{nl}	제가 이 끔찍한 미래를 보았을 때에는 이미 아무것도 할 수 없었습니다.{nl}그러기에.. 당신에게 제 의지를 담은 소녀를 보낸 것입니다.{nl}				여신 라이마
QUEST_UNUSED_20151102_002651	Sólo una persona puede liberar este bosque de la calamidad que cayó sobre él...{nl}A salvador entre los Reveladores. Tú.{nl}	이 숲에 드리운 재앙을 걷어 낼 수 있는 이는.. {nl}계시자 중에서도 오직 구원자인 당신 뿐입니다.{nl}				여신 라이마
QUEST_UNUSED_20151102_002652	Toma este orbe... {nl}La diosa Lada está cautiva en la selva tropical de Seir. Por favor, rescátala y detén los planes de los demonios...	이 보주를 가져가세요..{nl}부디 세이르 숲에 붙잡혀 있는 라다 여신을 구하고 마족의 계획을 막아주세요..				여신 라이마
QUEST_UNUSED_20151102_002653	¿Un extraño...? Hm, tendrás que hacerlo.{nl}Oye, um... ¿me echas una mano?{nl}	이런.. 외지인이지만, 어쩔 수 없지.{nl}이봐, 나 좀 도와줄 수 있을까?{nl}	QUEST_UNUSED_20151022_001274	Ah... I didn't expect I would see a human here...! Please help me!{nl}I am called Druid Benes. I am trying to find the reason why the ferrets are coopering with the demons.{nl}Recently, I found out that I will be able to talk to the ferrets using the spell of the Druids.{nl}	아.. 이런 곳에서 사람을 만날 줄이야..! 저 좀 도와주세요!{nl}저는 드루이드 베네스라고 합니다. 페릿들이 마족 편에 동조하는 이유를 찾아보고 있어요.{nl}얼마 전 드루이드의 주술을 사용해서 페릿으로 변신하면 페릿과 대화할 수 있다는 사실을 알아냈죠.{nl}	드루이드 베네스
QUEST_UNUSED_20151102_002654	Estoy tratando de descubrir por qué los hurones están del lado de los demonios. {nl} Así que encontré una manera de convertirme en uno y hablar con ellos. {nl}	난 페릿이 마족 편에 동조하는 이유를 찾고 있어.{nl}뭐, 연구하다 보니 페릿으로 변신해서 대화할 수 있는 방법도 알아냈지.{nl}	QUEST_UNUSED_20151022_001275	But, the problem is that I touched the ferrets too many times while looking for other methods.{nl}Even if I turn into a ferret, they attack me as if they remember my odor.{nl}Can you turn into a ferret on behalf of me and find out about their plans?{nl}	문제는 다른 방법을 알아보다가 페릿과 접촉을 너무 많이 했다는 겁니다.{nl}놈들이 제 냄새를 기억하는 건지 페릿으로 변신해도 인간인 걸 알아채고 저를 공격하더라구요.{nl}제 대신 페릿으로 변신해서 녀석들의 속셈을 알아봐주실 수 있으실까요?{nl}	드루이드 베네스
QUEST_UNUSED_20151102_002655	La cosa es que ya me han visto demasiadas veces.{nl}Incluso cuando me convierto en hurón, reconocen mi olor y empiezan a atacarme.{nl}	문제는 내가 그 이전부터 페릿과 너무 자주 접촉했다는 거야.{nl}내 냄새를 기억하는지 페릿으로 변신해도 날 알아채고 공격하더라고.{nl}	QUEST_UNUSED_20151016_000809	In order to turn into a Ferret, you should observe the behaviors of ferrets well.{nl}If we do something awkward, we will get discovered by ferrets.{nl}I am going to give you an empty scroll so please observe the behaviors of ferrets and record them here.	페릿으로 변신하기 위해서는 페릿들의 행동을 잘 관찰해야합니다.{nl}어색한 행동을 하면 페릿들에게 들킬테니까요.{nl}제가 빈 주문서를 드릴테니 여기에 페릿의 행동을 관찰하고 적어주세요.	드루이드 베네스
QUEST_UNUSED_20151102_002656	Si te parece bien, ¿te convertirás en un hurón y husmearás por mí?{nl}	괜찮다면 내 대신 페릿으로 변신해서 녀석들의 속셈을 알아봐 줄 수 있을까?{nl}				드루이드 베네스
QUEST_UNUSED_20151102_002657	Voy a hacer un pergamino de transformación a partir de la información que recopilamos.{nl}Escribe todo. No puedes actuar tan torpe como un hurón.	관찰한 내용을 기본으로 페릿 변신 주문서를 만들 거야.{nl}그러니 최대한 상세하게 적어 줘. 변신해도 어색하지 않도록 말이지.	QUEST_UNUSED_20151016_000810	From what you observed, I am going to make a Ferret Transformation Scroll.{nl}So please write in details as much as possible. So that even if it transforms, it doesn't look awkward.	관찰하신 내용을 토대로 페릿 변신 주문서를 만들어드릴 겁니다.{nl}그러니 최대한 상세하게 적어 주세요. 변신해도 어색하지 않도록 말이죠.	드루이드 베네스
QUEST_UNUSED_20151102_002658	Tus observaciones son bastante detalladas. {nl} Ahora deberías estar listo para transformarte. Esperar.	자세하게 잘 관찰해 왔네.{nl}이 정도면 변신해도 큰 문제 없겠어. 잠시만.	QUEST_UNUSED_20151016_000811	You've observed in details.{nl}You won't have a problem if you transform now.{nl}Please wait.	자세하게 관찰해오셨네요.{nl}이 정도면 변신해도 큰 문제 없겠어요.{nl}잠시만요.	드루이드 베네스
QUEST_UNUSED_20151102_002659	Aquí tienes.{nl}El pergamino de transformación está listo.{nl}	자. 여기. {nl}페릿 변신 주문서가 완성되었어.{nl}	QUEST_LV_0100_20151016_009870	The Ferret Transformation Scroll is complete. {nl}When you use it, you can transform you into a ferret.{nl}Worry not, it is based on careful observation of ferrets. You will look very natural.{nl}	페릿 변신 주문서가 완성됐습니다. 주문서를 사용하면 페릿으로 변신할 수 있어요.{nl}워낙 관찰을 꼼꼼히 하셔서 전혀 어색하지 않을 거에요.{nl}	드루이드 베네스
QUEST_UNUSED_20151102_002660	Según tus observaciones, no creo que te sientas incómodo en absoluto. {nl} Confío en que te sentirás cómodo hablando con los hurones. {nl}	네가 워낙 관찰을 꼼꼼히 해줘서 전혀 어색하진 않을 거야.{nl}아마 페릿 부족과 대화도 자연스럽게 할 수 있을거라 믿어.{nl}	QUEST_UNUSED_20151022_001276	You would be able to talk with the ferrets naturally. {nl}Talk with the ferrets and find out why they are cooperating with the demons.	아마 페릿 부족과 대화도 자연스럽게 할 수 있을겁니다. {nl}페릿 부족과 대화해서 페릿이 마족 편에 동조하고 있는 이유를 알아봐 주세요.	드루이드 베네스
QUEST_UNUSED_20151102_002661	Intenta descubrir por qué los hurones están del lado de los demonios. {nl} No olvides convertirte primero en hurón con el pergamino.	페릿이 왜 마족 편에 서고 있는 지 이유를 알아봐 줘.{nl}그 전에 변신 주문서로 먼저 변신하는 걸 잊지 말고.				드루이드 베네스
QUEST_UNUSED_20151102_002662	Si el pergamino se desgasta frente a los hurones, vendrán hacia ti, así que ten cuidado.	페릿 앞에서 변신이 풀리면 페릿들이 한꺼번에 덤벼들 수도 있으니 조심해.	QUEST_LV_0100_20151016_009872	Be careful not to transform back to your original state. {nl}They will attack you all at once. The sheer number will overwhelm even you.	페릿 앞에서 변신이 풀리면 페릿들이 한꺼번에 덤벼들 수도 있으니 조심하세요.	드루이드 베네스
QUEST_UNUSED_20151102_002663	¿Mmm? Entonces lo que estás diciendo es...{nl}¿Los hurones están ayudando a los demonios a propósito?{nl}	응? 그 말대로라면.. {nl}페릿이 자발적으로 마족을 돕고 있다는 얘긴가?{nl}	QUEST_LV_0100_20151016_009873	Is that so? Are you telling me the ferrets are helping the demons on their free will?{nl}No, that's impossible! I cannot believe it...	네? 그 말대로면.. 페릿이 자발적으로 마족을 돕고 있다는 얘긴가요?{nl}그럴 리가 없어요.. 믿을 수 없어..	드루이드 베네스
QUEST_UNUSED_20151102_002664	¿Cómo...{nl}I no lo puedo creer!	그럴 수가.. {nl}믿을 수 없어!				드루이드 베네스
QUEST_UNUSED_20151102_002665	¿Los hurones realmente dijeron eso?{nl}Sé que no tienes motivos para mentir, pero aun así...{nl}	페릿이 정말 그렇게 말한 거야?{nl}아, 물론 네가 거짓말을 할 이유는 없겠지만..{nl}	QUEST_UNUSED_20151022_001277	Did the ferrets really tell you so? Of course, I think there's no reason they should lie...{nl}But, I can't believe it... The ferrets were once very kind.{nl}We were good with the ferrets until the demons came here. They spontaneously attacked us...{nl}	페릿이 정말 그렇게 말했나요? 아 물론 거짓말을 할 이유가 없으시겠죠..{nl}하지만 도저히 믿을 수가 없네요.. 페릿 부족은 원래 매우 온순한 부족이었어요.{nl}마족들이 오기 전 까진 우리 마을과도 우호적이었는데 자발적으로 우릴 공격한다니..{nl}	드루이드 베네스
QUEST_UNUSED_20151102_002666	Aunque realmente no puedo creerlo.{nl}Los hurones siempre han sido amigables.{nl}	하지만 도저히 믿을 수가 없어.{nl}페릿 부족은 원랜 엄청 온순한 녀석들이었단 말야.{nl}	QUEST_UNUSED_20151022_001278	I should find out how much hostility the ferrets have towards humans.{nl}I will try to turn a piece of wood into the appearance of a wounded villager.{nl}When you set this wood, it would look like a wounded villager to anyone.{nl}Set this near the ferrets and find out if the ferrets attack.	페릿 부족이 얼마나 사람을 적대적으로 생각하는지 알아봐야겠어요.{nl}제가 주술로 나무토막을 부상당한 주민 모습으로 변신시켜볼게요.{nl}이 나무토막을 설치하면 누구에게나 감쪽같이 부상당한 주민으로 보일 겁니다.{nl}이걸 페릿 주위에 설치해보고 페릿이 공격을 하는지 지켜봐주세요.	드루이드 베네스
QUEST_UNUSED_20151102_002667	Necesito ver si al menos todavía sienten algo de compasión por los humanos. {nl}Intentaré encantar un trozo de madera para que parezca alguien herido. {nl}	안되겠어. 적어도 사람에게 동정심이라도 남아있는지 알아봐야겠어.{nl}내가 주술로 나무토막을 부상당한 사람 모습으로 변신시켜 볼게.{nl}				드루이드 베네스
QUEST_UNUSED_20151102_002668	La madera va a parecer alguien herido para quien la mire. {nl} Colócala cerca de los hurones y mira si atacan.	내 주술은 확실하니까 누구에게나 부상당한 사람 모습으로 보일 거야.{nl}이걸 페릿 주변에 놔 두고 페릿이 공격을 하는지 지켜 봐줘.				드루이드 베네스
QUEST_UNUSED_20151102_002669	¿Atacarán a alguien si está herido? {nl}Nah... Si lo hacen, es incluso más grave de lo que pensaba...	설마 부상당한 사람까지 공격하겠어?{nl}아냐.. 만약 공격한다면 정말 위험한 상태인데..	QUEST_UNUSED_20151022_001279	If the ferrets even attack the wounded villager, that will be really dangerous...	페릿이 부상당한 주민까지 공격한다면 정말 위험한 상태일텐데..	드루이드 베네스
QUEST_UNUSED_20151102_002670	¿Realmente atacaron el trozo de madera? {nl}Esa es una mala señal. Significa que están atacando a cualquiera y a todos...	정말 페릿이 주술 걸린 나무토막을 공격했어?{nl}큰일이네. 페릿이 무차별로 사람을 공격한다는 뜻이니까..	QUEST_UNUSED_20151022_001280	Did the ferrets attack the woods with the spell?{nl}That's not good. That means the ferrets attack humans indiscriminately...	페릿이 주술 걸린 나무토막을 공격하던가요?{nl}큰일이네요. 페릿이 무차별로 사람을 공격한다는 뜻이니..	드루이드 베네스
QUEST_UNUSED_20151102_002671	No hay duda después de este experimento.{nl}Los hurones son muy, muy peligrosos ahora.{nl}	이번 실험으로 확실해졌어.{nl}지금 상태의 페릿은 정말 위험해.{nl}	QUEST_UNUSED_20151022_001281	It became apparent as a result of the experiment. The ferrets are dangerous now.{nl}However, since we can't fight against all the ferrets, We should kick them out from the village.{nl}	이번 실험으로 확실해졌습니다. 지금 상태의 페릿은 위험해요.{nl}그렇다고 페릿 전체와 싸울 수는 없으니 마을 근처에 페릿들을 쫓아내기라도 해야겠어요.{nl}	드루이드 베네스
QUEST_UNUSED_20151102_002672	Aun así, no hay manera de que pueda luchar contra todos esos hurones.{nl}Lo máximo que puedo hacer es ahuyentar a los que están más cerca de la aldea.{nl}	그렇다고 저 많은 페릿과 싸울 순 없어.{nl}하다못해 마을 사람들 근처에 있는 페릿이라도 쫓아내야겠지.{nl}	QUEST_UNUSED_20151022_001282	I possess some terrible odor which the ferrets don't like.{nl}Light up a bonfire and when you burn the terrible odor, the ferrets will run away after smelling the odor.{nl}Please spread the odor near Bellai Forest Village where the villagers are gathered around.{nl}The odor is little... disgusting to humans so please keep that in mind...	저에게 페릿들이 싫어하는 지독한 향이 있어요.{nl}모닥불을 피워두고 지독한 향을 태우면 페릿들이 냄새를 맡고 도망갈겁니다.{nl}이 향을 마을 사람들이 모여있는 벨라이 숲 마을 근처에 피워주세요.{nl}사람한테도 조금.. 고약한 냄새지만 참고 부탁드리겠습니다..	드루이드 베네스
QUEST_UNUSED_20151102_002673	Hay un tipo de olor fuerte que los hurones odian.{nl}Si hacemos un fuego y quemamos este olor, eso debería mantener alejados a los hurones.{nl}	나에게 페릿들이 싫어하는 지독한 향이 있어.{nl}모닥불을 피워서 그 향을 태우면 페릿들이 냄새를 맡고 도망갈 거야.{nl}				드루이드 베네스
QUEST_UNUSED_20151102_002674	¿Difundirías el aroma por el taller del bosque de Bellai? {nl}Huele un poco... desagradable, pero, por favor, hazme este favor.	이 향을 벨라이 숲 작업장 근처에 피워주곘어?{nl}사람에게도 조금.. 고약한 냄새지만 참고 부탁할게.				드루이드 베네스
QUEST_UNUSED_20151102_002675	Debería hacer más aroma.{nl}En caso de que el efecto desaparezca.	향을 더 많이 만들어둬야겠어.{nl}언제 향의 효과가 떨어질 지 모르니까.	QUEST_UNUSED_20151022_001283	I guess we should make more incense.{nl}Since we don't know when the effects of the incense would run out.	향을 더 많이 만들어둬야겠어요.{nl}언제 향의 효과가 떨어질 지 모르니까요.	드루이드 베네스
QUEST_UNUSED_20151102_002676	Gracias.{nl}No creo que los hurones vayan a acercarse al taller ahora.{nl}	고마워. {nl}이제 한동안 페릿들이 작업장 근처에는 얼씬도 못 할 거야.{nl}	QUEST_UNUSED_20151022_001284	Was the smell terrible?{nl}Thanks. Now, the ferrets wouldn't be able to come near the village.{nl}I feel bad because I had used the terrible odor on the ferrets due to the bad tricks of the demons.{nl}When I go back to the village, I should look for a way to restore the ferrets to their original state with Dievdirbys Widas.	냄새가 많이 지독하던가요?{nl}감사합니다. 이제 한동안 페릿들이 마을 근처에는 얼씬도 못 할 겁니다.{nl}마족 놈들의 더러운 술수 때문에 페릿한테 지독한 향을 쓰게 되다니 속이 상하네요.{nl}마을에 돌아가면 딥디르비 위다스씨와 페릿을 예전 상태로 되돌릴 방법을 찾아봐야겠어요.	드루이드 베네스
QUEST_UNUSED_20151102_002677	Me enoja pensar que los hurones están usando el olor gracias a los trucos sucios de los demonios. {nl}Debería hablar con Widas cuando regrese.{nl}	마족들의 더러운 술수 때문에 페릿에게 지독한 향을 쓰게 되다니 정말 속상해.{nl}마을로 돌아가면 위다스씨랑 좀 상의해 봐야겠어.{nl}				드루이드 베네스
QUEST_UNUSED_20151102_002678	Pero sigo pensando que tiene que haber una manera de hacer que los hurones vuelvan a la normalidad.{nl}R-¿verdad...?	어떻게든 페릿들을 예전 상태로 되돌릴 방법이 있을 거야.{nl}정말.. 그럴 수 있겠지?				드루이드 베네스
QUEST_UNUSED_20151102_002679	Tú...{nl}Finalmente me has salvado.{nl}	그대는.. {nl}드디어 그대가 절 구해 주셨군요.{nl}	QUEST_UNUSED_20151022_001285	Thank you for saving me...{nl}Although weak, I can feel the power of Laima in you...{nl}You are the savior who Laima talked about before...{nl}	구해주셔서 감사합니다..{nl}당신에게서 미약하게나마 라이마의 힘이 느껴집니다..{nl}당신이 라이마가 말한 구원자군요..{nl}	여신 라다
QUEST_UNUSED_20151102_002680	Cuando Laima me confió este bosque...{nl}Ella dijo que sería consumido por una ola de calamidad.{nl}	라이마가 제게 이 숲을 부탁할 때.. {nl}재앙의 파도가 이 숲을 덮칠 것이라 하였어요.{nl}	QUEST_UNUSED_20151022_001286	Laima forecasted that a disaster would come to this forest which won't be prevented by me.{nl}And she also said the savior who brings the orb which she has left would be able to solve the disaster in this forest.{nl}Everything goes as Laima forecasted.	라이마는 이 숲에 저조차도 막을 수 없는 재앙이 닥쳐올 거라고 예지했습니다.{nl}그리고 자신이 남겨놓은 보주를 가지고 온 구원자만이 이 숲의 재앙을 해결할 수 있다고 했죠.{nl}모든 것이 라이마의 예지대로 흘러가는 군요.	여신 라다
QUEST_UNUSED_20151102_002681	Y, dijo, después de que la ola haya pasado, te encontraré.{nl}El que sostiene la luz de la salvación...{nl}	그리고 그 파도의 끝에서 그대를 만날 것이라고도 하였지요.{nl}구원의 빛을 안고서..{nl}				여신 라다
QUEST_UNUSED_20151102_002682	Tú eres el Revelador que salvará nuestro mundo... {nl}Tengo la esperanza de que seas tú ahora.	그대는 계시자 가운데서도 이 세계를 구할 구원자..{nl}이제야 겨우 그대라는 희망을 만날 수 있게 되었습니다.				여신 라다
QUEST_UNUSED_20151102_002683	La razón detrás del agua roja que fluye en este bosque y los cultivos contaminados...{nl}El plan para cultivar un helecho gigante y esparcir las esporas mortales...{nl}	이 숲을 흐르는 물이 붉게 물들고 모든 과실이 거대해진 원흉..{nl}그리고 고사리를 거대화시켜 죽음의 포자를 퍼뜨리려던 계획..{nl}	QUEST_UNUSED_20151022_001287	Zaura wants to create strong Kruvina using my vitalities.{nl}Kruvina is a demons' object which uses humans' vitalities and it amplifies the power of the holder.{nl}But, if one can't stand the power of the Kruvina, it destroys the body of the holder.{nl}The demons are trying to use the Kruvina on plants and kill all humans with the plants.{nl}	마군주 자우라는 제 생명력을 이용해서 강력한 크루비나를 만들려고 하고 있습니다.{nl}크루비나는 인간의 생명력을 제물로 만드는 마족의 물건인데 대상의 힘을 증폭시키는 힘이 있습니다.{nl}대신 크루비나의 힘을 버티지 못하면 육체가 붕괴하는 무서운 물건이죠.{nl}마족들은 크루비나를 식물에 사용해서 식물을 무기로 인간을 몰살시키려 하고 있습니다.{nl}	여신 라다
QUEST_UNUSED_20151102_002684	Todo eso fue posible gracias a Kruvina.{nl}Pero sus planes no terminaron ahí.{nl}	이 모든 것은 크루비나가 있기에 가능했던 일이었어요.{nl}하지만 그들의 계획은 아직 끝난 것이 아닙니다.{nl}	QUEST_UNUSED_20151022_001288	The reason why the water in the forest turned red and the trees and the fruits grew gigantic is all due to the Kruvina.{nl}The demons that were satisfied with the results wanted to create a stronger Kruvina,{nl}and eventually kidnapped me and use my vitalities to create the Kruvina.{nl}	이 숲의 물이 붉게 물들고 나무와 과일이 거대 성장을 한 것도 인간의 생명력을 제물로한 크루비나 때문이에요.{nl}결과가 만족스러웠던 마족들은 더 강력한 크루비나를 만들기를 원했고,{nl}결국 저를 납치해서 여신의 생명력을 제물로 크루비나를 만들려고 하고 있습니다.{nl}	여신 라다
QUEST_UNUSED_20151102_002685	Después de que el experimento dio buenos resultados, los demonios quisieron crear una Kruvina que fuera aún más poderosa.{nl}	실험 결과가 만족스러웠던 마족들은 더 강력한 크루비나를 만들길 원했으니까요.{nl}	QUEST_UNUSED_20151022_001289	Savor... The Kruvina should not exist in this world.{nl}Only you can destroy the Kruvina and stop the conspiracy of the demons...{nl}Now is your chance since Zaura received critical damage and ran away!	구원자여.. 크루비나는 세상에 존재해서는 안될 물건이에요..{nl}당신만이 크루비나를 파괴하고 마족의 음모를 막을 수 있습니다..{nl}자우라가 치명상을 입고 도망간 지금이 기회입니다!	여신 라다
QUEST_UNUSED_20151102_002686	Su plan no era utilizar vidas humanas...{nl}Pero la mía. La fuerza vital de una diosa.{nl}	인간의 생명이 아닌.. {nl}바로 저. 여신의 생명으로요.{nl}				여신 라다
QUEST_UNUSED_20151102_002687	No puede haber un arma como la Kruvina en nuestro mundo. {nl}Solo tú puedes destruir la Kruvina y detener los planes de los demonios. {nl}	크루비나는 세상에 절대 존재해서는 안 될 물건이에요.{nl}그대만이 크루비나를 파괴하고 마족의 음모를 막을 수 있어요.{nl}				여신 라다
QUEST_UNUSED_20151102_002688	El Señor Demonio Zaura está gravemente herido; ¡ahora es tu oportunidad!	마군주 자우라가 치명상을 입은 지금이 기회입니다!				여신 라다
QUEST_UNUSED_20151102_002689	La Kruvina puede estar inacabada...{nl}Pero el hecho de que use mi fuerza vital significa que no puede ser destruida por poderes humanos.{nl}	크루비나는 아직 완성되지 않았지만..{nl}저의 생명력으로 만들어지고 있기에 인간의 힘 만으론 파괴할 수 없어요.{nl}	QUEST_UNUSED_20151022_001290	Kruvina hasn't been completed, but since it is being created with the vitalities of the goddess{nl}it wouldn't be possible to break it with human force.{nl}	크루비나는 아직 완성되지않았지만 여신의 생명력으로 만들어졌기 때문에{nl}인간의 힘만으로는 파괴할 수 없을 겁니다.{nl}	여신 라다
QUEST_UNUSED_20151102_002690	Solo hay una manera...{nl}Necesito transmitir mi poder al orbe que Laima te dio...{nl}	방법은 오직 하나..{nl}라이마가 그대에게 맡긴 보주에 미약하게나마 제 힘을 보태는 것 뿐..{nl}	QUEST_UNUSED_20151022_001291	But, you are the Revelator...{nl}The power of Laima you possess coupled with my power would be able to destroy the Kruvina.{nl}But, all binding devices and the Kruvina creating devices are suppresing my power that is remaining in me.{nl}Please destroy the binding devices and the Kruvina creating devices. When my power comes back, I will share it to you.	하지만 당신은 구원자..{nl}당신에게서 느껴지는 라이마의 힘에 미약하게나마 제 힘을 보태면 크루비나를 파괴할 수 있을 거에요.{nl}하지만 제 남은 힘은 모두 구속 장치와 크루비나 생성 장치들이 억누르고 있는 상태입니다.{nl}구속 장치와 크루비나 생성 장치를 파괴해주세요. 힘이 돌아오면 당신에게 힘을 나눠드리겠습니다.	여신 라다
QUEST_UNUSED_20151102_002691	Ay, la mayor parte de mi poder me fue robado durante Medzio Diena, y lo que quedó de él está con el dispositivo Kruvina.{nl}Si tan solo ese poder pudiera liberarse... podría usarlo para ayudarte.	하지만 신수의 날에 거의 모든 힘을 빼앗긴데다가, 남은 힘마저도 크루비나 생성 장치에 묶여 있어요.{nl}그 힘만이라도 해방될 수 있다면.. 그대에게 힘을 보태드릴 수 있습니다.				여신 라다
QUEST_UNUSED_20151102_002692	Lo hiciste bien.{nl}Con la producción detenida, Kruvina no se puede completar.	잘 해주셨습니다. {nl}이제 크루비나는 불완전한 상태로 생성을 멈출거예요.	QUEST_UNUSED_20151022_001292	Well done. Kruvina's growth will stop in incompleted status.	잘 해주셨습니다. 크루비나는 불완전한 상태로 생성이 멈출거에요.	여신 라다
QUEST_UNUSED_20151102_002693	Sin embargo, incluso una Kruvina inacabada es demasiado peligrosa para este mundo... {nl}Debe ser destruida antes de que los demonios hagan uso de ella.{nl}	하지만 불완전한 크루비나라도 이 세상에 있어선 안 될 존재..{nl}마족이 악용하기 전에 빨리 파괴해야해요.{nl}	QUEST_UNUSED_20151022_001293	Although it is incomplete, I can't just leave the Kruvina since it is dangerous.{nl}Before the demons misuse the Kruvina, we should destroy it.{nl}	불완전한 상태라고는 하지만 크루비나는 위험하기 때문에 그냥 내버려둘 수는 없습니다.{nl}마족이 크루비나를 악용하기 전에 파괴해야만 해요.{nl}	여신 라다
QUEST_UNUSED_20151102_002694	El poco poder que haya recuperado, te lo confiaré.{nl}Tienes una oportunidad... Por favor, destruye la Kruvina.	제 힘이 미약하게나마 돌아왔으니 그대에게 힘을 나눠드리겠습니다.{nl}기회는 단 한번.. 부디 크루비나를 파괴해 주세요.	QUEST_UNUSED_20151022_001294	Now that my power is back which was suppressed by the Kruvina creation device, I will share my power with you.{nl}Put my power into the orb of Laima and destroy the Kruvina in the name of the savior.	크루비나 생성 장치에 억눌려있던 제 힘이 돌아왔으니 당신에게 제 힘을 나눠드리겠습니다.{nl}라이마의 보주에 제 힘을 보태서 구원자의 이름으로 크루비나를 파괴해주세요.	여신 라다
QUEST_UNUSED_20151102_002695	Antes de transformarte en hurón, debes estudiar su comportamiento. {nl} Sabrán que algo pasa si actúas de manera extraña. {nl}	일단 페릿으로 변신하기 전에 페릿들의 행동을 잘 관찰해야해.{nl}어색하게 행동하면 페릿들에게 들킬 게 뻔하거든.{nl}				드루이드 베네스
QUEST_UNUSED_20151102_002696	Te voy a dar un pergamino vacío para que puedas tomar notas sobre los hurones.{nl}Después de eso podrás transformarte.	내가 빈 주문서를 줄 테니까 페릿의 행동을 관찰하고나서 여기에 적어줘.{nl}변신은 그 뒤에나 가능할 것 같아.				드루이드 베네스
QUEST_UNUSED_20151102_002697	Demon Lord Zaura nunca tolerará esto. {nl} Que seas bendecido en el nombre de las diosas.	마군주 자우라가 가만히 구경만 하고 있진 않을 거예요.{nl}여신의 이름으로 그대의 가호를 빌겠습니다.	QUEST_LV_0100_20151016_009893	Demon Lord Zaura will not stand idly by while you are destroying it...{nl}Please, take care of yourself...	마군주 자우라가 가만히 구경만 하고 있진 않을 거에요..{nl}부디 몸 조심 하세요..	여신 라다
QUEST_UNUSED_20151102_002698	La Kruvina... está en manos de los demonios.{nl}Me alegra que, salvador, hayas podido regresar sano y salvo.{nl}	크루비나는.. 결국 마족이 가져갔군요.{nl}구원자님께서 무사히 돌아오신 것 만으로도 정말 다행이예요.{nl}	QUEST_UNUSED_20151022_001295	A black demon called the Beholder took the unfinished Kruvina and disappeared...{nl}It's okay... Savior... It's not your fault..{nl}If you hadn't stopped the demons, they would have finished the Kruvina using the power of the goddesses.{nl}	주시자라고 불린 검은 마족이 중간에 끼어들어서 불완전한 크루비나를 가지고 사라졌군요..{nl}괜찮습니다.. 구원자여.. 당신의 탓이 아닙니다.{nl}당신이 마족들의 계획을 막아주지 않았다면 그들은 완전한 여신의 힘으로 크루비나를 만들었겠죠.{nl}	여신 라다
QUEST_UNUSED_20151102_002699	No te culpes.{nl}Esto no es tu culpa.	너무 자책하지 마세요. {nl}이건 그대의 탓이 아닙니다.{nl}	QUEST_UNUSED_20151022_001296	You've done a big job.{nl}I am sure Laima who is my sister foresaw the Beholder.	크루비나의 완성을 막은 것만으로도 큰 일을 해주신 겁니다.{nl}그리고 아마 제 자매인 라이마는 주시자의 개입 조차도 내다봤을 겁니다.	여신 라다
QUEST_UNUSED_20151102_002700	Si no hubieras detenido los planes de los demonios, habrían completado la Kruvina.{nl}Creo que Laima también será consciente de esto.{nl}	만약 마족의 계획을 막지 못했다면, 그들은 완전한 크루비나를 만들었겠지요.{nl}아마 라이마도 충분히 알고 있었을 것입니다.{nl}				여신 라다
QUEST_UNUSED_20151102_002701	Esa hazaña por sí sola fue inmensamente importante para nosotros.{nl}Nadie puede culparte...	그걸 막은 것 만으로도 큰 일을 해 주신 거예요.{nl}그 누구도 그대를 탓하지 않습니다..				여신 라다
QUEST_UNUSED_20151102_002702	Laima...{nl}Qué desesperante debe haber sido para ella saber que no podía cambiar lo que sucedería.{nl}	라이마는.. {nl}이 모든 것을 알고도 어떻게 할 수 없는 자신이 괴로웠을 거예요.{nl}	QUEST_UNUSED_20151022_001297	Thank you for saving me. Savior.{nl}As a result, we were able to block the plans of the demons.{nl}Now, I am going to cooperate with the villagers to stabilize the forest.{nl}	구해주셔서 감사합니다. 구원자여.{nl}덕분에 마족의 계획도 막을 수가 있었습니다.{nl}저는 이제 마을 주민들과 힘을 합쳐 이 숲을 안정화시키려고 합니다.{nl}	여신 라다
QUEST_UNUSED_20151102_002703	Me imagino que por eso se encargó de sí misma y se alejó.{nl}Para encontrar una solución a esta calamidad... no tuvo más remedio que caminar un camino solitario.{nl}	그래서 혼자서 모든 것을 지고 방랑의 길에 오른 것이겠지요.{nl}이 재앙을 멈출 수 있는 방법을 찾아서.. 외롭고 고통스러운 방랑을요.{nl}	QUEST_UNUSED_20151022_001298	Before Laima started drifting, she requested me something.{nl}When the savior appears and resolves all the disasters in the village,{nl}she wants me to take the savior to the hands of the Laima statue.{nl}Take the orb of the goddess which Laima has prepared and go to the hands of Laima at Zeraha.	그러고 보니 라이마가 방랑을 시작하기 전에 저에게 부탁한 일이 있습니다.{nl}구원자가 나타나 마을에 드리운 재앙을 모두 해결하고 나면{nl}구원자를 제라하의 라이마 여신상 손 끝으로 인도해달라고 했습니다.{nl}라이마가 준비한 여신의 보주를 챙겨서 제라하의 라이마 여신상 손 끝으로 가보세요.	여신 라다
QUEST_UNUSED_20151102_002704	¡Oh...!{nl}Acabo de escuchar la voz de Laima.{nl}Ella te estaba llamando...{nl}	아..!{nl}방금 라이마의 목소리를 들었어요.{nl}당신을 애타게 부르는듯한..{nl}				여신 라다
QUEST_UNUSED_20151102_002705	Creo que es la estatua de Laima en Zeraha.{nl}Deberías ir allí.	제라하에 있는 라이마의 여신상인 것 같아요.{nl}어서 가 보세요.				여신 라다
QUEST_UNUSED_20151102_002706	Su voz te llamaba con anhelo. {nl}Date prisa y ve a la estatua de la Diosa Laima en Zeraha.	마치 당신을 애타게 부르고 있는 듯한 목소리였어요.{nl}어서 제라하의 라이마 여신상으로 가 보세요.	QUEST_LV_0100_20151016_009897	I worry about my other sisters...	다른 자매들은 괜찮을지가 걱정입니다..	여신 라다
QUEST_UNUSED_20151102_002707	Laima...{nl}	라이마..{nl}				마신 길티네
QUEST_UNUSED_20151102_002708	Ella me dio una sonrisa triste y se alejó. {nl} Sabía lo que pasaría... Y, sin embargo, tomó una decisión difícil... {nl}	라이마는 제게 슬픈 미소만을 남기곤, 방랑을 떠났어요.{nl}이렇게 될 것을 알면서.. 알았으면서 왜 그렇게 힘든 길을 택했는지..{nl}				여신 라다
QUEST_UNUSED_20151102_002709	Al verte ahora, puedo intentar entender el motivo de su elección.{nl}El significado de un salvador... lo que vio al final de esta catástrofe.{nl}	하지만 그대를 보니 그녀가 왜 이런 위험한 선택을 했는지 조금이나마 알 것 같아요.{nl}구원자의 의미를.. 이 재앙의 끝에서 그녀가 무엇을 봤는지를요.{nl}				여신 라다
QUEST_UNUSED_20151102_002710	Dijiste que Laima te pidió que encontraras las revelaciones.{nl}El más cercano a aquí estará en Fedimian.{nl}	라이마가 계시를 찾아달라고 말했다 하셨지요.{nl}여기서 가장 가까운 계시는 페디미안에서 찾을 수 있을 거예요.{nl}				여신 라다
QUEST_UNUSED_20151102_002711	Entiendo el peso de esta tarea, pero debemos actuar ahora.{nl}Tienes que ser tú... Nadie más que tú puede salvar a Laima.{nl}	신성한 임무가 그대를 짓누르더라도 결코 지지 말아야 해요.{nl}당신이 아니면.. 아무도 이 세계와 라이마를 구할 수 없어요.{nl}				여신 라다
QUEST_UNUSED_20151102_002712	Te pasaré el poder del orbe de Laima.{nl}Deja que te guíe hacia la revelación que ella ha ocultado.{nl}	마지막으로 라이마의 보주에 깃든 힘을 당신에게 전해드릴게요.{nl}그녀가 숨겨 둔 계시를 찾는 데 커다란 보탬이 될 거예요.{nl}				여신 라다
QUEST_UNUSED_20151102_002713	Por favor, salva a Laima...{nl}Rescátala de las manos de Giltine...	부디 라이마를.. {nl}길티네의 손에서 그녀를 구해 주세요..				여신 라다
QUEST_UNUSED_20151102_002714	¡Fuiste traído aquí por el destino! {nl} Gracias, gracias por rescatar a la Diosa Lada. {nl}	전승이 당신을 여기까지 이끌어 주셨군요!{nl}라다 여신을 구해주셔서 정말 감사했습니다.{nl}	QUEST_LV_0100_20151016_009900	The legend was true!{nl}You actually manage to defeat the demon and save Goddess Lada. {nl}You truly are what Goddess Laima told us about. Thank you!{nl}	결국 마족을 물리치고 라다 여신을 구해주셨군요!{nl}라이마 여신께서 남기신 전승이 맞았습니다. 감사합니다!{nl}	마을 사제
QUEST_UNUSED_20151102_002715	Algún día voy a reconstruir un templo para la Diosa Lada y la Diosa Laima, cuando regresen.{nl}	전 언젠가 돌아오실 라이마 여신과 라다 여신을 위해 신전을 재건하려고 합니다.{nl}	QUEST_UNUSED_20151022_001301	The shrine for the goddesses was built here originally, but the demons broke the shrines.{nl}I am trying to restore the shrine with the villagers for Lada and Laima who will come back one day.{nl}But, many demons are still roaming around.{nl}We should kick the demons out in order to restore the shrine.{nl}	이 곳에는 원래 여신을 위한 신전이 세워져 있었지만 마족들이 신전을 무너뜨려버렸습니다.{nl}저는 라다 여신과 언젠가 돌아올 라이마 여신을 위해 마을 사람들과 함께 신전을 재건하려고 합니다.{nl}하지만 아직도 남은 마족들이 이 곳을 돌아다니고 있습니다.{nl}신전을 재건하기 전에 남은 마족들을 몰아내야 합니다.{nl}	마을 사제
QUEST_UNUSED_20151102_002716	Pero los demonios no se rendirán.{nl}Y la condición de Lada en sí sigue siendo inestable.{nl}	하지만 마족들의 기세는 아직도 여전하지요.{nl}라다 여신께서도 보전하시기 어려운 상태이고요.{nl}	QUEST_LV_0100_20151016_009902	So, here's what I want to ask you to do. Help us mop up the demon remnants.{nl}With your help, we could drive them off much quickly.	이 곳에 남은 마족들을 몰아내려고 하는데 힘을 보태주실 수 있을까요?{nl}도와주신다면 좀 더 빨리 마족들을 몰아낼 수 있을 것 같습니다.	마을 사제
QUEST_UNUSED_20151102_002717	Nos gustaría ahuyentar a los demonios que quedan por aquí, ¿nos ayudarías?{nl}	이 곳에 남은 마족들을 몰아내려고 하는데 힘을 보태주실 수 있을까요?{nl}				마을 사제
QUEST_UNUSED_20151102_002718	La Diosa Lada todavía no se siente bien. {nl} Ahora la cuidaremos.	라다 여신께선 아직 많이 힘들어하세요.{nl}이젠 저희가 지켜드려야지요.	QUEST_UNUSED_20151022_001302	I don't know why demons are still remaining here after seeing the Demon Lord expelled.	마군주도 몰아냈는데 여기 남은 마족들은 뭘 건지겠다고 남은 걸까요?	마을 사제
QUEST_UNUSED_20151102_002719	Gracias.{nl}Ahora hay muchos menos demonios.	감사합니다. {nl}덕분에 마족들이 눈에 띄게 줄어들었네요.	QUEST_LV_0100_20151016_009904	Thank you. The number of demons has significantly decreased!	감사합니다. 덕분에 마족들이 눈에 띄게 줄어들었네요.	마을 사제
QUEST_UNUSED_20151102_002720	Ahora necesitamos purificar la tierra contaminada por la energía maligna.{nl}Pero no sé cómo.{nl}	이제 사악한 기운으로 오염된 대지를 정화해야 해요.{nl}하지만 방법을 도저히 모르겠어요.{nl}	QUEST_LV_0100_20151016_009905	We must find a way to purify the corrupted land. But I do not know how.{nl}Even Dievdirbys Widas could not come up with any plan for purifying the land.{nl}	이제 마족들이 사악한 기운으로 물들인 대지를 정화해야합니다. 하지만 방법을 도저히 모르겠어요.{nl}딥디르비 위다스 씨도 당장은 대지를 정화할 방법을 찾지 못한 것 같습니다.{nl}	마을 사제
QUEST_UNUSED_20151102_002721	Esto ni siquiera fue obra de demonios, sino de un humano...{nl}Widas parece que tampoco puede encontrar una solución de inmediato.{nl}	이건 마족의 짓이 아니라 놀랍게도 사람이 저지른 것이라서..{nl}딥디르비인 위다스씨도 당장은 정화할 방법을 찾지 못하신 것 같고요.{nl}	QUEST_UNUSED_20151022_001303	There is a huge city called Fedimian which is not that far away from this forest.{nl}Among the masters in Fedimian, there may be someone who knows how to purify the land.{nl}I have to look for him, but I can't leave now since I am too busy..{nl}Can you go get an advice from the master who knows how to purify the land on behalf of me?	이 숲에서 멀지 않은 곳에 페디미안이라는 대도시가 있어요.{nl}혹시 페디미안에 계신 마스터님들 중에 대지를 정화할 방법을 알고 계신 분이 계시지 않을까요?{nl}제가 찾아봐야하지만 이 곳의 일손이 부족해서 자리를 비우기 힘든 상황이네요..{nl}괜찮으시면 페디미안에서 대지를 정화할 방법을 아는 마스터님께 조언을 구해주실 수 있을까요?	마을 사제
QUEST_UNUSED_20151102_002722	No muy lejos de aquí hay una gran ciudad llamada Fedimian.{nl}Me pregunto si habrá algún maestro allí al que se le pueda ocurrir algo.{nl}	이 숲에서 멀지 않은 곳에 페디미안이라는 대도시가 있어요.{nl}혹시 페디미안에 계신 마스터님 중에 이런 경우에 해박한 분이 있지 않을까요?{nl}				마을 사제
QUEST_UNUSED_20151102_002723	Por supuesto que iría allí yo mismo, pero...{nl}Estamos cortos de personal como estamos aquí, no creo que sería correcto que me fuera.{nl}	물론 제가 직접 찾아 뵈는 것이 예의이지만.. {nl}이 곳의 일손이 부족해서 자리를 비우기가 힘든 상황이라서요.{nl}				마을 사제
QUEST_UNUSED_20151102_002724	Si puedes, me gustaría que fueras a ver a Fedimian y les pidieras consejo a los maestros de allí.	괜찮으시다면 페디미안에서 조언을 주실 마스터님을 찾아 주셨으면 합니다.				마을 사제
QUEST_UNUSED_20151102_002725	Entonces la tierra no fue contaminada por demonios, sino por un humano...{nl}Con el mundo tal como es, ¿quién hubiera pensado...?{nl}	마족이 아니라 사람이 오염시킨 대지라고요.{nl}저런.. 세상이 이리도 어지러우니 헛된 꿈을 꾸는 이들이 생겨나는군요.{nl}	QUEST_UNUSED_20151022_001305	Ahah... I know how to purify land.{nl}I can't leave now, so I will write down the magic circle of the purification on the scroll.	아아.. 대지를 정화하는 방법이라면 제가 알고 있어요.{nl}저도 자리를 비울 상황은 못되서 정화의 마법진을 주문서에 써드릴게요.	드루이드 마스터
QUEST_UNUSED_20151102_002726	Tengo una solución. Voy a escribirte un pergamino de purificación.{nl}Eso debería ser suficiente para resolver el problema.	일단 제가 방법은 알고 있으니 정화의 마법진을 주문서에 써 드리지요.{nl}이것이라면 충분히 해결될 겁니다.				드루이드 마스터
QUEST_UNUSED_20151102_002727	¡Uno de los maestros de Fedimian debería poder ayudarnos! {nl}Eso espero...	페디미안에 있는 마스터님들이라면 분명 해박한 분이 계실 거에요!{nl}계셔야 하는데..	QUEST_UNUSED_20151022_001306	Among the masters in Fedimian, there must be someone who knows how to purify the land!{nl}There must be someone...	페디미안에 있는 마스터님들이라면 분명 대지를 정화하는 방법을 아시는 분이 계실거에요!{nl}계셔야 하는데..	마을 사제
QUEST_UNUSED_20151102_002728	Ya has vuelto.{nl}¿Encontraste un maestro que nos ayude?{nl}	금방 다녀오셨네요.{nl}저.. 아시는 분이 계시던가요?{nl}	QUEST_UNUSED_20151022_001307	You've come back soon. Have you found the method?{nl}	금방 다녀오셨군요. 방법은 알아오셨습니까?{nl}	마을 사제
QUEST_UNUSED_20151102_002729	¿La Maestra Druida escribió este pergamino ella misma? {nl}Eso es incluso mejor de lo que esperaba. ¡Gracias!	드루이드 마스터님께서 직접 주문서를 써 주셨다고요?{nl}이거 기대 이상의 수확인데요. 정말 감사합니다!	QUEST_UNUSED_20151022_001308	The Druid Master wrote you the scroll himself?{nl}That means what's drawn on that scroll is the magic circle of the purification!{nl}This is more than I expected. Thank you!	드루이드 마스터님께서 직접 주문서를 써주셨다구요?{nl}그러니까 그 주문서에 그려진 게 정화의 마법진이라는 소리군요!{nl}이거 기대 이상의 수확인데요? 감사합니다!	마을 사제
QUEST_UNUSED_20151102_002730	Encontré la fuente de la contaminación.{nl}Los demonios montaron otro tótem.{nl}	일단 오염의 근원은 제가 찾아 놓았어요.{nl}마족들이 그새 또 토템을 세워놨더라고요.{nl}	QUEST_UNUSED_20151022_001309	Now, with the scroll of the purification that we've obtained, we now have to purify the land.{nl}It seems that the demon totems that are standing across the land are causing the pollution.{nl}But, due to the demons that are protecting demon totems, we can't go near..{nl}	이제 구해온 정화의 주문서로 대지를 정화하는 일만 남았군요.{nl}살펴보니 아무래도 곳곳에 세워진 마족 토템을 근원으로 대지가 물들고 있는 것 같습니다.{nl}그런데 마족 토템을 지키는 마족들 때문에 도저히 가까이 갈 엄두가 안나더라구요..{nl}	마을 사제
QUEST_UNUSED_20151102_002731	Este pergamino de purificación debería bastar, pero...{nl}Con los demonios protegiéndolo, no puedo acercarme lo suficiente al tótem.{nl}	이 정화의 주문서라면 문제 없겠지만..{nl}토템을 지키는 마족들 때문에 도저히 가까이 갈 엄두가 안나요.{nl}	QUEST_LV_0100_20151016_009912	Could I ask you to destroy the totems and use the Purification Scroll on the corrupted spot?	마족 토템을 파괴하고 그 자리를 정화의 주문서로 정화해주실 수 있을까요?	마을 사제
QUEST_UNUSED_20151102_002732	No puedo entender por qué alguien se pondría del lado de los demonios... tan poderosa es su energía maligna, que ni siquiera los hurones pueden manejarla?	마족 토템을 파괴하고 정화의 주문서로 정화해 주실 수 있을까요?				마을 사제
QUEST_UNUSED_20151102_002733	No puedo entender por qué alguien se pondría del lado de los demonios...{nl}¿Qué tan poderosa es su energía maligna, que ni siquiera los hurones pueden manejarla?	도대체 마족 편에 섰다는 사람들은 무슨 생각으로..{nl}사악한 기운이 얼마나 지독하면 페릿까지도 정신을 못 차리는 걸까요?	QUEST_LV_0100_20151016_009913	I wonder how strong the evil energy is... seeing even the ferrets have been affected by it.	사악한 기운이 얼마나 지독하면 대지도 물들이고 페릿들도 정신을 못 차리는 걸까요?	마을 사제
QUEST_UNUSED_20151102_002734	Revelador, tu ayuda nos ha dado nueva esperanza. {nl}No podríamos haber resuelto esto sin ti...{nl}	계시자님의 도움이 큰 힘이 되었습니다.{nl}마을 사람들만으론 엄청 오래 걸렸을 거예요..{nl}	QUEST_UNUSED_20151022_001310	Thank you so much for resolving matters that were difficult for the villagers!{nl}Your strong power helped us a lot.{nl}When the shrine for the goddesses gets built here in the future, please stop by!	마을 사람들이 하기 어려운 일을 해결해주셔서 감사합니다!{nl}계시자님의 강한 힘이 큰 도움이 됐습니다.{nl}언젠가 이 곳에 여신을 위한 신전이 세워지면 계시자님도 한번 들리세요!	마을 사제
QUEST_UNUSED_20151102_002735	Una vez que el nuevo templo esté terminado, ¡no dudes en volver a visitarnos, Revelador!	언젠가 이 곳에 여신을 위한 신전이 세워지면 계시자님도 한번 들려 주세요!				마을 사제
QUEST_UNUSED_20151102_002736	Nuestra gente se siente segura ahora que todo ha llegado a su fin...{nl}Realmente eres nuestro salvador. ¡Gracias, gracias!{nl}	우리 마을은 이제 다 끝났다고 생각했는데..{nl}자네는 우리 마을의 은일일세. 정말 고맙네, 고마워!{nl}	QUEST_LV_0100_20151016_009915	We were just about to lose all hope for our town...{nl}You truly are a savior... I cannot thank you enough!{nl}	우리 마을은 이제 다 끝났다고 생각했는데..{nl}자네는 우리 마을의 은인일세.. 고맙네.. 정말 고마워!{nl}	마을 대사제
QUEST_UNUSED_20151102_002737	Nuestra gente unirá fuerzas y construirá un templo para las diosas ahora. {nl} Por cierto, estaba buscando un lugar en el Acantilado Irbedi para construir el templo y encontré un lugar con una fuerte fuerza vital.	이제 마을 주민들과 힘을 합쳐서 여신을 위한 신전을 재건할 걸세.{nl}참. 어디에 신전을 지으면 좋을까 터를 둘러보다가 이르베디 절벽에서 생명력이 가득한 곳을 찾았지.{nl}	QUEST_UNUSED_20151022_001311	Now, I am going to work with the villagers to restore the shrine for the goddesses.{nl}I am looking for where to build the shrine and I found up there the land with full of vitalities.{nl}The demons rushed in so I couldn't look at it carefully, but the energy from the ground{nl}would help us restoring the vitalities.{nl}	이제 마을 주민들과 힘을 합쳐서 여신을 위한 신전을 재건하려고 하네.{nl}어디에 신전을 지으면 좋을까 터를 돌아보고 있는데 저 위쪽에서 생명의 기운이 가득한 땅을 찾았지.{nl}마족들이 덤벼들어서 자세히 살펴보지는 못했지만 그 땅의 기운이라면 라다 여신께서{nl}기운을 회복하는 데 큰 도움이 될 것 같네.{nl}	마을 대사제
QUEST_UNUSED_20151102_002738	No pude hacer mucho más por los demonios...{nl}Pero la energía de esa tierra, estoy seguro de que ayudará a la Diosa Lada a recuperar la suya.{nl}	마족들이 덤벼드는 통에 자세히 살펴보진 못했지만..{nl}그 땅의 기운이라면 필히 라다 여신께서 기운을 회복하는데 큰 도움이 될 게야.{nl}	QUEST_LV_0100_20151016_009917	I shall give you Earth's Flower Seed.{nl}This flower takes the energy of the soil to grow. {nl}Inside the flower, the life force gathers. When the flower with rich life force blossoms!{nl}Please, take it to Goddess Lada.	내 자네에게 대지의 꽃 씨앗을 주겠네.{nl}이 꽃은 자라난 땅의 성질을 그대로 품어서 꽃을 피운다네.{nl}생명의 기운이 가득한 땅에서 피운 꽃은 생명력을 가득 머금을테지.{nl}그럼 그 꽃을 라다 여신께 전해주게나.	마을 대사제
QUEST_UNUSED_20151102_002739	Entonces quiero preguntarte.{nl}Dicen que de esta semilla crece una flor que adquiere cualquier propiedad de la tierra donde se planta.	내 자네에게 부탁이 있네.{nl}이 씨앗은 자라난 땅의 성질을 그대로 품어서 꽃을 피운다네.{nl}				마을 대사제
QUEST_UNUSED_20151102_002740	Si la plantamos en esa tierra, la flor también tendrá la misma fuerza vital. {nl} ¿Le llevarías esa flor a la Diosa Lada?	생명력이 가득한 땅에서 피운 꽃은 생명력을 가득 머금을 게야.{nl}부디 그 꽃을 라다 여신께 전해줄 수 있겠나?				마을 대사제
QUEST_UNUSED_20151102_002741	Nunca he sentido una fuerza tan poderosa.{nl}Solo espero que esta flor pueda curar las heridas en el cuerpo y el espíritu de la Diosa Lada...	그렇게 강한 생명력은 처음이었어.{nl}라다 여신께서 이 꽃으로 상처받은 몸과 마음을 치유할 수 있길 바라네..	QUEST_LV_0100_20151016_009918	I have never felt such a great amount of life force... {nl}A temple with hot springs would be very prof...{nl}	그렇게 강한 생명력은 처음이었어.. 저 자리에 신전을 짓고 온천을 만들면.. 수입이..{nl}	마을 대사제
QUEST_UNUSED_20151102_002742	Incluso si sucedió de acuerdo con la profecía de Laima, he caído y dejado a la gente del pueblo indefensa y preocupada... {nl} Mi gratitud no puede expresarse con meras palabras...	라이마가 예지했던 재앙이라곤 해도 주민들을 지키지 못했는데..{nl}이렇게 저를 생각해 주시니 너무 감사하네요.{nl}	QUEST_LV_0100_20151016_009921	Even if it happened in accordance with Laima's prophecy, {nl}I have fallen and left the townspeople helpless and worried...{nl}My gratitude cannot be expressed through mere words... {nl}And this flower is filled with great life force...{nl}My recovery won't take long with this. Again, I deeply thank you...	라이마가 예지한 일이라고는 하더라도 주민들을 지키지도 못하고 걱정만 끼쳤는데..{nl}이렇게 저를 생각해주시니 너무 감사하네요.. 정말 생명력이 가득한 꽃이에요..{nl}덕분에 금방 기운을 차릴 수 있을 것 같아요.. 정말 감사합니다..	여신 라다
QUEST_UNUSED_20151102_002743	Y esta flor está llena de una gran fuerza vital...{nl}Mi recuperación no tardará mucho con esto. Nuevamente, gracias...{nl}	정말.. 생명력이 가득한 꽃이예요.{nl}덕분에 금방 기운을 차릴 수 있을 것 같아요.{nl}				여신 라다
QUEST_UNUSED_20151102_002744	Gracias.{nl}Que seas bendecido por todos los seres vivos de este bosque...	감사합니다.{nl}그대에게 이 숲과 모든 생명의 가호가 깃들길..				여신 라다
QUEST_UNUSED_20151102_002745	Si tan solo pudiera escapar de la Sala de Redención... podría recuperar mi energía.{nl}Por favor, date prisa...	구속구에게서 벗어날 수 있다면.. 기운을 차릴 수 있을 것 같습니다.{nl}부디 서둘러주세요..	QUEST_UNUSED_20151022_001312	Even now, Kruvina is getting completed slowly.{nl}We should hurry.	지금도 크루비나는 조금씩 완성되고 있습니다.{nl}서둘러야 해요.	여신 라다
QUEST_UNUSED_20151102_002746	El Kruvina todavía se está produciendo. {nl}Tienes que darte prisa...	지금도 크루비나가 만들어지고 있어요.{nl}어서 서둘러야 해요..	QUEST_UNUSED_20151022_001313	If we break the device that absorbs the vitalities, my vitalities would not be passed to Kruvina.	생명력 흡수 장치를 파괴하면 더 이상 제 생명력이 크루비나로 전해지지 않을 거에요.	여신 라다
QUEST_UNUSED_20151102_002747	Por favor, préstame un poco más de tu fuerza. {nl} Sólo tú puedes hacer esto.	조금만 더 힘을 내 주세요.{nl}그대만이 해낼 수 있는 일입니다.	QUEST_UNUSED_20151022_001314	Let's do it little more.{nl}Please hold on little longer. Savior.	이제 조금만 더 하면 됩니다.{nl}힘을 내세요. 구원자여.	여신 라다
QUEST_UNUSED_20151102_002748	Un humano se puso del lado de los demonios...{nl}Con el mundo tal como es, ¿quién hubiera pensado...?	마족의 편에 선 인간..{nl}세상이 이리도 어지러우니 헛된 꿈을 꾸는 이들이 생겨나는군요.	QUEST_UNUSED_20151022_001315	Please purify the land which the demons polluted.	마족이 더럽힌 대지를 꼭 정화해주세요.	드루이드 마스터
QUEST_UNUSED_20151102_002749	Yo... siento que mi conciencia se desvanece... {nl}Date prisa y destruye los tres dispositivos... antes de que se complete la Kruvina.{nl}	점점.. 정신이 아득해져가요..{nl}어서 크루비나가 완성되기 전에.. 세 개의 장치를 파괴해 주셔야 해요.{nl}	QUEST_UNUSED_20151022_001316	The binding device is suppressing all my remaining power and binding me.{nl}The binding device is not that strong so you would be able to destroy it with your power.	구속 장치가 미약하게나마 남아있는 제 힘을 모두 억눌러 저를 구속하고 있습니다.{nl}구속 장치 자체는 강한 장치가 아니기 때문에 당신의 힘으로도 충분히 파괴할 수 있을 거에요.	여신 라다
QUEST_UNUSED_20151102_002750	Afortunadamente, debería decir... esos dispositivos fueron hechos por un humano... {nl}Tus habilidades deberían ser suficientes para destruirlos.{nl}	다행이라고 해야 할지.. 그 장치들은 인간이 만든 것이기에..{nl}그대의 힘으로도 쉽게 파괴할 수 있을 거예요.{nl}				여신 라다
QUEST_UNUSED_20151102_002751	La Sala de Redención primero...{nl}Por favor, antes de que pierda el sentido...	먼저 구속구를..{nl}제가 정신을 잃기 전에 부탁드리겠습니다..				여신 라다
QUEST_UNUSED_20151102_002752	Tú... destruiste la Sala de Redención. {nl}Estoy bien. Sólo estoy un poco mareado.	구속구를.. 파괴하셨군요.{nl}저는 괜찮습니다. 조금 어지러울 뿐이예요.	QUEST_UNUSED_20151022_001317	You've done well.{nl}The power that was locked inside the binding device has come back a bit.{nl}Now, we should break the absorbing device.	잘해주셨습니다.{nl}구속 장치에 갇혀있던 힘이 조금이나마 돌아왔습니다.{nl}이제 생명력 흡수 장치를 파괴해야합니다.	여신 라다
QUEST_UNUSED_20151102_002753	Ahora solo quedan el dispositivo de absorción de vitalidad y el supresor.{nl}Si destruyes el dispositivo de absorción de vitalidad, detendrás la producción de Kruvina.{nl}	이제 남은 건 생명력 흡수 장치와 제어 장치예요.{nl}그 중 생명력 흡수 장치를 파괴한다면 크루비나가 만들어지고 있는 걸 당장은 멈출 수 있어요.{nl}	QUEST_UNUSED_20151022_001318	The device is absorbing my vitalities using the magic circle.{nl}It was created to absorb only the vitalities of innocent goddess so it will stop working when it absorbs other vitalities.{nl}Especially, when the blood of the demon which is opposite from my vitality gets mixed, ii would resist a lot.	생명력 흡수 장치는 마법진으로 제 생명력을 흡수하고 있습니다.{nl}순수한 여신의 생명력만을 흡수하도록 만들어져 있기 때문에 다른 생명력이 흡수되면 작동을 멈출거에요.{nl}특히 저의 생명력과 반대되는 마족의 혈액을 섞는다면 더 강력한 반발력이 생길 겁니다.	여신 라다
QUEST_UNUSED_20151102_002754	El dispositivo fue hecho para absorber sólo la vitalidad de las diosas...{nl}Si absorbe la de otro ser, se apagará.{nl}	그 장치는 순수한 여신의 생명력만을 흡수하도록 만들어져 있기에..{nl}다른 생명력이 흡수되면 작동을 멈출 겁니다.{nl}				여신 라다
QUEST_UNUSED_20151102_002755	La sangre de demonio, especialmente, es opuesta a mi naturaleza y provocará una reacción cada vez más fuerte en el dispositivo.	특히 저의 성질과 반대되는 마족의 혈액을 섞는다면 더 강력한 반발력이 생길 거예요.				여신 라다
QUEST_UNUSED_20151102_002756	Realmente eres el elegido de Laima...{nl}Siento que estoy recuperando un poco mi energía ahora.	역시 라이마가 선택하신 분..{nl}조금씩 제 생명력이 돌아오는 것이 느껴지고 있어요.{nl}	QUEST_UNUSED_20151022_001319	You are truly the savior prepared by Laima.{nl}We now only have Kruvina controlling device left.{nl}	역시 라이마가 준비한 구원자답습니다.{nl}이제 크루비나 제어 장치만 남았습니다.{nl}	여신 라다
QUEST_UNUSED_20151102_002757	Finalmente, el supresor Kruvina.{nl}Ese es el dispositivo que recolecta mi vitalidad y se la suministra al Kruvina.{nl}	마지막으로 남은 건 크루비나 제어 장치예요.{nl}제 생명력을 모아뒀다가 크루비나로 일정량씩 보내는 장치이지요.{nl}	QUEST_UNUSED_20151022_001320	Kruvina controlling device accumulates the vitalities of the goddesses and sends some amount to Kruvina{nl}and suppresses Kruvina creation.{nl}It moves by the demonic energy of the demons so when you use the orb of the goddess{nl}the device would be overloaded and stop working.	크루비나 제어 장치는 여신의 생명력을 모아뒀다가 크루비나로 일정량씩 보내서{nl}크루비나 생성을 제어하는 장치입니다.{nl}마족의 마력으로 움직이고 있기 때문에 당신이 가지고 있는 여신의 보주를 사용하면{nl}마력 과부하를 일으켜 제어 장치가 작동을 멈출 겁니다.	여신 라다
QUEST_UNUSED_20151102_002758	Todo esto es operado únicamente por el poder mágico de los demonios. {nl}Usa el orbe de Laima para sobrecargar el dispositivo.	이것 만큼은 마족의 마력으로 작동하고 있어요.{nl}그대가 가지고 있는 라이마의 보주로 마력 과부하를 일으키세요.				여신 라다
QUEST_UNUSED_20151102_002759	Fedimian es una ciudad realmente grande.{nl}Especialmente porque está cerca de la Gran Catedral, es un destino común para los peregrinos.{nl}	페디미안은 정말 거대한 도시예요.{nl}특히 대성당과도 가까워서 순례자라면 반드시 들르는 도시이기도 하지요.{nl}	QUEST_UNUSED_20151022_001321	The great cathedral is near Fedimian so religiously, it flourished a lot.{nl}Fedimian could not avoid Medzio Diena, but the survivors grouped together and{nl}are trying to restore Fedimian.	페디미안은 근처에 대성당이 있어서 종교적으로 크게 부흥했던 대도시에요.{nl}페디미안 역시 신수의 날을 피해가진 못했지만 그 곳에 생존자들이 뭉쳐서{nl}페디미안을 복구하려는 움직임이 있다고 해요.	마을 사제
QUEST_UNUSED_20151102_002760	Fedimian también fue afectado por Medzio Diena...{nl}Pero a pesar de que el distrito comercial fue destruido, un sorprendente número de personas sobrevivió.{nl}	페디미안도 신수의 날을 피해가진 못했지만..{nl}상업지구가 대파됐음에도 불구하고 기적처럼 정말 많은 사람들이 살아남았대요.{nl}				마을 사제
QUEST_UNUSED_20151102_002761	La gente de allí piensa que fue porque Fedimian está en el área divina donde está la gran estatua de la Diosa Austeja. {nl} Ahora están trabajando arduamente para reconstruir la ciudad.	그 곳 사람들은 신성지구에 있는 거대 아우스테야 여신상 덕분이라고 생각한다죠?{nl}어쨌든 지금은 도시를 복구하는데 온 힘을 쏟고 있다네요.				마을 사제
QUEST_UNUSED_20151102_002762	Baje en Kraijwi Crossings y debería ver a Fedimian.{nl}Muy bien, ¡espero escuchar buenas noticias suyas!	페디미안은 크라이쥐 사거리에서 아래쪽으로 내려가면 나올 거예요.{nl}그럼, 좋은 소식 기다리고 있겠습니다!				마을 사제
QUEST_UNUSED_20151102_002763	Me alegra mucho escuchar eso.{nl}Los tótems están cerca del lote baldío de Inega y en el patio trasero de Odur.	그렇게 말씀해주시니 정말 기뻐요.{nl}토템은 이네갈 공터 근처와 오두르 안뜰에 있으니 부탁드릴게요.				마을 사제
QUEST_UNUSED_20151102_002764	Anciano Eloizard	소녀는 빛과 함께 사라졌다.	QUEST_LV_0100_20151016_009923	(And she, with a flash of light, disappears.)	그리고 소녀는 빛과 함께 사라졌다.	소녀
QUEST_UNUSED_20151102_002765	Anciano Eloizard	촌장 알로이자스				
QUEST_UNUSED_20151102_002766	Debes tener mucho talento para venir hasta aquí. {nl}Soy el jefe de una aldea río abajo de este lago.	이런 곳까지 오시다니 여행자님의 실력이 뛰어나신 것 같군요.{nl}저는 이 호수 하류에있는 마을의 촌장입니다.				촌장 알로이자스
QUEST_UNUSED_20151102_002767	Vinimos aquí para tratar de descubrir por qué el lago se puso rojo. {nl} Miré a mi alrededor por un momento, pero cuando estaba a punto de regresar, los monstruos bloquearon mi camino. {nl} Si está bien, ¿me echarías una mano?	헌데 호수가 붉게 오염되서 원인을 찾기위해 올라왔습니다.{nl}이 근방을 둘러보고 마을 사람들이 모여있는 곳으로 가려던 차에 몬스터들이 길을 막고 있어서 곤란했습니다.{nl}괜찮으시다면 도와주실 수 있겠습니까?				촌장 알로이자스
QUEST_UNUSED_20151102_002768	Por favor.{nl}Solo necesito que elimines algunos monstruos por aquí.	잘부탁합니다.{nl}근방의 몬스터를 물리쳐주시면 고맙겠습니다!				촌장 알로이자스
QUEST_UNUSED_20151102_002769	¿Eres el viajero? a rezar a las diosas para que vuelvan a limpiar el lago.  de que el lago fuera contaminado, una vez vi gente haciendo ofrendas a un obelisco por aquí.	삼소나스				
QUEST_UNUSED_20151102_002770	¿Eres el viajero?{nl}Voy a rezar a las diosas para que vuelvan a limpiar el lago. {nl}Antes de que el lago fuera contaminado, una vez vi gente haciendo ofrendas a un obelisco por aquí.	여행자이신가요?{nl}저는 호수가 정화될 수 있도록 여신께 기도를 드리려고 합니다.{nl}호수가 오염되기전 이 곳에서 어떤 사람들이 오벨리스크 앞에 공물을 받치고 기도하는 것을 본적이 있어요.				삼소나스
QUEST_UNUSED_20151102_002771	¿Eres el viajero?{nl}Voy a rezar a las diosas para que vuelvan a limpiar el lago. {nl}Antes de que el lago fuera contaminado, una vez vi gente haciendo ofrendas a un obelisco por aquí.	저도 그렇게 하고싶은데 호수가 오염된 이후로 곡식도 먹을 수 없게되고 물고기도 모두 죽어버려서 식량이 부족합니다.{nl}그래서 인근에 서식하는 체이퍼러의 고기라도 여신께 받치고 싶은데 저를 도와주실 수 있나요?				삼소나스
QUEST_UNUSED_20151102_002772	Por favor hazme este favor.	잘부탁드립니다.				삼소나스
QUEST_UNUSED_20151102_002773	¡Lo entendiste! Gracias por su ayuda.	모아주셨군요! 도와주셔서 감사합니다.				삼소나스
QUEST_UNUSED_20151102_002774	Nikodemas	니코데마스				
QUEST_UNUSED_20151102_002775	¿No habrías visto a un joven por aquí?{nl}Dijo que iba a algún lugar pero no ha regresado desde entonces.{nl}Alguien lo vio dirigirse al embalse Absenta.{nl}Si vas en esa dirección, ¿lo buscarías?	혹시 이 근방에서 청년 한명을 보지 못하셨습니까?{nl}근방을 살펴본다며 나갔는데 한참이 지나도 돌아오지 않고있습니다.{nl}마지막으로 압셈타 수원지로 가는 길 인근에서 봤다는 주민이 있습니다.{nl}그 근방에 가시면 혹시 찾아봐주실 수 있겠습니까?				니코데마스
QUEST_UNUSED_20151102_002776	Todo estará bien, espero...	무사히 돌아와야 할텐데...				니코데마스
QUEST_UNUSED_20151102_002777	Juventud aislada	고립된 청년				
QUEST_UNUSED_20151102_002778	Gracias.{nl}I estaba siendo perseguido por ese enorme monstruo y tuve que esconderme aquí, pero no se movía, así que me quedé atrapado.{nl}Me salvaste.	감사합니다.{nl}저 거대한 몬스터에게 쫒겨서 여기에 숨게되었는데 몬스터가 움직이지 않아서 꼼짝없이 숨어있었습니다.{nl}덕분에 살았습니다.				고립된 청년
QUEST_UNUSED_20151102_002779	¿Está todo bien con él?	그에게 무슨 문제가 생긴건 아니겠지요?				니코데마스
QUEST_UNUSED_20151102_002780	escalvis	스칼비스				
QUEST_UNUSED_20151102_002781	Entonces eres el viajero que ayudó a nuestro jefe. {nl}Después de que el lago fue contaminado, hay más monstruos alrededor y tememos que lastimen a alguien.{nl}¿Quieres limpiar algunos por aquí?	촌장님을 도와주셨다는 여행자시군요{nl}호수가 오염된 후 몬스터들이 부쩍 늘어나서 마을 사람들이 다칠까 걱정입니다.{nl}혹시 근방의 몬스터의 수를 줄여주실 수 있겠습니까?				스칼비스
QUEST_UNUSED_20151102_002782	Con suerte, no tendremos problemas antes de regresar al pueblo.	마을에 돌아갈때까지 별탈이 안생겼으면 좋겠습니다.				스칼비스
QUEST_UNUSED_20151102_002783	Gracias por tu ayuda. {nl} Espero que todos podamos regresar sanos y salvos.	도와주셔서 감사합니다.{nl}별탈 없이 모두 돌아갈 수 있다면 좋겠습니다.				스칼비스
QUEST_UNUSED_20151102_002784	El lago contaminado es un gran problema.{nl}Realmente necesitamos darnos prisa y encontrar una solución...	호수가 오염되서 큰일입니다.{nl}하루 빨리 해결해야 할텐데...				촌장 알로이자스
QUEST_UNUSED_20151102_002785	Últimamente hay muchos más monstruos por ahí, esta zona ahora es peligrosa.	최근 근방에 몬스터가 부쩍 늘어서 위험해진 것 같습니다.				니코데마스
QUEST_UNUSED_20151102_002786	Subimos todos juntos pero es demasiado peligroso aquí.	다같이 올라오긴 했지만 이 곳은 너무 위험합니다.				스칼비스
QUEST_UNUSED_20151102_002787	Gracias a ustedes pude volver con mi gente.{nl}Gracias.	덕분에 무사히 마을 사람들 곁으로 돌아올 수 있어습니다.{nl}감사합니다.				고립된 청년
QUEST_UNUSED_20151102_002788	Hm...?{nl}¿Por qué tiembla el suelo?	음...?{nl}이 진동은 뭐지?				촌장 알로이자스
QUEST_UNUSED_20151102_002789	Debería irme, algo podría haberles pasado a los aldeanos. {nl}Me disculpo si estoy siendo un poco descarado, pero ¿nos ayudarías un poco más?	마을 사람들에게 무슨 일이 있을지도 모르니 서둘러 가보겠습니다.{nl}염치없지만 저희가 모여있는 곳에 오셔서 조금 더 도와주시면 감사하겠습니다.				촌장 알로이자스
QUEST_UNUSED_20151102_002790	¿Dónde?	어디냐고 묻는다	QUEST_UNUSED_20151022_001356	Go help	도와주러 간다	
QUEST_UNUSED_20151102_002791	Eso no tiene nada que ver conmigo	상관하지 않는다	QUEST_UNUSED_20151022_001357	Do not help	도와주지 않는다	
QUEST_UNUSED_20151102_002792	Te ayudaré a encontrar a tus colegas.	동료들을 찾는데 도와주겠다고 한다	QUEST_UNUSED_20151022_001358	Feed the liquid medicine	물약을 먹인다	
QUEST_UNUSED_20151102_002793	Volvamos a Rosa	로제에게 돌아가자고 한다	QUEST_UNUSED_20151022_001363	Go back to Rose	로제에게 돌아가라고 한다	
QUEST_UNUSED_20151102_002794	¿Cuáles son los síntomas?	증상이 어떤지 묻는다	QUEST_UNUSED_20151022_001369	Go meet Cleric Submaster	클레릭 서브 마스터에게 가본다	
QUEST_UNUSED_20151102_002795	Cuéntale al clérigo submaestro sobre los síntomas de Herbalist Tales.	클레릭 서브 마스터에게 약초꾼 테일스의 증상을 알려주세요				
QUEST_UNUSED_20151102_002796	Dándole la medicina a Herbalist Tales	약초꾼 테일스에게 약 먹이는 중				
QUEST_UNUSED_20151102_002797	sigue buscando	찾아보고 있으라고 한다	QUEST_LV_0100_20151016_009994	Sorry, something else came up	다른 일이 생겼다고 한다	
QUEST_UNUSED_20151102_002798	Hablaré con el residente del pueblo.	마을 주민과 대화한다				
QUEST_UNUSED_20151102_002799	deberíamos darnos prisa	서두르자고 한다				
QUEST_UNUSED_20151102_002800	Encontraré la esencia XX	XX의 정수 구하러 간다				
QUEST_UNUSED_20151102_002801	hagámoslo más tarde	조금있다가 하자고 한다				
QUEST_UNUSED_20151102_002802	te ayudaré	로제를 돕는다				
QUEST_UNUSED_20151102_002803	no puedo ayudarla	돕지 않는다				
QUEST_UNUSED_20151102_002804	Comprobaré si tengo una poción de recuperación.	회복 물약을 있는지 찾아본다				
QUEST_UNUSED_20151102_002805	te daré uno más tarde	나중에 준다.				
QUEST_UNUSED_20151102_002806	Derrotaré a los demonios por aquí.	주변에 있는 마족을 처치한다				
QUEST_UNUSED_20151102_002807	Entonces debería huir	알아서 도망치라고 한다	QUEST_LV_0200_20150323_004558	I can't help with that	그것까진 도울 수 없다고 한다	
QUEST_UNUSED_20151102_002808	Encontraré sus pertenencias	유품을 찾아준다				
QUEST_UNUSED_20151102_002809	Los encuentras tu mismo	혼자 찾으라고 한다				
QUEST_UNUSED_20151102_002810	los buscaré luego	나중에 찾는다				
QUEST_UNUSED_20151102_002811	iré a la habitación	방으로 가본다				
QUEST_UNUSED_20151102_002812	Pídele ayuda a otra persona	속박장치 끄러 간다				
QUEST_UNUSED_20151102_002813	Pídele ayuda a otra persona	다른 사람에게 도움을 요청한다				
QUEST_UNUSED_20151102_002814	iré a buscar tu mochila	배낭을 찾으러 간다				
QUEST_UNUSED_20151102_002815	lo encontraré yo mismo	직접 찾으라고 한다				
QUEST_UNUSED_20151102_002816	Me dirigiré al sitio del experimento.	실험장소로 향한다				
QUEST_UNUSED_20151102_002817	iré más tarde	나중에 가겠다고 한다				
QUEST_UNUSED_20151102_002818	Recuperaré la santa reliquia	성물을 회수하러 간다				
QUEST_UNUSED_20151102_002819	Instalaré la santa reliquia	성물을 설치하러 간다	QUEST_UNUSED_20151016_000829	I will come back soon	금방 다녀오겠다고 한다	
QUEST_UNUSED_20151102_002820	Lo configuraré yo mismo	직접 설치하라고 한다				
QUEST_UNUSED_20151102_002821	Voy a tratar de	찾아본다				
QUEST_UNUSED_20151102_002822	no voy a hacer eso	찾지 않는다	QUEST_LV_0200_20150714_008175	Tell him that you need some time to think	잠시 생각할 시간을 달라고 한다	
QUEST_UNUSED_20151102_002823	voy a reunir algunos	모으러간다				
QUEST_UNUSED_20151102_002824	quitaré el cristal	수정을 제거하러간다				
QUEST_UNUSED_20151102_002825	Rescataré a Rose	로제를 구하러 간다				
QUEST_UNUSED_20151102_002826	Iré a ver al Submaestro Mago.	위자드 서브 마스터에게 가본다				
QUEST_UNUSED_20151102_002827	iré más tarde	조금 있다가 가본다				
QUEST_UNUSED_20151102_002828	Hablando de Rose y su hermano	로제 남매 이야기를 하는 중				
QUEST_UNUSED_20151102_002829	Te conseguiré la esencia del demonio.	마족의 정수를 구하러 간다				
QUEST_UNUSED_20151102_002830	Lo conseguiré más tarde	나중에 구하러 간다				
QUEST_UNUSED_20151102_002831	lo configuraré	설치하러간다				
QUEST_UNUSED_20151102_002832	Lo configuraré más tarde	나중에 설치한다				
QUEST_UNUSED_20151102_002833	Encontraré el diario del experimento.	실험 일지를 구하러 간다				
QUEST_UNUSED_20151102_002834	Deja que Edmundas lo haga	장치를 정지시키겠다고 한다				
QUEST_UNUSED_20151102_002835	Deja que Edmundas lo haga	에드문다스에게 시킨다	QUEST_LV_0200_20150323_004558	I can't help with that	그것까진 도울 수 없다고 한다	
QUEST_UNUSED_20151102_002836	Los objetivos de los demonios	마족의 목적				
QUEST_UNUSED_20151102_002837	¿Estás bien?	괜찮냐고 묻는다				
QUEST_UNUSED_20151102_002838	Tengo que irme, lo siento	갈 길 간다				
QUEST_UNUSED_20151102_002839	Encuentra al alcalde Romanas (1)	촌장 로마나스 찾아가기(1)				
QUEST_UNUSED_20151102_002840	Encuentra al alcalde Romanas (2)	촌장 로마나스 찾아가기(2)				
QUEST_UNUSED_20151102_002841	Ten cuidado	조심하라고 한다	QUEST_LV_0100_20150317_002398	Accept	수락	
QUEST_UNUSED_20151102_002842	No hay necesidad de apresurarse	급할 것 없다고 한다	QUEST_LV_0100_20150317_002379	Cancel	종료	
QUEST_UNUSED_20151102_002843	Encuentra al alcalde Romanas (3)	촌장 로마나스 찾아가기(3)				
QUEST_UNUSED_20151102_002844	Encuentra al alcalde Romanas (4)	촌장 로마나스 찾아가기(4)				
QUEST_UNUSED_20151102_002845	Esperaré	기다려 주겠다고 한다	QUEST_LV_0200_20150323_004495	I am ready	준비되었다고 한다	
QUEST_UNUSED_20151102_002846	Sigue la flecha verde para entrar en Orsha.	녹색 화살표를 이용하여 오르샤로 이동하세요				
QUEST_UNUSED_20151102_002847	¡Adora la estatua de la diosa Ausrine en la Plaza Central!	중앙 광장의 여신 아우슈리네의 상에 경배하세요!				
QUEST_UNUSED_20151102_002848	Encuentra al comerciante de accesorios	잡화상인을 찾아가세요				
QUEST_UNUSED_20151102_002849	Encuentra al comerciante de accesorios	악세서리 상인을 찾아가세요				
QUEST_UNUSED_20151102_002850	Inesa Hamondale te está buscando	영주 이네사 헤먼대일이 당신을 찾고 있습니다				
QUEST_UNUSED_20151102_002851	Hablando	이야기 중				
QUEST_UNUSED_20151102_002852	Sólo dime adónde ir	어딘지 알려만 달라고 한다	QUEST_UNUSED_20151022_001457	I am not going to reject anything	어떤 것도 마다않겠다고 한다	
QUEST_UNUSED_20151102_002853	Si es muy complicado lo paso	귀찮은 시험이라면 포기하겠다고 한다	QUEST_UNUSED_20151022_001458	I am going to give up if that's troublesome	귀찮다면 포기하겠다고 한다	
QUEST_UNUSED_20151102_002854	estan en perfecto estado	만전의 상태라고 말한다	QUEST_UNUSED_20151022_001514	Just tell me anything	시켜만 달라고 한다	
QUEST_UNUSED_20151102_002855	Su estado no parece tan bueno.	어째 상태가 좋지 않아보인다고 한다	QUEST_UNUSED_20151022_001515	I want to quit now	이제 그만두고 싶다고 한다	
QUEST_UNUSED_20151102_002856	Repararé las estatuas de la diosa.	여신상을 보수하러 가겠다고 한다	QUEST_JOBSTEP_20150317_001145	I will go and take care of the Goddess Statue	여신상을 관리하러 가겠다고 한다	
QUEST_UNUSED_20151102_002857	Detener la nueva trama	새로운 음모를 막아라				
QUEST_UNUSED_20151102_002858	Investiga los objetos imbuidos mágicamente	마법 깃든 물건 탐색				
QUEST_UNUSED_20151102_002859	Todo por un golpe mayor	보다 큰 한 방을 위해				
QUEST_UNUSED_20151102_002860	Comenzando en la zona	주변부터 처리하기				
QUEST_UNUSED_20151102_002861	Destruye el dispositivo generador de círculo mágico	마법진 발생장치 폭파하기				
QUEST_UNUSED_20151102_002862	Preparativos completos	사전 준비를 끝내고				
QUEST_UNUSED_20151102_002863	Evidencia en ruinas	멸망의 증거				
QUEST_UNUSED_20151102_002864	Para quienes los recuerdan	그들을 기억하는 사람을 위해				
QUEST_UNUSED_20151102_002865	Sea considerado con la siguiente persona	다음 사람을 위한 배려				
QUEST_UNUSED_20151102_002866	Reutilizar recursos	자원 재활용				
QUEST_UNUSED_20151102_002867	Desconfianza desafortunada	안타까운 불신				
QUEST_UNUSED_20151102_002868	Retorno rápido	급할수록 돌아가라				
QUEST_UNUSED_20151102_002869	La investigación continúa	조사는 계속된다				
QUEST_UNUSED_20151102_002870	Juicio precipitado	섣부른 판단				
QUEST_UNUSED_20151102_002871	Operación de bloqueo de dispositivos	제조장치 저지작전				
QUEST_UNUSED_20151102_002872	Primeros pasos para la defensa del campo	거점 방어를 위한 첫걸음				
QUEST_UNUSED_20151102_002873	Comer o ser comido	당하기 전에 먼저 쳐라				
QUEST_UNUSED_20151102_002874	jugando con veneno	독 나름의 활용방법				
QUEST_UNUSED_20151102_002875	Suministros de primeros auxilios	응급약 비축				
QUEST_UNUSED_20151102_002876	Operación de seguimiento de Paustas (1)	파우스타스 추적작전(1)				
QUEST_UNUSED_20151102_002877	Operación de seguimiento de Paustas (2)	파우스타스 추적작전(2)				
QUEST_UNUSED_20151102_002878	Poner la trampa	집요한 함정 배치				
QUEST_UNUSED_20151102_002879	Cambia el espíritu	영혼 바꿔치기				
QUEST_UNUSED_20151102_002880	El camino hacia él	그에게 가는 길				
QUEST_UNUSED_20151102_002881	Efectos secundarios inesperados	예기치 않은 부작용				
QUEST_UNUSED_20151102_002882	Esto es solo el comienzo	이것은 시작일 뿐이다				
QUEST_UNUSED_20151102_002883	Para que nunca se repita	다시는 그같은 일이 없도록				
QUEST_UNUSED_20151102_002884	Esquinas bien pulidas.	뒷마무리까지 깔끔하게				
QUEST_UNUSED_20151102_002885	Encontrar pistas sobre la trama	음모의 실마리를 찾아				
QUEST_UNUSED_20151102_002886	Procedimiento minucioso	빈틈없는 일처리				
QUEST_UNUSED_20151102_002887	Ahora por fin puedo descansar...	이제 편히 쉴 수 있겠어..				
QUEST_UNUSED_20151102_002888	Yo iré; ¿Cómo son las hierbas?	다녀올테니, 약초가 어떻게 생겼는지 묻는다	QUEST_LV_0100_20150729_007656	I will help	도와주겠다고 한다.	
QUEST_UNUSED_20151102_002889	quédate callado	조용히 있는다	QUEST_LV_0100_20151016_010050	Nice Seeing Ya, Bye~	갈 길 가겠다고 한다	
QUEST_UNUSED_20151102_002890	destruiré los tótems	토템을 파괴하겠다고 한다	QUEST_JOBSTEP_20150317_000913	Alright, I'll help you	도와주겠다고 한다	
QUEST_UNUSED_20151102_002891	me negaré	의심받는 건 거절하겠다고 한다	QUEST_LV_0100_20151001_009056	Do as you wish	알아서 하라고 한다	
QUEST_UNUSED_20151102_002892	Eso es demasiado	그건 너무한 것 같다고 한다	QUEST_LV_0100_20151001_009062	Do as you wish	그 정도는 알아서 하라고 한다	
QUEST_UNUSED_20151102_002893	Recuperando el agua roja	븕은 물 뜨는 중	QUEST_LV_0100_20151001_009063	Scooping up the polluted water	오염된 물을 뜨는 중	
QUEST_UNUSED_20151102_002894	iré inmediatamente	당장 쫓아가 보겠다고 한다	QUEST_JOBSTEP_20150317_000890	I'll try to find them	찾아보겠다고 한다	
QUEST_UNUSED_20151102_002895	No creo que sea necesario.	그런 건 필요 없다고 한다				
QUEST_UNUSED_20151102_002896	lo haré de inmediato	반드시 찾아오겠다고 한다	QUEST_JOBSTEP_20150317_000890	I'll try to find them	찾아보겠다고 한다	
QUEST_UNUSED_20151102_002897	Echemos un vistazo al retoño de la niña.	소녀가 가리킨 묘목을 살펴보자	QUEST_LV_0100_20151016_010056	Hmm... Let me examine the mysterious seedlings	신비한 묘목을 살펴보겠다고 한다	
QUEST_UNUSED_20151102_002898	Esperemos y veamos que pasa.	일단 가만히 지켜보자	QUEST_LV_0200_20150317_001218	Ignore	무시한다	
QUEST_UNUSED_20151102_002899	Me temo que no puedo ayudarte ahora	지금은 도울 수 없다고 한다	QUEST_LV_0100_20151001_009069	I am too lazy to do it	귀찮다고 한다	
QUEST_UNUSED_20151102_002900	Déjame organizar mis pensamientos	잠시 생각을 정리한다	QUEST_LV_0100_20151016_010069	This is looking too complicated. I'm out	복잡해질 것 같으니 끼어들지 않는다	
QUEST_UNUSED_20151102_002901	Intentaré destruirlo	파괴해 보겠다고 한다	QUEST_UNUSED_20151022_001533	I will break it	파괴해보겠다고 한다	
QUEST_UNUSED_20151102_002902	me iré de inmediato	당장 가 보겠다고 한다	QUEST_UNUSED_20151016_000825	I will go	가보겠다고 한다	
QUEST_UNUSED_20151102_002903	esperemos un rato	잠시만 기다려 보자고 한다	QUEST_JOBSTEP_20150317_001113	It's too far away	너무 멀다고 한다	
QUEST_UNUSED_20151102_002904	creo que va a ser dificil	그러긴 힘들 것 같다고 한다	QUEST_LV_0100_20151016_010079	Why don't you do it yourself?	직접 가보라고 한다	
QUEST_UNUSED_20151102_002905	Calle de sentido único	일방통행				
QUEST_UNUSED_20151102_002906	no tengo por qué ir allí	갈일이 없다고 한다				
QUEST_UNUSED_20151102_002907	Prevención de accidentes	사고 예방				
QUEST_UNUSED_20151102_002908	Entiendo	알았다고 한다				
QUEST_UNUSED_20151102_002909	El Maestro Mago se queja de que nadie interviene para resolver el problema de los monstruos a pesar del peligro constante. Ve a East Siauliai Woods y derrota al Ironbaum.	위저드 마스터는 근처에 몬스터들의 위험이 도사리는데도 아무도 나서지 않는 행태에 불만이 많은 것 같습니다. 샤울레이 동쪽 숲으로 가서 아이언바움을 처치하세요.	QUEST_JOBSTEP_20150317_002147	The Wizard Master is unsatisfied with the situtaion. No one is fighting against the monsters up front. Go to East Siauliai Woods and defeat Ironbaum.	위자드 마스터는 근처에 몬스터들의 위험이 도사리는데도 아무도 나서지 않는 행태에 불만이 많은 것 같습니다. 샤울레이 동쪽 숲으로 가서 아이언바움을 처치하세요.	
QUEST_UNUSED_20151102_002910	Configure los Nombres de Purificación en el Área del Cañón 36_1	협곡지대 36_1에 정화의 나모트 설치				
QUEST_UNUSED_20151102_002911	El Maestro Oráculo dice que la energía maligna se está volviendo más fuerte e interfiere con sus poderes. Ve al Área del Cañón 36_1, donde la energía maligna es más fuerte, y configura los Namotts of Purification.	오라클 마스터는 최근 마기가 강해져서 자신의 능력이 방해받고 있다고 합니다. 특히 마기가 강해 방해가 심한 협곡지대 36_1에 가서 정화의 나모트를 설치하세요.	QUEST_UNUSED_20151001_000683	Oracle Master told you that the demonic energy is becoming stronger lately so his abilities are being disturbed. Set Romuva of Purification on 36_1 of Canyon Region where the demonic energy is strong so there's lots of distubances.	오라클 마스터는 최근 마기가 강해져서 자신의 능력이 방해받고 있다고 합니다. 특히 마기가 강해 방해가 심한 협곡지대 36_1에 가서 정화의 로무바를 설치하세요.	
QUEST_UNUSED_20151102_002912	Has configurado todos los Namotts de Purificación. Regresa con el Maestro Oráculo.	정화의 나모트를 모두 설치했습니다. 오라클 마스터에게 돌아가세요.	QUEST_UNUSED_20151001_000685	You've set up all Romuvas of Purification. Return to the Oracle Master.	정화의 로무바를 모두 설치했습니다. 오라클 마스터에게 돌아가세요.	
QUEST_UNUSED_20151102_002913	Han comenzado a aparecer escritos en el pilar. Acércate para leerlos.	기둥에 뭔가 새겨져 있는 것이 보이기 시작했습니다. 가까이 다가가 읽어 보세요.	QUEST_UNUSED_20151022_001545	You can now see something written on the pillar. Get near it and read it.	기둥에 뭔가 새겨져 있는 것이 보이기 시작했습니다. 가까히 다가가 읽어 보세요.	
QUEST_UNUSED_20151102_002914	Recoge huevos verdes del soporte Infro	초록 인프로홀더의 알 수집				
QUEST_UNUSED_20151102_002915	Para saber dónde están las revelaciones, debes hablar con los espíritus rebeldes de la era Ruklys, lo cual no es una tarea fácil. Recoge huevos verdes de soporte de Infro para hacer una muestra de moderación.	계시가 있는 곳을 알려면 루클리스 시대의 영혼들과 대화해야 하는데 워낙 난폭해서 쉽지가 않다고 합니다. 속박의 증표를 만들기 위해 초록 인프로홀더의 알을 수집하세요.	QUEST_LV_0100_20151016_010220	The spirits from the age of Ruklys contain the knowledge of where the revelation is, but they are too violent to speak. Collect Rajatad's Egg to create the Restraint Token.	계시가 있는 곳을 알려면 루클리스 시대의 영혼들과 대화해야 하는데 워낙 난폭해서 쉽지가 않다고 합니다. 속박의 증표를 만들기 위해 라자태드의 알을 수집하세요.	
QUEST_UNUSED_20151102_002916	Has recogido los huevos verdes del portainfro. Llévalos al antiguo administrador.	초록 인프로홀더의 알을 구했습니다. 늙은 관리인에게 전해주세요.	QUEST_LV_0100_20151016_010221	You've gotten the Rajatad's Egg. Deliver it to the Old Manager.	라자태드의 알을 구했습니다. 늙은 관리인에게 전해주세요.	
QUEST_UNUSED_20151102_002917	Ayuda a restaurar la resistencia de Laswi	라쉬의 체력을 회복시키기	QUEST_UNUSED_20151022_001663	Restore the stamina of the dog	개의 체력을 회복시키기	
QUEST_UNUSED_20151102_002918	Rose quiere usar Laswi para encontrar a los comerciantes dispersos por la zona. Sin embargo, Laswi no se encuentra en buenas condiciones. Dale a Laswi una poción de recuperación de resistencia.	로제는 라쉬의 후각을 이용해 흩어진 행상인들을 찾자고 합니다. 하지만 라쉬의 체력이 좋지 않습니다. 라쉬에게 체력 회복 물약을 줘 체력을 회복시켜주세요	QUEST_UNUSED_20151022_001664	By using the dog's olfactory sense, roge wants to look for the merchants that are scattered around. But, the dog doesn't have enough stamina. Please restore the dog's stamina.	로제는 개의 후각을 이용해 흩어진 행상인들을 찾자고 합니다. 하지만 개의 체력이 좋지 않습니다. 개의 체력을 회복시켜주세요	
QUEST_UNUSED_20151102_002919	Habla con el residente de XX Village	XX 마을 주민과 대화하세요	QUEST_LV_0100_20151016_010278	Guide on the Second Step	중간 설명	
QUEST_UNUSED_20151102_002920	Habla con Rosa.	로제와 대호하세요	QUEST_LV_0100_20151016_010276	Guide on the First Step	시작 설명	
QUEST_UNUSED_20151102_002921	Destruye los dispositivos conectados al Monje.	수도사를 묶고 있는 장치 파괴하기				
QUEST_UNUSED_20151102_002922	Habla con el monje Goss	수도사 커스와 대화				
QUEST_UNUSED_20151102_002923	Habla con el monje Goss	수도사 커스와 대화하세요				
QUEST_UNUSED_20151102_002924	Obtener esencia XX	XX의 정수 구하기	QUEST_LV_0100_20151016_010277	Second Step	중간 할 일	
QUEST_UNUSED_20151102_002925	Para desactivar el círculo mágico instalado en la puerta del almacén, debes demostrar que eres un demonio.	창고문에 설치된 마법진을 풀기 위해선 마족임을 증명해야 합니다. XX의 정수가 있으면 마족을 증명할 수 있을 겁니다.	QUEST_LV_0100_20151016_010278	Guide on the Second Step	중간 설명	
QUEST_UNUSED_20151102_002926	Derrota a XX para obtener %s	XX을 처치해 %s 획득하기				
QUEST_UNUSED_20151102_002927	Habla con el monje Goss	수도사 커스와 대화하세요.	QUEST_LV_0100_20151016_010276	Guide on the First Step	시작 설명	
QUEST_UNUSED_20151102_002928	Protege a Monk Goss y Rose	수도사 커스와 로제 지키기	QUEST_LV_0100_20151016_010277	Second Step	중간 할 일	
QUEST_UNUSED_20151102_002929	Protege a Monk Guss mientras abre la puerta del almacén.	수도사 커스가 창고문을 열 때까지 수도사 커스를 보호하세요	QUEST_LV_0100_20151016_010278	Guide on the Second Step	중간 설명	
QUEST_UNUSED_20151102_002930	Ayuda a los aldeanos a escapar a un lugar seguro.	마을 주민을 안전하게 탈출시키기				
QUEST_UNUSED_20151102_002931	Habla con la víctima del experimento (1)	마을 주민을 안전하게 탈출시키세요.	QUEST_LV_0100_20151016_010278	Guide on the Second Step	중간 설명	
QUEST_UNUSED_20151102_002932	Habla con la víctima del experimento (1)	실험피해자(1)와 대화				
QUEST_UNUSED_20151102_002933	Habla con la víctima del experimento (1).	실험피해자(1)와 대화하세요				
QUEST_UNUSED_20151102_002934	Dale a la víctima del experimento una poción de recuperación.	실험피해자에게 회복 물약 전달하기	QUEST_LV_0100_20151016_010277	Second Step	중간 할 일	
QUEST_UNUSED_20151102_002935	La salud de la víctima del experimento está en malas condiciones después de los experimentos con el demonio. Ayúdalos con una poción de recuperación de resistencia.	실험피해자는 온갖 실험때문에 매우 지져보입니다. 회복 물약을 줘 체력을 회복시켜주세요.	QUEST_LV_0100_20151016_010278	Guide on the Second Step	중간 설명	
QUEST_UNUSED_20151102_002936	Derrota a los demonios cercanos	주변 마족 처치하기	QUEST_LV_0100_20151016_010277	Second Step	중간 할 일	
QUEST_UNUSED_20151102_002937	Derrota a los demonios cercanos para permitir que la víctima del experimento (1) escape del monasterio.	실험피해자(1)이 안전하게 수도원을 빠져나갈 수 있도록 주변에 있는 마족을 처치하세요	QUEST_LV_0100_20151016_010278	Guide on the Second Step	중간 설명	
QUEST_UNUSED_20151102_002938	Derrota a los demonios cercanos	주변에 있는 마족 처치하기	QUEST_JOBSTEP_20150323_002333	Defeat %s	%s 처치	
QUEST_UNUSED_20151102_002939	Habla con la víctima del experimento (2)	실험피해자(2)와 대화				
QUEST_UNUSED_20151102_002940	Habla con la víctima del experimento (2)	실험피해자(2)와 대화하세요				
QUEST_UNUSED_20151102_002941	Encuentre las pertenencias de familiares y amigos de la víctima del experimento (2)	실험피해자(2)의 지인들 유품 챙기기	QUEST_LV_0100_20151016_010277	Second Step	중간 할 일	
QUEST_UNUSED_20151102_002942	La víctima del experimento (2) quiere recuperar las pertenencias de sus familiares y amigos para su funeral. Encuentra sus pertenencias.	실험피해자(2)는 실험으로 죽은 자신의 친구들과 가족을 묻어주기 위해 유품을 찾길 원합니다. 실험피해자(2)의 지인들 유품을 찾으세요.	QUEST_LV_0100_20151016_010278	Guide on the Second Step	중간 설명	
QUEST_UNUSED_20151102_002943	encontrar Edmundas	에드문다스 찾기				
QUEST_UNUSED_20151102_002944	Encuentra a Edmundas en la zona 64_2 del monasterio.	수도원 64_2번 존에서 에드문다스를 찾으세요.	QUEST_LV_0100_20151016_010278	Guide on the Second Step	중간 설명	
QUEST_UNUSED_20151102_002945	Rescate Edmundas	에드문다스 구하기	QUEST_LV_0100_20151016_010277	Second Step	중간 할 일	
QUEST_UNUSED_20151102_002946	Encuentra y destruye los artilugios que hacen sufrir a Edmundas.	에드문다스를 고통스럽게 하는 것을 찾아 파괴하세요	QUEST_LV_0100_20151016_010278	Guide on the Second Step	중간 설명	
QUEST_UNUSED_20151102_002947	Destruye los artilugios del mago misterioso.	의문의 마법사가 소환한 소환물 파괴	QUEST_LV_0100_20151016_010277	Second Step	중간 할 일	
QUEST_UNUSED_20151102_002948	Los artilugios convocados por el mago están haciendo sufrir a Edmundas. Destrúyelos.	의문의 마법사가 소환한 소환물에 에드문다스가 고통스러워 합니다. 소환물을 파괴하세요	QUEST_LV_0100_20151016_010278	Guide on the Second Step	중간 설명	
QUEST_UNUSED_20151102_002949	Habla con Edmundas	에드문다스와 대화				
QUEST_UNUSED_20151102_002950	Habla con Edmundas	에드문다스와 대화하세요				
QUEST_UNUSED_20151102_002951	Destruye la piedra mágica del dolor	고통의 마법석 파괴하기	QUEST_JOBSTEP_20150323_002333	Defeat %s	%s 처치	
QUEST_UNUSED_20151102_002952	Destruye el dispositivo de confinamiento	속박장치 파괴하기	QUEST_LV_0100_20151016_010277	Second Step	중간 할 일	
QUEST_UNUSED_20151102_002953	Destruye el dispositivo que mantiene cautivo a Edmundas.	에드문다스를 속박하고 있는 속박장치를 파괴하세요	QUEST_LV_0100_20151016_010278	Guide on the Second Step	중간 설명	
QUEST_UNUSED_20151102_002954	Habla con la víctima del experimento	실험피해자와 대화				
QUEST_UNUSED_20151102_002955	Habla con la víctima del experimento	실험피해자와 대화하세요				
QUEST_UNUSED_20151102_002956	Encuentra la mochila de la víctima del experimento.	실험피해자의 배낭 찾기				
QUEST_UNUSED_20151102_002957	Encuentra la mochila de la víctima del experimento.	실험피해자의 배낭을 찾아주세요	QUEST_LV_0100_20151016_010278	Guide on the Second Step	중간 설명	
QUEST_UNUSED_20151102_002958	Consulta la zona de experimentación	실험 장소 확인하기	QUEST_LV_0100_20151016_010277	Second Step	중간 할 일	
QUEST_UNUSED_20151102_002959	La víctima del experimento te pidió que rescataras a los aldeanos del lugar de los experimentos. Revisa la zona de experimentación de los demonios.	실험피해자는 마족이 마을 주민을 데리고 실험을 하던 장소에서 마을 주민을 구출해달라고 합니다. 마족의 실험 장소를 확인하세요	QUEST_LV_0100_20151016_010278	Guide on the Second Step	중간 설명	
QUEST_UNUSED_20151102_002960	Habla con la víctima del experimento	실험 피해자와 대화하세요	QUEST_LV_0100_20151016_010280	Guide on the Final Step	마지막 설명	
QUEST_UNUSED_20151102_002961	Destruye el equipo experimental	실험 시설 파괴하기	QUEST_LV_0100_20151016_010277	Second Step	중간 할 일	
QUEST_UNUSED_20151102_002962	Destruye el equipo experimental	실험 시설을 파괴하세요	QUEST_LV_0100_20151016_010278	Guide on the Second Step	중간 설명	
QUEST_UNUSED_20151102_002963	Destruye las herramientas experimentales de los demonios.	마족이 설치한 실험 도구를 파괴하기	QUEST_JOBSTEP_20150323_002333	Defeat %s	%s 처치	
QUEST_UNUSED_20151102_002964	hablar con el monje	수도사와 대화				
QUEST_UNUSED_20151102_002965	hablar con el monje	수도사와 대화하세요				
QUEST_UNUSED_20151102_002966	Recupera los fragmentos de la reliquia sagrada	마족이 파괴한 성물 파편 구하기	QUEST_LV_0100_20151016_010277	Second Step	중간 할 일	
QUEST_UNUSED_20151102_002967	Recupera los fragmentos de la reliquia destruida por los demonios.	마족이 파괴한 성물 파편을 구하세요	QUEST_LV_0100_20151016_010278	Guide on the Second Step	중간 설명	
QUEST_UNUSED_20151102_002968	Configurar la reliquia	성물 설치하기				
QUEST_UNUSED_20151102_002969	Configurar la reliquia	성물을 설치하세요	QUEST_LV_0100_20151016_010278	Guide on the Second Step	중간 설명	
QUEST_UNUSED_20151102_002970	hablar con el monje	수도사와 대화하기				
QUEST_UNUSED_20151102_002971	Busca objetos que puedan sobrecargar el dispositivo y llévaselos a Edmundas.	장치를 과부화 시킬 수 있는 물건 찾기	QUEST_LV_0100_20151016_010277	Second Step	중간 할 일	
QUEST_UNUSED_20151102_002972	Busca objetos que puedan sobrecargar el dispositivo y llévaselos a Edmundas.	장치를 과부화 시킬 수 있는 물건 찾아 에드문다스에게 가져다 주세요.	QUEST_LV_0100_20151016_010278	Guide on the Second Step	중간 설명	
QUEST_UNUSED_20151102_002973	Recoge gemas negras	검은 보석 모으기	QUEST_LV_0100_20151016_010277	Second Step	중간 할 일	
QUEST_UNUSED_20151102_002974	Recoge gemas negras y sobrecarga el dispositivo.	검은 보석을 모아 장치를 과부화 시키세요	QUEST_LV_0100_20151016_010278	Guide on the Second Step	중간 설명	
QUEST_UNUSED_20151102_002975	quitar el cristal	수정 제거하기				
QUEST_UNUSED_20151102_002976	Utilice la barrera de protección del dispositivo y retire el cristal.	장치에서 보호막을 얻고 수정을 제거하세요	QUEST_LV_0100_20151016_010278	Guide on the Second Step	중간 설명	
QUEST_UNUSED_20151102_002977	Habla con Edmundas	에드문다스와 대호하세요	QUEST_LV_0100_20151016_010276	Guide on the First Step	시작 설명	
QUEST_UNUSED_20151102_002978	rosa de rescate	로제 구하기	QUEST_LV_0100_20151016_010277	Second Step	중간 할 일	
QUEST_UNUSED_20151102_002979	La mente de Rose está siendo controlada. Rescátala.	정신 지배를 당하고 있는 로제를 구하세요	QUEST_LV_0100_20151016_010278	Guide on the Second Step	중간 설명	
QUEST_UNUSED_20151102_002980	Derrota al Tejedor de la Muerte	데스위버 처치하기				
QUEST_UNUSED_20151102_002981	Derrota a los monstruos cercanos	주변에 있는 몬스터 처치하기	QUEST_LV_0100_20151016_010277	Second Step	중간 할 일	
QUEST_UNUSED_20151102_002982	Derrota a los monstruos que rodean a Edmundas y Rose.	에드문다스와 로제의 주변에 있는 몬스터를 처치해주세요	QUEST_LV_0100_20151016_010278	Guide on the Second Step	중간 설명	
QUEST_UNUSED_20151102_002983	Derrota a los monstruos que amenazan a Edmundas y Rose.	에드문다스와 로제를 위협하는 몬스터 처치하기	QUEST_JOBSTEP_20150323_002333	Defeat %s	%s 처치	
QUEST_UNUSED_20151102_002984	Habla con el mago submaster	위자드 서브 마스터와 대화				
QUEST_UNUSED_20151102_002985	Habla con el mago submaster	위자드 서브 마스터와 대화하세요				
QUEST_UNUSED_20151102_002986	Habla con el maestro mago	위자드 마스터와 대화	QUEST_LV_0100_20151016_010275	First Step	시작 할 일	
QUEST_UNUSED_20151102_002987	Habla con el maestro mago	위자드 마스터와 대화하세요	QUEST_LV_0100_20151016_010276	Guide on the First Step	시작 설명	
QUEST_UNUSED_20151102_002988	Obtener esencia demoníaca	마족의 정수 구하기	QUEST_LV_0100_20151016_010277	Second Step	중간 할 일	
QUEST_UNUSED_20151102_002989	El Submaestro Mago requiere Demon Essence para crear un cristal de barrera de protección. Obtenga la cantidad requerida de Demon Essence.	위자드 서브 마스터는 보호 결계 수정을 만들기 위해선 마족의 정수가 필요하다고 합니다. 마족의 정수를 구하세요	QUEST_LV_0100_20151016_010278	Guide on the Second Step	중간 설명	
QUEST_UNUSED_20151102_002990	Configurar el cristal de barrera de protección	보호 결계 수정 설치하기				
QUEST_UNUSED_20151102_002991	Configurar el cristal de barrera de protección	보호 결계 수정을 설치하세요	QUEST_LV_0100_20151016_010278	Guide on the Second Step	중간 설명	
QUEST_UNUSED_20151102_002992	Obtén el diario de experimentos del mago misterioso	의문의 마법사의 실험 일지 구하기	QUEST_LV_0100_20151016_010277	Second Step	중간 할 일	
QUEST_UNUSED_20151102_002993	Obtén el diario de experimentos del mago misterioso	의문의 마법사의 실험 일지를 구하세요	QUEST_LV_0100_20151016_010278	Guide on the Second Step	중간 설명	
QUEST_UNUSED_20151102_002994	Apague el dispositivo de reproducción	배양 장치 정지시키기	QUEST_LV_0100_20151016_010277	Second Step	중간 할 일	
QUEST_UNUSED_20151102_002995	Apague el dispositivo de reproducción de esporas de helechos gigantes	거대 고사리 포자를 배양 장치하는 정지시키기	QUEST_LV_0100_20151016_010278	Guide on the Second Step	중간 설명	
QUEST_UNUSED_20151102_002996	Busque al alcalde Romanas	촌장 로마나스 찾아가기				
QUEST_UNUSED_20151102_002997	Perdido en el bosque	숲 속에서 길을 잃다				
QUEST_UNUSED_20151102_002998	El obispo desaparecido	사라진 주교				
QUEST_UNUSED_20151102_002999	El paradero quemado	불타버린 행방				
QUEST_UNUSED_20151102_003000	Colonia de monstruos	몬스터 군락지				
QUEST_UNUSED_20151102_003001	Operación de Misión a gran escala	대규모 수색				
QUEST_UNUSED_20151102_003002	Derrota a los monstruos del Distrito 1 y recoge las notas del sacerdote Gelija.	1번지역의 몬스터들을 처치하여 사제 겔리야의 쪽지를 수집하세요				
QUEST_UNUSED_20151102_003003	La agente Larena te ha pedido que lleves a Jolly, el perro de los sacerdotes, y busques rastros de ellos cerca.	정보원 라레나는 사제들이 기르던 잘리를 데리고 주변에서 사제들의 흔적을 찾아와 달라고 부탁했습니다				
QUEST_UNUSED_20151102_003004	Derrota al monarca espectro	스펙터 군주 처치				
QUEST_UNUSED_20151102_003005	Derrota a los monstruos del Distrito 1.	1번 지역 몬스터 처치				
QUEST_UNUSED_20151102_003006	El agente Orwen te ha pedido que derrotes a los monstruos del Distrito 1 que están interfiriendo con las operaciones de Misión de los informantes.	정보원 오르웬은 1번 지역에서 정보원들의 수색 활동 방해하는 몬스터들을 처치해달라고 부탁했습니다	QUEST_UNUSED_20151022_001798	Agent Orwen has asked you to defeat the monsters that are disturbing the search activities of the agents.	정보원 오르웬은 정보원들의 수색 활동 방해하는 몬스터들을 처치해달라고 부탁했습니다	
QUEST_UNUSED_20151102_003007	Desactiva los círculos mágicos siniestros	불길한 마법진 해체				
QUEST_UNUSED_20151102_003008	El agente Orwen te ha pedido que sueltes los círculos mágicos repartidos por los Distritos 1/2.	정보원 오르웬은 1/2 지역에 분포한 불길한 마법진을 해체해 달라고 부탁했습니다	QUEST_UNUSED_20151022_001800	Agent Orwen asked you to disband the demonic magic circles that are scattered across the 1st and the 2nd districts	정보원 오르웬은 1/2 지역에 분포한 마족의 마법진을 해체해 달라고 부탁했습니다	
QUEST_UNUSED_20151102_003009	Investigación preliminar	사전 조사				
QUEST_UNUSED_20151102_003010	Derrota a los monstruos del Distrito 3.	3번지역 몬스터 처치				
QUEST_UNUSED_20151102_003011	El agente Notres ve señales de demonios en los monstruos afectados. Derrota a los monstruos del Distrito 5 y recoge su sangre contaminada, luego llévala al Agente Notres.	정보원 노토레스는 광포해진 몬스터들로부터 마족의 징후를 포착했다고 합니다. 5번지역 몬스터들을 처치하여 그들의 오염된 피를 수집해서 정보원 노토레스에게 전달합시다	QUEST_UNUSED_20151022_001809	Agent Notres Notores told you that he found the traces of the demons from the monsters that had gone mad. Defeat the monsters and collect the polluted blood of them and hand them over to Agent Notres	정보원 노토레스는 광포해진 몬스터들로부터 마족의 징후를 포착했다고 합니다. 몬스터들을 처치하여 그들의 오염된 피를 수집해서 정보원 노토레스에게 전달합시다	
QUEST_UNUSED_20151102_003012	Chaser Zegaus te ha pedido que derrotes a los monstruos del Distrito 7 para proteger a los heridos.	추적자 제가우스는 부상당한 자신들을 위해 7번 지역의 몬스터를 처치해달라고 부탁했습니다	QUEST_UNUSED_20151022_001812	Chaser Zegaus asked you to defeat the monsters around since he is hurt	추적자 제가우스는 부상당한 자신들을 위해 주변 몬스터를 처치해달라고 부탁했습니다	
QUEST_UNUSED_20151102_003013	El rastro peligroso	위험한 단서				
QUEST_UNUSED_20151102_003014	Paradero del obispo Urbonas	우르보나스의 행방				
QUEST_UNUSED_20151102_003015	Destruye el tótem maldito de la tercera zona	3구역 저주 토템 파괴				
QUEST_UNUSED_20151102_003016	Destruye los fragmentos de tótem malditos de la cuarta zona	4구역 저주 토템 파편 제거				
QUEST_UNUSED_20151102_003017	Comprueba el tótem maldito de la cuarta zona	4구역 저주 토템 확인	QUEST_UNUSED_20151022_001792	Talk with Priest Pranas	사제 프라나스와 대화	
QUEST_UNUSED_20151102_003018	Habla con Chaser Torvana	추적자 토르바나와 대화하세요				
QUEST_UNUSED_20151102_003019	Chaser Torvana te ha pedido que recojas las piezas de madera negras solicitadas por el Comando de Inteligencia del Segundo Distrito.	추적자 토르바나는 2번지역에서 영주 직속 정보대에서 의뢰한 검은 나무 조각을 수집해달라고 부탁했습니다	QUEST_UNUSED_20151022_001839	Chaser Torvana asked you to collect the black tree pieces which was requested by Intelligence Command that belongs to the lord.	추적자 토르바나는 영주 직속 정보대에서 의뢰한 검은 나무 조각을 수집해달라고 부탁했습니다	
QUEST_UNUSED_20151102_003020	Chaser Daramaus te ha pedido que investigues los objetos utilizados por los demonios, tal como lo solicitó el Comando de Inteligencia del Tercer Distrito. Derrota a los demonios para recoger los sacos que llevan.	추적자 다라마우스는 3번지역에서 영주 직속 정보대의 의뢰로 마족들이 사용하는 물건들을 조사해봐야 겠다고 합니다. 마족을 처치하여 마족 꾸러미를 습득하세요				
QUEST_UNUSED_20151102_003021	Habla con Chaser Daramaus	추적자 다라마우스와 대화하세요				
QUEST_UNUSED_20151102_003022	Destruye el tótem maldito del segundo distrito	2지역 저주 토템 파괴				
QUEST_UNUSED_20151102_003023	Habla con el sacerdote Irma.	사제 이르마와 대화하세요				
QUEST_UNUSED_20151102_003024	Derrota al Señor del Fuego	파이어로드 처치				
QUEST_UNUSED_20151102_003025	Destruye el tótem maldito del cuarto distrito	4구역 감시 토템 파괴				
QUEST_UNUSED_20151102_003026	La sacerdotisa Irma sugiere que destruyas el tótem de vigilancia para distraer al Demon Lord Marnox e ir a la prisión subterránea de Ashaq 3F para recuperar las Órdenes demoníacas. Adjunta las piedras demoníacas incompletas que se encuentran alrededor del segundo tótem y destruye el tótem.	사제 이르마는 감시 토템을 파괴하여 마군주 마르녹스의 관심을 다른 곳으로 돌리고 아샤크 지하 감옥 3층의 마족 지령서를 회수하러 가자고 합니다. 두 번째 감시토템 주변의 불안정한 마석을 수집하여 감시 토템에 부착 후 파괴하세요				
QUEST_UNUSED_20151102_003027	Habla con Gelija	겔리야와 대화하세요				
QUEST_UNUSED_20151102_003028	¿Y si otra vez?	만약에 또 만약에				
QUEST_UNUSED_20151102_003029	Habla con el sacerdote Auranas	사제 아우라나스와 대화하세요				
QUEST_UNUSED_20151102_003030	Habla con el sacerdote Draznie	사제 드라즈니에와 대화하세요				
QUEST_UNUSED_20151102_003031	Derrota a los monstruos del Distrito 3.	3구역 몬스터 처치				
QUEST_UNUSED_20151102_003032	Un lugar más profundo	더 깊은 곳에서				
QUEST_UNUSED_20151102_003033	Habla con el sacerdote Gelija	사제 겔리야와 대화하세요				
QUEST_UNUSED_20151102_003034	Todo intacto	모든 것이 제자리로				
QUEST_UNUSED_20151102_003035	Destruye el tótem maldito del primer distrito.	1구역 저주 토템 파괴	QUEST_UNUSED_20151022_001823	Destroy the curse totem	저주 토템 파괴	
QUEST_UNUSED_20151102_003036	Recoge pieles de los asesinos verdes Lepusbunny	초록 레푸스버니 암살자로부터 털가죽 수집	QUEST_LV_0200_20151001_009635	Collect Truflelia's Furry Leather	트리펠리아로부터 털가죽 수집	
QUEST_UNUSED_20151102_003037	Baskez está buscando piel de Green Lepusbunny Assassin para ayudar a sus colegas a combatir las bajas temperaturas. Busca al asesino Lepusbunny verde para recoger su pelaje.	바스케즈는 초록 레푸스버니 암살자의 털가죽이면 자신과 동료들이 추위를 버틸 수 있다고 합니다. 초록 레푸스버니 암살자를 사냥하고 털가죽을 가져다 주세요.	QUEST_LV_0200_20151001_009636	Baskez told you that with Truflelia's Furry Leather, he and his colleagues would be able to endure the coldness. Hunt for Truflelia's Furry Leather.	바스케즈는 트리펠리아의 털가죽이면 자신과 동료들이 추위를 버틸 수 있다고 합니다. 트리펠리아를 사냥하고 털가죽을 가져다 주세요.	
QUEST_UNUSED_20151102_003038	Recoge comida de emergencia para el mago azul Siaulav	푸른 샤울라브 메이지의 비상식량 수집	QUEST_LV_0200_20151001_009652	Collect Blue Bird Meat	청옥조 고기 수집	
QUEST_UNUSED_20151102_003039	La oficial de suministros Ronda quiere utilizar la comida de emergencia de los Magos Siaulav Azules para resolver la actual escasez de suministro de alimentos. Derrota a los magos azules Siaulav en el campamento y recoge su comida de emergencia.	보급병 론다는 부족한 식량 상황을 푸른 샤울라브 메이지의 비상식량으로 해결하고 싶다고 합니다. 야영지 근처에서 푸른 샤울라브 메이지를 사냥하고 비상식량을 모으세요.	QUEST_LV_0200_20151001_009653	Ronda wants to resolve the problem of lack of food with the meat from the monsters. Hunt for Blue Birds near the camping ground and collect the meat.	보급병 론다는 부족한 식량 상황을 몬스터 고기로 해결하고 싶다고 합니다. 야영지 근처에서 청옥조를 사냥하고 그 고기를 모으세요.	
QUEST_UNUSED_20151102_003040	Ha recogido los alimentos solicitados. Date prisa y tráelos a Ronda.	부탁받은 양의 식량를 모았습니다. 서둘러 보급병 론다에게 전달하세요.	QUEST_LV_0200_20151001_009654	Acquired the meat. Hand them over to Ronda.	부탁받은 양의 고기를 모았습니다. 서둘러 보급병 론다에게 전달하세요.	
QUEST_UNUSED_20151102_003041	Recoge hongos lapasape azules	푸른 라프세이프의 버섯 수집	QUEST_LV_0200_20151001_009666	Collect Worg Body Fluid	워그의 체액 수집	
QUEST_UNUSED_20151102_003042	El comandante de Stogas, Ades, quiere curar al mago postrado en cama. Recoge hongos Lapasape azules para ayudar a aliviar la fiebre.	스토가스 분대장 아데스는 고열로 몸져 누운 마법사를 치료하고 싶어합니다. 해열 작용이 있다는 푸른 라프세이프의 버섯을 모으세요.	QUEST_LV_0200_20151001_009667	Ades wants to cure the magician who has a fever. Collect Worg Body Fluids that are proven to be effective for reducing fever.	스토가스 분대장 아데스는 고열로 몸져 누운 마법사를 치료하고 싶어합니다. 해열 작용이 있다는 워그의 체액을 모으세요.	
QUEST_UNUSED_20151102_003043	Has recolectado suficientes hongos Lapasape azules. Llévalos a Ades.	푸른 라프세이프의 버섯을 충분히 모았습니다. 스토가스 분대장 아데스에게 전해 주세요.	QUEST_LV_0200_20151001_009669	You've collected enough Worg Body Fluids. Hand them over to Ades.	워그의 체액을 충분히 모았습니다. 스토가스 분대장 아데스에게 전해 주세요.	
QUEST_UNUSED_20151102_003044	Obtén decoraciones de metal y madera seca de Lapeman.	라페먼의 쇠장식과 젖지 않은 목재 구해오기	QUEST_UNUSED_20151022_001900	Gather Lapeman Metal Decorations and Wood	라페먼의 쇠장식과 쓸만한 목재 구해오기	
QUEST_UNUSED_20151102_003045	Submaestro Peltasta te ha encomendado la tarea de recolectar materiales para escudos. Ve a Paupys Crossing y recoge adornos metálicos de Lapeman y madera seca.	펠타스타 서브 마스터는 방패의 재료들을 구해오라고 합니다. 파우피스 나루에서 라페먼의 쇠장식과 젖지 않은 목재를 모으세요.	QUEST_UNUSED_20151022_001901	Peltasta Submaster told you to bring the materials of the shield. Collect the useful trees and the symbols of Lapeman from Paupys Crossing.	펠타스타 서브 마스터는 방패의 재료들을 구해오라고 합니다. 파우피스 나루에서 라페먼의 쇠장식과 쓸만한 나무를 모으세요.	
QUEST_UNUSED_20151102_003046	Derrota a los monstruos y carga la gema con energía. Luego, usa la gema de cristal energética para prender fuego al portallamas del Submaestro Krivis.	몬스터들을 처치하여 주어진 보석에 기운을 채우세요. 충만한 수정으로 크리비 서브 마스터 곁의 성화대에 불을 붙이세요. 이 과제는 오직 혼자 해결해야 합니다.	QUEST_UNUSED_20151022_001915	Defeat the monsters to fill in the energy into the jewels. Light up the torch beside Krivis Submaster with full crystal.	몬스터들을 처치하여 주어진 보석에 기운을 채우세요. 충만한 수정으로 크리비 서브 마스터 곁의 성화대에 불을 붙이세요.	
QUEST_UNUSED_20151102_003047	Submaestro Peltasta quiere poner a prueba tus habilidades con el escudo. Ve a Bracken Forest 63_3 con tu escudo equipado y derrota a los monstruos para recolectar cristales. Los demonios te harán ganar puntos extra. Esta es una tarea que debes completar por tu cuenta.	펠타스타 서브 마스터는 방패의 활용능력을 보겠다고 합니다. 고사리 숲 63_3에서 방패를 착용한 채로 몬스터를 사냥하고 결정을 모으세요. 마족을 처치하면 좀 더 좋은 평가를 얻을 수 있습니다. 이 과제는 오직 혼자 해결해야 합니다.	QUEST_UNUSED_20151022_001930	Peltasta Submaster wants to see how well you use the shield. Hunt for the monsters while equipped with as a shield at 63_3 of Bracken Forest and collect the essences.	펠타스타 서브 마스터는 방패의 활용능력을 보겠다고 합니다. 고사리 숲 63_3에서 방패를 착용한 채로 몬스터를 사냥하고 결정을 모으세요.	
QUEST_UNUSED_20151102_003048	Has derrotado el número solicitado de monstruos. Regresa al Submaster Peltasta.	정해진 수만큼 몬스터를 해치웠습니다. 펠타스타 서브 마스터에게 돌아가 보고하세요.	QUEST_UNUSED_20151022_001931	You were able to collect the specified number of essences. Go back to Peltasta Submaster and report.	정해진 수의 결정을 모을 수 있었습니다. 펠타스타 서브 마스터에게 돌아가 보고하세요.	
QUEST_UNUSED_20151102_003049	Recoge hierbas del bosque de Braken 63_1, 63_2 y 63_3.	고사리 숲 63_1, 63_2, 63_3에서 각각 약초를 구하기	QUEST_UNUSED_20151022_001949	Obtain herbs from Lemprasa Pond, Linked Bridges and Paupys Crossing.	렘파라사 연못, 덧댄다리 숲, 파우피스 나루에서 각각 약초를 구하기	
QUEST_UNUSED_20151102_003050	El Submaestro Sacerdote te ha pedido que recolectes hierbas del Bosque Braken 63_1, 63_2 y 63_3 para hacer un ungüento.	프리스트 서브 마스터는 연고의 재료로 고사리 숲 63_1과 63_2, 그리고 63_3에서 각각 약초를 구해오라고 합니다.	QUEST_UNUSED_20151022_001950	Priest Submaster asked you to obtain herbs from Lemprasa Pond, Linked Bridges and Paupys Crossing to use them to make the ointment.	프리스트 서브 마스터는 연고의 재료로 렘파라사 연못과 덧댄다리 숲, 그리고 파우피스 나루에서 각각 약초를 구해오라고 합니다.	
QUEST_UNUSED_20151102_003051	Recoge el cristal de alma de Pawndel y el cristal de mente de Pawndel en Braken Forest 63_3.	고사리 숲 63_3에서 폰델의 영혼결정과 폰드의 정신결정을 수집하세요.{nl}	QUEST_UNUSED_20151022_001958	You've received the recipe of the doll. Collect the materials that are stated in the recipe and make the Bokor Doll.	인형의 제작서를 받았습니다. 제작서를 참고해 재료를 모아 보코르 인형을 만들어내세요.	
QUEST_UNUSED_20151102_003052	El Submaestro Highlander quiere ver cuánto has perfeccionado tus técnicas Highlander. Úsalos para derrotar monstruos y demostrar tu valía. Esta es una tarea que debes completar por tu cuenta.	하이랜더 서브 마스터는 그간 계시자가 하이랜더의 기술을 얼마나 갈고닦았는지 확인하고 싶어 합니다. 하이랜더 기술을 사용해서 몬스터를 처치하세요. 이 과제는 오직 혼자 해결해야 합니다.	QUEST_UNUSED_20151022_001976	Highlander Submaster wants to check how much you've learned so far. Defeat monsters using the skills of Highlander.	하이랜더 서브 마스터는 그간 계시자가 하이랜더의 기술을 얼마나 갈고닦았는지 확인하고 싶어 합니다. 하이랜더 기술을 사용해서 몬스터를 처치하세요.	
QUEST_UNUSED_20151102_003053	Submaestro Bárbaro te ha pedido que dejes sordo a los monstruos en tu estado básico sin efectos de mejora. Esta es una tarea que debes realizar por tu cuenta.	바바리안 서브 마스터는 아무런 강화효과 없는 기본 상태에서 페레토리 구릉의 몬스터들을 처치해 보라고 합니다. 이 과제는 오직 혼자 해결해야 합니다.	QUEST_UNUSED_20151022_001986	Barbarian Submaster wants you to defeat the monsters at Feretory Hills without any enhancement effects.	바바리안 서브 마스터는 아무런 강화효과 없는 기본 상태에서 페레토리 구릉의 몬스터들을 처치해 보라고 합니다.	
QUEST_UNUSED_20151102_003054	Derrota a los demonios de Feretory Hills.	페레토리 구릉의 마족을 처치	QUEST_UNUSED_20151022_001991	Defeat Beast-type monsters at Feretory Hills	페레토리 구릉의 야수 몬스터를 처치	
QUEST_UNUSED_20151102_003055	Derrota a los demonios en Feretory Hills y demuestra tu valía ante el Maestro Catafracta.	페레토리 구릉에서 마족들을 처치하고 캐터프랙트 마스터에게 실력을 증명하세요.	QUEST_UNUSED_20151022_001992	Defeat Beast-type monsters at Feretory Hills and prove your skills to Catapract Master.	페레토리 구릉에서 야수형 몬스터들을 처치하고 캐터프랙트 마스터에게 실력을 증명하세요.	
QUEST_UNUSED_20151102_003056	Lucha contra los monstruos en Feretory Hills para reducir su resistencia y luego usa la gema para purificarlos. Después, recoge sus cenizas.	페레토리 구릉의 몬스터들과 전투하여 체력을 깎은 다음 주어진 보석을 사용해 몬스터를 정화해야 합니다. 정화후 몬스터의 재를 모으세요.	QUEST_UNUSED_20151022_001995	Fight against the monsters at Feretory Hills and hurt them and purify the monsters using the jewel. Collect the ashes of the monsters after purification.	페레토리 구릉의 몬스터들과 전투하여 상처를 입힌 다음 주어진 보석을 사용해 몬스터를 정화해야 합니다. 정화후 몬스터의 재를 모으세요.	
QUEST_UNUSED_20151102_003057	Ve a Feretory Hills y usa la energía recibida del Maestro Sadhu para combinarla con parte de los espíritus de los monstruos. Luego, recoge los espíritus derrotándolos. Esta es una tarea que debes completar por tu cuenta.	사두 마스터에게 받은 기운을 사용해 페레토리 구릉 몬스터의 영혼 일부를 합쳐야 합니다. 기운에 합쳐진 몬스터를 처치해 영혼을 흡수하세요. 이 과제는 오직 혼자 해결해야 합니다.	QUEST_UNUSED_20151022_002012	By using the energy obtained from Sadhu Master, you have to combine some parts of monsters at Feretory Hills. Absorb the spirit by defeating the monster that was combined to the energy.	사두 마스터에게 받은 기운을 사용해 페레토리 구릉 몬스터의 영혼 일부를 합쳐야 합니다. 기운에 합쳐진 몬스터를 처치해 영혼을 흡수하세요.	
QUEST_UNUSED_20151102_003058	Derrota a los monstruos en Apsimesti Crossroads sin escudo.	방패를 착용하지 않고 압시메스티 교차로의 몬스터 처치	QUEST_UNUSED_20151022_002023	Defeat the monsters at Apsimesti Crossroads without using the shield	방패를 쓰지 않고 압시메스티 교차로의 몬스터 처치	
QUEST_UNUSED_20151102_003059	Quítate el escudo y ve a derrotar a los monstruos en Apsimesti Crossroads. Esta es una tarea que debes completar por tu cuenta.	방패를 착용하지 않은 상태에서 압시메스티 교차로의 몬스터를 처치하세요. 이 과제는 오직 혼자 해결해야 합니다.	QUEST_UNUSED_20151022_002024	Defeat the monsters at Apsimesti Crossroads without the shield equipped.	방패를 착용하지 않은 상태에서 압시메스티 교차로의 몬스터를 처치하세요.	
QUEST_UNUSED_20151102_003060	Has recibido mucho bálsamo. Úselo para reparar las estatuas de la Diosa Vakarine en Fedimian y Orsha.	향유를 넉넉히 받았습니다. 페디미안과 오르샤의 바카리네 여신상을 보수해 주세요.	QUEST_UNUSED_20151022_002038	Acquired enough perfumed oil. Please take care of the statues of Goddess Vakarine at Fedimian and Orsha.	향유를 넉넉히 받았습니다. 페디미안과 오르샤의 바카리네 여신상을 관리해 주세요.	
QUEST_UNUSED_20151102_003061	Has reparado todas las estatuas de diosas solicitadas. Regresa al Submaster de Dievdirbys.	의뢰받은 모든 여신상의 보수를 마쳤습니다. 딥디르비 서브 마스터에게 돌아가 보세요.	QUEST_UNUSED_20151022_002039	You've finished taking care of all statues of the goddesses. Go back to Dievdirbys Submaster.	의뢰받은 모든 여신상의 관리를 마쳤습니다. 딥디르비 서브 마스터에게 돌아가 보세요.	
QUEST_UNUSED_20151102_003062	Recoger %s	%s 모으기				
QUEST_UNUSED_20151102_003063	Revisa los objetos y obtén %s.	잡동사니를 뒤져 %s 습득				
QUEST_UNUSED_20151102_003064	Carlyle's Spirit te ha pedido que quemes la lista de propietarios de jardines.	칼라일의 영혼은 장원 소유자 명단을 불태워 달라고 합니다. 	QUEST_LV_0100_20151001_009495	Carlyle's Spirit asked you to burn the list of the ones who own manors. You will need a bonfire to burn the list. Light up the bonfire and burn the list.	칼라일의 영혼은 장원 소유자 명단을 불태워 달라고 합니다. 장원 소유자 명단을 불태우기 위해서는 모닥불이 필요합니다. 장작으로 모닥불을 피운 뒤 장원 소유자 명단을 불태워주세요.	
QUEST_UNUSED_20151102_003065	Presione la tecla para ingresar al modo de descanso y use la leña para preparar una fogata y quemar la lista.	 키를 눌러 앉은 뒤에 장작으로 모닥불을 피워 장원 소유자 명단을 불태워주세요.				
QUEST_UNUSED_20151102_003066	Leja parece herida y necesitada de ayuda. Habla con ella.	레야는 다쳤는지 도움이 필요해 보입니다. 그녀와 대화해 보세요.	QUEST_LV_0100_20151001_009497	You see someone injured in the forest. Talk to her and obtain some information.	숲에서 이 곳 주민으로 보이는 다친 사람이 보입니다. 그녀와 대화해 정보를 얻으세요.	
QUEST_UNUSED_20151102_003067	Recoge las hierbas solicitadas por la druida Leja.	드루이드 레야가 부탁한 약초 수집	QUEST_LV_0100_20151001_009498	Collect the herbs which Druid Leja asked you to collect	드루이드 레야가 부탁한 약초 모아주기	
QUEST_UNUSED_20151102_003068	La druida Leja resultó herida al intentar atrapar a los hurones que robaban comida del pueblo. Ve al lugar que ella te indicó y recolecta hierbas para ayudarla a recuperar energía.	드루이드 레야는 식량을 훔쳐 달아난 페릿들을 쫓다가 부상을 입었다고 합니다. 레야가 기운을 차릴 수 있게 그녀가 알려준 곳에서 약초를 모아 주세요.	QUEST_LV_0100_20151016_010319	Druid Leja got hurt while chasing after the ferrets who stole the food. To regain her health, find the appropriate herb from the spot she told you about.	드루이드 레야는 식량을 훔쳐 달아난 페릿들을 쫓다가 부상을 입었다고 합니다. 레야가 힘을 차릴 수 있게 그녀가 알려준 곳에서 약초를 모아주세요.	
QUEST_UNUSED_20151102_003069	Entrega las hierbas a la druida Leja.	드루이드 레야에게 약초 전달	QUEST_LV_0100_20151001_009500	Hand over the herbs to Druid Leja	드루이드 레야에게 약초 전해주기	
QUEST_UNUSED_20151102_003070	Conociendo a la chica misteriosa	신비한 소녀와의 조우				
QUEST_UNUSED_20151102_003071	Se siente una energía sagrada en el aire.	어디선가 신성한 기운이 느껴집니다.				
QUEST_UNUSED_20151102_003072	En el camino a entregar las hierbas solicitadas por la druida Leja, te topaste con una chica misteriosa. Por ahora, llévale las hierbas a Leja.	드루이드 레야가 부탁한 약초를 모으고 돌아오는 길에 마족들에게 쫓기는 신비한 소녀를 만났습니다. 일단 레야에게 급한 약초 먼저 건네 주세요.	QUEST_LV_0100_20151001_009507	As you were returning with the herbs which Druid Leja asked you to collect, you've met the mysterious girl who's been chased by the demons. Tell Leja about the girl.	드루이드 레야가 부탁한 약초를 모으고 돌아오는 길에 마족들에게 쫓기는 신비한 소녀를 만났습니다. 레야에게 소녀에 대한 얘기를 해보세요.	
QUEST_UNUSED_20151102_003073	En el camino a entregar las hierbas solicitadas por la druida Leja, te topaste con una chica misteriosa. Habla con Leja sobre la chica.	드루이드 레야가 부탁한 약초를 모으고 돌아오는 길에 마족에게 쫓기는 신비한 소녀를 목격했습니다. 레야에게 소녀에 대해 물어보세요.	QUEST_LV_0100_20151001_009508	As you were returning with the herbs which Druid Leja asked you to collect, you've met the mysterious girl who's been chased by the demons. Tell Leja about the girl.	드루이드 레야가 부탁한 약초를 모으고 돌아오는 길에 마족에게 쫓기는 신비한 소녀를 목격했습니다. 레야에게 소녀에 대한 이야기를 해보세요.	
QUEST_UNUSED_20151102_003074	Entregar la comida recuperada al jefe de la aldea.	마을 촌장에게 되찾은 식량 전달	QUEST_LV_0100_20151001_009504	Meeting with the mysterious girl	신비한 소녀와 조우	
QUEST_UNUSED_20151102_003075	Has recuperado todos los alimentos robados por los hurones. Como le indicó Leja, vaya a buscar al jefe de la aldea en el cruce de Ephlysti.	페릿이 훔쳐간 식량을 전부 되찾았습니다. 레야가 알려준 대로 앱라이스티 삼거리 근처에 있는 마을 촌장을 찾아가세요.	QUEST_LV_0100_20151001_009505	You are being lured to a mysterious power.	신비한 기운에 이끌리고 있습니다.	
QUEST_UNUSED_20151102_003076	Recupera %s de los hurones	페릿으로부터 %s 되찾기	QUEST_LV_0100_20151016_010322	Retrieve %s from the ferrets	페릿으로부터 %s를 되찾기	
QUEST_UNUSED_20151102_003077	Destruye los Demon Totems lavando el cerebro a los hurones	페릿을 세뇌하는 마족 토템 파괴	QUEST_LV_0100_20151016_010324	Destroy the demon totems controlling the ferrets	페릿을 세뇌한 마족 토템 파괴하기	
QUEST_UNUSED_20151102_003078	El jefe de la aldea ha sido engañado anteriormente por un falso Revelador y desconfía de confiar en usted. Destruye los tótems demoníacos en Banaga Forest Trail para demostrar que eres un verdadero Revelador.	촌장은 이미 한 번 가짜 계시자에게 속은 적이 있어 당신을 경계하고 있습니다. 바나가 숲길에서 페릿을 세뇌시키는 마족 토템을 파괴하여 진짜 계시자임을 보여주세요.	QUEST_UNUSED_20151022_002058	The village elder asked you to destroy the demonic totems that were set up by the demons since they turned the ferrets violent.	촌장은 마족들이 설치한 마족 토템이 페릿들을 사악하게 물들인 거라고 하며 마족 토템을 파괴해달라고 했습니다.	
QUEST_UNUSED_20151102_003079	Has destruido todos los tótems demoníacos. Vuelve con el jefe de la aldea e infórmalo.	마족 토템을 모두 파괴했습니다. 마을 촌장에게 돌아가서 이 사실을 알리세요.	QUEST_LV_0100_20151001_009518	You've defeated the demons that were protecting the demonic totem and destroyed the totem. Return to the Village Headman and tell him about it.	마족 토템을 지키는 마족을 처치하고 마족 토템을 파괴했습니다. 마을 촌장에게 돌아가서 이 사실을 알리세요.	
QUEST_UNUSED_20151102_003080	Sigue a la chica misteriosa	마을 촌장은 마족 토템을 부숴준 것에 대해서 감사하다고 인사합니다. 마을 촌장에게서 앞으로 어떻게 해야할 지 이야기를 들어 보세요.	QUEST_LV_0100_20151001_009519	The Village Headman thanked you for destroying the demonic totem. Listen to the Village Headman on what you will do from now on.	마을 촌장은 마족 토템을 부숴준 것에 대해서 감사하다고 인사합니다. 마을 촌장에게서 앞으로 어떻게 해야할지 이야기를 들으세요.	
QUEST_UNUSED_20151102_003081	Sigue a la chica misteriosa	신비한 소녀 쫓아가기	QUEST_LV_0100_20151001_009520	Look for traces of the mysterious girl	신비한 소녀의 흔적을 수색	
QUEST_UNUSED_20151102_003082	El jefe de la aldea te habló de una antigua leyenda de la aldea y cree que Laima envió a la niña. Sigue a la chica hasta Zeraha.	마을 촌장은 마을에 있었던 오래된 이야기를 들려주면서 그 소녀는 라이마의 사자임이 분명하다고 합니다. 제라하 쪽으로 사라진 소녀를 따라가세요.				
QUEST_UNUSED_20151102_003083	Recoge jugo de fruta gigantesco de los hurones.	페릿으로부터 거대 과일 과즙 수집	QUEST_LV_0100_20151016_010326	Gather Gigantic Fruit Juice from the ferrets	페릿으로 부터 거대 과일 과즙 모아오기	
QUEST_UNUSED_20151102_003084	El aldeano dice que el agua roja del río ha contaminado sus frutos, pero que los hurones tal vez conozcan una manera de hacerlos seguros para comer. Recoge jugo de frutas de los hurones.	마을 주민은 붉은 강물 때문에 식수는 커녕 과일마저 먹을 수 없게 되었지만, 페릿들은 독성을 제거하는 방법을 아는 것 같다고 합니다. 페릿이 모아 놓은 과즙을 모아 오세요.	QUEST_LV_0100_20151016_010327	One of the biggest concerns the townspeople has is lack of drinkable water ever since not only the water from the river but also the fruits from the plants nearby are poisoned. The ferrets, on the other hand, seems to know a way to purify the juice from the giant fruits and drink them. The townspeople ask you to bring the fruit juice the ferrets extracted.	마을 주민은 오염된 강물과 과일 마저도 오염된 강물을 먹고 자라나서 독성을 지니고 있기 때문에 식수에 대한 걱정이 많습니다. 페릿들은 거대 과일에서 채취한 과즙을 식수로 사용하는데 페릿들은 과일에서 독성을 제거하는 방법을 아는 것 같다고 합니다. 주민은 페릿이 채취한 과즙을 식수 용으로 구해달라고 했습니다.	
QUEST_UNUSED_20151102_003085	Entregar al aldeano	마을 주민에게 전달	QUEST_LV_0100_20151001_009527	Pass the gigantic fruit juice to the villager	거대 과일 과즙 마을 주민에게 전달하기	
QUEST_UNUSED_20151102_003086	Recoge %s de los hurones	페릿으로부터 %s 수집	QUEST_LV_0100_20151016_010329	Steal %s from the ferrets	페릿으로부터 %s 뺏어오기	
QUEST_UNUSED_20151102_003087	Toma el agua roja del Pozo Viejo.	낡은 우물에서 붉은 물 뜨기				
QUEST_UNUSED_20151102_003088	El aldeano planea contaminar la comida robada por los hurones con agua roja. Primero, consigue un poco de agua roja del pozo viejo.	마을 주민은 페릿들이 훔쳐간 식량에 붉은 물을 묻혀 혼쭐을 내 주고 싶어 합니다. 먼저 낡은 우물에서 붉은 물을 뜨세요.				
QUEST_UNUSED_20151102_003089	El residente del pueblo te pidió que contaminaras la cecina de los hurones con agua roja.	훔쳐간 식량을 붉은 물로 오염시키기				
QUEST_UNUSED_20151102_003090	El residente del pueblo te pidió que contaminaras la cecina de los hurones con agua roja.	마을 주민은 페릿이 좋아하는 육포를 꼭 붉은 물로 오염시켜달라고 부탁했습니다.				
QUEST_UNUSED_20151102_003091	Encontraste la carne seca y usaste el agua roja para contaminarla. Regresa con el aldeano.	훔쳐간 식량 바구니들 중 육포를 찾아내 붉은 물로 오염시켰습니다. 마을 주민에게 돌아가세요.	QUEST_UNUSED_20151022_002063	Look for the beef jerkey from the suspicious baskets with the red water. Go back to the villagers.	수상한 바구니들 중 육포를 찾아내 붉은 물로 오염시켰습니다. 마을 주민에게 돌아가세요.	
QUEST_UNUSED_20151102_003092	El nieto del jefe de la aldea ha regresado de controlar a los hurones después de que el tótem fuera destruido. Parece decepcionado. Habla con él.	촌장 손자는 마족 토템이 부서진 이후 페릿들이 온순해졌는지 살펴보고 왔다가 실망한 것 같습니다. 촌장 손자와 대화하세요.	QUEST_LV_0100_20151016_010334	The elder's grandson came back from checking up on the ferrets whether the ferrets turned back to normal after the demon totems have been destroyed but the expression on his face tells a bad news. Speak with the elder's gradnson.	촌장 손자는 마족 토템이 부서진 이후 페릿들이 온순해졌는지 살펴보고 와서 당신에게 할 말이 있는 것 같습니다. 촌장 손자와 대화하세요.	
QUEST_UNUSED_20151102_003093	Dievdirbys Widas dice que talló una estatua que irradia buena energía basándose en el tótem que hizo para los demonios. Habla con Widas nuevamente.	딥디르비 위다스는 예전에 마족이 시켜서 만든 토템을 토대로 선한 기운을 내 뿜는 조각상을 만들어 보았다고 합니다. 위다스와 다시 대화해 보세요.	QUEST_LV_0100_20151001_009547	Dievdirbys Widas was actually engaged in research to create a sculpture which would oppose the effects of the demonic totem. Talk to Widas.	딥디르비 위다스는 안 그래도 마족 토템을 보면서 반대 효과를 지닌 조각상을 만들 수는 없을지 연구하고 있었다고 합니다. 위다스와 대화하세요.	
QUEST_UNUSED_20151102_003094	Coloca la estatua de Widas cerca de los hurones.	페릿 근처에 위다스의 조각상 세우기				
QUEST_UNUSED_20151102_003095	Dievdirbys Widas dice que talló una estatua que irradia buena energía basándose en el tótem que hizo para los demonios. Coloca la estatua de Widas cerca de los hurones y observa su reacción.	딥디르비 위다스는 예전에 마족이 시켜서 만든 토템을 토대로 선한 기운을 내 뿜는 조각상을 만들어 보았다고 합니다. 페릿 근처에 위다스의 조각상을 세운 후 페릿의 반응을 지켜보세요.	QUEST_UNUSED_20151022_002064	Dievdirbys Widas created the statue of peace with the results of his research. Set up the sculpture of peace near the ferrets and observe the responses of the ferrets.	딥디르비 위다스는 그동안의 연구한 결과로 평화의 조각상을 만들었다고 합니다. 페릿 근처에 평화의 조각상을 설치한 후 페릿의 반응을 지켜보세요.	
QUEST_UNUSED_20151102_003096	Después de levantar la estatua de Widas alrededor de los hurones, se volvieron inesperadamente más violentos. Cuéntale a Widas sobre esto.	위다스의 조각상을 세우자 페릿이 오히려 더 난폭하게 날뛰었습니다. 위다스에게 이 사실을 알리세요.	QUEST_LV_0100_20151016_010337	The sculpture of peace has been installed but it only provoked the ferrets and became even more violent. Tell Widas about this.	평화의 조각상을 설치하자 페릿이 오히려 더 난폭하게 날뛰었습니다. 위다스에게 이 사실을 알리세요.	
QUEST_UNUSED_20151102_003097	Sigue a la chica en la dirección a la que se dirige.	신비한 소녀가 사라진 방향으로 소녀를 쫓아가세요.	QUEST_LV_0100_20151001_009553	Chase the mysterious girl to the direction where she has disappeared to.	신비한 소녀가 사라진 방향으로 소녀를 쫓아갑니다.	
QUEST_UNUSED_20151102_003098	La niña dejó huellas visibles. Sigue su rastro para encontrarla.	계속해서 소녀의 흔적이 보입니다. 흔적을 따라가면 소녀를 만날 수 있을 것 같습니다.	QUEST_LV_0100_20151001_009554	You can see the traces of the girl as you chased her to the direction where she has gone to. It seems that you would be able to meet her when you follow the traces.	신비한 소녀가 사라진 방향으로 쫓아오자 소녀의 흔적이 보입니다. 흔적을 따라가면 소녀를 만날 수 있을 것 같습니다.	
QUEST_UNUSED_20151102_003099	Sigue a la chica	소녀가 사라진 쪽으로 따라가기	QUEST_LV_0100_20151001_009496	Talk to Druid Leja	드루이드 레야와 대화	
QUEST_UNUSED_20151102_003100	La chica parece decirte que la sigas hacia abajo. Sigue siguiéndola.	소녀는 아래쪽으로 따라오라는 것 같습니다. 계속해서 소녀를 따라가세요.	QUEST_LV_0100_20151001_009555	You met Druid Leja while chasing after the girl. Ask Leja about the direction where the girl has gone to.	소녀를 쫓다가 드루이드 레야를 만났습니다. 레야에게 소녀가 사라진 방향을 물어보세요.	
QUEST_UNUSED_20151102_003101	Mientras perseguías a la chica, conociste a la druida Leja. Pregúntale a Leja sobre el paradero de la niña.	소녀를 따라가던 도중 드루이드 레야와 만났습니다. 레야에게 소녀의 행방을 물어 보세요.	QUEST_LV_0100_20151016_010338	Druid Leja was on her way to inspect the giant Goddess Statue, but the demon-controlled ferrets tied her feet up. But then, suddenly a the mysterious girl appears and the ferrets went after her instead.	드루이드 레야는 거대 여신상을 먼저 살펴보러 왔지만 마족에게 세뇌당한 페릿들 때문에 발이 묶여있었다고 합니다. 그러는 와중에 신비한 소녀가 나타났고 페릿들이 소녀를 쫓아사라졌다고 합니다.	
QUEST_UNUSED_20151102_003102	La druida Leja dice que la niña estaba siendo perseguida por hurones. Derrota a los hurones y rescata a la niña.	드루이드 레야는 소녀가 페릿에게 쫓기고 있었다고 합니다. 페릿들을 처치하며 소녀를 찾아 보세요.				
QUEST_UNUSED_20151102_003103	La misteriosa chica fue secuestrada por Demon Lord Zaura. Discuta esto con la druida Leja.	신비한 소녀가 마군주 자우라에게 잡혀갔습니다. 일단 드루이드 레야와 상의해 보는 것이 좋겠습니다.	QUEST_LV_0100_20151001_009563	The mysterious girl was caught by the Demon Lord. Report to Druid Leja.	신비한 소녀가 마군주에게 잡혀갔습니다. 이 사실을 드루이드 레야에게 알리세요.	
QUEST_UNUSED_20151102_003104	Derrota a los hurones	습격해오는 페릿 처치	QUEST_UNUSED_20151022_002065	Defeat the ferrets that rushed in	습격한 페릿 처치	
QUEST_UNUSED_20151102_003105	El Señor Demonio tomó a la niña y desapareció. Habla con Druida Leja sobre qué hacer a continuación.	마군주가 소녀를 납치해서 사라졌습니다. 어떻게 해야 할지 드루이드 레야와 상의하는 것이 좋겠습니다.	QUEST_LV_0100_20151001_009564	The Demon Lord captured the girl and disappeared. Report to Druid Leja.	마군주가 소녀를 납치해서 사라졌습니다. 이 사실을 드루이드 레야에게 알리세요.	
QUEST_UNUSED_20151102_003106	La druida Leja cree que los hurones esconden a la niña. Ella te pide que le traigas algunas hierbas somnolientas para hacer un incienso y usarlo con los hurones.	드루이드 레야는 분명 페릿들이 소녀를 숨겼을 거라고 합니다. 레야는 페릿들의 정신을 빼놓을 향을 만들어 줄테니 몽롱초를 구해달라고 합니다.	QUEST_UNUSED_20151022_002066	Druid Leja told you that she saw the ferrets moving in a group and she also told you the location where the girl is likely to hide. Leja told you that before she goes out to look for the girl, she would make the scent that would make the ferrets unconscious so she wants you to bring some Drowsy Herb.	드루이드 레야는 페릿들이 몰려가는 걸 봤다고 하며 페릿이 소녀를 숨길만한 위치를 알려줍니다. 레야는 근거지에 소녀를 찾으러 가기 전에 페릿들 정신을 빼놓을 향을 만들어 줄테니 몽롱초를 구해달라고 합니다.	
QUEST_UNUSED_20151102_003107	Entrega las hierbas somnolientas a la druida Leja	몽롱초를 드루이드 레야에게 전달	QUEST_LV_0100_20151001_009567	Hand over the herbs to Druid Leja	채집한 몽롱초를 드루이드 레야에게 전달	
QUEST_UNUSED_20151102_003108	El druida Leja ha creado un incienso capaz de poner en trance a los hurones. Pregúntale a Druida Leja sobre la posible ubicación de la niña y los hurones.	드루이드 레야는 몽롱해지는 향을 만들었습니다. 드루이드 레야에게 페릿이 소녀를 숨겼을 만한 위치를 물어보세요.	QUEST_LV_0100_20151016_010344	Druid Leja along with the Drowsy Scent she promised, will tell you the possible spots where the ferrets might have taken to the girl to. Speak with Leja.	드루이드 레야는 몽롱해지는 향과 함께 페릿이 소녀를 숨겼을 만한 위치를 몇 군데 알려주겠다고 합니다. 레야와 대화하세요.	
QUEST_UNUSED_20151102_003109	Rescata a la niña secuestrada del escondite del hurón	페릿 근거지에 납치된 소녀 구출				
QUEST_UNUSED_20151102_003110	La niña secuestrada por los hurones necesita ser rescatada. Lanza la bolsa de incienso para dejar a los hurones desorientados, luego aprovecha y rescata a la niña.	페릿이 납치한 소녀를 구출해야 합니다. 향 주머니를 던져 터뜨리면 페릿들이 정신을 차리지 못할 거라고 합니다. 그 틈을 이용하여 소녀를 구출하세요.	QUEST_UNUSED_20151022_002067	You should save the girl while the ferrets are unconscious after spreading the scent that makes you drowsy. But, in order to spread the scent, you would need a bonfire and you should be cautious since the effects are short.	몽롱해지는 향을 피우고 페릿이 정신을 못차리는 동안 소녀를 구해야 합니다. 단, 몽롱해지는 향을 피우기 위해서는 모닥불이 필요하며 효과가 짧으니 주의해야 합니다.	
QUEST_UNUSED_20151102_003111	La niña secuestrada por los hurones necesita ser rescatada. Explota la bolsa de incienso para dejar a los hurones desorientados, luego aprovecha la oportunidad y rescata a la niña.	페릿이 납치한 소녀를 구출해야 합니다. 향 주머니를 터뜨리면 페릿들이 정신을 차리지 못할 거라고 합니다. 그 틈을 이용하여 소녀를 구출하세요.	QUEST_LV_0100_20151016_010347	Save the girl while the ferrets are drowsy.	몽롱해지는 향으로 페릿들이 정신을 못차리는 틈에 소녀를 구출해야합니다.	
QUEST_UNUSED_20151102_003112	La misteriosa chica empezó a correr tan pronto como la liberaste. Sigue su rastro hasta donde está.	신비한 소녀를 풀어주자 어디론가로 황급히 뛰어갔습니다. 소녀의 흔적을 따라 소녀를 쫓아가세요.				
QUEST_UNUSED_20151102_003113	Has encontrado a la chica junto a la gran estatua de la Diosa. Habla con la chica misteriosa.	거대 여신상 발치에 서 있는 신비한 소녀를 찾았습니다. 신비한 소녀와 대화해 보세요.	QUEST_LV_0100_20151016_010351	You found the girl standing in front of the foot of the giant Goddess Statue. Speak with the girl.	거대 여신상 발치에 서있는 신비한 소녀를 찾았습니다. 신비한 소녀와 대화하세요.	
QUEST_UNUSED_20151102_003114	La misteriosa chica señala un retoño brillante. Habla con la chica misteriosa.	신비한 소녀는 빛나는 묘목을 지켜보고 있습니다. 신비한 소녀와 대화하세요.	QUEST_LV_0100_20151016_010352	The mysterious girl is vacantly looking at a mysterious seedlings. Speak with her.	신비한 소녀는 멍하니 신비한 묘목을 지켜보고 있습니다. 그녀와 대화하세요.	
QUEST_UNUSED_20151102_003115	Investiga el retoño brillante	빛나는 묘목 조사				
QUEST_UNUSED_20151102_003116	La misteriosa chica señala un retoño brillante. Echa un vistazo al retoño.	신비한 소녀는 빛나는 묘목을 가리킵니다. 묘목을 살펴 보세요.				
QUEST_UNUSED_20151102_003117	Druida Benes está buscando a alguien que le ayude con su investigación. Habla con el druida Benes.	드루이드 베네스는 자신의 연구를 도울 사람을 찾고 있습니다. 드루이드 베네스와 대화해 보세요.	QUEST_LV_0100_20151016_010358	Druid Benes is studying the ferrets and what made them ferocious. Ask him if there is any way to calm them down.	드루이드 베네스는 난폭해진 페릿부족을 연구하고 있다고 합니다. 페릿들을 진정시킬 방법이 없는지 그와 대화해보세요.	
QUEST_UNUSED_20151102_003118	El druida Benes te ha pedido que le observes los patrones de comportamiento de los hurones. Utilice un pergamino vacío alrededor de los hurones para tomar notas.	드루이드 베네스는 자기 대신 페릿의 행동 양식을 관찰해 달라고 합니다. 페릿 근처에서 빈 주문서를 사용하면 행동 양식을 적을 수 있습니다.	QUEST_UNUSED_20151022_002068	Druid Benes asked you to record down the behavior of the ferrets on an empty scroll to understand the ferrets well. When you use the empty scroll near the ferrets, you can record down the behaviors.	드루이드 베네스는 페릿을 이해하기 위해 페릿의 행동양식을 빈 주문서에 적어오라고 했습니다. 페릿 근처에서 빈 주문서를 사용하면 행동양식을 적을 수 있습니다.	
QUEST_UNUSED_20151102_003119	Has anotado los patrones de comportamiento de los hurones en el pergamino en blanco. Llévaselo a Benes.	빈 주문서에 페릿의 행동 양식을 수집했습니다. 드루이드 베네스에게 전해주세요.	QUEST_UNUSED_20151022_002069	You've wrote down the behavior of the ferrets on an empty scroll after observing the ferrets. Hand it over to Druid Benes.	페릿을 관찰해서 빈 주문서에 페릿의 행동양식을 수집했습니다. 드루이드 베네스에게 전해주세요.	
QUEST_UNUSED_20151102_003120	El pergamino de transformación de hurón proporcionado por el druida Benes te permite convertirte en un hurón. Transfórmate en uno y descubre por qué se han puesto del lado de los demonios y están atacando a los humanos.	드루이드 베네스가 준 페릿 변신 주문서를 사용하면 페릿으로 변신할 수 있습니다. 페릿으로 변신해서 왜 페릿들이 마족 편에서 사람들을 공격하는지 알아보세요.	QUEST_LV_0100_20151016_010365	The Ferret Transformation Scroll that Druid Benes gave will make you be able to transform into a ferret. Ask the ferrets around and find out why are they attacking the people.	드루이드 베네스가 준 페릿 변신 주문서를 사용하면 페릿으로 변신할 수 있습니다. 페릿으로 변신해서 페릿이 왜 마족편에서 사람들을 공격하는지 알아보세요.	
QUEST_UNUSED_20151102_003121	La razón por la que los hurones comenzaron a atacar a los humanos es porque los demonios los han hecho más fuertes. Cuéntale esto al druida Benes.	페릿이 사람들을 공격하는 이유는 마족이 페릿을 강하게 해 주기 때문이라고 합니다. 드루이드 베네스에게 돌아가 이 사실을 알리세요.	QUEST_LV_0100_20151016_010366	The reason behind the ferrets attacking the pople was to drive the people off. Return to Druid Benes and report your findings.	페릿이 사람들을 공격하는 이유는 이 기회에 사람들을 몰아내기 위해서라고 합니다. 드루이드 베네스에게 돌아가 이 사실을 알리세요.	
QUEST_UNUSED_20151102_003122	Coloca la pieza de madera vudú y observa la reacción de los hurones.	주술 걸린 나무토막을 놓고 페릿 반응 관찰	QUEST_LV_0100_20151016_010369	Set the modified block of wood and observe the ferrets' reactions	변형된 나무토막을 설치하고 페릿 반응 보기	
QUEST_UNUSED_20151102_003123	El druida Benes te ha pedido que coloques el trozo de madera vudú con la forma de un aldeano herido y observes la reacción de los hurones.	베네스는 부상당한 주민 모습을 한 주술 걸린 나무토막을 페릿 근처에 놓아 보고 페릿의 반응을 살펴보자고 했습니다.	QUEST_UNUSED_20151022_002070	Benes asked you to look at the responses of the ferrets after setting the pieces of woods that resemble the appearance of a wounded villager and look at the behavior of the ferrets.	베네스는  부상당한 주민 모습을 한 주술 걸린 나무토막을 페릿 근처에 설치해보고 페릿의 반응을 살펴보자고 했습니다.	
QUEST_UNUSED_20151102_003124	Los hurones parecen atacar a todos los humanos indiscriminadamente. Pregúntale al druida Benes qué hacer a continuación.	페릿은 무차별적으로 사람을 공격하는 것 같습니다. 이제 어떻게 해야 할지 드루이드 베네스와 대화해 보세요.	QUEST_LV_0100_20151016_010373	The ferrets attacked the wooden block shaped like an injured townfolk. Report back to Druid Benes.	드루이드 베네스가 준 나무토막을 설치하자 페릿들이 나무토막을 공격했습니다. 이 사실을 베네스에게 알리세요.	
QUEST_UNUSED_20151102_003125	Ahuyenta a los hurones del taller del bosque de Bellai con el repelente	벨라이 숲 작업장 근처에서 지독한 향으로 페릿 쫓아내기				
QUEST_UNUSED_20151102_003126	Benes te ha pedido que esparzas un repelente maloliente por el taller del bosque de Bellai para ahuyentar a los hurones.	베네스는 페릿을 쫓기 위해 지독한 향을 벨라이 숲 작업장 근처에 피워달라고 부탁했습니다. 	QUEST_UNUSED_20151022_002071	In order to drive out the ferrets, Benes asked you to spread the terrible scent at Bellai Forest. Set the bonfire and burn the terrible scent.	베네스는 페릿을 쫓기 위해 지독한 향을 벨라이 숲에 피워달라고 부탁했습니다. 모닥불을 피워서 지독한 향을 태우세요.	
QUEST_UNUSED_20151102_003127	para ingresar al modo de descanso y usar la leña para preparar una hoguera y difundir el olor.	키를 누른 뒤 휴식 상태에서 장작을 사용해 모닥불을 피워 지독한 향을 태우세요.				
QUEST_UNUSED_20151102_003128	Informe al druida Benes	드루이드 베네스에게 보고	QUEST_LV_0100_20151016_010376	Return to Druid Benes	드루이드 베네스에게 돌아가기	
QUEST_UNUSED_20151102_003129	Has ahuyentado a los hurones con un repelente. Volver con el druida Benes.	지독한 향으로 페릿을 쫓아냈습니다. 드루이드 베네스에게 돌아가세요.	QUEST_LV_0100_20151016_010377	Used the Terrible Scent to drive the ferrets off. Return to Druid Benes.	지독한 향을 사용해서 페릿을 쫓아냈습니다. 드루이드 베네스에게 돌아가세요.	
QUEST_UNUSED_20151102_003130	Busca a la diosa Lada	라다 여신 수색				
QUEST_UNUSED_20151102_003131	La Diosa Laima te ha pedido que rescates a la Diosa Lada de los demonios y frustres sus planes.	라이마 여신은 마족에게 잡혀있는 라다 여신을 구하고 마족들의 계획을 막아달라고 부탁했습니다.	QUEST_LV_0100_20151016_010379	Goddess Laima asks you to find the imprisoned Goddess Lada and foil the demon's plan.	라이마 여신이 마족들에게 잡혀있는 라다 여신을 찾고 마족들의 계획을 막아달라고 했습니다.	
QUEST_UNUSED_20151102_003132	La Diosa Laima te ha pedido que rescates a la Diosa Lada de los demonios y frustres sus planes. Ella está cautiva por Demon Lord Zaura en la selva tropical de Seir. Ve a buscarla.	라이마 여신은 마족들에게 잡혀있는 라다 여신을 구하고 마족들의 계획을 막아달라고 부탁했습니다. 세이르 숲에서 마군주 자우라에게 잡힌 라다 여신을 찾으세요.	QUEST_UNUSED_20151022_002072	We should look for the Goddess Lada from the Demon Lord Zaura from Seir Rainforest.	세이르 숲에서 마군주 자우라에게 잡힌 라다 여신을 찾아야합니다.	
QUEST_UNUSED_20151102_003133	Es posible que el Señor Demonio Zaura haya escapado, pero la fuerza que rodea a la Diosa Lada ha desaparecido. Habla con la Diosa Lada.	마군주 자우라는 도망갔지만 라다 여신에게 다가가지 못하게 가로막고 있던 힘은 사라졌습니다. 라다 여신과 대화해 보세요.	QUEST_LV_0100_20151016_010381	While battling Demon Lord Zaura, the force preventing you from approaching Goddess Lada has disappeared. Speak with Goddess Lada.	마군주 자우라와 전투를 벌이는 도중에 여신 라다에게 다가갈 수 없게 하는 힘이 사라진 것 같습니다. 여신 라다와 대화하세요.	
QUEST_UNUSED_20151102_003134	Mientras luchaba contra Demon Lord Zaura, la fuerza que rodeaba a la Diosa Lada parece haber desaparecido. Habla con la Diosa Lada.	마군주 자우라와 전투 중에 여신 라다에게 다가가지 못하게 하던 힘이 사라진 것 같습니다. 라다 여신과 대화해 보세요.				
QUEST_UNUSED_20151102_003135	La Diosa Lada dice que, antes de destruir la Kruvina, debes destruir los dispositivos conectados a Ella. Habla con la Diosa Lada.	라다 여신은 크루비나를 파괴해야 하지만 그러기 위해선 자신이 묶여 있는 여러 장치들을 파괴해야 한다고 합니다. 라다 여신과 대화해 보세요.	QUEST_LV_0100_20151016_010383	You must find a way to free Goddess Lada. Speak with her.	여신 라다를 구출하기 위한 방법을 찾아야합니다. 여신 라다와 대화해보세요.	
QUEST_UNUSED_20151102_003136	Rescata a la Diosa Lada y pregúntale cómo frustrar los planes de los demonios.	라다 여신을 구출하고 마족의 음모를 막으려면 어떻게 해야하는지 라다 여신에게 물어보세요.	QUEST_UNUSED_20151022_002073	Ask Goddess Lada how to rescue Lada and prevent the conspiracy of the demons.	여신 라다에게 라다를 구출하고 마족의 음모를 막으려면 어떻게 해야하는지 물어보세요.	
QUEST_UNUSED_20151102_003137	Destruye la sala de redención	구속구 파괴	QUEST_LV_0100_20151016_010384	Destroy the Restraining Device	구속 장치 파괴	
QUEST_UNUSED_20151102_003138	La diosa Lada parece estar perdiendo la conciencia. Intenta destruir los Guardianes de Redención más cercanos a la Diosa Lada.	라다 여신이 점점 정신을 잃어가고 있는 것 같습니다. 먼저 라다 여신의 주변에 있는 구속구를 파괴하세요.	QUEST_LV_0100_20151016_010386	Silent Whisper from the Goddess: The restraining device is keeping whatever the little power I have got left down and holding me its prisoner. The power of the orb is enough to destroy the device.	여신의 전음: 구속 장치는 미약하게나마 남아있는 제 힘을 모두 억눌러 저를 구속하고 있는 장치입니다. 구속 장치를 파괴하는 건 지금 가지고 있는 보주의 힘으로도 충분할 거에요.	
QUEST_UNUSED_20151102_003139	Has destruido todos los resguardos de redención. Pregúntale a la Diosa Lada si está bien.	구속구를 모두 파괴했습니다. 라다 여신은 괜찮은지 대화해 보세요.	QUEST_LV_0100_20151016_010387	All the restraining devices are destroyed. Speak with Goddess Lada.	구속 장치를 모두 파괴했습니다. 여신 라다와 대화하세요.	
QUEST_UNUSED_20151102_003140	Has destruido las Salas de Redención que mantenían cautiva a la Diosa Lada. Habla con ella.	라다 여신을 구속하고 있는 구속구를 파괴하였습니다. 라다 여신과 대화해 보세요.	QUEST_UNUSED_20151022_002074	You've destroyed the device that is binding Lada and released Lada. Talk to Lada.	라다를 구속하고 있는 장치를 파괴하고 라다의 구속을 해방시켰습니다. 라다 여신과 대화하세요.	
QUEST_UNUSED_20151102_003141	La Diosa Lada cree que agregar sangre de demonio al dispositivo de absorción de vitalidad hará que se revierta y se desactive.	라다 여신은 마족으로부터 마족의 혈액을 구해서 생명력 흡수 장치에 뿌리면 반발력으로 인해 작동이 멈출거라고 합니다.	QUEST_UNUSED_20151022_002075	Lada told you that when you obtain the blood from the demons and sprinkle them onto the device that absorbs vitalities, the device would stop working.	라다 여신은 마족으로부터 마족의 혈액을 구해서 생명력 흡수 장치에 뿌리면 작동이 멈출거라고 했습니다.	
QUEST_UNUSED_20151102_003142	Has recogido suficiente sangre de demonio. Aplíquelo al dispositivo de absorción de energía.	마족의 혈액을 충분히 모았습니다. 생명력 흡수 장치에 마족의 혈액을 뿌려 장치를 파괴하세요.	QUEST_UNUSED_20151022_002076	Acquired enough blood of the demons. Sprinkle the blood of the demons to the device that absorbs the vitalities.	마족의 혈액을 충분히 모았습니다. 생명력 흡수 장치에 마족의 혈액을 뿌리세요.	
QUEST_UNUSED_20151102_003143	Derrota demonios y recolecta %s	마족을 처치해서 %s 수집	QUEST_LV_0100_20151016_010391	Defeat demons to gather %s	마족을 처치해서 %s 모으기	
QUEST_UNUSED_20151102_003144	La diosa Lada dice que incluso una Kruvina incompleta puede usarse para el mal y cree que debería ser destruida.	크루비나 생성 장치를 모두 파괴했습니다. 여신 라다와 대화하세요.	QUEST_LV_0100_20151016_010396	You've destroyed the Kruvina Generators like Goddess Lada told you to. Speak with Goddess Lada.	여신 라다의 말대로 크루비나 생성 장치를 모두 파괴했습니다. 여신 라다와 대화하세요.	
QUEST_UNUSED_20151102_003145	Puede que el Señor Demonio Zaura haya sido derrotado, pero un espectador intruso ha robado la Kruvina. Regreso a la Diosa Lada.	라다 여신은 불완전한 크루비나라도 악용할 수 있기 때문에 파괴해야 한다고 합니다.	QUEST_UNUSED_20151022_002079	Goddess Lada destroyed all Kruvina generating devices, but she also said she should destroy some uncomplete Kruvinas.	여신 라다는 크루비나 생성 장치를 모두 부쉈지만 이미 일부 만들어진 불완전한 크루비나를 파괴해야한다고 합니다.	
QUEST_UNUSED_20151102_003146	Puede que el Señor Demonio Zaura haya sido derrotado, pero un espectador intruso ha robado la Kruvina. Regreso a la Diosa Lada.	마군주 자우라는 처치했지만 갑자기 난입한 주시자에게 크루비나를 빼앗기고 말았습니다. 라다 여신에게 돌아가 보세요.	QUEST_LV_0100_20151016_010399	The Watcher abruptly intervened and took Kruvina. However, you did defeat Demon Lord Zaura. Report back to Goddess Lada.	갑자기 난입한 주시자 때문에 크루비나를 파괴하진 못했지만 마군주 자우라는 처치했습니다. 여신 라다에게 돌아가보세요.	
QUEST_UNUSED_20151102_003147	Ve a la estatua de la diosa Laima en Zeraha.	제라하에 있는 라이마 여신상으로 가기	QUEST_LV_0100_20151016_010402	Look closely at the goddess' orb	여신의 수정구 살펴보기	
QUEST_UNUSED_20151102_003148	La Diosa Lada dice que escuchó la voz de la Diosa Laima llamándote. Ve a la estatua de la Diosa Laima en Zeraha.	라다 여신은 당신을 부르는 라이마 여신의 목소리를 들었다고 합니다. 제라하의 라이마 여신상의 손 끝으로 가 보세요.	QUEST_UNUSED_20151022_002080	Goddess Lada says she received a calling from Goddess Laima to guide to her the savior who freed them of the disaster. Take the goddess' orb to the statue of Goddess Laima in Zeraha and look around.	라다 여신은 라이마가 자신에게 구원자가 재앙을 해결하면 제라하의 라이마 여신상 손 끝으로 인도해달라고 부탁 받았다고 합니다. 여신의 보주를 가지고 제라하의 라이마 여신상 손 끝을 살펴보세요.	
QUEST_UNUSED_20151102_003149	Al acercarte a la gran estatua de la Diosa Laima, viste que Giltine la está lastimando. Laima te ha pedido que encuentres todas las revelaciones. Cuéntale a la Diosa Lada sobre esto.	거대 라이마 여신상의 손 끝에서 본 것은 길티네에게 고통받고 있는 라이마였습니다. 라이마는 당신에게 모든 계시를 찾아달라고 부탁했습니다. 라다 여신에게 이 사실을 알려 주세요.	QUEST_LV_0100_20151016_010404	At the hand of the giant Goddess Statue, you've realized that Demon Goddess Giltine is holding Goddess Laima hostage. Goddess Laima gave you the mission as a savior. Report this discovery to Goddess Lada.	거대 여신상의 손 끝에서 마신 길티네가 라이마 여신을 붙잡았다는 사실을 알게 됐습니다. 라이마는 당신에게 구원자로서의 임무를 줬습니다. 라다 여신에게 이 사실을 알리세요.	
QUEST_UNUSED_20151102_003150	El sacerdote del pueblo quiere reconstruir el templo caído para preparar el regreso de las diosas Laima y Lada. Pero primero, debes eliminar los demonios y purificar la tierra contaminada. El sacerdote del pueblo espera que puedas ayudar a ahuyentar a los demonios.	마을 사제는 언젠가 돌아올 라이마 여신과 라다 여신을 위해 무너진 신전을 다시 재건하려고 합니다. 하지만 그 전에 남아있는 마족을 몰아내고 사악한 기운으로 물든 땅을 정화해야한다고 합니다. 마을 사제는 당신에게 마족들을 몰아내는데 힘을 보태달라고 부탁했습니다.	QUEST_LV_0100_20151016_010409	The Village Priest is trying to rebuild the Laima temple for the day when she comes back. But cleaning out the remaining demons and purifying the land would be first in order. The Village Priest asked you to help them on the mission to drive the demons off.	마을 사제는 사람들과 함께 언젠가 돌아올 라이마 여신과 라다 여신을 위해 무너진 신전을 다시 재건하려고 합니다. 하지만 그 전에 남아있는 마족을 몰아내고 사악한 기운으로 물든 땅을 정화해야한다고 합니다. 마을 사제는 당신에게 마족들을 몰아내는데 힘을 보태달라고 부탁했습니다.	
QUEST_UNUSED_20151102_003151	Encuentre un maestro en Fedimian que pueda saber sobre la purificación	페디미안에서 정화에 대해 알 만한 마스터 찾기	QUEST_UNUSED_20151022_002082	Request for help at Fedimian	페디미안에 도움 요청하기	
QUEST_UNUSED_20151102_003152	El sacerdote del pueblo quiere purificar la tierra contaminada con energía maligna, pero no está seguro de qué hacer, ya que fue contaminada a propósito. Ve a Fedimian y pide consejo a los Maestros sobre la purificación de la tierra.	마을 사제는 사악한 기운으로 오염된 대지를 정화하려 하지만, 사람이 오염시킨 특별한 상황이라 방법을 잘 모르겠다고 합니다. 페디미안에 있는 마스터들에게 대지를 정화시킬 방법에 대해 조언을 구해보세요.	QUEST_UNUSED_20151022_002083	The village priest is looking for a way to purify the land that is polluted by the vicious energy of the demons. The priest has asked you to look for a way to purify the land from the masters at Fedimian.	마을 사제는 마족의 사악한 기운으로 오염된 대지를 정화할 방법을 찾고 있습니다. 사제는 페디미안에 있는 마스터들에게 대지를 정화시킬 방법에 대해 조언을 구해봐달라고 했습니다.	
QUEST_UNUSED_20151102_003153	Has obtenido un Pergamino de Purificación del Maestra Druida en Fedimian. Habla con el cura del pueblo.	페디미안의 드루이드 마스터에게서 마을 사제가 찾던 대지 정화 주문서를 구해왔습니다. 마을 사제와 대화해보세요.	QUEST_LV_0100_20151016_010418	Acquired Purification Scroll from the master in Orsha. Speak with the Village Priest.	오르샤 마스터에게서 마을 사제가 찾던 대지 정화 주문서를 구해왔습니다. 마을 사제와 대화해보세요.	
QUEST_UNUSED_20151102_003154	El sacerdote de la aldea cree que los tótems demoníacos podrían ser la causa de la contaminación y quiere que destruyas los que están en el lote baldío de Inega y el patio trasero de Odur, y luego uses el pergamino para purificar la tierra allí.	마을 사제는 마족 토템이 오염의 근원인 것 같다며 이네가 공터 근처와 오두르 안뜰의 마족 토템을 파괴하고 정화의 주문서로 대지를 정화해달라고 부탁했습니다.	QUEST_UNUSED_20151022_002086	The priest told you that it seems that the demonic totem is the source of the pollution so he asked you destroy the demonic totem and purify the land with the scroll of purification.	마을 사제는 마족 토템이 오염의 근원인 것 같다며 마족 토템을 파괴하고 정화의 주문서로 대지를 정화해달라고 부탁했습니다.	
QUEST_UNUSED_20151102_003155	El gran sacerdote del pueblo te ha pedido que plantes las semillas de la Flor de la Tierra y se las entregues a la Diosa Lada.	마을 대사제는 생명의 기운에서 대지의 꽃 씨앗을 심어 생명력 가득한 대지의 꽃을 피운 뒤, 라다 여신에게 그 꽃을 전해달라고 부탁했습니다.	QUEST_UNUSED_20151022_002089	The Village Great Priest has asked you to grow Earth's Flower seeds in a land imbued with vital force. Grow the flowers and bring them to Goddess Lada.	마을 대사제는 생명의 기운에서 대지의 꽃 씨앗을 심어 생명력 가득한 대지의 꽃을 피워달라고 했습니다. 꽃이 피면 라다 여신에게 전해달라고 부탁했습니다.	
QUEST_UNUSED_20151102_003156	Entregar a la Diosa Lada	라다 여신에게 전달	QUEST_LV_0100_20151016_010426	Speak with Goddess Lada	라다 여신과 대화	
QUEST_UNUSED_20151102_003157	La Flor de la Tierra ha florecido. Llévaselo a la Diosa Lada.	생명력을 가득 머금은 대지의 꽃을 피웠습니다. 라다 여신에게 가져다 주세요.	QUEST_LV_0100_20151016_010427	The Earth Flower blossomed. Speak with Goddess Lada.	생명력을 가득 머금은 대지의 꽃을 피웠습니다. 라다 여신과 대화하세요.	
QUEST_UNUSED_20151102_003158	Habla con Nikodemas	니코데마스와 대화				
QUEST_UNUSED_20151102_003159	Nikodemas busca ayuda.	니코데마스가 도움을 줄 사람을 찾고 있습니다.				
QUEST_UNUSED_20151102_003160	Busque a la persona que ha desaparecido.	청년 수색하기				
QUEST_UNUSED_20151102_003161	Busque a la persona que ha desaparecido.	돌아오지 않는 청년을 찾으세요.				
QUEST_UNUSED_20151102_003162	Habla con los jóvenes aislados	고립된 청년과 대화				
QUEST_UNUSED_20151102_003163	Compruebe si el joven aislado está bien.	고립된 청년의 상태를 확인하세요.				
QUEST_UNUSED_20151102_003164	Habla con Scalvis	스칼비스와 대화				
QUEST_UNUSED_20151102_003165	Scalvis está buscando ayuda.	스칼비스가 도와줄 사람을 찾고있습니다.				
QUEST_UNUSED_20151102_003166	Derrota a los monstruos cercanos	인근의 몬스터 처치				
QUEST_UNUSED_20151102_003167	Derrota a los monstruos cercanos para mantener a salvo a los aldeanos.	마을사람들의 안전을 위해 인근의 몬스터를 처치하세요				
QUEST_UNUSED_20151102_003168	Informe los resultados a Scalvis.	스칼비스에게 결과를 보고하세요				
QUEST_UNUSED_20151224_003169	Piedra de las peticiones	의뢰석				
QUEST_UNUSED_20151224_003170	La Asociación Mágica acepta muestras de monstruos de todas las regiones con fines de investigación. {nl}Agradecemos su colaboración.	저희 마법협회에서는 각 지역의 몬스터를 연구하기 위해 몬스터의 표본을 수집하고 있습니다.{nl}많은 참여 부탁드립니다.				의뢰석
QUEST_UNUSED_20151224_003171	Tus muestras serán estudiadas cuidadosamente por la Magic Association.{nl}Gracias por ayudar.	모아 주신 표본은 마법 협회에서 소중히 연구하도록 하겠습니다.{nl}협조해 주셔서 감사합니다.				의뢰석
QUEST_UNUSED_20151224_003172	Un Nigromante necesita un espíritu bien entrenado para resistir el daño de la energía maligna. {nl}Lucha conmigo y muéstrame cuán fuerte es tu espíritu.	네크로맨서의 주술은 술자의 영혼이 단련되지 않으면 사악한 기운에 잠식되어 버려.{nl}그대의 영혼이 얼마나 강한지 나와 싸워서 증명해 봐.	QUEST_JOBSTEP_20150317_000274	Necromancer spells will devour the spell caster if their soul is not well trained. {nl}Fight me and prove how strong your soul is.	네크로맨서의 주술은 술자의 영혼이 단련되지 않으면 사악한 기운에 잠식되어 버린다.{nl}그대의 영혼이 얼마나 강한지 나와 싸워서 증명해 봐.	네크로맨서 마스터
QUEST_UNUSED_20151224_003173	Hay un trabajo del Maestro Enlazador que realmente no quiero perderme. {nl} Si haces este trabajo por mí, te mostraré cómo usar los poderes físicos. ¿Qué dices?	링커 마스터에게 절대로 빼앗기고 싶지 않은 의뢰가 있네.{nl}자네가 바쁜 나 대신 그 의뢰를 처리해준다면 초능력의 운용법에 대해 가르쳐 주지. 어떤가?	QUEST_JOBSTEP_20150317_000595	I have a request that I don't want to lose to the Linker Master.{nl}If you could take care of that request on behalf of me, I will teach you how to control your energy. How about it?	링커 마스터에게 절대로 빼앗기고 싶지 않은 의뢰가 있네.{nl}자네가 바쁜 나 대신 그 의뢰를 처리해준다면 염력의 운용법에 대해 가르쳐 주지. 어떤가?	사이코키노 마스터
QUEST_UNUSED_20151224_003174	¡Impresionante!{nl}Ya basta de Maestro Enlazador, tú y yo tenemos algunas conversaciones sobre poder psíquico que hacer.	훌륭하군!{nl}링커 마스터는 이제 내버려두고, 우린 초능력에 대해 심도있는 대화나 나눠보세.	QUEST_JOBSTEP_20150317_000598	That's nice!{nl}Leave the Linker Master and let's talk about energy in details.	훌륭하군!{nl}링커 마스터는 이제 내버려두고, 우린 염력에 대해 심도있는 대화나 나눠보세.	사이코키노 마스터
QUEST_UNUSED_20151224_003175	Debería haber un Hallowventer por aquí con la llave...{nl}Eso es extraño.	열쇠를 가진 할로우벤터가 주변에 있을 텐데..{nl}이상하군요.	QUEST_UNUSED_20150317_000066	Hollow Venter is to such should be in the neighborhood of Yorusu~euru. {nl} It is strange.	열쇠을 가진 할로우벤터가 주변에 있을 텐데..{nl}이상하군요.	우울한 부엉이 조각상
QUEST_UNUSED_20151224_003176	¿Estás seguro de que no estás herido? {nl} La siguiente lápida está de camino a Dykyne Fork.	역시 만만치 않군요. 다친 곳은 없으신지요.{nl}다음 비문은 디키네 갈림길로 가는 길에 있습니다.	QUEST_LV_0100_20150317_001860	Are you okay?{nl}The next epitaph is at Dykyne Fork.	다친 곳은 없으신지요.{nl}다음 비문은 디키네 갈림길로 가는 길에 있습니다.	사학자 렉시퍼
QUEST_UNUSED_20151224_003177	Antes de enseñarte, puedo ayudarte a tener una idea de cómo es el combate real.{nl}	내게 가르침을 받기 전에 실전의 느낌이란 게 어떤 것인지 내가 도와줄 수도 있겠구나.{nl}	QUEST_JOBSTEP_20150317_000648	{nl}Maybe I can help you, but you must know what real battle feels like before you receive lessons from me.{nl}	{nl}내게 가르침을 받기 전에 실전의 느낌이란 게 어떤 것인지 내가 도와줄 수도 있겠구나.{nl}	소드맨 마스터
QUEST_UNUSED_20151224_003178	Solicitud de colección de la Asociación Mágica	마법협회의 수집 의뢰				
QUEST_UNUSED_20151224_003179	Esperamos cooperar.	협조하도록 하자	QUEST_LV_0100_20150317_002398	Accept	수락	
QUEST_UNUSED_20151224_003180	No creo que pueda ayudar.	도울 여유는 없을 것 같다	QUEST_LV_0200_20150317_001850	Reject	거부	
QUEST_UNUSED_20151224_003181	Revisa la Piedra de las Solicitudes	의뢰석 확인	QUEST_UNUSED_20150918_000392	Talk with the collector	수집상과 대화	
QUEST_UNUSED_20151224_003182	Consulta la Piedra de las Solicitudes de la Asociación Mágica.	마법협회의 의뢰석을 확인해 보세요.	QUEST_UNUSED_20150918_000392	Talk with the collector	수집상과 대화	
QUEST_UNUSED_20151224_003183	Obtener muestras de monstruos	몬스터 표본 획득	QUEST_UNUSED_20150918_000393	Obtained the collections	수집품 획득	
QUEST_UNUSED_20151224_003184	La Piedra de las Solicitudes te pide que recolectes muestras de monstruos. Derrota a los monstruos cercanos y recolecta todas las partes que puedan usarse como especímenes.	마법 협회의 의뢰석은 몬스터 연구를 위해 몬스터의 표본을 수집해 달라는 내용이었습니다. 주변의 몬스터를 처치하여 몬스터에게서 얻을 수 있는 부위들을 수집해 보세요.	QUEST_UNUSED_20150918_000393	Obtained the collections	수집품 획득	
QUEST_UNUSED_20151224_003185	Informe a la Piedra de las Solicitudes	의뢰석에 보고	QUEST_UNUSED_20150918_000392	Talk with the collector	수집상과 대화	
QUEST_UNUSED_20151224_003186	Has recogido suficientes muestras de monstruos. Llévalos a la Piedra de las Solicitudes.	이 정도면 몬스터의 표본을 충분히 수집한 것 같습니다. 의뢰석에 가져가세요.	QUEST_UNUSED_20150918_000392	Talk with the collector	수집상과 대화	
QUEST_UNUSED_20151224_003187	Habla con el submaestro hoplita	하플라이트 서브 마스터와 대화				
QUEST_UNUSED_20151224_003188	Ve a ver al subdirector hoplita en West Siauliai Woods.	샤울레이 서쪽 숲에 있는 하플라이트 서브 마스터를 찾아가세요.	QUEST_JOBSTEP_20150317_001225	Find the Hoplite Master in West Siauliai Woods.	샤울레이 서쪽 숲에 있는 하플라이트 마스터를 찾아가세요.	
QUEST_UNUSED_20151224_003189	Reuniste todos los materiales necesarios para demostrar tu determinación de volverte más fuerte. Vuelve con el maestro hoplita.	강해지고자 하는 마음가짐의 증명에 필요한 재료를 모두 모았습니다. 하플라이트 서브 마스터에게 돌아가 보세요.	QUEST_JOBSTEP_20150317_001228	Gathered all the materials needed to prove your determination to become stronger. Return to the Hoplite Master.	강해지고자 하는 마음가짐의 증명에 필요한 재료를 모두 모았습니다. 하플라이트 마스터에게 돌아가 보세요.	
QUEST_UNUSED_20151224_003190	Habla con el Submaster Psychokino	사이코키노 서브 마스터와 대화				
QUEST_UNUSED_20151224_003191	Encuentra al maestro Psychokino en la aldea de mineros de Siauliai.	샤울레이 광산 마을에 있는 사이코키노 서브 마스터를 찾아가세요.	QUEST_JOBSTEP_20150317_001230	Find the Psychokino Master in Siauliai Miners' Village.	샤울레이 광산 마을에 있는 사이코키노 마스터를 찾아가세요.	
QUEST_UNUSED_20151224_003192	El Maestro Psychokino te dijo que está interesado en este campo y te pidió que fueras su asistente. Obtén los pines de cola de Desmodus en Tenet Church B1 solicitados por el Maestro Psychokino.	사이코키노 서브 마스터는 이 분야에 관심이 있다면 잠시 자신의 조수가 되어 보는 것을 권했습니다. 사이코키노 서브 마스터가 필요로 하는 테넷 성당 지하 1층에서 데스모두스의 꼬리침을 구해 오세요.	QUEST_JOBSTEP_20150729_003031	The Psychokino Master told you that he is interested in this field and he asked you to become his assistant. Please obtain Desmodus' Tail Pins in Tenet Church B1 that are needed by the Psychokino Master.	사이코키노 마스터는 이 분야에 관심이 있다면 잠시 자신의 조수가 되어 보는 것을 권했습니다. 사이코키노 마스터가 필요로 하는 테넷 성당 지하 1층에서 데스모두스의 꼬리침을 구해 오세요.	
QUEST_UNUSED_20151224_003193	Entregar al Submaster Psychokino	사이코키노 서브 마스터에게 전달	QUEST_JOBSTEP_20150317_001233	Give it to the Psychokino Master	사이코키노 마스터에게 전달	
QUEST_UNUSED_20151224_003194	Adquiriste suficientes pines de cola de Desmodus. Vuelve con el Maestro Psychokino y dáselo.	데스모두스의 꼬리침을 충분히 구했습니다. 사이코키노 서브 마스터에게 돌아가 전해 주세요.	QUEST_JOBSTEP_20150729_003032	Acquired enough Desmodus' Tail Pins. Return to the Psychokino Master and give them to him.	데스모두스의 꼬리침을 충분히 구했습니다. 사이코키노 마스터에게 돌아가 전해 주세요.	
QUEST_UNUSED_20151224_003195	Habla con el submaster enlazador	링커 서브 마스터와 대화				
QUEST_UNUSED_20151224_003196	Encuentra al maestro enlazador en la aldea de mineros de Siauliai.	샤울레이 광산 마을에 있는 링커 서브 마스터를 찾아가세요.				
QUEST_UNUSED_20151224_003197	El Maestro Enlazador está enfatizando la importancia de la capacidad de abrir la mente como Linker. Para poner a prueba tu competencia como Linker, obtén Corylus Cores y Galok Blood en Tenet Church 1F.	링커 서브 마스터는 사람의 마음을 여는 링커의 자질을 굉장히 강조하고 있습니다. 링커의 자질을 알아보는 시험에 필요한 코릴러스의 핵과 갈록의 피를 테넷 성당 지상 1층에서 구해 오세요.	QUEST_JOBSTEP_20150323_002339	The Linker Master is emphasizing on the importance of the ability to open one's mind as a linker. To test the competency of a Linker, please obtain Corylus Core and Galok Blood in Tenet Church 1F.	링커 마스터는 사람의 마음을 여는 링커의 자질을 굉장히 강조하고 있습니다. 링커의 자질을 알아보는 시험에 필요한 코릴러스의 핵과 갈록의 피를 테넷 성당 지상 1층에서 구해 오세요.	
QUEST_UNUSED_20151224_003198	Entregar los materiales al Submaestro Enlazador	링커 서브 마스터에게 재료 전달				
QUEST_UNUSED_20151224_003199	Ha reunido todos los materiales necesarios para el experimento. Entrégalos al Submaestro Enlazador.	시험에 필요한 모든 재료를 구했습니다. 링커 서브 마스터에게 재료를 전달해 주세요.	QUEST_JOBSTEP_20150317_001245	Got all the materials for the test. Give it to the Linker Master.	시험에 필요한 모든 재료를 구했습니다. 링커 마스터에게 재료를 전달해 주세요.	
QUEST_UNUSED_20151224_003200	Has derrotado al Throneweaver que estaba destruyendo las estatuas de búhos. Vuelve y habla con el búho triste.	부엉이 조각상을 마구 파괴하고 다니는 쓰론위버를 처치했습니다. 슬픈 부엉이와 다시 대화해 보세요.	QUEST_LV_0200_20150317_002203	Defeated the Throneweaver that was destroying the owl sculptures. Talk to the Sad Owl again.	부엉이 조각상을 마구 파괴하고 다니는 쓰론위버을 처치했습니다. 슬픈 부엉이와 다시 대화해 보세요.	
QUEST_UNUSED_20151224_003201	Sigue hablando con Merrisa sobre la reliquia.	메리사와 성물에 대한 대화를 계속 해 보세요.	QUEST_UNUSED_20151001_000721	Continue the talk with Jurate about the sacred object.	유라테와 성물에 대한 대화를 계속 해 보세요.	
QUEST_UNUSED_20151224_003202	Parece que has encontrado la reliquia. Llévaselo a Merrisa.	성물을 찾은 것 같습니다. 메리사에게 가져다 주세요.	QUEST_UNUSED_20151001_000725	It seems that you've found a sacred object. Take it to Jurate.	성물을 찾은 것 같습니다. 유라테에게 가져다 주세요.	
QUEST_UNUSED_20160718_003203	Puedo ver tu pasión, pero ¿qué pasa con tus habilidades? {nl}Tráeme fragmentos de Phyracon y escamas de Drake verde de la Torre del Mago.	열의는 알겠지만 실력은 어떨까?{nl}마법사의 탑에서 피라콘의 조각과 초록 드레이크의 비늘을 가져오는 거야.	QUEST_JOBSTEP_20150317_000253	I can see your passion, but what about your abilities? {nl}Bring me a Phyracon Fragment and a Green Drake Scale in the Mage Tower.	열의는 알겠다만 실력은 어떨까?{nl}마법사의 탑에서 피라콘의 조각과 초록 드레이크의 비늘을 가져오는 거야.	위저드 마스터
QUEST_UNUSED_20160718_003204	Para demostrar tu determinación de ser más fuerte, recolecta el cuero de Glizardon en Tenet Church B1, los caninos de Galok en el primer piso y los polvos negros de los egomos en el segundo piso. Para encontrar la iglesia Tenet, dirígete a Srautus Gorge y pasa por Gele Plateau.	먼저 샤울레이 광산 마을 너머의 스라우타스 협곡을 지나 겔리 고원을 거쳐 테넷 성당 안으로 진입하세요. 그 다음 강해지고자 하는 다짐의 증명을 위해 테넷 성당 지하 1층의 글리자돈의 가죽, 지상 1층의 갈록의 송곳니, 지상 2층의 이노움의 검은가루를 구해 오세요.	QUEST_JOBSTEP_20150323_002334	To prove your determination to be stronger, please collect Glizardon's Leather in Tenet Church B1, Galok's Canine in 1F, and Black Powders from Egnome in 2F.	강해지고자 하는 다짐의 증명을 위해 테넷 성당 지하 1층의 글리자돈의 가죽, 지상 1층의 갈록의 송곳니, 지상 2층의 이노움의 검은가루를 구해 오세요.	
QUEST_UNUSED_20160718_003205	El Maestro Psychokino te dijo que está interesado en este campo y te pidió que fueras su asistente. En primer lugar, llegue a la iglesia Tenet pasando por Srautus Gorge y Gele Plateau. Una vez que llegue allí, obtenga los pines de cola de Desmodus en Tenet Church B1 solicitados por el Maestro Psychokino.	사이코키노 서브 마스터는 이 분야에 관심이 있다면 잠시 자신의 조수가 되어 보는 것을 권했습니다. 스라우타스 협곡을 지나 겔리 고원을 거쳐 테넷 성당 지하 1층까지 가세요. 그 다음 사이코키노 서브 마스터가 필요로 하는 데스모두스의 꼬리침을 구해 오세요.	QUEST_UNUSED_20151224_003192	The Psychokino Master told you that he is interested in this field and asked you to become his assistant. Obtain the Desmodus Tail Pins in Tenet Church B1 requested by the Psychokino Master.	사이코키노 서브 마스터는 이 분야에 관심이 있다면 잠시 자신의 조수가 되어 보는 것을 권했습니다. 사이코키노 서브 마스터가 필요로 하는 테넷 성당 지하 1층에서 데스모두스의 꼬리침을 구해 오세요.	
QUEST_UNUSED_20160718_003206	El Maestro Enlazador está enfatizando la importancia de la capacidad de abrir la mente como Linker. En primer lugar, llegue a la iglesia Tenet pasando por Srautus Gorge y Gele Plateau. Allí, prueba tu competencia como Linker, obtén Corylus Cores y Galok Blood en Tenet Church 1F.	링커 서브 마스터는 사람의 마음을 여는 링커의 자질을 굉장히 강조하고 있습니다. 우선 스라우타스 협곡을 지나 겔리 고원을 거쳐 테넷 성당까지 진입하세요. 그 후 링커의 자질을 알아보는 시험에 필요한 코릴러스의 핵과 갈록의 피를 테넷 성당 지상 1층에서 구해 오세요.	QUEST_UNUSED_20151224_003197	The Linker Master is emphasizing the importance of the ability to open one's mind as a Linker. To test your competence as a Linker, obtain Corylus Cores and Galok Blood in Tenet Church 1F.	링커 서브 마스터는 사람의 마음을 여는 링커의 자질을 굉장히 강조하고 있습니다. 링커의 자질을 알아보는 시험에 필요한 코릴러스의 핵과 갈록의 피를 테넷 성당 지상 1층에서 구해 오세요.	
QUEST_UNUSED_20160718_003207	Una espada y un escudo para el pueblo [Avance de los montañeses]	국민과 방패를 위한 검[하이랜더 전직]				
QUEST_UNUSED_20160718_003208	Perturbación de la Bestia Alada [Avance de Peltasta]	날짐승의 방해[펠타스타 전직]				
QUEST_UNUSED_20160718_003209	El Maestro Highlander parece estar muy arrepentido, pero no puedes rendirte. Habla con el Maestro Highlander nuevamente.	하이랜더 마스터는 무척 미안한 듯 하지만, 물러설 수 없습니다. 하이랜더 마스터와 다시 대화해 보세요.				
QUEST_UNUSED_20160718_003210	La primera flecha [Avance del arquero]	첫 번째 화살[아처 전직]				
QUEST_UNUSED_20160718_003211	Camino del sanador [Avance de clérigo]	치유사의 길[클레릭 전직]				
QUEST_UNUSED_20160718_003212	Adoración eterna [Avance de Krivis]	영원한 경배[크리비 전직]				
QUEST_UNUSED_20160811_003213	No pensé que serías capaz de derrotarlo... {nl}Eres mucho más fuerte de lo que pensaba. Estoy impresionado.{nl}Creo que retomar el monasterio será una tarea fácil si nos ayudas.	그 녀석을 쓰러뜨리실 줄이야..{nl}계시자님은 제 생각 이상으로 강력한 분이시로군요. 감탄했습니다.{nl}계시자님과 함께라면 수도원 수복도 손쉬운 일이 아닐까 싶군요.	QUEST_UNUSED_20150714_000243	I didn't expect that you would defeat it..{nl}You are much stronger than I expected. I am surprised.{nl}If I am with you, regaining the control of the monastery won't be that hard.	그 녀석을 쓰러뜨리실 줄이야...{nl}계시자님은 제 생각 이상으로 강력한 분이시로군요. 감탄했습니다.{nl}계시자님과 함께라면 수도원 수복도 손쉬운 일이 아닐까 싶군요.	수도사 제프리
QUEST_UNUSED_20160811_003214	El dispositivo secreto sospechoso de la sala de almacenamiento	보관실의 수상한 비밀 장치				
QUEST_UNUSED_20160811_003215	Cartas desde la prisión (2)	죄수의 편지(2)				
QUEST_UNUSED_20160811_003216	Comprueba el dispositivo secreto en el camino al depósito de suministros número 1.	제1 보관창고로 가는 길에 있는 비밀 장치 확인				
QUEST_UNUSED_20160811_003217	Hay un dispositivo secreto en camino al depósito de suministros número 1. Esta vez, asegúrese de verificar qué tipo de dispositivo es.	제1 보관창고로 가는 길에 비밀 장치가 있습니다. 이번엔 어떤 장치인지 한 번 살펴보세요.				
QUEST_UNUSED_20160811_003218	Destruye los cristales de hielo que aparecieron junto al dispositivo secreto.	비밀 장치 주변에 나타난 빙결 수정 파괴				
QUEST_UNUSED_20160811_003219	Este dispositivo secreto era una trampa. ¡Destruye todos los cristales de hielo que aparecieron cerca!	이 비밀 장치는 함정이었습니다. 주변에 나타난 빙결 수정을 모두 파괴하세요!				
QUEST_UNUSED_20161005_003220	Si quieres alcanzar etapas superiores como Krivis. Ve a la estatua de la diosa en Fedimian.{nl}La peregrinación es un rito de iniciación.	크리비로서 더 높은 경지에 오르고 싶거든 페디미안의 여신상에 경배를 드리고 오게.{nl}성지순례야말로 여신께 의무를 다하는 통과의례 아니겠는가.	QUEST_JOBSTEP_20150317_000479	If you want to step up as a Krivis, then go and worship the goddess Statue in Fedimian. {nl}A pilgrimage is a sure way to fulfill duties to the goddess.	크리비로써 더 높은 경지에 오르고 싶거든 페디미안의 여신상에 경배를 드리고 오게.{nl}성지순례야말로 여신께 의무를 다하는 통과의례 아니겠는가.	크리비 마스터
QUEST_UNUSED_20161005_003221	Tardaste menos tiempo del que esperaba. Eres bueno.{nl}Quiero darte la bienvenida no solo como mentor y aprendiz sino como camaradas.	시간이 꽤 걸리리라 생각했는데 생각했던 것보다 더 뛰어나시군요.{nl}스승과 제자가 아닌 전우로서, 잘 부탁드립니다.	QUEST_JOBSTEP_20150317_000660	I thought this would take you more time, you are better than I thought.{nl}I am counting on you as a colleague.	시간이 꽤 걸리리라 생각했는데 생각했던 것보다 더 뛰어나시군요.{nl}스승과 제자가 아닌 전우로써, 잘 부탁드립니다.	하플라이트 마스터
QUEST_UNUSED_20161005_003222	Si puedo conseguir materiales de madera resistentes del centro de Ciudad Petrificada, podría conceder cualquier deseo... {nl}Quizás conceder las enseñanzas de Dievdirbys.	석화된 도시의 중심 시가에 있는 늠름한 원목만 가질 수 있다면 뭐든 들어줄 텐데..{nl}가령 딥디르비의 가르침이라든가 말이오.	QUEST_JOBSTEP_20150317_000690	If I could obtain solid wood from the main street of Petrified City, I would be able to accept any request...{nl}For example, the lesson of Dievdirbys.	석화된 도시의 중심 시가에 있는 늠름한 원목만 가질 수 있다면 뭐든 들어줄 텐데..{nl}가령 딥디르비의 가르침이라던가 말이오.	조각가 테슬라
QUEST_UNUSED_20161005_003223	Algunos de los dispositivos en la pared exterior son bastante peligrosos. {nl}Me preocupa que los monstruos puedan manejarlos mal y crear un gran problema.	외성벽의 장치들은 위험한 것들이 많아요.{nl}혹시라도 몬스터들이 잘못 건드려서 오작동하면 큰 문제가 될 수도 있어서 걱정이에요.				큐폴 밀다
QUEST_UNUSED_20161005_003224	¿Es eso cierto? {nl}Es bueno escucharlo.	정말인가요?{nl}한시름 놓겠네요.				큐폴 밀다
QUEST_UNUSED_20161005_003225	Mientras investigaba este lugar, tenía miedo constante.	여길 조사하면서도 엄청 조마조마했거든요.				큐폴 밀다
QUEST_UNUSED_20161005_003226	Eso es un alivio. {nl} Espero que ese sea el final de eso.	다행이에요.{nl}이걸로 일단 문제없겠죠.				큐폴 밀다
QUEST_UNUSED_20161005_003227	Dios mío, los monstruos se estaban escondiendo. {nl}Pero es un alivio que estés a salvo.	그럴수가.. 몬스터가 숨어있었군요.{nl}그래도 무사하시니 정말 다행입니다.	QUEST_LV_0200_20150414_006760	How can you.. there are hidden monsters.{nl}But, It's really good you are okay.	그럴수가... 몬스터가 숨어있었군요.{nl}그래도 무사하시니 정말 다행입니다.	사제 라엘리에
QUEST_UNUSED_20161005_003228	Operación Recuperación del núcleo de la pared exterior(1)	외성벽 코어 회수 작전(1)				
QUEST_UNUSED_20161005_003229	Hablando con otros Kupoles	다른 큐폴들과 조사한 내용 이야기 중				
QUEST_UNUSED_20161005_003230	Los monstruos parecen terriblemente agresivos.	몬스터들이 굉장히 위협적인 모양이라고 한다				
QUEST_UNUSED_20161005_003231	Meh, parecen en su mayoría inofensivos.	별로 위험하지 않다고 한다				
QUEST_UNUSED_20161005_003232	Preservar la evidencia del muro exterior	외성벽의 증거 보존				
QUEST_UNUSED_20161005_003233	Escapémonos antes de que eso suceda.	그전에 도망가자고 한다				
QUEST_UNUSED_20161005_003234	Operación Recuperación del núcleo de la pared exterior	외성벽 코어 회수 작전				
QUEST_UNUSED_20161005_003235	Habla con Kupole Milda	큐폴 밀다와 대화				
QUEST_UNUSED_20161005_003236	El núcleo de la pared exterior necesita una inspección. Habla con Kupole Milda en el Distrito 9 del Muro Exterior.	아무래도 외성벽에 있다는 코어에 대해 조사해봐야 할 것 같습니다. 외성벽 제 9구역에 있는 큐폴 밀다를 찾아가세요.				
QUEST_UNUSED_20161005_003237	Kupole Milda dice que el núcleo está fuertemente protegido por varios medios y que los monstruos son grandes en número.	큐폴 밀다는 코어가 다중으로 보호되고 있는 데다 어쩐지 몬스터들이 많고 공격적이어서 일이 쉽지 않다고 합니다. 안전한 조사를 위해 주변의 몬스터를 처치하세요.				
QUEST_UNUSED_20161005_003238	Has reducido la cantidad de monstruos cercanos hasta cierto punto. Informe a Kupole Milda	주변의 몬스터를 어느정도 정리했습니다. 큐폴 밀다에게 돌아가세요.				
QUEST_UNUSED_20161005_003239	Kupole Milda parece tener algo que decir. Habla con Kupole Milda.	큐폴 밀다가 할 말이 있는 것 같습니다. 큐폴 밀다와 대화해보세요.				
QUEST_UNUSED_20161005_003240	Derrota a los monstruos en el Distrito 9 del Muro Exterior	외성벽 제 9구역의 몬스터 처치				
QUEST_UNUSED_20161005_003241	Kupole Milda dice que los dispositivos en la pared exterior pueden ser peligrosos si los monstruos los manejan mal. Derrota a los monstruos antes de que hagan daño.	큐폴 밀다는 외성벽의 장치들을 몬스터가 잘못 건드려서 오작동하게 되면 위험하다고 합니다. 문제를 일으키기 전에 몬스터를 처치하세요.				
QUEST_UNUSED_20161005_003242	Informe a Kupole Milda	큐폴 밀다에게 보고				
QUEST_UNUSED_20161005_003243	Ya se han matado suficientes monstruos. Informe a Kupole Milda.	몬스터를 충분히 처치했습니다. 큐폴 밀다에게 말해주세요.				
QUEST_UNUSED_20161214_003244	Barón Münchausen	뮌히하우젠 남작				
QUEST_UNUSED_20161214_003245	¡Ah! ¡Debes sentirte atraído hasta aquí por mi reputación en constante expansión! {nl}Y Sí, soy EL Barón Munchausen. {nl}	오호라. 내 명성을 듣고 찾아왔나 보군!{nl}그래, 바로 내가 바로 그 유명한 뮌히하우젠 남작이라네!{nl}				뮌히하우젠 남작
QUEST_UNUSED_20161214_003246	Probablemente quieras ser mi suplente.{nl}Pero un gran hombre como yo debe ser selectivo sobre a quién debo tomar bajo mis alas.{nl}	제자가 되고 싶어서 찾아왔겠지?{nl}하지만 나같이 위대한 해결사는 아무나 받아주지 않는다네.{nl}				뮌히하우젠 남작
QUEST_UNUSED_20161214_003247	Hmm, si insistes, te daré una oportunidad.{nl}	흠, 하지만 자네가 정 원한다면 기회를 주도록 하지.{nl}				뮌히하우젠 남작
QUEST_UNUSED_20161214_003248	No seas tímido, jovencito.{nl}Es una simple prueba de habilidades.{nl}	부끄러워 할 필요는 없다네, 젊은이.{nl}간단하게 실력을 보이면 될 일이야.{nl}				뮌히하우젠 남작
QUEST_UNUSED_20161214_003249	Los informes de fantasmas acosando a personas en los bosques del este de Siauliai.{nl}Exorcizar fantasmas es mi especialidad, pero quiero darte esta oportunidad de demostrar tu valía.{nl}	최근 샤울레이 동쪽 숲에서 유령이 장난친다는 소문이 있네.{nl}물론 유령 퇴치라고 하면 내 특기중 하나이네만, 자네에게 기회를 주도록 하지.{nl}				뮌히하우젠 남작
QUEST_UNUSED_20161214_003250	En East Woods, encontrarás cajas de suministros alrededor del campamento de suministros. {nl}Es el contenido de las cajas el que sigue desapareciendo. Los fantasmas son, ipso facto, responsables de estos traviesos sucesos.{nl}	동쪽 숲에 가면 병사들의 보급을 위해 보급지 곳곳에 상자가 있을 걸세.{nl}그 상자안의 내용물만 감쪽같이 사라진다는데, 이건 필시 소문대로 유령의 소행이야!{nl}				뮌히하우젠 남작
QUEST_UNUSED_20161214_003251	Te daré este polvo sagrado. Espolvoréalo sobre las cajas y deja que esos malditos fantasmas conozcan su lugar. {nl}Tengo grandes expectativas puestas en ti.	이 영험한 가루를 줄테니 가루를 뿌려 상자에 깃든 유령을 물리치고 돌아도록 하게나.{nl}기대함세.				뮌히하우젠 남작
QUEST_UNUSED_20161214_003252	Ahora, joven, demuestra que lo que veo en ti es correcto.	자, 젊은이의 실력을 기대하겠네!				뮌히하우젠 남작
QUEST_UNUSED_20161214_003253	Regresaste.{nl}¿Cómo te fue?{nl}	다녀왔는가?{nl}어때, 유령은 잘 퇴치하였나?{nl}				뮌히하우젠 남작
QUEST_UNUSED_20161214_003254	¿Un tejedor?{nl}Te dije que eran los fantasmas.{nl}	위버가 나왔다구?{nl}하하, 유령의 소행이 맞구만!{nl}				뮌히하우젠 남작
QUEST_UNUSED_20161214_003255	Los fantasmas se debilitaron con mi pólvora e invocaron al monstruo.{nl}Has pasado tu primera prueba, el joven.{nl}	나의 영험한 가루에 약해진 유령이 몬스터를 부르고 달아난 걸세!{nl}첫 시험을 잘 통과했군 젊은이!{nl}				뮌히하우젠 남작
QUEST_UNUSED_20161214_003256	Deberías estar orgulloso de haber pasado la prueba del GRAN Munchausen.	이 위대한 해결사 뮌히하우젠님의 시험을 통과하다니 대단허이!				뮌히하우젠 남작
QUEST_UNUSED_20170330_003257	Puedo ver tu pasión, pero ¿qué pasa con tus habilidades? {nl}Tráeme fragmentos de Phyracon y fragmentos de caparazón de Infrorocktor rojo de la Torre del Mago.	열의는 알겠지만 실력은 어떨까?{nl}마법사의 탑에서 피라콘의 조각과 붉은 인프로 락터 껍질 조각을 가져오는 거야.	QUEST_UNUSED_20160718_003203	I can see your passion, but what about your abilities? {nl}Bring me Phyracon Fragments and Green Drake Scales from the Mage Tower.	열의는 알겠지만 실력은 어떨까?{nl}마법사의 탑에서 피라콘의 조각과 초록 드레이크의 비늘을 가져오는 거야.	위저드 마스터
QUEST_UNUSED_20170330_003258	El Maestro Mago considera el esfuerzo como lo más importante. Recoge fragmentos de Phyracon y fragmentos de caparazón de Infrorocktor rojo de la Torre del Mago.	위저드 마스터는 무엇보다도 노력을 가장 중요시 여긴다고 합니다. 마법사의 탑에서 위저드 마스터가 원하는 재료인 피라콘의 조각과 붉은 인프로 락터 껍질 조각을 모아 주세요.	QUEST_JOBSTEP_20150317_001505	The Wizard Master considers effort as most important. Collect Piece of Pyracon and Green Drake Scale from Mage Tower.	위저드 마스터는 무엇보다도 노력을 가장 중요시 여긴다고 합니다. 마법사의 탑에서 위저드 마스터가 원하는 재료인 피라콘의 조각과 초록 드레이크의 비늘을 모아 주세요.	
QUEST_UNUSED_20170330_003259	Fragmento de caparazón de Infrorocktor rojo	붉은 인프로 락터 껍질 조각				
QUEST_UNUSED_20170330_003260	Usa el orbe provocador en la Ruta de la Penitencia en la Gran Catedral.	대성당 참회로에서 도발용 보주 사용	QUEST_JOBSTEP_20150317_001670	Use the provoking orb at Penitence Route of Great Cathedral	대성당의 참회로에서 도발용 보주 사용	
QUEST_UNUSED_20170330_003261	El maestro espadachín te enseñó que el coraje para proteger a los aliados es muy importante. Provoca a los monstruos usando el orbe provocador en la Ruta de la Penitencia en la Gran Catedral y derrótalos.	소드맨 마스터는 동료를 지켜줄 수 있는 용기를 중요시하고 있습니다. 대성당 참회로에서 도발용 보주로 몬스터를 도발한 후 처치하세요.	QUEST_JOBSTEP_20150317_001671	The Swordsman Master taught that courage to protect allies is very important. Provoke the monsters using the provoking orb at Penitence Route of Great Cathedral and defeat them.	소드맨 마스터는 동료를 지켜줄 수 있는 용기를 중요시하고 있습니다. 대성당의 참회로에서 도발용 보주로 몬스터를 도발한 후 처치하세요.	
QUEST_UNUSED_20170330_003262	Reúne piedras de carbón de la ruta de la penitencia	대성당 참회로에서 질 좋은 숫돌 모아오기	QUEST_JOBSTEP_20150317_001725	Gather Charcoal Stones from Penitence Route	대성당의 참회로에서 질 좋은 숫돌 모아오기	
QUEST_UNUSED_20170330_003263	El Maestro Fletcher te pide que recolectes piedras de carbón de buena calidad. Consíguelos en Ruta de la Penitencia.{nl}	플레쳐 마스터는 질 좋은 숫돌을 잔뜩 구해 오라고 합니다. 대성당 참회로에서 질 좋은 숫돌을 모아오세요.{nl}	QUEST_JOBSTEP_20150317_001726	The Fletcher Master is asking you to gather good quality Charcoal Stones. Get them from the Penitence Route. {nl}	플레쳐 마스터는 질 좋은 숫돌을 잔뜩 구해 오라고 합니다. 대성당의 참회로에서 질 좋은 숫돌을 모아오세요.{nl}	
QUEST_UNUSED_20180418_003264	¿Cuántas veces ha sucedido esto ya? {nl} Lo siento, pero ve a reunirte con el Maestro Fletcher para descubrir qué pasó. {nl}T Intenta ir al Jardín Antiguo de la Diosa.	이게 도대체 몇 번째란 말인가!{nl}미안하지만 자네가 직접 플레쳐 마스터에게 가서 어찌 된 일인지 알아봐 주게.{nl}여신의 옛뜰로 가면 될 것이네.	QUEST_JOBSTEP_20150323_002256	How many times has this happened already?{nl}I am sorry but please go meet Fletcher Master to find out what happened.{nl}Go to Escanciu Village.	이게 도대체 몇 번째란 말인가!{nl}미안하지만 자네가 직접 플레쳐 마스터에게 가서 어찌 된 일인지 알아봐 주게.{nl}에산치우 마을로 가면 될 것이네.	하이랜더 마스터
QUEST_UNUSED_20180418_003265	¿No me escuchaste?{nl}Pasará algún tiempo antes de que sea tu turno.	말귀를 못 알아 듣소?{nl}요청이 밀려서 당신들 차례는 한참 뒤란 말이오.	QUEST_JOBSTEP_20150317_000361	Did you not hear me? {nl}It will be a long time before it is your turn.	말귀를 못 알아 듣소?{nl}주문이 밀려서 당신들 차례는 한참 뒤란 말이오.	플레쳐 마스터
QUEST_UNUSED_20190104_003266	Tus muestras serán estudiadas cuidadosamente por la Magic Association.{nl}Gracias por ayudar.	모아 주신 표본은 마법협회에서 소중히 연구하도록 하겠습니다.{nl}협조해 주셔서 감사합니다.	QUEST_UNUSED_20151224_003171	Your samples will be carefully studied by the Magic Association.{nl}Thank you for helping.	모아 주신 표본은 마법 협회에서 소중히 연구하도록 하겠습니다.{nl}협조해 주셔서 감사합니다.	의뢰석
QUEST_UNUSED_20190104_003267	Fue muy difícil para nosotros, ya que los monstruos seguían destruyendo la Piedra de las Solicitudes, pero afortunadamente tú ayudaste.{nl}Las muestras que has traído serán cuidadosamente estudiadas por la Asociación Mágica.{nl}Gracias.	위험지역이라 매번 몬스터가 의뢰석을 부숴버려서 새로 만드는 게 부담이었는데 이렇게 도와주시는 분들이 계셔서 보람이 있네요.{nl}모아주신 몬스터 표본은 연구에 소중히 사용할게요.{nl}정말 감사드려요.				헤느리카
QUEST_UNUSED_20190104_003268	Kláipeda	클라페다 	QUEST_UNUSED_20151224_003185	Report to the Stone of Requests	의뢰석에 보고	
QUEST_UNUSED_20190104_003269	Hablar a	마법협회 클라페다 지부 헤느리카				
QUEST_UNUSED_20190104_003270	Asociación de Magia Henrika de Klaipeda	와 대화				
QUEST_UNUSED_20190104_003271	Tienes suficientes muestras de monstruos.{nl}	이 정도면 몬스터의 표본을 충분히 수집한 것 같습니다.{nl}클라페다 	QUEST_UNUSED_20151224_003186	You have collected enough monster samples. Bring them to the Stone of Requests.	이 정도면 몬스터의 표본을 충분히 수집한 것 같습니다. 의뢰석에 가져가세요.	
QUEST_UNUSED_20190104_003272	Regresa al PNJ.	 NPC에게 돌아가세요.				
QUEST_UNUSED_20220614_003273	Me preocupa que ya haya llegado a Delmore Rephaim. {nl} Bajemos y encontremosla. {nl}{nl}	델무어 르바임과 마주쳤을까봐 걱정이군요. {nl}아래쪽으로 가서 빠르게 합류하죠.{nl}{nl}	QUEST_LV_0100_20151224_013069	I'm worried she may have already got to Delmore Rephaim.{nl}Let's go down and find her.{nl}{nl}	델무어 르바인과 마주쳤을까봐 걱정이군요. {nl}아래쪽으로 가서 빠르게 합류하죠.{nl}{nl}	계시자 미하일
QUEST_UNUSED_20220614_003274	Ingresa a la misión Convent Scriptorium. {nl} Caza a los monstruos en Convent Scriptorium y recupera los registros del convento saqueados.	수녀원 기록실 미션에 참가하세요{nl}수녀원 기록실의 몬스터를 처치하고 약탈당한 수녀원 기록물을 회수하세요				
QUEST_UNUSED_20220614_003275	Caza a Rafene ingresando a la Misión del Lago y obtén la Garra del Lago Rafene	호수 미션에 참가하여 라페네를 처치 후 호수 라페네의 손톱을 획득하세요				
QUEST_UNUSED_20221125_003276	Fue muy difícil para nosotros, ya que los monstruos seguían destruyendo la Piedra de las Solicitudes, {nl} pero afortunadamente tú ayudaste. {nl} Las muestras que has traído serán cuidadosamente estudiadas por la Asociación Mágica.	위험지역이라 매번 몬스터가 의뢰석을 부숴버려서{nl}새로 만드는 게 부담이었는데 이렇게 도와주시는 분들이 계셔서 보람이 있네요.{nl}모아주신 몬스터 표본은 연구에 소중히 사용할게요.	QUEST_UNUSED_20190104_003267	It was very difficult for us, as monsters kept destroying the Stone of Requests, but thankfully you helped.{nl}The samples you have brought will be carefully studied by the Magic Association.{nl}Thank you.	위험지역이라 매번 몬스터가 의뢰석을 부숴버려서 새로 만드는 게 부담이었는데 이렇게 도와주시는 분들이 계셔서 보람이 있네요.{nl}모아주신 몬스터 표본은 연구에 소중히 사용할게요.{nl}정말 감사드려요.	헤느리카
QUEST_UNUSED_20221125_003277	Muchas gracias.	정말 감사드려요.				헤느리카
QUEST_UNUSED_20230904_003278	El líder anterior murió sospechosamente e Ignas se convirtió en el próximo líder de la Torre Astral.{nl}Fue entonces cuando comenzó su tiranía.{nl}	선대 단장이 의문의 죽음을 당했고, 이그나스가 별의 탑의 새로운 단장으로 추대되었죠.{nl}그때부터 그의 폭정은 시작되었습니다.{nl}	QUEST_LV_0100_20151001_008626	The preceding leader suspiciously died and Ignas became the next leader of the Astral Tower.{nl}Then, his tyranny started.{nl}	선대 단장이 의문의 죽음을 당했고, 이그나스가 별의 탑의 새로운 단장으로 추대되었죠.{nl}그 때부터 그의 폭정은 시작되었습니다.{nl}	단원 이르만타스
