QUEST_JOBSTEP_20150317_000001	Bokor. Has elegido un camino complicado.{nl}Revisa las instrucciones en el diario de aventuras y fabrica tu muñeco.	보코르라. 어려운 길을 택하셨군요.{nl}모험일지의 제작법을 참고하여 당신만의 인형을 만들어 오세요.				보코르 마스터
QUEST_JOBSTEP_20150317_000002	Debes crear un muñeco por tu cuenta.{nl}Revisa tu diario de aventuras para ver como fabricar un muñeco.	스스로 구하지 않으면 얻을 수 없습니다.{nl}인형의 제조법은 당신의 모험일지를 참고하세요.				보코르 마스터
QUEST_JOBSTEP_20150317_000003	Felicitaciones, ha nacido un nuevo Bokor. {nl}Cuando por primera vez elegí el camino de un Bokor, comencé creando muñecos por mi cuenta.	새로운 보코르의 탄생을 축하합니다.{nl}제가 보코르의 길을 선택했을 땐 나만의 인형을 만드는 것부터 시작했답니다.{nl}				
QUEST_JOBSTEP_20150317_000004	Maestro Peltasta	펠타스타 마스터				
QUEST_JOBSTEP_20150317_000005	Si deseas recibir mis enseñanzas, debes probar tu valor primero.{nl}Este es el desafío: Derrota algunos Vubbes en el 1er piso de la Mina de Cristal.	그대가 정녕 제게 가르침을 받고 싶다면 그 자격이 있는지 증명해야 할 것입니다.{nl}과제를 드리지요. 수정광산 1층을 점령하고 있는 부베들을 처치하십시오.{nl}{nl}				
QUEST_JOBSTEP_20150317_000006	¿Cómo puedes llevar el título de Peltasta si ni siquiera puedes encargarte de eso?	그 정도도 해내지 못하고서야 어찌 펠타스타의 이름을 짊어진단 말입니까?				펠타스타 마스터
QUEST_JOBSTEP_20150317_000007	Bien. {nl}Espero que tu nuevo crecimiento te lleve a salvar el mundo. 	좋습니다.{nl}그대의 성장이 세상을 지키는 일이 되길 바라겠습니다.				펠타스타 마스터
QUEST_JOBSTEP_20150317_000008	Maestre Montañero	하이랜더 마스터				
QUEST_JOBSTEP_20150317_000009	Estoy muy agradecido de que quieras ser el sucesor de mis habilidades, pero sospecho que no{nl}seguiras mis enseñanzas correctamente. Te pondre a prueba haciendo que derrotes a los Vubbes que habitan en el 1er piso de la Mina de Cristal.	그대가 나의 검법을 계승하겠다는 건 참으로 고마운 일이나 제대로 따라올 수 있을지 의문이 드는군.{nl}수정광산 1층을 점거하고 있는 부베들을 처치하는 것으로 그대를 시험해 보겠다.				
QUEST_JOBSTEP_20150317_000010	Apresúrate.{nl}Aunque este sea tu desafío inicial, los Vubbes son una amenaza para la Aldea Minera.	서둘러라.{nl}비록 입문 과제이지만 그 부베들이 광산 마을의 위협이 되는 건 사실이니까.				하이랜더 마스터
QUEST_JOBSTEP_20150317_000011	Buen trabajo, has terminado tu iniciación para convertirte en un Montañero.{nl}Sigue con ese esfuerzo y dedicación.	결과가 좋군. 그대의 하이랜더 입문을 허락하겠다.{nl}앞으로도 열심히 정진하도록.				하이랜더 마스터
QUEST_JOBSTEP_20150317_000012	Maestro Piromante	파이로맨서 마스터				
QUEST_JOBSTEP_20150317_000013	Puedo ver que quieres aprender magia de mí, pero no le puedo enseñar a cualquiera.{nl}Quiero ver que tal puedes ayudarme con mi investigación y entonces decidiré.	저에게 마법을 배우겠다는 열의는 알겠습니다만, 아무에게나 가르쳐 드릴 순 없습니다.{nl}제 연구를 얼마나 잘 보조해 주시는지에 따라서 결정하겠어요.				
QUEST_JOBSTEP_20150317_000014	Buen trabajo. Gracias a ti puedo continuar con el siguiente paso de mi investigación.{nl}Te enseñaré la magia Piromántica tal y como prometí.	수고하셨어요. 덕분에 다음 연구단계로 넘어갈 수 있겠네요.{nl}약속대로 파이로맨서의 마법을 가르쳐 드리지요.				
QUEST_JOBSTEP_20150317_000015	Bien, has llegado. Necesito que derrotes a los espiritus malvados que voy a invocar.{nl}Estaré registrando la única longitud de onda que se transmitirá en el proceso.	잘 오셨어요. 당신이 해 주실 일은 제가 소환한 악령을 처치해 주시면 됩니다.{nl}그 과정에서 뿜어져 나오는 특별한 파장을 기록하겠어요.				
QUEST_JOBSTEP_20150317_000016	Estoy realizando una investigación sobre el 4o estado de la materia.{nl}Es imposible sin la cooperación de la Maestre Bokor, quien puede lidiar con espíritus.	전 물질의 제4번째 상태에 대해 연구중입니다.{nl}영혼을 다루는 보코르 마스터님의 협조가 없으면 절대로 불가능한 일이지요.				
QUEST_JOBSTEP_20150317_000017	Si, espléndido.{nl}Comentale al Maestre Piromante que ya tienes todos los materiales que necesitamos.	네. 아주 훌륭하군요.{nl}파이로맨서 마스터께 필요한 자료는 전부 모였다고 전해 드리세요.				보코르 마스터
QUEST_JOBSTEP_20150317_000018	Bien. {nl}El estudio se está realizando gracias a la Maestre Bokor. Así que visitala y ella te dira que hacer.	좋습니다. {nl}그 연구는 보코르 마스터님과 함께 진행중이니 그분께 가면 할 일을 일러주실 겁니다.				
QUEST_JOBSTEP_20150317_000019	Maestro Criomante	크리오맨서 마스터				
QUEST_JOBSTEP_20150317_000020	¿Quiéres que yo te enseñe mágica Criomante?{nl}¡Claro, te enseñaré, pero solo si puedes encargarte de algo primero!	제게 크리오맨서의 마법을 배우고 싶으시다고요.{nl}물론 가르쳐 드리지요. 한 가지 일만 잘 처리해 주신다면요.				
QUEST_JOBSTEP_20150317_000021	El Maestre Piromante no debería andar cerca. {nl}Así que sera una prueba sencilla.	파이로맨서 마스터는 현재 부재중이십니다.{nl}뭐, 아주 쉬운 일입니다.				크리오맨서 마스터
QUEST_JOBSTEP_20150317_000022	No te sientas culpable por eso. Hiciste un buen trabajo.{nl}Tendrás nuestro respaldo desde ahora, así que no tienes que preocuparte.	죄책감 따윈 신경 쓰지 마세요. 아주 잘해주셨습니다.{nl}이제부턴 제가 당신의 뒤를 봐 드릴 테니 너무 걱정하지 않으셔도 됩니다.				크리오맨서 마스터
QUEST_JOBSTEP_20150317_000023	Es entrar a hurtadillas al cuarto del Maestro Piromante y abrir una caja. {nl}En cuanto a lo que hay dentro de la caja... bueno, tendrás que eliminarlo.	파이로맨서의 방에 몰래 잠입해 그곳에 있는 상자를 여는 것입니다.{nl}그 안에 있는 것은.. 죽여버리는 게 좋겠네요.				
QUEST_JOBSTEP_20150317_000024	Esto sera suficiente.{nl}Mi magia no es sencilla, así que necesito que trabajes duro para seguir adelante.	이 정도면 충분하군.{nl}내 마법은 어려우니까 열심히 따라와야 할 거야.				
QUEST_JOBSTEP_20150317_000025	Tu determinación por que te enseñe es buena, pero primero tengo un favor que pedirte.{nl}Continuaremos nuestra charla si estas listo para hacerlo.{nl}	내게 뭘 배우겠다는 마음가짐은 좋다만 대신 한 가지 부탁이 있네.{nl}들어주겠다고 해야만 이야기를 계속할 수 있어.{nl}				쿼렐슈터 마스터
QUEST_JOBSTEP_20150317_000026	El equipo de Lydia Schaffen es como materiales divinos para nosotros los arqueros. {nl}Daría toda mi fortuna solo por tenerlo.	리디아 샤펜의 물건이라니, 우리 궁수들에겐 성물 같은 존재라고.{nl}할 수만 있다면 전 재산을 팔아서라도 갖고 싶군.				쿼렐슈터 마스터
QUEST_JOBSTEP_20150317_000027	Nunca me imagine que pudiera ver esto por mi mismo.{nl}Muchas gracias. Te enseñare exhaustivamente desde ahora, así que espero que estes preparado. 	이걸 직접 내 눈으로 보게 될 줄이야.{nl}고맙네. 이제부턴 철저히 지도해 줄 테니 각오 하는 게 좋을 거야.				쿼렐슈터 마스터
QUEST_JOBSTEP_20150317_000028	He escuchado que la lente perdida del telescopio de la Torre Astral está en la Mina de Cristal P1. {nl}Consiguela antes de que los otros maestres la encuentren y te enseñaré mis técnicas.	별의 탑에서 사라진 망원경의 렌즈가 수정광산 1층에 있다더군.{nl}다른 마스터들이 눈치채기 전에 빨리 그 렌즈를 가져다주면 내 기술을 가르쳐 주겠네.				쿼렐슈터 마스터
QUEST_JOBSTEP_20150317_000029	Así que quieres aprender de mi el camino de la flecha... Entonces tengo una misión para ti. {nl}Tomaré mi decisión en base a cómo realices la misión. 	나에게 활을 배우고 싶다라.. 그렇다면 당신에게 한 가지 의뢰를 하지. {nl}그 일을 얼마나 잘 해내느냐에 따라서 당신을 가르칠지 결정하겠어.				
QUEST_JOBSTEP_20150317_000030	Evoniphon... Nunca le perdonaré.	에보니폰.. 용서할 수 없어.				레인저 마스터
QUEST_JOBSTEP_20150317_000031	Maestro Cazador	헌터 마스터				
QUEST_JOBSTEP_20150317_000032	Has conseguido todos los libros. Buen trabajo. {nl}Te enseñaré el camino del Cazador como te prometí.	책이 전부 모였군요. 수고하셨어요.{nl}약속한 대로 당신에게 헌터의 기술을 가르쳐 드리겠어요.				
QUEST_JOBSTEP_20150317_000033	Has obtenido unos buenos resultados. Yo te enseñaré desde ahora. {nl}Espero que estes a la altura de mis expectativas.	성과는 확실하군. 이제부터 내가 널 가르치지.{nl}내 기대에 확실히 부응해 주길 기대하겠어.				
QUEST_JOBSTEP_20150317_000034	He escuchado que los murciélagos en la Mina de Cristal P1 tienen un tipo de veneno especial.{nl}Estoy seguro que es el mismo veneno usado por el asesino Evoniphon. Consigueme ese veneno.	수정광산 1층의 박쥐들은 특별한 독을 품고 있다는 소문을 들었어.{nl}분명히 암살자 에보니폰이 쓰는 독일 거야. 그 독을 채취해 와.				레인저 마스터
QUEST_JOBSTEP_20150317_000035	Maestre Bárbaro	바바리안 마스터				
QUEST_JOBSTEP_20150317_000036	Puedes comprender las habilidades de un oponente enfrentandolo espada contra espada.{nl}Demuestrame que eres un verdadero guerrero y yo haré que te conviertas en un verdadero Bárbaro.	검과 검을 맞댐으로써 상대의 기량을 알 수 있지.{nl}내게 전사의 자격을 증명하면 진정한 바바리안으로 이끌어 주겠다.				
QUEST_JOBSTEP_20150317_000037	Sin duda estas cualificado como un guerrero.{nl}Te convertiré en un verdadero Bárbaro.	전사의 자격은 충분하다. {nl}내가 진짜 바바리안으로 만들어 주지.				
QUEST_JOBSTEP_20150317_000038	Entiendo que quieres ser mas fuerte usando una lanza.{nl}Completa la misión que te asigne y te enseñaré mis habilidades con la lanza.	창으로써 강해지고 싶은 당신의 마음은 잘 알겠습니다.{nl}제가 드리는 과제를 수행해 오신다면 저의 창술을 가르쳐 드리겠습니다.				
QUEST_JOBSTEP_20150317_000039	Por favor tráeme Cuero de Groll del Valle Spineheart, Dardos Venenosos de Chafperor del Bosque de la Preocupación Caída, y Pólvora Negra de Jukopus de la Aldea Minera.	가시마음골의 그롤의 가죽. 낙우림의 체이퍼러의 독침.{nl}그리고 광산 마을의 유코푸스의 검은 가루를 제게 가져오세요.				
QUEST_JOBSTEP_20150317_000040	Se que te volveras más fuerte. {nl}También veo que tienes lo que se necesita para ser bueno con las lanzas.	당신이 가진 강해지고자 하는 마음에 대해 잘 알겠어요.{nl}당신이라면 창과 함께할 자격이 있습니다.				하플라이트 서브 마스터
QUEST_JOBSTEP_20150317_000041	Maestro Psychokino	사이코키노 마스터				
QUEST_JOBSTEP_20150317_000042	Si quieres entender al Mentalista, ¿entonces que te parece trabajar como mi asistente? {nl}Te garantizo que es un trabajo atractivo.	사이코키노를 이해하고 싶다면 잠시 나의 조수로 일해보는 것은 어떻겠나.{nl}굉장히 멋진 분야라는 것은 내 보증 하겠네.				
QUEST_JOBSTEP_20150317_000043	Por favor, primero derrota Matsums en Spineheart Dale y obten el alcohol de sus flores.{nl}Se rompen facilmene así que es difícil obtener algo decente.	일단 가시마음골에 있는 메슘을 잡아서 꽃술을 모아 주게.{nl}쉽게 망가져서 온전한 걸 구하기가 쉽지 않아.				
QUEST_JOBSTEP_20150317_000044	Bien. El alcohol de los Matsums está bien.{nl}Verás algo interesante pronto.	좋군. 메슘의 꽃술이 온전히 살아 있어.{nl}이제 정말 재미있는 것을 보게 될 걸세.				
QUEST_JOBSTEP_20150317_000045	Ahora ve a Gintara Highway en Spineheart Dale.{nl}Rocia este líquido medicinal en el Muñeco Matsum experimental que puse y cuéntame el resultado.	이제 가시마음골의 긴타라 가도로 가게.{nl}내가 설치해 놓은 실험용 메슘 인형에 이 물약을 뿌리고 결과를 내게 알려 주게.				
QUEST_JOBSTEP_20150317_000046	¿Los Matsums te atacaron?{nl}Si los Matsums aceptaron a los muñecos como sus amigos, lo considero un éxito.	주변의 메슘들이 자네를 공격했다고?{nl}메슘 인형을 메슘이 친구라 받아 들였으니 성공이라고 봐야겠어.{nl}				
QUEST_JOBSTEP_20150317_000047	Buen trabajo.{nl}Has hecho un buen trabajo como mi asistente, así que te enseñare qué quiere decir ser un Mentalista.	수고했네.{nl}좋은 조수가 되어 주었으니 사이코키노에 대해 본격적으로 가르쳐 주겠네.				
QUEST_JOBSTEP_20150317_000048	Mi investigación es acerca de los metodos de cambio de psicoquinesia a la sustancia{nl}de la materia. En otras palabras... es un metodo de lavado de cerebro usando la medicina.	내 연구의 주제는 염력을 물질의 형태로 전이하는 방법론에 대한 것일세.{nl}무슨 말인고 하니.. 약을 써서 세뇌를 전파하겠다는 거야.				
QUEST_JOBSTEP_20150317_000049	Maestro Enlazador	링커 마스터				
QUEST_JOBSTEP_20150317_000050	El temperamento es muy importante para un Vinculador. {nl}Si bien puede ser fácil salir del corazón de alguien, entrar requiere un tipo especial{nl}de Temperamento.	링커에겐 자질이라는 게 굉장히 중요해요. {nl}마음을 닫아 버리는 건 아주 쉽지만 남의 마음을 여는 건 특수한 자질이 필요하답니다.{nl}				링커 서브 마스터
QUEST_JOBSTEP_20150317_000051	Te pondré a prueba para ver si posees tal termperamento.	당신에게 그 자질이 있는지 제가 시험해 보겠어요.				링커 서브 마스터
QUEST_JOBSTEP_20150317_000052	Bien. Sin embargo, es necesario preparar algunos materiales antes de hacer la prueba.{nl}Tráeme la Espina de Dunball y el tallado de Velwriggler en the Gate Route.[?]	좋아요. 시험에 앞서 약간의 재료들이 필요해요.{nl}관문로에서 던볼의 가시와 벨리글러의 조각을 제게 가져다주세요.				
QUEST_JOBSTEP_20150317_000053	¡Excelente! {nl}Pero esto era solo la preparación para la prueba.{nl}	훌륭하군요.{nl}하지만 이건 시험의 준비일 뿐이에요.				링커 서브 마스터
QUEST_JOBSTEP_20150317_000054	Ahora comenzaré la prueba. {nl}Detrás de Gate Route hay una brecha en el espacio del mundo.{nl}	시험을 시작하겠어요. {nl}관문로에 이면세계의 찢어진 틈이 있죠.{nl}				
QUEST_JOBSTEP_20150317_000055	La gente normal solo es capaz de ver la realidad como es, pero si tienes el temperamento{nl}de un Vinculador, deberías percibir un mundo oculto. {nl}Encuentra el libro de allí y entregamelo.	보통 사람들에겐 그저 현실이지만 링커의 자질이 있다면 그 이면세계를 찾을 수 있을 것입니다.{nl}그곳에 있는 책을 찾아 저에게 가져다주세요.				링커 서브 마스터
QUEST_JOBSTEP_20150317_000056	¿Ya has estado en ese lugar?{nl}Solo ve a Gale Route e inspeccionalo{nl}. He marcado en el mapa su localización.	아직이신가요?{nl}관문로로 가셔서 제가 지도에 표시해드린 곳으로 곧장 가시면 됩니다.				
QUEST_JOBSTEP_20150317_000057	Parece que ya encontraste el libro. Con esto, has pasado mi prueba.{nl}No obstante, por favor lee este libro para demostrar tu determinación como Vinculador.	책을 찾아오셨군요. 이것으로 시험은 통과입니다.{nl}그 책을 링커의 길에 대한 마음가짐 삼아 읽어 주세요.				링커 서브 마스터
QUEST_JOBSTEP_20150317_000058	Así que quieres que te enseñe las habilidades de un Zapador... Entonces debes pagar {nl}regularmente una couta por mis servicios. No para mi. Más bien, ¿Quisieras realizar {nl}una donacion al Maestre Clérigo en Klaipeda? Digamos, ¿unos de 5000 de plata?	새퍼의 기술이라.. 그럼 당연히 수업료를 내야겠지.{nl}나에게 말고, 클라페다에 계신 클레릭 마스터님께 기부금을 내주었으면 해.{nl}한 5,000 실버 정도?				새퍼 마스터
QUEST_JOBSTEP_20150317_000059	Espera, una cosa más.{nl}He ocultado algunos objetos en Isla Flude en el Bosque de Siauliai Oeste.{nl}Antes de que vayas a Klaipeda, encuentra los objetos primero y regresalos a sus legítimos{nl}dueños en Klaipeda.{nl}	아차차, 한 가지 더.{nl}샤울레이 서쪽 숲의 플루데 섬에 숨겨 둔 물건이 있어. {nl}클라페다에 가기 전에 그걸 먼저 찾아서 클라페다의 원래 주인들에게 돌려줘.{nl}{nl}				
QUEST_JOBSTEP_20150317_000060	Oh, esto. Lo vi en algún lugar... hmm... se ve familiar...{nl}Bueno, lo tomaré con gratitud ya que me lo estás dando.	어, 이거. 어디서 본 물건인데.. 음.. 낯이 익은데..{nl}일단 주시는 거니 감사히 받을게요!				잡화 상인 미리나
QUEST_JOBSTEP_20150317_000061	Ah, esta es la herramienta que perdí.{nl}Gracias. ¿Dónde estaba?	어라, 이건 내가 잃어버린 연장인데?{nl}고맙소. 여태 어디에 있다 온 거람.				장비 상인 던켈
QUEST_JOBSTEP_20150317_000062	¿Olvidaste la donación?{nl}Son 5000 de plata.	기부금은 깜빡 잊은거야?{nl}5,000 실버라고.				새퍼 마스터
QUEST_JOBSTEP_20150317_000063	Maestre Clérigo	클레릭 마스터				
QUEST_JOBSTEP_20150317_000064	Gracias, en el nombre de la diosa.{nl}Prometo que las donaciones se usarán para los heridos por monstruos. {nl}	여신의 이름으로 감사드립니다.{nl}이 성금은 몬스터에게 피해를 당하신 분들께 쓰이도록 약속드리지요.{nl}				클레릭 마스터
QUEST_JOBSTEP_20150317_000065	Solía ser un ladron, pero me di cuenta de ciertas cosas y deje mi vida como criminal.{nl}Pero hay un pequeño asunto en mi mente... y quiero resolverlo ahora.{nl}	난 원래 도둑이었는데 좀 깨달은 바가 있어서 이번에 완전히 손을 씻었거든.{nl}하지만 계속 걸리는 게 있어서.. 이번 기회에 완전히 끝을 낼 거야{nl}				새퍼 마스터
QUEST_JOBSTEP_20150317_000066	De todas formas, hiciste un buen trabajo.{nl}Vamos a cooperar desde hoy, aprendiendo y enseñándonos el uno al otro.	어쨌든 정말 수고했어.{nl}앞으로 가르침을 주거니 받거니 하면서 잘 지내 보자고.				
QUEST_JOBSTEP_20150317_000067	Estoy buscando unos libros. Cuatro libros de Lydia Schaffen.{nl}Si me ayudas a encontrarlos, te enseñaré mis habilidades.	책을 찾고 있어요. 리디아 샤펜님의 책 네 권이요.{nl}책을 찾는 일을 도와주신다면 제 기술을 가르쳐 드리겠어요.				
QUEST_JOBSTEP_20150317_000068	El libro solía estar en la Aldea Minera, pero se perdió cuando atacaron los Vubbes.{nl}Trata de buscar en el cuartel de los Vubbes.	그 책은 광산 마을에 있었는데 부베 습격 사건 때 잃어버렸다고 들었어요.{nl}부베 전초기지가 있는 곳으로 가보세요.				헌터 마스터
QUEST_JOBSTEP_20150317_000069	Este es el libro. Necesitaras este libro si aspiras a ser el mejor Arquero.{nl}Te dare una copia si puedes obtener la colección completa.	이 책이군요. 최고의 궁수를 꿈꾸신다면 이 책이 필요할 거예요.{nl}책을 전부 모으게 된다면 사본을 만들어 드리죠.				헌터 마스터
QUEST_JOBSTEP_20150317_000070	El Maestre Ballestero tiene el siguiente libro. {nl}Antes estaba buscando cuero de Merog. Posiblemente puedas hacer un trato con él usandolo.	다음 권은 쿼렐슈터 마스터가 가지고 계세요.{nl}예전에 메로그의 가죽을 찾으시던데, 어쩌면 그걸로 거래해 볼 수도 있겠네요.				
QUEST_JOBSTEP_20150317_000071	¿Tienes ya el cuero de Merog para el Maestre Cazador?	헌터 마스터에게서 메로그 가죽은 아직인가?				
QUEST_JOBSTEP_20150317_000072	Esto es de buena calidad. El Maestro Cazador estará complacido. {nl}Puedes tomar el libro. {nl}	이 정도면 꽤 질이 좋군. 헌터 마스터도 꽤 보람이 있겠어. {nl}책은 자네가 가져가게. {nl}				쿼렐슈터 마스터
QUEST_JOBSTEP_20150317_000073	Los Merogs están en el Fallen Worry Forest, y el Maestre Ballestero esta en Klaipeda. {nl}Alguien podria adelantársete, así que date prisa.	메로그는 낙우림에, 쿼렐슈터 마스터는 클라페다에 있어요. {nl}다른 사람이 선수 칠 수도 있으니 어서 가보세요.				
QUEST_JOBSTEP_20150317_000074	El Maestre Arquero en Klaipeda tiene el siguiente libro.{nl}No es una mala persona, así que él te dara el libro si se lo preguntas amablemente.{nl}	다음 책은 클라페다의 아처 마스터가 가지고 있을 거예요.{nl}그다지 매정한 사람은 아니니 공손히 부탁하면 흔쾌히 책을 내어 줄 거예요.{nl}				헌터 마스터
QUEST_JOBSTEP_20150317_000075	Está ayudando a reparar el muro dañado de la ciudad.{nl}Escuché que están enviando rocas desde la Aldea Minera, así que conseguir algunas para él puede ser una manera de preguntarle.	그는 지금 무너진 성벽을 수리하는 일을 돕고 있다고 하는군요.{nl}광산 마을에 옮겨둔 바위가 있다고 하니 그걸 가져다주는 것도 부탁의 한 방법이겠지요.				헌터 마스터
QUEST_JOBSTEP_20150317_000076	¿El Maestre Cazador te dijo que enviaras esto?{nl}Si estás buscando el libro de Lydia Schaffen, solo tenías que preguntar. Pero gracias de todos modos.	이 바위는 헌터 마스터가 보낸 건가?{nl}리디아 샤펜의 책이라면 그냥 와서 빌려 가도 되는데. 어쨌든 고마워.				아처 마스터
QUEST_JOBSTEP_20150317_000077	El último libro está con el Maestre Guardabosque.{nl}Entregale este morral.{nl}Yo podría ir, pero no sera comodo vernos uno al otro.	마지막 책은 클라페다의 레인저 마스터가 가지고 있어요.{nl}그녀에게 이 주머니를 전해 주시면 될 거예요.{nl}제가 직접 가도 되지만 편히 얼굴 볼 사이가 아니라서요.				헌터 마스터
QUEST_JOBSTEP_20150317_000078	No preguntes porqué. El  trabajo es trabajo, y es un hecho que no queremos vermos uno al otro.	이유는 묻지 마세요. 일은 일이고 별로 마주치고 싶지 않은 건 사실이니까요.				헌터 마스터
QUEST_JOBSTEP_20150317_000079	Este morral... ¿Vienes de parte del Maestre Cazador? {nl}Ten. Llévale este libro.	이 주머니는.. 헌터 마스터 대신 왔나 보지?{nl}자. 그녀에게 이 책을 전해 줘.{nl}				레인저 마스터
QUEST_JOBSTEP_20150317_000080	A pesar de que la mujer actuó de forma bastante humilde, tenía bastante miedo cada vez que se acercaba a mi.	그 여자가 그렇게까지 고개를 숙인다는데 나까지 뻣뻣하게 구는 건 사양이야.				레인저 마스터
QUEST_JOBSTEP_20150317_000081	Con este cuero será suficiente. {nl}Llévaselos al Maestre Ballestero antes de que alguien más lo haga.	이 정도 가죽이면 충분할 거예요.{nl}다른 사람이 가져가기 전에 어서 쿼렐슈터 마스터께 다녀 오세요.				헌터 마스터
QUEST_JOBSTEP_20150317_000082	Esta roca me será útil para reparar el muro.{nl}Llevaselo al Maestre Arquero lo más pronto posible.	이 정도 바위라면 분명 성벽을 보수하는데 요긴하게 쓰일 거예요.{nl}어서 아처 마스터에게 가져다 주세요.				헌터 마스터
QUEST_JOBSTEP_20150317_000083	¿Tú eres el que quiere aprender mis habilidades?{nl}Excelente, estaba buscando a alguien que me ayude a encontrar el libro de Lydia Schaffen.{nl}Me ayudaras, ¿verdad?	내 기술을 배우고 싶다는 사람이 자네인가.{nl}마침 리디아 샤펜의 책을 찾아 줄 사람을 찾고 있었는데 잘됐군. 도와 줄거지?				
QUEST_JOBSTEP_20150317_000084	Hay un volumen en la Aldea Minera, pero se perdió cuando atacarón los Vubbes.{nl}Estoy seguro que está en el cuartel de los Vubbes. 	광산 마을에 1권이 있다는데, 부베한테 습격당하면서 사라졌다는군.{nl}분명 부베 전초기지에 있을거야.				쿼렐슈터 마스터
QUEST_JOBSTEP_20150317_000085	Ho-ho sí, así es.{nl}Esto será de ayuda para la gente como tú, quienes sueñan en convertirse en Ballesteros.{nl}Te dare una copia si puedes obtener la colección completa.	오오, 그래. 이거야, 이거.{nl}쿼렐슈터를 꿈꾸는 자네에게도 큰 도움이 될 거야.{nl}책을 다 모으게 된다면 이 아저씨가 사본을 주도록 하지.				쿼렐슈터 마스터
QUEST_JOBSTEP_20150317_000086	Quedan 3 más. {nl}Creo que puedes obtener uno a cambio de plata del Maestre Cazador.	앞으로 세 권 남았네.{nl}그 중의 한 권은 아마 헌터 마스터에게서 돈을 쥐어주면 구할 수 있지 싶은데..{nl}				쿼렐슈터 마스터
QUEST_JOBSTEP_20150317_000087	El problema es que estoy en bancarrota. 	문제는 내가 빈털터리라네.				쿼렐슈터 마스터
QUEST_JOBSTEP_20150317_000088	¿Te refieres al libro de Lydia Schaffen que tengo? {nl}Te lo doy a cambio de 5000 de plata.	제가 가지고 있는 리디야 샤펜님의 책 말씀이십니까.{nl}5,000 실버에 양도해 드리지요.				헌터 마스터
QUEST_JOBSTEP_20150317_000089	Me has escuchado bien, por favor paga el precio.{nl}Sobre los 5000 de plata será suficiente.{nl}	그럼 면목없지만 부탁함세.{nl}아마 5,000 실버 정도면 될 거야.{nl}				쿼렐슈터 마스터
QUEST_JOBSTEP_20150317_000090	5000 de plata... Sí, está bien.{nl}Te daré el libro, tal y como te lo prometí.	5,000 실버.. 네. 맞습니다.{nl}약속대로 책을 넘겨 드리지요.				헌터 마스터
QUEST_JOBSTEP_20150317_000091	Bueno... el Maestre Arquero debe tener el siguiente libro.{nl}Sigue con la reparación del muro, así que ¿no apreciaría que le llevases algunas rocas?{nl}Puedo llevarselas por mi cuenta, pero... ayyyy... mi espalda.	자.. 다음 책은 아처 마스터가 가지고 있을 거야.{nl}녀석은 아직도 성벽 수리에 매달리고 있으니 석재라도 갖다 주면 좋아하지 않을까?{nl}이 아저씨가 직접 갖다 줄 수도 있겠지만.. 아이고!! 허리야..				쿼렐슈터 마스터
QUEST_JOBSTEP_20150317_000092	El Maestre Arquero tiene el siguiente libro.{nl}No es una mala persona, así que te dara el libro si se lo preguntas amablemente.{nl}	다음 책은 아처 마스터가 가지고 있을 거야.{nl}그리 매정한 사람은 아니니 공손하게 부탁하면 책을 내어 줄 지도 몰라.{nl}				쿼렐슈터 마스터
QUEST_JOBSTEP_20150317_000093	He oído que él esta reparando el muro dañado de la ciudad.{nl}Envían rocas desde la Aldea Minera, y él se moverá si le llevas una.	듣기론 그는 클라페다의 무너진 성벽을 수리하는 것을 돕는 중이라더군.{nl}광산 마을에 옮겨둔 바위가 있다고 하니 갖다주면면 그 녀석, 분명 감동할 거야.				쿼렐슈터 마스터
QUEST_JOBSTEP_20150317_000094	¿El Maestre Cazador te dijo que enviaras esto?{nl}Si estás aquí por el libro de Lydia Schaffen, solo tenías que preguntar. Pero gracias de todos modos.	이 바위는 쿼렐슈터 마스터 아저씨가 보낸 건가?{nl}리디아 샤펜의 책이라면 그냥 와서 빌려 가도 되는데. 어쨌든 고마워.				아처 마스터
QUEST_JOBSTEP_20150317_000095	Ahora, el último libro. {nl}Dale este bolso al Maestra Guardabosques y consigue el libro. 	이제 마지막 책이야.{nl}레인저 마스터에게 이 주머니를 가져다주고 책을 받아와 줘.				쿼렐슈터 마스터
QUEST_JOBSTEP_20150317_000096	¿El Maestre Ballestero manda esto?{nl}Gracias. Le daré el libro como prometí.	쿼렐슈터 마스터가 보낸 건가?{nl}뭐, 수고했어. 약속한 책은 넘겨주지.				레인저 마스터
QUEST_JOBSTEP_20150317_000097	Entregale el libro rápido.{nl}No puedo sostenerlo.	어서 책을 가져와줘.{nl}참을 수가 없다고.				쿼렐슈터 마스터
QUEST_JOBSTEP_20150317_000098	¡Genial, es este! {nl}Te enseñare las habilidades de un Ballestero como te prometí.{nl}	좋아, 이거야!{nl}약속대로 자네가 더 강해질 수 있도록 쿼렐슈터의 기술을 가르쳐 주지.{nl}				
QUEST_JOBSTEP_20150317_000099	Esta roca me sera útil para reparar el muro.{nl}Llévaselo al Maestre Arquero lo mas pronto posible.	이 정도 바위라면 분명 성벽을 보수하는데 요긴하게 쓰일 거다.{nl}어서 아처 마스터에게 전해 줘.				쿼렐슈터 마스터
QUEST_JOBSTEP_20150317_000100	Si deseas aprender más de mis habilidades, hay una condición. {nl}Ayudame a encontrar los 4 libros de Lydia Schaffen.	나의 기술을 더 배우고 싶다면 조건이 있어.{nl}리디야 샤펜님의 책 네 권을 찾는 걸 도와주었으면 해.				
QUEST_JOBSTEP_20150317_000101	He escuchado que el primer libro lo tenía un residente de la Aldea Minera {nl}antes de que los Vubbes atacaran. Así que pienso que ahora puede estar en su cuartel.	내가 듣기론, 첫 권은 부베가 습격하기 전에 광산 마을 사람이 갖고 있었대.{nl}그러니 아마 부베 전초기지에 있지 않을까 생각해.				아처 마스터
QUEST_JOBSTEP_20150317_000102	¡Estoy sorprendido que lo encontraras tan rápido! {nl}Y está en buenas condiciones.{nl}	생각보다 무척 빨리 찾아와서 놀랐어.{nl}보존 상태도 아주 좋아.{nl}				아처 마스터
QUEST_JOBSTEP_20150317_000103	Pienso que le puedes comprar el siguiente libro a el Maestre Cazador...{nl}Me quedé sin plata despúes de pagar la reparación del muro. Jaja...	다음 책은 헌터 마스터에게 사올 수 있지 않을까 싶은데..{nl}성벽을 자비로 수리하느라 돈이 하나도 남아있지 않네. 하하..				아처 마스터
QUEST_JOBSTEP_20150317_000104	¿Te refieres al segundo libro de Lydia Schaffen? {nl}Te lo entregaré por 5000 de plata.	리디아 샤펜님의 두 번째 책 말씀이십니까.{nl}5,000 실버에 양도해 드리지요.				헌터 마스터
QUEST_JOBSTEP_20150317_000105	Pienso que 5000 de plata serán suficiente.{nl}He escuchado que ese es el valor del libro.	아마 5,000 실버이면 되지 않을까 싶어.{nl}그 책의 시세가 그 정도 한다더라고.				아처 마스터
QUEST_JOBSTEP_20150317_000106	Ah, has llegado en el momento exacto. {nl}Si puedes obtener cuero de Merog para el Maestre Ballestero, te dará una copia del siguiente volumen.	아, 마침 잘 왔어.{nl}쿼렐슈터 마스터께서 메로그의 가죽을 구해다 주면 다음 권의 사본을 만들어 주시겠대.				
QUEST_JOBSTEP_20150317_000107	¿El cuero de Merog viene del Maestre Arquero?	아처 마스터에게서 메로그 가죽은 아직인가?				
QUEST_JOBSTEP_20150317_000108	Encontrarás Merogs en el Bosque de la Preocupación Caída.{nl}Llévaselos al Maestro Quarrel Shooter en Klaipeda.	메로그는 낙우림에서 쉽게 볼 수 있어.{nl}깨끗하게 갈무리해서 클라페다에 계신 쿼렐슈터 마스터에게 가져다 드려.				
QUEST_JOBSTEP_20150317_000109	Tiene calidad suficiente. El Maestre Arquero estara agradecido.{nl}Ten, he preparado una copia, puedes quedártela.	이 정도면 꽤 질이 좋군. 아처 마스터도 꽤 보람이 있겠어.{nl}자. 사본은 미리 준비해 두었으니 가져가게.				쿼렐슈터 마스터
QUEST_JOBSTEP_20150317_000110	Ahora solo queda un libro. {nl}Llevale este morral al Maestre Guardabosques y obtén el libro.{nl}	이제 마지막 한 권만 남았군.{nl}레인저 마스터에게 이 주머니를 가져다주고 책을 받아와 줘.{nl}				아처 마스터
QUEST_JOBSTEP_20150317_000111	¿El Maestre Arquero te ha enviado? {nl}Bueno, buen trabajo. Te daré el libro como prometí.	아처 마스터가 보낸 건가?{nl}뭐, 수고했어. 약속한 책은 넘겨주지.				레인저 마스터
QUEST_JOBSTEP_20150317_000112	¿El libro aún no esta listo? {nl}Me gustaría ver todos los libros de Lydia Schaffen lo antes posible...	책은 아직인건가?{nl}빨리 리디아 샤펜님의 모든 책이 모여 있는 걸 보고 싶은데..				아처 마스터
QUEST_JOBSTEP_20150317_000113	Finalmente, todo está listo.{nl}Te enseñaré mis habilidades, como te prometí.	드디어 모두 모았군.{nl}약속대로 내 기술을 전수해 줄 테니 잘 부탁한다.				
QUEST_JOBSTEP_20150317_000114	Tengo que recopilar algunos libros. Son de Lydia Schaffen.{nl}Te enseñare mis habilidades si los obtienes. ¿Qué me dices?	내가 모으려고 하는 책이 있어. 리디아 샤펜의 책이지.{nl}네가 그걸 모아 주면 내 기술을 전수해 주겠어. 어때?				
QUEST_JOBSTEP_20150317_000115	El primer libro esta en la Aldea Minera, pero desaparecio despúes de que los {nl}Vubbes atacaron. ¿Creo que el libro esta en el cuartel de los Vubbes?	첫 권은 광산 마을에 있었다는데 부베들이 습격할 때 같이 사라져 버렸다는군.{nl}아마 부베 전초기지에 있지 않을까?				레인저 마스터
QUEST_JOBSTEP_20150317_000116	Oh, eso está muy bien.{nl}También te resultará de utilidad si lo lees.	어머나, 제법인걸?{nl}나중에 너도 읽어보면 도움이 될 거야.				레인저 마스터
QUEST_JOBSTEP_20150317_000117	El problema es el Maestre Cazador. No quiero verle la cara.{nl}Así que ve y consigue que te de el siguiente libro.	문제는 헌터 마스터야. 그런 여자 얼굴 따윈 정말 보고 싶지 않거든.{nl}그러니 네가 수업료라 생각하고 그 여자에게서 다음 권을 사와. 				
QUEST_JOBSTEP_20150317_000118	¿Te refieres al libro que tengo?{nl}Bien, de acuerdo. Te lo dare por 5000 de plata.	제가 가지고 있는 책 말씀이십니까.{nl}뭐, 좋아요. 5,000 실버에 양도해 드리지요.				헌터 마스터
QUEST_JOBSTEP_20150317_000119	Pienso que con 5000 de plata sera suficiente.{nl}¿Puedes ahorrar tanto?	한 5,000 실버 정도면 되지 않을까 싶네.{nl}이 정도면 대신 내줄 수 있지? 				
QUEST_JOBSTEP_20150317_000120	Has llegado en el momento preciso.{nl}El Maestre Ballestero me dijo que si puedes conseguir cuero de Merog, él te dara una copia del siguente volumen.	마침 잘 왔어. {nl}쿼렐슈터 마스터가 메로그의 가죽을 구해 오면 다음 권의 사본을 만들어 주겠대.				
QUEST_JOBSTEP_20150317_000121	¿El Maestre Guardabosques no te dijo nada?{nl}Le pedí Cuero de Merog.	레인저 마스터가 뭐라고 하진 않던가?{nl}메로그 가죽을 부탁했었는데.				
QUEST_JOBSTEP_20150317_000122	Los Merogs están en Fallen Worry Forest y el Maestre Ballestero en Klaipeda. {nl}Alguien podria ir y obtener el libro antes que tí, así que por favor date prisa.	메로그는 낙우림에, 쿼렐슈터 마스터는 클라페다에 있어. {nl}어머. 빨리 가지 않으면 다른 사람이 먼저 채갈지도 모르겠네, 그 책..				
QUEST_JOBSTEP_20150317_000123	El libro está en buenas condiciones.{nl}Ahora, llévale el libro al Maestro Arquero. {nl}	이 정도면 꽤 질이 좋군. {nl}자. 이 책을 레인저 마스터에게 가져다 주게.{nl}				쿼렐슈터 마스터
QUEST_JOBSTEP_20150317_000124	El Maestre Arquero en Klaipeda tiene el último libro.{nl}He escuchado que esta reparando el muro, asi que eso te ayudara a obtener el libro.	마지막 책은 클라페다의 아처 마스터가 가지고 있어.{nl}무너진 성벽을 수리하고 있다고 하니 이걸 이용하면 쉽게 책을 얻을 수 있을지도?				레인저 마스터
QUEST_JOBSTEP_20150317_000125	He escuchado que hay una roca que puede ser útil para reparar el muro en la Aldea de los{nl}Mineros. Llévasela al Maestre Arquero como obsequio.	광산 마을에 성벽 수리에 적당한 바위가 있다고 들었어.{nl}그걸 아처 마스터에게 선물하면 될 거야.				레인저 마스터
QUEST_JOBSTEP_20150317_000126	¿El Maestre Cazador te dijo que enviaras esto?{nl}Si estas aquí por el libro de Lydia Schaffen, solo tenías que preguntarmelo. Pero gracias de todos modos.	이 바위는 레인저 마스터가 보낸 건가?{nl}리디아 샤펜의 책이라면 그냥 와서 빌려 가도 되는데. 어쨌든 고마워.				아처 마스터
QUEST_JOBSTEP_20150317_000127	Por fin los has obtenidos todos. Buen trabajo.{nl}Te enseñaré mis habilidades como prometí, pero es tu trabajo seguirlas y continuarlas.	드디어 다 모았군. 정말 수고했어.{nl}약속대로 나의 기술을 전수해 주겠다만 따라오는 건 네 재량이야.				
QUEST_JOBSTEP_20150317_000128	Conseguiste cuero de buena calidad. {nl}Llévaselo al Maestro Quarrel Shooter. 	괜찮은 가죽을 구해 왔네.{nl}어서 쿼렐슈터 마스터에게 갖다 줘.				레인저 마스터
QUEST_JOBSTEP_20150317_000129	¿Porqué me has traído esto? Llévaselo al Maestre Arquero rápido.	그걸 왜 나에게 가지고 온 거지?{nl}빨리 아처 마스터에게 가져다 줘.				레인저 마스터
QUEST_JOBSTEP_20150317_000130	Escultor Tesla	조각가 테슬라				
QUEST_JOBSTEP_20150317_000131	El talento de un escultor es improtante, pero también lo es tener buen ojo para encontrar buenos{nl}materiales. Te ayudaré a aprender mis hablildades si me consigues los cristales azules que ando buscando.	무릇 조각가란 실력도 중요하지만 재료를 알아보는 눈도 중요하다오.{nl}내가 찾는 푸른 수정을 가져온다면 자네가 내 기술을 익힐 수 있도록 도와 드리지.				
QUEST_JOBSTEP_20150317_000132	Ese es el problema. {nl}El Yekub se lo tragó tan pronto como fue encontrado en el 2do Piso de la Aldea Minera. 	문제는 그걸세.{nl}수정광산 2층에서 발견되자마자 어디선가 나타난 예쿱이 그걸 냉큼 집어삼켜 버렸다는군.				조각가 테슬라
QUEST_JOBSTEP_20150317_000133	Oh, eso es.{nl}Tengo mucho tiempo, así que te enseñaré exhaustivamente.	오오, 이거야 이거.{nl}나에겐 시간이 아주 많으니까 천천히 가르쳐 드리겠네.				조각가 테슬라
QUEST_JOBSTEP_20150317_000134	¿Quieres aprender de mí el arte de la espada de un Montañero?{nl}Lo consideraré si obtienes la cooperación de los Peltastas.	내게 하이랜더의 검법을 전수받고 싶나.{nl}그대가 펠타스타들의 협조를 구해 온다면 고려해 보겠다.				
QUEST_JOBSTEP_20150317_000135	Como compesación por nuestra cooperación, solo ayúdanos con 5 tablas de madera tipo rodela.{nl}Derrotando a Upents en Indigo Trees Plateau deberia ser suficiente.	협조를 구하는 대가로 우든 버클러용 판자 5개를 지원해 주면 될 것이다.{nl}쪽빛나무 고원의 우펜트 정도면 충분하겠지.				
QUEST_JOBSTEP_20150317_000136	Gracias por los suminstros, pero el Maestre Montañero no te envío solo para esto.{nl}Dime lo que necesitas.{nl}	지원해주신 재료는 감사히 받겠습니다만, 하이랜더 마스터께서 그냥 보내셨을 리는 없을 터. {nl}무얼 원하는지 말씀해 보십시오.{nl}				펠타스타 마스터
QUEST_JOBSTEP_20150317_000137	¿Una cooperacion global entre Maestres? Desde luego. {nl}Dile que los Peltastas cooperarán. 	마스터간의 전면적인 협조라. 알겠습니다.{nl}저희 펠타스타들도 동참하겠다고 전해 주십시오.				펠타스타 마스터
QUEST_JOBSTEP_20150317_000138	Si los Maestres se unen, no pasará mucho tiempo hasta que el reino crezca de nuevo.{nl}Has hecho un gran trabajo, te enseñaré mi arte de la espada.	이렇게 마스터간의 결속을 다지다 보면 왕국의 재건도 머지않을 것이다.{nl}그대가 훌륭히 임무를 완수하였으니 나의 검법을 전수해 주겠다.				
QUEST_JOBSTEP_20150317_000139	Esto debería ser suficiente.{nl}Ahora pide la cooperación del Maestre Peltasta.	그 정도면 충분하다.{nl}그것으로 펠타스타 마스터의 협조를 구하면 될 것이다.				하이랜더 마스터
QUEST_JOBSTEP_20150317_000140	Vosotros los Peltastas prometemos a los Montañeros prestar nuestras fuerzas para reconstruir{nl}el reino. {nl}Si quieres aprender de mí, deberás ser también responsable.	우리 펠타스타는 하이랜더와 맺은 맹약에 따라 왕국 재건에 힘을 빌려주기로 하였습니다.{nl}따라서 당신도 저에게 가르침을 받길 원한다면 그에 대한 도리를 다할 의무가 있습니다.{nl}				
QUEST_JOBSTEP_20150317_000141	Encuentrate con Uska y préstale tu fuerza.	기사단장 우스카님에게 가서 힘을 빌려 주도록 하세요.				
QUEST_JOBSTEP_20150317_000142	Así que has venido a la petición del Maestre Peltasta.{nl}El Maestre Montañero garantizará que tendrá el apoyo de los demas Maestres.{nl}	펠타스타 마스터의 요청으로 오셨군요.{nl}일전에 하이랜더 마스터께서 다른 마스터들의 협조를 받아 내겠다고 호언장담하셨었죠. {nl}				
QUEST_JOBSTEP_20150317_000143	Nosotros, peltastas, consideramos nuestras obligaciones como seres humanos lo más importante.	설마 진짜로 해내실 줄은 몰랐습니다.{nl}				
QUEST_JOBSTEP_20150317_000144	Nosotros, peltastas, consideramos nuestras obligaciones como seres humanos lo más importante.	우리 펠타스타는 인간으로서 지켜야 할 도리를 가장 중요하게 여깁니다.				
QUEST_JOBSTEP_20150317_000145	Estaba a punto de pedir ayuda en la búsqueda. {nl}	마침 수색 지원을 요청하려던 참이었습니다.{nl}				
QUEST_JOBSTEP_20150317_000146	Envié 4 exploradores a Spineheart Dale, pero todos desaparecieron.{nl}Puede que no pensaran que el Thorn Forest fuera tan peligroso... Por favor encuéntralos.	얼마 전에 가시마음골에 4명의 정찰병을 보냈습니다만, 전부 실종되었습니다.{nl}어쩌면 가시 숲을 만만히 보다 변을 당한 게 아닌지.. 그들의 행방을 찾아 주십시오.				
QUEST_JOBSTEP_20150317_000147	Puede haber surgido algún problema.{nl}Por favor, ve a Spineheart Dale rapidamente.	어쩌면 한시를 다투는 위급한 일이 발생했을 수도 있습니다.{nl}어서 빨리 가시마음골로 가 주십시오.				
QUEST_JOBSTEP_20150317_000148	Estas... eran sus pertenencias. {nl}Al menos podemos darles las pertenencias a sus familias. Gracias. {nl}	이건.. 그들의 유품이군요.{nl}가족들에게 유품이라도 전해줄 수 있게 찾아주셔서 감사합니다.{nl}				
QUEST_JOBSTEP_20150317_000149	Iré a contarselo al Maestre Montañero, así que por favor regresa.{nl}Buen trabajo. 	하이랜더 마스터님께는 제가 따로 전해 드릴 테니 이만 돌아가 주십시오. {nl}수고하셨습니다.				
QUEST_JOBSTEP_20150317_000150	Puede que no sea un buen sentimiento, pero eso era suficiente.{nl}Te permitire que aprendas el camino de un Peltasta como prometí.	마음은 좋지 않겠지만, 그 정도면 훌륭히 임무를 완수한 것이나 다름없습니다.{nl}약속대로 펠타스타의 가르침을 받도록 허락하지요.				
QUEST_JOBSTEP_20150317_000151	Necesito obtener la energía del fuego para mi investigación, pero no tengo tiempo.{nl}Si puedes obtenerla por mi, te ayudaré a que aprendas la magia de los Piromantes.	연구에 필요한 불의 기운을 모아야 하는데 도무지 짬이 나질 않아.{nl}네가 그걸 모아 준다면 파이로맨서의 마법을 익힐 수 있도록 도와줄게.				
QUEST_JOBSTEP_20150317_000152	Con cuidado. El bote se romperá si le quitas un ojo encima.	그 항아리를 계속 지켜보지 않으면 깨져 버리니까 조심해야해.				파이로맨서 마스터
QUEST_JOBSTEP_20150317_000153	Por favor, pon este bote en el suelo cuando vayas al Descended Tree Garden.{nl}Despues de eso, cuando derrotes a los enemigos cercanos, las energías se iran acumulando en el bote.	내린나무 화원으로 가서 이 항아리를 바닥에 놔.{nl}그 다음엔 근처에 있는 몬스터를 처치하면 항아리에 기운이 모일거야.				
QUEST_JOBSTEP_20150317_000154	Hay un libro importante que estoy buscando. {nl}Si me consigues ese libro, te ayudaré a aprender la magia de los Criomantes. 	제가 찾고 있는 귀한 책이 있습니다.{nl}그 책을 찾아다 주신다면 그대가 크리오맨서의 마법을 익힐 수 있도록 도와드리겠어요.				
QUEST_JOBSTEP_20150317_000155	¿Dices que encontrarás el libro?{nl}Lo siento, pero ya es tarde.	책을 찾는다 했는가.{nl}미안하네만, 이미 늦었네.				광산 마을 촌장
QUEST_JOBSTEP_20150317_000156	He escuchado rumores de que está en la Aldea Minera, pero no se{nl}la localización exacta. Puede que el Alcalde sepa algo...	광산 마을에 있다는 소문을 들었습니다만, 정확한 출처는 모르겠군요.{nl}아마 촌장이라면 알 지도..				크리오맨서 마스터
QUEST_JOBSTEP_20150317_000157	Los Vubbes se llevaron todos los libros cuando atacaron. {nl}Tal vez los usen para hacer fuego en su puesto. 	부베들이 마을을 습격하면서 책이란 책은 모조리 가져가 버렸어.{nl}아마 전초기지에서 뗄감으로 쓸 모양이었겠지.				광산 마을 촌장
QUEST_JOBSTEP_20150317_000158	Si hubiese algo como eso, deberíamos tener cuidado.{nl}Puedes ir y tratar de buscarlo.	그런 게 있었다면 우리도 소중히 했겠지.{nl}자네가 잘 찾아보게.				광산 마을 촌장
QUEST_JOBSTEP_20150317_000159	Lo encontraste. Gran trabajo. {nl}Tendrás que esforzarte mucho para seguir mi entrenamiento. 	찾아오셨군요. 수고했어요.{nl}제 수련 과정을 잘 따라 오시려면 열심히 노력하셔야 할 겁니다.				크리오맨서 마스터
QUEST_JOBSTEP_20150317_000160	He escuchado que el libro fue visto por ultima vez en la Aldea Minera.  {nl}Es un libro muy importante, así que el Alcalde puede saber algo de ello.	그 책이 마지막으로 목격된 곳은 광산 마을이라고 합니다.{nl}매우 귀한 책이니 어쩌면 촌장이 알고 있을지도 모르겠군요.				크리오맨서 마스터
QUEST_JOBSTEP_20150317_000161	Debiste encontrar el libro. No se como, pero felicidades.{nl}¿Porque no se lo llevas a quien estaba esperándolo?	책을 찾은 모양이군. 잘은 모르지만 축하하네.{nl}어서 그 책을 기다리는 사람에게 돌아가보지 그런가.				광산 마을 촌장
QUEST_JOBSTEP_20150317_000162	Maestro Krivis	크리비 마스터				
QUEST_JOBSTEP_20150317_000163	Un Krivis debería ser libre de las restricciones de los humanos y dedicarse por completo al clero.{nl}Esto se hace ofreciendo oraciones dedicadas a todas las estatuas de la Diosa en Siauliai.{nl}	무릇 크리비란 인간의 굴레를 벗고 성직자로서 자신을 봉헌해야 하네.{nl}샤울레이 숲의 모든 여신상에게 봉헌 기도를 드리는 것으로 말일세.{nl}				
QUEST_JOBSTEP_20150317_000164	Arrepiéntete. {nl}Pidele a todas las diosas por misericordia y nace de nuevo.	참회하시게. {nl}여신께 모든 것을 고하고 새로이 다시 태어나게.				크리비 마스터
QUEST_JOBSTEP_20150317_000165	Puedo sentir que estás lleno de las bendiciones de la diosa. {nl}Bienvenido a tu nueva vida como Krivis. 	그대에게서 여신의 은혜가 충만함이 느껴지는군.{nl}형제여, 크리비로서 새로 태어남을 환영하네.				
QUEST_JOBSTEP_20150317_000166	Maestre Espadachín	소드맨 마스터				
QUEST_JOBSTEP_20150317_000167	Un viejo dicho dice, lucha hasta la muerte y sobreviviras.{nl}Sere capaz de enseñarte si te das cuenta de lo que significa.	옛 말에 이르길, 죽기로 싸우면 살 것이라 하였지.{nl}네가 이 말의 뜻을 깨닫게 되어야 널 가르칠 수 있을 것 같구나.				
QUEST_JOBSTEP_20150317_000168	Aún no sabes lo que significa.{nl}Lucha un poco más.	깨닫기엔 아직 부족한 것 같구나.{nl}조금만 더 싸워 보거라.				소드맨 마스터
QUEST_JOBSTEP_20150317_000169	Bien... ¿ahora lo entiendes?{nl}Recuerda que eres un Espadachín y dedicate tu mismo a ser uno.	그래.. 이제야 알겠느냐.{nl}소드맨으로서의 자각을 가지고 더욱더 정진하거라.				소드맨 마스터
QUEST_JOBSTEP_20150317_000170	Entonces lucha contra Mentiwood en Seven Hues Mesa.{nl}Quizá así aprendas algo.	그렇다면 칠채고원평의 멘티우드와 싸워 보려므나.{nl}그 과정에서 깨닳음을 얻을 수 있을 게다.				
QUEST_JOBSTEP_20150317_000171	Lo mas importante para un Sarcedote es creer en los dioses, y demostrarlo.{nl}Exorcisa a los soldados poseídos con espíritus malvados en nombre de la diosa.	프리스트에게 요구되는 가장 중요한 것은 여신을 믿고 증명하는 것입니다.{nl}악령에 빙의된 병사를 여신의 이름으로 퇴마하십시오.				
QUEST_JOBSTEP_20150317_000172	El soldado esta siendo cuidado en la Aldea Minera.{nl}Tu sinceridad se convertirá en tu fuerza.	그 병사는 광산 마을에서 보살핌을 받고 있습니다.{nl}신실함이 곧 당신의 힘이 되어줄 것입니다.				프리스트 마스터
QUEST_JOBSTEP_20150317_000173	Tu sinceridad ha sido probada. {nl}Caminaremos juntos en el nombre de la diosa. 	당신의 신실함은 입증되었습니다.{nl}형제여, 여신의 이름으로 우리는 함께 걸어갈 것입니다.				프리스트 마스터
QUEST_JOBSTEP_20150317_000174	Aprender mi magia viene despúes de ayudarme con mi invesigación.{nl}Hablaremos después sobre el problema de talento.	내게 마법 수업을 받는 건 내 연구를 도와 준 다음의 일이야.{nl}소질에 대한 문제는 그 후에 얘기하자고.				
QUEST_JOBSTEP_20150317_000175	Primero consigueme Piel de Grolls en the Spineheart Dale, {nl}Antenas de Chafperors en Fallen Worry Forest, y por ultimo, el núcleo de un Jukopus. Cuento contigo.	먼저 가시마음골에서 그롤의 껍질, 낙우림에서 체이퍼러의 더듬이. {nl}마지막으로 광산 마을의 유코푸스의 핵을 가져다 줘. 그럼 부탁할게.				
QUEST_JOBSTEP_20150317_000176	Has reunido todo. {nl}Ahora pasemos al siguiente paso. 	모두 모아왔구나. {nl}이제 재료를 모아왔으니 다음 단계로 넘어가자.				위저드 마스터
QUEST_JOBSTEP_20150317_000177	Klaipeda está lejos de la capital y fue recientemente atacada por los monstruos.{nl}He puesto atención en ese punto, y estoy estudiando para realizar un gran círculo mágico.{nl}	클라페다가 아무리 수도랑 멀리 떨어져 있는 도시라지만 몬스터의 공격을 거의 받지 않았어.{nl}난 이 점에 착안하여 거대 마법진을 만드는 연구를 하고 있지.{nl}				위저드 마스터
QUEST_JOBSTEP_20150317_000178	Y para eso, necesito juntar información.{nl}¿Puedes usar este pergamino por la ciudad?	그러려면 축적된 자료가 필요하거든. {nl}이 스크롤을 도시 곳곳에서 사용해 줄래?				위저드 마스터
QUEST_JOBSTEP_20150317_000179	He marcado en el mapa dónde necesitas ponerlo.{nl}Tienes que usarlo en cada punto señalado.	설치해야 할 곳은 지도에 표시해 두었어.{nl}하나도 빼놓지 말고 꼼꼼히 사용해야 해.				위저드 마스터
QUEST_JOBSTEP_20150317_000180	Buen trabajo. He obtenido información útil con tu ayuda.{nl}Mi investigación esta completa así que puedes venir a entrenar cuando quieras.	수고했어. 덕분에 좋은 자료가 모인 것 같아.{nl}연구는 무사히 마쳤으니 언제든지 수련을 받으러 와도 좋아. 				
QUEST_JOBSTEP_20150317_000181	Debes venir para aprender la fe de los Clérigos.{nl}Te enseñaré si me ayudas a tratar a los soldados heridos en la Aldea Minera.	클레릭의 신앙에 대해 배우러 오셨군요.{nl}광산 마을의 병사들을 치료하는 것을 도와주신다면 가르쳐 드리겠습니다.				
QUEST_JOBSTEP_20150317_000182	El Maestre Clérigo arroja luz en muchos a su corta edad.{nl}Toma esta agua bendita y ve con los pacientes rápido.	클레릭 마스터께서는 어린 몸으로 많은 이들의 빛이 되어 주시는군요.{nl}어서 이 성수를 가지고 환자들에게 가 보시지요.				프리스트 마스터
QUEST_JOBSTEP_20150317_000183	Necesitas agua bendita para tratarlos.{nl}Deberías obtener el agua bendita primero del Maestre Sarcedote y del Maestre Krivis.	그분들을 치료하려면 성수가 필요합니다.{nl}먼저 프리스트 마스터님과 크리비 마스터님께 성수를 받아 오셔야 할 거예요.				클레릭 마스터
QUEST_JOBSTEP_20150317_000184	Si es para el Maestre Clérico, toma toda el agua bendita que necesites.{nl}Ella tiene un corazón hermoso aunque este viejo sarcedote deberia envidiarla.	클레릭 마스터님의 이름이라면 성수는 얼마든지 가져다 쓰십시오.{nl}그분은 어찌나 아름다운 마음씨를 가지셨는지, 이 늙은 사제의 질투를 불러온답니다. 				
QUEST_JOBSTEP_20150317_000185	Por favor envía mis respetos al Maestre Clérigo.{nl}Puede que las bendiciones de las diosas estén contigo.	클레릭 마스터님께 제 안부를 전해 주십시오.{nl}그럼 여신의 가호를 빌겠습니다.				프리스트 마스터
QUEST_JOBSTEP_20150317_000186	Por favor envía mis respetos mientras obtienes el agua bendita de los Maestres.	마스터님들께 성수를 받아 오시는 김에 제 안부도 전해 드렸으면 합니다. 				
QUEST_JOBSTEP_20150317_000187	El servicio es lo que haces por otros, pero también es una manera de limpiar tus {nl}propios pensamientos. Espero que tu alma ambulante sea limpiada cuando trates a los pacientes.	봉사란 남에게 행하는 것이지만 자신의 거울을 닦는 일이기도 합니다.{nl}환자분들을 치료하시는 동안 당신의 방황하는 마음이 잘 닦이기를 빕니다.				클레릭 마스터
QUEST_JOBSTEP_20150317_000188	Buen trabajo.{nl}Te enseñare la fe de los Clérigos, como prometí.	수고하셨습니다.{nl}약속대로 클레릭의 신앙에 대해 가르쳐 드리겠습니다.				
QUEST_JOBSTEP_20150317_000189	Pienso que no tienes una buena lanza ahora, {nl}pero debes tener una lanza a la cual estes fuertemente unido.{nl}¿Que piensas acerca de eso?	전 명장의 창은 당장 가질 수 없어도 애정을 쏟은 창은 반드시 가져야 한다고 생각합니다.{nl}당신은 어떻게 생각하시나요?				하플라이트 서브 마스터
QUEST_JOBSTEP_20150317_000190	Las lanzas son el orgullo de los Hoplitas. {nl}Una lanza fuerte es algo de lo que los Hoplitas pueden presumir, como su nombre.	창은 곧 하플라이트의 자부심입니다.{nl}강력한 창이야말로 하플라이트가 이름처럼 내걸 수 있는 훌륭한 자랑입니다.				하플라이트 서브 마스터
QUEST_JOBSTEP_20150317_000191	Eso es genial.{nl}De acuerdo. Tienes lo que se necesita para aprender el arte de la lanza de mí.	정말 훌륭하군요. {nl}좋습니다. 당신은 제게 창술을 배울 충분한 자격이 있습니다. 				
QUEST_JOBSTEP_20150317_000192	De acuerdo. {nl}Si quieres mi reconocimiento, muéstrame una lanza mejorada a nivel 6.{nl}	좋습니다.{nl}제게 인정받고 싶다면 6단계로 강화된 창을 만들어 보여 주세요. {nl}				
QUEST_JOBSTEP_20150317_000193	La realidad cambia según piensas. Y solo los pensamientos lo hacen posible.{nl}Eso se llama poder sobrenatural. {nl}Y su intensidad varía según cuánto uno confíe en sí mismo...{nl}	현실이 내가 생각한 대로 움직여진다. 오로지 생각으로만 그걸 가능케 한다!{nl}그런 게 바로 초능력이라는 거지. {nl}자신의 힘을 얼마나 믿고 있는지에 따라 그 세기도 달라지는 거고..{nl}				
QUEST_JOBSTEP_20150317_000194	Ah, solo te he dicho cosas aburridas.{nl}¿Quiéres ser un Mentalista, verdad?{nl}Si me puedes ayudar un poco, entonces te ayudare para que puedas sacar la fuerza sobrenatural que esta oculta en tu interior.	아차차, 내가 너무 지루한 소리만 늘어놓았군.{nl}사이코키노를 지망한다고 했지?{nl}내 일만 조금 도와준다면 자네에게 감춰진 더욱 강한 초능력을 발현하도록 도와주겠어.				
QUEST_JOBSTEP_20150317_000195	Ve a Nardymo Twin Waterfall en el Goddess' Ancient Garden. {nl}Por favor traeme la Esencia de los Demonios de allí.{nl}Vale... Cuento contigo.	여신의 옛뜰에 있는 나르디마 쌍둥이 폭포로 가게. {nl}그곳에 있는 마족의 정수를 가져와 주면 되지.{nl}어디.. 기대해 보겠어.				
QUEST_JOBSTEP_20150317_000196	Ok. Eso es todo.{nl}Viendo el color, puedo ver que esta lleno de poder demonicado.{nl}¡Ja ja! Te enseñare el verdadero poder de un Mentalista desde ahora, ¡espero que estés listo!	이거군. 이거야.{nl}색만 봐도 마기가 흘러넘칠 것 같아.{nl}하하! 이제부터 진짜 사이코키노가 뭔지 가르쳐 줄 테니 긴장하는 게 좋을 거네!				
QUEST_JOBSTEP_20150317_000197	¿Quiéres que te enseñe habilidades de Ballestero?{nl}Justo a tiempo. Yo también estaba buscando a alguien que me ayudase.	내게 쿼렐슈터의 기술을 전수받고 싶다고?{nl}이거 마침 잘 됐군. 나도 날 도와 줄 친구를 찾고 있었거든.				
QUEST_JOBSTEP_20150317_000198	¿Has sido enviado por el Maestre Ballestero, verdad?{nl}Debes encontrar un mapa. Un mapa oculto con los secretos de los Flecheros.	쿼렐슈터 마스터 아저씨가 보내서 온 거지?{nl}네가 찾아와야 할 것은 지도야. 플레쳐의 비법서를 숨겨둔 지도.				새퍼 마스터
QUEST_JOBSTEP_20150317_000199	El Maestre Zapador dice que encontró información acerca del libro que busco.{nl}Ve al Bosque de Siauliai Oeste y encuéntrate con él.	새퍼 마스터가 내가 찾는 책에 관한 정보를 찾았다는 연락이 왔었어.{nl}샤울레이 동쪽 숲에 있다니 그리로 가 보게.				쿼렐슈터 마스터
QUEST_JOBSTEP_20150317_000200	Un colega mio que se coló en la Torre del Mago hace algún tiempo, me dijo que vio un extraño{nl}mapa. Creo que es el mapa que estoy buscando.	일전에 마법사의 탑에 숨어들었던 내 옛 동료가 그러길 요상한 지도를 봤대.{nl}그 녀석이 하는 얘길 들어보니까 확실히 그 지도가 맞긴 맞는 거 같아.				
QUEST_JOBSTEP_20150317_000201	Él contó que hay un Minotauro en algun lugar del 3er piso.{nl}tuvo problemas a causa de ese monstruo, así que deberías prepararte bien.	3층 어딘가에서 미노타우로스가 가지고 있댔어.{nl}그 몬스터 때문에 무지 고생했다니까 단단히 준비해 가는게 좋을 거야.				
QUEST_JOBSTEP_20150317_000202	Oh, ¿este es el mapa? Buen trabajo.{nl}Te enseñare mis habilidades como prometí.	오, 이게 그 지도란 말인가. 수고했네.{nl}약속대로 내 기술을 가르쳐 주도록 하지.				
QUEST_JOBSTEP_20150317_000203	¿Este es el mapa? No sabría decirte.{nl}Llévaselo al Maestre Ballestero.	이게 그 지돈가? 난 까막눈이라 그런가, 잘 모르겠네.{nl}어서 쿼렐슈터 마스터 아저씨에게 가 봐.				새퍼 마스터
QUEST_JOBSTEP_20150317_000204	Así que has venido a aprender de mí más habilidades.{nl}Entonces ayuda al Maestre Rodelero en Fedimian. Te evaluaré en base a eso.	내 기술을 좀 더 배우고 싶어서 찾아왔구나.{nl}그렇다면 페디미안의 로델레로 마스터님을 도와드려. 그걸로 널 평가하겠어.				아처 마스터
QUEST_JOBSTEP_20150317_000205	¿El Maestre Arquero te envío?{nl}Klaipeda se esta estabilizando, pero Fedimian aún está en riesgo.	아처 마스터가 보내서 왔나.{nl}클라페다는 점점 안정을 찾아가고 있지만 페디미안은 아직 이 모양일세.				로델레로 마스터
QUEST_JOBSTEP_20150317_000206	He escuchado que la mayor parte de Fedimian, al lado del Districto Sagrado, está quemado y necesitan ayuda.	듣자 하니 페디미안은 신성지구를 뺀 대부분이 파묻혀 버려서 도움이 절실하다고 하더군.				아처 마스터
QUEST_JOBSTEP_20150317_000207	Quiero que derrotes al monstruo jefe en la Torre de Magos. {nl}Los monstruos están saliendo de la torre {nl}y estamos teniendo problemas ya que se está reconstruyendo Fedimian.	자네는 마법사의 탑에서 대장급 몬스터를 쓰러뜨려 주게.{nl}페디미안을 재건하는 것도 일손이 부족한데 탑에서 몬스터까지 쏟아져 나오고 있거든.				로델레로 마스터
QUEST_JOBSTEP_20150317_000208	Según el explorador que llego, hay un Minotauro en el 3er piso de la Torre del Mago.{nl}Derrotarlo sera suficiente, servirá como advertencia.	잠입에 성공한 정찰병의 보고로는 마법사의 탑 3층의 미노타우로스라고 했네.{nl}그 몬스터를 처치하면 충분한 경고가 되겠지.				로델레로 마스터
QUEST_JOBSTEP_20150317_000209	Bien hecho. Gracias a ti, los monstruos que fueron conjurados desaparecierón.{nl}Mi gratitud se extiende tambíen al Maestre Arquero.	수고했네. 덕분에 몬스터의 기세가 좀 수그러들었어. {nl}아처 마스터에게도 고맙다고 전해 주게.				로델레로 마스터
QUEST_JOBSTEP_20150317_000210	Bien hecho.{nl}Te entrenaré para ser fuerte como te prometí.	수고했어. {nl}약속대로 자네를 더욱 강하게 단련시켜 주지.				아처 마스터
QUEST_JOBSTEP_20150317_000211	¿Quiéres aprender de mí la habilidad de un Guardabosques?{nl}Bien. Si me ayudas, lo consideraré, dependiendo cómo lo hagas.	나에게 레인저의 기술을 배우고 싶다고?{nl}좋아. 날 도와준다면 그 성과에 따라서 널 받아들일지 생각해 보겠어.				
QUEST_JOBSTEP_20150317_000212	Evoniphon. {nl}Parece que el Maestre Guardabosques aún tiene algunos resentimientos.{nl}	에보니폰이라. {nl}아직도 레인저 마스터는 미련이 남아 있나 보군요.{nl}				
QUEST_JOBSTEP_20150317_000213	Ví al Maestre Elementalista hablando con el hombre encapuchado.{nl}No puedeo asegurar que fuese él, pero no puedo olvidar aquel olor único.	엘레멘탈리스트 마스터가 후드를 눌러 쓴 남자와 대화하는 걸 본 적이 있습니다.{nl}그가 맞다곤 확신할 순 없지만, 그 특유의 향은 절대 잊을 수 없지요.				
QUEST_JOBSTEP_20150317_000214	He oído que estás buscando a alguien que lleva una capucha y tiene un olor característico.{nl}	후드를 눌러 쓰고 특이한 향이 나는 사람을 찾고 계신다고요.{nl}				엘리멘탈리스트 서브 마스터
QUEST_JOBSTEP_20150317_000215	Por supuesto que lo recuerdo. Era un hombre con un olor peligroso.{nl}Me preguntó sobre materiales que no todo el mundo conoce, así que pensé que se trataba{nl}de alguien extraño.	물론 기억하고 있습니다. 아주 위험한 냄새를 풍기던 남자였지요.{nl}보통 사람은 잘 모르는 재료에 대해 질문하길래 좀 특이하다고 생각하고 있었습니다만.{nl}				엘리멘탈리스트 서브 마스터
QUEST_JOBSTEP_20150317_000216	Evoniphon... Nunca lo olvidaré.	에보니폰.. 절대로 용서할 수 없어.				레인저 마스터
QUEST_JOBSTEP_20150317_000217	Tras una charla breve con el Maestre Elementalista, desapareció en la oscuridad.{nl}Por favor, ve a verle.	엘레멘탈리스트 마스터와 짧은 대화를 나눈 뒤 어둠 속으로 사라졌어요.{nl}그에게 가 보시죠.				
QUEST_JOBSTEP_20150317_000218	¿Cómo podría saber su paradero?{nl}Él me pregunto sobre materiales. Como no los tenía le dije donde podía conseguirlos.	그 남자의 행방이야 제가 무슨 수로 알겠습니까만.{nl}저에게 없는 재료를 찾길래 재료를 구할 수 있는 곳을 가르쳐 드렸습니다.				엘리멘탈리스트 서브 마스터
QUEST_JOBSTEP_20150317_000219	Le dije que sería capaz de escapar desde la 3ra planta de la Torre del Mago.{nl}Aquel es el lugar desde donde también escapó la famosa patruya de búsqueda de Rodeleros.	마법사의 탑 3층에서 구할 수 있을 거라 알려드렸습니다.{nl}그 유명한 로델레로 마스터의 정찰 부대도 도망쳐 나온 곳이지요.				
QUEST_JOBSTEP_20150317_000220	Este olor... Sí, se trata del de Evoniphon.{nl}Esto debería ser suficiente. Te enseñaré mis habilidades, tal y como prometí.	이 향기.. 그래. 에보니폰의 것이 맞아.{nl}이거면 충분해. 약속대로 나의 기술을 가르쳐 주지.				
QUEST_JOBSTEP_20150317_000221	Sí, este es el olor.{nl}Era tan característico que no podría olvidarlo ni aún queriendo.{nl}	네. 이 향이 맞습니다.{nl}워낙 독특해서 잊으려고 해도 잊을 수가 없지요.{nl}				엘리멘탈리스트 서브 마스터
QUEST_JOBSTEP_20150317_000222	Estoy buscando pistas sobre un hombre. Se llama Evoniphon.{nl}He escuchado que Maestre Escudero en Fedimian tiene información sobre él, así que por favor ve a verle.	어떤 남자의 흔적을 찾고 있어. 이름은 에보니폰.{nl}페디미안의 스콰이어 마스터가 그의 정보를 갖고 있다고 하니 가봐.				
QUEST_JOBSTEP_20150317_000223	Eh, si vienes aquí para volverte más fuerte, has venido al lugar indicado.{nl}Pero no puedes conseguirlo a cambio de nada. Debes hacerme un favor.{nl}	여어. 더욱 강해지고 싶어서 찾아온 거라면 잘 찾아왔어.{nl}하지만 맨입으론 어림없고 심부름을 하나 해 줘야겠어. {nl}				
QUEST_JOBSTEP_20150317_000224	No es una tarea grande. Quiero que ayudes con uno de mis experimentos...{nl}Primero derrota a los Drakes en el 1er Piso de la Torre de Magos y recolecta catalizadores de llama.	뭐 그리 대단한 일은 아냐. 내 실험을 하나 도와줬으면 좋겠는데..{nl}먼저 마법사의 탑 1층에 가서 드레이크를 처치하고 화염 촉매를 모아줘.				
QUEST_JOBSTEP_20150317_000225	Los Drakes no son nada, pero el problema es que los monstruos de alrededor son más peligrosos.{nl}Um... ¡Animate!	사실 드레이크는 별거 아닌데 주변에 있는 몬스터가 위험하니까 문제지.{nl}음.. 힘내!				
QUEST_JOBSTEP_20150317_000226	Oh, de acuerdo. Deberías poder hacerlo facilmente si quieres convertirte en Zapador.{nl}Ahora solo tienes que ayudarme con el experimento.	오, 그렇지. 새퍼를 지망한다면 그 정도는 쉽게 해내는 게 맞겠지?{nl}이제 실험만 도와주면 돼.				새퍼 마스터
QUEST_JOBSTEP_20150317_000227	Bueno, es bastante simple. {nl}Revisa qué tan efectiva es esta bomba en los monstruos del Bosque Este de Siauliai.	뭐, 간단한 일이야.{nl}샤울레이 동쪽 숲의 몬스터에게 이 시험용 폭탄이 얼마나 효과가 있는지만 보고 와줘.				새퍼 마스터
QUEST_JOBSTEP_20150317_000228	Espero que funcione esta vez...	이번에야말로 효과가 있었으면 좋겠는데..				새퍼 마스터
QUEST_JOBSTEP_20150317_000229	¿Retrocedieron sin recibir mucho daño?{nl}Hmm, cuál podría ser el problema... Necesitaré comprobarlo desde el principio de nuevo.{nl}	뒤로는 넘어갔지만 피해는 별로 없었다고?{nl}흠. 대체 뭐가 잘못된 거지.. 처음부터 다시 확인해봐야겠네.{nl}				새퍼 마스터
QUEST_JOBSTEP_20150317_000230	De todos modos, gracias. {nl}Puedes volver cuando quieras si deseas aprender mis habilidades. 	어쨌든 수고했어.{nl}내 기술을 배우고 싶다면 언제든지 찾아와도 좋아.				
QUEST_JOBSTEP_20150317_000231	¿Quieres aprender acerca de los Bokor?{nl}Entonces, primero consigueme una carta de un poderoso monstruo.	보코르에 대해 자세히 배우고 싶으시다고요.{nl}그렇다면 먼저 강력한 몬스터에게 얻을 수 있는 카드를 가져다주세요. 				
QUEST_JOBSTEP_20150317_000232	No importa que carta sea, siempre que provenga de un monstruo poderoso.{nl}Lo que me traerás ya está decidido.	강력한 몬스터의 카드라면 어떤 것이든 상관없답니다.{nl}당신이 제게 가져올 카드는 이미 정해져 있으니까요.				보코르 마스터
QUEST_JOBSTEP_20150317_000233	Completado. Viajero. Victoria prometida. Mundo perfecto.{nl}Encontrar una interpretación completa es tarea tuya.	완성. 나그네. 약속된 승리. 완전한 세계. {nl}완전한 해석은 그대의 몫입니다.				보코르 마스터
QUEST_JOBSTEP_20150317_000234	A veces, el duro destino puede conducir a un oscuro futuro.{nl}Te guiaré a través del camino del Bokor como te prometí.	때로는 정해진 가혹한 숙명이 어두운 미래로 이끌어 갈 수도 있습니다.{nl}약속대로 당신을 보코르의 길로 인도해 드리지요.				
QUEST_JOBSTEP_20150317_000235	Estoy buscando a un gato que sirva de modelo, pero estoy demasiado viejo y no me resulta fácil.{nl}Tráeme un gato viable y te enseñaré mis habilidades.	모델이 되어 줄 고양이를 찾고 있는데 나이 때문에 여간 힘든게 아니라오.{nl}적당한 고양이만 데려와 준다면 내 기술을 가르쳐 드리리다.				
QUEST_JOBSTEP_20150317_000236	¿El abuelo Tesla quiere un gato?{nl}La Plaza de Klaipeda está llena de gatos,{nl}pero no será facil atrapar uno sin una comida especial.	테슬라 할아버지께서 고양이를요?{nl}클라페다 광장에 널린 게 고양이지만, 특별한 먹이가 아니면 잡기 힘들 거예요.				잡화 상인 미리나
QUEST_JOBSTEP_20150317_000237	Me gustan los gatos porque hacen lo básico.{nl}Los gatos tienen todas las líneas.	고양이는 기본이 돼서 좋거든. {nl}모든 선이 고양이에게 있지.				조각가 테슬라
QUEST_JOBSTEP_20150317_000238	Puedo darte una comida de gato especial para atrapar un gato.{nl}Si encuentras a mi padre, ¡te la daré grátis!	고양이를 잡을 수 있는 특별한 먹이는 제가 드릴 수 있어요.{nl}저희 아버지를 찾아만 주신다면 공짜로 드릴게요!				잡화 상인 미리나
QUEST_JOBSTEP_20150317_000239	Mi padre es un mercader que solía venir a menudo a Fedimian.{nl}Me dijo que solía ir a la Torre del Mago para hacer algunos intercambios y nunca regresó.{nl}	저희 아버지는 페디미안을 오가시는 행상인이세요.{nl}마법사의 탑으로 거래를 하러 가신다고 하시고선, 다신 돌아오지 않으셨어요.{nl}				
QUEST_JOBSTEP_20150317_000240	Uno de los soldados de Fedimian me dijo que vió enseres de mercader cerca de la tercera planta{nl}de la Torre del Mago. Eres el único al que puedo pedirle un favor. ¡Cuento contigo!	페디미안의 병사가 마법사의 탑 3층에서 행상인의 짐을 본 적이 있다고 하더라고요.{nl}지금 부탁할 수 있는 분이 당신밖에 없어요. 꼭.. 부탁할게요!				
QUEST_JOBSTEP_20150317_000241	Este es el símbolo que grabé en la esclava de mi padre...{nl}Esto es muy importante para mi. Gracias.	이건 제가 아버지 소매에 넣어드린 문양인데..{nl}제겐 너무 소중한 아버지의 유품이네요. 감사합니다.				
QUEST_JOBSTEP_20150317_000242	Te daré la comida de gatos especial como te prometí.{nl}Está hecha con cosas que les gustan a los gatos, así que debería funcionar.	약속대로 특별한 고양이 먹이를 드릴게요.{nl}고양이들이 많이 좋아하는 재료만 넣은 먹이니까 꼭 성공할 거예요.				잡화 상인 미리나
QUEST_JOBSTEP_20150317_000243	Oh oh, eso es un gato.{nl}Como prometí, dejame guiarte hacia un terreno más alto.{nl}	오오, 그 고양인게로군.{nl}약속대로 자네를 더 높은 경지로 이끌어 줌세.{nl}				조각가 테슬라
QUEST_JOBSTEP_20150317_000244	He comerciado durante mucho tiempo con Mercaderes de Objetos de Klaipeda, así que deberían ayudarte.	클라페다의 도구상인과 오랫동안 거래했으니 자넬 도와줄 수 있을지도 모르겠소.				
QUEST_JOBSTEP_20150317_000245	Quiero que hagas algo a cambio de que te enseñe magia.{nl}Es simple, pero peligroso. ¿Te gustaría intentarlo?{nl}	내게 마법을 배우는 대가로 네가 해주었으면 하는 일이 있어.{nl}단순한 일이긴 한데 조금 위험해서 말야. 도전해 볼래?{nl}				
QUEST_JOBSTEP_20150317_000246	Simplemente pon este jarrón en la sala de lectura que hay en la primera planta de la Torre{nl}del Mago. El problema es que hay Chapprition que permanecen en la sala de lectura. Creo que tú serás más capaz de derrotarlos.	마법사의 탑 1층의 열람실에 이 항아리를 놓고 오기만 하면 돼.{nl}문제는 열람실에 버티고 있는 채퍼리션인데.. 너 정도면 분명 처치할 수 있을 거야.				
QUEST_JOBSTEP_20150317_000247	Si crees que es peligroso sal rápidamente, por favor.{nl}Tendré que encontrar a otro discípulo.	위험할 것 같으면 그냥 빨리 도망쳐 나와.{nl}다른 제자를 찾으면 되니까.				파이로맨서 마스터
QUEST_JOBSTEP_20150317_000248	Buen trabajo.{nl}Te enseñaré Piromancia, como te prometí.{nl}	수고했어. {nl}약속대로 파이로맨서의 마법을 가르쳐 줄게.{nl}				
QUEST_JOBSTEP_20150317_000249	Puedo prometerte un nivel superior de fuerza.{nl}Por supuesto, no será gratis.	저라면 당신께 더 높은 경지의 힘을 약속드릴 수 있습니다.{nl}물론, 그에 따른 수업료는 주셔야겠지요.				
QUEST_JOBSTEP_20150317_000250	Por favor, tráeme los Picos de los Cockatrices del Arroyo de Cristal, y Escamas de Arma de la{nl}tercera planta de la Torre del Mago.{nl}No debería resultarte complicado.	수정개울에서 코카트리스의 부리를, 마법사의 탑 3층에서 아르마의 비늘을 구해 오세요.{nl}당신 정도라면 어려운 일은 아닐 겁니다.{nl}				
QUEST_JOBSTEP_20150317_000251	Bien hecho.{nl}Te ayudaré a volverte más fuerte.	수고하셨습니다.{nl}그대가 더욱 강해질 수 있도록 도와드리지요.				
QUEST_JOBSTEP_20150317_000252	Has venido al lugar indicado si quieres practicar magia más difícil.{nl}Pero no podrás aprender de mí con una determinación tan poco convincente.	더 강한 마법을 구사하고 싶다면 잘 찾아왔어.{nl}하지만 내 가르침을 받으려면 그 나약한 마음가짐 가지곤 따라올 수 없어.				위저드 마스터
QUEST_JOBSTEP_20150317_000253	Puedo ver tu pasión, pero ¿Qué me dices de tus habilidades?{nl}Tráeme un Fragmento de Phyracon y una Escama de Drake Verde de la Torre del Mago.	열의는 알겠다만 실력은 어떨까?{nl}마법사의 탑에서 피라콘의 조각과 초록 드레이크의 비늘을 가져오는 거야.				위저드 마스터
QUEST_JOBSTEP_20150317_000254	Buen trabajo. Pero aún tengo mis dudas.{nl}Decidiré dependiendo de cómo me ayudes con mi trabajo.	훌륭하군. 하지만 난 좀 까다롭거든. {nl}내 일을 얼마나 잘 보조할 수 있는지에 따라 결정하겠어.				위저드 마스터
QUEST_JOBSTEP_20150317_000255	Solía hacer investigaciones sobre la defensa mágica de la ciudad, y creo que podríamos intentarlo{nl}en Fedimian.{nl}Pero para poder hacerlo vamos a necesitar un montón de información.	예전에 연구하던 도시용 방어마법을 페디미안에서도 적용해 볼 수 있을 것 같아.{nl}그러려면 상당히 많은 자료가 필요하거든. {nl}				위저드 마스터
QUEST_JOBSTEP_20150317_000256	Tu trabajo consiste en usar este pergamino de recopilación de datos en Fedimian.	네가 할 일은 이 자료 축적용 스크롤을 페디미안에서 사용하고 오는 거야.				위저드 마스터
QUEST_JOBSTEP_20150317_000257	He marcado en tu mapa donde debería usarlo.{nl}Usalo en cada una de las localizaciones.	사용해야 할 곳은 지도에 표시해 두었어.{nl}하나도 빼놓지 말고 꼼꼼히 사용해야 해.				위저드 마스터
QUEST_JOBSTEP_20150317_000258	Buen trabajo. ¿Quiéres llevar la mágia al siguiente nivel, verdad?{nl}Soy muy estricto, así que espero que me sigas bien el ritmo.	수고했어. 더 강력한 마법의 경지를 원한다고 했지?{nl}난 매우 엄격하니까 알아서 잘 따라줬으면 좋겠어.				위저드 마스터
QUEST_JOBSTEP_20150317_000259	Curar el cuerpo también cura el alma.{nl}Si quieres alcanzar el siguiente nivel, deberás servir a otros curándolos.	육신의 상처를 치료하는 것은 영혼의 상처를 치유하는 것이기도 하지요.{nl}그대가 더 높은 경지를 이루고자 한다면 주변 분들에게 치료로 봉사하세요.				클레릭 마스터
QUEST_JOBSTEP_20150317_000260	Hay mucha gente que aún necesita tratamiento.{nl}Comparte tu amabilidad con ellos.	아직 치료의 손길이 필요한 분들이 많습니다.{nl}좀 더 그분들께 온정을 베풀어 주세요.				클레릭 마스터
QUEST_JOBSTEP_20150317_000261	La diosa ayuda a quienes ayudan. {nl}Puede que no sea mucho, pero espero poder ayudarte a llegar al siguiente nivel.	여신께선 돕는 자를 도우신답니다.{nl}비록 미흡하지만, 제가 그대의 경지를 이끌어 내는 데 힘이 되었으면 합니다.				클레릭 마스터
QUEST_JOBSTEP_20150317_000262	Catafracto...{nl}No estoy segura de si tienes la fuerza para aprender.	캐터프랙트라. {nl}자네에겐 그걸 배울만한 힘이 있는진 잘 모르겠는데.				
QUEST_JOBSTEP_20150317_000263	Me gusta tu valentía. {nl} Demuestra tus habilidades derrotando a Sparnasman en el Valle del Pavimento Rombo.	패기는 마음에 드는군.{nl}그렇다면 마름포석골의 스파나스맨으로 실력을 보여보게.				
QUEST_JOBSTEP_20150317_000264	Gran trabajo. Pareces calificado para aprender mis habilidades. {nl}Ah, y me disculpo por subestimarte.	훌륭하군. 이 정도 실력이면 내 기술을 배우기엔 무리가 없겠어.{nl}아, 자네를 얕본 건 사과하겠네.				캐터프랙트 마스터
QUEST_JOBSTEP_20150317_000265	Un catafracto es el que se sitúa en la primera línea y lucha.{nl}Destruye todo lo que sea un obstáculo para completar tu tarea.{nl}Acabo de recordar algo apropiado.	캐터프랙트는 누구보다 앞에 나서서 싸우는 전사지.{nl}하고자 하는 일에 방해되는 건 전부 뚫어버리면 되는 거야.{nl}마침 적당한 게 하나 떠올랐군.				
QUEST_JOBSTEP_20150317_000266	Hay monstruos que atacan a los turistas en el Bosque de la Bandera del Atardecer{nl}. Debes eliminar a esos peligrosos monstruos lo más rápido posible{nl}. Si completas la tarea sin problemas, reconoceré tu habilidad.	해진깃발숲에 여행객들을 습격하는 몬스터가 있는 모양이야.{nl}그런 위험한 녀석은 한시라도 빨리 없애버리는 게 좋겠지.{nl}이 일을 무사히 처리한다면 너의 실력을 인정해주겠어.				
QUEST_JOBSTEP_20150317_000267	¡Enhorabuena por aprobar el examen!	시험에 통과한 것을 축하하네.				
QUEST_JOBSTEP_20150317_000268	Pon toda tu atención en un punto y atraviesa al enemigo. {nl}Por supuesto, aún no estás a ese nivel, así que aprobaré si simplemente lo derrotas.	한 점에 모든 집중을 쏟아부어 적을 궤뚫는 거다.{nl}물론 자네는 아직 그럴 경지는 아니니 해치우기만 해도 인정하겠네.				캐터프랙트 마스터
QUEST_JOBSTEP_20150317_000269	Maestro Hechicero	소서러 마스터				
QUEST_JOBSTEP_20150317_000270	Si quieres aprender magia de mí, debes demostrarme lo fuerte que eres. {nl}Es simple, gana un duelo mágico contra mí.	내게 마법을 배우고 싶다면 네 능력이 어느 정도인지를 보여 줘야겠지.{nl}간단해. 나와 마법 대련을 해서 이기면 되는 아주 간단한 룰이야.				소서러 마스터
QUEST_JOBSTEP_20150317_000271	No tengas miedo. Lo bajaré a tu nivel. {nl}Te encontraré en la zona vacía de la plaza.	딱 네 수준에 맞춰줄 테니까 너무 겁먹진 마.{nl}아래쪽 광장 공터에서 만나.				소서러 마스터
QUEST_JOBSTEP_20150317_000272	De acuerdo. Pareces bastante fuerte. {nl}Puedes venir a mí cuando quieras para aprender magia.	이 정도 능력이면 충분하겠어.{nl}마법을 배우고 싶다면 언제든지 다시 찾아와.				소서러 마스터
QUEST_JOBSTEP_20150317_000273	Maestra Nigromante	네크로맨서 마스터				
QUEST_JOBSTEP_20150317_000274	Los hechizos de nigromante devorarán al hechicero si su alma no está bien entrenada. {nl}Lucha contra mí y demuestra cuán fuerte es tu alma.	네크로맨서의 주술은 술자의 영혼이 단련되지 않으면 사악한 기운에 잠식되어 버린다.{nl}그대의 영혼이 얼마나 강한지 나와 싸워서 증명해 봐.				네크로맨서 마스터
QUEST_JOBSTEP_20150317_000275	Espere en la zona vacía de la plaza.	광장 공터에 가서 기다리고 있어.				네크로맨서 마스터
QUEST_JOBSTEP_20150317_000276	Bueno, eso es suficiente para empezar. {nl}Te enseñaré el hechizo de los nigromantes.	그래 그 정도면 시작은 할 수 있겠어.{nl}이제 네크로맨서의 주술을 전수해 주지.				네크로맨서 마스터
QUEST_JOBSTEP_20150317_000277	Maestra Druida	드루이드 마스터				
QUEST_JOBSTEP_20150317_000278	Primero debes despertar tus sentidos si quieres convertirte en druida. {nl}Despertaré tus sentidos para que fluyas con la naturaleza a través de un duelo.	드루이드가 되고 싶다면 그 감각부터 깨워야 할 필요가 있어요.{nl}대련을 통해 자연과 교감할 수 있는 특별한 감각을 일깨워 드리죠.				드루이드 마스터
QUEST_JOBSTEP_20150317_000279	Aquí no hay suficiente espacio, así que nos vemos en la zona vacía de la plaza.	이곳은 좁으니 광장 공터에서 만나요.				드루이드 마스터
QUEST_JOBSTEP_20150317_000280	Tienes unos sentidos especiales. {nl}Si puedo guiarte bien como druida, tu futuro se verá prometedor.	당신은 조금 남다른 감각을 가지고 계시는군요.{nl}제가 드루이드로서 당신을 잘 이끌어 줄 수만 있다면 앞으로가 정말 기대될 거예요.				드루이드 마스터
QUEST_JOBSTEP_20150317_000281	Solo el combate nos hace más fuertes. {nl}¡Demuéstralo si quieres aprender de mí!	전투만이 우릴 강하게 만들어준다.{nl}내게 가르침을 받고 싶다면 네 자격을 증명해라!				
QUEST_JOBSTEP_20150317_000282	Nuestras costumbres son simples. {nl}Si vives, tienes lo que se necesita y si no, no. {nl}Ya que estás vivo, vales la pena.	우리의 방식은 단순하다.{nl}살아있으면 자격이 있는 거고, 죽으면 없는 거지.{nl}넌 살아 있으니 자격은 충분하다.				
QUEST_JOBSTEP_20150317_000283	Si estás cualificado, llevaré tu maná al siguiente nivel como Enlazador. {nl}No importa qué magia sea. Te pondré a prueba en un duelo.	자격이 충분하다면 링커로서 당신의 마나의 질을 더 높여드리지요.{nl}어떤 마법이든 상관없어요. 대련을 통해 당신을 직접 시험해 보죠.				
QUEST_JOBSTEP_20150317_000284	Te he puesto a prueba a tu nivel y pareces cualificado. {nl} Como prometí, te ayudaré a afilar tu maná.	당신의 수준에 맞춰서 시험해봤는데, 이 정도면 충분하네요.{nl}약속대로 당신의 마나를 좀 더 예리하게 갈고 닦는 데 도움을 드리지요.				링커 서브 마스터
QUEST_JOBSTEP_20150317_000285	Los cazadores solo hablan con flechas. {nl}Lo adaptaré a tu nivel, así que si quieres aprender de mí, {nl}tendrás que superarme.	헌터는 오로지 활로만 말합니다.{nl}당신의 수준에 맞춰 드릴 테니 저에게 가르침을 받고 싶다면 절 꺾어보시죠.				
QUEST_JOBSTEP_20150317_000286	Ganaste este duelo. {nl}Te entrenaré como prometí.	이 대련은 당신이 이겼습니다.{nl}약속대로 당신을 단련시켜 드리지요.				헌터 마스터
QUEST_JOBSTEP_20150317_000287	Debes tener fuerza si quieres aprender a usar la espada del highlander. {nl}Muéstrame lo que tienes. {nl}{nl}	하이랜더의 검을 배우겠다면 그만큼의 실력도 갖추어져야 한다.{nl}내게 그대의 실력을 보여라.{nl}{nl}				
QUEST_JOBSTEP_20150317_000288	Veo que tienes la valentía y la fuerza que corresponde a un Highlander. {nl}Te llevaré al siguiente nivel con el honor de convertirte en un Highlander.	그대에겐 용기와 그에 걸맞은 실력이 있음을 인정하겠다.{nl}하이랜더의 명예를 걸고 그대를 더 높은 검의 경지로 이끌어 주겠다.				하이랜더 마스터
QUEST_JOBSTEP_20150317_000289	He oído que Sparnasman en Rhombuspaving Dale está amenazando a la gente{nl}. No será fácil, pero será suficiente para poner a prueba tus habilidades.	마름포석골의 스파나스맨이 사람들에게 위협을 가하고 있다고 한다.{nl}쉽지 않은 상대겠지만, 그대의 실력을 가늠하기 충분할 것이다.				
QUEST_JOBSTEP_20150317_000290	Cuando llevas un escudo, tu valentía es importante, ya que no debes evitar el ataque del enemigo, sino devolverlo.{nl}Antes de que aprendas de mí, debes demostrarme lo valiente que eres.{nl}{nl}	방패를 들었다면 적의 공격을 피하지 않고 받아쳐야 하기 때문에 담력이 중요합니다.{nl}제게 가르침을 받기 전에 당신이 얼마나 대범한지를 보여주셔야겠습니다.{nl}{nl}				
QUEST_JOBSTEP_20150317_000291	Derrota a Chapparition en el primer piso de la Torre del Mago{nl}. Esa desolación será suficiente para poner a prueba tu coraje.	마법사의 탑 1층의 채퍼리션을 처치하십시오.{nl}그 음산함은 그대의 담력을 시험하는데 적합할 것입니다.				
QUEST_JOBSTEP_20150317_000292	Entiendo tu valentía por esto. {nl}Siempre siéntete orgulloso de tu escudo.	이걸로 그대의 용맹은 잘 알겠습니다.{nl}앞으로도 자신의 방패에 부끄럽지 않은 모습을 보여주도록 하십시오.				펠타스타 마스터
QUEST_JOBSTEP_20150317_000293	La sinceridad es la fuerza de un Krivis. {nl}Prueba tu sinceridad a través de un duelo conmigo.	형제여. 신실함은 곧 크리비의 힘일세.{nl}그대의 신실함을 대련으로써 증명하게.				
QUEST_JOBSTEP_20150317_000294	El duelo tendrá lugar en mi sala de entrenamiento. {nl}Nos vemos allí.	대련 장소는 하이랜더 마스터의 도장에서 진행하도록 하지.{nl}거기서 보세나.				크리비 마스터
QUEST_JOBSTEP_20150317_000295	Tu sinceridad es tan firme como pilares de piedra. {nl}Te guiaré a un nivel superior como prometí.	형제의 신실함은 굳건한 돌기둥과 같구려.{nl}약속대로 더 높은 경지로 인도해 드리겠네.				
QUEST_JOBSTEP_20150317_000296	La fe de un sacerdote debe ser inquebrantable, pase lo que pase. {nl}Te pondré a prueba para ver cuán fuerte es tu fe mediante un duelo. {nl}	프리스트는 어떤 상황에서도 신앙심에 흔들림이 없어야 합니다.{nl}당신의 신앙심이 극한의 상황 속에서도 굳건할 수 있을지 대련으로 시험하겠습니다.{nl}				
QUEST_JOBSTEP_20150317_000297	El duelo tendrá lugar en mi sala de entrenamiento. {nl}Tú primero.	대련장은 하이랜더 마스터의 도장에 잡아두었습니다.{nl}먼저 가 계십시오.				프리스트 마스터
QUEST_JOBSTEP_20150317_000298	Veo que tu fe es fuerte por fuera, pero en tu interior aún percibo dudas.{nl}	당신의 신앙심은 겉으론 굳건하나 마음속 깊은 곳에선 주저함이 보이는군요.{nl}				프리스트 마스터
QUEST_JOBSTEP_20150317_000299	Deja de lado la vacilación y llénala con la gracia de la diosa. {nl}Te ayudaré a alcanzar un nivel superior a través de esta gracia.	주저함을 버리시고 여신의 은총으로 채우십시오.{nl}은총을 통해 더 높은 경지에 들어설 수 있도록 도와드리겠습니다.				
QUEST_JOBSTEP_20150317_000300	Un espadachín debe blandir su espada sin vacilar. {nl}La vacilación es una brecha en el corazón. El enemigo siempre buscará esa brecha. {nl}	우리 소드맨이 휘두르는 검에는 절대 망설임이란 있을 수 없단다.{nl}망설임이란 마음의 틈. 적은 언제나 그 틈을 노려오고 있지.{nl}				소드맨 마스터
QUEST_JOBSTEP_20150317_000301	Hay un Minotauro en el tercer piso de la Torre de los Magos. {nl}Combátelo y deshazte de cualquier vacilación con la espada.	마법사의 탑 3층에 가면 미노타우로스가 있단다.{nl}그 몬스터를 상대하며 검의 망설임을 털어버리거라.{nl}				소드맨 마스터
QUEST_JOBSTEP_20150317_000302	La vacilación es una debilidad peligrosa{nl}. Espero que puedas darte cuenta de eso.	망설임은 매우 위험한 틈이지.{nl}그걸 깨달을 수 있다면 좋겠구나.				소드맨 마스터
QUEST_JOBSTEP_20150317_000303	Muy bien... Tienes lo que se necesita para seguir desarrollándote. {nl}Sigue dedicándote al entrenamiento.	그래.. 그 정도 수준이면 좀 더 발전할 여지가 있겠어.{nl}앞으로도 더 열심히 수련에 정진하거라.				소드맨 마스터
QUEST_JOBSTEP_20150317_000304	Maestro Centurión	센츄리온 마스터				
QUEST_JOBSTEP_20150317_000305	El camino de un Centurión no es, ni mucho menos, un camino fácil. {nl}Pero la historia cambia si me ganas un duelo. ¿Qué opinas?	센츄리온이라. 결코 쉽지 않은 길일세.{nl}하지만 나와의 대련에서 실력을 인정받는다면 이야기는 달라지겠지. 어떤가.				센츄리온 마스터
QUEST_JOBSTEP_20150317_000306	El duelo tendrá lugar en la zona vacía de la plaza, así que lleguen los primeros.	대련은 광장 공터에서 할 테니 먼저 가 있게.				센츄리온 마스터
QUEST_JOBSTEP_20150317_000307	Eso es suficiente. {nl}Asumiré la responsabilidad de enseñarte.	그 정도면 충분하네.{nl}자네는 내가 책임지고 가르쳐 주도록 하지.{nl}				센츄리온 마스터
QUEST_JOBSTEP_20150317_000308	Los sadhus entrenan entrenando su alma para volverse más fuerte. {nl}Te pondré a prueba mediante un duelo... para ver si tu alma está lo suficientemente preparada para afrontar nuestro entrenamiento.	사두의 수련은 자신의 영혼을 강인하게 단련하는 것부터 시작합니다.{nl}당신의 영혼은 저희의 수련을 받아들일 준비가 되었는지.. 대련으로 확인하겠습니다.				사두 마스터
QUEST_JOBSTEP_20150317_000309	Vamos a batirnos en duelo en el solar vacío de la plaza{nl}. Me adaptaré a tu nivel, así que no te preocupes demasiado.	대련은 광장 공터에서 하도록 하지요.{nl}당신의 수준에 맞춰 드릴 테니 너무 걱정하지 마세요.				
QUEST_JOBSTEP_20150317_000310	Puedo ver tu voluntad. {nl}Bienvenido al Sadhu.	당신의 의지는 잘 알겠습니다.{nl}사두로의 입문을 축하드리겠습니다.				사두 마스터
QUEST_JOBSTEP_20150317_000311	Maestro Hackapell	하카펠 마스터				
QUEST_JOBSTEP_20150317_000312	Es bueno que quieras aprender mis técnicas de combate, pero primero necesito comprobar tus habilidades{nl}. Necesitaré conocer tus debilidades para poder enseñarte.	내 전투기술을 배우고 싶은건 좋으나 그 전에 자네의 기량을 확인할 필요가 있겠어.{nl}뭐가 부족한지를 알아야 자네를 가르칠 것 아닌가?				하카펠 마스터
QUEST_JOBSTEP_20150317_000313	Te veo en el espacio vacío de la plaza. {nl}Llega primero.	아래쪽 광장 공터에서 보도록 하지.{nl}먼저 가 있게.				하카펠 마스터
QUEST_JOBSTEP_20150317_000314	Esto parece suficiente. {nl}El entrenamiento duro comenzará ahora.	이만하면 충분한 것 같군.{nl}이제부터 혹독한 훈련이 시작될 거야.				하카펠 마스터
QUEST_JOBSTEP_20150317_000315	Maestra Wugushi	무고사 마스터				
QUEST_JOBSTEP_20150317_000316	Los Wugushis no dudan en usar veneno. {nl}Antes de que aprendas nada, te mostraré cómo luchamos. {nl}Flechas o pistolas de aire comprimido, te lo mostraré con lo que sea necesario.	우리 무고사들은 독을 쓰는 것을 주저하지 않아.{nl}가르침을 받기 전에 어떻게 싸우는지 보여 줄게. 활이든 바람총이든 다 꺼내서 보여 줄 테니까.{nl}				
QUEST_JOBSTEP_20150317_000317	Reunámonos en la zona vacía de la plaza. {nl}Este lugar es demasiado pequeño, otros podrían resultar heridos.	광장 공터에서 만나자.{nl}여긴 너무 좁아서 다른 사람이 맞기라도 한다면..				
QUEST_JOBSTEP_20150317_000318	¿Ves eso? Así es como luchan los Wugushis. {nl}Tendrás que deshacerte de la culpa por usar métodos sucios si quieres ser un Wugushi.	봤지? 이게 바로 무고사의 싸움법이야.{nl}앞으로 무고사가 되겠다면 비겁한 방법을 썼다는 죄책감은 버려야 해.				무고사 서브 마스터
QUEST_JOBSTEP_20150317_000319	Si realmente quieres ser un Rodelero, revisa tu escudo de nuevo. {nl}Cuando elegí por primera vez el camino de Rodelero, comencé obteniendo un escudo de nivel 6.	네가 정말 로델레로가 되고 싶다면 자신의 방패부터 다시 살펴봐.{nl}내가 로델레로의 길을 선택했을 때는 6단계의 방패를 구하는 것부터 시작했지.				
QUEST_JOBSTEP_20150317_000320	Prepara un Escudo de Nivel 6. {nl}Necesito comprobar tu voluntad al menos.	6단계로 강화된 방패 정도는 준비하게.{nl}최소한의 의지는 확인해야 하지 않겠나.				
QUEST_JOBSTEP_20150317_000321	Tienes perseverancia, a diferencia del resto de los jóvenes de hoy en día. {nl}Ven cuando quieras aprender.	요즘 젊은이들답지 않게 뚝심 있어서 좋군.{nl}가르침을 받으러 얼마든지 찾아 오게.				로델레로 마스터
QUEST_JOBSTEP_20150317_000322	Confío en mi juicio más que en el de nadie. {nl} Comprobaré mediante un duelo si tienes lo que se necesita para estar con los Escuderos.	저는 그 누구보다도 자신의 판단을 신뢰합니다.{nl}당신이 스콰이어로서 함께 할 자격이 있는지 대련으로 직접 확인할 겁니다.				스콰이어 마스터
QUEST_JOBSTEP_20150317_000323	La espada es más afilada cuando crees en ti mismo.	자기 자신을 믿고 나아갈 때 검은 더욱 날카로워질 것입니다.				스콰이어 마스터
QUEST_JOBSTEP_20150317_000324	Puedo ver tus habilidades{nl}. Espero que te vuelvas aún mejor a partir de ahora con mis enseñanzas.	당신의 실력은 잘 알겠습니다. {nl}제 가르침을 통해 앞으로도 훌륭한 모습을 보여주시길 바랍니다.				스콰이어 마스터
QUEST_JOBSTEP_20150317_000325	Maestro Taumaturgo	쏘마터지 마스터				
QUEST_JOBSTEP_20150317_000326	La magia taumatúrgica es una de las más difíciles, pero puedo guiarte bien. {nl}Hazme un favor y te guiaré por el camino del taumaturgo.	쏘마터지의 마법은 매우 어려운 마법 중의 하나이지만 저라면 잘 이끌어 드릴 수 있어요.{nl}제 부탁을 들어주신다면 당신을 쏘마터지의 길로 인도해 드릴게요.				
QUEST_JOBSTEP_20150317_000327	Hay muchos documentos de investigación que los magos dejaron en la Torre de los Magos cuando huyeron de la torre.{nl}Por favor, traigan de vuelta los documentos de investigación del tercer piso de la Torre de los Magos.	마법사의 탑에 있던 마법사들이 도망치면서 두고 온 연구 자료들이 꽤 많은 모양이에요.{nl}마법사의 탑 3층에서 연구 자료를 가져다주세요.				
QUEST_JOBSTEP_20150317_000328	Lo completaste más rápido de lo que esperaba{nl}. Eso es bueno. Te ayudaré a sacar a relucir las habilidades del Taumaturgo que llevas dentro.	생각보다 빨리 끝냈네요?{nl}좋아요. 제가 당신 곁에서 쏘마터지의 능력을 이끌어 낼 수 있도록 도울 거예요.				
QUEST_JOBSTEP_20150317_000329	Deja de lado las teorías aburridas y ve a la batalla de verdad. {nl}Es una misión sencilla. Vuelve si no quieres cumplirla.	지루한 이론은 접어 두고, 실전에 들어가 보지요.{nl}간단한 과제입니다. 응할 마음이 없다면 이만 돌아가 주세요.				엘리멘탈리스트 서브 마스터
QUEST_JOBSTEP_20150317_000330	Por favor, recoja los fluidos corporales de los Slimes y los fragmentos de huesos de los Hallowventers en el Arroyo de Cristal, y por último active el núcleo de los Golems de Tumba en el Valle del Árbol Restante.{nl}	마법사의 탑 2층에 있는 슬라임의 체액. 수정개울에 있는 할로우벤터의 뼛조각. {nl}마지막으로 머무르는 나뭇골에서 묘지 골렘의 구동핵을 구해 오십시오.				
QUEST_JOBSTEP_20150317_000331	Buen trabajo. {nl}Ya que has completado tu misión, comencemos el duelo de inmediato.	훌륭하군요.{nl}과제를 수행해 오셨으니 원하신다면 바로 수련을 시작하지요.				
QUEST_JOBSTEP_20150317_000332	Maestro Explorador	스카우트 마스터				
QUEST_JOBSTEP_20150317_000333	Ser un explorador no significa que solo seas bueno para esconderte e infiltrarte{nl}. También necesitas tener habilidades de combate para ser un verdadero explorador.{nl}	스카우트라고 은신과 잠입에만 능하란 법은 없어.{nl}어느 정도 전투기술도 갖추고 있어야 진정한 스카우트지.{nl}				스카우트 마스터
QUEST_JOBSTEP_20150317_000334	Demuéstralo en un duelo contra mí, y entonces te enseñaré mis habilidades secretas.	나와 대련해서 네 실력을 증명한다면, 내 비장의 기술들을 전수해 주겠어.				
QUEST_JOBSTEP_20150317_000335	Tienes muy buenos sentidos. {nl}Pero mi entrenamiento no se puede hacer solo con los sentidos, así que mejor ponte al día.	꽤 감이 좋은 친구네.{nl}하지만 내 지도는 감 같은 걸로 대충 넘기는 건 없으니까 정신 바짝 차리고 따라와.				스카우트 마스터
QUEST_JOBSTEP_20150317_000336	Maestro Paladín	팔라딘 마스터				
QUEST_JOBSTEP_20150317_000337	Hemos seguido a la diosa y luchado por la justicia y la fe.{nl}Si realmente quieres aprender de los Paladines, necesitas probar tu fe.	우리는 항상 여신의 뜻에 따라 정의와 신념을 위해 싸워 왔네.{nl}자네가 진정 팔라딘의 가르침을 원한다면 스스로의 신앙을 증명해야 할 걸세.				팔라딘 마스터
QUEST_JOBSTEP_20150317_000338	Sparnasman en Rhombuspaving Dale sería suficiente para tu reputación. {nl}Por favor, muéstranos el poder del caballero que sirve a las diosas.	자네 정도의 명성이라면 마름포석골에 있는 스파나스맨이면 되겠지..{nl}여신을 섬기는 기사의 힘이란 어떤 것인지 본보기를 보여 주게.				
QUEST_JOBSTEP_20150317_000339	Al menos no estabas fanfarroneando. {nl}Bien. Estás aprobado para aprender como Paladín.	적어도 허풍쟁이는 아니었던 모양이군.{nl}좋네. 팔라딘의 가르침을 받는 것을 허락하도록 하지.				팔라딘 마스터
QUEST_JOBSTEP_20150317_000340	Así que quieres aprender de los highlanders. {nl}De acuerdo. Pero hay una condición.	하이랜더의 가르침을 받고 싶은 게로군.{nl}좋다. 허나 조건이 있다.				하이랜더 마스터
QUEST_JOBSTEP_20150317_000341	Eres el apoyo del Maestro Highlander. {nl}Es urgente así que iré directo al grano.	하이랜더 마스터님의 지원이군요.{nl}사안이 급하니 요점만 말씀해 드리지요.				펠타스타 마스터
QUEST_JOBSTEP_20150317_000342	Hay un problema en la Mina de Cristal y la Comandante Uska nos pidió ayuda. {nl}Pero nosotros, los Peltastas, no tenemos tiempo ahora mismo.{nl}	수정광산에서 문제가 발생하여 기사단장 우스카님께서 저희에게 요청을 부탁하셨습니다. {nl}허나 저희 펠타스타도 도저히 틈이 안 나는 상황입니다.{nl}				펠타스타 마스터
QUEST_JOBSTEP_20150317_000343	Así que quiero que ayudes a la comandante Uska por nosotros.	그러니 저희 대신 그대가 기사단장 우스카님을 지원해 주셨으면 합니다.				펠타스타 마스터
QUEST_JOBSTEP_20150317_000344	Un compromiso es importante. {nl}No puedo aceptar nada que rompa la confianza en el estado actual de confusión.	맹약은 중요하다.{nl}이 혼란스러운 시대에 서로 간의 신뢰에 금이 가는 일은 용납할 수 없다.				하이랜더 마스터
QUEST_JOBSTEP_20150317_000345	Pensé que sería difícil incluso cuando pedimos ayuda. {nl}Pero ahora nos sentimos aliviados de que ustedes nos brinden apoyo.	펠타스타 마스터님께 부탁하면서도 무리가 아닌가 싶었습니다만.{nl}지원 병력이 당신이라니 저희도 든든합니다.				기사단장 우스카
QUEST_JOBSTEP_20150317_000346	El honor de los Highlanders y Peltastas está en juego. {nl}Por favor, ayuden al comandante Uska.	하이랜더와 펠타스타의 명예가 걸린 일입니다.{nl}우스카님을 잘 도와주십시오.				펠타스타 마스터
QUEST_JOBSTEP_20150317_000347	Hay rumores de que un monstruo enorme anda merodeando por la Mina de Cristal 2F. {nl}Las minas son una industria importante para Klaipeda, así que no podemos quedarnos de brazos cruzados. {nl}	수정광산 2층에 거대한 몬스터가 배회하고 있다는 소문이 돌고 있습니다.{nl}허나 수정광산이 클라페다의 주요 산업인 만큼 언제까지고 정지된 상태로 놔둘 수도 없는 일입니다.{nl}				기사단장 우스카
QUEST_JOBSTEP_20150317_000348	Así que por favor revisa el 2do Piso de la Mina de Cristal y elimina la fuente de los rumores.	그러니 수정광산 2층을 조사해 주시고 소문의 원흉을 없애 주십시오.				기사단장 우스카
QUEST_JOBSTEP_20150317_000349	La seguridad de los aldeanos está en juego. {nl}Por favor, regístrenlo minuciosamente.	마을 주민의 안전이 걸린 일입니다.{nl}확실한 조사를 부탁드리겠습니다.				기사단장 우스카
QUEST_JOBSTEP_20150317_000350	No puedo creer que todavía existan cosas así..{nl}. Es un alivio que nadie haya resultado herido{nl}. Deberíamos considerar enviar tropas de élite hasta que la Mina de Cristal esté estable.	아직도 그런 녀석이 날뛰고 있었다니.. 인명피해가 없어서 정말 다행입니다.{nl}광산이 안정될 때까지는 정예 병사들도 함께 파견하도록 고려해야겠군요.				기사단장 우스카
QUEST_JOBSTEP_20150317_000351	De todos modos, gracias por el arduo trabajo y envía mis agradecimientos al Maestro Highlander. {nl}Le agradeceré a la Maestra Peltasta cuando la vea pronto.	어쨌든 정말 수고하셨습니다. 하이랜더 마스터께 감사하다고 전해 주십시오.{nl}펠타스타 마스터께는 곧 찾아뵐 일이 있으니 제가 직접 전하겠습니다.				기사단장 우스카
QUEST_JOBSTEP_20150317_000352	Buen trabajo. Ahora los Peltastas me deben otra.{nl}Te guiaré como el Maestro Highlander prometió.	수고했다. 이로써 펠타스타에게 받아야 할 빚이 늘었군.{nl}약속대로 하이랜더 마스터로서 자네를 이끌어 주겠다.				하이랜더 마스터
QUEST_JOBSTEP_20150317_000353	Parece que recibo mucha ayuda tuya. {nl}Por favor, cuida de Klaipeda también en el futuro.	마스터님들과는 별개로 번번이 당신께 도움을 받는군요.{nl}앞으로도 클라페다를 잘 부탁드립니다.				기사단장 우스카
QUEST_JOBSTEP_20150317_000354	¿Quieres aprender de mí? {nl}De acuerdo, te aceptaré si me haces un favor.	제게 가르침을 받으시겠다고요.{nl}좋습니다. 제 의뢰를 해결해 주시는 조건으로 승낙하지요.				펠타스타 마스터
QUEST_JOBSTEP_20150317_000355	¿La Maestra Peltasta te envió? {nl}Si es sobre el escudo, ya lo sé.	펠타스타 마스터가 보냈는가. {nl}방패에 대한 건이라면 나도 알고 있다.				하이랜더 마스터
QUEST_JOBSTEP_20150317_000356	Si no recibimos los suministros, no tendremos que cumplir la promesa hecha a los Highlanders{nl}. Además, nuestra confianza se verá quebrantada.	약속된 보급을 받지 못한다면 우리로서는 하이랜더와의 맹약을 지킬 일도 없습니다.{nl}게다가 서로의 신뢰에도 금이 가겠지요.				펠타스타 마스터
QUEST_JOBSTEP_20150317_000357	Debería haber enviado una carta de disculpa, pero no pude. {nl}Pronto habrá noticias de un cliente, así que espere un poco.	사과의 서한이라도 보냈어야 했는데 미처 챙기지 못해 미안하군.{nl}곧 거래처에서 기별이 올 것이니 잠시 기다려 보게.				하이랜더 마스터
QUEST_JOBSTEP_20150317_000358	¡Cuántas veces ha ocurrido esto!{nl}Lo siento, pero por favor ve a encontrarte con el Maestro Fletcher y averigua qué pasó.{nl}Ve al Valle del Árbol Remanente.	이게 도대체 몇 번째란 말인가!{nl}미안하지만 자네가 직접 플레쳐 마스터에게 가서 어찌 된 일인지 알아봐 주게.{nl}머무르는 나뭇골으로 가면 될 것이네.				
QUEST_JOBSTEP_20150317_000359	Maestro Fletcher	플레쳐 마스터				
QUEST_JOBSTEP_20150317_000360	¿Vienes de Klaipeda? {nl}No puedes ni aunque te apresures. Vuelve.	클라페다에서 오셨소.{nl}아무리 재촉해도 안 되는 건 안 되오. 돌아가시오.				플레쳐 마스터
QUEST_JOBSTEP_20150317_000361	¿No me oíste? {nl}Pasará mucho tiempo antes de que sea tu turno.	말귀를 못 알아 듣소?{nl}주문이 밀려서 당신들 차례는 한참 뒤란 말이오.				플레쳐 마스터
QUEST_JOBSTEP_20150317_000362	No había estado tan enfadado desde que aquel árbol se llevó mi taller al cielo {nl}Hace cuatro años en Medzio Diena.	4년 전, 그놈의 나무 때문에 내 공방이 하늘 높이에 매달아 버린 뒤로 이렇게 화가 나는 일은 처음이오.				플레쳐 마스터
QUEST_JOBSTEP_20150317_000363	¿Te deshiciste de él? Me alegra oír eso. {nl}Una razón menos para los perezosos comerciantes federmianos.	해치웠소? 속이 다 시원하군.{nl}이제 게으른 페디미안의 상인들 핑계도 하나 사라졌겠어.				플레쳐 마스터
QUEST_JOBSTEP_20150317_000364	Podré enviar el resto de las cosas pronto, como prometí. {nl}Ya puedes volver. Necesito concentrarme.	약속대로 빠른 시일 내에 나머지 물건들을 보낼 수 있을 거요.{nl}이제 그만 돌아가시오. 작업에 집중해야 하니.				플레쳐 마스터
QUEST_JOBSTEP_20150317_000365	Puedo mantener una buena relación con los Highlander con tu ayuda. {nl}Te guiaré como la Maestra Peltasta ha prometido.	당신 덕에 하이랜더와의 관계를 계속 유지할 수 있게 되었습니다.{nl}약속대로 펠타스타 마스터로서 제가 당신을 이끌어 드리겠습니다.				펠타스타 마스터
QUEST_JOBSTEP_20150317_000366	Enviaré a mi discípulo al Maestro Highlander así que no te preocupes por eso.	하이랜더 마스터에겐 따로 제자를 보낼 테니 그 부분은 걱정하지 마시오.				플레쳐 마스터
QUEST_JOBSTEP_20150317_000367	Es emocionante ver que hay alguien dispuesto a aprender de una persona como yo. {nl}De acuerdo, si recuperas mis cosas, te enseñaré las habilidades de Corsair.	이런 나에게도 뭘 배우겠다는 사람이 있다니 감동적이군.{nl}좋아. 내 물건들을 되찾아 준다면 커세어의 기술을 가르쳐 주지.				
QUEST_JOBSTEP_20150317_000368	Ese idiota de capitán asistente se llevó todo y huyó a la Gran Catedral.{nl}Puede que los monstruos los tengan. Eso espero.	멍청한 부선장이 몽땅 챙겨서 대성당으로 도망갔어.{nl}어쩌면 몬스터가 가지고 있을지도 모르지. 그랬으면 좋겠군.				
QUEST_JOBSTEP_20150317_000369	¡Eso sí que es algo! {nl}Te enseñaré las habilidades de un corsario, como prometí.	기가 막히는구만!{nl}약속대로 커세어의 기술에 대해 가르쳐 주겠어.				커세어 마스터
QUEST_JOBSTEP_20150317_000370	Lucha con todas tus fuerzas{nl}. Yo te enseñaré a luchar con espada y escudo. Recuerda que depende de tus habilidades si te enseño o te abandono.	최선을 다해 덤벼라. 검과 방패로 어떻게 싸우는지 보여 주지.{nl}네 실력 여하에 따라 내가 널 가르칠 수도, 내칠 수도 있다는 것을 알아둬.				
QUEST_JOBSTEP_20150317_000371	¿Piensas de otra manera incluso cuando tu mejor esfuerzo no es suficiente?	최선을 다해 덤벼도 모자를 판에 한눈을 팔 셈인가?				
QUEST_JOBSTEP_20150317_000372	Tienes un mal hábito. Pero podría cambiarse. {nl}Enseño con rigor, así que mejor prepárate.	나쁜 버릇이 몸에 배 있군. 하지만 개선의 여지는 있어.{nl}내 가르침은 엄격하니까 단단히 각오해야 할 거야.				
QUEST_JOBSTEP_20150317_000373	Enseñarte habilidades no será un problema siempre y cuando me hagas un favor.{nl}	내 부탁을 들어 준다면야 기술을 가르쳐 주는 건 어렵지 않지.{nl}				아처 마스터
QUEST_JOBSTEP_20150317_000374	Hay algo que le pedí al Maestro Fletcher pero aún no hay noticias. {nl}Quiero que lo revises. Me preocupa más la persona que la cosa...	플레쳐 마스터께 부탁한 물건이 있는데 아직도 소식이 없거든.{nl}네가 한번 들러줬으면 좋겠어. 물건보다도 사람이 걱정되어서 말이지..				아처 마스터
QUEST_JOBSTEP_20150317_000375	¿Se preocupó el Maestro Arquero? Estoy bien. {nl}Si hay un problema, es que los materiales no pueden seguir el ritmo de mi velocidad de fabricación.	아처 마스터가 걱정했다 하셨소? 난 아무 문제없소. {nl}문제가 있다면 재료가 내 제작 속도를 못 따라 오는 게 문제지.				플레쳐 마스터
QUEST_JOBSTEP_20150317_000376	Bueno, tiene mal genio, así que... Por favor, cuida de él.	워낙 괄괄하신 분인지라.. 알아서 처신 부탁할게.				아처 마스터
QUEST_JOBSTEP_20150317_000377	Creo que terminará pronto si reúnes buenas piedras de la Ruta de la Penitencia de la Catedral{nl}. Con unas 150 bastará, te daré una bolsa para ellas.	자네가 대성당의 참회로에 가서 질 좋은 숫돌을 모아오면 금방 끝날 것 같소.{nl}한 150개 정도면 될 거요. 가방은 내가 내어 주지.				플레쳐 마스터
QUEST_JOBSTEP_20150317_000378	Ojalá hubiera un pozo que fluyera con los materiales. {nl}Es el deseo de toda mi vida.	주변에 재료가 솟아나는 샘이라도 있었으면 좋겠소.{nl}내 평생소원이요.				플레쳐 마스터
QUEST_JOBSTEP_20150317_000379	¿Un Golem? Qué extraño. {nl}Quizás la diosa ayudó.{nl}	골렘이? 거참 희한하군. {nl}여신께서 도왔나 보오.{nl}				플레쳐 마스터
QUEST_JOBSTEP_20150317_000380	Hecho. Tómalo. {nl}Envía mis saludos al Maestro Arquero.	다 됐소. 가져가시오.{nl}아처 마스터에게 안부나 전해 주시오.				플레쳐 마스터
QUEST_JOBSTEP_20150317_000381	Solo iba a enviarte un recado. Disculpa por los Golems. {nl}De todos modos, te proporcionaré mis habilidades como prometí.	골렘이라니, 그냥 심부름만 시킬 생각이었는데 미안하군.{nl}어쨌든 약속대로 기술을 전수해 줄게.				아처 마스터
QUEST_JOBSTEP_20150317_000382	No tengo nada que ver contigo. {nl}Estoy ocupado. Regresa.	이제 일 없소.{nl}바쁘니 그만 돌아가시오.				플레쳐 마스터
QUEST_JOBSTEP_20150317_000383	Viniste a mí para aprender el oficio de guardabosques, ¿verdad? {nl}Lo consideraré si me haces un favor.	레인저의 기술을 배우고 싶어 날 찾아온 거지?{nl}내 의뢰를 수락해 준다면 좋은 쪽으로 생각해 보겠어.				레인저 마스터
QUEST_JOBSTEP_20150317_000384	No puedo comprender qué están haciendo los Evoniphons{nl}. Estoy seguro de que no es algo bueno, pero ni siquiera puedo discernir sus objetivos, me está volviendo loco.	에보니폰이 무슨 짓을 하고 돌아다니는지 갈피를 잡을 수 없어.{nl}분명 좋지 않은 일이라는 건 확실하지만, 목적조차도 짐작할 수가 없으니 화가 나.				레인저 마스터
QUEST_JOBSTEP_20150317_000385	Así que estas deben ser las muestras. Estas serán lo suficientemente buenas para nuestro negocio. {nl}Muy bien, te ayudaré a ser más fuerte.	이게 그 샘플들이군. 이걸로 거래 조건은 충족됐어.{nl}좋아. 내가 책임지고 널 더 강하게 만들어 주지. 				레인저 마스터
QUEST_JOBSTEP_20150317_000386	¿Quieres aprender mis habilidades? {nl}Lo pensaré si me consigues el árbol que estoy buscando.	나의 기술을 배우고 싶소?{nl}댁이 내가 찾는 나무를 구해 준다면 생각해 보리다.				
QUEST_JOBSTEP_20150317_000387	Los monstruos llevan árboles de aspecto mugriento en la intersección de la simulación{nl}. Cuando los golpeas, algunos emiten sonidos claros. Tráemelos.	가식의 교각로에 있는 몬스터들이 들고 다니는 꼬질꼬질한 나무가 있소.{nl}그걸 톡톡 두들겨보면 맑은소리가 나는 나무가 있지. 그걸 가져다 주시오.				
QUEST_JOBSTEP_20150317_000388	Ah, es cierto{nl}. Simplemente tíralo por ahí{nl}. No es nada difícil, así que te enseñaré, pero si interrumpe mi trabajo, entonces pararé de inmediato.	아, 그게 맞소. 거기다 대충 던져놓고 가시오.{nl}어려운 일은 아니니 내 특별히 가르쳐 주겠소만, 작업에 방해된다면 그땐 가차 없소.				플레쳐 마스터
QUEST_JOBSTEP_20150317_000389	No sé si podrías seguirme aunque quieras aprender de mí{nl}. Te daré una tarea. Encuentra al monstruo que te pido y derrótalo.	당신이 저에게 가르침을 받겠다고 해서 그걸 소화해낼 수 있을지는 모르겠네요.{nl}과제를 드리죠. 어떤 몬스터를 찾아서 잡아 주시면 되는 간단한 일이에요.				
QUEST_JOBSTEP_20150317_000390	Keparis del Camino del Demonio Hambriento, Kodomors de la Escalera Dispersa y Dendens del Bosque de la Falla del Árbol Púrpura.{nl}Por supuesto, te daré cebo.	큰아귀 길의 케파리, 흩어진 계단의 코도모르, 적갈나무 단층숲에 있는 덴덴입니다.{nl}물론, 미끼 정도는 드리지요.				
QUEST_JOBSTEP_20150317_000391	Como has hecho bien la misión, te enseñaré el método del Cazador. {nl}Buen trabajo.	과제를 훌륭히 수행했으니 진정한 헌터의 길에 대해 알려드리죠. {nl}수고하셨어요.				헌터 마스터
QUEST_JOBSTEP_20150317_000392	Si sueñas con alcanzar un nivel superior como Wugushi, tengo una misión para ti.{nl}En el Gran Corredor de la Gran Catedral, recoge el veneno especial de Stoulets.	네가 무고사로서 더 높은 경지를 꿈꾼다면 네게 줄 과제가 있어.{nl}대성당의 대회랑에서 스타울리트라는 몬스터에게 특별한 독을 모아오는 거야.{nl}{nl}				
QUEST_JOBSTEP_20150317_000393	La aguja con la medicina que preparé está en este tubo.{nl}Si pudieras golpear a Stoulets con esto, podrías recolectar el veneno.{nl}{nl}	이 대롱엔 내가 조합한 약이 묻은 침이 들어 있어.{nl}이걸로 스타울리트를 맞추면 그 독을 모을 수 있을 거야.{nl}{nl}				
QUEST_JOBSTEP_20150317_000394	Es difícil alejarse del encanto del veneno. Yo soy uno de ellos. {nl}También te haré saber lo atractivo que es. Empecemos poco a poco a partir de hoy.	독이 가진 매력은 헤어나기 힘들지. 나도 그런 사람 중의 하나야.{nl}너도 그 매력을 알게 해줄게. 오늘부터 천천히 시작해 보자고.				
QUEST_JOBSTEP_20150317_000395	Tu misión es encontrar a los monstruos ocultos{nl}. La ubicación es el Bosque del Árbol Púrpura{nl}. Si deseas ser un Explorador, deberías poder hacerlo. ¿No crees?	몰래 숨어있는 몬스터를 잡는 게 네 과제야.{nl}위치는 적갈나무 숲. {nl}스카우터를 지망한다면 이 정도는 해 내야지. 안 그래?				
QUEST_JOBSTEP_20150317_000396	Nadie puede esconderse perfectamente de los exploradores. 	우리 스카우트를 상대로 완벽히 숨을 수 있는 상대는 없어.				스카우트 마스터
QUEST_JOBSTEP_20150317_000397	Te resultó más fácil de lo que pensaba. {nl}Genial. Creo que será divertido enseñarte. {nl}Ven a mí cuando quieras aprender de mí.	생각보다 쉽게 해냈네?{nl}좋아. 가르치는 재미가 있겠어. 앞으로도 배우고 싶은 게 있으면 날 찾아와.{nl}				
QUEST_JOBSTEP_20150317_000398	Creo que tienes la valía suficiente para ser aceptado como mi discípulo, pero aún necesitas ser puesto a prueba{nl}. Te recibiré con los brazos abiertos si traes los calcos de la lápida de Lydis Schaffen en el Jardín Antiguo de la Diosa.	자네 정도라면 내 문하생으로 그냥 받아도 되겠지만 그래도 시험은 치뤄야겠지.{nl}여신의 옛뜰에서 리디아 샤펜님의 비석을 탁본해 온다면 기꺼이 환영함세.				쿼렐슈터 마스터
QUEST_JOBSTEP_20150317_000399	Es la lápida de la persona a la que todos los arqueros admiran. {nl}Hazlo bien para que todas las inscripciones sean legibles.	궁수라면 모두가 존경해 마지않는 그 분의 비석이다.{nl}모쪼록 내용을 다 볼 수 있게 살살 부탁한다.				쿼렐슈터 마스터
QUEST_JOBSTEP_20150317_000400	Yo solía ser un Schaffenstar en el pasado.{nl}De todos modos, te enseñaré mis habilidades como prometí.	내가 이래 봬도 왕년엔 샤펜스타의 일원이었다고.{nl}어쨌든, 약속대로 내 기술을 가르쳐 주지.				쿼렐슈터 마스터
QUEST_JOBSTEP_20150317_000401	Maestro Pícaro	로그 마스터				
QUEST_JOBSTEP_20150317_000402	Si quieres aprender de mí, debes ser rápido.{nl}En el gran corredor de la Gran Catedral, comencemos superando a 5 monstruos con bombas de humo.	내게 뭐라도 배우려면 우선 발이 빨라야해.{nl}대성당의 대회랑에서 연막탄으로 몬스터 5마리를 따돌리고 오는 것으로 하지.				
QUEST_JOBSTEP_20150317_000403	La rapidez sobrenatural es la flor de los Pícaros. {nl}El rápido movimiento confunde tu mente.	신출귀몰함은 로그의 꽃이지. {nl}아주 화려한 꽃처럼 빠른 몸놀림으로 정신을 쏙 빼놓는 거야. 				
QUEST_JOBSTEP_20150317_000404	Pensé que sería difícil, pero lo haces muy bien. {nl}Te enseñaré las habilidades poco a poco, así que será mejor que calientes primero.	꽤 어려운 시험이라고 생각했는데 멋진걸?{nl}기술은 천천히 가르쳐 줄 테니까 몸부터 풀고 보자고.				로그 마스터
QUEST_JOBSTEP_20150317_000405	Debes demostrar tu valentía si quieres aprender de mí. {nl}Usa esta nota para provocar a los monstruos en la Ruta de la Penitencia. {nl}	내 가르침을 받고 싶다면 자네의 용기를 내게 보여줄 필요가 있겠구나.{nl}이 도발용 보주로 대성당의 참회로에서 몬스터들을 도발해 보거라.{nl}				소드맨 마스터
QUEST_JOBSTEP_20150317_000406	¿Eres lo suficientemente valiente como para volver la espada del enemigo hacia ti cuando tus aliados están en peligro?	동료가 위험에 처했을 때, 적의 칼날을 내게 돌리게 할 수 있는 용기가 있나?				소드맨 마스터
QUEST_JOBSTEP_20150317_000407	Puedo imaginarlos llenos de ira. {nl}Has pasado la prueba. Eres lo suficientemente bueno para aprender de mí.	노기에 찬 녀석들의 얼굴이 그려지는군.{nl}시험은 통과야. 내 가르침을 받을 자격이 있어.				소드맨 마스터
QUEST_JOBSTEP_20150317_000408	¿Quieres aprender de mí? Entonces hay algo que deberías hacer por mí. {nl}Enséñale al Maestro Hackapell que cree que hay algo en el mundo que no se puede penetrar.	제게 가르침을 받고 싶으시다고요. 그렇다면 한 가지 해 주실 일이 있습니다. {nl}뚫을 수 없는 것이 존재한다고 믿고 있는 하카펠 마스터를 깨닫게 해 주는 것입니다.				
QUEST_JOBSTEP_20150317_000409	La lanza es imbatible e invencible. {nl}Quiero ver la cara del pobre Shadowgaler cuando sea derrotado.	창은 무적이고 불패입니다.{nl}섀도게일러를 처치하고 난 뒤 그 불쌍한 친구의 얼굴을 보고 싶군요.				
QUEST_JOBSTEP_20150317_000410	Si ese tipo pregunta, le diré con orgullo que nuestro hábil hoplita lo derribó. {nl}Te lo agradeceré con esto.	그 친구가 묻거든 우리의 유능한 하플라이트가 쓰러뜨렸노라고 자랑하지요.{nl}이걸로 그대를 인정해 드리겠습니다.				
QUEST_JOBSTEP_20150317_000411	¿Quieres aprender de mí? {nl}Entonces tienes que pasar una prueba. {nl}	나에게 가르침을 받고 싶은가.{nl}그렇다면 한 가지 시험을 치뤄야 한다.{nl}				
QUEST_JOBSTEP_20150317_000412	He oído que los otros Maestros están enviando a sus discípulos a derrotar a Yekub en la Catedral. {nl}Pero eso es lo que debes poner fin. Vete ahora.	다른 마스터들이 대성당 본당의 예쿱을 처치하기 위해 제자들을 보낸다고 들었다.{nl}하지만 그건 네가 끝내야 하는 일이다. 다녀와라.				
QUEST_JOBSTEP_20150317_000413	Si tienes la capacidad de aprender de mí, entonces Yekub te resultará bastante fácil.	내 가르침을 받을 자격이 있다면 예쿱 정도는 쉬울 것이다.				
QUEST_JOBSTEP_20150317_000414	Quiero ver sus caras cuando luchen contra un Yekub que ni siquiera existe. {nl}Está bien, eres lo suficientemente bueno.	있지도 않을 예쿱과 싸우게 될 이들의 얼굴을 보고 싶군.{nl}좋아. 자격은 충분하다.				바바리안 마스터
QUEST_JOBSTEP_20150317_000415	¿Viniste aquí para aprender las formaciones de un centurión? Entonces primero tengo que averiguar si eres lo suficientemente competente para comandar a otras personas.{nl}	센츄리온의 대형을 배우고 싶어 찾아왔나.{nl}그렇다면 네가 다른 사람들을 지휘할만한 실력이 있는지부터 알아봐야겠군.				
QUEST_JOBSTEP_20150317_000416	Puedes encontrarte con Colimencia cuando vayas al Bosque de Rocas Estratificadas{nl}. Debes ser lo suficientemente competente para derrotarla y así convertirte en Centurión.	점층바위 숲에 가면 콜리멘시아를 만날 수 있다.{nl}그 정도는 처치할 실력은 되어야 센츄리온의 자격이 있겠지.				
QUEST_JOBSTEP_20150317_000417	Te invitamos a convertirte en Centurión. {nl}A partir de ahora, aprenderás paso a paso sobre la formación de Centurión.	센츄리온으로 입문을 환영하네.{nl}이제부터 대형에 대해서 차근차근 배우기로 하지. 				센츄리온 마스터
QUEST_JOBSTEP_20150317_000418	Los escuderos son fuertes, pero donde realmente destacamos es ayudando a nuestros compañeros. {nl}Usar la cuerda para realizar ataques combinados con otros aliados {nl}es un ataque notablemente más fuerte que cualquier otro.	스콰이어란 혼자서도 강하지만 내 파트너를 도울 때 특히 더 빛이 나는 분야에요.{nl}특히 밧줄을 사용하여 동료와 함께 공격하는 연계 공격은 어떤 공격보다도 강력하죠.{nl}				
QUEST_JOBSTEP_20150317_000419	Esta es una cuerda de arresto.{nl}Llévala al Santuario de la Gran Catedral y practica todo lo que puedas para que puedas controlarla bien.{nl}Después de eso, hablemos de aprender de mí.	이건 포박 포승줄이에요.{nl}이걸 가지고 대성당 지성소에 가서 충분히 다룰 수 있을 만큼 연습해 오세요.{nl}제 가르침에 대해선 그 후에 말씀 나눠보도록 하죠.				
QUEST_JOBSTEP_20150317_000420	Para que los ataques de conexión tengan éxito, nadie puede cometer errores{nl}. Por eso necesitas practicar mucho.	연계 공격은 누구 하나 실수함이 없어야 성공할 수 있는 공격이에요.{nl}그래서 어떤 상황에서도 성공할 수 있도록 피나는 연습이 필요하죠.				스콰이어 마스터
QUEST_JOBSTEP_20150317_000421	¿Qué tan cómodo te sientes con eso? {nl}Te lo enseñaré a fondo como prometí.	어느 정도 익숙해졌나요?{nl}약속대로 당신을 철저히 가르쳐 드리겠어요.				
QUEST_JOBSTEP_20150317_000422	He oído que el monstruo llamado Biteregina sigue amenazando a la gente en el Bosque de la Bandera del Atardecer.{nl}Si pudieras derrotarlo, te enseñaré mis habilidades.	해진깃발숲에 비테레지나라는 몬스터가 사람들을 마구 위협하고 있대.{nl}그 몬스터를 처치해 준다면 내 기술을 가르쳐 줄게.				
QUEST_JOBSTEP_20150317_000423	Ya que soy Maestro, también debería ayudar a otras personas, pero simplemente no tengo suficiente tiempo.{nl}De todos modos, como te prometí, te enseñaré mis habilidades.	마스터의 이름을 달고 있다면 주변도 도울 줄 알아야 되는데 솔직히 짬이 안나.{nl}어쨌든 약속한 대로 네게 기술을 가르쳐 줄게.				
QUEST_JOBSTEP_20150317_000424	Pasar por estos peligros puede ser una buena experiencia.	이런 위험을 스스로 찾아서 경험해보는 것도 좋은 경험이 된다고.				새퍼 마스터
QUEST_JOBSTEP_20150317_000425	Los Peltastas pidieron ayuda. {nl}Tenemos tropas limitadas pero tampoco podemos rechazar a los Peltastas ya que tenemos un pacto con ellos.	펠타스타 측에서 도움을 요청해 왔다.{nl}우리의 병력이 부족하다고 하나 펠타스타와의 맹약을 맺었으니 거절할 수도 없는 일.{nl}				하이랜더 마스터
QUEST_JOBSTEP_20150317_000426	Quiero que ayudes a los Peltastas y lleves a cabo la misión.	그대가 펠타스타를 원조하여 임무를 수행하고 오라.				하이랜더 마스터
QUEST_JOBSTEP_20150317_000427	Nosotros, los Peltastas, recibimos suministros de escudos como condición para mantener nuestra promesa con los Highlanders. {nl}Los escudos siempre se han entregado a tiempo, pero recientemente se han reducido los suministros. {nl}	우리 펠타스타는 하이랜더와 맹약을 유지하는 조건으로 방패를 보급받고 있습니다.{nl}여태껏 기한을 잘 지켜 주셨는데 최근에 갑자기 방패 보급이 끊기고 말았습니다.{nl}				펠타스타 마스터
QUEST_JOBSTEP_20150317_000428	Pregúntales a los Highlanders cuál es el problema y, si puedes, resuélvelo.	어찌 된 일인지 하이랜더 마스터께 여쭈어 보시고 그대가 해결할 수 있는 일이라면 직접 해결하십시오.				펠타스타 마스터
QUEST_JOBSTEP_20150317_000429	Si tú lo dices, hay una manera.{nl}Si pudieras derrotar a los Moas en Crystal Brook que destruyeron mis ingredientes, adelantaré tu turno.	그렇게까지 말한다면 방법이 없는 건 아니오.{nl}내 재료들을 다 박살낸 수정개울의 모아를 처치해 준다면 순서를 앞당겨 드리지.				
QUEST_JOBSTEP_20150317_000430	Estoy siguiendo las huellas de Evoniphons.{nl}Información reciente indica que probaron algo en la Catedral.{nl}	난 에보니폰의 행적을 쫓고 있어.{nl}최근 정보로는 대성당에서 무언가를 실험했다는군.{nl}				레인저 마스터
QUEST_JOBSTEP_20150317_000431	Ve a la Catedral inmediatamente y consigue una muestra del fluido de Moya. {nl}Deberíamos saber algo después de examinarlo.	넌 곧장 대성당으로 가서 모야의 체액 샘플을 가져와 줘.{nl}그걸 조사하면 뭔가 알 수 있겠지.				레인저 마스터
QUEST_JOBSTEP_20150317_000432	Te daré esta insignia ya que eres principiante. {nl}Te ayudará a encontrar a los monstruos de manera eficiente.	초심자니까 이 섬광탄을 줄게. {nl}숨어있는 몬스터들을 좀 더 쉽게 찾을 수 있을 거야.				
QUEST_JOBSTEP_20150317_000433	El veneno es un arma de doble filo, así que debes tener cuidado con él{nl}. Especialmente si te cortas un dedo al usarlo.	독은 양날의 검과도 같으니 조심히 다루어야해.{nl}특히 독을 다루다가 손가락의 생채기에 닿기라도 한다면..				무고사 서브 마스터
QUEST_JOBSTEP_20150317_000434	Supongo que has venido a aprender algo de mí porque tienes la capacidad. {nl}De ganar un duelo contra mí.	내게 뭔가를 배울 만한 실력이 있으니까 찾아온거겠지?{nl}가령 나랑 대련해서 이긴다던가.				
QUEST_JOBSTEP_20150317_000435	Ve al área vacía encima de las escaleras y espera. {nl}Estaré allí después de terminar esto.	계단 위 공터로 먼저 가서 기다려. {nl}하던 것만 마저 정리하고 갈 테니까.				로그 마스터
QUEST_JOBSTEP_20150317_000436	Eres más rápido de lo que pareces. {nl}Te enseñaré mis habilidades a partir de ahora, así que ven cuando quieras.	보기보다 날렵하군.{nl}이제부터 내 기술을 전수해 줄 테니 언제든지 찾아와.				
QUEST_JOBSTEP_20150317_000437	Oí que apareció el Minotauro. {nl}Si quieres aprender de mí, deberías poder cazarlos sin esfuerzo.	좀처럼 모습을 드러내지 않던 미노타우로스가 나타났다고 하더군요.{nl}제게 가르침을 받고 싶다면 그 정도는 쉽게 사냥할 실력은 갖추고 있어야겠죠.				헌터 마스터
QUEST_JOBSTEP_20150317_000438	Si no hubieras ido, habría ido yo mismo. {nl}Te estoy dando la tarea, así que más te vale estar agradecido.	당신이 나서지 않겠다면 내가 직접 나섰을 테죠.{nl}양보해 드리는 거니까 고맙게 받으시는 게 좋을 거예요.				헌터 마스터
QUEST_JOBSTEP_20150317_000439	Excelente. Tienes mi reconocimiento. {nl}Ven cuando quieras si deseas aprender las habilidades de los Cazadores.	훌륭해요. 제가 인정해 드리죠.{nl}헌터의 기술을 배우고 싶다면 언제든 찾아오세요.				헌터 마스터
QUEST_JOBSTEP_20150317_000440	Con tus habilidades, el Reaverpede en Lonesome Market debería ser fácil de derrotar. {nl}Si no puedes hacerlo, no puedo aceptarte como aprendiz de Guardabosques.	너 정도의 실력자라면 스산한 장터의 리버피드는 쉽게 잡을 수 있겠지.{nl}이런 것도 해내지 못한다면 레인저 지망생으로 받아들여 줄 수 없어.				
QUEST_JOBSTEP_20150317_000441	Me alivia que estés aquí. {nl}Todos están concentrados allí, pero solo nosotros, los Rangers, no hemos sido enviados.	네가 와 줘서 정말 다행이야.{nl}다들 그곳에 집중하고 있는데 우리 레인저들만 파견을 못 가고 있거든.				레인저 마스터
QUEST_JOBSTEP_20150317_000442	He oído que eres un paso más rápido que los Cazadores. {nl}Buen trabajo. Soy un profesor muy estricto, así que más te vale estar preparado.	듣자하니 헌터들보다 네가 한 발 더 빨랐다고 하더군.{nl}수고했어. 내 지도는 엄격하니까 각오해.				레인저 마스터
QUEST_JOBSTEP_20150317_000443	Enseñarles las habilidades de los Scouts no es difícil. {nl}Pero necesitan tener la capacidad de seguirlas, ¿no creen?	스카우트의 기술은 가르쳐주는건 어렵지 않아.{nl}하지만 네 기량이 어느 정도는 되어야 내 수련을 따라올 수 있지 않겠어?				
QUEST_JOBSTEP_20150317_000444	De acuerdo. {nl}Los muertos vivientes aparecieron en Ruklys Road, pero las tropas allí necesitan ayuda. {nl}Esto debería ser un buen material de caza.	그렇다면 좋아.{nl}루클리스 거리에 데드본이 나타났는데 그 곳의 병사만으론 어쩔 수가 없다나 봐.{nl}이만 하면 괜찮은 사냥감인것 같은데. 그렇지?				
QUEST_JOBSTEP_20150317_000445	Buen trabajo. Lo hiciste mejor de lo que esperaba. {nl}Ven cuando quieras si deseas aprender algo.	수고했어. 생각보다 꽤 빠르게 해치웠군.{nl}앞으로도 뭔가 배우고 싶은 게 있으면 찾아와.				
QUEST_JOBSTEP_20150317_000446	¿Así que quieres aprender habilidades de zapador conmigo? Es una buena idea. {nl}Actualmente me faltan materiales para una nueva trampa.{nl}	내게 새퍼의 기술을 배우겠다고? 아주 좋은 생각이야.{nl}안 그래도 내가 새로운 함정을 개발 중이었는데 재료가 부족했거든.{nl}				새퍼 마스터
QUEST_JOBSTEP_20150317_000447	Así que tendrás que ayudarme con eso. {nl}Tendrás que derrotar a Rocktortuga en Ruklys Memorial y traerme Piedras Mano Naturales.	그러니 네가 날 좀 도와줘야겠다.{nl}루클리스 기념지에서 락투르투가를 처치하고 천연 마노석을 가져다 주겠어?				
QUEST_JOBSTEP_20150317_000448	Rocktortugas en el Monumento Ruklys. {nl}Las Rocktortugas en otras áreas no dan Piedras Mano.	루클리스 기념지의 락토르투가야.{nl}다른 곳의 락토르투가는 마노석 같은 거 절대 안줘.				새퍼 마스터
QUEST_JOBSTEP_20150317_000449	De acuerdo. Conseguí las Piedras Mano..{nl}Ven cuando quieras si deseas aprender las habilidades de Zapador.	좋아. 마노석은 받았고.. {nl}앞으로 새퍼의 기술을 연마하고 싶으면 언제든지 찾아와.				새퍼 마스터
QUEST_JOBSTEP_20150317_000450	¿Dijiste que quieres aprender mis habilidades?{nl}Si pudieras traerme algunas piedras que se puedan quemar del distrito central de Yonazolems, lo pensaré.	내 기술을 배우고 싶다고 했소?{nl}중심시가의 요나졸렘에게서 잘 타는 돌멩이라도 가져온다면 생각해 보겠소.				
QUEST_JOBSTEP_20150317_000451	En otras palabras, es imposible.	한 마디로 불가능한 일이라는 거요.				플레쳐 마스터
QUEST_JOBSTEP_20150317_000452	Tienes habilidades extraordinarias{nl}. Me encantaría tener un discípulo como tú. Te enseñaré mis habilidades.	정말 어처구니가 없을 정도로 대단한 실력을 가졌군.{nl}그런 제자라면 나도 반갑지. 기술을 가르쳐 주겠소. 				
QUEST_JOBSTEP_20150317_000453	Mejoramos nuestra inmunidad al experimentar muchos venenos.{nl}Si pudiste sobrevivir al veneno del sapo Rajatoad en el distrito central, entonces te enseñaré cómo controlar los venenos también.	우리들은 많은 독을 다루면서 스스로 면역력을 길러.{nl}중심시가에 있는 라자토드의 독에 살아남는다면 독을 제대로 다루는 법에 대해 가르쳐 줄게.				
QUEST_JOBSTEP_20150317_000454	¿Tendría sentido que Wugushi estuviera envenenado y débil?	무고사가 독에 당해 시름시름 앓는다면 그게 말이 되겠어?				
QUEST_JOBSTEP_20150317_000455	Nuestras enseñanzas son duras, así que espero que lo entiendas. {nl}De todos modos, puedes venir cuando quieras si quieres aprender.	우린 가르침이 좀 험하니까 네가 이해해 줬으면 좋겠어.{nl}어쨌든 가르침을 받고 싶으면 언제든 찾아와도 좋아.				
QUEST_JOBSTEP_20150317_000456	Estoy tan avergonzado de que mis discípulos arruinen todos los encargos. {nl}Si haces un buen trabajo, te enseñaré las habilidades de Tirador de Pelea.	기껏 온 의뢰를 내 제자들이 망쳐버리는 바람에 얼굴을 들고 다닐수가 없어.{nl}자네가 내 체면을 살려준다면 쿼렐슈터의 기술을 전수해 주겠네.				쿼렐슈터 마스터
QUEST_JOBSTEP_20150317_000457	Es el Disparador del Templo en el centro. {nl} Incluso mis discípulos huyeron cuando lo tuvieron delante, así que prepárense.	중심시가에 있는 템플슈터네.{nl}제자들이 코 앞에 두고 도망쳐 버릴 정도니 준비를 단단히 하게.				쿼렐슈터 마스터
QUEST_JOBSTEP_20150317_000458	Lo venciste. Ahora me siento mejor. {nl}Ven a clases cuando quieras. Te enseñaré con todo mi corazón.	해치웠군. 이제야 좀 살겠네.{nl}수업은 얼마든지 찾아 오게. 성심성의껏 가르쳐 주지.				쿼렐슈터 마스터
QUEST_JOBSTEP_20150317_000459	Maestro Schwarzer Reiter	슈바르츠라이터 마스터				
QUEST_JOBSTEP_20150317_000460	Si quieres ser un Schwarzer Reiter, responde a esta pregunta.{nl}Si quieres sobrevivir a intensas batallas, ¿qué necesitarás?{nl}	슈바르츠라이터가 되고 싶다면 이 질문에 답해보도록.{nl}치열한 전투 속에서 살아남으려면 무엇이 필요한가?{nl}				
QUEST_JOBSTEP_20150317_000461	¿Aliados? ¿Apoyo? ¿Suministros? No, una espada y una pistola me bastarían{nl}. Son las únicas cosas en las que puedo confiar.	동료? 지원? 보급? 아니야, 내 손에 든 검과 총 한 자루면 충분하지.{nl}일각을 다투는 상황에서 의지할 건 나 자신도 아니라 오로지 그것뿐이야.{nl}				
QUEST_JOBSTEP_20150317_000462	Y una cosa más. ¡Odio a tus enemigos!{nl}Si deseas ascender a Schwarzer Reiter, debes recordar ese odio.{nl}	그리고 또 하나. 적에 대한 증오심!{nl}자네가 슈바르츠라이터로 전직하고자 한다면 그 증오심을 하나 새겨야 할 거야.{nl}				
QUEST_JOBSTEP_20150317_000463	Porque no podrás avanzar hasta que me derrotes.{nl}Ven a mí cuando estés preparado.	왜냐면 날 이길 때까지 전직할 순 없을 테니까.{nl}준비 되면 내게 다시 오도록.				
QUEST_JOBSTEP_20150317_000464	Parece que tu suerte se ha acabado. {nl}Comencemos.	자네 지금 마지막 행운을 놓친 것 같군. {nl}시작하도록 하지.				
QUEST_JOBSTEP_20150317_000465	Siento que veo a mi yo más joven en ti{nl}. Ahora que te has convertido en un Schwarzer Reiter, somos espejos el uno del otro.	마치 내 젊은 시절을 보는 것 같군. {nl}자네도 슈바르츠라이터가 되었으니 우린 서로에게 거울이 되어줄 수 있을 거야.				
QUEST_JOBSTEP_20150317_000466	Necesito comprobar si estás cualificado para aprender mis habilidades. {nl}Derrotar a Sparnashorn parece bastante justo para alguien como tú, ¿qué opinas?	내게 기술을 배울 자격이 있는지 네 기량을 시험해 봐야겠다.{nl}루클리스 기념지의 스파나스혼이라면 네 명성에 걸맞지 싶은데, 어때?				아처 마스터
QUEST_JOBSTEP_20150317_000467	He oído que el Sparnashorn es enorme, por lo que pasa la mayor parte del tiempo en tierra en lugar de en el aire.	스파나스혼은 몸집이 너무 커서 날아다니는 때보다 땅에 있을 때가 많다고 들었어.				아처 마스터
QUEST_JOBSTEP_20150317_000468	No esperaba que lo derrotaras. Eso está bastante bien. {nl}De acuerdo. Puedes venir cuando quieras para aprender nuevas habilidades.	해치울 거라곤 별로 기대 안 했는데, 이거 의외인걸?{nl}좋아. 기술을 배우러 언제든 찾아와도 좋아.				아처 마스터
QUEST_JOBSTEP_20150317_000469	He oído que Minotauro ha aparecido en el Mercado Solitario.{nl}Por favor, tráeme la prueba de tu victoria.	미노타우로스는 스산한 장터에서 모습을 드러냈다고 해요.{nl}혹시 모르니 처치한 증거를 꼭 챙겨오시길 바랄게요.				
QUEST_JOBSTEP_20150317_000470	No sé por qué, pero desde algún momento, muchos monstruos comenzaron a aparecer de la ciudad petrificada{nl}. He oído que otros maestros están teniendo problemas por eso.	왜인진 모르겠는데 언젠가부터 석화된 도시 쪽에서 몬스터가 마구 넘쳐나고 있는 것 같아.{nl}다른 마스터들도 고생이라 들었어.				
QUEST_JOBSTEP_20150317_000471	Deseas alcanzar una etapa superior en la vida a través de la vocación de los clérigos. {nl}Te ayudaré a lograrlo a través del servicio.	클레릭의 사명을 통해 더 높은 경지에 오르고자 하시는군요.{nl}봉사를 통해 그 사명을 이룰 수 있도록 제가 도와드릴 수 있습니다.				클레릭 마스터
QUEST_JOBSTEP_20150317_000472	Hay mucha gente esperando tratamiento, pero no hay suficientes hierbas medicinales. {nl}Por favor consigue hierbas de Nicotia del Maestro Centurión en el Camino del Peregrino.{nl}	치료를 기다리는 분들은 많은데 약초가 부족합니다.{nl}순례자의 길에 계시는 센츄리온 마스터께 니코티아라는 약초를 받아와 주세요.{nl}				클레릭 마스터
QUEST_JOBSTEP_20150317_000473	Será un largo viaje{nl}. Que las bendiciones de la diosa estén siempre contigo.	먼 길이 되시겠군요. {nl}여신의 가호가 늘 함께하기를.				클레릭 마스터
QUEST_JOBSTEP_20150317_000474	Ah, el Maestro Clérigo te envió. {nl}Un placer conocerte. Soy el Maestro Centurión.	아, 클레릭 마스터가 보냈군.{nl}반갑소. 내가 센츄리온 마스터요.				센츄리온 마스터
QUEST_JOBSTEP_20150317_000475	Desafortunadamente, se nos acabó la Nicotia que el Maestro Clérigo está pidiendo. {nl}Hubo una solicitud urgente así que tuvo que ser usada.	클레릭 마스터께서 요청하신 니코티아는 안타깝게도 현재 동이 났소.{nl}급한 징발 명령이 내려와서 어쩔 도리가 없었지.{nl}				센츄리온 마스터
QUEST_JOBSTEP_20150317_000476	Pero no te preocupes. {nl}Las nicotias crecen por todas partes, así que no habrá problema si solo tomas los brotes jóvenes.	하지만 걱정하지 마시오. {nl}이 근처에 잔뜩 자라고 있는 게 니코티아니까 어린 순만 뜯어 간다면 문제없을 거요.				센츄리온 마스터
QUEST_JOBSTEP_20150317_000477	La Nicotia no está lejos de aquí. {nl}Envía mis saludos al Maestro Clérigo.	니코티아는 그리 멀지 않는 곳에 있소.{nl}클레릭 마스터께 내 안부도 전해 주시오.				센츄리온 마스터
QUEST_JOBSTEP_20150317_000478	Gracias. Esto ayudará a muchas personas que sufren. {nl}La diosa también se alegrará de que hayas alcanzado un nivel superior de clérigo.	감사합니다. 이걸로 고통받는 많은 분들을 치료하실 수 있을 거예요.{nl}여신께서도 그대가 클레릭의 더 높은 경지로 향하는 것을 기뻐하실 겁니다.				클레릭 마스터
QUEST_JOBSTEP_20150317_000479	Si quieres ascender como Krivis, ve y venera la estatua de la diosa en Fedimian. {nl}Una peregrinación es una forma segura de cumplir con los deberes hacia la diosa.	크리비로써 더 높은 경지에 오르고 싶거든 페디미안의 여신상에 경배를 드리고 오게.{nl}성지순례야말로 여신께 의무를 다하는 통과의례 아니겠는가.				크리비 마스터
QUEST_JOBSTEP_20150317_000480	Toma la ofrenda antes de irte. {nl}El Maestro Sacerdote y el Maestro Clérigo te darán la ofrenda necesaria para la adoración.	떠나기 전에 공양품을 가져가게.{nl}경배에 필요한 공양품은 프리스트 마스터와 클레릭 마스터께서 나누어 주실 것일세.				크리비 마스터
QUEST_JOBSTEP_20150317_000481	Te vas de peregrinación. {nl}Todavía recuerdo la peregrinación cuando era un joven clérigo.	성지순례를 떠나시는군요.{nl}아직 저도 어린 사제였을 시절에 다녀왔던 기억을 잊을 수 없답니다.				프리스트 마스터
QUEST_JOBSTEP_20150317_000482	Puedes sentir cómo tu corazón se llena de fe al contemplar la estatua de la diosa en Fedimian.	페디미안의 여신상을 바라보면 가슴이 신앙으로 차오르는 것을 느낄 수 있지.				크리비 마스터
QUEST_JOBSTEP_20150317_000483	Puedo darte las ofrendas.{nl}Pero antes de eso, tengo un favor que pedirte. {nl}	공양품은 내어 드릴 수 있습니다. {nl}하지만.. 그 전에 한 가지 청이 있습니다.{nl}				프리스트 마스터
QUEST_JOBSTEP_20150317_000484	Los residentes se quejan de que Rocktortuga anda suelto en Siauliai Western Woods. {nl}Te daré las ofrendas si derrotas a ese monstruo.	샤울레이 서쪽 숲에 락토르투가가 날뛰는 통에 주민들의 원성이 자자합니다.{nl}그 몬스터를 처치해 주신다면 공양품을 내어 드리겠습니다.				
QUEST_JOBSTEP_20150317_000485	La diosa también se alegrará por tu misericordia{nl}. Aquí tienes las ofrendas.{nl}	여신께서도 당신의 자비에 기뻐하고 계실 겁니다.{nl}자. 여기 공양품을 받으십시오.{nl}				프리스트 마스터
QUEST_JOBSTEP_20150317_000486	La diosa también se alegrará por tu misericordia.{nl}También me gustaría volver a visitar Fedimian si pudiera.	여신께서도 당신의 자비에 기뻐하고 계실 겁니다.{nl}저도 짬이 있다면 다시 페디미안에 들러 보고 싶군요.				프리스트 마스터
QUEST_JOBSTEP_20150317_000487	Vas a hacer una peregrinación a Fedimian.{nl}Toma aquí las ofrendas.	페디미안으로 순례를 가시는군요.{nl}자. 여기 공양품을 가져 가십시오.				클레릭 마스터
QUEST_JOBSTEP_20150317_000488	La estatua de la diosa está en el centro de Fedimian. {nl}Es enorme y ancha, así que ten cuidado de no perderte.	여신상은 페디미안의 중앙에 있습니다.{nl}워낙 크고 거대하니 헤매지 않도록 조심하세요.				클레릭 마스터
QUEST_JOBSTEP_20150317_000489	Hay una leyenda interesante sobre la estatua de la diosa en Fedimian. {nl}Si tienes la oportunidad, también será bueno verla.	페디미안의 여신상엔 재미있는 전설이 있습니다.{nl}기회가 되시면 한 번 찾아보시는 것도 좋겠지요.				클레릭 마스터
QUEST_JOBSTEP_20150317_000490	Puedo sentir que estás lleno de las bendiciones de la diosa. {nl}Buen trabajo. Esas bendiciones te llevarán a un lugar más elevado.	자네에게서 여신의 은총이 충만함을 느낄 수 있네.{nl}수고했네. 그 충만함이 자네를 더욱 높은 경지로 이끌어 줄 걸세.				크리비 마스터
QUEST_JOBSTEP_20150317_000491	¿Vienes de Fedimian? {nl}El Maestro Krivis te está esperando.	페디미안엔 다녀오셨나요?{nl}크리비 마스터께서 기다리고 계십니다.				클레릭 마스터
QUEST_JOBSTEP_20150317_000492	¿Aceptarás la vocación de sacerdote y seguirás el camino de la diosa? {nl}Puedes hacerlo deshaciéndote del mal.	프리스트의 사명을 지고 여신의 길을 계속 따르시렵니까.{nl}그렇다면 악을 퇴치하는 것으로 더 높은 경지에 이를 수 있을 것입니다.				프리스트 마스터
QUEST_JOBSTEP_20150317_000493	Fuerzas malignas se manifiestan en el Camino del Demonio Hambriento en Fedimian. {nl}Extrae su identidad y difumínala con el nombre de la diosa.	페디미안 근처의 큰 아귀 길에 사악한 기운이 출몰하고 있다고 합니다.{nl}그 기운에서 실체를 뽑아내 여신의 이름으로 퇴마해 주십시오.				프리스트 마스터
QUEST_JOBSTEP_20150317_000494	Cualquiera que siga las palabras de la diosa puede recibir sus poderes para expulsar a los espíritus malignos. {nl} Pero esa fuerza dependerá de la profundidad de la fe de cada uno.	여신의 말씀을 따르는 자라면 누구든 여신의 힘을 받아 사악한 기운을 몰아낼 수 있습니다.{nl}하지만 그 힘의 크기는 신앙심에 따라 다르겠지요.				프리스트 마스터
QUEST_JOBSTEP_20150317_000495	Bien hecho. {nl}En el nombre de la diosa, por favor juzga el mal en este mundo para que no puedan afianzarse.	수고하셨습니다. {nl}앞으로도 부정한 것들이 이 땅에 발을 붙이지 못하도록 여신의 이름으로 심판해 주십시오.				프리스트 서브 마스터
QUEST_JOBSTEP_20150317_000496	Si quieres investigar sobre el camino del Bokor, deberías hacer algo por mí.{nl}Por favor consigue la joya del Maestro Krivis.	그대가 보코르의 길을 탐구하고 싶다면 응당 나서 주셔야 할 일이 있습니다.{nl}먼저 크리비 마스터께 맡긴 보석을 제게 가져와 주세요.				
QUEST_JOBSTEP_20150317_000497	¿El Maestra Bokor te envió?{nl}Así que decidieron deshacerse de esa joya.	보코르 마스터께서 보내셨는가.{nl}그 보석의 처분이 결정되었나 보군.				크리비 마스터
QUEST_JOBSTEP_20150317_000498	Será muy peligroso{nl}. Debes prepararte.	이번 일은 아주 위험한 일이 될 것입니다.{nl}각오해 두는 게 좋겠지요.				보코르 마스터
QUEST_JOBSTEP_20150317_000499	Tómala{nl}. Es la joya que está maldita por un ser cruel. Varios sacerdotes están tratando de manejarla, pero están teniendo dificultades.	가져가게. 이건 사악한 존재의 강력한 저주가 걸려 있는 보석이네.{nl}부끄럽게도 사제 몇 명이 매달려도 어쩌질 못하고 있지.				크리비 마스터
QUEST_JOBSTEP_20150317_000500	Como nosotros también tenemos curiosidad al respecto, vuelva más tarde.	우리도 그 사연이 궁금하니 나중에 꼭 다시 와서 들러주시게.				크리비 마스터
QUEST_JOBSTEP_20150317_000501	Tengo un mal presentimiento.{nl}Espero que no ocurra nada malo...{nl}	안 좋은 예감이 느껴지네.{nl}무슨 일이 일어나지 않으면 좋으련만..{nl}				크리비 마스터
QUEST_JOBSTEP_20150317_000502	Lo has traído.{nl}Pero...maldita sea.	가져오셨군요.{nl}그런데.. 아니 이런, 맙소사.				보코르 마스터
QUEST_JOBSTEP_20150317_000503	La maldición en esta joya está llamando a Tutu aquí.{nl}Mientras averiguo cómo lidiar con esta maldición, hay algo que debes hacer.	이 보석에 서린 저주가 이곳으로 투투를 부르고 있어요.{nl}제가 이 저주를 어떻게든 다스릴 동안 당신이 해주실 것이 있습니다.				보코르 마스터
QUEST_JOBSTEP_20150317_000504	Primero, dile al Maestro Krivis que prepare el servicio conmemorativo.{nl}Después de eso, por favor ve al Bosque Este de Siauliai y bloquea a Tutu.	먼저 크리비 마스터께 위령제를 준비하라 전해주십시오.{nl}그러고 나서 곧장 샤울레이 동쪽 숲으로 가 투투를 막아 주세요.				보코르 마스터
QUEST_JOBSTEP_20150317_000505	Algo podría suceder cuando el poder de la maldición se haga más fuerte{nl}. Nuestra misión es detener eso.	저주의 힘이 강력하면 이런 일도 벌어질 수 있답니다.{nl}그걸 해결하는 것이 우리의 사명이기도 하지요.				보코르 마스터
QUEST_JOBSTEP_20150317_000506	Sí. De hecho, esa joya es la que un joven sacerdote del pueblo recogió.{nl}Después de traer esta joya, sufrió de pesadillas así que hice una solicitud al Maestra Bokor.	그랬군. 사실 그 보석은 마을의 어린 신자께서 주워온 것일세.{nl}이걸 주워온 뒤로는 매일 밤 악몽에 시달리는 바람에 보코르 마스터께 부탁한 것이지.				크리비 마스터
QUEST_JOBSTEP_20150317_000507	Bueno, en fin{nl}. Prepararé el servicio conmemorativo. No te preocupes por eso y simplemente bloquea a Tutu del Bosque de Siauliai Oriental antes de que llegue a Klaipeda.	어쨌든 알겠네. 위령제를 준비하도록 하지.{nl}걱정 말고 자네는 투투가 클라페다로 오기 전에 샤울레이 동쪽 숲에서 막아 주시게.				크리비 마스터
QUEST_JOBSTEP_20150317_000508	Estas cosas suceden porque el mundo está sumido en el caos{nl}. La diosa debe sentirse triste por ello...	세상이 흉흉하니 이런 일도 벌어지는군.{nl}여신께서도 슬퍼하실 게야..				크리비 마스터
QUEST_JOBSTEP_20150317_000509	Lo resolví con astucia gracias a tu ayuda{nl}. Como Bokor, puedo esperar que crezcas a partir de ahora.	이번 일은 당신의 도움으로 현명하게 처리할 수 있었습니다.{nl}보코르로서, 앞으로의 성장을 기대해도 되겠지요.				보코르 마스터
QUEST_JOBSTEP_20150317_000510	Derrotaste a ese Tutu{nl}. ¡Bien hecho! Como resultado, puedo preparar el servicio conmemorativo sin ningún problema.{nl}	그 투투를 물리치다니, 수고했네.{nl}덕분에 이 쪽도 위령제를 무사히 치룰 수 있었어.{nl}				크리비 마스터
QUEST_JOBSTEP_20150317_000511	Regresa con el Maestra Bokor rápido y cuéntale sobre esto.	어서 보코르께 돌아가 이 사실을 알려 주시게.				크리비 마스터
QUEST_JOBSTEP_20150317_000512	Es bueno que estés aprendiendo habilidades de mí, pero también quiero que entiendas la importancia de cuidar después.{nl}Los sacerdotes de Klaipeda solicitaron cuidados para la estatua de la diosa, ¿qué te parece?	자네가 내게 기술을 배우는 것도 좋지만 사후 관리의 중요성도 알았으면 좋겠군.{nl}마침 클라페다의 사제분들께서 여신상의 관리를 의뢰했는데, 어떤가?				조각가 테슬라
QUEST_JOBSTEP_20150317_000513	Quiero que primero consigas el aceite perfumado que se usa para el mantenimiento de la estatua.{nl}Si se lo pides a los sacerdotes, te lo darán.	먼저 여신상의 보수에 필요한 향유부터 모으는게 좋겠네.{nl}클라페다의 성직자분들께 부탁하면 쉬이 내어줄 걸세.				
QUEST_JOBSTEP_20150317_000514	Este es el aceite perfumado.{nl}Como Tesla es muy mayor, me preocupaba que mi petición fuera excesiva, pero supongo que ahora está bien.{nl}	향유는 여기 있습니다.{nl}테슬라님께서 연세가 너무 많으셔서 좀 무리한 부탁이 아닌가 싶었는데 다행이네요.{nl}				클레릭 마스터
QUEST_JOBSTEP_20150317_000515	Esto es todo lo que tengo..{nl}Escuché que el Maestro Krivis también tiene algo.	제가 가진 건 이게 전부라서.. {nl}크리비 마스터께서도 조금 가지고 있다고 들었습니다.				클레릭 마스터
QUEST_JOBSTEP_20150317_000516	¿Aceite perfumado? Ah, aquí está.{nl}Por favor, cuide la estatua.	향유? 아, 그래. 여기 있네. {nl}여신상을 잘 부탁하겠네.				크리비 마스터
QUEST_JOBSTEP_20150317_000517	Por favor, dígale a Tesla que estoy bien.	테슬라님께 제 안부를 전해 주십시오.				클레릭 마스터
QUEST_JOBSTEP_20150317_000518	Encuéntrate también con el Maestro Sacerdote.{nl}La cantidad de aceite perfumado que tienes puede no ser suficiente.	프리스트 마스터께도 들러 보시게.{nl}아마 그 정도 향유 가지곤 부족할 거야.				크리비 마스터
QUEST_JOBSTEP_20150317_000519	Esa es la tarea que te encomendamos, así que si la necesitas te la daremos. {nl}Aquí tienes.	저희가 요청한 일인데 필요하시다면 얼마든지 드려야지요. {nl}여기 있습니다.				프리스트 마스터
QUEST_JOBSTEP_20150317_000520	Incluso si recibes aceite perfumado del Maestro Sacerdote, puede no ser suficiente.{nl}Deberías tener mucho cuidado con ello.	그런데 아마 프리스트 마스터께 향유를 받는다고 해도 모자랄 것이야.{nl}여신상은 꼼꼼히 관리해 줘야 하니까..				크리비 마스터
QUEST_JOBSTEP_20150317_000521	La cantidad de aceite perfumado que tienes parece un poco escasa.{nl}Ya que el Maestra Bokor también tiene algo de aceite, ¿por qué no vas a encontrarte con él?	아직 향유가 조금 부족해 보이는군요.{nl}보코르 마스터께서도 향유를 가지고 계시니 한번 들러 보시지요.				프리스트 마스터
QUEST_JOBSTEP_20150317_000522	¿Aceite perfumado? Sin duda te lo daremos. {nl}Tesla nos dijo que no necesitaba ningún pago por eso, así que lo sentimos.	향유요? 기꺼이 내어 드려야지요.{nl}테슬라님께서 굳이 보수를 받지 않겠다고 하셔서 저희도 송구스럽던 차였답니다.				보코르 마스터
QUEST_JOBSTEP_20150317_000523	Qué pena que no pueda ir contigo, ya que no tengo suficiente tiempo.	저도 짬이 좀 난다면 여신상을 보수하러 동행했을 텐데 참으로 아쉽습니다.				프리스트 마스터
QUEST_JOBSTEP_20150317_000524	Las estatuas que te confiamos son la estatua en Fedimian y la estatua en Klaipeda.{nl}Bien entonces, cuento contigo.	저희가 의뢰를 부탁한 여신상은 페디미안의 여신상과 이곳 클라페다의 여신상입니다.{nl}그럼, 잘 부탁드릴게요.				보코르 마스터
QUEST_JOBSTEP_20150317_000525	Si utilizas el poder absoluto de la diosa, tu viaje a Fedimian debería ser un poco más fácil.	여신상의 권능을 이용하면 페디미안까지 조금 더 쉽게 가실 수 있을 겁니다.				보코르 마스터
QUEST_JOBSTEP_20150317_000526	Bien hecho.{nl}Regresa con Tesla.	수고하셨습니다.{nl}테슬라님께 돌아가 보시지요.				보코르 마스터
QUEST_JOBSTEP_20150317_000527	También es tarea de un Dievdirbys cuidar el trabajo, no solo crearlo{nl}. No olvides este sentimiento si quieres aprender las habilidades de un Dievdirbys{nl}. Oh, ya regresaste{nl}. Bien hecho.{nl}{nl}	작품을 만드는 것이 다가 아니라 애정을 가지고 보살피는 것도 딥디르비의 일이야.{nl}딥디르비의 기술을 익힐 거라면 이 느낌을 잊지 말게.{nl}{nl}오, 벌써 다녀 왔는가. {nl}수고했네. {nl}				
QUEST_JOBSTEP_20150317_000528	También es tarea de un Dievdirbys cuidar el trabajo, no solo la creación del trabajo.{nl}No olvides este sentimiento si quieres aprender las habilidades de un Dievdirbys.	작품을 만드는 것이 다가 아니라 애정을 가지고 보살피는 것도 딥디르비의 일이야.{nl}딥디르비의 기술을 익힐 거라면 이 느낌을 잊지 말게.				
QUEST_JOBSTEP_20150317_000529	El número de monstruos aumentó mucho en el Camino del Demonio Hambriento, y están amenazando a los aldeanos de allí.{nl}Si quieres dar un paso al frente como un verdadero Sadhu, entonces comparte tus habilidades.	큰 아귀 길에 있는 몬스터들의 수가 크게 불어나 주민들을 위협하고 있다고 합니다.{nl}당신이 진정한 사두로서 한 걸음 더 내딛고 싶다면 당신의 능력을 베푸십시오.				
QUEST_JOBSTEP_20150317_000530	Hacer penitencia no es solo para uno mismo, sino también para ser amable con los demás.	고행은 자신을 위하는 것이 아니라 남에게도 베풀기 위해 하는 것입니다.				사두 마스터
QUEST_JOBSTEP_20150317_000531	A medida que te vuelves más amable con los demás, alcanzarás una etapa superior.{nl}Como Maestro Sadhu, te guiaré en el camino.	남에게 베풀수록 당신의 경지도 높아지겠지요.{nl}그 길은 사두 마스터인 제가 이끌어 드리겠습니다.				사두 마스터
QUEST_JOBSTEP_20150317_000532	En primer lugar, un Paladín demuestra con acciones en lugar de palabras. {nl} Demuestra tu creencia religiosa en la diosa batiéndote en duelo conmigo.	우리 팔라딘은 말보단 행동으로 답하지.{nl}여신에 대한 신앙은 나와의 대련을 통해 증명하는 건 어떨까 싶네.				팔라딘 마스터
QUEST_JOBSTEP_20150317_000533	Ante todo, la fe religiosa es el poder para nosotros los Paladines.{nl}Posees una gran fe religiosa.{nl}	우리 팔라딘에게 있어 신앙은 곧 힘이지.{nl}그런 점에서 자네는 아주 훌륭한 신앙심을 가졌구나.{nl}				팔라딘 마스터
QUEST_JOBSTEP_20150317_000534	Has superado la prueba{nl}. Debes estar preparado para que a partir de ahora entrene tu espíritu con más ahínco.	시험은 통과일세.{nl}이제부터 자네의 영혼을 더욱 강하게 단련시켜 줄 터이니 각오하는 게 좋을 거야.				팔라딘 마스터
QUEST_JOBSTEP_20150317_000535	Maestro Monje	몽크 마스터				
QUEST_JOBSTEP_20150317_000536	Tu creencia religiosa se reafirma cuando tienes un cuerpo bien entrenado.{nl}Te pondré a prueba.	신앙이란 잘 단련된 육체가 있어야 완전해지는 법이 아니겠소.{nl}내 그대를 시험해 보리다.				몽크 마스터
QUEST_JOBSTEP_20150317_000537	Bien{nl}. Tu fe religiosa es muy fuerte. Te aceptaré como monje. Debes estar preparado, ya que nuestro entrenamiento es muy duro.	좋아. 그대의 신앙은 훌륭하군. {nl}입문을 허락하겠소. 우리 몽크들의 수련은 혹독하니 각오하는 게 좋을 거요.{nl}				
QUEST_JOBSTEP_20150317_000538	Maestro Indulgenciario	파드너 마스터				
QUEST_JOBSTEP_20150317_000539	Normalmente, la mejor manera de ser aceptado como Indultador es aportar mucho dinero{nl}. Pero creo que completar una tarea sería mejor para ti.{nl}	보통 파드너로 입문을 하려면 거액을 기부하는 게 제일 좋지.{nl}하지만 자네는 입문 과제가 더 어울리겠군.{nl}				파드너 마스터
QUEST_JOBSTEP_20150317_000540	Por favor, tráeme el brasero.{nl}Oí un rumor de que los comerciantes de Fedimian lo vieron.	불항아리라는 물건을 가져다주게.{nl}페디미안의 상인들이 그 항아리를 봤다는 소문이 돌더군.				파드너 마스터
QUEST_JOBSTEP_20150317_000541	¡Guau! Bienvenido{nl}. ¿Necesitas algo?	아이고! 어서 오십시오.{nl}뭐, 찾는 물건이라도?				장비 상인
QUEST_JOBSTEP_20150317_000542	¿Olla de fuego? La vi en el Arroyo de Cristal. {nl}El Maestro Indulgenciario también la estaba buscando. Supongo que no pudo encontrarla.	모스템이요? 수정개울에서 봤긴 봤죠. {nl}파드너 마스터께서도 찾으시던데. 아직도 못 찾으셨나 보네요?				
QUEST_JOBSTEP_20150317_000543	Ah, el Maestro Indulgenciario. {nl}Hay mucho que no sabe...	파드너 마스터님도 참. {nl}깜깜하신 분이네요..				잡화 상인 뮤라스
QUEST_JOBSTEP_20150317_000544	Oh. ¡Sí! Esto es.{nl}Te aceptaré como perdonador.	오오, 그래! 이거야. 등잔 밑이 어둡다더니 그게 내 꼴이군.{nl}어쨌든 파드너로 입문을 허락하지. 				
QUEST_JOBSTEP_20150317_000545	Por favor regresa con el Maestro Indulgenciario.{nl}Estuvo buscando la olla de fuego por mucho tiempo.	어서 파드너 마스터께 돌아가 보세요.{nl}그 불항아리를 아주 오랫동안 찾고 계셨거든요.				잡화 상인
QUEST_JOBSTEP_20150317_000546	¿Olla de fuego? Claro que la conozco{nl}. Pero sabes que soy comerciante. Si pudieras conseguirme el aceite endurecido de los monstruos en el Camino del Demonio Hambriento...	불항아리요? 알다마다요. {nl}하지만 전 장사꾼입지요. 큰 아귀 길에 있는 몬스터에게서 굳은 기름을 구해 주신다면 모를까..				
QUEST_JOBSTEP_20150317_000547	Si no lo necesitas, no hay problema{nl}. Como estoy ocupado, haré mi trabajo.	필요 없으면 저도 일없습죠.{nl}바빠죽겠으니 일이나 하렵니다.				장비 상인
QUEST_JOBSTEP_20150317_000548	Ah, gracias.{nl}Un monstruo llamado Mostem siempre tiene sus manos sobre la olla de fuego.{nl}	오, 감사합니다요.{nl}불항아리는 모스템이라는 몬스터가 한시도 손에서 놓지 않는 것이라 합지요.{nl}				장비 상인
QUEST_JOBSTEP_20150317_000549	Pregúntale al vendedor de equipos de allí, dijo que lo vio hace poco.	저어기, 장비상인이 최근에 봤다고 하니 그에게 물어보시죠.				장비 상인
QUEST_JOBSTEP_20150317_000550	Un mago es un ilusionista que se centra en los fundamentos de toda la magia.{nl}Si buscas una magia más poderosa, debes volver a lo básico.{nl}	위저드는 모든 마법의 기본에 가장 충실한 마법사야.{nl}더 강한 마법을 탐구하려면 역시 기본으로 돌아오는 게 제일 아니겠어?{nl}				위저드 마스터
QUEST_JOBSTEP_20150317_000551	Por favor, derrota al violento Golem en el Bosque de Siauliai Occidental. {nl}Decidiré si continuaré enseñándote en función de tus resultados.	샤울레이 서쪽 숲에서 난동을 피우는 난폭한 골렘을 처치해 줘.{nl}그걸로 네게 가르침을 계속 이어갈지 판단하겠어.				위저드 마스터
QUEST_JOBSTEP_20150317_000552	Jaja.{nl}Recuerdo cuando eras un mago en período de prueba.	후후.{nl}네가 아직 수습 위저드일때가 생각났어.				위저드 마스터
QUEST_JOBSTEP_20150317_000553	Sí{nl}. Bien hecho. Empecemos por lo básico. Te ayudaré en todo lo que pueda.	그래, 멋지게 해치웠네.{nl}다시 기본부터 시작해 보자고. 힘껏 도와주겠어.				위저드 마스터
QUEST_JOBSTEP_20150317_000554	Los Poata están amenazando a los aldeanos en el Bosque de Siauliai Oriental.{nl}Si pudieras derrotar a esos monstruos en nombre de la Diosa Gabija, te enseñaré mi magia.{nl}{nl}	샤울레이 동쪽 숲에 있는 포아타가 주민들을 위협하고 있대.{nl}가비야 여신의 이름으로 그 몬스터를 없애 준다면 나의 마법을 전수해 주겠어.{nl}{nl}				
QUEST_JOBSTEP_20150317_000555	Se podría decir que, tras aprender algo nuevo, se vuelve más fuerte al compartir sus conocimientos con los demás.	배운 것이 있다면 주변에 베풀 줄도 알아야 진정한 강함이 아니겠어?				파이로맨서 마스터
QUEST_JOBSTEP_20150317_000556	Bien hecho. La Diosa, Gabija, debe estar muy satisfecha.{nl}Como prometí, te llevaré a la siguiente etapa de Piromante.	잘했어. 가비야 여신께서도 만족해하실 거야.{nl}약속대로 파이로맨서의 더 높은 경지로 이끌어 줄게.				
QUEST_JOBSTEP_20150317_000557	Sueñas con alcanzar una etapa superior con el poder del aire frío. {nl}Mushcaria en los bosques de West Siauliai será una buena tarea para ti.	냉기의 힘으로 더 강력한 경지를 꿈꾸신다고요.{nl}샤울레이 서쪽 숲의 머슈카리아 정도면 훌륭한 과제가 되겠군요.				크리오맨서 마스터
QUEST_JOBSTEP_20150317_000558	No es bueno ver a un ser humano débil persiguiendo la fuerza.	나약한 인간이 강함을 추구한다는 건 참으로 못 보일 추태이지요.				크리오맨서 마스터
QUEST_JOBSTEP_20150317_000559	Lo hiciste bien, sin ningún fallo{nl}. Como prometí, te seguiré entrenando.	부족함이 없는 모습, 잘 보았습니다.{nl}약속대로 당신을 더욱 강하게 단련시켜 드리죠.				크리오맨서 마스터
QUEST_JOBSTEP_20150317_000560	Un psicokino muestra su poder creyendo en sus propias habilidades.{nl}Tienes que demostrar cuánta confianza tienes en ti mismo para recibir mis lecciones.	사이코키노들은 자신의 능력을 믿는 것으로 힘을 발휘하네.{nl}자네가 스스로를 얼마나 믿는지를 보여야 내 가르침을 받을 수 있을 것이네.				
QUEST_JOBSTEP_20150317_000561	Los guerreros Vubbe rojos de este bosque son difíciles de combatir{nl}. Pero si confías en ti mismo, podrás derrotarlos.	이 숲의 붉은 부베 투사는 자네에겐 분명 버거운 상대이네.{nl}하지만 자네 스스로를 믿는다면 분명 처치할 수 있을 것이네.				
QUEST_JOBSTEP_20150317_000562	¿Cómo vas a usar este poder sobrenatural si no confías en ti mismo? ¿No crees?{nl}	자신을 믿지 않으면 누굴 믿어서 초능력을 쓰겠다는 건가?{nl}그렇지?				사이코키노 마스터
QUEST_JOBSTEP_20150317_000563	Tus habilidades son mucho mejores de lo que esperaba{nl}. Pero, si aprendes de mí, puedes alcanzar un nivel superior.	자네의 능력은 내 상상을 웃도는군.{nl}하지만 내 가르침이 있다면 더 높은 경지를 꿈꿀 수도 있을 걸세.				사이코키노 마스터
QUEST_JOBSTEP_20150317_000564	Antes de que aprendas magia de mí, quiero ver cómo controlas el maná.{nl}Derrota al Guerrero Vubbe en el Bosque de West Siauliai usando cualquier magia que quieras.	저에게 마법을 배우기에 앞서 당신의 마나 운용법을 알고 싶군요.{nl}어떤 마법이든 상관없으니 샤울레이 동쪽 숲의 부베 투사를 처치해 주세요.				
QUEST_JOBSTEP_20150317_000565	A medida que aprendes más sobre un enlazador, es muy interesante{nl}. ¿No crees? Leyendo la cadena de maná...	링커란 분야는 참 알면 알수록 오묘하죠.{nl}그렇잖아요. 마나의 끈을 읽는다니..				링커 서브 마스터
QUEST_JOBSTEP_20150317_000566	Posees grandes habilidades, sin duda{nl}. Como Enlazador, si puedo guiarte bien, te convertirás en un mago realmente poderoso.	당신은 아주 훌륭한 자질을 갖춘 것 같아요.{nl}제가 링커로서 당신을 잘 이끌어 줄 수만 있다면 정말 강력한 마법사가 되실 수 있을 거예요.				
QUEST_JOBSTEP_20150317_000567	Antes de que aprendas la magia de un Taumaturgo, necesito poner a prueba tus habilidades mágicas.{nl}Derrota a las Salamandras Ardientes en la Torre del Mago.	쏘마터지의 마법을 배우기 전에 당신의 마법적 소양을 시험해 볼 필요가 있겠어요.{nl}마법사의 탑에 있는 타오르는 샐러맨더 정도면 될 거 같네요.				
QUEST_JOBSTEP_20150317_000568	Es importante medir tu habilidad.{nl}Será más importante si no apruebas la prueba.	실력을 가늠하는 건 중요해요.{nl}게다가 당신이 시험을 통과하지 못한다면 더더욱 중요하겠지요.				쏘마터지 마스터
QUEST_JOBSTEP_20150317_000569	Esto es genial{nl}. Me esforzaré al máximo para tu desarrollo futuro.{nl}{nl}	이 정도면 훌륭해요.{nl}당신의 발전을 위해 힘껏 도와드릴게요.{nl}{nl}				
QUEST_JOBSTEP_20150317_000570	En lugar de presumir de ti mismo con palabras, es mucho mejor demostrar a los demás que eres competente{nl}. Te haré una prueba. Derrota al viscoso Reaverpede en el Valle del Árbol Restante.	자신을 말로 포장하는 것 보단 직접 보여주는 것이 백 배 낫습니다.{nl}머무르는 나뭇골의 미끈거리는 리버피드를 처치하는 것이 저의 시험입니다.				
QUEST_JOBSTEP_20150317_000571	El Reaverpede en el Valle del Árbol Restante sería un buen lugar para tu reputación.{nl}He oído hablar bastante de ti, pero debería comprobarlo con mis propios ojos.	머무르는 나뭇골의 리버피드라면 당신의 명성에 어울리겠지요.{nl}당신의 이름이야 익히 들었습니다만, 저는 직접 확인해야 직성이 풀립니다.				
QUEST_JOBSTEP_20150317_000572	Muy bien.{nl}Con esto te has ganado el derecho a volverte más fuerte.{nl}	훌륭합니다.{nl}이걸로 당신은 더 강해질 수 있는 자격을 얻은 것이나 다름없습니다.{nl}				엘리멘탈리스트 서브 마스터
QUEST_JOBSTEP_20150317_000573	Será mejor que te rindas si tu voluntad no es lo suficientemente fuerte.{nl}Si ese no es el caso, derrota al Guante del Diablo que está por aquí.	어설픈 각오로 날 찾아온 거라면 그만 포기하는 게 좋을지도.{nl}그게 아니라면 이 근처를 떠도는 데블글로브 정도가 입문 과제로 좋겠지. 				소서러 마스터
QUEST_JOBSTEP_20150317_000574	Los espíritus malignos son solo herramientas{nl}. No haré nada que me haga darle la espalda a la diosa.	악령은 순전히 도구일 뿐이야.{nl}여신을 등지는 짓은 하지 않아.				소서러 마스터
QUEST_JOBSTEP_20150317_000575	Realmente utilizas todos los medios posibles.{nl}Bueno, en eso pensamos igual. Te permitiré aprender magia de mí.	정말 수단 방법을 가리지 않는군.{nl}뭐, 우리도 그 점은 마찬가지니까. 내게 마법을 배우는 걸 허락하겠어.				소서러 마스터
QUEST_JOBSTEP_20150317_000576	He preparado algo bonito allí abajo para alguien que se convierta en mi discípulo.{nl}Desde allí, recoge algunos fragmentos de cadáveres.	혹여나 생길 나의 제자를 위해 이 아랫쪽에 멋진 것을 준비해 놨네.{nl}거기서 사체 일부를 주워 오도록 하게.				
QUEST_JOBSTEP_20150317_000577	Ser un nigromante es realmente genial{nl}. Pero usar humanos como ingredientes está absolutamente prohibido.	멋진 길이야. 네크로맨서란.{nl}하지만 인간을 재료로 삼는 건 금기야.				네크로맨서 마스터
QUEST_JOBSTEP_20150317_000578	Muy bien, de verdad{nl}. No tienes ningún problema para entender mis hechizos.	정말 대단해. {nl}자네는 나의 주술을 이해하기에 손색이 없군,				네크로맨서 마스터
QUEST_JOBSTEP_20150317_000579	Maestra Cronomante	크로노맨서 마스터				
QUEST_JOBSTEP_20150317_000580	Si quieres aprender mi magia, primero debo entender tus habilidades.{nl}Derrotar a Reaverpede en el Valle del Árbol Restante debería ser suficiente.	저의 마법을 배우고 싶다면 먼저 당신의 실력을 알아야겠지요.{nl}머무르는 나뭇골의 골칫거리인 리버피드가 적당하겠어요.				
QUEST_JOBSTEP_20150317_000581	Sin importar cuán fuerte sea una magia, no puede detener el flujo del tiempo.{nl}Pero podría ser posible si fuera obra de Agailla Flurry...	아무리 강력한 마법이라도 시간이 흐르는 것 자체를 막을 수는 없습니다.{nl}아가일라 플러리님이라면 모를까..				크로노맨서 마스터
QUEST_JOBSTEP_20150317_000582	Lo hiciste mucho mejor de lo que esperaba{nl}. Reconozco tus habilidades. Por favor, sigue mis enseñanzas atentamente de ahora en adelante.	생각보다 깔끔하게 해치우셨더라고요.{nl}당신을 인정하지요. 열심히 따라와 주시길 바랍니다.				크로노맨서 마스터
QUEST_JOBSTEP_20150317_000583	No sé si esos Maestros realmente piensan en la seguridad de la diosa y del reino.{nl}Ironbaum se acerca a Klaipeda, pero a nadie le preocupa.	마스터라는 사람들이 과연 여신과 왕국의 안위들은 생각하고 있는지 알 수가 없어. {nl}아이언바움만 해도 클라페다로 다가오고 있다는데 누구 하나 걱정하지 않잖아?				위저드 마스터
QUEST_JOBSTEP_20150317_000584	Esa actitud es la que yo quería.{nl}Te enseñaré la verdadera magia si derrotas a Ironbaum en el Bosque de West Siauliai.	바로 그런 자세를 원했어.{nl}샤울레이 동쪽 숲이라니까 아이언바움을 저지하고 돌아온다면 마법의 진수를 가르쳐 줄게.				위저드 마스터
QUEST_JOBSTEP_20150317_000585	Especialmente la actitud del Maestro Criomante realmente... me molesta.	특히 크리오맨서 마스터의 태도는 정말.. 화가 나.				위저드 마스터
QUEST_JOBSTEP_20150317_000586	Recuerdo cuando llegaste por primera vez a Klaipeda.{nl}Si quieres, puedes comenzar el entrenamiento de inmediato.	네가 막 클라페다에 도착했을 때가 또 생각나네. {nl}원한다면 수련은 지금 바로 시작해도 좋아.				위저드 마스터
QUEST_JOBSTEP_20150317_000587	Ironbaum está corriendo por el Bosque Este de Siauliai ahora mismo.{nl}Pero el Maestra Cronomante no está haciendo nada al respecto.{nl}	지금 샤울레이 동쪽 숲에서 아이언바움이 마구 날뛰고 있어.{nl}하지만 크로노맨서 마스터는 온갖 고상한 척이란 척은 다 하면서 꿈쩍도 하지 않는걸.{nl}				파이로맨서 마스터
QUEST_JOBSTEP_20150317_000588	Sé que es un poco ridículo pedirle un favor a una persona que ha venido a aprender mi magia, pero no tengo otra opción{nl}. Quiero que derrotes a Ironbaum para darle una lección.	내게 마법을 배우러 온 사람에게 이런 부탁은 우습지만, 어쩔 수 없네.{nl}그 녀석에게 본때를 보여주기 위해서라도 네가 그 아이언바움을 처치해줘야 겠어.				파이로맨서 마스터
QUEST_JOBSTEP_20150317_000589	Puede que Klaipeda corra peligro, pero a él solo le importa su propia seguridad. Es patético.	클라페다까지 위험에 빠질 지도 모르는데 자신의 안전만 찾다니, 참 한심해.				파이로맨서 마스터
QUEST_JOBSTEP_20150317_000590	Bien hecho.{nl}El Maestro Criomante no se quedaría de brazos cruzados ahora que el aprendiz de Piromante también dio un paso al frente.{nl}Hasta entonces, hablemos de magia de fuego en detalle.	수고했어.{nl}파이로맨서 수련생도 나섰는데 크리오맨서 마스터도 이젠 가만히 있지 못할거야.{nl}그때까지 천천히 불의 마법에 대해 얘기해 보자고.				파이로맨서 마스터
QUEST_JOBSTEP_20150317_000591	Los demás amos me culpan{nl}. Me dijeron que no estoy haciendo nada, incluso cuando esos monstruos amenazan Klaipeda.{nl}	다른 마스터들이 절 헐뜯고 있어요.{nl}몬스터가 클라페다를 위협하는데 나서지 않는다고요. {nl}				크리오맨서 마스터
QUEST_JOBSTEP_20150317_000592	¿Tengo que enfrentarme a esos monstruos débiles?{nl}Si puedes encargarte de ellos, te enseñaré la magia del Cronomante.	별 것도 아닌 몬스터를 상대하는데 저까지 나서야겠습니까?{nl}당신이 대신 나서 주신다면, 크리오맨서의 마법을 가르쳐 드리지요.				크리오맨서 마스터
QUEST_JOBSTEP_20150317_000593	Se llama Ironbaum y está ubicado en el bosque de West Siauliai.{nl}Aunque no me interese, no puedo evitar escucharlo ya que no soy sordo.	샤울레이 서쪽 숲의 아이언바움이라고 하는군요.{nl}관심 없어도 귀가 있으니 들리는 건 어쩔 수 없어요.				크리오맨서 마스터
QUEST_JOBSTEP_20150317_000594	Me pregunto qué pensaría el Maestro Piromante al ver al Ironbaum derrotado.{nl}Te enseñaré la magia de Cronomante como prometí.	파이로맨서 마스터가 널브러진 아이언바움을 보고 무슨 말을 할지 참 기대되는군요.{nl}약속대로 크리오맨서의 마법을 가르쳐 드리겠습니다.				크리오맨서 마스터
QUEST_JOBSTEP_20150317_000595	Tengo una solicitud en la que no quiero perder ante el Maestro Enlazador.{nl}Si pudieras encargarte de esa solicitud en mi nombre, te enseñaré a controlar tu energía. ¿Qué te parece?	링커 마스터에게 절대로 빼앗기고 싶지 않은 의뢰가 있네.{nl}자네가 바쁜 나 대신 그 의뢰를 처리해준다면 염력의 운용법에 대해 가르쳐 주지. 어떤가?				사이코키노 마스터
QUEST_JOBSTEP_20150317_000596	No es tan difícil{nl}. Solo tienes que derrotar al hombre lobo que anda por este Aldea Minera.	별로 어려운 것은 아니야. {nl}이 광산 마을을 배회하는 웨어울프를 처치하고 오면 되는 간단한 일이네.				사이코키노 마스터
QUEST_JOBSTEP_20150317_000597	Tuve problemas con eso algunas veces en el pasado.{nl}Pero si tengo un discípulo como tú, ya no perderé ante el Maestro Enlazador.	예전에도 몇 번이나 골탕을 먹었었지.{nl}하지만 자네같은 제자가 있다면 더 이상 링커 마스터에게 지진 않을거네.				사이코키노 마스터
QUEST_JOBSTEP_20150317_000598	¡Eso es genial!{nl}Deja al Maestro Enlazador y hablemos de energía en detalle.	훌륭하군!{nl}링커 마스터는 이제 내버려두고, 우린 염력에 대해 심도있는 대화나 나눠보세.				사이코키노 마스터
QUEST_JOBSTEP_20150317_000599	Si quieres aprender sobre mi magia, hay algo que deberías hacer por mí.{nl}Derrota al Hombre Lobo que apareció en la Aldea Minera más rápido que el Maestro Psychokino.	제 마법을 배우고 싶다면 당신이 해줘야 할 일이 있어요.{nl}광산 마을에 나타난 웨어울프를 사이코키노 마스터보다 더 빠르게 처치해 주세요.				링커 마스터
QUEST_JOBSTEP_20150317_000600	El hombre lobo no es fácil, pero podrás derrotarlo{nl}. ¿Solicitaste convertirte en un Linker, verdad?	웨어울프는 만만치 않은 몬스터지만, 당신이라면 당연히 물리칠 수 있을 거예요.{nl}링커 지망생이잖아요?				링커 마스터
QUEST_JOBSTEP_20150317_000601	Bien hecho. Me pregunto qué sentirá el Maestro Psychokino al ver al Hombre Lobo derrotado.{nl}Te enseñaré mi magia como te prometí.	잘했어요. 사이코기노 마스터가 널부러진 웨어울프를 보고 어떤 얼굴일지 궁금하네요.{nl}약속대로 제 마법을 전수해 드리지요.				링커 마스터
QUEST_JOBSTEP_20150317_000602	Los monstruos están causando caos cerca de Fedimian{nl}. Como resultado, los maestros están trabajando juntos para derrotarlos{nl}. ¿Qué te parece? Si eres un aspirante a taumaturgo, creo que también deberías ayudar.	페디미안의 근처에서 몬스터들이 갑자기 난동을 부리고 있어요.{nl}덕분에 마스터들이 녀석들을 해치우는데 합심하고 있죠.{nl}어때요, 쏘마터지 지망생이라면 당연히 힘을 보태야 할 일이라고 보는데요?				
QUEST_JOBSTEP_20150317_000603	¡Oh, eso es muy valiente de tu parte! {nl}Derrota al Netherbovine en Faultline, y luego te ascenderé cuando regreses.	오, 대단한 용기인걸요? {nl}단층지에서 난동을 부리고 있는 네더보바인을 해치우고 돌아온다면 전직을 시켜 드리죠.				
QUEST_JOBSTEP_20150317_000604	Bien. Estás cualificado como Taumaturgo.{nl}Como prometí, te haré ascender.	좋아요. 쏘마터지로서 그 정도면 충분히 자격이 있네요.{nl}약속대로 전직시켜 드릴게요.				
QUEST_JOBSTEP_20150317_000605	Todos los maestros de Fedimian están persiguiendo a los monstruos que están causando el caos{nl}. Debes derrotar a esos monstruos antes que nadie para aprender mi magia.	페디미안의 모든 마스터들이 난동을 부리는 몬스터를 쫓고 있어요.{nl}누구보다도 먼저 그 몬스터를 처치해 주셔야만 제 마법을 배울 자격이 있습니다.				
QUEST_JOBSTEP_20150317_000606	El monstruo se llama Netherbovine. {nl}Según una fuente confiable, apareció recientemente en Faultline.	네더보바인이라는 몬스터입니다.{nl}믿을만한 소식통에 의하면 최근 단층지에서 나타났다는군요.				
QUEST_JOBSTEP_20150317_000607	Todavía puedo visualizar los rostros de los otros maestros.{nl}No solo eso, también estoy feliz de tener un buen discípulo.	다른 마스터들의 표정이 눈에 선하군요.{nl}뿐만 아니라 좋은 제자를 얻게 되어서 기분이 참 좋습니다.				
QUEST_JOBSTEP_20150317_000608	No tiene sentido quedarse en un lugar seguro como maestro cuando hay hordas de monstruos.{nl}Pensé que eso no estaba bien así que corrí desde Fedimian.{nl}	몬스터가 넘쳐나는데도 마스터면서 안전한 곳에만 있겠다는 건 말도 안 되는 거 같아.{nl}그건 도리가 아닌 거 같아서 페디미안에서 뛰쳐나왔어.{nl}				
QUEST_JOBSTEP_20150317_000609	He oído que Necroventer apareció de nuevo en el antiguo jardín de la diosa.{nl}Si sueñas con ser un hechicero, espero que sigas mi petición.	마침 여신의 옛뜰에서 네크로벤터가 다시 나타났다고 들었어.{nl}너도 소서러를 꿈꾼다면 내 뜻에 따라줬으면 해.				
QUEST_JOBSTEP_20150317_000610	Es tonto quedarse en un lugar seguro como maestro.{nl}	마스터면서 안전한 울타리 안에만 있다니, 정말 바보같은 짓이야.{nl}				
QUEST_JOBSTEP_20150317_000611	Entiendo tu punto{nl}. Te enseñaré magia como te prometí.	네 뜻은 잘 알겠어.{nl}약속대로 내 마법을 가르쳐 줄게.				
QUEST_JOBSTEP_20150317_000612	Puedo enseñarte mi magia cuando quieras.{nl}Pero no estoy seguro de que puedas seguir bien mis instrucciones.	제 마법은 언제든 가르쳐드릴 순 있지요. {nl}하지만 당신이 과연 따라올 수 있을지 의문이 드네요.{nl}				
QUEST_JOBSTEP_20150317_000613	Si ese es el caso, por favor derrota a Necroventer que apareció en el antiguo jardín de la diosa.{nl}Puedo enseñarte mi magia cuando puedas hacerlo.	그렇다면 여신의 옛뜰에 출몰하는 네크로벤터를 처치해 주세요.{nl}그 정도는 해내셔야 제 마법을 가르쳐 드릴 수 있습니다.				크로노맨서 마스터
QUEST_JOBSTEP_20150317_000614	Eres mejor de lo que esperaba{nl}. Pero la magia para controlar el tiempo es realmente difícil, así que debes estar preparado.	제 예상을 훨씬 웃도는 분이시군요.{nl}하지만 시간을 다루는 마법은 아주 어려운 영역이니 각오하셔야 할 겁니다.				
QUEST_JOBSTEP_20150317_000615	¡Cuánto tiempo sin verte! Quieres ser alquimista{nl}. Debería ponerte a prueba para ver si eres digno de ser alquimista.	오랜만입니다. 알케미스트가 되고 싶으시다고요.{nl}그 격에 어울리는 사람인지 먼저 알아봐야겠습니다.				
QUEST_JOBSTEP_20150317_000616	Bien.{nl}Por favor, derrota al hombre lobo que está causando estragos por aquí.{nl}	좋습니다.{nl}근처에서 난동을 피우고 있는 웨어울프를 처치해 주십시오.{nl}				바이도타스
QUEST_JOBSTEP_20150317_000617	No es difícil aprender el conocimiento de un alquimista{nl}. Puedes aprender los conceptos básicos, como la descomposición de un elemento y la síntesis, poco a poco.	알케미스트의 지식을 전수받는건 어려운 일이 아닙니다.{nl}물질의 분해, 추출, 합성 등등에 대한 기본 원리야 천천히 배우면 되니까요.				바이도타스
QUEST_JOBSTEP_20150317_000618	Bien{nl}. Espero con interés tu futuro. Te ascenderé a Alquimista.	좋습니다. 앞으로가 기대되는군요.{nl}알케미스트로 전직시켜 드리겠습니다.				
QUEST_JOBSTEP_20150317_000619	Debes demostrar tu determinación de eliminar el mal para poder seguir el entrenamiento de un sacerdote.{nl}Por favor, consigue bolsas imbuidas de Magi de los Vubbes en el primer piso de la Mina de Cristal.	프리스트의 수행을 따르시려면 먼저 사악한 힘을 몰아낼 의지를 증명하셔야 합니다.{nl}수정광산 1층의 부베들에게서 마기가 깃든 주머니를 빼앗아 오십시오.				
QUEST_JOBSTEP_20150317_000620	Por favor habla con el anciano de la Mina de Cristal si tienes dificultades para entrar a la Mina de Cristal.	만약 수정광산에 들어가기 힘들다면 광산 마을의 촌장님께 이야기해 보십시오.				
QUEST_JOBSTEP_20150317_000621	Purificaré estos bolsillos para que no liberen más poder demoníaco.{nl}Hermano, te doy la bienvenida para que seas sacerdote.	이 주머니들은 정화하여 더 이상 마기를 뿜지 못하도록 할 것입니다.{nl}형제여, 프리스트에 입문하게 된 것을 환영합니다.				프리스트 마스터
QUEST_JOBSTEP_20150317_000622	Hermano. Viniste desde lejos para aprender la fe religiosa de un Krivis, pero no tengo tiempo para saludarte en este momento.	형제여. 크리비의 신앙 생활을 배우기 위해 먼 발걸음을 하셨지만, 지금은 경황이 없네.{nl}				크리비 마스터
QUEST_JOBSTEP_20150317_000623	Uno de nuestros hermanos que traía de vuelta una reliquia sagrada ha desaparecido{nl}. He estado rezando por la misericordia de la diosa. ¿Puedes encontrar a nuestro hermano?	성물을 가져오시던 우리의 형제분이 실종되었어.{nl}여신의 자비를 빌어 부탁하겠네. 형제께서 그분을 찾아 주실 수 있겠는가?				크리비 마스터
QUEST_JOBSTEP_20150317_000624	Hermano Krivis	크리비 형제				
QUEST_JOBSTEP_20150317_000625	¡No te acerques! ¡Los monstruos que buscan la reliquia sagrada se acercan!{nl}	가까이 오지 마십시오!{nl}성물을 노리는 몬스터들이 몰려오고 있어요!				크리비 형제
QUEST_JOBSTEP_20150317_000626	Tenía tanto miedo de no poder llevar la reliquia sagrada a Klaipeda.{nl}Hermano, debes ser un mensajero enviado por la diosa.	성물을 클라페다로 가져갈 수 없게 되면 어떡하나 하는 생각에 너무나도 두려웠습니다.{nl}형제여, 그대는 여신께서 보낸 사자임이 틀림없습니다.				크리비 형제
QUEST_JOBSTEP_20150317_000627	La última llamada se detuvo en la Mina Crystal.{nl}El hermano debería estar a salvo...Estoy muy preocupada.	광산 마을에서 마지막 연락이 끊겼네.{nl}형제께서 무사해야 할 텐데 참으로 큰일이야.				크리비 마스터
QUEST_JOBSTEP_20150317_000628	Tengo mucho más que hacer.{nl}No te preocupes, por favor entrégale esta reliquia sagrada al Maestro Krivis.	저는 아직 해야 할 일이 많습니다.{nl}걱정하지 마시고 어서 이 성물을 크리비 마스터께 전해 주십시오.				크리비 형제
QUEST_JOBSTEP_20150317_000629	¿Cómo puedo decir que este objeto es más importante que una persona? Todo esto se debe a la bendición de la diosa de que nuestro hermano esté a salvo.{nl}{nl}	어찌 사람보다 이런 물건이 중요하다 하겠는가.{nl}형제와 그분 다 무사하시니 이것도 여신께서 보살펴 주신 덕이겠지.{nl}				크리비 마스터
QUEST_JOBSTEP_20150317_000630	De todos modos, te damos la bienvenida como miembro de los Krivis.{nl}La diosa debe estar feliz de verte.	어쨌든, 크리비의 일원이 된 것을 환영하네.{nl}형제 같은 분이라면 여신께서도 흡족해 하실 게야.				크리비 마스터
QUEST_JOBSTEP_20150317_000631	Debes demostrar que eres apto para usar una espada si quieres alcanzar un nivel más alto de esgrima.{nl}Por favor, obtén el corazón de Orca de Piedra en el primer piso de la Mina de Cristal.	좀 더 높은 검의 경지에 오르고 싶다면 스스로가 검에 어울리는 인물인지 증명해야겠지.{nl}수정광산 1층에 있는 스톤오르카에게서 스톤오르카의 심장을 가지고 오렴.				소드맨 마스터
QUEST_JOBSTEP_20150317_000632	No hay nada más importante que la vida.{nl}Si quieres usar una espada, debes estar decidido.	목숨보다 가치 있는 것은 없단다.{nl}검을 들려면 그 정도 가치를 걸 각오가 되어 있어야 하는 거야.				소드맨 마스터
QUEST_JOBSTEP_20150317_000633	Bien, eso es todo... lo has recogido bien.{nl}Te enseñaré cómo convertirte en una persona apta para usar espadas.	그래 이거야.. 아주 잘 모아왔군.{nl}검에 어울리는 사람이 되려면 어떻게 해야 하는지 내 똑똑히 가르쳐 주지.				소드맨 마스터
QUEST_JOBSTEP_20150317_000634	La magia no puede hacer a una persona distinguida, ya que no me gusta una persona perezosa.{nl}Derrota a Despojos en el 1er Piso de la Mina de Cristal.	마법은 사람을 가리지 않지만 난 게으른 사람은 싫어.{nl}수정광산 1층에서 쉬레디드를 처치하는 것으로 네 근성을 시험해 보겠어.				
QUEST_JOBSTEP_20150317_000635	Si no te entrenas bien, no te aceptaré como mago. {nl}Aprende algo cien veces y entrena mil veces para convertirte en un verdadero mago.	제대로 수련하지 않는다면 위저드의 이름은 내가 절대 허락하지 않아.{nl}백 번을 익히고 천 번을 수련해야 비로소 위저드의 이름을 가질 수 있는 거야.				위저드 마스터
QUEST_JOBSTEP_20150317_000636	Comprendo tu determinación{nl}. Te enseñaré bien para que puedas convertirte en una persona apta para la magia.	네 의지는 잘 알겠어.{nl}위저드의 이름에 걸맞는 사람이 되도록 제대로 가르쳐 주겠어.				위저드 마스터
QUEST_JOBSTEP_20150317_000637	¿Quieres aprender mis habilidades?{nl}No es difícil de enseñar, pero ¿podrás dominar mi lección?	나의 기술을 배우고 싶다고?{nl}가르쳐 주는 거야 어렵지 않지만, 네가 내 지도를 소화해 낼 수 있을까?				아처 마스터
QUEST_JOBSTEP_20150317_000638	Si no puedes traer flechas, mejor ríndete ahora.	화살을 가져올 수 없다면 그냥 일찍 포기하는 게 더 나을지도 몰라.				아처 마스터
QUEST_JOBSTEP_20150317_000639	Bien, has aprobado{nl}. Te enseñaré a convertirte en un arquero talentoso.	이 정도면 합격이야.{nl}훌륭한 궁수가 되도록 잘 지도해 주지.				아처 마스터
QUEST_JOBSTEP_20150317_000640	Los clérigos ayudan a otros a alcanzar una etapa superior{nl}. Para curar a otras personas, por favor, consígueme el ungüento verde de los Vubbes en el primer piso de la Mina de Cristal.{nl}{nl}	클레릭은 봉사로써 더욱 높은 경지를 바라본답니다.{nl}많은 사람들을 치료할 수 있도록 수정광산 1층의 부베에게서 녹색 고약을 모아 주세요.{nl}{nl}				
QUEST_JOBSTEP_20150317_000641	La diosa me dijo que te ayudara{nl}. Al ayudar a quienes te rodean, también ayudarás a tu espíritu.	여신께선 언제나 주변을 도우라고 하셨습니다.{nl}주변을 돕는 것으로 나의 영혼을 돕는 것이라 하셨죠.				클레릭 마스터
QUEST_JOBSTEP_20150317_000642	Creo que puedo aliviar el dolor de muchos pacientes con esto.{nl}Como Maestro Clérigo, te ayudaré a contribuir más a la diosa.	이걸로 많은 환자들의 고통을 덜어드릴 수 있겠지요.{nl}클레릭 마스터로서 당신이 여신께 더 헌신할 수 있도록 도와드릴게요.				클레릭 마스터
QUEST_JOBSTEP_20150317_000643	Derrota a los murciélagos en el primer piso de la Mina de Cristal y tráeme sus alas como prueba.	수정광산 1층의 박쥐를 처치하고 그 증거로 녀석들의 날개을 가져와.				
QUEST_JOBSTEP_20150317_000644	Si puedes darnos la bendición de la curación, estarás aún más cerca de la diosa.{nl}Al ayudar a otros, te ayudaré a alcanzar una etapa más alta de Clérigo.	치유의 은혜를 베푼다면 더욱 여신께 가까워질 수 있습니다.{nl}봉사를 통해 클레릭의 더 높은 경지를 이룰 수 있도록 제가 도와드릴 수 있답니다.				클레릭 마스터
QUEST_JOBSTEP_20150317_000645	Mucha gente viene aquí después de sufrir heridas por culpa de monstruos{nl}. Pero como se me acabaron las hierbas, no nos queda más remedio que dar primeros auxilios a los pacientes.	많은 분들이 몬스터의 습격을 받고 이곳으로 오십니다.{nl}하지만 저희도 가지고 있는 약초가 동난 터라 응급처치밖에 할 수 없었지요.				클레릭 마스터
QUEST_JOBSTEP_20150317_000646	Gracias.{nl}Como Maestro Clérigo, te ayudaré a lograr una misión más alta.	감사합니다. {nl}클레릭 마스터로써 당신이 더 높은 사명을 이루는 것을 기꺼이 도와드리겠습니다.				클레릭 마스터
QUEST_JOBSTEP_20150317_000647	El número de personas heridas por ataques de monstruos sigue aumentando, pero no tenemos suficientes hierbas. {nl}Por favor, tráiganles alcohol de flores silvestres del Mercado Solitario.	몬스터의 습격으로 다친 분들이 늘었지만 약초는 부족하기만 합니다.{nl}그들을 위하여 스산한 장터의 야생화 꽃술을 모아 주세요.				
QUEST_JOBSTEP_20150317_000648	{nl}Quizás pueda ayudarte, pero debes saber lo que es una verdadera batalla antes de recibir lecciones de mí.{nl}	{nl}내게 가르침을 받기 전에 실전의 느낌이란 게 어떤 것인지 내가 도와줄 수도 있겠구나.{nl}				소드맨 마스터
QUEST_JOBSTEP_20150317_000649	Puedes encontrar el Honeypin en el Bosque Índigo Profundo.{nl}Serán un buen desafío para ti en este momento.	청랑머문 숲에 가면 허니핀이라는 몬스터를 찾을 수 있단다.{nl}그 정도라면 지금 너에게 딱 좋은 실전 경험이 되겠지.				소드맨 마스터
QUEST_JOBSTEP_20150317_000650	Deberías entrenar duro y experimentar batalla real, pero no olvides la palabra cuidado.	훈련은 실전처럼 해야 하나 조심이라는 단어도 잊지 말아야 한단다.				소드맨 마스터
QUEST_JOBSTEP_20150317_000651	Bien. Veo que estás mucho mejor ahora.{nl}Si quieres aprender, por favor, ven a menudo.	그래. 그새 자세가 좋아진 게 보이는구나.{nl}가르침을 받고 싶다면 자주 들르거라.				소드맨 마스터
QUEST_JOBSTEP_20150317_000652	Tus historias heroicas son buenas lecciones para nosotros, Peltastas.{nl}Pero debería examinarte personalmente antes de aceptarte como mi discípulo.	당신의 무용담은 우리 펠타스타들에게도 훌륭한 귀감이 되고 있습니다. {nl}하지만 저는 제 눈으로 직접 확인되어야만 제자로 받아들일 수 있습니다.				펠타스타 마스터
QUEST_JOBSTEP_20150317_000653	Las historias siempre son exageradas{nl}. Así que perdóname por ser tan quisquilloso.	이야기라는 것은 원래 과장되고 부풀려지기 마련입니다.{nl}그러니 이렇게 까다롭게 구는 것을 용서해 주십시오.				펠타스타 마스터
QUEST_JOBSTEP_20150317_000654	No era una exageración.{nl}Ya que tu habilidad ha sido probada, te aceptaré para que aprendas las lecciones de una Peltasta.	과장이 아니었군요. {nl}당신의 실력은 입증되었으니 펠타스타의 가르침을 받는 것을 허락하겠습니다.				펠타스타 마스터
QUEST_JOBSTEP_20150317_000655	En las batallas reales, lo único en lo que puedes confiar es en tu experiencia{nl}. Si quieres aprender el arte de la espada de un highlander, te conviene acumular más experiencia.	전투에서 믿을 수 있는 건 자신의 경험뿐이다.{nl}그대도 하이랜더의 검술을 배우고 싶다면 좋은 경험을 쌓는 것이 중요할 것이다.				하이랜더 마스터
QUEST_JOBSTEP_20150317_000656	Hay un monstruo llamado Honeypin en el Bosque Índigo Profundo{nl}. Enfrentarte a ese monstruo será una buena experiencia para ti.	청랑머문 숲에 가면 허니핀이라는 몬스터가 있다.{nl}그 몬스터를 상대하는 것은 좋은 경험이 되겠지.				하이랜더 마스터
QUEST_JOBSTEP_20150317_000657	Bien hecho{nl}. Te convertirás en un buen espadachín si adquieres más experiencia y aprendes de mí.	수고했다.{nl}앞으로도 실전 경험을 쌓고 나의 밑에서 검을 배운다면 좋은 검사가 될 수 있을 것이다.				하이랜더 마스터
QUEST_JOBSTEP_20150317_000658	Para ser llamado hoplita, debes actuar de tal manera que todos puedan confiar y depender de ti{nl}. Tus habilidades ya son famosas aquí, pero quiero comprobarlas con mis propios ojos.	하플라이트의 이름을 짊어질 거라면 주변 동료들이 믿고 따를 수 있는 귀감이 되어야 할 겁니다.{nl}당신의 실력이야 이미 유명합니다만, 그래도 저는 직접 확인해보고 싶군요.				하플라이트 마스터
QUEST_JOBSTEP_20150317_000659	Hay un monstruo llamado Colimencia en el Bosque de Rocas Estratificadas. {nl}Es un monstruo amenazante, pero deberías poder derrotarlo fácilmente.	점층바위 숲에 콜리멘시아라는 몬스터가 있습니다.{nl}위협적인 몬스터입니다만, 이 정도는 가볍게 처치하셔야 합니다.				
QUEST_JOBSTEP_20150317_000660	Pensé que esto te llevaría más tiempo, eres mejor de lo que pensaba{nl}. Cuento contigo como colega.	시간이 꽤 걸리리라 생각했는데 생각했던 것보다 더 뛰어나시군요.{nl}스승과 제자가 아닌 전우로써, 잘 부탁드립니다.				하플라이트 마스터
QUEST_JOBSTEP_20150317_000661	Es extraño que una persona tan hábil como tú aprenda de mí{nl}. Pero todo aprendizaje tiene un precio.	너 만한 자가 나에게 가르침을 받겠다니 참으로 기묘하군.{nl}하지만 어떤 가르침이든 그에 따른 대가는 필요한 법이다.				바바리안 마스터
QUEST_JOBSTEP_20150317_000662	Escuché que los Poata del Bosque de Rocas Estratificadas atacaban a la gente.{nl}Sería más que suficiente si pudieras derrotarlos.	점층바위 숲의 포아타가 사람을 습격하기로 악명높다고 들었다.{nl}그만하면 충분한 대금이 될 것이다.				
QUEST_JOBSTEP_20150317_000663	Así que supongo que se resolvió fácilmente.{nl}Bien. Estás cualificado.{nl}	쉽게 끝난 모양이군.{nl}좋아. 자격은 충분하다.{nl}				바바리안 마스터
QUEST_JOBSTEP_20150317_000664	Si quieres aprender de mí, primero debes mostrarme tus habilidades{nl}. Creo que derrotar a Colimencia en el Bosque de Rocas Estratificadas sería más que suficiente.	내게 가르침을 받기 원한다면 그 전에 자네의 실력을 내게 보여주게.{nl}점층바위 숲의 콜리멘시아라면 자네 명성에 걸맞은 상대겠지.				
QUEST_JOBSTEP_20150317_000665	Debes volverte fuerte para ser un ejemplo para los demás. ¿No crees?	스스로가 강해야 귀감이 되지. 안 그래?				로델레로 서브 마스터
QUEST_JOBSTEP_20150317_000666	Bien{nl}. Tus habilidades son suficientes. Me complace enseñarte.	좋아, 그 정도면 실력은 충분하군.{nl}가르치는 보람이 있겠어.				
QUEST_JOBSTEP_20150317_000667	Si quieres ser un Cataphract, deberías poder derrotar a Gaigalas en el Bosque Sin Flores.{nl}Regresa después de derrotarlo.	캐터프랙트 지망생이라면 꽃모자른 숲의 가이갈라스를 처치할 정도는 되어야지. {nl}알겠다면 냉큼 다녀오게.				
QUEST_JOBSTEP_20150317_000668	No ha habido nada que pueda obstaculizar mi camino desde que decidí convertirme en Catapract. {nl}Simplemente perfora cualquier cosa que nos bloquee. ¿No lo crees?	캐터프랙트가 되겠다고 결심한 이상 거칠 게 뭐가 있겠어. {nl}과제고 뭐고 방해가 되는 건 전부 뚫어버리면 그만인 거야. 그렇지?				
QUEST_JOBSTEP_20150317_000669	Eres más de lo que esperaba.{nl}Bien. Continuemos nuestra buena relación.	캐터프랙트로서 인정받기에 부족함이 없군.{nl}좋아. 잘 지내보자고.				
QUEST_JOBSTEP_20150317_000670	Lo siento, pero estoy demasiado ocupado para aceptarte en este momento.{nl}Escuché que alguien vio el símbolo de nuestra familia, que se perdió en Medzio Diena, así que lo estoy buscando.	죄송하지만 지금 저는 개인적으로 바쁜 일이 있어서 당신을 거둘 여유가 없습니다.{nl}신수의 날에 잃어버린 가문의 장식을 봤다는 제보가 있어서 추적 중이거든요.{nl}				
QUEST_JOBSTEP_20150317_000671	Soy la única que queda en la familia Legwyn, por lo que cada símbolo es importante para mí.	르귄가문은 이제 저밖에 남지 않았기에 사소한 가문의 증표 하나하나가 모두 소중하답니다.				스콰이어 마스터
QUEST_JOBSTEP_20150317_000672	Este... es el símbolo de la familia Legwyn.{nl}Gracias. Como te prometí, te ayudaré a alcanzar un nivel superior.	이건.. 르귄가문의 장식이 맞습니다.{nl}감사합니다. 약속대로 당신이 더 높은 경지로 갈 수 있게 돕도록 하죠.				
QUEST_JOBSTEP_20150317_000673	Si quieres aprender de mí, es de buena educación mostrar primero tus propias habilidades. {nl}Derrotar al Honeypin en el Bosque Índigo Profundo sería suficiente.	나에게 뭘 배우고 싶다면 실력부터 제대로 보여주는게 예의지.{nl}청람머문 숲의 허니핀 정도가 적당하겠어.				
QUEST_JOBSTEP_20150317_000674	Para mí, la vida de un pirata es luchar, robar, volver a luchar y volver a robar{nl}. ¡Compañeros, a beber!	나에게 해적의 삶이란 싸우고 훔치고, 또 싸우고 또 훔치지.{nl}부하들이여, 쭉 들이켜라!				커세어 마스터
QUEST_JOBSTEP_20150317_000675	Muy confiable.{nl}Bien. Te enseñaré mis habilidades a partir de ahora.	믿음직스럽군.{nl}좋아. 이제부터 내 기술을 전수해 주겠어.				
QUEST_JOBSTEP_20150317_000676	Si quieres aprender algo de mí, derrota a Gaigalas en el Bosque Sin Flores.{nl}Si quieres que se reconozca tu determinación y tus habilidades.{nl}{nl}	나에게 무언가를 배우고 싶다면 꽃모자른 숲에 가면 가이갈라스를 처치해라.{nl}너의 각오와 실력 모두를 인정받고 싶다면 말이다.{nl}{nl}				
QUEST_JOBSTEP_20150317_000677	Esta es una petición muy peligrosa con la que otros maestros se sienten incómodos.{nl}Si quieres más, deberías aceptar peticiones más peligrosas.	다른 마스터들도 거북해하는 아주 위험한 의뢰이지.{nl}더 많은 것을 원한다면 그만큼 더 위험한 의뢰에 응할 수밖에 없지 않겠나?				도펠죌트너 마스터
QUEST_JOBSTEP_20150317_000678	Reconoceré tus habilidades como prometí. {nl}Sígueme. Te abriré el camino del Doppelsoeldner.	약속한 대로 너의 실력을 인정하지. {nl}따라와라. 도펠죌트너의 길을 열어주겠다.				
QUEST_JOBSTEP_20150317_000679	Pondré a prueba tus habilidades viendo si eres capaz de derrotar a Gaigalas en el Bosque Sin Flores. {nl}Te deseo la mejor de las suertes.	꽃모자른 숲의 가이갈라스 정도라면 확인할 수 있겠지요.{nl}부디 무운을 빌겠습니다.				
QUEST_JOBSTEP_20150317_000680	... Supongo que no hay otra forma. Creo que podré ponerte a prueba con esto.{nl}Escuché que hay una persona que vio a Poata tragarse la cresta en el Bosque de Roca en Capas.{nl}Bien entonces, cuento contigo.	..할 수 없겠네요. 이걸로 당신을 시험해 볼 수도 있겠지요.{nl}점층바위 숲의 포아타가 문장을 삼키는 걸 본 사람이 있다는군요.{nl}그럼, 부탁드리겠습니다.				
QUEST_JOBSTEP_20150317_000681	Perdí una importante reliquia sagrada de Krivis.{nl}Si quieres alcanzar una etapa superior de Krivis, te ayudaré a encontrar la reliquia sagrada de nuevo.	중요한 크리비 성물을 잃어버리고 말았네.{nl}자네가 크리비의 더 높은 경지를 원한다면 성물을 되찾는 일에 동참해 주게.				크리비 마스터
QUEST_JOBSTEP_20150317_000682	Hay un gran poder dentro de la reliquia sagrada, por lo que muchos monstruos la persiguen para sí mismos. {nl}Perder una reliquia sagrada es como perder la fe.	성물엔 강력한 힘이 있어 몬스터들에게 자주 노려지기도 하지.{nl}성물을 잃는다는 것은 곧 신실함을 잃어버리는 것과 다름이 없네.				크리비 마스터
QUEST_JOBSTEP_20150317_000683	Bien hecho. Por suerte, la reliquia sagrada está bien. {nl}Te enseñaré el entrenamiento de un Krivis como te prometí.	수고했네. 다행히도 성물은 다친 곳이 없군.{nl}약속대로 크리비의 수련에 대해 가르쳐 드리겠네.				크리비 마스터
QUEST_JOBSTEP_20150317_000684	He oído que últimamente emana un aura maligna de la calle Ruklys.{nl}Si quieres seguir el camino de un sacerdote, debes exorcizarla en nombre de la diosa.	최근 루클리스 거리에서 사악한 기운이 출몰한다고 합니다.{nl}형제께서 프리스트의 길을 걷고자 하신다면 여신의 이름으로 퇴마하셔야 합니다.				프리스트 마스터
QUEST_JOBSTEP_20150317_000685	El aura maligna es realmente malvada.{nl}Pero estoy seguro de que podrás exorcizar la energía en la calle Ruklys.	사악한 기운은 절대적인 악입니다.{nl}형제라면 반드시 루클리스 거리의 그 기운을 퇴마하실 수 있을 것입니다.				프리스트 마스터
QUEST_JOBSTEP_20150317_000686	Esta es una importante reliquia sagrada que estaba siendo trasladada a Klaipeda.{nl}Escuché que fueron atacados mientras caminaban por la calle principal de la Ciudad Petrificada.{nl}Cuento contigo.	클라페다로 옮겨지던 중요한 성물이네.{nl}석화된 도시의 중심시가를 지나던 도중 몬스터에게 습격을 받았다는군. {nl}꼭 부탁함세.				크리비 마스터
QUEST_JOBSTEP_20150317_000687	Lo siento, pero el camino de Bokor no puede ser explorado por cualquiera.{nl}Si pudieras traerme la esencia de la ballena petrificada que aparece en el Mercado Solitario, reconoceré tu habilidad.	미안하지만, 보코르의 길은 아무나 탐구할 수 있는 것이 아닙니다.{nl}스산한 장터에 출몰하는 석화고래의 정수를 가져오시면 그 자격을 인정해 드리겠습니다.				
QUEST_JOBSTEP_20150317_000688	La ballena petrificada en el Mercado Solitario se ha cobrado muchas vidas.{nl}Necesito la esencia que tiene el resentimiento de ellas.	스산한 장터의 석화고래는 많은 인명을 해쳤습니다.{nl}그 원한이 담긴 정수가 필요합니다.				
QUEST_JOBSTEP_20150317_000689	Bien hecho.{nl}Te enseñaré todo sobre Bokor como prometí.	수고하셨습니다.{nl}약속대로 제가 아는 보코르의 모든 것을 전수해 드리겠습니다.				보코르 마스터
QUEST_JOBSTEP_20150317_000690	Si pudiera obtener madera maciza de la calle principal de la Ciudad Petrificada, podría aceptar cualquier petición...{nl}Por ejemplo, la lección de Dievdirbys.	석화된 도시의 중심 시가에 있는 늠름한 원목만 가질 수 있다면 뭐든 들어줄 텐데..{nl}가령 딥디르비의 가르침이라던가 말이오.				조각가 테슬라
QUEST_JOBSTEP_20150317_000691	Ese es el deseo de toda mi vida{nl}. Ese árbol siempre me hace señas para que se convierta en una obra maestra.	그건 내 평생의 원이라오. {nl}언제나 그 나무는 자신을 멋진 작품으로 만들어 달라며 내게 손짓을 하지.				조각가 테슬라
QUEST_JOBSTEP_20150317_000692	Oh{nl}. Eso es todo. ¡Puedes venir a mí cuando quieras para aprender las lecciones de un Dievdirbys!	오, 그래. 이거야. 이거.{nl}딥디르비의 가르침이 필요하거든 언제든 내게 오시게!				조각가 테슬라
QUEST_JOBSTEP_20150317_000693	Hay un rumor de que mucha gente que ha cruzado la Calle Ruklys sufre de pesadillas.{nl}Si quieres caminar el camino del Sadhu, deberás ayudarlos.	루클리스 거리를 지나간 이들이 악몽에 시달린다는 소문이 돌고 있습니다.{nl}그대가 사두의 길을 걷고자 한다면 응당 이들을 도와야 할 것입니다.				
QUEST_JOBSTEP_20150317_000694	Cuando elimines la fuente, las pesadillas desaparecerán.{nl}Por favor, ve a la calle Ruklys y elimina la fuente.	원인을 제거하면 악몽은 사라질 겁니다.{nl}루클리스 거리로 가셔서 그 원인을 제거해 주십시오.{nl}				
QUEST_JOBSTEP_20150317_000695	Has hecho un buen trabajo.{nl}Espero con ansias tu crecimiento como Sadhu.	정말 훌륭한 일을 해 주셨습니다.{nl}사두 마스터로써 앞으로의 성장을 기대하겠습니다.				사두 마스터
QUEST_JOBSTEP_20150317_000696	He oído hablar bastante de ti, sé que tienes una fe religiosa firme{nl}. Pero quiero comprobarlo con mis propios ojos.	자네가 강직한 신앙심을 가지고 있다는 건 익히 들어서 알고 있네.{nl}하지만 나는 내 두 눈으로 직접 확인하고 싶어.				
QUEST_JOBSTEP_20150317_000697	Perdóname. Estoy siendo exigente ya que esta tarea está en nombre de Paladín.{nl}Creo que derrotar a Rajapearl en el Mercado Solitario sería suficiente para demostrar tu valía, dada tu reputación.	팔라딘의 이름이 걸린 일이기에 이렇게 까다롭게 구는 걸 용서하게.{nl}스산한 장터에 있는 라자펄이라면 자네가 가진 이름에 적당한 상대가 아닐까 싶군.				
QUEST_JOBSTEP_20150317_000698	Demuestra tu creencia religiosa{nl}. No hay nada de qué preocuparse. La diosa te protegerá.	자네의 신앙심을 증명하면 될 것이야.{nl}두려워할 것 없네. 여신께서 자네를 지켜주고 계실 것이니까.				팔라딘 마스터
QUEST_JOBSTEP_20150317_000699	Lo has hecho bien.{nl}Con esto, tu creencia religiosa queda demostrada, así que te aceptaré para que aprendas mis lecciones.	아주 훌륭하게 해내었군.{nl}이걸로 자네의 신앙심은 증명되었으니 나의 가르침을 받는 것을 허락하겠네.				
QUEST_JOBSTEP_20150317_000700	El entrenamiento de un monje es muy estricto.{nl}Si aún quieres recibir entrenamiento, ve al distrito central y derrota a Repus, y trae sus uñas de los pies.{nl}Si puedes hacer eso, te lo agradeceré.	몽크의 수련은 아주 혹독하오.{nl}그래도 수련을 받고 싶다면 중심시가의 레푸스를 잡아 그 증거로 발톱을 가져오시오.{nl}그리하면 당신을 인정해 드리리다.{nl}				
QUEST_JOBSTEP_20150317_000701	Nuestro entrenamiento es muy duro. {nl}Deberías al menos derrotar a Repus en el distrito central para seguir nuestro entrenamiento.	우리의 수련은 아주 혹독하오.{nl}중심시가의 레푸스 정도는 잡을 수 있어야 따라올 수 있을 거요.				
QUEST_JOBSTEP_20150317_000702	Bien{nl}. Aceptaré tu determinación. Siempre te lo digo, pero nuestro entrenamiento de monjes es realmente duro.	좋소. 그대의 다짐을 받아들이겠소.{nl}언제나 말하지만, 우리 몽크들의 수련은 아주 혹독하다오.				몽크 마스터
QUEST_JOBSTEP_20150317_000703	En lugar de una prueba de acceso para Indulgente, hay algo que deberías hacer por mí. {nl}Por favor, encuentra el dinero perdido de la indulgencia en la calle Ruklys. ¿Puedes hacerlo, verdad?	파드너 입문 시험 대신 자네가 해줄 것이 있어.{nl}루클리스 거리에서 잃어버린 면죄부 대금을 되찾아 오게. 할 수 있겠지?				
QUEST_JOBSTEP_20150317_000704	Oí que lo perdió en la calle Ruklys, así que ve allí y búscalo.	루클리스 거리에서 잃어버렸다고 하니 그곳에서 찾아보게나.				
QUEST_JOBSTEP_20150317_000705	En el momento en que no sabía qué hacer, la diosa te envió{nl}. De todos modos, te felicito por convertirte en un Indulgente.	참으로 난감한 차에 여신께서 자넬 보내주신 거지. 암. {nl}어쨌든 파드너로 입문을 축하하네.				
QUEST_JOBSTEP_20150317_000706	Maestro Oracle	오라클 마스터				
QUEST_JOBSTEP_20150317_000707	Incluso cuando la diosa está ausente, un oráculo debe transmitir el oráculo con competencia.{nl}Pondré a prueba si estás capacitado para hacerlo batiéndome en duelo contigo.	오라클은 여신들께서 부재한 상황이라도 여전히 여신의 신탁을 올바르게 전할 수 있어야 합니다.{nl}그대에게 그럴 역량이 있는지 대련으로 시험해 보겠습니다.				오라클 마스터
QUEST_JOBSTEP_20150317_000708	Revisé tu competencia lo suficientemente bien.{nl}Como Maestro Oracle, te ayudaré a interpretar bien el oráculo.	당신의 역량은 잘 확인했습니다.{nl}오라클 마스터로써 그대가 옳바르게 신탁을 해석할 수 있도록 도와드리겠습니다.				
QUEST_JOBSTEP_20150317_000709	¿Estás listo? Te veré debajo de las escaleras.{nl}	준비는 되셨는지요.{nl}계단 밑에서 뵙겠습니다.				
QUEST_JOBSTEP_20150317_000710	Mirtis	미르티스				
QUEST_JOBSTEP_20150317_000711	Texto de Objeto	사물 텍스트				
QUEST_JOBSTEP_20150317_000712	Diario del Valle Siete	칠채곡 일기				
QUEST_JOBSTEP_20150317_000713	Bosque de los Puentes Enlazados	덧댄다리숲				
QUEST_JOBSTEP_20150317_000714	Ciudad Petrificada	석화된 도시				
QUEST_JOBSTEP_20150317_000715	Seguidor del Paladín	팔라딘 추종자				
QUEST_JOBSTEP_20150317_000716	El Supervisor de la Mina	광산 감독관				
QUEST_JOBSTEP_20150317_000717	Centro de Solicitudes	의뢰소				
QUEST_JOBSTEP_20150317_000718	La información regional	지역 지역 정보				
QUEST_JOBSTEP_20150317_000719	La placa de piedra con la revelación	계시가 담긴 석판				
QUEST_JOBSTEP_20150317_000720	Libros	장서				
QUEST_JOBSTEP_20150317_000721	Familia	가				
QUEST_JOBSTEP_20150317_000722	{S35} {nl} El Maestro Fletcher y Lydia Schaffen {/}	{s35}{nl}리디아 샤펜과 플레쳐{/}				리디아 샤펜과 플레쳐
QUEST_JOBSTEP_20150317_000723	Aunque alguien se convierta en el mejor arquero del mundo, el consumo de flechas siempre será un problema{nl}. El arco de Lydia Schaffen se usaba con sumo cuidado{nl}. Sin embargo, Schaffen también usaba flechas{nl}. Pero a diferencia de las flechas disparadas, su arco es permanente incluso con un uso continuo.	 가장 뛰어난 궁수라도 반드시 겪는 문제는 화살은 소비재라는 사실이다. {nl} 리디아 샤펜이 사용하는 활은 그녀가 심혈을 기울여 만들어 낸 희대의 명궁이었고, 화살 역시 그러했다. {nl} 그러나 만들어 놓으면 계속 사용 가능한 활과 달리 좋은 화살은 영구적일 수 없었다. {nl}				리디아 샤펜과 플레쳐
QUEST_JOBSTEP_20150317_000724	Aunque era imposible crear flechas que pudieran usarse de forma permanente, Lydia Schaffen profundizó en las técnicas de fabricación de flechas. {nl} Obtener los materiales necesarios para fabricar flechas era otro problema. {nl}	 영구적으로 회수하여 사용할 수 있는 화살을 만들기란 불가능한 일이었고, 리디아 샤펜이 본인의 화살을 직접 제조하는 일은 너무 많은 시간을 들이는 작업이었다. {nl}그리고 여기에는 재료의 조달이라는 또 다른 문제도 있었다. {nl}				리디아 샤펜과 플레쳐
QUEST_JOBSTEP_20150317_000725	Muy afligida por este problema, Lydia Schaffen emprendió un viaje para encontrar la solución. {nl} Si fue bendecida por la diosa cuando conoció al Maestro Fletcher, o si encontró la solución a su problema, los historiadores seguirán debatiendo sobre el tema. {nl}	 리디아 샤펜이 이런 문제에 직면한 것은 그녀가 아직 자신의 문호를 크게 열기 전이었기에 그녀의 곤란은 자못 심각했다. {nl} 따라서 우연이든 여신의 섭리든 그녀가 마스터 플레쳐를 만나지 못했다면, 이후 별의 탑의 건설과 그에 따른 문호의 창건도 없었다는 것이 여러 사학자들의 정설이다. {nl}				리디아 샤펜과 플레쳐
QUEST_JOBSTEP_20150317_000726	Muchos Fletchers habían surgido desde el amanecer de los tiempos. Pero los números sin talento son irrelevantes. {nl} La gente simplemente lo llamaba el Maestro Fletcher; incluso Lydia Schaffen no estaba segura de su nombre. {nl}	 세상의 수많은 화살제조자 가운데 가장 유명해지고 이후 마스터 플레쳐라면, 바로 이 사람을 가리키는 대명사가 된 인물이지만, 리디아 샤펜과 달리 마스터 플레쳐의 본명은 확실치 않다. {nl}				리디아 샤펜과 플레쳐
QUEST_JOBSTEP_20150317_000727	Desde su ascenso a la fama, la gente lo llamó el Maestro Fletcher. Quienes conocían su verdadero nombre fueron arrastrados por el paso del río del tiempo. {nl} Su nombre real, según algunos eruditos, se dice que era John Blacksmith, pero el nombre en sí no goza de mucha credibilidad, ya que no se puede aceptar fácilmente un nombre famoso tan común. {nl}	 그의 시대부터 그는 마스터 플레쳐란 이름으로 자주 불렸고, 당대의 사람들은 혹시 보편적으로 알고 있었을 본명은 의외로 세월의 흐름에 묻혔다. {nl} 몇몇 전승에 의하면 그의 본명은 존 블랙스미스(John Blacksmith)라고 하지만, 이 이름 자체가 고유명사가 아니라 보통명사일 가능성을 비롯하여 신뢰할 수 없는 이유가 많아 학자들의 지지를 얻지 못하고 있다. {nl}				리디아 샤펜과 플레쳐
QUEST_JOBSTEP_20150317_000728	De todos modos, Lydia Schaffen conoció a este Maestro Fletcher que era un experto en flechas. Lydia, tras superar su viaje, estaba lista para aprender. {nl} Sin embargo, las técnicas de fabricación de flechas del Maestro Fletcher eran un secreto en ese momento, y en los años siguientes, se convirtieron en material de leyendas. {nl}	 아무튼, 리디아 샤펜은 마스터 플레쳐란 화살 명인을 얻으며, 이후 본격적인 세력을 모을 수 있었고, 별의 탑의 완공 같은 대역사도 시작할 기반을 얻게 되었다고 볼 수 있다. {nl}불행히도 마스터 플레쳐의 화살제조 비법은 그 당시에도 비밀이었고, 지금은 세월에 묻혀 더욱 알기 어렵다. {nl}				리디아 샤펜과 플레쳐
QUEST_JOBSTEP_20150317_000729	Sin embargo, incluso si eres el mejor arquero del mundo, la bendición de la diosa es importante para aprender las técnicas de fabricación de flechas del Maestro Fletcher. {nl} Por lo tanto, solo alguien que tenga la bendición de la diosa puede ser moldeado para crear un Maestro Fletcher, como cuando Lydia Schaffen creó flechas nuevas y consistentes. {nl}	다만 후대의 궁수들에게 실낱 같은 희망이라면, 마스터 플레쳐의 화살제조는 여신의 축복에 기인한 바가 크다는 점이다. {nl}따라서 누구든 여신의 축복을 얻은 사람은 마스터 플레쳐가 만들고, 리디아 샤펜이 사용한 화살과 동일한 화살을 만들 수 있다는 점이다. {nl}				리디아 샤펜과 플레쳐
QUEST_JOBSTEP_20150317_000730	Otra historia es sobre el secreto del Maestro Fletcher para evitar el combate, según el manual del fabricante: golpear con certeza en algún punto del bazo. {nl}	또 하나 희망을 추가한다면, 마스터 플레쳐는 그의 비법이 실전되지 않도록 제조비법서를 어딘가에 확실히 비장해두었다는 점이다. 				리디아 샤펜과 플레쳐
QUEST_JOBSTEP_20150317_000731	La rápida producción de flechas por parte del Maestro Fletcher se considera su único talento. Sin embargo, podría tener un secreto esperando en algún lugar de este mundo. {nl}	그런 점에서 마스터 플레쳐의 빠른 생산력은 전적으로 그의 재능이었지만, 강력한 화살을 만드는 비법은 지금이라도 세상 어딘가에서 발견될 날을 기다리며 잠들어 있다고 볼 수 있다.				리디아 샤펜과 플레쳐
QUEST_JOBSTEP_20150317_000732	Cruce de Lydia Schaffen	리디아 샤펜의 교차선				
QUEST_JOBSTEP_20150317_000733	{S35} {nl} Cruce de Lydia Schaffen {/}	{s35}{nl}리디아 샤펜의 교차선{/}				리디아 샤펜의 교차선
QUEST_JOBSTEP_20150317_000734	Este es un registro para la Familia Real sobre una historia en la que el rey Kadumel le preguntó a Lydia Schaffen si podía dar en el blanco detrás de una roca o un árbol, y cómo ella simplemente le respondió al rey con el nítido sonido de su flecha al impactar en el blanco. Sin embargo, existen algunas inconsistencias escritas entre el registro real y el folclore. Es decir, el rey Kadumel señaló en ese momento que no estaba poniendo a prueba la habilidad de Schaffen con el arco.	 국왕 카듀멜이 리디아 샤펜에게 나무나 바위 뒤에 숨은 표적은 그녀라도 어쩔 수 없지 않겠냐고 물었을 때 리디아 샤펜은 간명한 그러면서 또렷한 활시위 소리로 대답을 대신하여 표적을 명중시켰다는 기록이 왕실에 전한다. {nl} 그러나 왕실의 공식기록이나 세간에 전하는 이와 관련한 전설에서 언급하지 않는 내용이 있다. 그것은 카듀멜 국왕이 그런 말을 한 배경이 단순히 리디아 샤펜의 궁술을 시험하기 위한 것이 아니었다는 점이다.{nl}				리디아 샤펜의 교차선
QUEST_JOBSTEP_20150317_000735	Un hecho más importante es qué tipo de objetivo alcanzó Lydia Schaffen. O, para ser más precisos, a quién alcanzó, sería de gran importancia. {nl} Siempre que los registros reales y el folclore tratan esta historia, no hacen referencia al momento en que surgió. {nl}	그리고 그 보다 더 중요한 사실은 그 떼 리디아 샤펜이 맞춘 표적이 무엇인지, 아니 정확히 말하면 누구였는지가 중요한 사실이다. {nl}왕실의 기록과 민간의 전설에서 이 일화를 다룰 때는 항상 이것이 언제 일어난 일인지 그 시기를 언급하지 않는다. {nl}				리디아 샤펜의 교차선
QUEST_JOBSTEP_20150317_000736	Ambas versiones simplemente presentan la historia heroica centrándose en la gran destreza de Lydia Schaffen con el arco{nl}. Hay una razón para ello{nl}. La razón es que esta historia tuvo lugar en los últimos días de la Guerra Civil{nl}. A diferencia del folclore conocido, Ruklys no fue asesinado por los soldados del rey Kadumel en la última capa de la Fortaleza de la Tierra. Se dice que Ruklys tenía una razón particular para no permitir la entrada de forasteros al corazón de su fortaleza.	다만 리디아 샤펜의 대단한 활솜씨에 초점을 맞춘 영웅담으로만 소개한다. {nl}거기에는 그럴 수밖에 없는 이유가 있다. {nl}그 이유는 이 일화가 내전기의 막바지에 일어난 일이라는 점이다. 일부 알려진 전설과 달리 루클리스는 대지의 요새의 마지막 층에서 카듀멜 국왕의 병사들에게 전사한 것이 아니었다. 루클리스는 어떤 이유로 대지의 요새 마지막 층의 심장부에 외부인을 들이고 싶지 않았다고 전해진다.{nl}				리디아 샤펜의 교차선
QUEST_JOBSTEP_20150317_000737	En lugar de morir, Ruklys escapó momentos antes de que su fortaleza fuera tomada, y el rey Kadumel ordenó a sus soldados que lo persiguieran.{nl} Después de la persecución, Ruklys se encontró acorralado al borde de un acantilado.	그래서 루클리스는 대지의 요새가 함락되기 직전 요새를 탈출하였고, 카듀멜 국왕은 병사들을 움직여 그를 추적하였다. {nl}그 추적의 끝에서 루클리스는 벼랑 끝으로 몰렸다. 				리디아 샤펜의 교차선
QUEST_JOBSTEP_20150317_000738	En el acantilado había una roca lo suficientemente grande como para que Ruklys pudiera apoyarse contra ella mientras miraba hacia el acantilado y mantenía a los soldados del rey en la cara opuesta de la roca{nl}. Ruklys apoyó su espalda en la roca para que el arquero del rey que lo seguía no pudiera atacarlo{nl}. Si hubiera sido en otro lugar, podrían haber ido a la izquierda y a la derecha para rodearlo y llover flechas, pero el acantilado, junto con la formación de batalla, no era un lugar para tales ataques.{nl}	그 벼랑에 마침 커다란 바위가 있어 루클리스는 그 바위를 등지고 정면으로는 벼랑을 마주 보는 자세로 국왕의 병사를 상대하였다.{nl} 루클리스가 그 바위를 등지자 추적하던 국왕의 궁수들은 루클리스를 공격할 수 없었다. {nl} 다른 장소였다면 돌아가 맞은편과 좌우에서 포위하여 화살을 퍼부을 수도 있었겠지만, 벼랑이란 진형은 그런 공격을 할 수 없는 장소였다. {nl}				리디아 샤펜의 교차선
QUEST_JOBSTEP_20150317_000739	Al no tener arqueros que pudieran disparar por el aire más allá del acantilado, el rey Kadumel, sin duda, condujo a sus soldados hacia el borde del precipicio.{nl}	벼랑을 지나 허공에 뜬 상태로 공격할 수 있는 궁수가 없었기에 카듀멜 국왕은 계속 병사들을 그야말로 벼랑 끝으로 내몰았다. {nl}				리디아 샤펜의 교차선
QUEST_JOBSTEP_20150317_000740	Sin embargo, Ruklys y los hombres que le quedaban repelieron a los soldados del rey, demostrando su sobrehumana capacidad de resistir día y noche{nl}. Esto incluso hizo que los soldados campesinos del rey comenzaran a flaquear{nl}. Además, la heroica lucha de Ruklys impresionó tanto a algunos de los hombres y oficiales de Kadumel que algunos comenzaron a cuestionar su mando{nl}. Ya impopular entre la gente bajo su gobierno, el rey Kadumel no podía seguir empujando a sus hombres a la muerte, ni podía esperar a que Ruklys muriera de hambre o fatiga.	그러나 루클리스와 그의 남은 부하들은 밀려오는 병사들을 끊임없이 물리쳤고, 그들이 하루 밤낮을 버티는 인간의 한계를 넘어선 능력을 보이자, 카듀멜 국왕의 병사들도 동요하기 시작하였다.{nl} 심지어 루클리스의 영웅적인 분투에 감명을 받은 병사와 장군들의 심적 동요로 항명이 있을 정도였다.{nl} 본래 백성들에게 인기가 없던 카듀멜 국왕은 이런 상황에서 휘하의 장수들을 다그치지 못 하였고, 그렇다고 루클리스가 지쳐 죽거나 굶어 죽기를 기다릴 수도 없었다. {nl}				리디아 샤펜의 교차선
QUEST_JOBSTEP_20150317_000741	Y a través de esta situación, el rey Kadumel le hizo una pregunta astuta a Lydia Schaffen{nl}. Por supuesto, Lydia no tomó la provocación del rey Kadumel como una oportunidad para demostrar sus habilidades y disparar un tiro tímido desde un ángulo elevado para matar a Ruklys. Había otras razones que se superponían en este caso.	그리고 이런 상황에서 카듀멜 국왕이 꾀를 낸 것이 바로 리디아 샤펜에게 던진 질문이다.{nl}물론 리디아 샤펜이 카듀멜 국왕의 도발에 넘어가 자신의 실력을 보여주려고 바위 뒤의 루클리스를 신묘한 곡사로 죽인 것은 아니다. {nl}여기에는 또 다른 사연이 겹쳐있다. {nl}				리디아 샤펜의 교차선
QUEST_JOBSTEP_20150317_000742	Pero considerando estas razones, en cualquier caso, ya sea por los deseos de su maestro, o el pensamiento de que puso fin a la vida de alguien con sus propias manos, nosotros, como la generación actual, solo podemos imaginar cuán herida y conflictuada estaba emocionalmente Lydia Schaffen. De ahí en adelante, la gente se enteró del momento en que Lydia Schaffen atravesó fácilmente un objetivo detrás de una roca desde el cruce; sin embargo, Lydia cargaría con una emoción compleja e inconmensurable sobre el cruce desde ese día en adelante.	그러나 그 사연이야 어쨌든 스승의 희망이자 자신의 사형의 목숨을 제 손으로 끊은 리디아 샤펜의 감정이 얼마나 아프고 복잡했을지는 후대의 우리로서는 그저 추측만 할 수 있을 따름이다.{nl} 여하간 이 사건으로 사람들은 리디아 샤펜이 조준하는 교차선은 능히 바위로 가려진 표적도 뚫을 수 있다는 사실을 알게 되었지만, 그녀가 그날 품은 복잡한 감정의 교차선은 헤아릴 수 없음이다. {nl}				리디아 샤펜의 교차선
QUEST_JOBSTEP_20150317_000743	La Muesca de Lydia Schaffen	리디아 샤펜의 오늬				
QUEST_JOBSTEP_20150317_000744	{s35}{nl}La Muesca de Lydia Schaffen{/}	{s35}{nl}리디아 샤펜의 오늬{/}				리디아 샤펜의 오늬
QUEST_JOBSTEP_20150317_000745	Se dice que esta historia tuvo lugar un día en la Torre Astral.{nl}Surgió una disputa entre los discípulos de Lydia Schaffen.{nl}Varios discípulos se reunieron después del entrenamiento y, según se cuenta, surgió el siguiente diálogo: «Por muy bueno que sea tu arco, si te faltan habilidades, no podrás sacarle todo el partido. Por lo tanto, al final, lo importante es tu propia habilidad».{nl}Tal fue la afirmación de cierto discípulo, que dio inicio a la disputa.{nl}	 전하는 바로는 이것은 어느 날 별의 탑에서 일어난 일이라고 한다.  {nl}어느 날 별의 탑에서 리디아 샤펜의 제자들 사이에 논쟁이 벌어졌다.{nl}여러 제자가 훈련 후에 모여 여담을 나누는 중에 이런 이야기가 나왔다고 한다. {nl}“아무리 좋은 활이라도 쓰는 사람의 실력이 나쁘다면 위력을 낼 수 없네. 그러므로 결국 중요한 것은 일신의 실력이란 말일세.”{nl}한 제자의 이런 주장에 다른 제자가 반박하였다.{nl}				
QUEST_JOBSTEP_20150317_000746	Estás olvidando los fundamentos del tiro con arco{nl}. ¿Qué es un arquero? Es alguien que usa una herramienta llamada arco, ¿verdad? ¿Crees que es posible que exista un arquero sin arco? Incluso si alguien se hace famoso por su habilidad con la espada y la lanza, ¿puede seguir llamándose arquero? Al fin y al cabo, el tiro con arco se basa en el uso de herramientas, ¿no?{nl}{nl}	“자네는 궁수의 기본을 망각하고 있네. 궁수란 무엇인가? 궁수는 활이란 도구를 다루는사람일세. 활 없는 궁수가 존재할 수 있단 말인가? 제아무리 일신의 무예가 드높아도 칼과 창으로 무예를 펼친다면, 어떻게 궁수가 될 수 있단 말인가? 결국, 궁수는 도구에 종속된 개념일세.”{nl}				
QUEST_JOBSTEP_20150317_000747	El discípulo que tenía una opinión diferente respondió:{nl}'Dijiste que las herramientas son importantes, hablemos de eso.{nl}¿Qué es un arco? Hay varias armas para un arquero. Así como hay armas que no requieren mucha habilidad para manejar, como una ballesta, también hay armas cuya efectividad varía mucho según la habilidad del usuario, como las de los Wugushi.{nl}La Flecha de Viento del Wugushi es difícil de dominar, es un arma difícil de usar para alguien sin experiencia, sin importar cuán buenos sean los materiales del arco de uno.{nl}	그러자 그와 견해를 달리하는 제자가 재차 반박하였다.{nl}“자네의 말이 도구가 중요한 것이라니 그 말을 놓고 봄세. {nl}대체 활의 범위란 뭐란 말인가? 석궁처럼 사람의 실력을 비교적 적게 타는 무기와 무고사의 무기처럼 쓰는 사람의 실력에 크게 좌우되는 무기처럼 궁수의 무기 범위에서도 다양성이 존재한다네. {nl}무고사의 바람화살은 숙달하기 어려운 활로써 아무리 좋은 재질로 잘 만들어도 경험이 없는 사람은 제대로 사용하기 어려운 무기이네. {nl}				
QUEST_JOBSTEP_20150317_000748	Sin embargo, decir que una catapulta o una ballesta son armas que cualquiera puede manejar no es correcto{nl}. Usted afirma que el tiro con arco existe únicamente porque hay herramientas, esto es incorrecto.	그렇다고 석궁이나 십자궁이 과연 아무나 사용 가능한 무기인가 하면 그 또한 아닐세. {nl} 자네의 주장대로 도구가 있어야만 궁수가 존재한다는 것은 그런 면에서 잘못된 주장일세. 				리디아 샤펜의 오늬
QUEST_JOBSTEP_20150317_000749	Esto es lo mismo que decir que, ya que la gente morirá si no come, sus vidas son menos importantes que la comida y dependen de ella.{nl}¿Estás afirmando que, ya que comes para poder vivir, vives para comer?'{nl}Ante eso, otro discípulo compartió su punto de vista:{nl}'Estás debatiendo sobre el camino del Arquero, pero solo te concentras en un aspecto.{nl}Lo que no logras abordar es que, sin importar cuán famoso sea un arquero, sin importar cuán agudos sean sus ojos, lo que están usando a su favor es el viento. {nl}	 이것은 마치 사람이 밥을 먹지 않으면, 죽으니 사람의 삶이 밥보다 못하며 사람의 인생은 밥에 종속되었단 주장이나 마찬가지일세.{nl} 자네는 살기 위해 밥을 먹는 것이지 밥을 먹기 위해 산다고 주장할 셈인가?”{nl} 그러자 또 다른 제자가 이에 대해 다른 견해를 제기했다.{nl}“자네들은 궁수의 길을 논함에 있어 한 가지 면만을 보고 있네. {nl} 자네들이 놓치고 있는 점은 어떤 명궁이든 명사수이든 결국 그들이 이용하는 것은 바람이란 사실일세. {nl}				
QUEST_JOBSTEP_20150317_000750	La flecha no podría ser disparada sin el viento y el aire que la transportan hasta el blanco; ¿cómo podría existir un tirador experto? O mejor dicho, ¿qué podría hacer un arquero en ese caso? En definitiva, lo que necesita un arquero es percibir el flujo del viento y ser capaz de actuar en consecuencia.{nl}	 활이 쏘아내는 화살이나 탄자를 받아 목표까지 날라주는 바람과 공기가 없다면 어떻게 명사수가 존재할 것이며, 명궁은 또 무슨 의미란 말인가? 결국, 궁수에게 중요한 것은 바람의 결을 느끼고 그 바람의 결에 자신의 의지를 싣는 일일세.”{nl}				
QUEST_JOBSTEP_20150317_000751	A partir de entonces, los discípulos discutieron sin fin, las afirmaciones se volvieron más diversas e interesantes, las teorías iban y venían.{nl}Finalmente, comenzaron a preguntarse qué pensaría su maestra, Lydia Schaffen, sobre esto.{nl}Después de contarle sobre la discusión que habían tenido hasta ese momento, esperaron su respuesta.{nl}	이후로도 제자들의 논쟁은 끝이 없이 이어졌고, 더 다양하고 재미있는 주장과 이론들이 전개되었다고 한다. {nl} 그리고 마침내 제자들은 그들의 스승인 리디아 샤펜이 어떻게 생각하는지 궁금해지고야 말았다.{nl} 그래서 제자들은 리디아 샤펜에게 몰려가 여태껏 자신들이 나눈 대화를 들려준 후 스승님의 말씀을 기다렸다.{nl}				리디아 샤펜의 오늬
QUEST_JOBSTEP_20150317_000752	Se dice que cuando los discípulos llegaron a Lydia Schaffen, ella estaba comiendo castañas usando una punta de flecha, peligrosamente encaramada en la barandilla de la Torre Astral.{nl}	제자들이 리디아 샤펜에게 왔을 때; 마침 그녀는 화살촉의 날을 이용해 밤을 까먹으며 별의 탑의 난간에 위태하게 걸터앉아 있었다고 전해진다.{nl}				리디아 샤펜의 오늬
QUEST_JOBSTEP_20150317_000753	Lydia Schaffen siguió comiendo mientras escuchaba a los discípulos, sin moverse de la barandilla{nl}. Después de que terminaron, guardó silencio un rato, pero al poco tiempo jugueteó con los dedos entre el montón de cáscaras de castañas que había comido y sacó algo, diciendo, según se cuenta: «¿Qué es esto?»{nl}. El discípulo de ojos agudos respondió antes que nadie. «Es la piel interior de una castaña».{nl}{nl}	 리디아 샤펜은 제자들을 맞은 자세 그대로 하던 대로 밤을 먹으며 제자들의 되풀이된 주장을 경청한 다음, 잠시 조용히 있다가 이윽고 손가락으로 자신이 먹으며 모아 놓은 밤껍질 무더기를 손가락으로 뒤적거린 후 그 가운데서 무엇을 들어 올리더니 이렇게 말했다고 전한다.{nl}“이것이 무엇이냐?”{nl}눈치 빠르고 시력이 좋은 제자 하나가 가장 먼저 대답했다.{nl}“보늬입니다.”{nl}				
QUEST_JOBSTEP_20150317_000754	Era muy obvio que en efecto era la piel interior de una castaña, así que los demás asintieron en acuerdo y esperaron las siguientes palabras de su maestra. {nl}Y así Lydia Schaffen continuó. {nl}'No. Esta es la muesca de mi flecha.'{nl}	 그것이 보늬란 것은 명백한 사실이었기에 다른 제자들도 고개를 끄덕이며 스승의 다음 말을 기다렸다. {nl}그리고 리디아 샤펜의 말이 이어졌다.{nl}“아니다. 이것은 나의 오늬이니라.”{nl}				
QUEST_JOBSTEP_20150317_000755	Dicho esto, pellizcó la cáscara de una castaña entre sus dedos, tomó su arco, que como siempre estaba a su lado, y disparó al cielo usando la cáscara como muesca{nl}. Se dice que Lydia Schaffen resolvió así la disputa de los discípulos, saltó de la barandilla en la que estaba sentada y se marchó, dejando a los discípulos desconcertados.{nl}	그렇게 말한 리디아 샤펜은 먹던 밤에서 나온 보늬를 손가락 사이에 끼운 후 항상 곁에 두던 자신의 활에 화살끝을 재어 감싸 오늬처럼 사용해 하늘을 향해 쏘았다고 한다.  {nl}제자들의 논쟁을 이상한 방법으로 잠재운 리디아 샤펜은 걸터앉은 난간에서 내려와 어리둥절해하는 제자들을 남겨두고 그 자리를 떠났다고 전해진다. {nl}				리디아 샤펜의 오늬
QUEST_JOBSTEP_20150317_000756	Lydia Schaffen y Rumpelstiltskin 	리디아 샤펜과 럼펠스틸스킨				
QUEST_JOBSTEP_20150317_000757	{s35}Lydia Schaffen y Rumpelstiltskin {/} 	{s35}리디아 샤펜과 럼펠스틸스킨{/} 				리디아 샤펜과 럼펠스틸스킨
QUEST_JOBSTEP_20150317_000758	Esta es una historia sobre Lydia Schaffen que se ha transmitido por todo el Reino. {nl}Además, si bien hay lugares que Lydia Schaffen nunca visitó según los registros históricos, existen historias sobre lo que sucedió cuando visitó su aldea.{nl}Estas historias contienen cosas absurdas, como la aparición de dragones y un extraño demonio, diferente del demonio que conocemos, que hizo una apuesta con Lydia Schaffen.{nl}	 왕국 곳곳에는 리디아 샤펜에 관련된 일화들이 전해집니다. {nl} 심지어 역사상 기록으로 보아 리디아 샤펜이 한 번도 간 적이 없다고 단언할 수 있는 지방에서도 리디아 샤펜이 그들의 마을을 들렀을 때 일어났다는 일화가 존재할 정도입니다. {nl} 이런 일화들은 드래곤이 나타나는 터무니 없는 내용이나 우리가 아는 바와 다른 이상한 성격의 마족이 나타나 리디아 샤펜과 내기를 한다든가 하는 황당한 이야기를 합니다. {nl}				리디아 샤펜과 럼펠스틸스킨
QUEST_JOBSTEP_20150317_000759	A pesar de ello, los aldeanos de la región creen en la historia sin lugar a dudas y sienten orgullo al saber que esta historia sobre Lydia Schaffen se originó en su pueblo natal.{nl}	그럼에도 불구하고 해당 지역의 주민들은 그 이야기들을 믿어 의심치 않으며, 리디아 샤펜과 관련된 이야기에 자신들의 고향이 나온다는 사실에 자부심을 품곤 합니다.{nl}				리디아 샤펜과 럼펠스틸스킨
QUEST_JOBSTEP_20150317_000760	En comparación con Ruklys, quien probablemente murió al principio de la Guerra Civil, o Flurry, quien rara vez abandonó la torre que construyó, Lydia Schaffen sin duda vivió un mayor número de aventuras alrededor del mundo, lo que la convierte en la más adecuada como protagonista de una historia{nl}. Esta es una de esas historias.{nl}	아마도 내전으로 일찍 죽은 루클리스나 자신이 세운 탑에서 떠나는 일이 많지 않았던 플러리 등에 비해 리디아 샤펜은 확실히 세상 곳곳을 다니며 모험행을 했으니 그런 이야기에 잘 들어맞는 인물인 까닭일 것입니다. {nl}이제부터 적을 이야기도 그런 이야기들 가운데 하나입니다. {nl}				리디아 샤펜과 럼펠스틸스킨
QUEST_JOBSTEP_20150317_000761	Se desconoce hasta qué punto es cierta la historia. Quizás era tan absurda en el pasado como lo sería en la actualidad. Sin embargo, el hecho de que aún se cuente hoy en día indica que concuerda con la personalidad de Lydia Schaffen.	비록 이야기 자체는 사실이 아닐지 모르고, 현재는 물론 그 당시로써도 황당하고 허무맹랑한 이야기일지 모르나 이런 이야기가 생명력을 갖고 지금까지 전한다는 사실 자체가 해당 이야기가 리디아 샤펜의 성정과 부합한다 할 수 있습니다.				리디아 샤펜과 럼펠스틸스킨
QUEST_JOBSTEP_20150317_000762	Un día, Lydia Schaffen salió sola de cierto pueblo y caminó por la noche{nl}. Lydia Schaffen vio a un viajero sentado con aire cansado al borde de un camino forestal{nl}. Por curiosidad, decidió acercarse a él. "¿Por qué estás sentado aquí en el bosque en medio de la noche?" El viajero dudó en responder al principio, pero después de que le preguntaran varias veces, finalmente abrió la boca{nl}. La razón era aparentemente esta:{nl}{nl}{nl}	 어느 날 리디아 샤펜이 홀로 어떤 마을을 벗어나 밤길을 걷고 있었습니다.{nl} 리디아 샤펜은 한 나그네가 숲길에 힘없이 주저앉아 있는 것을 보고 멈췄습니다.{nl} 호기심에 리디아 샤펜이 그에게 물었습니다.{nl} “한밤에 이런 숲에서 왜 그러고 계십니까?”{nl}주저앉아 있던 나그네는 리디아 샤펜의 거듭된 재촉에 겨우 입을 열었습니다. {nl} 나그네가 말한 사연은 다음과 같았습니다.{nl}				
QUEST_JOBSTEP_20150317_000763	El viajero se había encontrado con un demonio llamado Rumpelstiltskin al atravesar el bosque hacía varios días. {nl}Entonces fue atraído a jugar un juego con el demonio. {nl}	 나그네는 며칠 전 이 숲을 지나다 럼펠스틸스킨이란 이름을 지닌 마족을 만났다고 합니다. {nl} 나그네는 그 마족에게 말려들어 결국 럼펠스틸스킨과 시합을 하게 되었답니다.{nl}				리디아 샤펜과 럼펠스틸스킨
QUEST_JOBSTEP_20150317_000764	La recompensa por ganar el juego era significativa, pero el juego con el demonio no fue fácil. Al final, el viajero perdió contra Rumpelstiltskin. {nl}El viajero seguía suspirando mientras esperaba el regreso de Rumpelstiltskin. {nl}Después de escuchar la historia del viajero, Lydia Schaffen decidió enfrentarse al demonio. Le prometió al viajero que lo ayudaría con todas sus fuerzas. Pasó algún tiempo y apareció Rumpelstiltskin.	 이길 경우 보상이 크긴 했지만, 마족과의 시합이 쉬울 리가 없어서 결국 패배하게 되었고, 이제 럼펠스틸스킨과 약속한 대가를 치러야 할 때가 되어 한숨 쉬며 기다리고 있다는 말이었습니다.{nl} 리디아 샤펜은 사연을 듣고 럼펠스틸스킨이란 문제의 마족을 만나고 싶어졌습니다. {nl}그리고 최대한 나그네를 돕기로 약속했습니다.{nl} 시간이 흐르고 기다리던 럼펠스틸스킨이 나타났습니다. 				리디아 샤펜과 럼펠스틸스킨
QUEST_JOBSTEP_20150317_000765	Lydia le ofreció a Rumpelstiltskin dejar ir al viajero y jugar un juego con ella a cambio. {nl}Para bien o para mal, Rumpelstiltskin conocía bien la reputación de Lydia Schaffen, y el hecho de que ella le pidiera jugar lo entusiasmó hasta el punto de aceptar su petición. {nl}	리디아 샤펜은 나그네를 조건 없이 즉시 풀어주고 대신 자기와 시합을 하자고 제안했습니다. {nl} 럼펠스틸스킨은 다행인지 불행인지 리디아 샤펜의 명성을 잘 알고 있었고, 그 유명한 리디아 샤펜과 시합하게 되었다는 사실에 흥분하여 그 요청을 수락했습니다.{nl}				리디아 샤펜과 럼펠스틸스킨
QUEST_JOBSTEP_20150317_000766	En el pasado, Rumpelstiltskin era bastante famoso por desafiar a sus oponentes a usar su mejor habilidad y luego derrotarlos. {nl} Pero cambiaba un poco las reglas de su juego cada vez. {nl} Lydia Schaffen preguntó: 'Entiendo que quieres desafiar mi habilidad con el arco, así que ¿qué vamos a hacer?'{nl}	 지금은 럼펠스틸스킨의 이름을 사람들이 잘 모르지만, 당시에 이 악마는 시합 상대가 잘하는 것으로 승부하여 상대에게 패배를 선사하는 것으로 유명했습니다. {nl} 다만 항상 시합에 약간의 변형을 가하곤 했습니다. {nl} 리디아 샤펜이 말했습니다. {nl}“그래 활쏘기 시합을 하겠다는 말은 알아듣겠다. 그런데 어떻게 하자는 것이지?”{nl}				
QUEST_JOBSTEP_20150317_000767	Claro, un juego para ver quién es mejor con el arco no sería muy interesante{nl}. Por lo tanto, juguemos a un juego en el que tú disparas una flecha a un blanco, y luego yo intentaré atraparla y montarla antes de que llegue al blanco —dijo Rumpelstiltskin—{nl}. Lydia respondió, cuestionando la propuesta: —¿Montar una flecha? —Así es —afirmó Rumpelstiltskin—.{nl}	“누가 더 활을 잘 쏘나 하는 시합은 재미가 없다는 말이지. 그러니 이렇게 하자고 너는 과녁을 정하고 활을 쏘아. 그러면 나는 그 화살이 과녁에 닿기 전에 그 화살에 올라타도록 하지.”{nl}럼펠스틸스킨이 이렇게 말하자 리디아 샤펜이 되물었습니다.{nl}“화살에 올라탄다고?”{nl}“맞아.”{nl}				
QUEST_JOBSTEP_20150317_000768	Al responder, Rumpelstiltskin comenzó a encoger su cuerpo{nl}. Una vez que se hubo reducido al tamaño del puño de un niño, Rumpelstiltskin habló: «Bueno, este tamaño me permitirá montar tu flecha, ¿verdad?»{nl}. Lydia Schaffen pensó un momento: «Pero hay un problema{nl}. Si tocas la flecha y haces que caiga al suelo sin que llegue a dar en el blanco, ¿no sería eso una pérdida para mí, independientemente de si montas la flecha o no?»{nl}. Rumpelstiltskin le respondió con estas palabras.{nl}	그렇게 대답한 럼펠스틸스킨의 몸은 작아지기 시작했습니다. {nl}그는 어린이의 주먹 크기로 줄어들더니 다시 말을 이었습니다.{nl}“어때 이 정도 크기면 네 화살에 올라탈 수 있겠지?”{nl}리디아 샤펜은 잠시 무엇을 생각하다 말했습니다.{nl}“이 시합은 문제가 있어. 만약 네가 화살을 건드려서 땅에 떨구거나 해서 과녁을 못 맞히게 하면 네가 화살에 올라타든 못 타든 내가 지는 것이잖아?”{nl}리디아 샤펜의 말에 럼펠스틸스킨이 대답했습니다.{nl}				
QUEST_JOBSTEP_20150317_000769	¿Qué te parece esto? Gano si logro llevar tu flecha hasta que alcance el blanco. 'Y si tu flecha cae al suelo', continuó, 'perdemos los dos'{nl}. Rumpelstiltskin añadió: 'El juego tendrá tres rondas, al mejor de tres'.{nl}{nl}	“그럼 이렇게 하지. 내가 이기는 조건은 네 화살을 타고 표적까지 날아가기야.”{nl}{nl}“그전에 네가 그 화살에서 떨어진다면?”{nl}“그것도 내가 지는 것으로 하지. 그리고 시합은 세 차례 하는 걸로 하지. 그러니까 3번 겨뤄 2번 이기는 사람이 이기는 것이지.”{nl}				
QUEST_JOBSTEP_20150317_000770	Tras la respuesta aparentemente sincera de Rumpelstiltskin, Lydia Schaffen replicó: «Bien, una cosa más: voy a disparar a cualquier objetivo, en cualquier dirección{nl}. Te diré cuál es el objetivo en cada ronda{nl}. Así, no podrás acostumbrarte para las rondas dos y tres{nl}. ¿Estás de acuerdo?». «De acuerdo, hagámoslo», asintió Rumpelstiltskin. Tras acordar también las condiciones de la derrota, comenzó el juego entre dos personas, o mejor dicho, entre una persona y un demonio.	럼펠스틸스킨이 그렇게 선선히 말하자 리디아 샤펜이 다시 말했습니다.{nl}“좋아. 그럼 한 가지만 더 말하지. 나는 지금 이 자리에서 아무 방향으로 아무 표적을 향해 쏠 거야. 두 번째나 세 번째에 네가 익숙해지지 않도록 말이지. 다만 차례마다 맞추는 표적은 미리 말해 주겠어. 어때 이 조건에 동의해?”{nl}“좋아. 그렇게 하지.”{nl}럼펠스틸스킨이 동의하고 패배할 경우 보상에 대해서도 합의한 다음; 두 사람, 아니 한 사람과 한 악마의 시합이 시작되었습니다. {nl}				
QUEST_JOBSTEP_20150317_000771	Lydia Schaffen sopesó su flecha y luego señaló el primer objetivo: {nl}'¡El árbol marrón más alto de allí!'{nl}Con esas palabras, soltó la flecha y esta surcó el aire a una velocidad espantosa.{nl}	리디아 샤펜이 화살을 잰 다음 목표를 불렀습니다. {nl}“저기 가장 큰 갈색 나무!”{nl}그리고 그 말과 함께 시위를 놓았고 화살은 무서운 속도로 바람을 갈랐습니다.{nl}				
QUEST_JOBSTEP_20150317_000772	Rumpelstiltskin se movió ágilmente para perseguir la flecha voladora, y después de que la alcanzó, la flecha se atravesó el árbol. Mientras la flecha seguía oscilando, él bailó al ritmo de la oscilación y cantó una melodía desconocida. {nl}Lydia Schaffen volvió a calcular sus flechas, luego gritó: {nl}'¡Todas las piñas de ese pino que está a mi izquierda!' {nl}Al señalar el objetivo, Lydia Schaffen desató sus habilidades divinas de tiro con arco.	하지만 럼펠스틸스킨은 가벼운 동작으로 날아가는 화살을 추격해 그에 올라탄 후 화살이 나무에 꽂히자 부르르 떠는 진동에 맞춰 화살대 위에서 춤을 추며 알 수 없는 노래를 불렀습니다.{nl}리디아 샤펜이 다시 화살을 잰 후 외쳤습니다.{nl}“내 좌측 정면 소나무의 모든 솔방울!”{nl}그 말과 함께 리디아 샤펜의 신기에 가까운 궁술이 펼쳐졌지요. 				
QUEST_JOBSTEP_20150317_000773	Sus flechas caían más rápido que una lluvia torrencial en un caluroso día de verano, como si cientos, o incluso miles, de flechas fueran disparadas al mismo tiempo en la misma dirección.{nl}	가장 뜨거운 여름날 폭우처럼 쏟아지는 소나기보다 더 빠른 속도로 발사된 수십 아니 어쩌면 수 백발의 화살이 거의 동시에 한 방향으로 발사되었습니다. {nl}				리디아 샤펜과 럼펠스틸스킨
QUEST_JOBSTEP_20150317_000774	Rumpelstiltskin no pudo tomárselo con tanta calma esta vez{nl}. Más rápido de lo que el ojo humano podía distinguir, Rumpelstiltskin aterrizó sobre cada flecha una por una y pasó a otra mientras la lluvia surcaba el aire{nl}. Al final, logró alcanzar la última flecha antes de que llegara a la última piña. Rumpelstiltskin habló con Lydia Schaffen mientras intentaba recuperar el aliento.	이번에는 럼펠스틸스킨도 여유를 가지지 못했습니다. 인간의 눈으로는 도저히 판별할 수 없었지만, 아무튼 럼펠스틸스킨은 화살이 허공을 가르는 동안 모든 화살 위에 한 번씩 앉았다가 다른 화살로 옮겨 탔고, 결국 마지막 화살이 마지막 솔방울에 닿기 전에 그 화살에 올라탄 채 표적에 부딪힐 수 있었습니다.{nl}럼펠스틸스킨은 지친 듯 씩씩거리는 표정으로 리디아 샤펜에게 말했습니다.{nl}				리디아 샤펜과 럼펠스틸스킨
QUEST_JOBSTEP_20150317_000775	Así que ahí lo tienes, logré posarme sobre cada flecha antes de que la última alcanzara el blanco. ¡Gané!'{nl} Lydia Schaffen respondió:{nl}' Ciertamente, no puedo negar que te posaste sobre cada flecha antes de que la última alcanzara su blanco.'{nl}	“어쨌거나 마지막 화살이 표적에 닿기 전에 모든 화살에 한 번씩 올라탔으니 이건 내가 이긴 거야.”{nl}리디아 샤펜이 말했습니다.{nl}“분명히 마지막 화살이 표적에 닿기 전에 모든 화살에 한 번씩 올라탔으니 네 말을 인정하지.”{nl}				
QUEST_JOBSTEP_20150317_000776	Rumpelstiltskin esbozó una sonrisa maliciosa tras escuchar las palabras de Lydia Schaffen y dijo: «Es decir, gané esta partida{nl}. Ahora bien, en cuanto al castigo acordado...» Antes de que Rumpelstiltskin pudiera terminar, Lydia Schaffen negó con la cabeza y dijo: «¿No me digas que porque ganaste dos rondas no vas a jugar la ronda final? No es aceptable, prometimos claramente jugar tres rondas, ¿no?»{nl}{nl}{nl}	럼펠스틸스킨은 리디아 샤펜의 말에 사악한 미소를 지으며 말했습니다.{nl}“그럼 이제 이 시합은 내가 이겼군. 그러면 아까 말한 보상 말인데….”{nl}럼펠스틸스킨의 말이 이어지기 전에 리디아 샤펜이 고개를 젓고 말했습니다.{nl}“설마 네가 두 번 이겼다고 마지막 시합을 안 하겠다는 것인가? 나는 그렇게 못 하겠는데 더구나우리 약속은 어쨌거나 분명히 3번의 시합을 하기로 약속한 것이지 않나? 				
QUEST_JOBSTEP_20150317_000777	El juego no termina antes de la tercera ronda, así que creo que es inútil hablar de penaltis antes de que el juego haya terminado realmente...{nl}	3번의 시합을 다 하기 전에는 시합은 끝난 것이 아니고 시합이 끝나지 않은 상태에서 보상이니 뭐니 하는 것을 언급하는 일은 무의미하다고 생각하는데..”{nl}				
QUEST_JOBSTEP_20150317_000778	Al reconocer que ya había ganado dos rondas y no tenía razón para rechazar una tercera, así como el hecho de que el juego ciertamente aún no había terminado, Rumpelstiltskin no tuvo más remedio que acatar las palabras de Lydia Schaffen{nl}. Y así comenzó la ronda final, Lydia Schaffen calculó su última flecha y gritó mientras tensaba la cuerda del arco: '¡Mi objetivo es... la luna en el cielo!' Rumpelstiltskin colocó la flecha de lado tan pronto como salió de la cuerda del arco, y no antes de darse cuenta de lo que había oído.{nl}{nl}	럼펠스틸스킨은 설사 이번 차례에 져도 어차피 자신이 2승을 거둔 상황이기 때문에 딱히 거절할이유가 없었고, 리디아 샤펜의 말대로 확실히 시합은 아직 끝나지 않았기 때문에 리디아 샤펜의 말에 따를 수밖에 없었습니다.{nl}그래서 마지막 시합이 시작되었고, 리디아 샤펜은 마지막 화살을 잰 후 그것을 당기며 외쳤습니다.{nl}“목표는 하늘의 저 달!”{nl}럼펠스틸스킨은 활이 시위를 떠나자마자 화살에 올라타 걸터앉은 자세로 있다가 곧, 자신이 무슨 말을 들었는지 깨달았습니다. 				
QUEST_JOBSTEP_20150317_000779	Y, mientras cabalgaba la flecha hacia la luna, Rumpelstiltskin también se dio cuenta de que el juego no podía terminar hasta que la alcanzara{nl}. Con el paso del tiempo, el poder de la flecha disminuyó y comenzó a caer hacia el suelo{nl}. Sin embargo, después de un tiempo, la flecha en la que cabalgaba Rumpelstiltskin se detuvo, flotando en el cielo.	그리고 곧 자신이 화살을 타고 달에 가기 전에는 시합이 끝날 수 없다는 사실도 깨달았습니다. {nl}시간이 흐르고 화살의 힘이 다해 땅으로 떨어지기 시작했지만, 리디아 샤펜이 쏘고 럼펠스틸스킨이 탄 화살은 공중에 정지한 채 떠 있었습니다. 				리디아 샤펜과 럼펠스틸스킨
QUEST_JOBSTEP_20150317_000780	Justo cuando Rumpelstiltskin, rechinando los dientes, estaba a punto de abrir la boca, Lydia Schaffen dijo: «Para que el juego termine, tienes que cabalgar sobre la flecha hasta que llegue a su objetivo{nl}. El juego no puede terminar antes{nl}. Si logras tocar la luna y regresar, entonces aceptaré el castigo sin duda». Dicho esto, Lydia Schaffen comenzó a alejarse mientras Rumpelstiltskin la observaba, rechinando los dientes una vez más, incapaz de cambiar el curso del juego.	럼펠스틸스킨은 리디아 샤펜에게 이를 갈며 뭐라 하려고 했지만, 그전에 리디아 샤펜이 먼저 말을 꺼냈습니다.{nl}“시합이 끝나려면 반드시 네가 화살에 타고 과녁에 도착해야 해. 그전에는 시합이 끝난 것이 아니지. 네가 달에 닿은 후 내게 돌아오면 내 약속한 보상을 꼭 하지.” {nl}그렇게 말한 후 리디아 샤펜은 럼펠스틸스킨을 남겨두고 자기 길을 가기 시작했습니다. 럼펠스틸스킨은 그런 리디아 샤펜의 뒷모습을 보고 이를 갈았지만, 뾰족한 수가 없었습니다. 				
QUEST_JOBSTEP_20150317_000781	Según la anécdota, Rumpelstiltskin aún no ha llegado a la luna y sigue volando hacia allí usando la magia de su cuerpo{nl}. Solo podemos especular si logrará regresar antes de que termine su existencia demoníaca.	전설에 따르면 럼펠스틸스킨은 아직도 달에 도착하지 못 하고, 가진 마력을 다해 달로 날아가고 있다고 합니다. {nl}어쩌면 그의 마족 수명이 끝나기 전에 다시 돌아올 수도 있습니다. {nl}				리디아 샤펜과 럼펠스틸스킨
QUEST_JOBSTEP_20150317_000782	Sin embargo, como sabemos, Lydia Schaffen falleció hace mucho tiempo. Así que, aunque el demonio no perdió el juego, perdió para siempre la oportunidad de ganarlo. {nl}Aun así, la única cuestión que nos intriga a nosotros, como generación actual, es cuál fue el castigo acordado entre Lydia Schaffen y Rumpelstiltskin. {nl}Claro que podríamos preguntarle a cierta persona, digo, a un demonio, que puede que siga vivo o no. Sin embargo, como no sabemos cuándo regresará, será difícil resolver este asunto pendiente durante bastante tiempo.{nl}	그러나 우리가 알다시피 리디아 샤펜은 오래전에 영면에 들어갔고 악마는 패하지는 않았지만, 영원히 이길 수 없게 되었지요. {nl}다만 후세의 우리가 궁금한 한 가지 일이 남아있는데 그것은 리디아 샤펜과 럼펠스틸스킨이 서로에게 내건 보상이 무엇이냐는 점입니다. {nl}물론 물어볼 사람 아니, 존재가 하나 있기는 합니다. 그러나 그가 돌아올 때를 우리가 모르니 그궁금증은 한 동안 해결되기 어려울 것 같습니다.{nl}{nl}				리디아 샤펜과 럼펠스틸스킨
QUEST_JOBSTEP_20150317_000783	La expansión de Atman	아트만의 확장				
QUEST_JOBSTEP_20150317_000784	La expansión de Atman	아트만의 확장{/} 				아트만의 확장
QUEST_JOBSTEP_20150317_000785	Enhorabuena por recibir este libro, que ningún criminal puede ver. Hay muchas maneras de usar la magia, pero la que emplean los Linkers es un caso particular. Otros magos ejercen poderes basados ​​en efectos, no en magia. Es decir, luchar contra un enemigo con una bola de fuego o un rayo no lo inmoviliza con magia.	{nl}그대가 범인의 눈에 보이지 않는 책을 얻었음을 축하한다. {nl}많은 마력의 운용방식이 있으나 링커의 그것은 매우 독특하다고 할 수 있다. {nl}  {nl}다른 계열의 마법사들은 마력에 대해서 영향력을 행사한다. {nl}다시 말해 불덩이로 적을 공격하거나 벼락으로 적을 공격하는 것은 사실은 적과 마력으로 연결짓는 행위가 아니다. {nl}				아트만의 확장
QUEST_JOBSTEP_20150317_000786	Estos ataques solo utilizan magia para crear una bola de fuego y un rayo. Luego, los magos controlan la dirección y el destino de la energía mágica, liberándola una vez que la han fijado en ambos puntos.	위와 같은 공격에 있어서 실제 행위는 마력으로 불을 다루거나 전기를 다루는 일이다. {nl}그리고 마법사가 통제할 수 있게 된 에너지의 방향이나 종착점을 자신이 설정한 곳으로 보내는 행위를 하는 것이다.{nl}				아트만의 확장
QUEST_JOBSTEP_20150317_000787	En otras palabras, estos magos no pueden enfrentarse a los enemigos sin Enlazadores; dado que necesitan canalizar y regular la energía circundante, no tienen tiempo para dirigir fácilmente su magia hacia un enemigo. Sin embargo, al haber elegido el camino del Enlazador, tu magia será completamente diferente. La magia de un Enlazador se basa en vincular directamente tu magia con la del oponente, lo que implica localizar a tu objetivo en cuestión de segundos.	다시 말해 링커가 아닌 다른 계열의 마법사는 적을 직접 다루는 것이 아니라 마력을 통해 자연계의 에너지를 통제하여 그것을 다시 적에게 할당하는 과정을 순간적으로 해내는 것에 불과하다는 뜻이다.{nl}그러나 그대가 링커의 길을 걷는다면 마력의 운용방식은 전혀 달라지게 된다. {nl}링커의 마력 운용방식은 상대와 자신의 마력의 직접적인 연결점을 그것도 순간적으로 찾아내는데 달려있다. {nl}				아트만의 확장
QUEST_JOBSTEP_20150317_000788	Además, al vincular más de dos objetivos, la magia del Enlazador se complica aún más si estos poseen propiedades opuestas. En tales casos, el Enlazador debe utilizar una propiedad mágica viable para conectar los objetivos con propiedades opuestas.	또 둘 이상의 목표를 설정한 경우; 그리고 그 둘 이상의 목표가 서로 상이한 성질을 지닐 경우에는 링커의 마력 운용방식은 더 복잡해지기 마련이다. 이 상황에서 링커는 자신의 마력을 상이한 성질의 두 타격체의 연결점에 같은 성질의 마력을 연결해야 하기 때문이다. {nl}				아트만의 확장
QUEST_JOBSTEP_20150317_000789	Así, hasta cierto punto, los Enlazadores son magos experimentados que aún tienen mucho que explorar. Si bien existen aquellos predestinados a ser Enlazadores, se recomienda que los magos noveles que han desarrollado sus habilidades para controlar la magia se conviertan en Enlazadores y sigan su camino. Sobre todo, lo más importante para los Enlazadores es el establecimiento de su alma verdaderamente resuelta, o Atman. Sin ella, es posible que los ataques dirigidos a un objetivo vinculado mágicamente se vuelvan contra el Enlazador.	그래서 링커는 어느 정도 마력에 익숙해진 마법사들이 새로 시도하는 영역이기 쉽다. {nl}설령 타고난 링커의 자질이 있어도 초보 마법사들의 경우 마력 자체를 다루는 능력을 배양한 후, 링커의 길을 권유하거나 걷는 것이 좋다.{nl}무엇보다 링커에게 가장 중요한 것은 확고한 자아 즉, 아트만을 확립하는 일이다. 이 과정 없이 자신의 마력을 목표가 된 적에게 연결하려다 자칫 적의 역공을 받거나 실수로 마력을 자신의 몸에 되돌릴 가능성이 있기 때문이다. {nl}				아트만의 확장
QUEST_JOBSTEP_20150317_000790	Por esta razón, los Linkers se diferencian de otros magos en que deben recordar usar su esencia mágica como herramienta. En particular, cuando se enfrentan a otros Linkers, su Atman cobra aún mayor importancia.	따라서 다른 계열의 마법사와 달리 링커들은 마력을 확립된 자아의 확장의 도구로 사용한다는 사실을 명심해야 한다. {nl}특히 그대가 차후 다른 링커와 승부를 벌일 일이 있다면 이것은 더욱 중요한 문제가 된다.  {nl}				아트만의 확장
QUEST_JOBSTEP_20150317_000791	Enhorabuena de nuevo por haber recibido este libro. El hecho de que lo hayas encontrado significa que has logrado establecer una conexión entre el mundo visible y el invisible. Por consiguiente, si en el futuro te resulta difícil encontrar un punto de conexión mágico dentro de un grupo de objetivos, te será más fácil desechar la hipocresía.	끝으로 다시 한 번 그대가 이 책을 얻었음을 축하한다. 그대가 이 책을 얻었다는 사실 자체가 보이는 세계와 보이지 않는 세계 사이의 연결점을 찾는데 성공하였음을 의미하기 때문이다. {nl}그러므로 이후 자신의 차원에 속한 목표들 사이에 마력의 연결점을 찾아내는데 어려움을 겪는다면, 그것은 그대가 성실하지 못한 탓이기 쉽다.{nl}				아트만의 확장
QUEST_JOBSTEP_20150317_000792	Armadura de la Era Kadumel	카듀멜 시대의 갑주				
QUEST_JOBSTEP_20150317_000793	Armadura de la Era Kadumel{/}	카듀멜 시대의 갑주{/} 				카듀멜 시대의 갑주
QUEST_JOBSTEP_20150317_000794	{nl}{nl}Vados Winterspoon	{nl}{nl}바도스 윈터스푼 저				카듀멜 시대의 갑주
QUEST_JOBSTEP_20150317_000795	{nl}{nl}Han pasado 10 años desde que comencé mi investigación. Ahora, exactamente 30 años después de la Guerra Civil, finalmente tengo resultados que mostrar.{nl}Aunque el propósito de esta investigación es satisfacer mi pequeña curiosidad, si el alcance se ampliara, podría resultar beneficioso para la familia Winterspoon.{nl}	{nl}{nl}내전이 끝난 지 30년이 되는 해에 나는 문득 한 가지 학구적 의문이 생겼고 그것을 지난 10년간 연구하여 그 연구가 작금에 이르러 결실을 보게 되었다.{nl}작게는 나 일개인의 학문적 호기심을 만족시킨 연구였고, 조금 범위를 넓히면 내가 속한 윈터스푼 가문의 여러 연구를 향상시키는데 보탬이 될 것이라 생각한다. {nl}				카듀멜 시대의 갑주
QUEST_JOBSTEP_20150317_000796	De todos modos, después de pasar mucho tiempo buscando en cada rincón información sobre Ruklys y sus seguidores, llegué a una conclusión.{nl}*Estas notas fueron compiladas después de los... de los hombres del Rey Kadumel..., asumiendo que no hay contradicciones.*{nl}Durante el período en que ocurrió la Guerra Civil, no había diferencias significativas entre el ejército del Rey y el ejército rebelde.	각설하고, 오랜 기간 대지의 요새와 석화도시는 물론이거니와 루클리스나 그 추종자들이 관련된 장소를 샅샅이 탐색해 내린 나의 결론은 다음과 같다. {nl}또한 이는 카듀멜 국왕의 붕어후 편찬된 내전기의 기록과도 맞아 떨어지며, 전혀 모순이 없다고 여겨진다. {nl}결론부터 말하면 내전기간에 벌어진 전투에서 반란군과 국왕측 군대 사이에 일반적인 무장의 차이는 존재하지 않았다. 				카듀멜 시대의 갑주
QUEST_JOBSTEP_20150317_000797	Ambos bandos tenían armamentos de calidad comparable{nl}. El ejército del rey Kadumel superaba en número al ejército rebelde, pero la Fortaleza de la Tierra y su ciudad circundante (ahora llamada Ciudad Petrificada) era una posición favorable para estar situado.	양측의 무기와 갑주 그밖의 군수품은 그 질에 있어서 아무런 차이가 없었다고 여겨진다. {nl}비록 카듀멜 국왕측의 병력이 훨씬 많기는 했으나 대지의 요새와 그 주변 도시(지금은 석화도시라 부르는)만을 지켜야 했던 반군측의 입장을 고려하면, 				카듀멜 시대의 갑주
QUEST_JOBSTEP_20150317_000798	Muchos de los atacantes tuvieron que atacar a través de un embudo, es mi conclusión{nl}. Estas tácticas redujeron la ventaja numérica de 10 a 1 a 3 a 1. *Ruklys pretendía realizar una defensa heroica en la Fortaleza de la Tierra*{nl}. La probabilidad de victoria no es alta, incluso con 20 veces la cantidad de tropas. Una teoría comúnmente aceptada por los historiadores militares.	공격자의 많은 병력은 그렇게까지 부담이 되지 않았으리란 것이 내 결론이다. {nl}고래의 모든 병법서가 말하듯이 공자와 방자의 비율은 적게는 3대1에서 많게는 10대1까지 방자의 유리함을 논한다. 더구나 대지의 요새처럼 루클리스 같은 영웅이 작정하고 만든 요새를 농성처로 삼는다면, 20배의 병력을 지녔다고 해도 공성자 처지에서는 많다고 볼 수 없다는 것이 군사학자들의 통설이다. {nl}				카듀멜 시대의 갑주
QUEST_JOBSTEP_20150317_000799	El rey Kadumel tenía una ventaja numérica en tropas, pero otros factores involucrados son igualmente importantes{nl}. Una diferencia significativa, por ejemplo, es cómo se libran las guerras ahora en comparación con hace mil años.	다만 간과하지 말아야 할 사실은 카듀멜 국왕측의 군대가 단순히 정규군으로서의 이점과 그에 따른 병력의 상대적 우월성만을 지닌 것은 아니었다는 점이다.  {nl}그때나 지금이나 왕국의 전쟁은 예를 들어 천년 전의 전쟁과는 그 전술에 있어 큰 차이가 존재한다. 				카듀멜 시대의 갑주
QUEST_JOBSTEP_20150317_000800	Si bien se han producido muchos avances en la ciencia militar, los cambios generados por el desarrollo de la academia mágica son incomparables. La guerra con magos como combatientes añade muchos más elementos que los comandantes deben tener en cuenta.	군사학에서도 많은 발전이 있었지만, 그럼에도 그 양상에 가장 많은 차이를 나타내게 하는 핵심은 바로 과거와는 비교할 수 없는 마법학과 연금술의 발전이다.{nl}마법사와 종군사제들이 전쟁에 얼마나 개입하느냐에 따라 현장 지휘관들은 전에는 고려하지 않았던 많은 요소를 염두에 두어야 한다.				카듀멜 시대의 갑주
QUEST_JOBSTEP_20150317_000801	Esta fue la diferencia clave entre los ejércitos de Ruklys y el rey Kadumel.{nl}	그리고 루클리스가 카듀멜 국왕의 군대와 전투시에 가장 신경을 써야 할 핵심도 실은 이 부분에 있었다. {nl}				카듀멜 시대의 갑주
QUEST_JOBSTEP_20150317_000802	Si un bando contaba con magos y el otro no, la diferencia en tropas y equipamiento resultaba irrelevante{nl}. Se estima que el número de magos en el ejército del rey Kadumel era considerable.	전술한대로 내전기 양측의 무장과 기타 장비 그리고 병력의 차이가 무의미한 것이었다 해도, 정규군인 카듀멜 국왕의 군대에 종군하는 마법사들과 사제들의 숫자는 상당했다고 추정된다. {nl}				카듀멜 시대의 갑주
QUEST_JOBSTEP_20150317_000803	*Aunque el mentor de Ruklys se oponía a luchar contra un ejército que contaba con un número considerable de magos, la guerra era inevitable.*	비록 루클리스의 스승인 메이번이 영향력이 알게 모르게 미쳐 많은 사제들이 종군을 회피했다고는 하나 여전히 상당한 숫자의 종군사제들이 존재했으며 마법사들은 루클리스와 아무런 연분이 없었기에 많은 숫자가 자유로이 참전하였다. 				카듀멜 시대의 갑주
QUEST_JOBSTEP_20150317_000804	Por lo general, el número de soldados y su equipamiento influyen enormemente en el curso de la batalla; sin embargo, con la inclusión de magos, esto no fue así, como se demostró durante la guerra civil.	일반적 군장비와 병사로서 차이를 둘 수 없는 상황에서 마법사의 대거 참전은 전세에 많은 영향을 끼쳤어야 했으나 실제로는 내전기간의 전쟁 양상이 그렇게 되지 않았다는 것은 주지의 사실이다. {nl}				카듀멜 시대의 갑주
QUEST_JOBSTEP_20150317_000805	Este fenómeno plantea algunos problemas en el análisis del pasado{nl}. Si el rey Kadumel no hubiera utilizado adecuadamente a los magos, habría sido por su insensatez e incompetencia. En cuanto a la excepcional valentía que demostró Ruklys, podría haber otra explicación.	이 같은 현상을 두고 과거로부터 여러 가지 분석이 있었다. 마법사들을 제대로 활용하지 못한 카듀멜 국왕의 어리석음과 무능을 비판하는 시각이 있는가 하면, 루클리스의 탁월한 용맹이 모든 것을 극복했다는 식의 서술도 존재한다. {nl}				카듀멜 시대의 갑주
QUEST_JOBSTEP_20150317_000806	No todas esas perspectivas son inválidas. Sin embargo, hay algo que cabe mencionar sobre el resultado de esta investigación: el metal que Ruklys y sus seguidores usaban para sus armaduras.	그 같은 견해들이 모두 일리가 없는 것은 아니나, 본 연구의 결과는 그에 대하여 한 가지 사항을 덧붙이고자 한다. 그것은 바로 루클리스와 그의 군대가 사용한 갑주; 그 중에서도 특별히 루클리스의 갑옷에 관한 진실이다. 				카듀멜 시대의 갑주
QUEST_JOBSTEP_20150317_000807	El objetivo de la investigación es examinar por qué la magia no fue efectiva en la batalla contra Ruklys y sus seguidores.{nl}	그간의 연구결과를 살펴보건대 마법이 루클리스와 그의 추종자들에게 전투에서 효과를 발휘하지 못한 가장 큰 이유는 그들의 갑옷이 마법에 대해 극도의 내성과 저항을 지니고 있었기 때문이라는 것이 이 연구 주장의 핵심이다.{nl}				카듀멜 시대의 갑주
QUEST_JOBSTEP_20150317_000808	En otras palabras, es posible que las fuerzas de Ruklys estuvieran armadas con Mana Metal lo suficientemente poderoso como para anular los ataques mágicos de los magos.{nl}Al principio, esto puede sonar absurdo.	다시 말하면, 루클리스와 그 군대의 갑옷은 강력한 마나 메탈로 제조되어 마법사들의 공격마법을 무시할 수 있었다는 주장인 셈이다.{nl} 얼핏 이 같은 견해는 황당하게 들릴 수 있다. 				카듀멜 시대의 갑주
QUEST_JOBSTEP_20150317_000809	El hecho de que exista un metal, el Metal de Maná, con tan alta resistencia a la magia es extraño, pero si tal metal existe, entonces no podría haber habido suficiente para hacer más de un conjunto de armadura. El comandante, Ruklys, habría sido el único que usaría tal armadura, de lo contrario no tendría sentido que el Metal de Maná se distribuyera entre tantas de sus tropas.{nl}Es igualmente razonable que lo contrario fuera cierto.	마법에 대하여 그토록 강한 저항력을 갖는 마나 메탈이 존재한다는 사실이 낯설며, 설령 그런 마나 메탈이 존재한다 하더라도 그것을 지휘관인 루클리스만이 갑옷 한 벌을 만들어 있었다면 모를까 그의 부하들에게 많이 배급할 수 있었다는 것은 말도 안 된다는 것이다.{nl} 이 같은 반론은 충분히 제기될 수 있는 것이며, 무척 타당한 것이기도 하다. 				카듀멜 시대의 갑주
QUEST_JOBSTEP_20150317_000810	Si alguien escribiera sobre esto, inmediatamente se le ocurriría una objeción{nl}. Para respaldar esta afirmación, sería necesario encontrar evidencia de tal fenómeno.{nl}	설령 이 책을 쓰는 필자라 하더라도 다른 사람이 이 같은 주장을 했다면 합리적으로 생각할 때 당장 떠오르는 반론이라고 할 수 있다. {nl} 게다가 이 같은 주장을 뒷받침 하기 위해서는 우리가 익히 아는 물리적인 현상에 역행하는 또 하나의 황당한 가정을 추가해야 한다. {nl}				카듀멜 시대의 갑주
QUEST_JOBSTEP_20150317_000811	Si no hubiera llegado yo mismo a esa conclusión, no habría creído en una hipótesis tan descabellada{nl}. Lo que hemos descubierto es que este tipo particular de metal de maná no se fractura a temperaturas extremadamente frías{nl}. Otros metales aparentemente resistentes son muy vulnerables a temperaturas extremas. Por muy fuerte que sea un metal, se agrietará en muchos pedazos a bajas temperaturas.	 필자 역시 스스로 연구하여 얻은 결론이 아니었다면, 인정하기 어려운 가정이다.{nl} 그 무리한 가정은 바로 특정한 마나 메탈은 매우 낮은 온도로 얼려도 부서지지 않는다는 사실이다. 강철과 같은 금속들은 일반적으로 무척 단단하다고 여겨지지만, 실은 온도에는 무척 약하다. 아무리 강한 금속이라도 강하게 얼린다면 손톱만한 충격에도 금이 가거나 산산조각이 난다.{nl}				카듀멜 시대의 갑주
QUEST_JOBSTEP_20150317_000812	Sin embargo, el Mana Metal Ruklys recolectado no tenía tal debilidad.{nl}	그러나 루클리스가 채취하여 사용한 마나 메탈은 자연계에서 유일하게 이 같은 사실에 위배되는 성질을 지닌 마나 메탈이었다고 본다.{nl}				카듀멜 시대의 갑주
QUEST_JOBSTEP_20150317_000813	Tras visitar la ubicación de la Fortaleza de la Tierra, mi conclusión se confirmó{nl}. Se encontraron fragmentos del Metal de Maná. Creo que se usaban en batalla. Mi hipótesis es que una pequeña cantidad de Metal de Maná es suficiente para protegerse de los hechizos de área amplia del mago de los Reyes.	 대지의 요새와 그밖의 루클리스에 관련된 장소를 방문하여 내린 결론은 루클리스가 이 정체불명의 마나 메탈을 소량으로 자신의 추종자들의 무장에 사용하였고, 그런 소량의 마나 메탈로도 다수의 대상을 노리는 국왕측 마법사들의 광역마법에 충분히 방비할 수 있었다는 가설이다.{nl}				카듀멜 시대의 갑주
QUEST_JOBSTEP_20150317_000814	Centrémonos ahora en Ruklys{nl}. Según registros fidedignos, todos los ataques mágicos, incluso los de los magos reales, fueron inútiles contra Ruklys, por lo que el número de bajas siguió aumentando hasta que tuvieron que usar la flecha de Lydia Schadden. Esto respalda mi hipótesis.	 초점을 루클리스에게 돌려보면, 그에게 쏟아진 엄청난 마법들의 무용성; 특히 그의 최후의 순간에 국왕의 마법사들이 손을 놓고 있었고, 병사들의 희생만 쌓이다가 결국 리디아 샤펜의 활에 의존해야만 했다는 기록을 참조하면 이 같은 가설은 더욱 설득력을 지닌다.{nl}				카듀멜 시대의 갑주
QUEST_JOBSTEP_20150317_000815	A juzgar por las pistas descubiertas, Ruklys debería haber estado usando una armadura resistente a la magia en ese momento.{nl}{nl}Combinado con otras pistas de ese período de tiempo, la armadura que Ruklys estaba usando debe haber sido producida usando una gran cantidad de Metal de Maná.	 그외 몇 가지 발견된 단서들로 추론하면 당시 루클리스가 입었던 갑주의 마법저항력은 위에 적은 마나 메탈을 대량으로 사용하여 제조한 것이 틀림없다. {nl}{nl} 더구나 당시 크리오맨서들이 가장 적극적으로 나서서 그에게 공격을 퍼부었다는 점을 고려하면 이 갑주와 그것을 구성한 마나 메탈의 한기에 대한 저항력은 상상을 불허할 수준이라고 생각된다.				카듀멜 시대의 갑주
QUEST_JOBSTEP_20150317_000816	Así que llamaré a esto Metal de Maná 	하여 본 필자는 이 마나 메탈을 잠정적으로 				카듀멜 시대의 갑주
QUEST_JOBSTEP_20150317_000817	Hierro frío	한철				카듀멜 시대의 갑주
QUEST_JOBSTEP_20150317_000818	 temporalmente. {nl}{nl}	이라고 명명하고자 한다{nl}{nl}				카듀멜 시대의 갑주
QUEST_JOBSTEP_20150317_000819	Tipo básico	기본형				
QUEST_JOBSTEP_20150317_000820	Avance rudo [Avance bárbaro]	거친 승급[바바리안 전직]				
QUEST_JOBSTEP_20150317_000821	Aceptar la batalla con el Maestro	마스터와 전투를 받아들인다				
QUEST_JOBSTEP_20150317_000822	Evitar la batalla	전투를 피한다				
QUEST_JOBSTEP_20150317_000823	Futuro Brillante [Avance de Hoplita]	창창한 미래[하플라이트 전직]				
QUEST_JOBSTEP_20150317_000824	Aceptaré la tarea.	과제를 수행하겠다고 한다				
QUEST_JOBSTEP_20150317_000825	Misión molesta [Avance psicocinético] (1)	신경 쓰이는 임무[사이코키노 전직](1)				
QUEST_JOBSTEP_20150317_000826	Yo seré el asistente	조수가 되겠다고 한다				
QUEST_JOBSTEP_20150317_000827	No lo necesito	필요 없다고 한다				
QUEST_JOBSTEP_20150317_000828	Misión molesta [Avance psicocinético] (2)	신경 쓰이는 임무[사이코키노 전직](2)				
QUEST_JOBSTEP_20150317_000829	Revisaré los resultados de la investigación.	연구 결과를 확인해 보겠다고 한다				
QUEST_JOBSTEP_20150317_000830	Decirle que se ve algo peligroso	왠지 위험해 보인다고 한다				
QUEST_JOBSTEP_20150317_000831	Libro Inexistente [Avance de Enlazador] (1)	세상에 없던 책[링커 전직](1)				
QUEST_JOBSTEP_20150317_000832	Preparar los materiales para la prueba	시험에 필요한 재료를 준비해 준다				
QUEST_JOBSTEP_20150317_000833	Necesito más tiempo para pensar	좀 더 생각해본다				
QUEST_JOBSTEP_20150317_000834	Libro Inexistente [Avance de Enlazador] (2)	세상에 없던 책[링커 전직](2)				
QUEST_JOBSTEP_20150317_000835	Haré la prueba	시험을 치르겠다고 한다				
QUEST_JOBSTEP_20150317_000836	No estoy tan seguro de eso	자신 없다고 한다				
QUEST_JOBSTEP_20150317_000837	Conciencia Culpable [Avance de Zapador] (1)	도둑이 제 발 저린다[새퍼 전직](1)				
QUEST_JOBSTEP_20150317_000838	Entregaré el objeto en su nombre.	대신 물건을 돌려 주겠다고 한다				
QUEST_JOBSTEP_20150317_000839	Conciencia Culpable [Avance de Zapador] (2)	도둑이 제 발 저린다[새퍼 전직](2)				
QUEST_JOBSTEP_20150317_000840	Aviso/¡Entrega las cosas del Maestro Zapador a los residentes de Klaipeda! #10	Notice/클라페다 사람들에게 새퍼 마스터의 물건을 전하세요!#10				
QUEST_JOBSTEP_20150317_000841	Aviso/¡Reúne donaciones y dáselas al Maestro Clérigo! #7	Notice/성금을 모아 클레릭 마스터에게 전달!#7				
QUEST_JOBSTEP_20150317_000842	Conciencia Culpable [Avance de Zapador] (3)	도둑이 제 발 저린다[새퍼 전직](3)				
QUEST_JOBSTEP_20150317_000843	Conciencia Culpable [Avance de Zapador] (4)	도둑이 제 발 저린다[새퍼 전직](4)				
QUEST_JOBSTEP_20150317_000844	El libro de los sueños de Bower [Avance de Hunter] (1)	활이 꿈꾸는 책1[헌터 전직](1)				
QUEST_JOBSTEP_20150317_000845	Iré a buscar el libro.	책을 찾아 오겠다고 한다				
QUEST_JOBSTEP_20150317_000846	No tengo tiempo para eso	그럴 시간은 없다고 한다				
QUEST_JOBSTEP_20150317_000847	Libro de los sueños del arco [Avance del cazador] (2)	활이 꿈꾸는 책1[헌터 전직](2)				
QUEST_JOBSTEP_20150317_000848	Conseguiré el cuero y traeré el libro.	가죽을 구해 책을 받아오겠다고 한다				
QUEST_JOBSTEP_20150317_000849	Libro de los sueños del arco [Avance del cazador] (3)	활이 꿈꾸는 책1[헌터 전직](3)				
QUEST_JOBSTEP_20150317_000850	Iré al Maestro Arquero	아처 마스터에게 가 보겠다고 한다				
QUEST_JOBSTEP_20150317_000851	Libro de los sueños del arco [Avance del cazador] (4)	활이 꿈꾸는 책1[헌터 전직](4)				
QUEST_JOBSTEP_20150317_000852	Yo entregaré la bolsa	주머니를 전하겠다고 한다				
QUEST_JOBSTEP_20150317_000853	El libro de los sueños del arco 2 [Avance del tirador de quarrel] (1)	활이 꿈꾸는 책2[쿼렐슈터 전직](1)				
QUEST_JOBSTEP_20150317_000854	El libro de los sueños del arco 2 [Avance del tirador de quarre] (2)	활이 꿈꾸는 책2[쿼렐슈터 전직](2)				
QUEST_JOBSTEP_20150317_000855	Yo pagaré el libro.	책 값을 대신 치르겠다고 한다				
QUEST_JOBSTEP_20150317_000856	Tampoco tengo dinero	나도 돈이 없다고 한다				
QUEST_JOBSTEP_20150317_000857	El libro de los sueños del arco 2 [Avance del tirador de quarre] (3)	활이 꿈꾸는 책2[쿼렐슈터 전직](3)				
QUEST_JOBSTEP_20150317_000858	Iré al Maestro Arquero	아처 마스터에게 다녀 오겠다고 한다				
QUEST_JOBSTEP_20150317_000859	Voy a renunciar aquí	그만두겠다고 한다				
QUEST_JOBSTEP_20150317_000860	El libro de los sueños del arco 2 [Avance del tirador de quarre] (4)	활이 꿈꾸는 책2[쿼렐슈터 전직](4)				
QUEST_JOBSTEP_20150317_000861	Libro de los Sueños del Arco 3 [Avance del Arquero] (1)	활이 꿈꾸는 책3[아처 전직](1)				
QUEST_JOBSTEP_20150317_000862	Lo volveré a conseguir más tarde.	나중에 다시 오겠다고 한다				
QUEST_JOBSTEP_20150317_000863	Libro de los Sueños del Arco 3 [Avance del Arquero] (2)	활이 꿈꾸는 책3[아처 전직](2)				
QUEST_JOBSTEP_20150317_000864	Necesito tiempo para preparar dinero para el libro	책 값을 준비해 올 시간을 달라고 한다				
QUEST_JOBSTEP_20150317_000865	Libro de los Sueños del Arco 3 [Avance del Arquero] (3)	활이 꿈꾸는 책3[아처 전직](3)				
QUEST_JOBSTEP_20150317_000866	Necesito algo de tiempo para prepararme	잠시 준비할 시간을 달라고 한다				
QUEST_JOBSTEP_20150317_000867	Libro de los Sueños del Arco 3 [Avance del Arquero] (4)	활이 꿈꾸는 책3[아처 전직](4)				
QUEST_JOBSTEP_20150317_000868	El libro de los sueños del arco 4 [Avance de guardabosques] (1)	활이 꿈꾸는 책4[레인저 전직](1)				
QUEST_JOBSTEP_20150317_000869	El libro de los sueños del arco 4 [Avance de guardabosques] (2)	활이 꿈꾸는 책4[레인저 전직](2)				
QUEST_JOBSTEP_20150317_000870	El libro de los sueños del arco 4 [Avance de guardabosques] (3)	활이 꿈꾸는 책4[레인저 전직](3)				
QUEST_JOBSTEP_20150317_000871	El libro de los sueños del arco 4 [Avance de guardabosques] (4)	활이 꿈꾸는 책4[레인저 전직](4)				
QUEST_JOBSTEP_20150317_000872	¿Cómo se utiliza?	어떻게 이용할 지 묻는다				
QUEST_JOBSTEP_20150317_000873	El libro de los sueños del arco 4 [Avance de guardabosques] (5)	활이 꿈꾸는 책4[레인저 전직](5)				
QUEST_JOBSTEP_20150317_000874	El Mejor Material [Avance de Dievdirbys]	최고의 소재[딥디르비 전직]				
QUEST_JOBSTEP_20150317_000875	¿Dónde se encuentran los cristales?	수정을 어디서 찾을 수 있는지 물어본다				
QUEST_JOBSTEP_20150317_000876	Escudo sobre Flores [Avance de Highlander] (1)	꽃보다 방패[하이랜더 전직](1)				
QUEST_JOBSTEP_20150317_000877	¿Cuál es la misión?	임무가 무엇인지 묻는다				
QUEST_JOBSTEP_20150317_000878	Escudo sobre Flores [Avance de Highlander] (2)	꽃보다 방패[하이랜더 전직](2)				
QUEST_JOBSTEP_20150317_000879	Deber del Pacto [Avance de Peltasta] (1)	맹약에 대한 도리[펠타스타 전직](1)				
QUEST_JOBSTEP_20150317_000880	Iré a reunirme con el líder de los Caballeros, Uska.	기사단장 우스카에게 가보겠다고 한다				
QUEST_JOBSTEP_20150317_000881	Deber del Pacto [Avance de Peltasta] (2)	맹약에 대한 도리[펠타스타 전직](2)				
QUEST_JOBSTEP_20150317_000882	Buscaré al Escuadrón de Reconocimiento	정찰부대를 찾아보겠다 한다				
QUEST_JOBSTEP_20150317_000883	Deber del Pacto [Avance de Peltasta] (3)	맹약에 대한 도리[펠타스타 전직](3)				
QUEST_JOBSTEP_20150317_000884	Aviso/¡Busquemos al Escuadrón de Reconocimiento siguiendo los rastros!#5	Notice/흔적을 따라 정찰부대를 찾자!#5				
QUEST_JOBSTEP_20150317_000885	Deber del Pacto [Avance de Peltasta] (4)	맹약에 대한 도리[펠타스타 전직](4)				
QUEST_JOBSTEP_20150317_000886	Esencia del Fuego [Avance de Piromante]	불의 정수[파이로맨서 전직]				
QUEST_JOBSTEP_20150317_000887	Recogeré las energías del fuego para ti.	불의 기운을 모아 오겠다고 한다				
QUEST_JOBSTEP_20150317_000888	Leyenda del Hierro Frío [Avance de Criomante] (1)	한철의 전설[크리오맨서 전직](1)				
QUEST_JOBSTEP_20150317_000889	Leyenda del Hierro Frío [Avance de Criomante] (2)	한철의 전설[크리오맨서 전직](2)				
QUEST_JOBSTEP_20150317_000890	Intentaré encontrarlos	찾아보겠다고 한다				
QUEST_JOBSTEP_20150317_000891	Lo desearé la próxima vez.	나중을 기약한다				
QUEST_JOBSTEP_20150317_000892	Misión religiosa [Krivis Advancement]	종단임무[크리비 전직]				
QUEST_JOBSTEP_20150317_000893	Ofreceré oraciones.	봉헌 기도를 올리겠다고 한다				
QUEST_JOBSTEP_20150317_000894	El origen del físico [Avance del espadachín]	현장 체질[소드맨 전직]				
QUEST_JOBSTEP_20150317_000895	¿Cómo se alcanza la iluminación?	깨달음을 얻을 수 있는 방법에 대해 묻는다				
QUEST_JOBSTEP_20150317_000896	Regresaré más tarde	나중에 다시 찾아 오겠다고 한다				
QUEST_JOBSTEP_20150317_000897	Exorcismo [Avance de Sacerdote]	퇴마록[프리스트 전직]				
QUEST_JOBSTEP_20150317_000898	Yo realizaré el exorcismo.	퇴마를 행하겠다 한다				
QUEST_JOBSTEP_20150317_000899	El Trabajo Duro no Traiciona [Avance de Mago] (1)	노력은 배신하지 않는다[위저드 전직](1)				
QUEST_JOBSTEP_20150317_000900	Ayudaré con la investigación.	연구를 돕겠다고 한다				
QUEST_JOBSTEP_20150317_000901	El Trabajo Duro no Traiciona [Avance de Mago] (2)	노력은 배신하지 않는다[위저드 전직](2)				
QUEST_JOBSTEP_20150317_000902	Iré y usaré el pergamino para recopilar datos.	자료 축적용 스크롤을 사용하고 오겠다고 한다				
QUEST_JOBSTEP_20150317_000903	Agua Bendita Perfecta [Avance de Clérigo] (1)	완벽한 성수[클레릭 전직](1)				
QUEST_JOBSTEP_20150317_000904	Yo trataré a los pacientes.	환자를 치료하겠다고 한다				
QUEST_JOBSTEP_20150317_000905	Agua Bendita Perfecta [Avance de Clérigo] (2)	완벽한 성수[클레릭 전직](2)				
QUEST_JOBSTEP_20150317_000906	Aviso/¡Atendamos a los pacientes de la Aldea Minera de Siauliai!#5	Notice/샤울레이 광산 마을의 환자를 치료하자!#5				
QUEST_JOBSTEP_20150317_000907	Suerte de las Hojas de Lanza [Avance de Hoplita]	창날 위에 선 행운[하플라이트 전직]				
QUEST_JOBSTEP_20150317_000908	Estoy de acuerdo	동의한다고 한다				
QUEST_JOBSTEP_20150317_000909	No estoy de acuerdo	동의하지 않는다고 한다				
QUEST_JOBSTEP_20150317_000910	Demonio Desafortunado [Avance de Psychokino]	불운한 마족[사이코키노 전직]				
QUEST_JOBSTEP_20150317_000911	Obtendré la esencia del demonio.	마족의 정수를 구해 오겠다고 한다				
QUEST_JOBSTEP_20150317_000912	Secreto de los Fletcher [Avance de Quarrel Shooter] (1)	플레쳐의 비법[쿼렐슈터 전직](1)				
QUEST_JOBSTEP_20150317_000913	De acuerdo, te ayudaré.	도와주겠다고 한다				
QUEST_JOBSTEP_20150317_000914	Secreto de los Fletcher [Avance de Quarrel Shooter] (2)	플레쳐의 비법[쿼렐슈터 전직](2)				
QUEST_JOBSTEP_20150317_000915	Dime dónde viste el mapa.	지도를 본 곳을 알려달라고 한다				
QUEST_JOBSTEP_20150317_000916	No creo que mi fuerza sea suficiente.	왠지 내 힘으론 부족할 것 같다고 한다				
QUEST_JOBSTEP_20150317_000917	Completista de Fedimian [Avance de Arquero] (1)	페디미안의 보완자[아처 전직](1)				
QUEST_JOBSTEP_20150317_000918	Iré a buscar al Maestro Rodelero	로델레로 마스터를 찾아 가겠다고 한다				
QUEST_JOBSTEP_20150317_000919	Completista de Fedimian [Avance de Arquero] (2)	페디미안의 보완자[아처 전직](2)				
QUEST_JOBSTEP_20150317_000920	Lo derrotaré	처치하겠다고 한다				
QUEST_JOBSTEP_20150317_000921	Suena demasiado peligroso	너무 위험한 것 같다고 한다				
QUEST_JOBSTEP_20150317_000922	Completista de Fedimian [Avance de Arquero] (3)	페디미안의 보완자[아처 전직](3)				
QUEST_JOBSTEP_20150317_000923	Investigador de Fedimian [Avance de Guardabosques] (1)	페디미안의 탐문자[레인저 전직](1)				
QUEST_JOBSTEP_20150317_000924	Iré al Maestro Escudero en Fedimian	페디미안의 스콰이어 마스터를 찾아 가겠다고 한다				
QUEST_JOBSTEP_20150317_000925	Investigador de Fedimian [Avance de Guardabosques] (2)	페디미안의 탐문자[레인저 전직](2)				
QUEST_JOBSTEP_20150317_000926	¿Dónde?	알려준 위치를 묻는다				
QUEST_JOBSTEP_20150317_000927	Movimiento Cuidadoso [Avance de Zapador] (1)	조심스런 행보[새퍼 전직](1)				
QUEST_JOBSTEP_20150317_000928	Conseguir los materiales necesarios	필요한 재료를 구해다 준다				
QUEST_JOBSTEP_20150317_000929	Movimiento Cuidadoso [Avance de Zapador] (2)	조심스런 행보[새퍼 전직](2)				
QUEST_JOBSTEP_20150317_000930	Iré a hacer la prueba.	테스트를 해 보고 오겠다고 한다				
QUEST_JOBSTEP_20150317_000931	Carta Oculta [Avance de Bokor]	숨은 카드[보코르 전직]				
QUEST_JOBSTEP_20150317_000932	Recogeré las tarjetas.	카드를 모아 오겠다고 한다				
QUEST_JOBSTEP_20150317_000933	Encontrando el Modelo [Avance de Dievdirbys] (1)	모델 찾기[딥디르비 전직](1)				
QUEST_JOBSTEP_20150317_000934	Te traeré un gato	고양이를 데려 오겠다고 한다				
QUEST_JOBSTEP_20150317_000935	Encontrando el Modelo [Avance de Dievdirbys] (2)	모델 찾기[딥디르비 전직](2)				
QUEST_JOBSTEP_20150317_000936	Buscaré rastros de tu padre.	아버지의 행적을 알아봐주겠다고 한다				
QUEST_JOBSTEP_20150317_000937	Qué lástima, pero paso	안됬지만 거절한다				
QUEST_JOBSTEP_20150317_000938	Encontrando el Modelo [Avance de Dievdirbys] (3)	모델 찾기[딥디르비 전직](3)				
QUEST_JOBSTEP_20150317_000939	Vamos a atrapar un gato	고양이를 잡으러 가자				
QUEST_JOBSTEP_20150317_000940	Descansemos antes de atrapar al gato.	조금 쉬었다가 잡으러 가자				
QUEST_JOBSTEP_20150317_000941	Atracción/#SITGROPESET2/2/TRACK_BEFORE/Ninguno	유인 중/#SITGROPESET2/2/TRACK_BEFORE/None				
QUEST_JOBSTEP_20150317_000942	¡Atención! ¡El gato está mostrando interés!	Notice/고양이가 관심을 보입니다!				
QUEST_JOBSTEP_20150317_000943	Donde Brilla el Sol [Avance de Piromante] (1)	태양이 비출 자리[파이로맨서 전직](1)				
QUEST_JOBSTEP_20150317_000944	Lo haré	하겠다고 한다				
QUEST_JOBSTEP_20150317_000945	Donde Brilla el Sol [Avance de Piromante] (2)	태양이 비출 자리[파이로맨서 전직](2)				
QUEST_JOBSTEP_20150317_000946	Aviso: ¡Coloca la maceta del sol en el centro de la sala de lectura! #8	Notice/열람실 중앙에 태양의 항아리를 잘 놓아두세요!#8				
QUEST_JOBSTEP_20150317_000947	El misterio del hierro frío [Avance del criomante]	한철의 신비[크리오맨서 전직]				
QUEST_JOBSTEP_20150317_000948	Acepto las condiciones	조건을 수락한다				
QUEST_JOBSTEP_20150317_000949	Guardián de Fedimian [Avance de mago] (1)	페디미안의 수호자[위저드 전직](1)				
QUEST_JOBSTEP_20150317_000950	Haré cualquier cosa por la magia.	마법을 위해서라면 뭐든 하겠다고 한다				
QUEST_JOBSTEP_20150317_000951	Volveré más tarde	나중에 다시 찾아 온다				
QUEST_JOBSTEP_20150317_000952	Guardián de Fedimian [Avance de mago] (2)	페디미안의 수호자[위저드 전직](2)				
QUEST_JOBSTEP_20150317_000953	Vocación de Tratamiento [Avance Clérigo]	치유의 사명[클레릭 전직]				
QUEST_JOBSTEP_20150317_000954	Yo trataré a la gente	사람들을 치료해주겠다고 한다				
QUEST_JOBSTEP_20150317_000955	Asignación de Magia [Avance de Hechicero]	마법의 과제[소서러 전직]				
QUEST_JOBSTEP_20150317_000956	Aceptar el duelo con el Maestro	마스터와 대련을 받아들인다				
QUEST_JOBSTEP_20150317_000957	Evitar el duelo	대련을 피한다				
QUEST_JOBSTEP_20150317_000958	Demuestra que Realmente Puedes Luchar [Avance de Nigromante]	실전 증명[네크로맨서 전직]				
QUEST_JOBSTEP_20150317_000959	Entrenamiento de la Gran Naturaleza [Avance Druídico]	대자연의 단련[드루이드 전직]				
QUEST_JOBSTEP_20150317_000960	Aceptaré el duelo.	대련하겠다고 한다				
QUEST_JOBSTEP_20150317_000961	Lecciones de supervivencia [El avance bárbaro]	생존의 가르침[바바리안 전직]				
QUEST_JOBSTEP_20150317_000962	Conexión [Avance del enlazador]	연결[링커 전직]				
QUEST_JOBSTEP_20150317_000963	Hablar con el Arco [Avance de Cazador]	활로만 말한다[헌터 전직]				
QUEST_JOBSTEP_20150317_000964	Duelo con el Maestro	마스터와 대련하도록 한다				
QUEST_JOBSTEP_20150317_000965	Libertad y Valor [Avance de Highlander]	자유와 용기[하이랜더 전직]				
QUEST_JOBSTEP_20150317_000966	Demostraré mis habilidades	실력을 증명하겠다고 한다				
QUEST_JOBSTEP_20150317_000967	Eso suena peligroso	위험할 것 같다고 한다				
QUEST_JOBSTEP_20150317_000968	Demuestra que eres el dueño del escudo [Avance Peltasta]	방패의 주인 증명[펠타스타 전직]				
QUEST_JOBSTEP_20150317_000969	Lo demostraré	증명하겠다고 한다				
QUEST_JOBSTEP_20150317_000970	Tengo miedo, así que paso.	무서우니 피하겠다고 한다				
QUEST_JOBSTEP_20150317_000971	Fe Inquebrantable [Avance de Krivis]	부동의 신앙심[크리비 전직]				
QUEST_JOBSTEP_20150317_000972	Lo demostraré mediante un duelo.	대련으로 인정 받겠다고 한다				
QUEST_JOBSTEP_20150317_000973	Formación para la Santidad [Avance Sacerdotal]	신성을 향한 단련[프리스트 전직]				
QUEST_JOBSTEP_20150317_000974	Prueba de las Espadas [Avance del Espadachín]	칼날 위의 시험[소드맨 전직]				
QUEST_JOBSTEP_20150317_000975	Derrotaré al Minotauro.	미노타우로스를 처치하겠다고 한다				
QUEST_JOBSTEP_20150317_000976	La prueba de Alcor [Ascenso de centurión]	알코어의 시련[센츄리온 전직]				
QUEST_JOBSTEP_20150317_000977	Duelo del Alma [Avance de Sadhu]	영혼의 대련[사두 전직]				
QUEST_JOBSTEP_20150317_000978	Herrador y Funeral [Avance de Hackapell]	장제사냐 장례사냐[하카펠 전직]				
QUEST_JOBSTEP_20150317_000979	Aceptaré el duelo.	대련을 받아들이겠다고 한다				
QUEST_JOBSTEP_20150317_000980	Ritual de Paso del Viento [Avance de Wugushi]	바람의 통과의례[무고사 전직]				
QUEST_JOBSTEP_20150317_000981	El Mejor Ataque es una Buena Defensa [Avance de Rodelero]	최선의 공격은 최고의 방어[로델레로 전직]				
QUEST_JOBSTEP_20150317_000982	Yo traeré el escudo mejorado.	강화된 방패를 가져오겠다고 한다				
QUEST_JOBSTEP_20150317_000983	Determinación de la Espada [Avance del Escudero]	검을 대하는 각오[스콰이어 전직]				
QUEST_JOBSTEP_20150317_000984	Aceptaré el duelo.	대련 신청을 받아들인다				
QUEST_JOBSTEP_20150317_000985	Conocimiento del Mago [Avance de Taumaturgo]	마법사의 남겨진 지식[쏘마터지 전직]				
QUEST_JOBSTEP_20150317_000986	¿Cuál es el favor?	부탁이 무엇인지 물어보자				
QUEST_JOBSTEP_20150317_000987	El camino para convertirse en Mago [Avance de Elementalista]	마법사가 되는 방법[엘레멘탈리스트 전직]				
QUEST_JOBSTEP_20150317_000988	Reconocimiento de Rimgaile [Avance de Explorador] 	림가일레의 인정[스카우트 전직]				
QUEST_JOBSTEP_20150317_000989	Aceptar el duelo con el Maestro	마스터의 대련 신청을 받아들인다				
QUEST_JOBSTEP_20150317_000990	Camino de la Diosa [Avance de Paladín]	여신을 위하는 길[팔라딘 전직]				
QUEST_JOBSTEP_20150317_000991	Mirando a través de [Avance de catafractos]	꿰뚫는 자[캐터프랙트 전직]				
QUEST_JOBSTEP_20150317_000992	Te mostraré mis habilidades	실력을 보여주겠다고 한다				
QUEST_JOBSTEP_20150317_000993	El foco de atención [Avance del espadachín]	관심을 한 몸에[소드맨 전직]				
QUEST_JOBSTEP_20150317_000994	Espada para el Pueblo y Escudo [Avance de Highlander] (1)	국민과 방패를 위한 검[하이랜더 전직](1)				
QUEST_JOBSTEP_20150317_000995	Ayudaré a la Maestra Peltasta	펠타스타 마스터를 돕겠다고 한다				
QUEST_JOBSTEP_20150317_000996	Espada para el Pueblo y Escudo [Avance de Highlander] (2)	국민과 방패를 위한 검[하이랜더 전직](2)				
QUEST_JOBSTEP_20150317_000997	Ayudaré al Comandante de Caballeros Uska	기사단장 우스카를 돕겠다고 한다				
QUEST_JOBSTEP_20150317_000998	Espada para el Pueblo y Escudo [Avance de Highlander] (3)	국민과 방패를 위한 검[하이랜더 전직](3)				
QUEST_JOBSTEP_20150317_000999	Iré a Crystal Mine 2F	수정광산 2층으로 가 보겠다고 한다				
QUEST_JOBSTEP_20150317_001000	Espada para el Pueblo y Escudo [Avance de Highlander] (4)	국민과 방패를 위한 검[하이랜더 전직](4)				
QUEST_JOBSTEP_20150317_001001	Regresaré con el Maestro Highlander	하이랜더 마스터에게 돌아가 보겠다고 한다				
QUEST_JOBSTEP_20150317_001002	Volveré dentro de un tiempo.	잠시 후에 다시 오겠다고 한다				
QUEST_JOBSTEP_20150317_001003	Perturbación de la Bestia Alada [Avance de Peltasta] (1)	날짐승의 방해[펠타스타 전직](1)				
QUEST_JOBSTEP_20150317_001004	Acepto la solicitud	의뢰를 받아들인다고 한다				
QUEST_JOBSTEP_20150317_001005	Perturbación de la Bestia Alada [Avance de Peltasta] (2)	날짐승의 방해[펠타스타 전직](2)				
QUEST_JOBSTEP_20150317_001006	Iré a buscar al Maestro Fletcher	플레쳐 마스터를 찾아가겠다고 한다				
QUEST_JOBSTEP_20150317_001007	Perturbación de la Bestia Alada [Avance de Peltasta] (3)	날짐승의 방해[펠타스타 전직](3)				
QUEST_JOBSTEP_20150317_001008	¿Hay alguna otra manera?	그래도 어떻게 안되겠냐고 하소연해본다				
QUEST_JOBSTEP_20150317_001009	Rendirse	포기한다				
QUEST_JOBSTEP_20150317_001010	Perturbación de la Bestia Alada [Avance de Peltasta] (4)	날짐승의 방해[펠타스타 전직](4)				
QUEST_JOBSTEP_20150317_001011	Regresaré con la Maestra Peltasta	펠타스타 마스터에게 돌아가 보겠다고 한다				
QUEST_JOBSTEP_20150317_001012	Pirata en Tierra [Avance de Corsario]	육지로 나온 해적[커세어 전직]				
QUEST_JOBSTEP_20150317_001013	Recuperaré todo	물건을 되찾아 오겠다고 한다				
QUEST_JOBSTEP_20150317_001014	Muro de Espada y Escudo [Avance de Rodelero]	검과 방패의 벽[로델레로 전직]				
QUEST_JOBSTEP_20150317_001015	Aceptar el duelo con el Maestro	마스터와의 대련을 받아들인다				
QUEST_JOBSTEP_20150317_001016	La Primera Flecha [Avance de Arquero] (1)	첫 번째 화살[아처 전직](1)				
QUEST_JOBSTEP_20150317_001017	Iré al Maestro Fletcher	플레쳐 마스터에게 가보겠다고 한다				
QUEST_JOBSTEP_20150317_001018	La Primera Flecha [Avance de Arquero] (2)	첫 번째 화살[아처 전직](2)				
QUEST_JOBSTEP_20150317_001019	Iré a buscar algunas piedras de carbón de buena calidad.	질 좋은 숫돌을 구해 오겠다고 한다				
QUEST_JOBSTEP_20150317_001020	La Primera Flecha [Avance de Arquero] (3)	첫 번째 화살[아처 전직](3)				
QUEST_JOBSTEP_20150317_001021	Regresaré con el Maestro Arquero	아처 마스터에게 돌아가 보겠다고 한다				
QUEST_JOBSTEP_20150317_001022	Iré en un rato	조금만 더 있다 간다고 한다				
QUEST_JOBSTEP_20150317_001023	Rastros de la Sombra [Avance de Guardabosques]	그림자의 발자취[레인저 전직]				
QUEST_JOBSTEP_20150317_001024	Aceptar la solicitud	의뢰를 받아 들이겠다고 한다				
QUEST_JOBSTEP_20150317_001025	Preparativos para la Crisis [Avance de Zapador]	위기예습[새퍼 전직]				
QUEST_JOBSTEP_20150317_001026	Iré al Bosque de la Bandera del Atardecer.	해진깃발 숲으로 가겠다고 한다				
QUEST_JOBSTEP_20150317_001027	Sonido de la Madera [Avance de Fletcher]	소리나는 나무[플레쳐 전직]				
QUEST_JOBSTEP_20150317_001028	¿Cómo puedo conseguir eso?	어떻게 하면 구할 수 있을지 물어본다				
QUEST_JOBSTEP_20150317_001029	Estándares de caza [Avance del cazador]	사냥의 정석[헌터 전직]				
QUEST_JOBSTEP_20150317_001030	Cazaré a las madres monstruo.	어미 몬스터를 사냥하고 오겠다고 한다				
QUEST_JOBSTEP_20150317_001031	Venenos para Usar [Avance de Wugushi]	일용할 맹독[무고사 전직]				
QUEST_JOBSTEP_20150317_001032	Recogeré el veneno	독을 모아 오겠다고 한다				
QUEST_JOBSTEP_20150317_001033	Lo siento, es demasiado peligroso	위험하니 거절한다				
QUEST_JOBSTEP_20150317_001034	En la Palma de la Mano [Avance de Explorador]	손바닥 안[스카우트 전직]				
QUEST_JOBSTEP_20150317_001035	En busca de la leyenda [Avance de tirador de precisión]	전설을 찾아서[쿼렐슈터 전직]				
QUEST_JOBSTEP_20150317_001036	Haré un calco	탁본을 떠 오겠다고 한다				
QUEST_JOBSTEP_20150317_001037	Una ráfaga [Avance de pícaro]	한바탕[로그 전직]				
QUEST_JOBSTEP_20150317_001038	Aceptaré la prueba.	시험을 받아들인다				
QUEST_JOBSTEP_20150317_001039	Demostración de habilidades [Avance de los hoplitas]	능력증명[하플라이트 전직]				
QUEST_JOBSTEP_20150317_001040	Demostrando cualificación [Avance bárbaro]	자격증명[바바리안 전직]				
QUEST_JOBSTEP_20150317_001041	Primero derrotaré a Yekub.	예쿱을 먼저 처치하고 오겠다고 한다				
QUEST_JOBSTEP_20150317_001042	Gran Captura [Avance de Escudero]	월척[스콰이어 전직]				
QUEST_JOBSTEP_20150317_001043	Volveré después del entrenamiento.	연습해 오겠다고 한다				
QUEST_JOBSTEP_20150317_001044	Centro de la Formación [Avance del Centurión]	대형의 중심[센츄리온 전직]				
QUEST_JOBSTEP_20150317_001045	Puntería [Avance de Arquero]	겨냥[아처 전직]				
QUEST_JOBSTEP_20150317_001046	Aceptaré la prueba.	시험을 받아들이겠다고 한다				
QUEST_JOBSTEP_20150317_001047	100 Disparos 100 Aciertos [Avance de Guardabosques]	백발백중[레인저 전직]				
QUEST_JOBSTEP_20150317_001048	Atraparé al Reaverpede	리버피드를 잡겠다고 한다				
QUEST_JOBSTEP_20150317_001049	Dignidad perdida [Avance de tirador de precisión]	구겨진 체면[쿼렐슈터 전직]				
QUEST_JOBSTEP_20150317_001050	Iré y los derrotaré.	해치우고 오겠다고 한다				
QUEST_JOBSTEP_20150317_001051	Suministrar las Partes de la Trampa [Avance de Zapador]	함정부품 조달[새퍼 전직]				
QUEST_JOBSTEP_20150317_001052	Estado de Pereza [Avance de Cazador]	게으른 상대[헌터 전직]				
QUEST_JOBSTEP_20150317_001053	Cazaré al Minotauro.	미노타우로스를 사냥하겠다고 한다				
QUEST_JOBSTEP_20150317_001054	Rapidez [Avance de Wugushi]	날렵한 솜씨[무고사 전직]				
QUEST_JOBSTEP_20150317_001055	Derrotaré a Rajatoad	라자토드를 처치하겠다고 한다				
QUEST_JOBSTEP_20150317_001056	Si tienes la cola demasiado larga, te atraparán. [Avance de explorador]	꼬리가 길면 잡힌다[스카우트 전직]				
QUEST_JOBSTEP_20150317_001057	Dame una misión para demostrar mis habilidades.	실력을 증명할 수 있는 과제를 달라고 한다				
QUEST_JOBSTEP_20150317_001058	Volveré más tarde	다음에 다시 찾아 오겠다고 한다				
QUEST_JOBSTEP_20150317_001059	Pisa la cola [Avance de pícaro]	꼬리밟기[로그 전직]				
QUEST_JOBSTEP_20150317_001060	Aceptaré el duelo.	대련을 받아 들인다				
QUEST_JOBSTEP_20150317_001061	Rechazo tu petición de duelo.	대련을 거절한다				
QUEST_JOBSTEP_20150317_001062	Piedra Inflamable [Avance de Fletcher]	잘 타는 돌맹이[플레쳐 전직]				
QUEST_JOBSTEP_20150317_001063	Traeré piedras que se puedan quemar fácilmente.	잘 타는 돌멩이를 구해 오겠다고 한다				
QUEST_JOBSTEP_20150317_001064	Reclutando Retador [Avance de Schwarzer Reiter]	도전자 모집[슈바르츠라이터 전직]				
QUEST_JOBSTEP_20150317_001065	Aceptar el duelo	결투를 받아 들인다				
QUEST_JOBSTEP_20150317_001066	Materiales para Medicina [Avance Clérigo]	치유약 재료[클레릭 전직]				
QUEST_JOBSTEP_20150317_001067	¿Qué tengo que hacer?	어떻게 하면 되는지 묻는다				
QUEST_JOBSTEP_20150317_001068	Necesito más tiempo para pensar	좀 더 생각해 보겠다고 한다				
QUEST_JOBSTEP_20150317_001069	Recolectando Estambre de Flor Silvestre/#SITGROPESET/3/TRACK_BEFORE/None	야생화 꽃술 채집 중/#SITGROPESET/3/TRACK_BEFORE/None				
QUEST_JOBSTEP_20150317_001070	Recuperar la Ofrenda Sagrada [Avance de Krivis]	성물 회수[크리비 전직]				
QUEST_JOBSTEP_20150317_001071	Recogeré la ofrenda sagrada del centro del pueblo.	중심시가에서 성물을 되찾아 오겠다고 한다				
QUEST_JOBSTEP_20150317_001072	Purificar Aura Maligna [Avance de Sacerdote]	사악한 기운 정화[프리스트 전직]				
QUEST_JOBSTEP_20150317_001073	Los derrotaré	퇴마하겠다고 한다				
QUEST_JOBSTEP_20150317_001074	Muñeca chamánica [Avance Bokor]	주술 인형[보코르 전직]				
QUEST_JOBSTEP_20150317_001075	Obtendré la esencia	정수를 구해 오겠다고 한다				
QUEST_JOBSTEP_20150317_001076	Búsqueda de materiales [Avance de Dievdirbys]	재료 찾기[딥디르비 전직]				
QUEST_JOBSTEP_20150317_001077	Yo te conseguiré los materiales.	재료를 구해다 주겠다고 한다				
QUEST_JOBSTEP_20150317_001078	La causa del Insomnio [Avance de Sadhu]	수면 장애의 원인[사두 전직]				
QUEST_JOBSTEP_20150317_001079	Te ayudaré	돕겠다고 한다				
QUEST_JOBSTEP_20150317_001080	Demostrando la fe [Avance de Paladín]	신앙 증명[팔라딘 전직]				
QUEST_JOBSTEP_20150317_001081	Puedo hacer cualquier cosa	뭐든 할 수 있다고 한다				
QUEST_JOBSTEP_20150317_001082	Blitz [Avance de Monje]	속전속결[몽크 전직]				
QUEST_JOBSTEP_20150317_001083	Yo traeré las pruebas	증거를 가져 오겠다고 한다				
QUEST_JOBSTEP_20150317_001084	Precio por la Indulgencia Perdida [Avance de Indulgenciario]	잃어버린 면죄부의 대가[파드너 전직]				
QUEST_JOBSTEP_20150317_001085	Te haré el pago	대금을 찾아 주겠다고 한다				
QUEST_JOBSTEP_20150317_001086	Revisando el vagón/FABRICANDO/3/TRAYECTORIA_ANTES/Ninguno	수레 확인 중/MAKING/3/TRACK_BEFORE/None				
QUEST_JOBSTEP_20150317_001087	Elección del asesor [Avance de Oracle]	조언자의 선택[오라클 전직]				
QUEST_JOBSTEP_20150317_001088	Purificación de Energía Maligna [Avance Sacerdotal]	마기 정화[프리스트 전직]				
QUEST_JOBSTEP_20150317_001089	Pasaré por el juicio	시련을 수행하겠다고 한다				
QUEST_JOBSTEP_20150317_001090	Salvar la Ofrenda Sagrada [Avance de Krivis]	성물 구출[크리비 전직]				
QUEST_JOBSTEP_20150317_001091	Encontraré al hermano Krivis.	크리비 형제를 찾겠다고 한다				
QUEST_JOBSTEP_20150317_001092	KnickingKNOCK/1/TRACK_BEFORE/None	노크 중/KNOCK/1/TRACK_BEFORE/None				
QUEST_JOBSTEP_20150317_001093	Sendero del espadachín [Avance del espadachín]	소드맨의 길[소드맨 전직]				
QUEST_JOBSTEP_20150317_001094	Recogeré el corazón de la Orca de Piedra.	스톤오르카의 심장을 모아오겠다고 한다				
QUEST_JOBSTEP_20150317_001095	Grado de Mago [Avance de Mago]	위저드의 정도[위저드 전직]				
QUEST_JOBSTEP_20150317_001096	Demostrando Habilidades [Avance de Arquero]	실력 증명[아처 전직]				
QUEST_JOBSTEP_20150317_001097	Aceptaré el desafío.	도전해 보겠다고 한다				
QUEST_JOBSTEP_20150317_001098	Collar de la Salvación [Avance de Clérigo]	구원의 목걸이[클레릭 전직]				
QUEST_JOBSTEP_20150317_001099	Recogeré el ungüento verde	녹색 고약을 모아 오겠다고 한다				
QUEST_JOBSTEP_20150317_001100	Entrega de la Ofrenda Sagrada [Avance de Krivis]	성물 배달[크리비 전직]				
QUEST_JOBSTEP_20150317_001101	Introducción del Alma [Avance Bokor]	영혼에의 입문 [보코르 전직]				
QUEST_JOBSTEP_20150317_001102	Haré la muñeca	인형을 만들어 오겠다고 한다				
QUEST_JOBSTEP_20150317_001103	Tomando el Camino Correcto [Avance de Peltasta]	정도 입문 [펠타스타 전직]				
QUEST_JOBSTEP_20150317_001104	Realizaré la tarea.	입문 과제를 수행하겠다고 한다				
QUEST_JOBSTEP_20150317_001105	Resolver el Problema [Avance de Highlander]	근심해결 [하이랜더 전직]				
QUEST_JOBSTEP_20150317_001106	Regresaré más tarde	나중에 다시 찾아오겠다고 한다				
QUEST_JOBSTEP_20150317_001107	Pregunta académica [Avance del piromante]	학구적 질문 [파이로맨서 전직]				
QUEST_JOBSTEP_20150317_001108	Volveré la próxima vez.	다음에 다시 찾아오겠다고 한다				
QUEST_JOBSTEP_20150317_001109	Robo histórico [Avance del criomante]	사적 절취 [크리오맨서 전직]				
QUEST_JOBSTEP_20150317_001110	Aviso/Casilla vacía	Notice/빈 상자				
QUEST_JOBSTEP_20150317_001111	Senda del Sanador [Avance de Clérigo](1)	치유사의 길[클레릭 전직](1)				
QUEST_JOBSTEP_20150317_001112	Iré al Maestro Centurión	센츄리온 마스터에게 가 보겠다고 한다				
QUEST_JOBSTEP_20150317_001113	Está demasiado lejos	너무 멀다고 한다				
QUEST_JOBSTEP_20150317_001114	Sendero del Sanador [Avance de Clérigo](2)	치유사의 길[클레릭 전직](2)				
QUEST_JOBSTEP_20150317_001115	Recogeré Nocotias	니코티아를 채집하겠다고 한다				
QUEST_JOBSTEP_20150317_001116	Simplemente volveré	그냥 돌아가겠다고 한다				
QUEST_JOBSTEP_20150317_001117	Sendero del Sanador [Avance de Clérigo](3)	치유사의 길[클레릭 전직](3)				
QUEST_JOBSTEP_20150317_001118	Adoración Eterna [Avance de Krivis] (1)	영원한 경배[크리비 전직](1)				
QUEST_JOBSTEP_20150317_001119	Iré de peregrinación	성지순례를 떠나겠다고 한다				
QUEST_JOBSTEP_20150317_001120	Adoración eterna [Avance de Krivis] (2)	영원한 경배[크리비 전직](2)				
QUEST_JOBSTEP_20150317_001121	Derrotaré a los monstruos	몬스터를 처치해 주겠다고 한다				
QUEST_JOBSTEP_20150317_001122	Adoración eterna [Avance de Krivis] (3)	영원한 경배[크리비 전직](3)				
QUEST_JOBSTEP_20150317_001123	Me iré a Fedimian.	이제 페디미안으로 떠나겠다고 한다				
QUEST_JOBSTEP_20150317_001124	Me quedaré un rato	잠시만 머무르겠다고 한다				
QUEST_JOBSTEP_20150317_001125	Purificación sin fin [Avance de sacerdote]	끊임없는 정화[프리스트 전직]				
QUEST_JOBSTEP_20150317_001126	Iré y purificaré la energía maligna.	사악한 기운을 정화하러 가겠다고 한다				
QUEST_JOBSTEP_20150317_001127	Todavía necesita memoria [Avance de Bokor] (1)	남겨진 기억[보코르 전직](1)				
QUEST_JOBSTEP_20150317_001128	Conseguiré la gema	보석을 받아 오겠다고 한다				
QUEST_JOBSTEP_20150317_001129	Todavía necesita memoria [Avance de Bokor] (2)	남겨진 기억[보코르 전직](2)				
QUEST_JOBSTEP_20150317_001130	Regresaré con el Maestra Bokor	보코르 마스터에게 돌아가 보겠다고 한다				
QUEST_JOBSTEP_20150317_001131	Me detendré ahora, tengo demasiado miedo	무서우니 그만 두겠다고 한다				
QUEST_JOBSTEP_20150317_001132	Todavía necesita memoria [Avance de Bokor] (3)	남겨진 기억[보코르 전직](3)				
QUEST_JOBSTEP_20150317_001133	Se lo entregaré al Maestro Krivis	크리비 마스터에게 전하겠다고 한다				
QUEST_JOBSTEP_20150317_001134	Me detendré ahora, tengo demasiado miedo	무서우니까 그만두겠다고 한다				
QUEST_JOBSTEP_20150317_001135	Todavía necesita memoria [Avance de Bokor] (4)	남겨진 기억[보코르 전직](4)				
QUEST_JOBSTEP_20150317_001136	Derrotaré a Tutu	투투를 처치하겠다고 한다				
QUEST_JOBSTEP_20150317_001137	Mantenimiento de la Estatua [Avance de Dievdirbys] (1)	여신상 관리[딥디르비 전직](1)				
QUEST_JOBSTEP_20150317_001138	Mantenimiento de la Estatua [Avance de Dievdirbys] (2)	여신상 관리[딥디르비 전직](2)				
QUEST_JOBSTEP_20150317_001139	Iré al Maestro Krivis	크리비 마스터에게 가 보겠다고 한다				
QUEST_JOBSTEP_20150317_001140	Mantenimiento de la Estatua [Avance de Dievdirbys] (3)	여신상 관리[딥디르비 전직](3)				
QUEST_JOBSTEP_20150317_001141	Iré al Maestro Sacerdote	프리스트 마스터에게 가 보겠다고 한다				
QUEST_JOBSTEP_20150317_001142	Mantenimiento de la Estatua [Avance de Dievdirbys] (4)	여신상 관리[딥디르비 전직](4)				
QUEST_JOBSTEP_20150317_001143	Iré al Maestra Bokor	보코르 마스터에게 가 보겠다고 한다				
QUEST_JOBSTEP_20150317_001144	Mantenimiento de la Estatua [Avance de Dievdirbys] (5)	여신상 관리[딥디르비 전직](5)				
QUEST_JOBSTEP_20150317_001145	Iré a cuidar la estatua de la diosa.	여신상을 관리하러 가겠다고 한다				
QUEST_JOBSTEP_20150317_001146	Dame algo de tiempo para prepararme	준비 할 시간을 달라고 한다				
QUEST_JOBSTEP_20150317_001147	El Elegido [Avance de Sadhu]	선택 받은 자[사두 전직]				
QUEST_JOBSTEP_20150317_001148	Por la Iglesia [Avance de Paladín]	성전을 위해[팔라딘 전직]				
QUEST_JOBSTEP_20150317_001149	Aceptar el duelo con el Maestro	마스터와의 대련에 응한다				
QUEST_JOBSTEP_20150317_001150	Entrenamiento del cuerpo y la mente [Avance monástico]	심신 단련[몽크 전직]				
QUEST_JOBSTEP_20150317_001151	Gracia de la Riqueza [Avance de Indulgenciario] (1)	재물에도 은혜를[파드너 전직](1)				
QUEST_JOBSTEP_20150317_001152	Gracia de la Riqueza [Avance de Indulgenciario] (2)	재물에도 은혜를[파드너 전직](3)				
QUEST_JOBSTEP_20150317_001153	Derrotaré a Mothstem.	모스템을 처치하러 가겠다고 한다				
QUEST_JOBSTEP_20150317_001154	Me rindo	포기하겠다고 한다				
QUEST_JOBSTEP_20150317_001155	Gracia de la Riqueza [Avance de Indulgenciario] (3)	재물에도 은혜를[파드너 전직](2)				
QUEST_JOBSTEP_20150317_001156	Actividades de un Mago [Avance de Mago]	위저드들의 활동[위저드 전직]				
QUEST_JOBSTEP_20150317_001157	Haré la prueba	시험에 응하겠다고 한다				
QUEST_JOBSTEP_20150317_001158	Atravesando [Avance de Catafracto]	꿰뚫고 나아가는[캐터프랙트 전직]				
QUEST_JOBSTEP_20150317_001159	Actividades de un Piromante [Avance de Piromante]	파이로맨서들의 활동[파이로맨서 전직]				
QUEST_JOBSTEP_20150317_001160	Derrotaré a Poata	포아타를 처치하고 오겠다고 한다				
QUEST_JOBSTEP_20150317_001161	Actividades de un Criomante [Avance de Criomante]	크리오맨서들의 활동[크리오맨서 전직]				
QUEST_JOBSTEP_20150317_001162	Me desharé de la Mushcaria	머슈카리아를 처치하고 오겠다고 한다				
QUEST_JOBSTEP_20150317_001163	Actividades de un psicocinólogo [Avance del psicocinólogo]	사이코키노들의 활동[사이코키노 전직]				
QUEST_JOBSTEP_20150317_001164	Haré la prueba	시험을 받겠다고 한다				
QUEST_JOBSTEP_20150317_001165	Actividades de un Enlazador [Avance de Enlazador]	링커들의 활동[링커 전직]				
QUEST_JOBSTEP_20150317_001166	Me desharé del Vubbe Fighter	부베 투사를 처치하고 오겠다고 한다				
QUEST_JOBSTEP_20150317_001167	Actividades de un Taumaturgo [Avance de Taumaturgo]	쏘마터지들의 활동[쏘마터지 전직]				
QUEST_JOBSTEP_20150317_001168	Me desharé de Salamandra	샐러맨더를 처치하겠다고 한다				
QUEST_JOBSTEP_20150317_001169	Una Prueba Importante [Avance de Elementalista]	시험은 중요해[엘레멘탈리스트 전직]				
QUEST_JOBSTEP_20150317_001170	Derrotaré al Reaverpede.	리버피드를 처치하겠다고 한다				
QUEST_JOBSTEP_20150317_001171	Recolectar espíritus malignos [Avance de hechicero]	악령 수집[소서러 전직]				
QUEST_JOBSTEP_20150317_001172	Derrotaré al Guante del Diablo.	데블글로브를 처치하러 가겠다고 한다				
QUEST_JOBSTEP_20150317_001173	Ritual de invocación [Avance de nigromante]	소환 의식[네크로맨서 전직]				
QUEST_JOBSTEP_20150317_001174	...Dile que te irás	..가겠다고 한다				
QUEST_JOBSTEP_20150317_001175	Practica con un combate real [Avance de espadachín]	훈련은 실전처럼[소드맨 전직]				
QUEST_JOBSTEP_20150317_001176	Derrotaré a Honeypin	허니핀을 처치하러 가겠다고 한다				
QUEST_JOBSTEP_20150317_001177	Precio Adecuado [Avance de Peltasta]	합당한 대가[펠타스타 전직]				
QUEST_JOBSTEP_20150317_001178	La Experiencia es un Activo [Avance de Highlander]	경험이 곧 자산[하이랜더 전직]				
QUEST_JOBSTEP_20150317_001179	¿Cómo se adquieren buenas experiencias?	좋은 경험을 쌓는 방법에 대해 묻는다				
QUEST_JOBSTEP_20150317_001180	No estoy de acuerdo	동의하지 않는다				
QUEST_JOBSTEP_20150317_001181	El Confiable [Avance de Hoplita]	의지할 수 있는[하플라이트 전직]				
QUEST_JOBSTEP_20150317_001182	Resolución de problemas [Avance bárbaro]	문제를 해결[바바리안 전직]				
QUEST_JOBSTEP_20150317_001183	¿Con qué lo pago?	어떤 것으로 대가를 치뤄야 하는 지 묻는다				
QUEST_JOBSTEP_20150317_001184	Cualidades de un Comandante [Avance de Rodelero]	지휘관의 자격[로델레로 전직]				
QUEST_JOBSTEP_20150317_001185	Derrotaré a la Colmencia.	콜리멘시아를 처치하러 가겠다고 한다				
QUEST_JOBSTEP_20150317_001186	Una Amenaza [Avance de Catafracto]	위협이 되는 존재[캐터프랙트 전직]				
QUEST_JOBSTEP_20150317_001187	Derrotaré a los Gaigalas	가이갈라스를 처치한다고 한다				
QUEST_JOBSTEP_20150317_001188	No creo poder hacer tales cosas	그런 건 못할 것 같다고 한다				
QUEST_JOBSTEP_20150317_001189	Honor de la Familia Legwyn [Avance de Escudero]	르귄가문의 명예[스콰이어 전직]				
QUEST_JOBSTEP_20150317_001190	Te ayudaré a encontrar las decoraciones.	장식을 찾는 것을 돕겠다고 한다				
QUEST_JOBSTEP_20150317_001191	Entrenamiento de Combate Terrestre [Avance de Corsario]	육지전투 훈련[커세어 전직]				
QUEST_JOBSTEP_20150317_001192	Precio del Peligro [Avance de Doppelsoeldner]	위험에 따르는 대가[도펠죌트너 전직]				
QUEST_JOBSTEP_20150317_001193	Es demasiado arriesgado. Me detendré	위험하니 그만두겠다고 한다				
QUEST_JOBSTEP_20150317_001194	Actividades de un Cronomante [Avance de Cronomante]	크로노맨서의 활동[크로노맨서 전직]				
QUEST_JOBSTEP_20150317_001195	Completa la misión de un mago [Avance de mago]	위저드의 임무 완수[위저드 전직]				
QUEST_JOBSTEP_20150317_001196	Derrotaré a Ironbaum.	아이언바움을 해치우고 오겠다고 한다				
QUEST_JOBSTEP_20150317_001197	Volveré más tarde	나중에 다시 찾아온다고 한다				
QUEST_JOBSTEP_20150317_001198	Completa la misión del Piromante [Avance del Piromante]	파이로맨서의 임무 완수[파이로맨서 전직]				
QUEST_JOBSTEP_20150317_001199	Completa la misión del criomante [Avance del criomante]	크리오맨서의 임무 완수[크리오맨서 전직]				
QUEST_JOBSTEP_20150317_001200	Completa la misión de Psychokino [Avance de Psychokino]	사이코키노의 임무 완수[사이코키노 전직]				
QUEST_JOBSTEP_20150317_001201	Completaré la misión por ti.	의뢰를 대신 해주겠다고 한다				
QUEST_JOBSTEP_20150317_001202	Completa la misión de un Enlazador [Avance de Enlazador]	링커의 임무 완수[링커 전직]				
QUEST_JOBSTEP_20150317_001203	Derrotaré al hombre lobo.	웨어울프를 해치우고 오겠다고 한다				
QUEST_JOBSTEP_20150317_001204	Completa la misión de un taumaturgo [Avance de taumaturgo]	쏘마터지의 임무 완수[쏘마터지 전직]				
QUEST_JOBSTEP_20150317_001205	Lo haré yo mismo.	직접 나서겠다고 한다				
QUEST_JOBSTEP_20150317_001206	Completa la misión de un Elementalista [Avance de Elementalista]	엘레멘탈리스트의 임무 완수[엘레멘탈리스트 전직]				
QUEST_JOBSTEP_20150317_001207	Por supuesto que lo haré.	당연히 나서겠다고 한다				
QUEST_JOBSTEP_20150317_001208	Completa la misión de un hechicero [Avance de hechicero]	소서러의 임무 완수[소서러 전직]				
QUEST_JOBSTEP_20150317_001209	Derrotaré al Necroventor.	네크로벤터를 처치하겠다고 한다				
QUEST_JOBSTEP_20150317_001210	Completa la misión de un cronomante [Avance de cronomante]	크로노맨서의 임무 완수[크로노맨서 전직]				
QUEST_JOBSTEP_20150317_001211	Lo demostraré mediante una prueba.	시험으로서 증명하겠다고 한다				
QUEST_JOBSTEP_20150317_001212	Completa la misión de un alquimista [Avance de alquimista]	알케미스트의 임무 완수[알케미스트 전직]				
QUEST_JOBSTEP_20150317_001213	Lente de las Estrellas [Avance de Quarrel Shooter]	별의 렌즈 [쿼렐슈터 전직]				
QUEST_JOBSTEP_20150317_001214	Te haré este favor	부탁을 들어주겠다고 한다				
QUEST_JOBSTEP_20150317_001215	Suena sospechoso, tendré que rechazarlo.	수상하니 거절한다				
QUEST_JOBSTEP_20150317_001216	Traición envenenada [Avance de explorador]	배신자의 독 [레인저 전직]				
QUEST_JOBSTEP_20150317_001217	Aceptaré el encargo.	의뢰를 받아들이겠다고 한다				
QUEST_JOBSTEP_20150317_001218	Habla con el Maestro Bárbaro	바바리안 마스터와 대화				
QUEST_JOBSTEP_20150317_001219	Encuentra al Maestro Bárbaro en el Bosque Este de Siauliai.	샤울레이 동쪽 숲에 있는 바바리안 마스터를 찾아가세요.				
QUEST_JOBSTEP_20150317_001220	Obtén el reconocimiento del Maestro Bárbaro a través de una pelea.	바바리안 마스터와 전투로 인정받기				
QUEST_JOBSTEP_20150317_001221	Puedes ganar el reconocimiento del Maestro Bárbaro yendo espada contra espada con él. ¡Pelea contra el Maestro Bárbaro y demuéstrate a ti mismo!	바바리안 마스터는 검과 검을 맞댐으로써 인정받을 수 있다고 합니다. 바바리안 마스터와 싸워 이겨서 스스로를 증명하세요!				
QUEST_JOBSTEP_20150317_001222	Ahora eres reconocido por el Maestro Bárbaro. Háblale de nuevo.	바바리안 마스터의 인정을 받은 것 같습니다. 바바리안 마스터와 다시 대화해 보세요.				
QUEST_JOBSTEP_20150317_001223	Reconocimiento del Maestro Bárbaro	바바리안의 인정				
QUEST_JOBSTEP_20150317_001224	Habla con el Maestro Hoplita	하플라이트 마스터와 대화				
QUEST_JOBSTEP_20150317_001225	Encuentra al Maestro Hoplita en el Bosque Oeste de Siauliai.	샤울레이 서쪽 숲에 있는 하플라이트 마스터를 찾아가세요.				
QUEST_JOBSTEP_20150317_001226	Demuestra tu voluntad y determinación.	강한 마음가짐에 대한 다짐을 증명하기				
QUEST_JOBSTEP_20150317_001227	El hoplita explicó lo que significa tener una mente fuerte. Para demostrar tu determinación de volverte más fuerte, trae Cuero de Grolls de Spineheart Dale, Agujas Venenosas de Chafperors del Bosque de Fallen Worry y Polvo Negro de Yukopuses Azules de la Aldea Minera de Siauliai.	하플라이트는 강함에 대한 마음가짐에 대해 설명해 주었습니다. 강해지고자 하는 다짐의 증명을 위해 가시마음골의 그롤의 가죽, 낙우림의 체이퍼러의 독침, 샤울레이 광산 마을의 푸른 유코푸스의 검은가루를 구해 오세요.				
QUEST_JOBSTEP_20150317_001228	Reuniste todos los materiales necesarios para demostrar tu determinación de volverte más fuerte. Regresa con el Maestro Hoplita.	강해지고자 하는 마음가짐의 증명에 필요한 재료를 모두 모았습니다. 하플라이트 마스터에게 돌아가 보세요.				
QUEST_JOBSTEP_20150317_001229	Habla con el Maestro Psychokino	사이코키노 마스터와 대화				
QUEST_JOBSTEP_20150317_001230	Encuentra al Maestro Psychokino en la Aldea Minera de Siauliai.	샤울레이 광산 마을에 있는 사이코키노 마스터를 찾아가세요.				
QUEST_JOBSTEP_20150317_001231	Recolecta alcohol de flores de los Matsums en el Valle Spineheart.	가시마음골의 메슘에게서 꽃술 수집				
QUEST_JOBSTEP_20150317_001232	El Maestro Psychokino te preguntó si estás interesado en este campo, y te pidió que te convirtieras en su asistente. Ve al Valle del Árbol Remanente de los Matsums para obtener el alcohol de flores de los Matsums. 	사이코키노 마스터는 이 분야에 관심이 있다면 잠시 자신의 조수가 되어 보는 것을 권했습니다. 사이코키노 마스터가 필요로 하는 가시마음골의 메슘에게서 메슘의 꽃술을 구해 오세요.				
QUEST_JOBSTEP_20150317_001233	Dáselo al Maestro Psychokino	사이코키노 마스터에게 전달				
QUEST_JOBSTEP_20150317_001234	Adquiriste suficiente alcohol de flores de los Matsums en el Valle del Árbol Remanente. Regresa con el Maestro Psychokino y entrégale el alcohol de flores.	가시마음골의 메슘에게서 꽃술을 충분히 구했습니다. 사이코키노 마스터에게 돌아가 꽃술을 전해 주세요.				
QUEST_JOBSTEP_20150317_001235	El Maestro Psychokino parece estar muy feliz. Habla con el Maestro Psychokino de nuevo.	사이코키노 마스터는 굉장히 즐거운 듯한 표정입니다. 사이코키노 마스터와 다시 대화해 보세요.				
QUEST_JOBSTEP_20150317_001236	Compruebe los efectos de la investigación.	연구 결과물 효과 확인				
QUEST_JOBSTEP_20150317_001237	El Maestro Psychokino te dijo que instaló muñecas Matsum en el Valle del Árbol Remanente y te pidió que rociaras la medicina líquida sobre las muñecas para revisar los efectos.	사이코키노 마스터는 가시마음골에 실험용 메슘 인형을 설치 해 놓았다면서 자신이 준 물약을 인형에 뿌리고 효과를 확인하라고 합니다.				
QUEST_JOBSTEP_20150317_001238	Entrega los resultados de la investigación al Maestro Psychokino.	사이코키노 마스터와 실험의 결과 전달				
QUEST_JOBSTEP_20150317_001239	Mientras rociabas la medicina líquida, los Matsums se abalanzaron y casi te causan problemas. Cuéntale al Maestro Psychokino sobre los resultados de la investigación.	물약을 뿌리자 메슘들이 달려들어 하마터면 큰일 날 뻔했습니다. 실험의 결과를 사이코키노 마스터에게 들려 주세요.				
QUEST_JOBSTEP_20150317_001240	Habla con el Maestro Enlazador	링커 마스터와 대화				
QUEST_JOBSTEP_20150317_001241	Encuentra al Maestro Enlazador en la Aldea Minera de Siauliai.	샤울레이 광산 마을에 있는 링커 마스터를 찾아가세요.				
QUEST_JOBSTEP_20150317_001242	Reúna los materiales para la prueba.	시험을 위한 재료 수집				
QUEST_JOBSTEP_20150317_001243	El Maestro Enlazador enfatizó las habilidades de un Enlazador, y cómo abren las mentes de las personas. Obtén el Núcleo de Thornball y los Fragmentos de Velwriggler de la Ruta de la Puerta, que se pueden usar para probar las habilidades de un Enlazador.	링커 마스터는 사람의 마음을 여는 링커의 자질을 굉장히 강조하고 있습니다. 링커의 자질을 알아보는 시험에 필요한 던볼의 핵과 벨리글러의 조각을 관문로에서 구해 오세요.				
QUEST_JOBSTEP_20150317_001244	Dale los materiales al Maestro Enlazador	링커 마스터에게 재료 전달				
QUEST_JOBSTEP_20150317_001245	Conseguiste todos los materiales para la prueba. Dáselos al Maestro Enlazador.	시험에 필요한 모든 재료를 구했습니다. 링커 마스터에게 재료를 전달해 주세요.				
QUEST_JOBSTEP_20150317_001246	Recolecta %s	%s 수집				
QUEST_JOBSTEP_20150317_001247	Núcleo de Thornball	던볼의 핵				
QUEST_JOBSTEP_20150317_001248	Fragmento de Velwriggler	벨리글러의 조각				
QUEST_JOBSTEP_20150317_001249	Los materiales para la prueba están listos. Habla con el Maestro Enlazador para descubrir cuál es la prueba.	시험을 치룰 재료가 모두 준비되었습니다. 어떤 시험을 치룰지 링커 마스터와 대화해 보세요.				
QUEST_JOBSTEP_20150317_001250	Obtén el libro en el Mundo Detrás en la Ruta de la Puerta.	관문로에 있는 이면세계에서 책 획득				
QUEST_JOBSTEP_20150317_001251	El Maestro Enlazador te dijo que si eres competente, podrás encontrar el Mundo Detrás desde la Ruta de la Puerta. Entra al mundo detrás y encuentra el libro que hay allí, para que puedas entregárselo al Maestro Enlazador.	링커 마스터는 만약 자질이 있다면 관문로의 이면세계를 찾을 수 있는 눈이 있을 거라고 합니다. 이면세계로 들어가 그 곳에 있는 책을 찾아 링커 마스터에게 전해 주세요.				
QUEST_JOBSTEP_20150317_001252	Dale el libro al Maestro Enlazador	링커 마스터에게 책 전달				
QUEST_JOBSTEP_20150317_001253	Pasaste la prueba al encontrar el libro del otro mundo. Dale el libro al Maestro Enlazador como evidencia de que pasaste la prueba.	이면세계에서 책을 찾는 것으로 시험을 무사히 통과 했습니다. 링커 마스터에게 시험을 통과했다는 증거로 책을 전달해 주세요.				
QUEST_JOBSTEP_20150317_001254	Obtén el libro en el Mundo Detrás en la Ruta de la Puerta.	관문로의 이면세계에서 책 획득				
QUEST_JOBSTEP_20150317_001255	Habla con el Maestro Zapador	새퍼 마스터와 대화				
QUEST_JOBSTEP_20150317_001256	Encuentra al Maestro Zapador en el Bosque Este de Siauliai.	샤울레이 동쪽 숲에 있는 새퍼 마스터를 찾아가세요.				
QUEST_JOBSTEP_20150317_001257	Encuentra los Bienes Ocultos del Maestro Zapador	새퍼 마스터가 숨겨둔 물품 찾기				
QUEST_JOBSTEP_20150317_001258	El Maestro Zapador quiere donar y devolver los bienes robados para arrepentirse del pasado. Encuentra los bienes robados en la Isla Flude en el Bosque Oeste de Siauliai.	새퍼 마스터는 과거의 일을 참회하고 싶다며 돈도 기부하고 이전에 훔친 물품들을 주인들에게 돌려주고 싶어 합니다. 먼저 샤울레이 서쪽 숲의 플루데 섬에서 훔친 물건들을 찾으세요.				
QUEST_JOBSTEP_20150317_001259	Encuentra los Bienes Robados	훔친 물건 찾기				
QUEST_JOBSTEP_20150317_001260	Entrega los objetos robados al comerciante de artículos de Klaipeda.	클라페다 도구상인에게 훔친 물품 전달				
QUEST_JOBSTEP_20150317_001261	El Maestro Zapador quiere devolver los bienes robados a sus dueños y arrepentirse del pasado. Dale los bienes robados que encontraste al Mercader de Objetos en Klaipeda.	새퍼 마스터는 과거의 일을 참회하고 싶다며 이전에 훔친 물품들을 주인들에게 돌려주고 싶어 합니다. 훔친 물건을 찾았으니 클라페다의 도구상인에게 훔친 물건을 돌려 주세요.				
QUEST_JOBSTEP_20150317_001262	Dale los bienes robados al Comerciante de Equipo de Klaipeda.	클라페다 장비상인에게 훔친 물품 전달				
QUEST_JOBSTEP_20150317_001263	El Maestro Zapador quiere devolver los bienes robados a sus dueños y arrepentirse del pasado. Dale los bienes robados que encontraste al Comerciante de Equipo en Klaipeda.	새퍼 마스터는 과거의 일을 참회하고 싶다며 이전에 훔친 물품들을 주인들에게 돌려주고 싶어 합니다. 훔친 물건을 찾았으니 클라페다의 장비상인에게 훔친 물건을 돌려 주세요.				
QUEST_JOBSTEP_20150317_001264	Completaste todas las solicitudes del Maestro Zapador. Háblale de nuevo.	새퍼 마스터가 부탁한 심부름을 모두 완료했습니다. 새퍼 마스터와 다시 대화해 보세요.				
QUEST_JOBSTEP_20150317_001265	Reúne donaciones para darle al Maestro Clérigo	클레릭 마스터에게 전달할 성금 마련				
QUEST_JOBSTEP_20150317_001266	Necesitas reunir más donaciones para el Maestro Clérigo. Prepara 5000 de plata para donar al Maestro Clérigo.	클레릭 마스터에게 전달할 성금이 아직 부족한 것 같습니다. 클레릭 마스터에게 성금을 주기 위해 오천 실버를 마련하세요.				
QUEST_JOBSTEP_20150317_001267	Dale donaciones al Maestro Clérigo en Klaipeda	클라페다의 클레릭 마스터에게 성금 전달				
QUEST_JOBSTEP_20150317_001268	Reuniste 5000 de plata para donar al Maestro Clérigo. Dale la donación al Maestro Clérigo en Klaipeda.	클레릭 마스터에게 전달할 성금인 5,000실버를 모두 마련했습니다. 클라페다의 클레릭에게 성금을 전달해 주세요.				
QUEST_JOBSTEP_20150317_001269	Le diste las donaciones al Maestro Clérigo en Klaipeda. Regresa con el Maestro Zapador.	새퍼 마스터가 부탁한 대로 클라페다의 클레릭에게 성금을 전달했습니다. 다시 새퍼 마스터에게 돌아가 보세요.				
QUEST_JOBSTEP_20150317_001270	Habla con el Maestro Cazador	헌터 마스터와 대화				
QUEST_JOBSTEP_20150317_001271	Encuentra al Maestro Cazador en el Bosque Este de Siauliai	샤울레이 동쪽 숲에 있는 헌터 마스터를 찾아가세요.				
QUEST_JOBSTEP_20150317_001272	Explora el área mencionada por el Maestro Cazador.	헌터 마스터가 알려준 지역 탐색				
QUEST_JOBSTEP_20150317_001273	El Maestro Cazador está buscando un libro, y dice que te aceptará como Cazador si le ayudas a encontrarlo. Busca en el Puesto de Vubbe y revisa si puedes encontrar el libro ahí.	헌터 마스터는 책을 찾고 있으며 책을 찾는 일을 도와 준다면 헌터로 인정하겠다고 합니다. 헌터 마스터가 알려준 대로 부베 전초기지에서 헌터 마스터가 찾는 책이 있는지 수색해 보세요.				
QUEST_JOBSTEP_20150317_001274	Dale el libro al Maestro Cazador.	헌터 마스터에게 책 전달				
QUEST_JOBSTEP_20150317_001275	Encontraste el libro que el Maestro Cazador está buscando. Dáselo al Maestro Cazador.	헌터 마스터가 찾고 있는 책을 찾은 것 같습니다. 헌터 마스터에게 책을 전달해 주세요.				
QUEST_JOBSTEP_20150317_001276	Derrota a Vubbe Fighter y obtén %s	부베 투사를 처치해 %s 획득				
QUEST_JOBSTEP_20150317_001277	Este no es el único libro que el Maestro Cazador está buscando. Habla con el Maestro Cazador de nuevo.	헌터 마스터가 찾는 책은 이것이 전부가 아닌 것 같습니다. 헌터 마스터와 다시 대화해 보세요.				
QUEST_JOBSTEP_20150317_001278	Recolecta el Cuero de Merrog.	메로그 가죽 수집				
QUEST_JOBSTEP_20150317_001279	El Maestro Cazador te dijo que podrías intercambiar con el Maestro Quarrel Shooter el Cuero de Merrog que tienes por el libro. Obtén el Cuero de Merrog del Bosque de la Preocupación Caída.	헌터 마스터는 쿼렐슈터 마스터에게 메로그 가죽으로 책과 거래를 할 수도 있을 것이라고 합니다. 낙우림에서 메로그 가죽을 구해 오세요.				
QUEST_JOBSTEP_20150317_001280	Entrega el Cuero de Merrog al Maestro Quarrel Shooter	쿼렐슈터 마스터에게 메로그 가죽 전달				
QUEST_JOBSTEP_20150317_001281	Adquiriste suficiente Cuero de Merrog que necesita el Maestro Quarrel Shooter. Entrega el Cuero de Merrog al Maestro Quarrel Shooter en Klaipeda.	쿼렐슈터 마스터가 필요로 하는 메로그 가죽을 충분히 구했습니다. 클라페다의 쿼렐슈터 마스터에게 메로그 가죽을 전달해 주세요.				
QUEST_JOBSTEP_20150317_001282	Obtén %s derrotando a Merogs	메로그를 처치해 %s 획득				
QUEST_JOBSTEP_20150317_001283	El Maestro Cazador no lo expresa mucho, pero parece feliz de haber encontrado el libro. Háblale sobre el próximo libro que hay que encontrar.	책을 받아 든 헌터 마스터의 표정은 크게 드러나진 않지만 마음 속에서 기쁜 기색을 감추지 못하는 것 같습니다. 다음 책을 구하기 위해 헌터 마스터와 대화해 보세요.				
QUEST_JOBSTEP_20150317_001284	Recolecta rocas de la entrada de la Mina de Cristal en la Aldea Minera	광산 마을의 수정광산 입구에서 바위 수집				
QUEST_JOBSTEP_20150317_001285	El Maestro Arquero tiene el siguiente libro. Recolecta rocas de la entrada de la Mina de Cristal en la Aldea Minera para el Maestro Arquero.	다음 책은 성벽을 수리하고 있는 아처 마스터가 가지고 있다고 합니다. 아처 마스터를 위해 광산 마을의 수정광산 입구에서 바위를 수집해 전달해 주세요.				
QUEST_JOBSTEP_20150317_001286	Dale las rocas al Maestro Arquero en Klaipeda	클라페다의 아처 마스터에게 바위 전달				
QUEST_JOBSTEP_20150317_001287	Reuniste las rocas que el Maestro Arquero necesitaría. Ve con el Maestro Arquero en Klaipeda e intercámbialas por el libro.	아처 마스터가 필요로 할 적당한 크기의 바위를 구했습니다. 클라페다의 아처 마스터에게 가서 책과 교환해 오세요.				
QUEST_JOBSTEP_20150317_001288	El Maestro Cazador no parece complacido de encontrar el siguiente libro. Háblale para encontrar el siguiente libro.	헌터 마스터에게 있어 다음 책을 구하는 일은 썩 내키지 않는 듯 합니다. 다음 책을 구하기 위해 헌터 마스터와 대화해 보세요.				
QUEST_JOBSTEP_20150317_001289	Dale el bolso al Maestra Guardabosques	레인저 마스터에게 주머니 전달				
QUEST_JOBSTEP_20150317_001290	El Maestro Cazador te pidió darle el bolso al Maestra Guardabosques. Entrégaselo al Maestra Guardabosques en Klaipeda e intercámbialo por el libro.	헌터 마스터는 자기 대신 레인저 마스터에게 이 주머니를 전달해 달라고 합니다. 클라페다에 있는 레인저 마스터에게 주머니를 전달해 주고 책을 받아 오세요.				
QUEST_JOBSTEP_20150317_001291	Le diste el bolso al Maestra Guardabosques y obtuviste el libro. Lleva el libro al Maestro Cazador.	레인저 마스터에게 주머니를 전해 주고 책을 받아 왔습니다. 이 책을 헌터 마스터에게 전해 주세요.				
QUEST_JOBSTEP_20150317_001292	Habla con el Maestro Quarrel Shooter	쿼렐슈터 마스터와 대화				
QUEST_JOBSTEP_20150317_001293	Encuentra al Maestro Quarrel Shooter en Klaipeda	클라페다에 있는 쿼렐슈터 마스터를 찾아가세요.				
QUEST_JOBSTEP_20150317_001294	Busca en el área que mencionó el Maestro Quarrel Shooter	쿼렐슈터 마스터가 알려준 지역 탐색				
QUEST_JOBSTEP_20150317_001295	El Maestro Quarrel Shooter está buscando un libro y dice que te aceptará como Quarrel Shooter si le ayudas a encontrar el libro. Busca en el Puesto de Vubbe y revisa si puedes encontrar el libro ahí.	쿼렐슈터 마스터는 책을 찾고 있으며 책을 찾는 일을 도와 준다면 쿼렐슈터로 인정하겠다고 합니다. 쿼렐슈터 마스터가 알려준 대로 부베 전초기지에서 쿼렐슈터 마스터가 찾는 책이 있는지 수색해 보세요.				
QUEST_JOBSTEP_20150317_001296	Dale el libro al Maestro Quarrel Shooter	쿼렐슈터 마스터에게 책 전달				
QUEST_JOBSTEP_20150317_001297	Encontraste el libro que el Maestro Quarrel Shooter está buscando. Llévaselo al Maestro Quarrel Shooter.	쿼렐슈터 마스터가 찾고 있는 책을 찾은 것 같습니다. 쿼렐슈터 마스터에게 책을 전달해 주세요.				
QUEST_JOBSTEP_20150317_001298	Este no es el único libro que el Maestro Quarrel Shooter está buscando. Habla con el Maestro Quarrel Shooter de nuevo.	쿼렐슈터 마스터가 찾는 책은 이것이 전부가 아닌 것 같습니다. 쿼렐슈터 마스터와 다시 대화해 보세요.				
QUEST_JOBSTEP_20150317_001299	Prepara la plata que pidió el Maestro Cazador	헌터 마스터가 요구한 실버 마련				
QUEST_JOBSTEP_20150317_001300	El Maestro Cazador tiene el libro que quiere el Maestro Quarrel Shooter. Prepara 5000 de plata para conseguir el libro del Maestro Cazador.	쿼렐슈터 마스터가 원하는 책은 헌터 마스터가 가지고 있습니다. 헌터 마스터에게 책을 구입하기 위해 5000 실버를 마련하세요.				
QUEST_JOBSTEP_20150317_001301	Dale plata al Maestro Cazador	헌터 마스터에게 실버 전달				
QUEST_JOBSTEP_20150317_001302	Preparaste suficiente dinero para el libro. Dale 5000 de plata al Maestro Cazador a cambio del libro y llévale el libro al Maestro Quarrel Shooter.	책 값을 모두 마련한 것 같습니다. 헌터 마스터에게 5000실버를 전해 주고 책을 받아 쿼렐슈터 마스터에게 전해 주세요.				
QUEST_JOBSTEP_20150317_001303	El Maestro Quarrel Shooter parece absolutamente feliz de obtener el libro. Háblale para encontrar el siguiente libro.	책을 받아 든 쿼렐슈터 마스터의 입이 귀까지 걸려 있는 것 같습니다. 다음 책을 구하기 위해 쿼렐슈터 마스터와 대화해 보세요.				
QUEST_JOBSTEP_20150317_001304	Recolecta rocas en la Aldea Minera	광산 마을에서 바위 수집				
QUEST_JOBSTEP_20150317_001305	Dale la roca al Maestro Alquimista	아처 마스터에게 바위 전달				
QUEST_JOBSTEP_20150317_001306	El Maestro Quarrel Shooter está absolutamente feliz de haber encontrado el libro. Háblale para encontrar el siguiente libro.	쿼렐슈터 마스터는 책을 받아 들자 기쁜 마음을 감추지 못하는 것 같습니다. 다음 책을 구하기 위해 쿼렐슈터 마스터와 대화해 보세요.				
QUEST_JOBSTEP_20150317_001307	El Maestro Quarrel Shooter te pidió darle el bolso al Maestra Guardabosques. Entrégaselo al Maestra Guardabosques en Klaipeda e intercámbialo por el libro.	쿼렐슈터 마스터는 자기 대신 레인저 마스터에게 이 주머니를 전달해 달라고 합니다. 클라페다에 있는 레인저 마스터에게 주머니를 전달해 주고 책을 받아 오세요.				
QUEST_JOBSTEP_20150317_001308	Le diste el bolso al Maestra Guardabosques a cambio del libro. Lleva el libro al Maestro Quarrel Shooter.	레인저 마스터에게 주머니를 전해 주고 책을 받아 왔습니다. 이 책을 쿼렐슈터 마스터에게 전해 주세요.				
QUEST_JOBSTEP_20150317_001309	Habla con el Maestro Arquero	아처 마스터와 대화				
QUEST_JOBSTEP_20150317_001310	Ve con el Maestro Arquero en Klaipeda	클라페다에 있는 아처 마스터를 찾아가세요.				
QUEST_JOBSTEP_20150317_001311	Explora el área que mencionó el Maestro Arquero	아처 마스터가 알려준 지역 탐색				
QUEST_JOBSTEP_20150317_001312	El Maestro Arquero está buscando un libro y dice que te aceptará como Arquero si le ayudas a encontrar el libro. Busca en el Puesto de Vubbe y revisa si puedes encontrar el libro ahí.	아처 마스터는 책을 찾고 있으며 책을 찾는 일을 도와 준다면 아처로 인정하겠다고 합니다. 아처 마스터가 알려준 대로 부베 전초기지에서 아처 마스터가 찾는 책이 있는지 수색해 보세요.				
QUEST_JOBSTEP_20150317_001313	Entrega el libro al Maestro Arquero	아처 마스터에게 책 전달				
QUEST_JOBSTEP_20150317_001314	Encontraste el libro que el Maestro Arquero está buscando. Llévaselo al Maestro Arquero.	아처 마스터가 찾고 있는 책을 찾은 것 같습니다. 아처 마스터에게 책을 전달해 주세요.				
QUEST_JOBSTEP_20150317_001315	Este no es el único libro que el Maestro Arquero está buscando. Habla con el Maestro Arquero de nuevo.	아처 마스터가 찾는 책은 이것이 전부가 아닌 것 같습니다. 아처 마스터와 다시 대화해 보세요.				
QUEST_JOBSTEP_20150317_001316	El Maestro Cazador tiene el libro que quiere el Maestro Arquero. Prepara 5000 de plata para conseguir el libro del Maestro Cazador.	아처 마스터가 원하는 책은 헌터 마스터가 가지고 있습니다. 헌터 마스터에게 책을 구입하기 위해 5000 실버를 마련하세요.				
QUEST_JOBSTEP_20150317_001317	Reuniste suficiente dinero para el libro. Dale 5000 de plata al Maestro Cazador a cambio del libro y llévale el libro al Maestro Arquero.	책 값을 모두 마련한 것 같습니다. 헌터 마스터에게 5000실버를 전해 주고 책을 받아 아처 마스터에게 전해 주세요.				
QUEST_JOBSTEP_20150317_001318	El Maestro Arquero se ve muy feliz de haber encontrado el libro. Háblale para encontrar el siguiente libro.	아처 마스터에게 책을 갖다 주자 아처 마스터는 뛸 듯이 기뻐 합니다. 다음 책을 찾기 위해 아처 마스터와 대화해 보세요.				
QUEST_JOBSTEP_20150317_001319	Recolecta el Cuero de Merrog	메로그의 가죽 수집				
QUEST_JOBSTEP_20150317_001320	El Maestro Arquero te dijo que podrías intercambiar con el Maestro Quarrel Shooter el Cuero de Merrog que tienes por el libro. Obtén el Cuero de Merrog del Bosque de la Preocupación Caída.	아처 마스터는 쿼렐슈터 마스터에게 메로그 가죽으로 책과 거래를 할 수도 있을 것이라고 합니다. 낙우림에서 메로그 가죽을 구해 오세요.				
QUEST_JOBSTEP_20150317_001321	Queda un último libro. Habla con el Maestro Arquero sobre cómo puedes conseguir el último libro.	이제 마지막 한 권 만이 남았습니다. 마지막 책은 어떻게 구하면 될지 아처마스터와 대화해 보세요.				
QUEST_JOBSTEP_20150317_001322	El Maestro Arquero te pidió darle el bolso al Maestra Guardabosques. Entrégaselo al Maestra Guardabosques en Klaipeda e intercámbialo por el libro.	아처 마스터는 자기 대신 레인저 마스터에게 이 주머니를 전달해 달라고 합니다. 클라페다에 있는 레인저 마스터에게 주머니를 전달해 주고 책을 받아 오세요.				
QUEST_JOBSTEP_20150317_001323	Le diste el bolso al Maestra Guardabosques a cambio del libro. Lleva el libro al Maestro Arquero.	레인저 마스터에게 주머니를 전해 주고 책을 받아 왔습니다. 이 책을 아처 마스터에게 전해 주세요.				
QUEST_JOBSTEP_20150317_001324	Habla con el Maestra Guardabosques	레인저 마스터와 대화				
QUEST_JOBSTEP_20150317_001325	Ve con el Maestra Guardabosques en Klaipeda	클라페다에 있는 레인저 마스터를 찾아가세요.				
QUEST_JOBSTEP_20150317_001326	Derrota a Vubbe Fighter y obtén el libro.	부베 투사를 처치하여 책 획득				
QUEST_JOBSTEP_20150317_001327	El Maestra Guardabosques está buscando un libro y dice que te aceptará como Guardabosques si le ayudas a encontrar el libro. Busca en el Puesto de Vubbe y revisa si puedes encontrar el libro ahí.	레인저 마스터는 책을 찾고 있으며 책을 찾는 일을 도와 준다면 레인저로 인정하겠다고 합니다. 레인저 마스터가 알려준 대로 부베 전초기지에서 레인저 마스터가 찾는 책이 있는지 수색해 보세요.				
QUEST_JOBSTEP_20150317_001328	Dale el libro al Maestra Guardabosques	레인저 마스터에게 책 전달				
QUEST_JOBSTEP_20150317_001329	Encontraste el libro que el Maestra Guardabosques está buscando. Dale el libro al Maestra Guardabosques.	레인저 마스터가 찾고 있는 책을 찾은 것 같습니다. 레인저 마스터에게 책을 전달해 주세요.				
QUEST_JOBSTEP_20150317_001330	Consigue el libro de Lydia Schaffen del Vubbe Luchador	부베 투사에게서 리디야 샤펜의 책 획득				
QUEST_JOBSTEP_20150317_001331	Este no es el único libro que el Maestra Guardabosques está buscando. Habla con el Maestra Guardabosques de nuevo.	레인저 마스터가 찾는 책은 이것이 전부가 아닌 것 같습니다. 레인저 마스터와 다시 대화해 보세요.				
QUEST_JOBSTEP_20150317_001332	El Maestro Cazador tiene el libro que quiere el Maestra Guardabosques. Prepara 5000 de plata para conseguir el libro del Maestro Cazador.	레인저 마스터가 원하는 책은 헌터 마스터가 가지고 있습니다. 헌터 마스터에게 책을 구입하기 위해 5000 실버를 마련하세요.				
QUEST_JOBSTEP_20150317_001333	El Maestro Arquero no lo expresa mucho pero parece feliz de haber encontrado el libro. Háblale sobre el próximo libro que hay que encontrar.	책을 받아 든 레인저 마스터의 표정은 크게 드러나진 않지만 마음 속에서 기쁜 기색을 감추지 못하는 것 같습니다. 다음 책을 구하기 위해 레인저 마스터와 대화해 보세요.				
QUEST_JOBSTEP_20150317_001334	El Maestra Guardabosques te dijo que podrías intercambiar con el Maestro Quarrel Shooter el Cuero de Merrog por el libro. Obtén el Cuero de Merrog del Bosque de la Preocupación Caída.	레인저 마스터는 쿼렐슈터 마스터에게 메로그 가죽으로 책과 거래를 할 수도 있을 것이라고 합니다. 낙우림에서 메로그 가죽을 구해 오세요.				
QUEST_JOBSTEP_20150317_001335	El Maestra Guardabosques se ve muy feliz de haber encontrado el libro. Háblale para encontrar el siguiente libro.	책을 받아 든 레인저 마스터가 크게 기뻐합니다. 다음 책을 구하기 위해 레인저 마스터와 대화해 보세요.				
QUEST_JOBSTEP_20150317_001336	Recolecta rocas del área que mencionó el Maestra Guardabosques	레인저 마스터가 알려주는 지역에서 바위 수집				
QUEST_JOBSTEP_20150317_001337	Recolectaste todos los libros para el Maestra Guardabosques. Habla con el Maestra Guardabosques para ser reconocido como Guardabosques.	레인저를 위해 모든 책을 구한 것 같습니다. 레인저로써 인정을 받기 위해 레인저 마스터와 대화해 보세요.				
QUEST_JOBSTEP_20150317_001338	Habla con el Escultor Tesla	조각가 테슬라와 대화				
QUEST_JOBSTEP_20150317_001339	Encuéntrate con el Escultor Tesla en el Valle Rhombuspaving.	마름포석골의 조각가 테슬라에게 찾아가세요.				
QUEST_JOBSTEP_20150317_001340	Derrota a Yekub y consigue el Cristal Azul	예쿱을 처치하고 푸른 수정 획득				
QUEST_JOBSTEP_20150317_001341	El escultor Tesla dice que te ayudará a convertirte en un Dievdirbys si le consigues materiales para esculpir. Consigue el Cristal Azul de Yekub en la Mina de Cristal 2F.	조각가 테슬라는 자신에게 조각 재료를 가져다 준다면 딥디르비가 되는 것을 도와주겠다고 합니다. 수정광산 2층의 예쿱에게서 푸른 수정을 찾아오세요.				
QUEST_JOBSTEP_20150317_001342	Dale el Cristal Azul al Escultor Tesla	조각가 테슬라에게 푸른 수정 전달				
QUEST_JOBSTEP_20150317_001343	Encontré el Cristal Azul que Tesla quería. Llévaselo.	조각가 테슬라가 원하는 푸른 수정을 찾았습니다. 조각가 테슬라에게 푸른 수정을 가져다 주세요.				
QUEST_JOBSTEP_20150317_001344	Derrota a Yekub y obtén %s	예쿱을 처치하고 %s 획득				
QUEST_JOBSTEP_20150317_001345	Cristal Azul de Yekub	예쿱의 파란수정				
QUEST_JOBSTEP_20150317_001346	Habla con el Maestro Highlander	하이랜더 마스터와 대화				
QUEST_JOBSTEP_20150317_001347	Encuentra al Maestro Highlander en Klaipeda	클라페다에 있는 하이랜더 마스터를 찾아가세요.				
QUEST_JOBSTEP_20150317_001348	Entrégale la tabla del Broquel de Madera a la Maestra Peltasta	펠타스타 마스터에게 우든 버클러용 판자 전달				
QUEST_JOBSTEP_20150317_001349	Consigue ayuda de la Maestra Peltasta entregándole 5 tablas del Broquel de Madera	클라페다에 있는 펠타스타 마스터에게 우든 버클러용 판자 5개를 전달하여 펠타스타 마스터의 협조를 구해 오세요.				
QUEST_JOBSTEP_20150317_001350	Meseta de árboles índigo	쪽빛나무 고원				
QUEST_JOBSTEP_20150317_001351	Repórtate con el Maestro Highlander	하이랜더 마스터에게 보고				
QUEST_JOBSTEP_20150317_001352	Ganaste la cooperación de la Maestra Peltasta. Repórtate con el Maestro Highlander sobre esto.	펠타스타 마스터의 협조를 구하는데 성공했습니다. 하이랜더 마스터에게 협조를 얻어낸 것을 보고하세요.				
QUEST_JOBSTEP_20150317_001353	Habla con la Maestra Peltasta	펠타스타 마스터와 대화				
QUEST_JOBSTEP_20150317_001354	Ve con la Maestra Peltasta en Klaipeda	클라페다의 펠타스타 마스터를 찾아 가 보세요.				
QUEST_JOBSTEP_20150317_001355	Has elegido el camino del Peltasta. Encuéntrate con la Maestra Peltasta en Klaipeda.	펠타스타의 길을 선택하셨습니다. 클라페다의 펠타스타 마스터를 찾아 가 보세요.				
QUEST_JOBSTEP_20150317_001356	La Maestra Peltasta te dijo que es importante hacer todo para mantener el pacto que hizo con los Highlander respecto a la reconstrucción del reino. Para cumplir todos tus deberes, habla con Uska.	펠타스타 마스터는 하이랜더와 맺은 왕국 재건에 대한 맹약의 의무를 다하는 것이 도리라고 합니다. 도리를 다 하기 위해 기사단장 우스카와 대화해 보세요.				
QUEST_JOBSTEP_20150317_001357	Búsqueda del escuadrón de reconocimiento que desapareció en el Bosque Espinoso.	가시숲에서 사라진 정찰부대 탐색				
QUEST_JOBSTEP_20150317_001358	Busca los rastros del Escuadrón de Reconocimiento que desapareció mientras buscaba el nuevo camino en Spineheart Dale{nl}.Uska te pide que busques al Escuadrón de Reconocimiento que se perdió hace unos días{nl}. Busca los rastros del escuadrón que desapareció mientras buscaba el nuevo camino en Spineheart Dale.	가시숲 가시마음골에서 새로운 길을 탐색하다 사라진 정찰부대 흔적 찾기{nl}{nl}기사단장 우스카는 며칠 전 연락이 끊긴 정찰부대의 탐색을 요청합니다. 가시 숲의 가시마음골에서 새로운 길을 탐색하다 사라진 정찰부대의 흔적을 찾아 주세요.				
QUEST_JOBSTEP_20150317_001359	Recolecta las pertenencias	유품 수습				
QUEST_JOBSTEP_20150317_001360	Lamentablemente, todos los miembros del Escuadrón de Reconocimiento fueron encontrados muertos. Recoge sus objetos personales y entrégaselos a Uska.	정찰부대는 아쉽게도 모두 숨진채로 발견되었습니다. 그들의 유품을 수습하여 기사단장 우스카에게 전해 주세요.				
QUEST_JOBSTEP_20150317_001361	Busca las pertenencias de los soldados que fueron a reconocer el Valle Spineheart.	가시마음골에 정찰 나간 병사들 유품 찾기				
QUEST_JOBSTEP_20150317_001362	Uska te dijo que el escuadrón estaba compuesto por cuatro soldados, pero solo encontraste tres objetos. ¿Habrá sobrevivido alguno? Busca en las demás zonas de Spineheart Dale.	우스카는 정찰나간 병사가 4명이라고 했지만 유품은 3점밖에 찾을 수 없었습니다. 어딘가에 생존자가 있는 걸까요? 가시마음골의 다른 지역을 탐색해 보세요.				
QUEST_JOBSTEP_20150317_001363	Busca las demás regiones en Spineheart Dale.	가시마음골의 다른 지역 탐색				
QUEST_JOBSTEP_20150317_001364	Entrégale las pertenencias a Uska	기사단장 우스카에게 유품 전달				
QUEST_JOBSTEP_20150317_001365	Lamentablemente, no pudiste salvar a ningún superviviente. Entrega los objetos de valor a Uska.	아쉽게도 단 한명의 생존자도 구해낼 수 없었습니다. 우스카에게 그들의 유품을 전달해 주세요.				
QUEST_JOBSTEP_20150317_001366	La venganza del explorador muerto	죽은 정찰병의 복수				
QUEST_JOBSTEP_20150317_001367	Completaste la misión que Uska te dio, pero te sientes algo mal al respecto. De todos modos, para reportar la finalización de la misión, ve a encontrarte con la Maestra Peltasta.	기사단장 우스카가 맡긴 임무는 완수하였지만 괜히 기분이 찜찜합니다. 어쨌든 임무를 완수에 대한 보고를 위해 펠타스타 마스터에게 찾아가세요.				
QUEST_JOBSTEP_20150317_001368	Habla con el Maestro Piromante	파이로맨서 마스터와 대화				
QUEST_JOBSTEP_20150317_001369	Encuentra al Maestro Piromante en Klaipeda.	클라페다에 있는 파이로맨서 마스터를 찾아가세요.				
QUEST_JOBSTEP_20150317_001370	Reúne la esencia del fuego en la olla.	불의 정수를 항아리에 모으기				
QUEST_JOBSTEP_20150317_001371	Instala la Olla de Fuego cerca de los monstruos en el Jardín del Árbol Descendente y recolecta las energías de Fuego.	내린나무 화원에 있는 몬스터 근처에서 불의 항아리를 설치하여 불의 기운을 모아 주세요.				
QUEST_JOBSTEP_20150317_001372	Repórtate con el Maestro Piromante	파이로맨서 마스터에게 보고				
QUEST_JOBSTEP_20150317_001373	Reuniste la Esencia del Fuego. Dale la olla de fuego al Maestro Piromante.	불의 기운을 온전히 모으는데 성공했습니다. 파이로맨서 마스터에게 불의 항아리를 전해 주세요.				
QUEST_JOBSTEP_20150317_001374	Habla con el Maestro Criomante	크리오맨서 마스터와 대화				
QUEST_JOBSTEP_20150317_001375	Habla con el Maestro Criomante en Klaipeda.	클라페다에 있는 크리오맨서 마스터를 찾아 대화하세요.				
QUEST_JOBSTEP_20150317_001376	Elegiste el camino del Criomante. Habla con el Maestro Criomante en Klaipeda.	크리오맨서의 길을 선택했습니다. 클라페다에 있는 크리오맨서 마스터를 찾아 대화하세요.	QUEST_JOBSTEP_20150317_001375	Talk to the Cryomancer Master in Klaipeda.	클라페다에 있는 크리오맨서 마스터를 찾아 대화하세요.	
QUEST_JOBSTEP_20150317_001377	Pregúntale al alcalde del Aldea Minera sobre el paradero del libro.	광산 마을 촌장에게 책의 행방 묻기				
QUEST_JOBSTEP_20150317_001378	El Maestro Criomante dice que está buscando un libro precioso y te ayudará a convertirte en Criomante si le encuentras el libro. Pregúntale al Alcalde de la Aldea Minera sobre el libro.	크리오맨서는 자신이 찾는 귀한 책이 있다면서 그 책을 찾아다 주면 크리오맨서가 되도록 도와주겠다고 합니다. 샤울레이 광산 마을의 촌장을 찾아 책의 행방에 대해 대화해 보세요.				
QUEST_JOBSTEP_20150317_001379	Busca el libro en el Puesto de Vubbe	부베 전초기지에서 책 탐색				
QUEST_JOBSTEP_20150317_001380	El alcalde de la aldea minera dice que los Vubbe robaron todo durante su anterior incursión. Ve al puesto de avanzada de los Vubbe y busca el libro.	광산 마을 촌장은 일전에 부베가 습격하면서 모든 물건을 약탈해 갔다고 합니다. 부베 전초기지로 가서 책을 찾아 보세요.				
QUEST_JOBSTEP_20150317_001381	Dale el libro al Maestro Criomante	크리오맨서 마스터에게 책 전달				
QUEST_JOBSTEP_20150317_001382	Encontraste el libro. Llévaselo al Maestro Criomante.	책을 찾았습니다. 크리오맨서 마스터에게 책을 전해 주세요.				
QUEST_JOBSTEP_20150317_001383	Habla con el Maestro Krivis	크리비 마스터와 대화				
QUEST_JOBSTEP_20150317_001384	Ve con el Maestro Krivis en Klaipeda	클라페다에 있는 크리비 마스터를 찾아가세요.				
QUEST_JOBSTEP_20150317_001385	Ofrece oraciones a la Estatua de la Diosa	여신상에 봉헌기도를 올리기				
QUEST_JOBSTEP_20150317_001386	El Maestro Krivis dice que es importante desechar todo y ofrecerte a la diosa. Ofrece oraciones a todas las Estatuas de la Diosa en el Bosque de Siauliai.	크리비 마스터는 모든 것을 버리고 여신께 스스로를 봉헌하는 것이 중요하다고 합니다. 샤울레이 숲에 있는 모든 여신상에게 봉헌 기도를 올리세요.				
QUEST_JOBSTEP_20150317_001387	Ofreciste oraciones a todas las Estatuas de la Diosa en el Bosque de Siauliai. Regresa con el Maestro Krivis.	샤울레이 숲에 있는 모든 여신상에게 봉헌기도를 올렸습니다. 크리비 마스터에게 다시 돌아가세요.				
QUEST_JOBSTEP_20150317_001388	Habla con el Maestro Espadachín	소드맨 마스터와 대화				
QUEST_JOBSTEP_20150317_001389	Habla con el Maestro Espadachín en Klaipeda.	클라페다에 있는 소드맨 마스터와 대화해 보세요.				
QUEST_JOBSTEP_20150317_001390	Derrota a Mentiwood en la Meseta Seventune	칠채고원평의 멘티우드 처치				
QUEST_JOBSTEP_20150317_001391	El Maestro Espadachín quiere que te des cuenta de algo. Al derrotar a Mentiwood en la Meseta Seventune, date cuenta de lo que dijo el Maestro Espadachín.	소드맨 마스터는 깨닳음을 얻길 원하고 있습니다. 칠채고원평의 멘티우드를 처치하면서 소드맨 마스터가 한 말의 의미를 깨닫고 오세요.				
QUEST_JOBSTEP_20150317_001392	Repórtate con el Maestro Espadachín	소드맨 마스터에게 보고				
QUEST_JOBSTEP_20150317_001393	Comienzas a entender las palabras del Maestro Espadachín con tu corazón. Regresa con el Maestro Espadachín.	소드맨 마스터의 말이 점점 가슴에 와 닿는것 같습니다. 소드맨 마스터에게 돌아가세요.				
QUEST_JOBSTEP_20150317_001394	Derrota a Mentiwood	멘티우드 처지				
QUEST_JOBSTEP_20150317_001395	Habla con el Maestro Sacerdote	프리스트 마스터와 대화				
QUEST_JOBSTEP_20150317_001396	Encuentra al Maestro Sacerdote en Klaipeda	클라페다에 있는 프리스트 마스터를 찾아가세요.				
QUEST_JOBSTEP_20150317_001397	Exorciza al espíritu maligno del soldado y derrótalo.	병사에게 빙의한 악령 처치				
QUEST_JOBSTEP_20150317_001398	El Maestro Sacerdote te pidió probar tu sinceridad a la diosa. Encuentra al soldado poseído en la Aldea Minera y realiza un exorcismo.	프리스트 마스터는 여신을 향한 신실함을 증명하라고 합니다. 광산 마을의 악령에 빙의된 병사를 찾아 퇴마 의식을 치뤄 주세요.				
QUEST_JOBSTEP_20150317_001399	Repórtate con el Maestro Sacerdote	프리스트 마스터에게 보고				
QUEST_JOBSTEP_20150317_001400	¡Derrotaste al espíritu maligno! Regresa con el Maestro Sacerdote.	악령 퇴치에 성공했습니다! 프리스트 마스터에게 돌아가 보세요.				
QUEST_JOBSTEP_20150317_001401	Derrota la encarnación del espíritu maligno	악령의 본체 처치				
QUEST_JOBSTEP_20150317_001402	Habla con el Maestro Mago	위저드 마스터와 대화				
QUEST_JOBSTEP_20150317_001403	Ve con el Maestro Mago en Klaipeda	클라페다에 있는 위저드 마스터에게 찾아가 보세요.				
QUEST_JOBSTEP_20150317_001404	Recolecta los materiales para el Maestro Mago	위저드 마스터가 필요로하는 재료 수집				
QUEST_JOBSTEP_20150317_001405	Recoge las pieles de los Grolls en el Valle Corazón de Espina, los tentáculos de los Chafperors en el Bosque de la Preocupación Caída y los núcleos de los Yukopuses en la Aldea Minera de Siauliai.	위저드 마스터가 원하는 재료인 가시마음골의 그롤의 껍질, 낙우림의 체이퍼러의 더듬이, 샤울레이 광산 마을의 유코푸스의 핵을 모아다 주세요.				
QUEST_JOBSTEP_20150317_001406	Dale los materiales al Maestro Mago	위저드 마스터에게 재료 전달				
QUEST_JOBSTEP_20150317_001407	Recolectaste los materiales para el Maestro Mago. Dáselos.	위저드 마스터가 원하는 모든 재료를 얻었습니다. 위저드 마스터에게 전해 주세요.				
QUEST_JOBSTEP_20150317_001408	Recolecta %s en el Valle Spineheart	가시마음골의 %s 수집				
QUEST_JOBSTEP_20150317_001409	Recolecta %s en el Bosque de la Preocupación Caída	낙우림의 %s 수집				
QUEST_JOBSTEP_20150317_001410	Recolecta %s en la Aldea Minera	광산 마을의 %s 수집				
QUEST_JOBSTEP_20150317_001411	La investigación del Maestro Mago comienza ahora. Habla con el Maestro Mago de nuevo.	위저드 마스터의 연구는 이제부터 시작입니다. 위저드 마스터와 다시 대화해 보세요.				
QUEST_JOBSTEP_20150317_001412	Utilice Scroll para obtener información sobre la ciudad.	위저드 마스터의 자료 축적용 스크롤을 도시 곳곳에 사용				
QUEST_JOBSTEP_20150317_001413	El Maestro Mago está estudiando Klaipeda, que tiene menos ataques de monstruos. Ayuda al Maestro Mago yendo a las áreas marcadas en el mapa y usando el Pergamino para recolectar datos.	위저드 마스터는 몬스터의 공격이 적은 클라페다의 현상을 연구하고 있다고 합니다. 위저드 마스터를 도와 클라페다의 지도에 표시된 곳으로 가서 자료 축적용 스크롤을 사용해 주세요.				
QUEST_JOBSTEP_20150317_001414	Repórtate con el Maestro Mago	위저드 마스터에게 보고				
QUEST_JOBSTEP_20150317_001415	Usaste todos los pergaminos. Regresa y repórtate con el Maestro Mago.	모든 스크롤을 사용하였습니다. 위저드 마스터에게 돌아가 보고하세요.				
QUEST_JOBSTEP_20150317_001416	Habla con el Maestro Clérigo	클레릭 마스터와 대화				
QUEST_JOBSTEP_20150317_001417	Ve y habla con el Maestro Clérigo en la Aldea Minera.	샤울레이 광산 마을에 있는 클레릭 마스터를 찾아 대화해 보세요.				
QUEST_JOBSTEP_20150317_001418	Recibe Agua Bendita del Maestro Sacerdote	프리스트 마스터에게 성수 받기				
QUEST_JOBSTEP_20150317_001419	El Maestro Clérigo sugirió probar el servicio voluntario si tienes dificultades para decidir. Consigue el Agua Bendita del Maestro Sacerdote y el Maestro Krivis y trata a los pacientes en la Aldea Minera.	클레릭 마스터는 아직 마음의 갈피를 잡지 못하거든 봉사를 해 보는 것은 어떻겠냐고 제안합니다. 프리스트 마스터와 크리비 마스터에게 성수를 받아 광산 마을에 있는 환자를 치료해 주세요.				
QUEST_JOBSTEP_20150317_001420	Consigue Agua Bendita del Maestro Krivis	크리비 마스터에게 성수 받기				
QUEST_JOBSTEP_20150317_001421	Consigue Agua Bendita del Maestro Sacerdote y el Maestro Krivis y trata a los pacientes en la Aldea Minera.	프리스트 마스터와 크리비 마스터에게 성수를 받아 광산 마을에 있는 환자를 치료해 주세요.				
QUEST_JOBSTEP_20150317_001422	Trata a los pacientes en la Aldea Minera	샤울레이 광산 마을의 환자 치료				
QUEST_JOBSTEP_20150317_001423	Repórtate con el Maestro Clérigo	클레릭 마스터에게 보고				
QUEST_JOBSTEP_20150317_001424	Trataste a todos los pacientes en la Aldea Minera. Repórtate con el Maestro Clérigo.	샤울레이 광산 마을의 환자들을 모두 치료했습니다. 클레릭 마스터에게 보고하세요.				
QUEST_JOBSTEP_20150317_001425	Ve con el Maestro Hoplita en Klaipeda	클라페다에 있는 하플라이트 마스터를 찾아 가세요.				
QUEST_JOBSTEP_20150317_001426	Mejora un arma tipo Lanza a nivel 6	창 계열 장비를 6단계로 강화하기				
QUEST_JOBSTEP_20150317_001427	La lanza afilada es el orgullo de los Hoplitas. Mejora un objeto tipo lanza a nivel 6. Cualquier objeto sirve mientras sea tipo lanza.	하플라이트는 애정을 담아 벼려낸 창이 곧 자부심이라고 하였습니다. 창 계열의 장비를 6단계로 강화하세요. 창 계열이라면 어떤 무기든 상관 없습니다.				
QUEST_JOBSTEP_20150317_001428	Repórtate con el Maestro Hoplita	하플라이트 마스터에게 결과 보고				
QUEST_JOBSTEP_20150317_001429	Mejoraste exitosamente un objeto tipo lanza a nivel 6. Muéstraselo al Maestro Hoplita.	창 계열의 장비를 6단계로 강화하는데 성공하였습니다. 하플라이트 마스터에게 보여 주세요.				
QUEST_JOBSTEP_20150317_001430	Habla con el Maestro Psychokino en la Aldea Minera.	샤울레이 광산 마을에 있는 사이코키노 마스터와 대화해 보세요.				
QUEST_JOBSTEP_20150317_001431	Recoge las esencias de los demonios en el Jardín Ancestral de la Diosa.	여신의 옛뜰에서 마족의 정수 수집				
QUEST_JOBSTEP_20150317_001432	El Maestro Psychokino te dijo que te ayudaría a desarrollar tus poderes psíquicos, pero pidió Esencias de Demonio a cambio. Derrota al Minotauro y a Chapparition en las Cataratas Gemelas Nardima del Jardín Antiguo de la Diosa para obtener Esencias de Demonio.	사이코키노는 초능력이 발현되는 것을 도와줄 테니 그 댓가로 마족의 정수를 원하고 있습니다. 여신의 옛뜰의 나르디마 쌍둥이 폭포에 있는 미노타우로스와 채퍼리션을 처치하여 마족의 정수를 얻으세요.				
QUEST_JOBSTEP_20150317_001433	Dale las Esencias de Demonio al Maestro Psychokino	사이코키노 마스터에게 정수 전달				
QUEST_JOBSTEP_20150317_001434	Conseguiste las Esencias de Demonio. Dale las Esencias de Demonio al Maestro Psychokino.	두 마족의 정수를 얻었습니다. 사이코키노 마스터에게 마족의 정수를 전달해 주세요.				
QUEST_JOBSTEP_20150317_001435	Ve con el Maestro Quarrel Shooter en Klaipeda	클라페다에 있는 쿼렐슈터를 찾아가 보세요.				
QUEST_JOBSTEP_20150317_001436	El Quarrel Shooter está buscando a alguien para encontrar cierto libro. Ve con el Maestro Zapador en el Bosque Este de Siauliai para aprender más sobre el libro.	쿼렐슈터는 책을 찾아줄 사람을 찾고 있었다고 합니다. 책의 정보를 알기 위해 샤울레이 동쪽 숲의 새퍼 마스터를 찾아가세요.				
QUEST_JOBSTEP_20150317_001437	Ve con el Maestro Zapador en el Bosque Este de Siauliai para aprender sobre el libro que el Maestro Quarrel Shooter está buscando.	쿼렐슈터가 찾는 책의 정보를 위해 샤울레이 동쪽 숲의 새퍼 마스터를 찾아가세요.				
QUEST_JOBSTEP_20150317_001438	Busca el mapa en la Torre de Magos 3er Piso	마법사의 탑 3층에서 지도 찾기				
QUEST_JOBSTEP_20150317_001439	El Maestro Zapador te dijo que escuchó que se había descubierto un mapa extraño en la Torre de Magos. Ve a la Torre de Magos 3er Piso y busca el mapa.	새퍼 마스터는 마법사의 탑에 이상한 지도가 발견됬다는 이야기를 들었다고 합니다. 마법사의 탑 3층으로 가서 지도를 찾아 보세요.				
QUEST_JOBSTEP_20150317_001440	Dale el mapa al Maestro Quarrel Shooter	쿼렐슈터 마스터에게 지도 전달				
QUEST_JOBSTEP_20150317_001441	Este parece ser el mapa que mencionó el Maestro Zapador. Regresa con el Maestro Quarrel Shooter.	이것이 새퍼 마스터가 말한 지도인 것 같습니다. 쿼렐슈터 마스터에게 돌아가세요.				
QUEST_JOBSTEP_20150317_001442	Obtén %s del Minotauro	미노타우로스에게서 %s 획득				
QUEST_JOBSTEP_20150317_001443	Ve con el Maestro Arquero en Klaipeda	클라페다에 있는 아처 마스터를 찾아 대화해 보세요.				
QUEST_JOBSTEP_20150317_001444	Elegiste el camino del Arquero. Habla con el Maestro Arquero en Klaipeda.	아처의 길을 선택하였습니다. 클라페다에 있는 아처 마스터를 찾아 대화해 보세요.				
QUEST_JOBSTEP_20150317_001445	Habla con el Maestro Rodelero	로델레로 마스터와 대화				
QUEST_JOBSTEP_20150317_001446	El Maestro Arquero enfatizó la importancia de ayudar a otros. Ve con el Maestro Rodelero en Fedimian y pregunta si puedes ayudar con algo.	아처 마스터는 남을 돕는 일에 대한 중요성을 강조하고 있습니다. 페디미안의 로델레로 마스터를 찾아 도울 일이 없는지 물어 보세요.				
QUEST_JOBSTEP_20150317_001447	Derrota al monstruo gigante en la Torre de Magos 3er Piso	마법사의 탑 3층의 거대한 몬스터 처치				
QUEST_JOBSTEP_20150317_001448	El Maestro Rodelero dice que no hay suficiente mano de obra para reconstruir Fedimian y los monstruos están saliendo en masa de la Torre de Magos. Derrota al monstruo gigante en la Torre de Magos 3er Piso para servir de advertencia.	로델레로는 페디미안의 재건에도 일손이 부족한데 마법사의 탑에서 몬스터가 쏟아져 나오고 있는 것이 걱정이라고 합니다. 경고의 의미로 마법사의 탑 3층의 거대한 몬스터를 잡으세요.				
QUEST_JOBSTEP_20150317_001449	Repórtate con el Maestro Rodelero	로델레로 마스터에게 보고				
QUEST_JOBSTEP_20150317_001450	Derrotaste al Minotauro en la Torre de Magos 3er Piso. Repórtate con el Maestro Rodelero.	마법사의 탑 3층의 미노타우로스를 잡는 데에 성공했습니다. 로델레로 마스터에게 돌아가 보고하세요.				
QUEST_JOBSTEP_20150317_001451	Repórtate con el Maestro Arquero	아처 마스터에게 보고				
QUEST_JOBSTEP_20150317_001452	Completaste el favor del Maestro Rodelero. Repórtate con el Maestro Arquero.	로델레로 마스터의 일을 훌륭히 도왔습니다. 아처 마스터에게 돌아가 보고하세요.				
QUEST_JOBSTEP_20150317_001453	Ve con el Maestra Guardabosques en Klaipeda	클라페다에 있는 레인저 마스터를 찾아가 보세요.				
QUEST_JOBSTEP_20150317_001454	Encuéntrate con el Maestro Escudero	스콰이어 마스터를 찾아가기				
QUEST_JOBSTEP_20150317_001455	El Maestra Guardabosques te pidió ayudar a encontrar a Evoniphon. Encuéntrate con el Maestro Escudero en Fedimian para aprender más sobre Evoniphon.	레인저 마스터는 에보니폰의 흔적을 찾는 것을 도와달라고 합니다. 페디미안의 스콰이어 마스터에게 에보니폰에 대한 정보를 들으세요.				
QUEST_JOBSTEP_20150317_001456	Habla con el Maestro Elementalista	엘레멘탈리스트 마스터와 대화				
QUEST_JOBSTEP_20150317_001457	El Maestro Escudero te dijo que vio a la persona que parece ser Evoniphon hablando con el Maestro Elementalista. Encuéntrate con el Maestro Elementalista y consigue información sobre Evoniphon.	스콰이어 마스터는 에보니폰으로 추정되는 남자가 엘레멘탈리스트 마스터와 이야기 하는 것을 보았다고 합니다. 엘레멘탈리스트 마스터를 찾아가 에보니폰에 대한 정보를 들으세요.				
QUEST_JOBSTEP_20150317_001458	El Maestro Elementalista te dijo que recuerda a una persona con un aroma único. Pregúntale al Maestro Elementalista sobre el paradero de la persona.	엘레멘탈리스트 마스터는 특이한 향을 풍기는 남자를 기억하고 있다고 합니다. 그 남자의 행방에 대해 엘레멘탈리스트 마스터와 대화해 보세요.				
QUEST_JOBSTEP_20150317_001459	Busca a Evoniphon en la Torre de Magos 3er Piso	마법사의 탑 3층 에보니폰 흔적 찾기				
QUEST_JOBSTEP_20150317_001460	El Maestro Elementalista te dio la ubicación hacia donde se dirigió la persona que parece ser Evoniphon. La persona estaba buscando ingredientes y probablemente estaría ahí.	엘레멘탈리스트 마스터는 에보니폰으로 추정되는 남자에게 남자가 찾는 재료가 있을 만한 곳을 가르쳐 주었다고 합니다. 마법사의 탑 3층에서 에보니폰의 흔적을 찾아 보세요.				
QUEST_JOBSTEP_20150317_001461	Repórtate con el Maestra Guardabosques	레인저 마스터에게 보고				
QUEST_JOBSTEP_20150317_001462	Solo pudiste encontrar pedazos de la ropa de Evoniphon en la Torre de Magos 3er Piso. Regresa con el Maestra Guardabosques.	마법사의 탑 3층에서는 에보니폰의 옷조각밖에 찾을 수 없었습니다. 레인저 마스터에게 돌아가 보세요.				
QUEST_JOBSTEP_20150317_001463	Derrota al Minotauro y encuentra rastros de Evoniphon	미노타우로스를 처치하고 에보니폰의 흔적 찾기				
QUEST_JOBSTEP_20150317_001464	Habla con el Maestro Zapador en el Bosque Este de Siauliai.	샤울레이 동쪽 숲에 있는 새퍼 마스터와 대화해 보세요.				
QUEST_JOBSTEP_20150317_001465	Recolecta catalizadores de llama de los Drakes	드레이크의 화염 촉매 수집				
QUEST_JOBSTEP_20150317_001466	El Maestro Zapador te dijo que te ayudará a convertirte en Zapador si le ayudas con su experimento. Recolecta catalizadores de llama de los Drakes en la Torre de Magos 1er Piso.	새퍼 마스터는 자신의 실험을 도와 준다면 새퍼가 되는 것을 도와 주겠다고 합니다. 먼저 마법사의 탑 1층의 드레이크에게서 화염 촉매를 수집해 오세요.				
QUEST_JOBSTEP_20150317_001467	Entrega los catalizadores de llama al Maestro Zapador	새퍼 마스터에게 화염 촉매 전달				
QUEST_JOBSTEP_20150317_001468	Adquiriste todos los catalizadores de llama. Entrégale los catalizadores al Maestro Zapador.	화염 촉매를 모두 모았습니다. 새퍼 마스터에게 화염 촉매를 전달해 주세요.				
QUEST_JOBSTEP_20150317_001469	Derrota a los Drakes	드레이크 처치				
QUEST_JOBSTEP_20150317_001470	Los experimentos comienzan ahora. Habla con el Maestro Zapador de nuevo.	실험은 이제 시작입니다. 새퍼 마스터와 다시 대화해 보세요.				
QUEST_JOBSTEP_20150317_001471	Prueba la bomba	시험용 폭탄 테스트				
QUEST_JOBSTEP_20150317_001472	El Maestro Zapador quiere que pruebes la Bomba Experimental. Usa la Bomba Experimental en los monstruos del Bosque Este de Siauliai.	새퍼 마스터는 시험용 폭탄의 위력을 보고받길 원하고 있습니다. 샤울레이 동쪽 숲의 몬스터에게 시험용 폭탄을 사용해 보세요.				
QUEST_JOBSTEP_20150317_001473	Repórtate con el Maestro Zapador	새퍼 마스터에게 보고				
QUEST_JOBSTEP_20150317_001474	La bomba no parecía tan poderosa. Reporta los resultados al Maestro Zapador.	어째 폭탄의 위력이 그다지 좋은 것 같진 않습니다. 새퍼 마스터에게 결과를 보고해 주세요.				
QUEST_JOBSTEP_20150317_001475	Habla con el Maestra Bokor	보코르 마스터와 대화				
QUEST_JOBSTEP_20150317_001476	Ve con el Maestra Bokor en Klaipeda	클라페다에 있는 보코르 마스터를 찾아가세요.				
QUEST_JOBSTEP_20150317_001477	Colecciona la carta de Monstruo de Misión o Jefe de Campo	미션이나 필드 보스 몬스터 카드 수집				
QUEST_JOBSTEP_20150317_001478	El Maestra Bokor te pidió traer una carta de monstruo jefe. La carta se puede obtener de cualquier monstruo jefe en el campo o en misión.	보코르 마스터는 보스 몬스터에게 얻을 수 있는 카드를 가져 오라고 합니다. 미션과 필드의 모든 보스 몬스터에게서 획득 가능합니다.				
QUEST_JOBSTEP_20150317_001479	Jefe de campo de la Zona de Misión/Mina de Cristal/Jefe de campo de la Iglesia Tenet/Jefe de campo del Mausoleo Real (Excepto monstruos jefes de misión)	미션 존/수정광산 필드 보스/테넷 성당 필드 보스/왕릉 필드 보스(퀘스트 보스 몬스터 제외)	ETC_20150317_001194	King's Plateau	왕의 고원	
QUEST_JOBSTEP_20150317_001480	Dale una carta al Maestra Bokor	보코르 마스터에게 카드 전달				
QUEST_JOBSTEP_20150317_001481	Conseguiste una Carta de Monstruo Jefe. Dásela al Maestra Bokor.	보스 몬스터 카드를 얻었습니다. 보코르 마스터에게 카드를 전해 주세요.				
QUEST_JOBSTEP_20150317_001482	Encuéntrate con el escultor Tesla en Rhombuspaving Dale.	마름포석골에 있는 조각가 테슬라를 찾아 가세요.				
QUEST_JOBSTEP_20150317_001483	Habla con el Mercader de Objetos en Klaipeda	클라페다 도구상인과 대화				
QUEST_JOBSTEP_20150317_001484	El escultor Tesla busca un gato para usar como modelo. Pregúntale al comerciante de objetos en Klaipeda si tiene algún gato adecuado para usar como modelo.	조각가 테슬라는 모델로 쓸 고양이를 찾고 있습니다. 조각가 테슬라와 오래 교류한 클라페다의 도구상인에게 모델로 쓸 만한 고양이가 있는지 물어 보세요.				
QUEST_JOBSTEP_20150317_001485	Busca al padre del Comerciante de Equipo en la Torre de Magos 3er Piso	마법사의 탑 3층에서 도구상인의 아버지 찾기				
QUEST_JOBSTEP_20150317_001486	El mercader de equipo te pidió que encontraras las huellas de su padre y, a cambio, te dará comida para gatos para atraerlo. Busca al padre del mercader de equipo en el tercer piso de la Torre de los Magos.	도구상인은 고양이를 꼬드길 특별한 먹이를 넘겨주는 댓가로 자신의 아버지의 흔적을 찾아 달라고 부탁하였습니다. 마법사의 탑 3층에서 도구상인의 아버지를 찾아 주세요.				
QUEST_JOBSTEP_20150317_001487	Dale el pedazo de ropa del padre al Mercader de Objetos	도구상인에게 아버지의 옷 조각 전달				
QUEST_JOBSTEP_20150317_001488	Lamentablemente, no encontraste al padre del comerciante de equipo, pero sí una prenda de vestir que podría pertenecerle. Entrégasela al comerciante de equipo.	안타깝게도 도구상인의 아버지는 찾지 못했지만 그의 것으로 보이는 옷 조각을 발견했습니다. 도구상인에게 옷 조각을 전해 주세요.				
QUEST_JOBSTEP_20150317_001489	Derrota al Minotauro	미노타우로스 처치				
QUEST_JOBSTEP_20150317_001490	Atrae al gato de la Plaza de Klaipeda con comida	클라페다 광장의 고양이 먹이로 유인하기				
QUEST_JOBSTEP_20150317_001491	Recibí comida especial para gatos del mercader de objetos. Úsala para atraer al gato a Klaipeda.	도구상인에게 특별한 먹이를 받았습니다. 이것을 사용해서 클라페다에 있는 고양이를 유혹하여 보세요.				
QUEST_JOBSTEP_20150317_001492	Dale el gato al Escultor Tesla	조각가 테슬라에게 고양이 전달				
QUEST_JOBSTEP_20150317_001493	¡Capturamos al gato! Entreguemos el gato al escultor Tesla.	고양이를 포획하는데 성공했습니다! 조각가 테슬라에게 고양이를 전해 주세요.				
QUEST_JOBSTEP_20150317_001494	Encuéntrate con el Maestro Piromante en Klaipeda	클라페다에 있는 파이로맨서를 찾아 가세요.				
QUEST_JOBSTEP_20150317_001495	Dirígete a la Sala de Lectura en la primera planta de la Torre de los Magos y coloca allí la Maceta del Sol.	마법사의 탑 1층의 열람실로 가서 태양의 항아리 놓기				
QUEST_JOBSTEP_20150317_001496	El Maestro Piromante te pidió algo a cambio de enseñarte magia. Ve a la Torre de Magos 1er Piso y pon la Olla del Sol en la Sala de Lectura.	파이로맨서는 마법을 가르쳐 주는 대가로 의뢰를 부탁했습니다. 마법사의 탑 1층의 열람실에 태양의 항아리를 놓으세요.				
QUEST_JOBSTEP_20150317_001497	Derrota a Chapparition	방해하는 채퍼리션 처치				
QUEST_JOBSTEP_20150317_001498	Pon la Olla del Sol en la Sala de Lectura en la Torre de Magos 1er Piso	마법사의 탑 1층 열람실에 태양의 항아리 놓기				
QUEST_JOBSTEP_20150317_001499	Colocaste la Olla del Sol en la Sala de Lectura. Repórtate con el Maestro Piromante.	항아리를 잘 놓아 두었습니다. 파이로맨서 마스터에게 보고하세요.				
QUEST_JOBSTEP_20150317_001500	Habla con el Maestro Criomante en Klaipeda.	클라페다에 있는 크리오맨서 마스터와 대화해 보세요.				
QUEST_JOBSTEP_20150317_001501	Recolecta los materiales pedidos por el Maestro Criomante	크리오맨서 마스터가 필요로 하는 재료 수집				
QUEST_JOBSTEP_20150317_001502	El Maestro Criomante te dijo que si pudieras encontrar los ingredientes que quiere, te ayudará a convertirte en Criomante. Recolecta Picos de Cockatrice en el Arroyo de Cristal y Escamas de Armas en la Torre de Magos.	크리오맨서는 자신이 필요로 하는 재료들을 찾아준다면 크리오맨서가 되는 것을 도와 주겠다고 합니다. 수정개울의 코카트리스의 부리와 마법사의 탑의 아르마의 비늘을 모아 주세요.				
QUEST_JOBSTEP_20150317_001503	Entrega los materiales al Maestro Criomante	크리오맨서 마스터에게 재료 전달				
QUEST_JOBSTEP_20150317_001504	Recolectaste todos los materiales que necesita el Maestro Criomante. Dáselos.	크리오맨서 마스터가 필요로 하는 재료를 전부 모았습니다. 크리오맨서 마스터에게 전해 주세요.				
QUEST_JOBSTEP_20150317_001505	El Maestro Mago considera el esfuerzo como lo más importante. Recolecta un Pedazo de Pyracon y Escama de Drake Verde de la Torre de Magos.	위저드 마스터는 무엇보다도 노력을 가장 중요시 여긴다고 합니다. 마법사의 탑에서 위저드 마스터가 원하는 재료인 피라콘의 조각과 초록 드레이크의 비늘을 모아 주세요.				
QUEST_JOBSTEP_20150317_001506	No has terminado todas las solicitudes del Maestro Mago. Habla con el Maestro Mago de nuevo.	위저드 마스터의 시험은 이것이 전부가 아닌 것 같습니다. 위저드 마스터와 다시 대화해 보세요.				
QUEST_JOBSTEP_20150317_001507	Utilice la medición de datos del asistente. Desplácese por Fedimian.	위저드 마스터의 자료 축적용 스크롤을 페디미안 곳곳에 사용				
QUEST_JOBSTEP_20150317_001508	El Maestro Mago también quiere medir las capacidades de defensa de Fedimian. Ve a las áreas marcadas en el mapa y usa el Pergamino para ayudar al Maestro Mago.	위저드 마스터는 방어 체계 연구를 위해 페디미안의 자료도 수집하려고 합니다. 위저드 마스터를 도와 페디미안의 지도에 표시된 곳으로 가서 자료 축적용 스크롤을 사용해 주세요.				
QUEST_JOBSTEP_20150317_001509	Habla con el Maestro Clérigo en Klaipeda.	클라페다에 있는 클레릭 마스터와 대화하세요.				
QUEST_JOBSTEP_20150317_001510	Usa Curar para tratar a la gente	힐을 사용해 사람들을 치료				
QUEST_JOBSTEP_20150317_001511	El Maestro Clérigo dice que es mejor que sirvas a otros curándolos. Usa tus habilidades de Curar o las de un miembro de tu grupo para ayudar a curar a otros.	클레릭 마스터는 남을 치료하는 봉사를 하는 것이 좋겠다고 합니다. 자신 혹은 파티원이 가진 힐 스킬로 다른 유저들을 치료하세요.				
QUEST_JOBSTEP_20150317_001512	Toda el área	전 지역				
QUEST_JOBSTEP_20150317_001513	Curaste a suficiente gente. Repórtate con el Maestro Clérigo.	많은 사람들을 치료해 주었습니다. 클레릭 마스터에게 돌아가 보고하세요.				
QUEST_JOBSTEP_20150317_001514	Habla con el Maestro Hechicero	소서러 마스터와 대화				
QUEST_JOBSTEP_20150317_001515	Ve con el Maestro Hechicero en Fedimian	페디미안의 소서러 마스터에게 찾아가세요.				
QUEST_JOBSTEP_20150317_001516	Gana un duelo de magia contra el Maestro Hechicero	소서러 마스터와 마법 대련에서 승리				
QUEST_JOBSTEP_20150317_001517	El Maestro Hechicero dice que te enseñará si ganas un duelo de magia contra él. Ten un duelo contra él en el lote baldío de Fedimian y gana.	소서러 마스터는 자신과의 마법 대련에서 승리해야 마법을 가르쳐 주겠다고 합니다. 페디미안 공터 광장에서 소서러 마스터와 대련하여 승리하세요.				
QUEST_JOBSTEP_20150317_001518	Ganaste el duelo con el Maestro Hechicero. Háblale de nuevo.	소서러 마스터와의 대련에서 승리하였습니다. 소서러 마스터와 대화해 보세요.				
QUEST_JOBSTEP_20150317_001519	Reconocimiento del Hechicero	소서러의 인정				
QUEST_JOBSTEP_20150317_001520	Habla con el Maestra Nigromante	네크로맨서 마스터와 대화				
QUEST_JOBSTEP_20150317_001521	Habla con el Maestra Nigromante en Fedimian	페디미안에 있는 네크로맨서 마스터와 대화하세요.				
QUEST_JOBSTEP_20150317_001522	Batalla contra el Maestra Nigromante	네크로맨서 마스터와 전투				
QUEST_JOBSTEP_20150317_001523	El Maestra Nigromante te dijo que deberías poseer un espíritu fuerte. Duela con el Maestra Nigromante y gana.	네크로맨서 마스터는 영혼이 강인한 사람이어야 한다고 합니다. 네크로맨서 마스터와 대련하여 승리하세요.				
QUEST_JOBSTEP_20150317_001524	Ganaste después de duelar con el Maestra Nigromante. Habla con el Maestra Nigromante.	네크로맨서 마스터와의 대련에서 승리하였습니다. 네크로맨서 마스터와 대화하세요.				
QUEST_JOBSTEP_20150317_001525	Reconocimiento del Nigromante	네크로맨서의 인정				
QUEST_JOBSTEP_20150317_001526	Habla con el Maestra Druida	드루이드 마스터와 대화				
QUEST_JOBSTEP_20150317_001527	Encuentra al Maestra Druida en Fedimian	페디미안에 있는 드루이드 마스터를 찾아가세요.				
QUEST_JOBSTEP_20150317_001528	Duela contra el Maestra Druida	드루이드 마스터와 대련				
QUEST_JOBSTEP_20150317_001529	El Maestra Druida te dijo que tus sentidos desconocidos se despertarían al duelar. Ve a la plaza vacía y duela con el Maestra Druida.	드루이드는 대련을 통해 특별한 감각을 일깨워 줄 수 있을 거라고 합니다. 광장 공터로 내려가 드루이드 마스터와 대련하세요.				
QUEST_JOBSTEP_20150317_001530	Puedes sentir nuevos sentidos después de duelar con el Maestra Druida. Habla con el Maestra Druida.	드루이드 마스터와의 대련을 통해 뭔가 특별한 감각이 느껴지는 것 같습니다. 드루이드 마스터와 대화하세요.				
QUEST_JOBSTEP_20150317_001531	Reconocimiento del Druida	드루이드의 인정				
QUEST_JOBSTEP_20150317_001532	Habla con el Maestro Enlazador en la Mina de Cristal de Siauliai	샤울레이 광산 마을에 있는 링커 마스터와 대화해 보세요.				
QUEST_JOBSTEP_20150317_001533	Duela con el Maestro Enlazador	링커 마스터와 대련				
QUEST_JOBSTEP_20150317_001534	El Maestro Enlazador quiere probar la calidad del Maná a través de un duelo. Duela contra el Maestro Enlazador y gana.	링커 마스터는 대련으로써 마나의 질을 시험해 보겠다고 합니다. 링커 마스터와 대련하여 승리를 거두세요.				
QUEST_JOBSTEP_20150317_001535	Puedes sentir la calidad del Maná mejorada después de duelar con el Maestro Enlazador. Habla con el Maestro Enlazador.	링커 마스터와의 대련으로 마나의 질이 좀 더 좋아진 느낌입니다. 링커 마스터와 대화해 보세요.				
QUEST_JOBSTEP_20150317_001536	Reconocimiento del Enlazador	링커의 인정				
QUEST_JOBSTEP_20150317_001537	Evalúa tu propia competencia duelando con el Maestro Cazador	헌터 마스터와 대련을 통해 실력 평가				
QUEST_JOBSTEP_20150317_001538	El Maestro Cazador quiere que te demuestres a ti mismo usando un arco. ¡Duela contra el Maestro Cazador y gana!	헌터 마스터는 활로서 자신을 증명할 것을 원하고 있습니다. 헌터 마스터와 싸워 이기세요!				
QUEST_JOBSTEP_20150317_001539	Ganaste contra el Maestro Cazador. Repórtate con el Maestro Cazador.	헌터 마스터에게 승리하였습니다. 헌터 마스터와 다시 대화해 보세요.				
QUEST_JOBSTEP_20150317_001540	Reconocimiento del Cazador	헌터의 인정				
QUEST_JOBSTEP_20150317_001541	Habla con el Maestro Highlander en Klaipeda	클라페다에 있는 하이랜더 마스터와 대화해 보세요.				
QUEST_JOBSTEP_20150317_001542	Derrota a los Hombres Sparnas en el Valle Rhombuspaving	마름포석골의 스파나스맨 처치				
QUEST_JOBSTEP_20150317_001543	El Maestro Highlander te pidió demostrar tus habilidades. Derrota a los Hombres Sparnas en el Valle Rhombuspaving para demostrar tus habilidades.	하이랜더 마스터는 실력을 증명할 것을 요구하고 있습니다. 마름포석골의 스파나스맨을 처치해서 증명하세요.				
QUEST_JOBSTEP_20150317_001544	Derrotaste a Sparnasman. Repórtate con el Maestro Highlander.	스파나스맨을 처치했습니다. 하이랜더 마스터와 다시 대화하세요.				
QUEST_JOBSTEP_20150317_001545	Habla con la Maestra Peltasta en Klaipeda.	클라페다에 있는 펠타스타 마스터와 대화하세요.				
QUEST_JOBSTEP_20150317_001546	Derrota a Chapparition	채퍼리션 처치				
QUEST_JOBSTEP_20150317_001547	La Maestra Peltasta te dijo que si quieres sostener un escudo, debes tener valor. Derrota a Chapparition en la Torre de Magos 1er Piso.	펠타스타 마스터는 방패를 들려면 그만한 담력도 갖추어야 한다고 합니다. 마법사의 탑 1층에서 채퍼리션을 처치하세요.				
QUEST_JOBSTEP_20150317_001548	Derrotaste a Chapparition. Repórtate con la Maestra Peltasta.	채퍼리션을 처치했습니다. 펠타스타 마스터와 다시 대화해 보세요.				
QUEST_JOBSTEP_20150317_001549	Habla con el Maestro Krivis en Klaipeda	클라페다에 있는 크리비 마스터와 대화해 보세요.				
QUEST_JOBSTEP_20150317_001550	Duela con el Maestro Krivis	크리비 마스터와 대련				
QUEST_JOBSTEP_20150317_001551	El Maestro Krivis está enfatizando la fuerte determinación que no cambia en ninguna situación. Duela con el Maestro Krivis en la Sala de Entrenamiento del Maestro Highlander y gana.	크리비 마스터는 어떤 극한 상황에서도 절대 흔들리지 않는 신상심을 강조하고 있습니다. 하이랜더 마스터의 방에서 크리비 마스터와 대련하여 승리를 거두세요.				
QUEST_JOBSTEP_20150317_001552	Ganaste contra el Maestro Krivis. Habla con el Maestro Krivis.	크리비 마스터와의 대련에서 승리를 거두었습니다. 크리비 마스터와 다시 대화해 보세요.				
QUEST_JOBSTEP_20150317_001553	Reconocimiento del Krivis	크리비의 인정				
QUEST_JOBSTEP_20150317_001554	Habla con el Maestro Sacerdote en Klaipeda.	클라페다에 있는 프리스트 마스터와 대화하세요.				
QUEST_JOBSTEP_20150317_001555	Duela con el Maestro Sacerdote	프리스트 마스터와 대련				
QUEST_JOBSTEP_20150317_001556	El Maestro Sacerdote te dijo que tu poder radica en tu fe. Duela contra el Maestro Sacerdote en la Sala de Entrenamiento del Maestro Highlander y gana.	프리스트 마스터는 신실함이 곧 힘이라고 합니다. 하이랜더 마스터의 방에서 프리스트 마스터와 대련하여 승리를 거두세요.				
QUEST_JOBSTEP_20150317_001557	Ganaste contra el Maestro Sacerdote. Habla con el Maestro Sacerdote de nuevo.	프리스트 마스터와의 대련에서 승리를 거두었습니다. 프리스트 마스터와 다시 대화해 보세요.				
QUEST_JOBSTEP_20150317_001558	Reconocimiento del Sacerdote	프리스트의 인정				
QUEST_JOBSTEP_20150317_001559	Encuentra al Maestro Espadachín en Klaipeda	클라페다에 있는 소드맨 마스터를 찾아가세요.				
QUEST_JOBSTEP_20150317_001560	Derrota al Minotauro en la Torre de Magos 3er Piso	마법사의 탑 3층의 미노타우로스 처치				
QUEST_JOBSTEP_20150317_001561	El Maestro Espadachín te dijo que no es sabio dudar al usar una espada. Derrota al Minotauro en la Torre de Magos 3er Piso.	소드맨은 검에 망설임이 있어서는 안된다고 합니다. 마법사의 탑 3층에서 미노타우로스를 처치하세요.				
QUEST_JOBSTEP_20150317_001562	Derrotaste al Minotauro. Repórtate con el Maestro Espadachín.	미노타우로스를 처치했습니다. 소드맨 마스터와 다시 대화하세요.				
QUEST_JOBSTEP_20150317_001563	Habla con el Maestro Centurión en Fedimian	페디미안의 센츄리온 마스터와 대화				
QUEST_JOBSTEP_20150317_001564	Encuentra al Maestro Centurión en Fedimian	페디미안에 있는 센츄리온 마스터를 찾아가세요.				
QUEST_JOBSTEP_20150317_001565	Duela contra el Maestro Centurión	센츄리온 마스터와 대련				
QUEST_JOBSTEP_20150317_001566	El Maestro Centurión te dijo que demuestres tus habilidades duelando contra él. Duela contra el Maestro Centurión y gana.	센츄리온 마스터는 대련을 통해 실력을 증명하라고 합니다. 센츄리온 마스터와의 대련에서 승리하세요.				
QUEST_JOBSTEP_20150317_001567	Habla con el Maestro Centurión	센츄리온 마스터와 대화				
QUEST_JOBSTEP_20150317_001568	Ganaste después de duelar contra el Maestro Centurión. Habla con el Maestro Centurión de nuevo.	대련에서 승리하였습니다. 센츄리온 마스터와 다시 대화하세요.				
QUEST_JOBSTEP_20150317_001569	Reconocimiento a Centurión	센츄리온의 인정				
QUEST_JOBSTEP_20150317_001570	Habla con el Maestro Sadhu	사두 마스터와 대화				
QUEST_JOBSTEP_20150317_001571	Habla con el Maestro Sadhu en Fedimian	페디미안에서 사두 마스터와 대화해 보세요.				
QUEST_JOBSTEP_20150317_001572	Duela con el Maestro Sadhu	사두 마스터와 대련				
QUEST_JOBSTEP_20150317_001573	Duela contra el Maestro Sadhu en el lote vacío de la plaza y gana.	광장 공터에서 사두 마스터와 대련하여 승리를 거두세요.				
QUEST_JOBSTEP_20150317_001574	Ganaste contra el Maestro Sadhu. Habla con el Maestro Sadhu de nuevo.	사두 마스터에게 승리하였습니다. 사두 마스터와 다시 대화해 보세요.				
QUEST_JOBSTEP_20150317_001575	Reconocimiento del Sadhu	사두의 인정				
QUEST_JOBSTEP_20150317_001576	Llamado del Maestro Hackapell	하카펠 마스터의 부름				
QUEST_JOBSTEP_20150317_001577	El Maestro Hackapell te está buscando en Fedimian	페디미안에서 하카펠 마스터가 당신을 찾고 있습니다				
QUEST_JOBSTEP_20150317_001578	Duela contra el Maestro Hackapell	하카펠 마스터와의 대련				
QUEST_JOBSTEP_20150317_001579	El Maestro Hackapell te dijo que puede enseñarte cuando sepa lo que te falta. Duela contra el Maestro Hackapell.	하카펠 마스터는 어떤 것이 부족한 지 알아야 가르칠 수 있다고 합니다. 하카펠 마스터와의 대련에서 승리하세요.				
QUEST_JOBSTEP_20150317_001580	Habla con el Maestro Hackapell	하카펠 마스터와 대화				
QUEST_JOBSTEP_20150317_001581	Ganaste contra el Maestro Hackapell. Habla con el Maestro Hackapell de nuevo.	하카펠 마스터와의 대련에서 승리하였습니다. 다시 하카펠 마스터와 대화하세요.				
QUEST_JOBSTEP_20150317_001582	Reconocimiento del Hackapell	하카펠의 인정				
QUEST_JOBSTEP_20150317_001583	Habla con el Maestra Wugushi	무고사 마스터와 대화				
QUEST_JOBSTEP_20150317_001584	Habla con el Maestra Wugushi en Fedimian	페디미안에 있는 무고사 마스터와 대화해 보세요.				
QUEST_JOBSTEP_20150317_001585	Duela con el Maestra Wugushi	무고사 마스터와 대련				
QUEST_JOBSTEP_20150317_001586	El Maestra Wugushi te dijo que el fin justifica los medios cuando se trata de victoria y supervivencia. Duela contra el Maestra Wugushi en el lote vacío de la plaza.	무고사 마스터는 싸움에 있어 비겁하더라도 살아남는 쪽이 진정한 승리자라고 합니다. 페디미안의 광장 공터에서 무고사 마스터와 대련하세요.				
QUEST_JOBSTEP_20150317_001587	Ganaste contra el Maestra Wugushi. Habla con el Maestra Wugushi.	무고사 마스터와의 대련에서 승리하였습니다. 무고사 마스터와 다시 대화해 보세요.				
QUEST_JOBSTEP_20150317_001588	Reconocimiento del Wugushi	무고사의 인정				
QUEST_JOBSTEP_20150317_001589	Habla con el Maestro Rodelero en Fedimian	페디미안에 있는 로렐레로 마스터와 대화하세요.				
QUEST_JOBSTEP_20150317_001590	Mejora un Escudo a nivel 6	방패 계열 장비를 6단계로 강화				
QUEST_JOBSTEP_20150317_001591	El Maestro Rodelero te pide presentarle un escudo de Nv 6 o superior. Mejora tu Escudo para obtener el Reconocimiento del Maestro Rodelero	로렐렉로 마스터는 6단계 정도 강화된 방패를 가져오라고 합니다. 방패 계열 장비를 강화해 로델레로 마스터의 인정을 받으세요.				
QUEST_JOBSTEP_20150317_001592	Mejoraste exitosamente el escudo a nivel 6. Repórtate con el Maestro Rodelero.	방패 계열의 장비를 6단계로 강화하는데 성공하였습니다. 로델레로 마스터에게 보고하세요.				
QUEST_JOBSTEP_20150317_001593	Habla con el Maestro Escudero	스콰이어 마스터와 대화				
QUEST_JOBSTEP_20150317_001594	Encuéntrate con el Maestro Escudero en Fedimian	페디미안에 있는 스콰이어 마스터를 찾아 가세요.				
QUEST_JOBSTEP_20150317_001595	Demuestra tus habilidades duelando contra el Maestro Escudero	스콰이어 마스터와 대련해서 실력을 증명				
QUEST_JOBSTEP_20150317_001596	Demuestra tus habilidades duelando contra el Maestro Escudero	스콰이어 마스터와의 대련을 통해 실력을 증명하세요.				
QUEST_JOBSTEP_20150317_001597	Ganaste contra el Maestro Escudero. Habla con el Maestro Escudero de nuevo.	스콰이어 마스터와의 대련에서 승리를 거두었습니다. 스콰이어 마스터와 다시 대화해 보세요.				
QUEST_JOBSTEP_20150317_001598	Duela contra el Maestro Escudero	스콰이어 마스터와 대련				
QUEST_JOBSTEP_20150317_001599	Habla con el Maestro Taumaturgo	쏘마터지 마스터와 대화				
QUEST_JOBSTEP_20150317_001600	Habla con el Maestro Taumaturgo en Fedimian	페디미안에 있는 쏘마터지 마스터와 대화하세요.				
QUEST_JOBSTEP_20150317_001601	Recoge los documentos de investigación mágica en la Torre de los Magos, 3.ª planta.	마법사의 탑 3층에서 마법 연구 자료 모으기				
QUEST_JOBSTEP_20150317_001602	El Maestro Taumaturgo te dijo que si le ayudas con su tarea, te ayudará a convertirte en Taumaturgo. Recolecta los documentos de investigación mágica que los magos abandonaron en la Torre de Magos 3er Piso.	쏘마터지 마스터는 자신의 일을 도와준다면 쏘마터지가 될 수 있도록 도와주겠다고 합니다. 마법사의 탑 3층에서 마법사들이 버리고 도망친 마법 연구 자료를 모아다 주세요.				
QUEST_JOBSTEP_20150317_001603	Dáselo al Maestro Taumaturgo	쏘마터지 마스터에게 전달				
QUEST_JOBSTEP_20150317_001604	Adquiriste todos los materiales de investigación mágica. Entrégaselos al Maestro Taumaturgo.	마법 연구 자료를 모두 모은 것 같습니다. 쏘마터지 마스터에게 마법 연구 자료를 가져다 주세요.				
QUEST_JOBSTEP_20150317_001605	Habla con el Maestro Elementalista en Fedimian	페디미안에 있는 엘레멘탈리스트 마스터와 대화하세요.				
QUEST_JOBSTEP_20150317_001606	Completa la tarea del Maestro Elementalista	엘레멘탈리스트 마스터의 과제 수행				
QUEST_JOBSTEP_20150317_001607	Obtén fluidos corporales de limos en la Torre de los Magos 2F, fragmentos de huesos de Hallowventers en Crystal Brook y núcleos activadores de gólems en Grave in Tree Dale.	마법사의 탑에서 2층 슬라임의 체액, 수정개울에서 할로우벤터의 뼛조각, 머무르는 나뭇골의 묘지 골렘의 구동핵을 구해 오세요.				
QUEST_JOBSTEP_20150317_001608	Entrega la tarea al Maestro Elementalista	엘레멘탈리스트 마스터에게 과제 전달				
QUEST_JOBSTEP_20150317_001609	Completaste la tarea del Maestro Elementalista. Entrégale los ingredientes al Maestro Elementalista.	엘레멘탈리스트 마스터의 과제를 훌륭히 수행했습니다. 엘레멘탈리스트 마스터에게 과제였던 재료를 가져다 주세요.				
QUEST_JOBSTEP_20150317_001610	Slime	슬라임				
QUEST_JOBSTEP_20150317_001611	Golems de lápida	비석 골렘				
QUEST_JOBSTEP_20150317_001612	Habla con el Maestro Explorador	스카우트 마스터와 대화				
QUEST_JOBSTEP_20150317_001613	Habla con el Maestro Explorador en Fedimian	페디미안에 있는 스카우트 마스터와 대화해 보세요.				
QUEST_JOBSTEP_20150317_001614	Duela contra el Maestro Explorador	스카우트 마스터와 대련				
QUEST_JOBSTEP_20150317_001615	El Maestro Explorador te dijo que las habilidades de batalla son tan importantes como las de esconderse. Duela contra el Maestro Explorador y demuestra tus habilidades.	스카우트 마스터는 은신 기술 뿐만이 아니라 전투 기술도 중요하다고 합니다. 스카우트 마스터와의 대련에서 자신을 증명하세요.				
QUEST_JOBSTEP_20150317_001616	Ganaste contra el Maestro Explorador. Habla con el Maestro Explorador.	스카우트 마스터와의 대련에서 승리하였습니다. 스카우트 마스터와 대화해 보세요.				
QUEST_JOBSTEP_20150317_001617	Habla con el Maestro Paladín	팔라딘 마스터와 대화				
QUEST_JOBSTEP_20150317_001618	Habla con el Maestro Paladín en los Acantilados Esmeralda.	옥빛서린 벼랑에 있는 팔라딘 마스터와 대화하세요.				
QUEST_JOBSTEP_20150317_001619	El Maestro Paladín te dijo que es importante obedecer la justicia y la fe en el nombre de las diosas. Derrota a los Hombres Sparnas en el Valle Rhombuspaving para probar tu fidelidad.	팔라딘 마스터는 정의와 신념을 여신의 이름으로 행하는 것이 중요하다고 합니다. 마름포석골에 있는 스파나스맨을 처치하여 신앙심을 증명하세요.				
QUEST_JOBSTEP_20150317_001620	Repórtate con el Maestro Paladín	팔라딘 마스터에게 보고				
QUEST_JOBSTEP_20150317_001621	Lograste derrotar a Sparnasman. Repórtate con el Maestro Paladín.	스파나스맨을 처치하는데 성공하였습니다. 팔라딘 마스터에게 보고하세요.				
QUEST_JOBSTEP_20150317_001622	Habla con el Maestro Catafracto	캐터프랙트 마스터와 대화				
QUEST_JOBSTEP_20150317_001623	Habla con el Maestro Catafracto en el Camino Alto Torcido.	높이굽은 길에 있는 캐터프랙트 마스터와 대화하세요.				
QUEST_JOBSTEP_20150317_001624	Derrota a los Hombres Sparnas en el Valle Rhombuspaving para demostrar tus habilidades al Maestro Catafracto.	캐터프랙트 마스터에게 마름포석골에 있는 스파나스맨을 처치하여 실력을 증명하세요.				
QUEST_JOBSTEP_20150317_001625	Repórtate con el Maestro Catafracto	캐터프랙트 마스터에게 보고				
QUEST_JOBSTEP_20150317_001626	Lograste derrotar a Sparnasman. Repórtate con el Maestro Catafracto.	스파나스맨을 처치하는데 성공하였습니다. 캐터프랙트 마스터에게 보고하세요.				
QUEST_JOBSTEP_20150317_001627	Habla con el Maestro Sacerdote en Klaipeda.	클라페다의 프리스트 마스터와 대화하세요.				
QUEST_JOBSTEP_20150317_001628	Consigue el bolso con aura maligna de los Vubbes en la Mina de Cristal 1er Piso	수정광산 1층 부베들에게 마기가 깃든 주머니 획득				
QUEST_JOBSTEP_20150317_001629	El Maestro Sacerdote te pide derrotar a los Vubbes que ocupan la Mina de Cristal 1er Piso como prueba de tu fe	프리스트 마스터는 신실함의 증명으로 수정광산 1층을 점령한 부베들을 처치하고 				
QUEST_JOBSTEP_20150317_001630	Bolsa de energía maligna imbuida	마기가 깃든 주머니				
QUEST_JOBSTEP_20150317_001631	 de los Vubbes.	를 구해오라고 했습니다.				
QUEST_JOBSTEP_20150317_001632	Dale los bolsos al Maestro Sacerdote	프리스트 마스터에게 전달				
QUEST_JOBSTEP_20150317_001633	Reuniste los bolsos con energía maligna. Llévaselos al Maestro Sacerdote.	마기가 깃든 주머니를 모두 구했습니다. 프리스트 마스터에게 전달해 주세요.				
QUEST_JOBSTEP_20150317_001634	Tengo la bolsa con energía maligna.	마기가 담긴 주머니 획득				
QUEST_JOBSTEP_20150317_001635	Habla con el Maestro Krivis en Klaipeda.	클라페다에 있는 크리비 마스터와 대화하세요.				
QUEST_JOBSTEP_20150317_001636	Investigación del hermano Krivis	크리비 형제 수색				
QUEST_JOBSTEP_20150317_001637	El Maestro Krivis te dijo que un hermano Krivis ha desaparecido mientras cargaba una reliquia sagrada. Busca al hermano Krivis en la Aldea Minera de Siauliai.	크리비 마스터는 성물을 운반하던 크리비 형제가 실종되었다고 합니다. 샤울레이 광산 마을에 숨어있는 크리비 형제를 찾아 보세요.				
QUEST_JOBSTEP_20150317_001638	Habla con el Hermano Krivis	크리비 형제와 대화				
QUEST_JOBSTEP_20150317_001639	Has encontrado al hermano Krivis que había desaparecido. Habla con él.	숨어 있는 크리비 형제를 찾았습니다. 크리비 형제와 대화해 보세요.				
QUEST_JOBSTEP_20150317_001640	Derrota a los Vubbes que van tras la reliquia sagrada	성물을 노리는 부베들을 처치하세요				
QUEST_JOBSTEP_20150317_001641	Habla con el Maestro Espadachín	클라페다에 있는 소드맨 마스터와 대화하세요				
QUEST_JOBSTEP_20150317_001642	Recolecta los corazones de las Orcas de Piedra en la Mina de Cristal 1er Piso	수정광산1층에서 스톤오르카의 심장 수집				
QUEST_JOBSTEP_20150317_001643	El Maestro Espadachín te pidió demostrar que eres bueno manejando espadas. Derrota a las Orcas de Piedra en la Mina de Cristal 1er Piso y recolecta los corazones de Orca de Piedra.	소드맨 마스터는 스스로가 검에 어울리는 사람인지 증명하라고 하였습니다. 수정광산 1층에서 스톤오르카를 처치하고 스톤오르카의 심장을 수집해 오세요.				
QUEST_JOBSTEP_20150317_001644	Entrégaselo al Maestro Espadachín	소드맨 마스터에게 전달				
QUEST_JOBSTEP_20150317_001645	Recolectaste suficientes corazones de Orcas de Piedra. Entrégaselos al Maestro Espadachín.	스톤오르카의 심장을 모두 모았습니다. 소드맨 마스터에게 스톤오르카의 심장을 전해 주세요.				
QUEST_JOBSTEP_20150317_001646	Conseguiste los corazones de Orca de Piedra	스톤오르카의 심장 획득				
QUEST_JOBSTEP_20150317_001647	Habla con el Maestro Mago en Klaipeda.	클라페다의 위저드 마스터와 대화하세요.				
QUEST_JOBSTEP_20150317_001648	Derrota a Despojos	쉬레디드를 처치				
QUEST_JOBSTEP_20150317_001649	El Maestro Mago habló sobre la importancia de la voluntad fuerte. Derrota a Despojos en la Mina de Cristal 1er Piso y regresa con el Maestro Mago.	위저드 마스터는 근성의 중요성에 대해 강조하고 있습니다. 수정광산 1층에서 쉬레디드를 처치하고 위저드 마스터에게 돌아가세요.				
QUEST_JOBSTEP_20150317_001650	Derrotaste suficientes Despojos. Repórtate con el Maestro Mago.	쉬레디드를 모두 처치하였습니다. 위저드 마스터에게 돌아가 보고하세요.				
QUEST_JOBSTEP_20150317_001651	Aniquila a los Despojos	쉬레디드 말살				
QUEST_JOBSTEP_20150317_001652	Habla con el Maestro Arquero en Klaipeda.	클라페다의 아처 마스터와 대화하세요.				
QUEST_JOBSTEP_20150317_001653	Obtén alas de murciélago derrotando murciélagos.	박쥐를 처치해 박쥐의 날개 획득				
QUEST_JOBSTEP_20150317_001654	El Maestro Arquero quiere probar si estás calificado para recibir el mapa. Obtén alas de murciélago en la Mina de Cristal 1er Piso	아처 마스터는 자신의 지도를 받을 자격이 되는지 확인하려고 합니다. 수정광산 1층의 박쥐들에게 박쥐 날개을 모아오세요.				
QUEST_JOBSTEP_20150317_001655	Entrégaselas al Maestro Arquero	아처 마스터에게 전달				
QUEST_JOBSTEP_20150317_001656	Recolectaste suficientes alas de murciélago. Entrégaselas al Maestro Arquero.	박쥐 날개를 전부 모았습니다. 아처 마스터에게 박쥐 날개를 전해 주세요.				
QUEST_JOBSTEP_20150317_001657	Obtén alas de murciélago	박쥐 날개 획득				
QUEST_JOBSTEP_20150317_001658	Habla con el Maestro Clérigo en Klaipeda.	클라페다의 클레릭 마스터와 대화하세요.				
QUEST_JOBSTEP_20150317_001659	Consigue ungüentos verdes de los Vubbes en la Mina de Cristal 1er Piso	수정광산 1층의 부베에게서 녹색 고약 수집				
QUEST_JOBSTEP_20150317_001660	El Maestro Clérigo dice que puedes aspirar a llegar más alto a través del servicio. Derrota a los Vubbes en la Mina de Cristal 1er Piso y reúne ungüento verde.	클레릭 마스터는 봉사로써 더욱 높은 경지를 바라볼 수 있다고 합니다. 수정광산 1층의 부베들을 처치하고 녹색 고약을 모아 오세요.				
QUEST_JOBSTEP_20150317_001661	Dáselos al Maestro Clérigo	클레릭 마스터에게 전달				
QUEST_JOBSTEP_20150317_001662	Reuniste suficiente ungüento verde. Llévaselo al Maestro Clérigo.	녹색 고약을 충분히 모았습니다. 클레릭 마스터에게 전해 주세요.				
QUEST_JOBSTEP_20150317_001663	Recolecta %s de los Vubbes	부베에게서 %s 수집				
QUEST_JOBSTEP_20150317_001664	Conseguiste ungüento verde	녹색 고약 획득				
QUEST_JOBSTEP_20150317_001665	Encontraste al hermano de Krivis. Habla con él y tráelo de vuelta sano y salvo.	크리비 형제를 찾았습니다. 크리비 형제를 무사히 돌려보내기 위해 크리비 형제와 대화해 보세요.				
QUEST_JOBSTEP_20150317_001666	Entrega la reliquia sagrada al Maestro Krivis	크리비 마스터에게 성물 전달				
QUEST_JOBSTEP_20150317_001667	El hermano Krivis te dijo que fueras primero con la reliquia sagrada ya que le quedaba algo por hacer. Entrégale la reliquia sagrada al Maestro Krivis.	크리비 형제는 남은 일이 있다며 성물을 먼저 가지고 가라고 합니다. 크리비 마스터에게 성물을 전달하세요.				
QUEST_JOBSTEP_20150317_001668	Encuéntrate con el Maestro Espadachín	소드맨 마스터 찾아가기				
QUEST_JOBSTEP_20150317_001669	Encuéntrate con el Maestro Espadachín en Klaipeda	클라페다에 있는 소드맨 마스터를 찾아 가세요.				
QUEST_JOBSTEP_20150317_001670	Usa el orbe provocador en la Ruta de la Penitencia de la Gran Catedral	대성당의 참회로에서 도발용 보주 사용				
QUEST_JOBSTEP_20150317_001671	El Maestro Espadachín enseñó que el valor para proteger a los aliados es muy importante. Provoca a los monstruos usando el orbe provocador en la Ruta de la Penitencia de la Gran Catedral y derrótalos.	소드맨 마스터는 동료를 지켜줄 수 있는 용기를 중요시하고 있습니다. 대성당의 참회로에서 도발용 보주로 몬스터를 도발한 후 처치하세요.				
QUEST_JOBSTEP_20150317_001672	Cumpliste la cantidad que el Maestro Espadachín pidió. Repórtate con el Maestro Espadachín.	소드맨 마스터가 요구한 할당량을 모두 채웠습니다. 소드맨 마스터에게 돌아가 보고하세요.				
QUEST_JOBSTEP_20150317_001673	Encuentra al Maestro Highlander	하이렌더 마스터 찾아가기				
QUEST_JOBSTEP_20150317_001674	Encuentra al Maestro Highlander en Klaipeda.	클라페다에 있는 하이랜더 마스터를 찾아 가세요.				
QUEST_JOBSTEP_20150317_001675	Encuentra a la Maestra Peltasta	펠타스타 마스타 찾아가기				
QUEST_JOBSTEP_20150317_001676	El Maestro Highlander te dijo que si pudieras ayudar a la Maestra Peltasta, te ofrecerá alguna lección. Habla con la Maestra Peltasta.	하이랜더 마스터는 펠타스타 마스터의 일을 돕는다면 가르침을 주겠다고 합니다. 펠타스타 마스터를 찾아 가세요.				
QUEST_JOBSTEP_20150317_001677	La Maestra Peltasta tiene prisa. Habla con la Maestra Peltasta de nuevo.	펠타스타 마스터는 매우 급한 사안이 있는 것 같습니다. 펠타스타 마스터와 다시 대화하세요.				
QUEST_JOBSTEP_20150317_001678	Encuéntrate con Uska	기사단장 우스카 찾아가기				
QUEST_JOBSTEP_20150317_001679	La Maestra Peltasta te dijo que Uska recibió una solicitud, pero como no tiene tiempo, no puede apoyarla. Encuéntrate con Uska en nombre de la Maestra Peltasta.	펠타스타 마스터는 기사단장 우스카에서 지원 요청이 왔지만 도저히 짬이 안나 지원에 요청해 줄 수 없었다고 합니다. 펠타스타 마스터 대신 기사단장 우스카를 찾아가 보세요.				
QUEST_JOBSTEP_20150317_001680	Le dijiste que ayudarías a Uska en nombre de los Maestros Highlander y Peltasta. Habla con Uska de nuevo.	바쁜 하이랜더 마스터와 펠타스타 마스터를 대신하여 기사단장 우스카를 돕겠다고 하였습니다. 기사단장 우스카와 다시 대화해 보세요.				
QUEST_JOBSTEP_20150317_001681	Derrota la fuente del rumor en la Mina de Cristal 2do Piso	수정광산 2층의 소문의 원흉 처치				
QUEST_JOBSTEP_20150317_001682	Uska te dijo que el trabajo necesita comenzar de nuevo en la Mina de Cristal, pero no puede debido al monstruo gigantesco en la Mina de Cristal 2do Piso. Elimina la fuente del rumor en la Mina de Cristal 2do Piso.	기사단장 우스카는 수정광산을 빨리 재개해야 하는데 수정광산 2층의 거대한 몬스터때문에 작업을 재개할 수 없다고 합니다. 수정광산 2층으로 가서 소문의 원흉을 제거하세요.				
QUEST_JOBSTEP_20150317_001683	Repórtate con el Comandante de Caballeros Uska	기사단장 우스카에게 보고				
QUEST_JOBSTEP_20150317_001684	El rumor provenía de Bearkaras. Informa a Uska cuando lo derrotes.	소문의 원흉은 베아카라스였습니다. 베아카라스를 처치한 것을 기사단장 우스카에게 보고하세요.				
QUEST_JOBSTEP_20150317_001685	Ahora es momento de regresar con el Maestro Highlander de nuevo ya que completaste la solicitud. Habla con Uska de nuevo.	의뢰를 완료했으니 다시 하이랜더 마스터에게 돌아가 볼 시간입니다. 기사단장 우스카와 대화해 보세요.				
QUEST_JOBSTEP_20150317_001686	Regresa con el Maestro Highlander	하이랜더 마스터에게 돌아가기				
QUEST_JOBSTEP_20150317_001687	Completaste la solicitud de Uska. Regresa con el Maestro Highlander.	기사단장 우스카의 의뢰를 완료했습니다. 하이랜더 마스터에게 돌아가 보세요.				
QUEST_JOBSTEP_20150317_001688	Encuentra a la Maestra Peltasta	펠타스타 마스터 찾아가기				
QUEST_JOBSTEP_20150317_001689	Encuéntrate con la Maestra Peltasta en Klaipeda	클라페다에 있는 펠타스타 마스터를 찾아가 보세요.				
QUEST_JOBSTEP_20150317_001690	Encuentra al Maestro Highlander	하이랜더 마스터 찾아가기				
QUEST_JOBSTEP_20150317_001691	La Maestra Peltasta dice que los Highlander no están cumpliendo su promesa de suministrar escudos. Dice que te permitirá aprender si te encargas de este problema. Primero, ve con el Maestro Highlander.	펠타스타 마스터는 하이랜더가 방패 보급 약속을 지키지 않는다며 이 건을 해결해 주면 펠타스타의 가르침을 받도록 해주겠다고 합니다. 먼저 하이랜더 마스터에게 찾아가 보세요.				
QUEST_JOBSTEP_20150317_001692	Habla con el Maestro Highlander	하이랜더 마스터 대화				
QUEST_JOBSTEP_20150317_001693	El Maestro Highlander parece muy arrepentido, pero no puedes rendirte. Habla con el Maestro Highlander de nuevo.	하이랜더 마스터는 무척 미안해하는 눈치인듯 합니다만, 물러설 수 없습니다. 하이랜더 마스터와 다시 대화해 보세요.				
QUEST_JOBSTEP_20150317_001694	Encuéntrate con el Maestro Fletcher	플레쳐 마스터 찾아가기				
QUEST_JOBSTEP_20150317_001695	Parece que algo le pasó al Maestro Fletcher a quien el Maestro Highlander solicitó el intercambio. Encuéntrate con el Maestro Fletcher en el Valle del Árbol Remanente.	하이랜더 마스터가 거래를 의뢰한 플레쳐 마스터에게 무슨 일이 생긴 것 같습니다. 머무르는 나뭇골에 있는 플레쳐 마스터를 찾아가 보세요.				
QUEST_JOBSTEP_20150317_001696	Habla con el Maestro Fletcher	플레쳐 마스터와 대화				
QUEST_JOBSTEP_20150317_001697	El Maestro Fletcher te dijo que regresaras, pero no puedes. Háblale de nuevo.	플레쳐 마스터는 돌아가라고 했지만, 물러설 수 없습니다. 플레쳐 마스터와 다시 대화해 보세요.				
QUEST_JOBSTEP_20150317_001698	Derrota a los Moas en el Arroyo de Cristal	수정개울에서 모아 처치				
QUEST_JOBSTEP_20150317_001699	El Maestro Fletcher te dijo que si pudieras derrotar a los Moas, avanzará tu solicitud. Derrota a los Moas que están atacando a los comerciantes que viajan entre el Arroyo de Cristal y Fedimian.	플레쳐 마스터는 재료를 부순 모아를 처치해 준다면 순서를 앞당겨 준다고 합니다. 수정개울에서 페디미안을 왕래하는 상인들을 습격하는 모아를 처치하세요.				
QUEST_JOBSTEP_20150317_001700	Repórtate con el Maestro Fletcher	플레쳐 마스터에게 보고				
QUEST_JOBSTEP_20150317_001701	Lograste derrotar a los Moas que estaban atacando a los comerciantes. Repórtate con el Maestro Fletcher.	상인들을 공격하는 모아를 처치하는데 성공했습니다. 플레쳐 마스터에게 돌아가 보고하세요.				
QUEST_JOBSTEP_20150317_001702	Ya que derrotaste a los Moas, crees que puedes obtener una promesa firme de recibir los suministros. Habla con el Maestro Fletcher de nuevo.	모아도 처치했으니 물자 보급에 대한 확실한 약속을 받아낼 수 있을 것 같습니다. 플레쳐 마스터와 다시 대화해 보세요.				
QUEST_JOBSTEP_20150317_001703	Repórtate con la Maestra Peltasta	펠타스타 마스터에게 보고				
QUEST_JOBSTEP_20150317_001704	Recibiste una promesa firme del Maestro Fletcher sobre recibir los suministros. Regresa con la Maestra Peltasta y reporta.	플레쳐 마스터에게서 물자 보급에 대한 확실한 약속을 받았습니다. 펠타스타 마스터에게 돌아가 보고하세요.				
QUEST_JOBSTEP_20150317_001705	Encuéntrate con el Maestro Corsario	커세어 마스터 찾아가기				
QUEST_JOBSTEP_20150317_001706	Encuéntrate con el Maestro Corsario en el Camino del Demonio Hambriento	큰아귀 길에 있는 커세어 마스터를 찾아가세요.				
QUEST_JOBSTEP_20150317_001707	Recupera los objetos del Maestro Corsario	커세어 마스터의 물건 되찾기				
QUEST_JOBSTEP_20150317_001708	Recupera los objetos robados del Maestro Corsario en el área de la Gran Catedral.{nl}El Permiso de Muelle se puede encontrar derrotando a Moyas, el Mapa del Navegante derrotando a Stoulets, y el Contrato se puede encontrar derrotando a Moyabu.	대성당 지역에서 커세어 마스터의 도둑맞은 물건들을 찾아와주세요.{nl}모야에게 입항허가서, 스타울리트에게 항해도, 모야부에게 계약서를 찾을 수 있습니다.				
QUEST_JOBSTEP_20150317_001709	Entrégaselos al Maestro Corsario	커세어 마스터에게 전달				
QUEST_JOBSTEP_20150317_001710	Encontraste todos los objetos del Maestro Corsario. Regresa con él y reporta.	커세어 마스터의 물건을 모두 찾았습니다. 커세어 마스터에게 돌아가 보고하세요.				
QUEST_JOBSTEP_20150317_001711	Encuentra el permiso para la entrada al Puerto	입항허가서 찾기				
QUEST_JOBSTEP_20150317_001712	Encuentra el mapa de navegación	항해도 찾기				
QUEST_JOBSTEP_20150317_001713	Encuentra el Contrato	계약서 찾기				
QUEST_JOBSTEP_20150317_001714	Encuentra al Maestro Rodelero	로델레로 마스터 찾기				
QUEST_JOBSTEP_20150317_001715	Encuéntrate con el Maestro Rodelero en Fedimian	페디미안에 있는 로델레로 마스터를 찾아 가세요.				
QUEST_JOBSTEP_20150317_001716	Duela contra el Maestro Rodelero	로델레로 마스터와 대련				
QUEST_JOBSTEP_20150317_001717	El Maestro Rodelero te mostrará cómo pelear con una espada y un escudo. Gana en un duelo contra el Maestro Rodelero.	로델레로는 검과 방패로 어떻게 싸워야 하는지 보여 주겠다고 합니다. 로델레로 마스터와의 대련에서 승리를 거두세요.				
QUEST_JOBSTEP_20150317_001718	Ganaste contra el Maestro Rodelero. Habla con el Maestro Rodelero de nuevo.	로델레로 마스터와의 대련에서 승리하였습니다. 로델레로 마스터와 다시 대화세요.				
QUEST_JOBSTEP_20150317_001719	Derrota al Maestro Rodelero	로델레로 마스터 제압				
QUEST_JOBSTEP_20150317_001720	Encuentra al Maestro Arquero	아처 마스터 찾아가기				
QUEST_JOBSTEP_20150317_001721	Habla con el Maestro Arquero en Klaipeda.	클라페다에 있는 아처 마스터와 대화하세요.				
QUEST_JOBSTEP_20150317_001722	Encuéntrate con el Maestro Fletcher en el Valle del Árbol Remanente	머무르는 나뭇골의 플레쳐 마스터 찾아가기				
QUEST_JOBSTEP_20150317_001723	El Maestro Arquero te dijo que si pudieras completar su solicitud, te enseñará. {nl}Encuéntrate con el Maestro Fletcher en el Valle del Árbol Remanente y revisa si hay algún problema.	아처 마스터는 부탁을 들어주면 가르침을 주겠다고 합니다. 아처의 부탁 대로 머무르는 나뭇골에 있는 플레쳐 마스터를 찾아가 무슨 문제가 있는지 확인하고 오세요.				
QUEST_JOBSTEP_20150317_001724	El Maestro Fletcher está a salvo pero los materiales están retrasados debido a los suministros. Habla con el Maestro Fletcher sobre los materiales.	플레쳐 마스터의 신변은 아무런 이상이 없는 것 같지만 재료 수급때문에 물건이 늦어지는 것 같습니다. 재료에 대해 플레쳐 마스터와 대화해 보세요.				
QUEST_JOBSTEP_20150317_001725	Recoge piedras de carbón de la Ruta de la Penitencia.	대성당의 참회로에서 질 좋은 숫돌 모아오기				
QUEST_JOBSTEP_20150317_001726	El Maestro Fletcher te está pidiendo reunir Piedras de Carbón de buena calidad. Consíguelas de la Ruta de la Penitencia. {nl}	플레쳐 마스터는 질 좋은 숫돌을 잔뜩 구해 오라고 합니다. 대성당의 참회로에서 질 좋은 숫돌을 모아오세요.{nl}				
QUEST_JOBSTEP_20150317_001727	Dáselas al Maestro Fletcher	플레쳐 마스터에게 전달				
QUEST_JOBSTEP_20150317_001728	Gracias a los Golems, reuniste un montón de Piedras de Carbón de buena calidad. Dáselas al Maestro Fletcher.	골렘 덕분에 질 좋은 숫돌을 잔뜩 구할 수 있었습니다. 플레쳐 마스터에게 질 좋은 숫돌을 전해 주세요.				
QUEST_JOBSTEP_20150317_001729	Los materiales que pidió el Maestro Fletcher están listos. Habla con el Maestro Arquero.	아쳐 마스터가 부탁한 물건의 준비가 다 된 것 같습니다. 플레쳐 마스터와 대화해 보세요.				
QUEST_JOBSTEP_20150317_001730	El Maestro Fletcher te está pidiendo que tomes la copia y regreses con el Maestro Arquero. Regresa con el Maestro Arquero y muéstrale la copia.	플레쳐 마스터는 이 견본을 가지고 아쳐 마스터에게 돌아가 보라고 합니다. 아쳐 마스터에게 돌아가 견본을 전해 주세요.				
QUEST_JOBSTEP_20150317_001731	Ve con el Maestra Guardabosques	레인저 마스터 찾아가기				
QUEST_JOBSTEP_20150317_001732	Encuéntrate con el Maestra Guardabosques en Klaipeda	클라페다에 있는 레인저 마스터에게 찾아 가세요.				
QUEST_JOBSTEP_20150317_001733	Extrae los fluidos de los Moyas en la Gran Catedral	대성당 모야 체액 샘플 수집				
QUEST_JOBSTEP_20150317_001734	El Maestra Guardabosques dice que te enseñará si lo ayudas. Recolecta muestras de fluido de los Moyas escondidos en la Catedral.	레인저 마스터는 자신의 일을 도와 주면 가르침을 주겠다고 합니다. 대성당에 숨어있는 모야에게 체액 샘플을 수집해 주세요.				
QUEST_JOBSTEP_20150317_001735	Entrégaselo al Maestra Guardabosques	레인저 마스터에게 전달				
QUEST_JOBSTEP_20150317_001736	Recolecta muestras de fluido de Moya. Dáselas al Maestra Guardabosques.	모야의 체액 샘플의 수집을 완료했습니다. 레인저 마스터에게 전해 주세요.				
QUEST_JOBSTEP_20150317_001737	Fluido de Monstruo	몬스터의 체액				
QUEST_JOBSTEP_20150317_001738	Encuentra al Maestro Zapador	새퍼 마스터 찾아가기				
QUEST_JOBSTEP_20150317_001739	Encuentra al Maestro Zapador en el Bosque Este de Siauliai	샤울레이 동쪽 숲에 있는 새퍼 마스터를 찾아 가세요.				
QUEST_JOBSTEP_20150317_001740	Derrota a Biteregina en el Bosque de la Bandera del Ocaso	해진깃발숲의 비테레지나 처치				
QUEST_JOBSTEP_20150317_001741	El Maestro Zapador te pidió derrotar a Biteregina que amenaza a la gente en el Bosque de la Bandera del Ocaso.	새퍼 마스터는 해진깃발숲에서 사람들을 위협하는 비테레지나를 처치해 달라고 합니다.				
QUEST_JOBSTEP_20150317_001742	Derrotaste a Biteregina. Repórtate con el Maestro Zapador.	비테레지나를 처치했습니다. 새퍼 마스터에게 보고하세요.				
QUEST_JOBSTEP_20150317_001743	Encuéntrate con el Maestro Fletcher en el Valle del Árbol Remanente	머무르는 나뭇골에 있는 플레쳐 마스터를 찾아 가세요.				
QUEST_JOBSTEP_20150317_001744	Madera Silbante Recolectada	소리나는 나무 수집				
QUEST_JOBSTEP_20150317_001745	El Maestro Fletcher parece muy ocupado, pero si pudieras ayudarlo, parece que podrías aprender de él. En la Intersección del Pretexto, busca árboles de apariencia sucia entre los monstruos y trae los árboles que producen un sonido claro entre ellos.	플레쳐 마스터는 매우 바빠 보이지만 그의 일을 도와 준다면 그에게서 가르침을 받을 수 있을 것 같습니다. 가식의 교각로에 있는 몬스터에게서 꼬질꼬질한 나무를 구한 다음 맑은 소리가 나는 나무만 판별하여 가져가세요.				
QUEST_JOBSTEP_20150317_001746	Recolectaste suficiente Madera Silbante. Dásela al Maestro Fletcher.	소리나는 나무를 모두 구했습니다. 플레쳐 마스터에게 돌아가 전해 주세요.				
QUEST_JOBSTEP_20150317_001747	Ve con el Maestro Cazador	헌터 마스터 찾아가기				
QUEST_JOBSTEP_20150317_001748	Ve con el Maestro Cazador en el Bosque Este de Siauliai	샤울레이 동쪽 숲에 있는 헌터 마스터를 찾아가 보세요.				
QUEST_JOBSTEP_20150317_001749	Caza 3 tipos de monstruos	몬스터 3종 사냥				
QUEST_JOBSTEP_20150317_001750	El Maestro Cazador te dio una tarea de cazar monstruos que están dispersos en varias regiones. Usa cebos para cazar Keparis en el Camino del Demonio Hambriento, Kodomors en las Escaleras Dispersas, y Kowaks en el Bosque de la Falla del Árbol Púrpura.	헌터 마스터는 여러 지역에 흩어져있는 몬스터 사냥에 대한 과제를 내 주었습니다. 미끼를 사용하여 큰아귀 길에서 케파리, 흩어진 계단에서 코도모르, 적갈나무 단층숲에서 코왁을 사냥하세요.				
QUEST_JOBSTEP_20150317_001751	Repórtate con el Maestro Cazador	헌터 마스터에게 보고				
QUEST_JOBSTEP_20150317_001752	Cazaste monstruos. Repórtate con el Maestro Cazador.	모든 몬스터의 사냥에 성공했습니다. 헌터 마스터에게 돌아가 보고하세요.				
QUEST_JOBSTEP_20150317_001753	Keparis en el Camino del Demonio Hambriento	큰아귀 길의 케파리				
QUEST_JOBSTEP_20150317_001754	Kodomors en las Escaleras Dispersas	흩어진 계단의 코도모르				
QUEST_JOBSTEP_20150317_001755	Kowaks en el bosque de fallas de árboles púrpuras	적갈나무 단층숲의 코왁				
QUEST_JOBSTEP_20150317_001756	Ve con el Maestra Wugushi	무고사 마스터를 찾아가기				
QUEST_JOBSTEP_20150317_001757	Encuéntrate con el Maestra Wugushi en Fedimian	페디미안에 있는 무고사 마스터를 찾아 가세요.				
QUEST_JOBSTEP_20150317_001758	Recolecta el veneno compuesto	합성독 수집				
QUEST_JOBSTEP_20150317_001759	El Maestra Wugushi te dio una tarea de recolectar el veneno. Recolecta el veneno de los Stoulets en la Gran Catedral usando el tubo temporal.	무고사는 독을 모으는 것을 과제로 주었습니다. 대성당의 스타울리트들에게 간이 대롱을 사용하여 합성독을 모아 오세요.				
QUEST_JOBSTEP_20150317_001760	Entrégaselo al Maestra Wugushi	무고사 마스터에게 전달				
QUEST_JOBSTEP_20150317_001761	Reuniste suficiente veneno combinado. Dáselo al Maestra Wugushi,	합성독을 필요한 양 만큼 모았습니다. 무고사 마스터에게 전해 주세요.				
QUEST_JOBSTEP_20150317_001762	Consigue Veneno Combinado	합성독 습득				
QUEST_JOBSTEP_20150317_001763	Ve con el Maestro Explorador	스카우트 마스터 찾아가기				
QUEST_JOBSTEP_20150317_001764	Encuéntrate con el Maestro Explorador en Fedimian	페디미안에 있는 스카우트 마스터를 찾아 가 보세요.				
QUEST_JOBSTEP_20150317_001765	Usa Bengalas para detectar monstruos y derrotarlos	섬광탄으로 몬스터를 탐지하여 처치				
QUEST_JOBSTEP_20150317_001766	Usa bengalas para detectar a los monstruos que se esconden en el Bosque de la Falla del Árbol Púrpura y derrotarlos.	적갈나무 숲에 숨어있는 몬스터들을 섬광탄을 사용하여 찾아낸 뒤 처치하세요.				
QUEST_JOBSTEP_20150317_001767	Repórtate con el Maestro Explorador	스카우터 마스터에게 보고				
QUEST_JOBSTEP_20150317_001768	Encontraste todos los monstruos ocultos. Repórtate con el Maestro Explorador.	숨어있는 몬스터를 전부 찾아냈습니다. 스카우트 마스터에게 돌아가 보고하세요.				
QUEST_JOBSTEP_20150317_001769	Derrota a los monstruos	탐지당한 몬스터 처치				
QUEST_JOBSTEP_20150317_001770	Ve con el Maestro Quarrel Shooter	쿼렐슈터 마스터 찾아가기				
QUEST_JOBSTEP_20150317_001771	Consigue los calcos de la lápida de Lydia Schaffen.	리디아 샤펜의 비석 탁본 구해오기				
QUEST_JOBSTEP_20150317_001772	El Maestro Quarrel Shooter quiere los calcos de la Lápida de Lydia Schaffen como prueba. Consíguelos del Jardín Antiguo de la Diosa.	쿼렐슈터 마스터는 간단한 시험 과제로 리디아 샤펜의 탁본을 원하고 있습니다. 여신의 옛뜰에 위치한 리디아 샤펜의 비석에서 탁본을 떠 오세요.				
QUEST_JOBSTEP_20150317_001773	Entrega al Maestro Quarrel Shooter	쿼렐슈터 마스터에게 전달				
QUEST_JOBSTEP_20150317_001774	Conseguiste los calcos. Dáselos al Maestro Quarrel Shooter	탁본을 구하는데 성공했습니다. 쿼렐슈터 마스터에게 돌아가 전해 주세요.				
QUEST_JOBSTEP_20150317_001775	Ve con el Maestro Pícaro	로그 마스터 찾아가기				
QUEST_JOBSTEP_20150317_001776	Ve con el Maestro Pícaro en Fedimian	페디미안에 있는 로그 마스터를 찾아 가세요.				
QUEST_JOBSTEP_20150317_001777	Usa Bombas de Humo para superar a 5 monstruos	연막탄을 사용하여 몬스터 5마리 따돌리기				
QUEST_JOBSTEP_20150317_001778	El Maestro Pícaro te dijo que antes de enseñarte sus habilidades, necesita darte una prueba. Usa Bombas de Humo en los monstruos que se abalanzaron al campo de entrenamiento preparado en el Gran Corredor de la Gran Catedral para confundirlos y derrotarlos.	로그 마스터는 자신의 기술을 가르쳐 주기 전에 시험이 필요하다고 합니다. 대성당의 대회로에 준비된 연습장에서 몰려드는 몬스터들에게 연막탄을 사용하여 혼란에 빠뜨린 뒤, 처치하세요.				
QUEST_JOBSTEP_20150317_001779	Repórtate con el Maestro Pícaro	로그 마스터에게 보고				
QUEST_JOBSTEP_20150317_001780	Pasaste todas las pruebas del Maestro Pícaro. Repórtate con el Maestro Pícaro.	로그 마스터가 준비한 시험을 모두 통과한 것 같습니다. 로그 마스터에게 돌아가 보고하세요.				
QUEST_JOBSTEP_20150317_001781	Ve con el Maestro Hoplita	하플라이트 마스터 찾아가기				
QUEST_JOBSTEP_20150317_001782	Encuentra al Maestro Hoplita en el Bosque Oeste de Siauliai	샤울레이 서쪽 숲의 하플라이트 마스터를 찾아 가세요.				
QUEST_JOBSTEP_20150317_001783	Derrota a Shadowgaler en la cámara principal de la Gran Catedral.	대성당 본당의 섀도게일러 처치				
QUEST_JOBSTEP_20150317_001784	Antes de aprender del Maestro Hoplita, ella quiere que derrotes a Shadowgaler antes que el Maestro Hackapell. Como ella desea, derrota a Shadowgaler en la cámara principal de la Gran Catedral y regresa.	하플라이트 마스터는 가르침을 받기에 앞서 하카펠 마스터가 처치하기로 약속한 섀도게일러를 한 발 먼저 처치하여 골탕을 먹일 것을 바라고 있습니다. 그녀의 바램대로 대성당 본당의 섀도게일러를 처치하고 와 주세요.				
QUEST_JOBSTEP_20150317_001785	Repórtate con el Maestro Hoplita	하플라이트 마스터에게 보고				
QUEST_JOBSTEP_20150317_001786	Derrotaste a Shadowgaler. Repórtate con el Maestro Hoplita.	섀도게일러를 처치하는데 성공했습니다. 하플라이트 마스터에게 돌아가 보고하세요.				
QUEST_JOBSTEP_20150317_001787	Derrota a Shadowgaler	섀도게일러 처치				
QUEST_JOBSTEP_20150317_001788	Encuéntrate con el Maestro Bárbaro	바바리안 마스터 찾아가기				
QUEST_JOBSTEP_20150317_001789	Habla con el Maestro Bárbaro en el Bosque Este de Siauliai	샤울레이 동쪽 숲의 바바리안과 대화해 보세요.				
QUEST_JOBSTEP_20150317_001790	Derrota a Yekubs en la cámara principal de la Gran Catedral.	대성당 본당의 예쿱 처치				
QUEST_JOBSTEP_20150317_001791	El Maestro Bárbaro quiere que derrotes a los Yekubs antes que otras personas los persigan. Derrota a los Yekubs en la cámara principal de la Gran Catedral.	바바리안 마스터는 예쿱을 노리는 다른 사람들보다 먼저 가서 예쿱을 처치하길 바라고 있습니다. 대성당 본당에 있는 예쿱을 처치하세요.				
QUEST_JOBSTEP_20150317_001792	Repórtate con el Maestro Bárbaro	바바리안 마스터에게 보고				
QUEST_JOBSTEP_20150317_001793	Derrotaste a los Yekubs. Repórtate con el Maestro Bárbaro.	예쿱을 처치하는데 성공했습니다. 바바리안 마스터에게 돌아가 보고하세요.				
QUEST_JOBSTEP_20150317_001794	Derrota a Yekub	예쿱 처치				
QUEST_JOBSTEP_20150317_001795	Encuéntrate con el Maestro Escudero	스콰이어 마스터 찾아가기				
QUEST_JOBSTEP_20150317_001796	Habla con el Maestro Escudero en Fedimian	페디미안에 있는 스콰이어 마스터와 대화해 보세요.				
QUEST_JOBSTEP_20150317_001797	Usa la cuerda de atar	포박 포승줄 사용하기				
QUEST_JOBSTEP_20150317_001798	El Maestro Escudero te pidió practicar la Cuerda de Arresto tanto como puedas para que puedas controlarla sin ningún problema. Practica la cuerda con los monstruos en el Santuario de la Gran Catedral.	스콰이어 마스터는 포박 포승줄을 손에 익을때까지 연습하라고 합니다. 대성당의 지성소에 있는 몬스터를 상대로 포박 포승줄을 연습해 보세요.				
QUEST_JOBSTEP_20150317_001799	Regresa con el Maestro Escudero	스콰이어 마스터에게 돌아가기				
QUEST_JOBSTEP_20150317_001800	Ya te familiarizaste con el uso de la cuerda de atar. Repórtate con el Maestro Explorador.	포박 포승줄이 완전히 손에 익은 것 같습니다. 스콰이어 마스터에게 돌아가 보고하세요.				
QUEST_JOBSTEP_20150317_001801	Encuéntrate con el Maestro Centurión	센츄리온 마스터 찾아가기				
QUEST_JOBSTEP_20150317_001802	Encuéntrate con el Maestro Centurión en el Camino del Demonio Hambriento	큰아귀 길에 있는 센츄리온 마스터를 찾아 가세요.				
QUEST_JOBSTEP_20150317_001803	Derrota a Colimencia en el Bosque de Roca en Capas	점층바위 숲의 콜리멘시아 처치				
QUEST_JOBSTEP_20150317_001804	El Maestro Centurión te dijo que necesitas ser lo suficientemente competente para controlar a otras personas. Derrota a Colimencia en el Bosque de Roca en Capas para probar tus habilidades.	센츄리온 마스터는 다른 사람을 지휘할 정도의 실력이 필요하다고 합니다. 점층바위 숲의 콜리멘시아를 처치하여 실력을 증명하세요.				
QUEST_JOBSTEP_20150317_001805	Regresa con el Maestro Centurión	센츄리온 마스터에게 돌아가기				
QUEST_JOBSTEP_20150317_001806	Derrotaste a Colimencia. Repórtate con el Maestro Centurión.	콜리멘시아를 처치하는데 성공했습니다. 센츄리온 마스터에게 보고하세요.				
QUEST_JOBSTEP_20150317_001807	Derrota a Colimencia	콜리멘시아 처치				
QUEST_JOBSTEP_20150317_001808	Llamado del Maestro Arquero	아처 마스터의 부름				
QUEST_JOBSTEP_20150317_001809	Llamado del Maestro Arquero	클라페다에 있는 아처 마스터가 당신을 찾고 있습니다				
QUEST_JOBSTEP_20150317_001810	El Maestro Arquero en Klaipeda te está buscando	루클리스 거리의 스파나스혼 처치				
QUEST_JOBSTEP_20150317_001811	Derrota a Sparnashorn en la Calle Ruklys	아처 마스터는 기량을 잴 수 있는 것이 필요하다고 합니다. 루클리스 거리에서 스파나스혼을 처치하고 아처 마스터에게 돌아가세요				
QUEST_JOBSTEP_20150317_001812	Derrotaste a Sparnashorn. Repórtate con el Maestro Arquero.	스파나스혼을 처치하는데 성공하였습니다. 아처 마스터에게 돌아가 보고하세요.				
QUEST_JOBSTEP_20150317_001813	Derrota a Sparnashorn	스파나스혼 처치				
QUEST_JOBSTEP_20150317_001814	Llamado del Maestra Guardabosques	레인저 마스터의 부름				
QUEST_JOBSTEP_20150317_001815	El Maestra Guardabosques en Klaipeda te está buscando	클라페다의 레인저 마스터가 당신을 찾고 있습니다				
QUEST_JOBSTEP_20150317_001816	Derrota a Reaverpede en el Mercado Solitario	스산한 장터의 리버피드 처치				
QUEST_JOBSTEP_20150317_001817	El Maestra Guardabosques te dijo que tiene remordimientos en su trabajo así que quiere ser útil como otros maestros. Derrota a Reaverpede en el Mercado Solitario.	레인저 마스터는 자신의 일에 회의감이 든다면서 다른 마스터들처럼 도움이 되는 일을 해 보고 싶다고 합니다. 스산한 장터에서 리버피드를 처치하세요.				
QUEST_JOBSTEP_20150317_001818	Derrotaste a Reaverpede. Repórtate con el Maestra Guardabosques.	리버피드를 처치하는데 성공했습니다. 레인저 마스터에게 보고하세요.				
QUEST_JOBSTEP_20150317_001819	Derrota a Reaverpede	리버피드 처치				
QUEST_JOBSTEP_20150317_001820	Llamado del Maestro Quarrel Shooter	쿼렐슈터 마스터의 부름				
QUEST_JOBSTEP_20150317_001821	El Maestro Quarrel Shooter en Klaipeda te está buscando	클라페다에 있는 쿼렐슈터 마스터가 당신을 찾고 있습니다				
QUEST_JOBSTEP_20150317_001822	Derrota al Templeshooter del Centro del Pueblo	중심시가의 템플슈터 처치				
QUEST_JOBSTEP_20150317_001823	El Maestro Quarrel Shooter dice que sus discípulos están arruinando trabajos y convirtiéndose en una vergüenza para él. Ve al centro del pueblo por los discípulos y derrota al Templeshooter.	쿼렐슈터 마스터는 자신의 제자들이 일을 그르치는 바람에 체면이 구겨졌다고 합니다. 쿼렐슈터 마스터의 제자 대신 중심시가에서 템플슈터를 처치하세요.				
QUEST_JOBSTEP_20150317_001824	Repórtate con el Maestro Quarrel Shooter	쿼렐슈터 마스터에게 보고				
QUEST_JOBSTEP_20150317_001825	Derrotaste al Templeshooter. Repórtate con el Maestro Quarrel Shooter.	템플슈터를 처치하는데 성공했습니다. 쿼렐슈터 마스터에게 돌아가 보고하세요.				
QUEST_JOBSTEP_20150317_001826	Derrota a Templeshooter	템플슈터 사살				
QUEST_JOBSTEP_20150317_001827	Llamado del Maestro Zapador	새퍼 마스터의 부름				
QUEST_JOBSTEP_20150317_001828	El Maestro Zapador en el Bosque Este de Siauliai te está buscando.	샤울레이 동쪽 숲에 있는 새퍼 마스터가 당신을 찾고 있습니다				
QUEST_JOBSTEP_20150317_001829	Consigue Piedras Mano Naturales de las Rocktortugas en la Calle Ruklys.	루클리스 거리의 락토르투가에게서 천연 마노석 획득				
QUEST_JOBSTEP_20150317_001830	El Maestro Zapador quiere Piedras Mano Naturales para una nueva trampa. Derrota a la Rocktortuga en la Calle Ruklys y consigue las Piedras Mano Naturales.	새퍼 마스터는 새로운 함정에 필요한 천연 마노석을 갖고싶어 합니다. 루클리스 거리의 락토르투가를 처치하고 천연 마노석을 획득하여 새퍼 마스터에게 돌아가세요.				
QUEST_JOBSTEP_20150317_001831	Conseguiste las Piedras Mano Naturales. Habla con el Maestro Zapador.	천연 마노석을 획득하였습니다. 새퍼 마스터와 대화하세요.				
QUEST_JOBSTEP_20150317_001832	Conseguiste Piedras Mano Naturales	천연 마노석 획득				
QUEST_JOBSTEP_20150317_001833	Llamado del Maestro Cazador	헌터 마스터의 부름				
QUEST_JOBSTEP_20150317_001834	El Maestro Cazador en el Bosque Este de Siauliai te está buscando	샤울레이 동쪽 숲에서 헌터 마스터가 당신을 찾고 있습니다				
QUEST_JOBSTEP_20150317_001835	Derrota al frenético Minotauro en el Mercado Solitario.	스산한 장터에서 흥분한 미노타우르스 처치				
QUEST_JOBSTEP_20150317_001836	El Maestro Cazador te dijo que apareció un Minotauro y deberías poder derrotar a ese monstruo si eres un Cazador. Derrota al Minotauro en el Mercado Solitario y trae el canino gigante como prueba.	헌터 마스터는 미노타우르스가 나타났다면서 헌터라면 그 몬스터를 처치할 능력은 있어야 한다고 합니다. 스산한 장터에서 미노타우로스를 처치하고 그 증거로 거대한 송곳니를 가져 오세요.				
QUEST_JOBSTEP_20150317_001837	Entrégaselo al Maestro Cazador	헌터 마스터에게 전달				
QUEST_JOBSTEP_20150317_001838	Derrotaste al Minotauro y recibiste un Canino gigantesco. Dáselo al Maestro Cazador.	흥분한 미노타우르스를 처치하고 그 증거물로 거대한 송곳니를 얻었습니다. 헌터 마스터에게 전해 주세요.				
QUEST_JOBSTEP_20150317_001839	Obtén el perro gigante	거대한 송곳니 획득				
QUEST_JOBSTEP_20150317_001840	Llamado del Maestra Wugushi	무고사 마스터의 부름				
QUEST_JOBSTEP_20150317_001841	El Maestra Wugushi en Fedimian te está buscando	페디미안의 무고사 마스터가 당신을 찾고 있습니다				
QUEST_JOBSTEP_20150317_001842	Derrota a Rajatoad en el distrito central	중심시가의 라자토드 처치				
QUEST_JOBSTEP_20150317_001843	El Maestra Wugushi te habló sobre la importancia de la inmunidad al veneno. Derrota a Rajatoad en el distrito central y regresa con el Maestra Wugushi.	무고사 마스터는 독의 면역에 대한 중요성에 대해 말하고 있습니다. 중심시가에서 라자토드를 처치하고 무고사 마스터에게 돌아가세요				
QUEST_JOBSTEP_20150317_001844	Repórtate con el Maestra Wugushi	무고사 마스터에게 보고				
QUEST_JOBSTEP_20150317_001845	Derrotaste a Rajatoad. Repórtate con el Maestra Wugushi.	라자토드를 퇴치하는데 성공했습니다. 무고사 마스터에게 돌아가 보고하세요.				
QUEST_JOBSTEP_20150317_001846	El Llamado del Maestro Explorador	스카우트 마스터의 부름				
QUEST_JOBSTEP_20150317_001847	El Maestro Explorador en Fedimian te está buscando.	페디미안의 스카우트 마스터가 당신을 찾고 있습니다				
QUEST_JOBSTEP_20150317_001848	Derrota a Deadborn en la Calle Ruklys	루클리스 거리의 데드본 처치				
QUEST_JOBSTEP_20150317_001849	El Maestro Explorador te dijo que si quieres aprender, debes ser lo suficientemente competente. Derrota a Deadborn en la Calle Ruklys y repórtate con el Maestro Explorador.	스카우트 마스터는 가르침을 받으려면 어느 정도 실력은 되어야 한다고 합니다. 루클리스 거리에서 데드본을 처치하고 스카우트 마스터에게 돌아가세요.				
QUEST_JOBSTEP_20150317_001850	Repórtate con el Maestro Explorador	스카우트 마스터에게 보고				
QUEST_JOBSTEP_20150317_001851	Derrotaste a Deadborn. Habla con el Maestro Explorador.	데드본을 처치하는데 성공하였습니다. 스카우트 마스터와 대화하세요.				
QUEST_JOBSTEP_20150317_001852	Llamado del Maestro Pícaro	로그 마스터의 부름				
QUEST_JOBSTEP_20150317_001853	Ve con el Maestro Pícaro en Fedimian	페디미안의 로그 마스터를 찾아 가세요.				
QUEST_JOBSTEP_20150317_001854	Duela con el Maestro Pícaro	로그 마스터와 대련				
QUEST_JOBSTEP_20150317_001855	El Maestro Pícaro te pidió demostrarte a ti mismo a través de un duelo. Gana el duelo contra el Maestro Pícaro en el lote baldío sobre las escaleras.	로그 마스터는 대련으로 실력을 보이라고 합니다. 계단 위 공터에서 로그 마스터와의 대련에서 승리하세요.				
QUEST_JOBSTEP_20150317_001856	Habla con el Maestro Pícaro	로그 마스터와 대화				
QUEST_JOBSTEP_20150317_001857	Ganaste el duelo contra el Maestro Pícaro. Habla con el Maestro Pícaro de nuevo.	로그 마스터와의 대련에서 승리하였습니다. 로그 마스터와 다시 대화하세요				
QUEST_JOBSTEP_20150317_001858	Domina al Maestro Pícaro	로그 마스터 제압				
QUEST_JOBSTEP_20150317_001859	El Llamado del Maestro Fletcher	플레쳐 마스터의 부름				
QUEST_JOBSTEP_20150317_001860	El Maestro Fletcher en el Valle del Árbol Remanente te está buscando.	머무르는 나뭇골의 플레쳐 마스터가 당신을 찾고 있습니다				
QUEST_JOBSTEP_20150317_001861	Recolecta las piedras bien inflamables	잘 타는 돌멩이 수집				
QUEST_JOBSTEP_20150317_001862	El Maestro Fletcher te dijo que te aceptaría como su discípulo si pudieras traerle piedras inflamables. Derrota a los Yonazolems en el distrito central y recolecta piedras bien inflamables.	플레쳐 마스터는 잘 타는 돌멩이를 구해다 준다면 제자로 받아들여 주겠지만 왠지 빈말을 하고 있는 듯한 느낌입니다. 중심시가에서 요나졸렘을 처치하고 잘 타는 돌멩이를 수집하세요.				
QUEST_JOBSTEP_20150317_001863	Adquiriste piedras inflamables. Entrégaselas al Maestro Fletcher.	잘 타는 돌멩이를 구했습니다. 플레쳐 마스터에게 전해 주세요.				
QUEST_JOBSTEP_20150317_001864	Recolecta piedras inflamables	잘 타는 돌맹이 수집	QUEST_JOBSTEP_20150317_001861	Collect the well burnable stones	잘 타는 돌멩이 수집	
QUEST_JOBSTEP_20150317_001865	Reclutando Retadores. [Schwarzer Reiter]	도전자 모집[슈바르츠라이터 전진]				
QUEST_JOBSTEP_20150317_001866	Llamado del Maestro Schwarzer Reiter	슈바르츠라이터 마스터의 부름				
QUEST_JOBSTEP_20150317_001867	El Maestro Schwarzer Reiter te está buscando en el Bosque de los Puentes Enlazados	덧댄다리 숲에 있는 슈바르츠라이터 마스터가 당신을 찾고 있습니다				
QUEST_JOBSTEP_20150317_001868	Duela contra el Maestro Schwarzer Reiter	슈바르츠라이터 마스터와 대련				
QUEST_JOBSTEP_20150317_001869	El Maestro Schwarzer Reiter te dijo que las pistolas y las espadas son importantes, pero también necesitas poseer el odio. Duela contra el Maestro Schwarzer Reiter y gana.	슈바르츠라이터 마스터는 총과 검도 중요하지만 한 가지 더, 증오가 필요하다고 합니다. 슈바르츠라이터 마스터와 대련하여 승리하세요				
QUEST_JOBSTEP_20150317_001870	Habla con el Maestro Schwarzer Reiter	슈바르츠라이터 마스터와 대화				
QUEST_JOBSTEP_20150317_001871	Ganaste contra el Maestro Schwarzer Reiter. Habla con el Maestro Schwarzer Reiter.	슈바르츠라이터 마스터와의 대련에서 승리하였습니다. 슈바르츠라이터 마스터와 대화하세요.				
QUEST_JOBSTEP_20150317_001872	Reconocimiento del Schwarzer Reiter	슈바르츠라이터의 인정				
QUEST_JOBSTEP_20150317_001873	Ve con el Maestro Clérigo	클레릭 마스터 찾아가기				
QUEST_JOBSTEP_20150317_001874	Ve y habla con el Maestro Clérigo en Klaipeda	클라페다에 있는 클레릭 마스터를 찾아 대화해 보세요.				
QUEST_JOBSTEP_20150317_001875	Obtén estambres de flores silvestres en Lonesome Marketplace.	스산한 장터에서 야생화 꽃술 구하기				
QUEST_JOBSTEP_20150317_001876	El Maestro Clérigo te dijo que las hierbas se están agotando así que quiere Estambres de Flores Silvestres en su lugar. Obtén Estambre de Flor Silvestre del Mercado Solitario y llévaselo al Maestro Clérigo.	클레릭 마스터는 약초가 동이 났다면서 야생화 꽃술을 원하고 있습니다. 스산한 장터에서 야생화 꽃술을 구해 클레릭 마스터에게 가져다 주세요.				
QUEST_JOBSTEP_20150317_001877	Regresa con el Maestro Clérigo	클레릭 마스터에게 돌아가기				
QUEST_JOBSTEP_20150317_001878	Reuniste Estambre de Flor Silvestre. Dáselo al Maestro Clérigo.	야생화 꽃술을 구했습니다. 클레릭 마스터에게 전달해 주세요.				
QUEST_JOBSTEP_20150317_001879	Estambre de Flor Silvestre	야생화 꽃술				
QUEST_JOBSTEP_20150317_001880	Recupera los Materiales Sagrados perdidos en el Centro del Pueblo	중심 시가에서 잃어버린 성물 회수				
QUEST_JOBSTEP_20150317_001881	El Maestro Krivis dice que los Materiales Sagrados fueron robados durante un asalto en su camino a Fedimian. Encuentra los Materiales Sagrados perdidos en el Centro del Pueblo y llévaselos al Maestro Krivis.	크리비 마스터는 페디미안으로 오던 성물 행렬이 몬스터의 습격을 받아 빼앗겨 버렸다고 합니다. 중심 시가에서 잃어버린 성물을 찾아서 크리비 마스터에게 전달하세요.				
QUEST_JOBSTEP_20150317_001882	Entrégaselo al Maestro Krivis	크리비 마스터에게 전달				
QUEST_JOBSTEP_20150317_001883	Encontraste los Materiales Sagrados perdidos. Dáselos al Maestro Krivis.	잃어버린 성물을 되찾았습니다. 크리비 마스터에게 전달해 주세요.				
QUEST_JOBSTEP_20150317_001884	Encuentra %s en el Centro del Pueblo	중심 시가에서 %s 찾아 회수하기				
QUEST_JOBSTEP_20150317_001885	Derrota a Tutu	투투 처치				
QUEST_JOBSTEP_20150317_001886	Habla con el Maestro Sacerdote en Klaipeda.	클라페다에 위치한 프리스트 마스터와 대화하세요.				
QUEST_JOBSTEP_20150317_001887	Busca en la Calle Ruklys	루클리스 거리 탐색				
QUEST_JOBSTEP_20150317_001888	La calle Ruklys está llena de energía maligna. Ve a la calle Ruklys y encuentra su origen.	루클리스 거리에 사악한 기운이 넘쳐난다고 합니다. 루클리스 거리로 가서 사악한 기운의 근원을 찾으세요.				
QUEST_JOBSTEP_20150317_001889	Eliminaste la fuente de energía maligna en la Calle Ruklys. Repórtate con el Maestro Sacerdote en Klaipeda.	루클리스 거리에 있는 사악한 기운의 근원을 제거했습니다. 클라페다에 있는 프리스트 마스터에게 보고하세요.				
QUEST_JOBSTEP_20150317_001890	Elimina la Fuente del Aura Maligna	사악한 기운의 근원 처치				
QUEST_JOBSTEP_20150317_001891	Obtén las esencias de las ballenas petrificadas en Lonesome Marketplace.	스산한 장터에서 석화고래의 정수 획득				
QUEST_JOBSTEP_20150317_001892	El Maestra Bokor te pondrá a prueba revisando si podrías traer las esencias de las ballenas petrificadas. Derrota a las ballenas petrificadas que deambulan por el Mercado Solitario y trae las esencias de las ballenas petrificadas.	보코르 마스터는 석화고래의 정수를 가져오는 것으로 시험을 치르겠다고 합니다. 스산한 장터에 돌아다니는 석화고래를 처치해 석화고래의 정수를 가져 오세요.				
QUEST_JOBSTEP_20150317_001893	Entrégaselo al Maestra Bokor	보코르 마스터에게 전달				
QUEST_JOBSTEP_20150317_001894	Conseguiste la esencia de la Ballena de Piedra. Llévasela al Maestra Bokor.	석화고래의 정수를 얻었습니다. 보코르 마스터에게 정수를 가져다 주세요.				
QUEST_JOBSTEP_20150317_001895	Derrota a la Ballena de Piedra y obtén %s	석화고래를 처치해서 %s 획득				
QUEST_JOBSTEP_20150317_001896	Encuéntrate con el Escultor Tesla en el Valle Rhombuspaving	마름포석골에 있는 조각가 테슬라를 찾아가세요.				
QUEST_JOBSTEP_20150317_001897	Consigue materiales de pieza del centro del pueblo	중심시가에서 조각 재료 구하기				
QUEST_JOBSTEP_20150317_001898	El escultor Tesla dice que te aceptará como discípulo si le consigues los materiales que necesita. Consigue madera en el patio del centro de la ciudad.	조각가 테슬라는 자신이 원하는 재료를 구해다 주면 제자로 받아들일 용의가 있다고 합니다. 중심시가의 안뜰에서 아름드리 원목을 구하세요.				
QUEST_JOBSTEP_20150317_001899	Dáselo al escultor Tesla.	조각가 테슬라에게 전달				
QUEST_JOBSTEP_20150317_001900	Ya tenemos la madera. Dásela a Tesla.	아름드리 원목을 구했습니다. 조각가 테슬라에게 전달해 주세요.				
QUEST_JOBSTEP_20150317_001901	Derrota al Espíritu del Bosque Verde y obtén %s	초록 우드 스피릿을 처치해서 %s 획득				
QUEST_JOBSTEP_20150317_001902	Encuentra los Materiales	재료 찾기				
QUEST_JOBSTEP_20150317_001903	Encuéntrate con el Maestro Sadhu en Fedimian	페디미안에 있는 사두 마스터를 찾아가세요.				
QUEST_JOBSTEP_20150317_001904	Encuentra el origen de la pesadilla y elimínala.	악몽의 근원을 찾아서 제거				
QUEST_JOBSTEP_20150317_001905	La gente que cruzó la Calle Ruklys sufre de pesadillas así que el Maestro Sadhu te dijo que encontraras la fuente y la eliminaras. Encuentra la fuente en la Calle Ruklys.	사두 마스터는 루클리스 거리를 지나간 사람들이 악몽을 호소한다면서 그 근원을 찾아 제거해달라고 합니다. 루클리스 거리에서 그 원인을 찾아 보세요.				
QUEST_JOBSTEP_20150317_001906	Derrotaste al Monarca Espectral, la fuente de las pesadillas. Repórtate con el Maestro Sadhu.	수면 방해의 근원인 스펙터 군주를 처치했습니다. 사두 마스터에게 돌아가 대화하세요.				
QUEST_JOBSTEP_20150317_001907	Derrota al Monarca Espectral que era la fuente de las pesadillas	수면을 방해하는 스펙터 군주 처치				
QUEST_JOBSTEP_20150317_001908	Encuéntrate con el Maestro Paladín en los Acantilados Esmeralda	옥빛서린 벼랑에 있는 팔라딘 마스터를 찾아가세요.				
QUEST_JOBSTEP_20150317_001909	Derrota a Rajapearl en el Mercado Solitario	스산한 장터의 라자펄 처치하기				
QUEST_JOBSTEP_20150317_001910	El Maestro Paladín quiere revisar tu fe religiosa. Derrota a Rajapearl que aparece a menudo en el Mercado Solitario.	팔라딘 마스터는 신앙심을 직접 확인하고 싶어합니다. 스산한 장터에 자주 출몰한다는 라자펄을 처치하세요.				
QUEST_JOBSTEP_20150317_001911	Derrotaste a Rajapearl. Regresa con el Maestro Paladín y reporta.	라자펄을 처치했습니다. 팔라딘 마스터에게 돌아가 보고하세요.				
QUEST_JOBSTEP_20150317_001912	Derrota a Rajapearl	라자펄 처치				
QUEST_JOBSTEP_20150317_001913	Habla con el Maestro Monje	몽크 마스터와 대화				
QUEST_JOBSTEP_20150317_001914	Encuentra al Maestro Monje en el Valle del Árbol Remanente	머무르는 나뭇골에 있는 몽크 마스터를 찾아가세요.				
QUEST_JOBSTEP_20150317_001915	Derrota a Lepus en el distrito central y obtén las uñas de los pies de Lepus.	중심시가의 레푸스를 처치하고 레푸스의 발톱 획득				
QUEST_JOBSTEP_20150317_001916	El Maestro Monje te pidió traer prueba de la determinación de convertirte en Monje. Derrota a Lepus en el distrito central y trae sus uñas de los dedos como prueba.	몽크 마스터는 몽크가 되기 위한 다짐의 증거를 가져오라고 하였습니다. 중심시가에 있는 레푸스를 처치하고 증거인 레푸스의 발톱을 획득하세요.				
QUEST_JOBSTEP_20150317_001917	Dáselo al Maestro Monje	몽크 마스터에게 전달				
QUEST_JOBSTEP_20150317_001918	Adquiriste las uñas de Lepus. Llévaselas al Maestro Monje.	레푸스의 발톱을 구했습니다. 몽크 마스터에게 가져다 주세요.				
QUEST_JOBSTEP_20150317_001919	Derrota a Quick Lepus y obtén %s	재빠른 레푸스를 처치하고 %s 획득				
QUEST_JOBSTEP_20150317_001920	Derrota a Lepus Rápido	재빠른 레푸스 처치				
QUEST_JOBSTEP_20150317_001921	Habla con el Maestro Indulgenciario	파드너 마스터와 대화				
QUEST_JOBSTEP_20150317_001922	Encuéntrate con el Maestro Indulgenciario en el Arroyo de Cristal	수정개울에 있는 파드너 마스터를 찾아가세요.				
QUEST_JOBSTEP_20150317_001923	Recupera el pago perdido de la indulgencia	잃어버린 면죄부의 대금 되찾기				
QUEST_JOBSTEP_20150317_001924	En vez de darte una tarea, el Maestro Indulgenciario quiere que encuentres el dinero perdido de la indulgencia. Encuentra el dinero perdido en la Calle Ruklys.	파드너 마스터는 잃어버린 면죄부의 대금을 되찾는 것으로 입문 과제를 대신하려 합니다. 루클리스 거리에서 잃어버린 대금을 찾아 오세요.				
QUEST_JOBSTEP_20150317_001925	Dáselo al Maestro Indulgenciario	파드너 마스터에게 전달				
QUEST_JOBSTEP_20150317_001926	Encontraste el pago perdido. Dáselo al Maestro Indulgenciario.	잃어버린 대금을 되찾았습니다. 파드너 마스터에게 돌아가 전해 주세요.				
QUEST_JOBSTEP_20150317_001927	Derrota a los Denoptics que aparecieron repentinamente	갑자기 나타난 덴옵틱 처치				
QUEST_JOBSTEP_20150317_001928	Llamado del Maestro Oracle	오라클 마스터의 부름				
QUEST_JOBSTEP_20150317_001929	El Maestro Oracle te está buscando en el Bosque de los Puentes Enlazados.	덧댄다리 숲에서 오라클 마스터가 당신을 찾고 있습니다				
QUEST_JOBSTEP_20150317_001930	Duela con el Maestro Oracle	오라클 마스터와의 대련				
QUEST_JOBSTEP_20150317_001931	El Maestro Oracle quiere probar si eres lo suficientemente competente para poseer las pautas del oráculo y difundirlas bien. Duela contra el Maestro Oracle y gana.	오라클 마스터는 신탁의 지침을 품을 역량이 있는지, 그것을 잘 전파할 의지가 있는지 검증하고 싶어합니다. 오라클 마스터와의 대련에서 승리하세요.				
QUEST_JOBSTEP_20150317_001932	Habla con el Maestro Oracle	오라클 마스터와 대화				
QUEST_JOBSTEP_20150317_001933	Ganaste el duelo contra el Maestro Oracle. Háblale de nuevo.	오라클 마스터와의 대련에서 승리하였습니다. 오라클 마스터와 다시 대화해 보세요.				
QUEST_JOBSTEP_20150317_001934	Gana el Reconocimiento del Maestro Oracle	오라클 마스터에게 인정받기				
QUEST_JOBSTEP_20150317_001935	Ve con el Maestra Bokor en Klaipeda	클라페다의 보코르 마스터에게 찾아가세요.				
QUEST_JOBSTEP_20150317_001936	Hacer una muñeca Bokor	보코르 인형 제작				
QUEST_JOBSTEP_20150317_001937	Recolecta los fluidos corporales de los Gusanos Bolsa del Valle Spineheart{nl}Recolecta los tallos de los Thornballs de la Ruta de la Puerta{nl}	가시마음골에서 누덕고치의 체액 수집{nl}관문로에서 던볼의 줄기 수집{nl}				
QUEST_JOBSTEP_20150317_001938	Presiona la tecla para entrar en Modo Descanso	 키를 눌러 휴식모드 후 				
QUEST_JOBSTEP_20150317_001939	Crea una muñeca Bokor pulsando la tecla S.	S 키를 눌러 보코르 인형 제작				
QUEST_JOBSTEP_20150317_001940	Repórtate con el Maestra Bokor	보코르 마스터에게 보고				
QUEST_JOBSTEP_20150317_001941	Completaste la muñeca. Repórtate con el Maestra Bokor.	인형이 완성되었습니다. 보코르 마스터에게 보고하세요.				
QUEST_JOBSTEP_20150317_001942	Reúna materiales y haga %s	재료를 모아 %s 제작				
QUEST_JOBSTEP_20150317_001943	Ve con la Maestra Peltasta en Klaipeda	클라페다에 있는 펠타스타 마스터를 찾아가세요.				
QUEST_JOBSTEP_20150317_001944	Derrota a los Vubbes en la Mina de Cristal 1er Piso	수정광산 1층의 부베 처치				
QUEST_JOBSTEP_20150317_001945	Debes superar el desafío de iniciación para convertirte en Peltasta. Derrota a los Vubbes que invaden la Mina de Cristal 1F.	펠타스타가 되기 위해서는 입문 과제를 거쳐야 한다고 합니다. 수정광산 1층을 점거하고 있는 부베들을 처치하세요.				
QUEST_JOBSTEP_20150317_001946	Derrotaste a todos los Vubbes. Repórtate con la Maestra Peltasta.	부베들을 모두 처치했습니다. 펠타스타 마스터에게 돌아가 보고하세요.				
QUEST_JOBSTEP_20150317_001947	Derrota a los Vubbes en la Mina de Cristal 1er Piso	수정광산 1층에서 부베 처치				
QUEST_JOBSTEP_20150317_001948	Debes superar el desafío de iniciación para convertirte en un Highlander. Derrota a los Vubbes que invaden la Mina de Cristal 1F.	하이랜더가 되기 위해서는 입문 과제를 거쳐야 한다고 합니다. 수정광산 1층을 점거하고 있는 부베들을 처치하세요.				
QUEST_JOBSTEP_20150317_001949	Derrotaste a todos los Vubbes. Repórtate con el Maestro Highlander.	부베들을 모두 처치했습니다. 하이랜더 마스터에게 돌아가 보고하세요.				
QUEST_JOBSTEP_20150317_001950	Derrota a los Vubbes en la Mina de Cristal 1er Piso	수정광산1층의 부베처치				
QUEST_JOBSTEP_20150317_001951	Habla con el Maestro Piromante en Klaipeda.	클라페다에 있는 파이로맨서 마스터와 대화해 보세요.				
QUEST_JOBSTEP_20150317_001952	Ayuda con la investigación del Maestra Bokor	보코르 마스터의 연구 돕기				
QUEST_JOBSTEP_20150317_001953	El Maestro Piromante dice que te aceptará si puedes ayudar con su investigación. Ve con el Maestra Bokor que está colaborando y ayúdala con su investigación.	파이로맨서는 자신의 연구를 도와 준다면 파이로맨서의 입문을 허락하겠다고 합니다. 파이로맨서와 공동 연구중인 보코르 마스터를 찾아가 그녀의 연구를 도와 주세요.				
QUEST_JOBSTEP_20150317_001954	Ayudaste con la investigación del Maestra Bokor. Repórtate con el Maestro Piromante.	보코르 마스터의 연구를 도왔습니다. 파이로맨서 마스터에게 보고하세요.				
QUEST_JOBSTEP_20150317_001955	Mal Invocado	소환된 악령				
QUEST_JOBSTEP_20150317_001956	Habla con el Maestro Criomante en Klaipeda.	클라페다에 있는 크리오맨서 마스터와 대화하세요.				
QUEST_JOBSTEP_20150317_001957	Abre la Caja del Maestro Piromante	파이로맨서 마스터의 상자 열기				
QUEST_JOBSTEP_20150317_001958	El Maestro Criomante te dijo que abrieras una caja en el cuarto del Maestro Piromante como condición para aceptarte. Algo se siente incómodo pero abre la caja de todos modos.	크리오맨서 마스터는 입문을 허락하는 조건으로 파이로맨서 마스터의 방에 있는 상자를 열라고 합니다. 뭔가 찜찜하지만 상자를 열어 보세요.				
QUEST_JOBSTEP_20150317_001959	Repórtate con el Maestro Criomante	크리오맨서 마스터에게 보고				
QUEST_JOBSTEP_20150317_001960	Abriste la caja del Maestro Piromante. Repórtate con el Maestro Criomante.	파이로맨서 마스터의 상자를 여는 데 성공하였습니다. 크리오맨서 마스터에게 보고하세요.				
QUEST_JOBSTEP_20150317_001961	Derrota al Guardián del Contrato	계약의 수호자 처치				
QUEST_JOBSTEP_20150317_001962	Encuentra al Maestro Clérigo en Klaipeda.	클라페다에 있는 클레릭 마스터를 찾아 가세요.				
QUEST_JOBSTEP_20150317_001963	El Maestro Clérigo dice que puedes alcanzar una etapa superior en la vida a través del servicio. Ve con el Maestro Centurión en el Camino de los Demonios Hambrientos en el área del Camino del Peregrino para recibir las hierbas medicinales necesarias para el servicio.	클레릭 마스터는 봉사로써 클레릭의 더 높은 경지에 오를 수 있다고 합니다. 봉사를 위한 약초를 받아오기 위해 순례자의 길 지역의 큰아귀 길에 있는 센츄리온 마스터를 찾아가세요.				
QUEST_JOBSTEP_20150317_001964	Ve con el Maestro Centurión en el Camino de los Demonios Hambrientos	큰아귀길에 있는 센츄리온 마스터 찾아가기				
QUEST_JOBSTEP_20150317_001965	El Maestro Clérigo dice que puedes alcanzar un nivel superior a través del servicio. Ve con el Maestro Centurión en el Camino de los Demonios Hambrientos en el área del Camino del Peregrino para recibir las hierbas medicinales necesarias para el servicio.	클레릭 마스터는 봉사로써 클레릭의 더 높은 경지에 오를 수 있다고 합니다. 봉사를 위한 약초를 받아오기 위해 순례자의 길 지역의 큰 아귀 길에 있는 센츄리온 마스터를 찾아가세요.				
QUEST_JOBSTEP_20150317_001966	Desentierra el brote joven de Nicotia	니코티아의 어린 순 캐기				
QUEST_JOBSTEP_20150317_001967	El Maestro Centurión dice que se le acabó la Nicotia para usar como medicina. Desentierra brotes jóvenes de Nicotia cercanos.	센츄리온 마스터는 약초로 사용할 니코티아가 모두 동났다고 합니다. 주변에서 니코티아의 어린 순을 캐세요.				
QUEST_JOBSTEP_20150317_001968	Derrota al Biteregina, que bloquea el hábitat de la hierba medicinal.	약초 자생지 앞을 막고 있는 비테레지나 처치				
QUEST_JOBSTEP_20150317_001969	Recolecta hierbas medicinales	약초 캐기				
QUEST_JOBSTEP_20150317_001970	Recolectaste todas las hierbas. Regresa con el Maestro Clérigo.	약초를 모두 캤으니 클레릭 마스터에게 돌아가세요.				
QUEST_JOBSTEP_20150317_001971	Encuéntrate con el Maestro Krivis	크리비 마스터 만나기				
QUEST_JOBSTEP_20150317_001972	Ve con el Maestro Krivis en Klaipeda	클라페다에 있는 크리비 마스터를 찾아 가세요.				
QUEST_JOBSTEP_20150317_001973	Encuéntrate con el Maestro Sacerdote	프리스트 마스터 만나기				
QUEST_JOBSTEP_20150317_001974	El Maestro Krivis dice que necesitas ir de peregrinación para alcanzar un nivel superior. Consigue las ofrendas para la Estatua de la Diosa en Fedimian del Maestro Sacerdote.	크리비 마스터는 더 높은 경지에 오르려면 성지순례의 과정을 거쳐야 한다고 합니다. 프리스트 마스터에게 페디미안의 여신상에 경배를 드리기 위한 공양품을 받으세요.				
QUEST_JOBSTEP_20150317_001975	Ayuda con el trabajo del Maestro Sacerdote	프리스트 마스터의 일 도와주기				
QUEST_JOBSTEP_20150317_001976	El Maestro Sacerdote dice que te dará los objetos de ofrenda si eliminas a los monstruos que amenazan a los residentes. Derrota a la Rocktortuga en el Bosque Oeste de Siauliai.	프리스트 마스터는 주민들을 위협하는 몬스터를 처치해 준다면 공양품을 내어 주겠다고 합니다. 샤울레이 서쪽 숲에 출몰하는 락토르투가를 처치해 주세요.				
QUEST_JOBSTEP_20150317_001977	Derrotaste a la Rocktortuga. Regresa con el Maestro Sacerdote y consigue los objetos de ofrenda.	락토르투가를 처치하였습니다. 프리스트 마스터 마스터에게 돌아가 공양품을 받으세요.				
QUEST_JOBSTEP_20150317_001978	Encuéntrate con el Maestro Clérigo	클레릭 마스터 만나기				
QUEST_JOBSTEP_20150317_001979	El Maestro Krivis dice que necesitas ir de peregrinación para alcanzar un nivel superior. Consigue las ofrendas para la Estatua de la Diosa en Fedimian del Maestro Clérigo.	크리비 마스터는 더 높은 경지에 오르려면 성지순례의 과정을 거쳐야 한다고 합니다. 클레릭 마스터에게 페디미안의 여신상에 경배를 드리기 위한 공양품을 받으세요.				
QUEST_JOBSTEP_20150317_001980	Adora la Estatua de la Diosa en Fedimian	페디미안의 여신상에 경배하기				
QUEST_JOBSTEP_20150317_001981	Recibiste los objetos de ofrenda del Maestro Sacerdote y del Maestro Clérigo. Adora y ofrece objetos a la Estatua de la Diosa en Fedimian.	프리스트 마스터와 클레릭 마스터에게 경배에 필요한 공양품을 받았습니다. 페디미안으로 가서 그 곳의 여신상에게 공양품을 올리고 경배하세요.				
QUEST_JOBSTEP_20150317_001982	Repórtate con el Maestro Krivis	크리비 마스터에게 보고				
QUEST_JOBSTEP_20150317_001983	Terminaste la peregrinación a Fedimian. Regresa con el Maestro Krivis.	페디미안의 성지 순례를 마쳤습니다. 크리비 마스터에게 돌아가 보세요.				
QUEST_JOBSTEP_20150317_001984	Habla con el Maestro Sacerdote en Klaipeda.	클라페다에 있는 프리스트 마스터와 대화해 보세요.				
QUEST_JOBSTEP_20150317_001985	Derrota a la fuerza maligna	사악한 기운 물리치기				
QUEST_JOBSTEP_20150317_001986	El Maestro Sacerdote dice que puedes alcanzar un nivel superior a través del exorcismo. Purifica las fuerzas malignas en el Camino de los Demonios Hambrientos.	프리스트 마스터는 퇴마의식으로써 더 높은 경지에 이를 수 있다고 합니다. 큰아귀 길에 있는 사악한 기운을 정화해 주세요.				
QUEST_JOBSTEP_20150317_001987	Purificaste todas las fuerzas malignas. Regresa y repórtate con el Maestro Sacerdote.	사악한 기운을 모두 정화하였습니다. 프리스트 마스터에게 돌아가 보고하세요.				
QUEST_JOBSTEP_20150317_001988	Encuéntrate con el Maestra Bokor	보코르 마스터 만나기				
QUEST_JOBSTEP_20150317_001989	Ve con el Maestra Bokor en Klaipeda	클라페다의 보코르 마스터를 찾아 가세요.				
QUEST_JOBSTEP_20150317_001990	Consigue la joya del Maestro Krivis	크리비 마스터에게 보석 받아 오기				
QUEST_JOBSTEP_20150317_001991	El Maestra Bokor dice que hay algo que necesitas hacer para convertirte en un Bokor más fuerte. Ve con el Maestro Krivis y consigue la joya que está guardando.	보코르 마스터는 보코르로서 더욱 강력해지기 위해서는 해줘야 할 일이 있다고 합니다. 보코르 마스터의 요청대로 크리비 마스터를 찾아가 맞겨 놓은 보석을 받아 오세요.				
QUEST_JOBSTEP_20150317_001992	El Maestra Bokor dice que hay algo que necesitas hacer para convertirte en un Bokor más fuerte. Ve con el Maestro Krivis y consigue la joya que está guardando.	보코르 마스터는 보코르로서 더욱 강력해지기 위해서는 해줘야 할 일이 있다고 합니다. 보코르 마스터의 요청대로 크리비 마스터를 찾아가 맞겨 놓은 보석을 찾아 오세요.				
QUEST_JOBSTEP_20150317_001993	Regresa con el Maestra Bokor	보코르 마스터에게 돌아가기				
QUEST_JOBSTEP_20150317_001994	Conseguiste la joya del Maestro Krivis. Dásela al Maestra Bokor.	크리비 마스터에게 보석을 돌려 받았습니다. 보코르 마스터에게 보석을 전해 주러 가세요.				
QUEST_JOBSTEP_20150317_001995	Parece que algo le pasó al Maestra Bokor cuando tomó la joya. Háblale de nuevo.	크리비 마스터에게 되찾아온 보석을 받아 든 보코르 마스터에게 무슨 일이 생긴 것 같습니다. 보코르 마스터와 다시 대화해 보세요.				
QUEST_JOBSTEP_20150317_001996	Parece que el Maestra Bokor se inspiró con la joya. Encuéntrate con el Maestro Krivis y dile que prepare un servicio conmemorativo antes de que derrotes a Tutu.	보코르 마스터는 보석에게서 강력한 영감을 받은 것 같습니다. 보코르 마스터가 예언한 대로 투투를 처치하기 전에 크리비 마스터를 만나 위령제를 준비하라고 전해 주세요.				
QUEST_JOBSTEP_20150317_001997	El Maestro Krivis te contó la historia detrás de la joya. Habla con el Maestro Krivis sobre el servicio conmemorativo.	크리비 마스터는 보석에 얽힌 이야기를 들려 주었습니다. 위령제 준비에 대해 크리비 마스터와 다시 대화해 보세요.				
QUEST_JOBSTEP_20150317_001998	Le dijiste al Maestro Krivis que preparara el servicio conmemorativo. Ahora es momento de derrotar a Tutu. Derrótalo en el Bosque Este de Siauliai antes de que llegue a Klaipeda.	크리비 마스터에게 위령제를 준비하라는 말을 전했으니 이제 투투를 처치할 차례입니다. 투투가 클라페다로 오기 전에 샤울레이 동쪽 숲에서 처치하세요.				
QUEST_JOBSTEP_20150317_001999	Derrotaste a Tutu. Repórtate con el Maestra Bokor.	투투 처치에 성공하였습니다. 보코르 마스터에게 보고하세요.				
QUEST_JOBSTEP_20150317_002000	Encuéntrate con el Escultor Tesla	조각가 테슬라 만나기				
QUEST_JOBSTEP_20150317_002001	Habla con el Escultor Tesla en el Valle Rhombuspaving	마름포석골에 있는 조각가 테슬라와 대화해 보세요.				
QUEST_JOBSTEP_20150317_002002	Recibe bálsamo del Maestro Clérigo	클레릭 마스터에게 향유 받기				
QUEST_JOBSTEP_20150317_002003	Tesla enfatizó la importancia del mantenimiento de postes como virtud y te pidió gestionar la Estatua de la Diosa. Consigue el bálsamo necesario para la Estatua de la Diosa del Maestro Clérigo en Klaipeda.	조각가 테슬라는 딥디르비의 덕목으로 사후관리의 중요성을 강조하면서 여신상을 관리해 줄 것을 부탁했습니다. 여신상 관리에 필요한 향유를 클라페다에 있는 클레릭 마스터에게 받아 오세요.				
QUEST_JOBSTEP_20150317_002004	Recibiste bálsamo del Maestro Clérigo pero no parece suficiente. Habla con el Maestro Clérigo de nuevo.	클레릭 마스터에게 향유를 받았지만 이것으론 좀 부족할 것 같습니다. 클레릭 마스터와 다시 대화해 보세요.				
QUEST_JOBSTEP_20150317_002005	Consigue bálsamo del Maestro Krivis	크리비 마스터에게 향유 받기				
QUEST_JOBSTEP_20150317_002006	El bálsamo no es suficiente para la Estatua de la Diosa. Consigue más del Maestro Krivis en Klaipeda.	여신상 관리를 위한 향유가 이 정도론 부족할 것 같습니다. 여신상 관리에 필요한 향유를 클라페다에 있는 크리비 마스터에게 받아 오세요.				
QUEST_JOBSTEP_20150317_002007	Recibiste bálsamo del Maestro Krivis pero no parece suficiente. Habla con el Maestro Krivis de nuevo.	크리비 마스터에게 향유를 받았지만 여신상 관리에 조금 부족할 듯 싶습니다. 크리비 마스터와 다시 대화해 보세요.				
QUEST_JOBSTEP_20150317_002008	Recibe bálsamo del Maestro Sacerdote	프리스트 마스터에게 향유 받기				
QUEST_JOBSTEP_20150317_002009	El bálsamo no es suficiente para la Estatua de la Diosa. Consigue más del Maestro Sacerdote en Klaipeda.	여신상 관리를 위한 향유가 이 정도론 부족할 것 같습니다. 여신상 관리에 필요한 향유를 클라페다에 있는 프리스트 마스터에게 받아 오세요.				
QUEST_JOBSTEP_20150317_002010	Recibiste bálsamo del Maestro Sacerdote pero no parece suficiente. Habla con el Maestro Sacerdote de nuevo.	프르스트 마스터에게 향유를 받았지만 이걸론 좀 부족할 것 같습니다. 프리스트 마스터와 대화해 보세요.				
QUEST_JOBSTEP_20150317_002011	Recibe bálsamo del Maestra Bokor	보코르 마스터에게 향유 받기				
QUEST_JOBSTEP_20150317_002012	El bálsamo no es suficiente para la Estatua de la Diosa. Consigue más del Maestra Bokor en Klaipeda.	여신상 관리를 위한 향유가 이 정도론 부족할 것 같습니다. 여신상 관리에 필요한 향유를 클라페다에 있는 보코르 마스터에게 받아 오세요.				
QUEST_JOBSTEP_20150317_002013	Tienes suficiente bálsamo para la Estatua de la Diosa. Habla con el Maestra Bokor de nuevo.	이 정도면 여신상의 관리에 사용할 향유는 넉넉한 것 같습니다. 보코르 마스터와 다시 대화해 보세요.				
QUEST_JOBSTEP_20150317_002014	Restaura las Estatuas de la Diosa en Fedimian y Klaipeda	페디미안과 클라페다에 있는 여신상 보수하기				
QUEST_JOBSTEP_20150317_002015	He recibido suficiente bálsamo. Restaura la estatua de Vakarine en Fedimian y Klaipeda.	향유를 넉넉히 받았습니다. 페디미안의 바카리네 여신상과 클라페다의 바카리네 여신상을 관리해 주세요.				
QUEST_JOBSTEP_20150317_002016	Repórtate con Tesla	조각가 테슬라에게 보고				
QUEST_JOBSTEP_20150317_002017	Terminaste de restaurar todas las Estatuas de la Diosa. Regresa con Tesla.	의뢰받은 모든 여신상의 관리를 마쳤습니다. 조각가 테슬라에게 돌아가 보세요.				
QUEST_JOBSTEP_20150317_002018	Encuéntrate con el Maestro Sadhu	사두 마스터 만나기				
QUEST_JOBSTEP_20150317_002019	Habla con el Maestro Sadhu en Fedimian	페디미안에 있는 사두 마스터와 대화해 보세요.				
QUEST_JOBSTEP_20150317_002020	Derrota a los Monstruos en el Camino del Demonio Hambriento	큰아귀 길의 몬스터 퇴치				
QUEST_JOBSTEP_20150317_002021	El Maestro Sadhu te pidió derrotar a los monstruos que amenazan a los aldeanos en el Camino del Demonio Hambriento	사두 마스터는 큰 아귀 길에서 주민들을 위협하는 몬스터들을 퇴치해 달라고 합니다.				
QUEST_JOBSTEP_20150317_002022	Repórtate con el Maestro Sadhu	사두 마스터에게 보고				
QUEST_JOBSTEP_20150317_002023	Derrotaste a todos los monstruos que amenazan a los aldeanos. Regresa con el Maestro Sadhu.	주민에게 위협이 되는 몬스터들을 모두 처치하였습니다. 사두 마스터에게 돌아가 보고하세요.				
QUEST_JOBSTEP_20150317_002024	Derrota a los Monstruos en el Camino del Demonio Hambriento	큰 아귀 길의 몬스터 처치				
QUEST_JOBSTEP_20150317_002025	Ve con el Maestro Paladín en los Acantilados Esmeralda	옥빛 서린 벼랑에 있는 팔라딘 마스터를 찾아 가세요.				
QUEST_JOBSTEP_20150317_002026	Duela con el Maestro Paladín	팔라딘 마스터와 대련				
QUEST_JOBSTEP_20150317_002027	El Maestro Paladín te pidió demostrarte a ti mismo con fe. Gana el duelo con el Maestro Paladín.	팔라딘 마스터는 신앙심으로 스스로를 증명하라고 합니다. 팔라딘 마스터와의 대련에서 승리하세요.				
QUEST_JOBSTEP_20150317_002028	Ganaste el duelo con el Maestro Paladín. Háblale de nuevo.	팔라딘 마스터와의 대련에서 승리하였습니다. 팔라딘 마스터와 다시 대화해 보세요.				
QUEST_JOBSTEP_20150317_002029	Pasa la prueba de duelo con el Maestro Paladín	팔라딘 마스터의 대련 테스트 통과				
QUEST_JOBSTEP_20150317_002030	Encuéntrate con el Maestro Monje	몽크 마스터 만나기				
QUEST_JOBSTEP_20150317_002031	Habla con el Maestro Monje en el Valle del Árbol Remanente	머무르는 나뭇골에 있는 몽크 마스터와 대화하세요.				
QUEST_JOBSTEP_20150317_002032	Duela con el Maestro Monje	몽크 마스터와 대련				
QUEST_JOBSTEP_20150317_002033	El Maestro Monje dice que la fe fuerte reside en un cuerpo fuerte. Gana el duelo con el Maestro Monje.	몽크 마스터는 강인한 육체에 강인한 신앙이 깃든다고 합니다. 몽크 마스터와의 대련에서 승리를 거두세요.				
QUEST_JOBSTEP_20150317_002034	Ganaste el duelo con el Maestro Monje. Háblale de nuevo.	몽크 마스터와의 대련에서 승리를 거두었습니다. 몽크 마스터와 다시 대화해 보세요.				
QUEST_JOBSTEP_20150317_002035	Pasa la prueba del Maestro Monje	몽크 마스터의 테스트 통과				
QUEST_JOBSTEP_20150317_002036	Encuéntrate con el Maestro Indulgenciario	파드너 마스터 만나기				
QUEST_JOBSTEP_20150317_002037	Encuéntrate con el Comerciante de Equipo en Fedimian	페디미안의 장비상인 만나러 가기				
QUEST_JOBSTEP_20150317_002038	El Maestro Indulgenciario te pidió conseguir la Olla de Fuego como tu prueba de aceptación. Ve con el Comerciante de Equipo en Fedimian para conseguir información sobre la olla de fuego.	파드너 마스터는 입문 과제로 불항아리를 찾아올 것을 명했습니다. 불항아리의 정보를 찾아 페디미안의 장비상인에게 가 보세요.				
QUEST_JOBSTEP_20150317_002039	Encuéntrate con el comerciante de artículos en Fedimian.	페디미안 도구상인 만나기				
QUEST_JOBSTEP_20150317_002040	El mercader de equipo dice que Mothstem se llevó el brasero como pago por el aceite endurecido. Habla con el mercader de objetos y pregúntale dónde puedes encontrarte con Mothstem.	페디미안의 장비 상인은 굳은 기름의 댓가로 불항아리는 모스템이라는 몬스터가 가지고 있다고 알려 주었습니다. 모스템을 어디서 만날 수 있을지 도구상인과 대화해 보세요.				
QUEST_JOBSTEP_20150317_002041	Olla de Fuego Adquirida	불항아리 획득				
QUEST_JOBSTEP_20150317_002042	El Mercader de Objetos en Fedimian ha visto un Mothstem en el Arroyo de Cristal. Derrota al Mothstem en el Arroyo de Cristal y consigue la Olla de Fuego.	페디미안의 도구상인은 수정개울에서 모스템을 본 적이 있다고 합니다. 수정개울로 가서 모스템을 처치하고 불항아리를 얻으세요.				
QUEST_JOBSTEP_20150317_002043	Conseguiste la Olla de Fuego que quería el Maestro Indulgenciario. Dásela al Maestro Indulgenciario.	파드너 마스터가 원하던 불항아리를 구했습니다. 파드너 마스터에게 불항아리를 전해 주세요.				
QUEST_JOBSTEP_20150317_002044	Derrota a Mothstem y obtén %s	모스템을 처치하고 %s획득				
QUEST_JOBSTEP_20150317_002045	Derrota a Mothstem	모스템 처치				
QUEST_JOBSTEP_20150317_002046	Habla con el Comerciante de Equipo en Fedimian	페디미안의 장비상인과 대화				
QUEST_JOBSTEP_20150317_002047	Los comerciantes en Fedimian saben sobre la Olla de Fuego. Habla primero con el Comerciante de Equipo.	불항아리의 정보는 페디미안의 상인들이 알고 있다고 합니다. 먼저 장비상인과 대화해 보세요.				
QUEST_JOBSTEP_20150317_002048	Recolecta el aceite condensado del Camino del Demonio Hambriento	큰아귀 길에서 굳은 기름 수집				
QUEST_JOBSTEP_20150317_002049	A cambio de la información, el Mercader de Equipamiento exige el aceite condensado. Consigue el aceite condensado de los monstruos en el Camino del Demonio Hambriento y llévaselo al Mercader de Equipamiento.	장비상인은 정보의 댓가로 굳은 기름을 원하고 있습니다. 큰 아귀 길의 몬스터에게서 굳은 기름을 모아 장비상인에게 가져다 주세요.				
QUEST_JOBSTEP_20150317_002050	Dáselo al comerciante de equipo en Fedimian.	페디미안의 장비상인에게 전달				
QUEST_JOBSTEP_20150317_002051	Reuní suficiente aceite endurecido. Dáselo al comerciante de equipo en Fedimian.	이 정도면 굳은 기름을 넉넉히 모은 것 같습니다. 페디미안의 장비 상인에게 굳은 기름을 가져다 주세요.				
QUEST_JOBSTEP_20150317_002052	Obtén %s derrotando a los monstruos que se abalanzan sobre ti.	습격해 오는 몬스터를 처치하고 %s 획득				
QUEST_JOBSTEP_20150317_002053	Obtén los objetos tras derrotar a los monstruos.	몬스터 처치 아이템 획득				
QUEST_JOBSTEP_20150317_002054	Habla con el Maestro Mago en Klaipeda.	클라페다에 있는 위저드 마스터와 대화하세요.				
QUEST_JOBSTEP_20150317_002055	Elimina las amenazas del Bosque Oeste de Siauliai	샤울레이 서쪽 숲의 위험 제거				
QUEST_JOBSTEP_20150317_002056	El Maestro Mago dice que probará tus fundamentos. Derrota a los Golems salvajes en el Bosque Oeste de Siauliai.	위저드 마스터는 기본기를 시험해 보겠다고 합니다. 샤울레이 서쪽 숲에서 날뛰는 골렘을 처치하세요.				
QUEST_JOBSTEP_20150317_002057	Derrotaste a los Golems en el Bosque Oeste de Siauliai. Repórtate con el Maestro Mago.	샤울레이 서쪽 숲의 골렘을 처치했습니다. 위저드 마스터에게 보고하세요.				
QUEST_JOBSTEP_20150317_002058	Elimina el peligro en el Bosque de la Bandera del Ocaso	해진깃발숲의 위험 제거				
QUEST_JOBSTEP_20150317_002059	Necesitas demostrar tus habilidades al Maestro Catafracto. Derrota a Biteregina que amenaza a la gente en el Bosque de la Bandera del Ocaso.	캐터프랙트 마스터에게 실력을 보여줄 필요가 있습니다. 해진깃발숲에서 사람들을 위협하는 비테레지나를 처치하세요.				
QUEST_JOBSTEP_20150317_002060	Derrotaste a Biteregina. Repórtate con el Maestro Catafracto.	비테레지나를 처치했습니다. 캐터프랙트 마스터에게 보고하세요.				
QUEST_JOBSTEP_20150317_002061	Habla con el Maestro Piromante en Klaipeda.	클라페다의 파이로맨서 마스터와 대화해 보세요.				
QUEST_JOBSTEP_20150317_002062	Derrota al Poata en el Bosque Este de Siauliai	샤울레이 동쪽 숲의 포아타 처치				
QUEST_JOBSTEP_20150317_002063	El Piromante te pidió que derrotaras al Poata en el Bosque de Siauliai Oriental.	파이로맨서는 샤울레이 동쪽 숲에서 주민들을 위협하는 포아타를 처치해 달라고 합니다.				
QUEST_JOBSTEP_20150317_002064	Derrotaste al Poata en el Bosque Este de Siauliai. Repórtate con el Maestro Piromante.	샤울레이 동쪽 숲의 포아타를 처치했습니다. 파이로맨서 마스터에게 돌아가 보고하세요.				
QUEST_JOBSTEP_20150317_002065	Derrota a la Mushcaria en el Bosque Oeste de Siauliai	샤울레이 서쪽 숲의 머슈카리아 처치				
QUEST_JOBSTEP_20150317_002066	Demuestra tu fuerza al Maestro Criomante derrotando a la Mushcaria en el Bosque Oeste de Siauliai.	크리오맨서 마스터에게 샤울레이 서쪽 숲의 머슈카리아를 처치하는 것으로 스스로의 강함을 증명하세요.				
QUEST_JOBSTEP_20150317_002067	Derrotaste a Mushcaria en el Bosque Oeste de Siauliai. Regresa y repórtate con el Maestro Criomante.	샤울레이 서쪽 숲의 머슈카리아를 처치했습니다. 크리오맨서 마스터에게 돌아가 보고하세요.				
QUEST_JOBSTEP_20150317_002068	Habla con el Maestro Psychokino en la Aldea Minera de Siauliai.	샤울레이 광산 마을에 있는 사이코키노 마스터와 대화하세요.				
QUEST_JOBSTEP_20150317_002069	Derrota al Vubbe Luchador en la Aldea Minera	샤울레이 광산 마을의 붉은 부베 투사 처치				
QUEST_JOBSTEP_20150317_002070	Psychokino afirma que lo más importante es creer en uno mismo. Demuestra tu confianza derrotando al Luchador Vubbe Rojo en la Aldea Minera.	사이코키노는 자신을 믿는 힘이 가장 중요하다고 합니다. 샤울레이 광산 마을의 붉은 부베 투사를 처치하는 것으로 자신감을 증명하세요.				
QUEST_JOBSTEP_20150317_002071	Repórtate con el Maestro Psychokino	사이코키노 마스터에게 보고				
QUEST_JOBSTEP_20150317_002072	Derrotaste al Vubbe Luchador Rojo. Regresa y repórtate con el Maestro Psychokino.	붉은 부베 투사를 처치하는데 성공했습니다. 사이코키노 마스터에게 돌아가 보고하세요.				
QUEST_JOBSTEP_20150317_002073	Derrota al Vubbe Luchador Rojo	붉은 부베 투사 처치				
QUEST_JOBSTEP_20150317_002074	Habla con el Maestro Enlazador en la Aldea Minera.	샤울레이 광산 마을에 있는 링커 마스터와 대화하세요.				
QUEST_JOBSTEP_20150317_002075	Derrota al inusual Vubbe Luchador en el Bosque Este de Siauliai	샤울레이 동쪽 숲의 비범한 부베 투사 처치				
QUEST_JOBSTEP_20150317_002076	El Maestro Enlazador quiere saber cómo se usa el Maná. Muéstrale cómo se usa derrotando al Vubbe Luchador Inusual en el Bosque Este de Siauliai.	링커 마스터는 마나를 어떻게 사용하는지 알아야겠다고 합니다. 샤울레이 동쪽 숲의 비범한 부베 투사를 처치하는 것으로 어떻게 마나를 사용하는지 보여 주세요.				
QUEST_JOBSTEP_20150317_002077	Repórtate con el Maestro Enlazador	링커 마스터에게 보고				
QUEST_JOBSTEP_20150317_002078	Derrotaste al inusual Vubbe Luchador en el Bosque Este de Siauliai. Regresa y repórtate con el Maestro Enlazador.	샤울레이 동쪽 숲의 비범한 부베 투사를 처치했습니다. 링커 마스터에게 돌아가 보고하세요.				
QUEST_JOBSTEP_20150317_002079	Derrota al inusual Vubbe Luchador	비범한 부베 투사 처치				
QUEST_JOBSTEP_20150317_002080	Derrota a la Salamandra Ardiente en la Torre de Magos 1er Piso	마법사의 탑 1층의 타오르는 셀러맨더 처치				
QUEST_JOBSTEP_20150317_002081	El Maestro Taumaturgo dice que necesitas talento básico para recibir la iluminación. Derrota a la Salamandra en la Torre de Magos 1er Piso.	쏘마터지 마스터는 깨달음을 얻기 위해선 기본적인 자질이 필요하다고 합니다. 마법사의 탑 1층에서 샐러맨더를 처치하세요.				
QUEST_JOBSTEP_20150317_002082	Repórtate con el Maestro Taumaturgo	쏘마터지 마스터에게 보고				
QUEST_JOBSTEP_20150317_002083	Derrotaste a la Salamandra. Repórtate con el Maestro Taumaturgo.	샐러맨더를 처치하는데 성공하였습니다. 쏘마터지 마스터에게 보고하세요.				
QUEST_JOBSTEP_20150317_002084	Derrota a Reaverpede en el Valle del Árbol Remanente para la prueba del Maestro Elementalista	엘레멘탈리스트 마스터의 시험을 위해 머무르는 나뭇골의 리버피드를 처치하세요.				
QUEST_JOBSTEP_20150317_002085	Repórtate con el Maestro Elementalista	엘레멘탈리스트 마스터에게 보고				
QUEST_JOBSTEP_20150317_002086	Lograste derrotar a Reaverpede. Repórtate con el Maestro Elementalista.	리버피드를 처치하는데 성공하였습니다. 엘레멘탈리스트 마스터에게 보고하세요.				
QUEST_JOBSTEP_20150317_002087	Encuéntrate con el Maestro Hechicero en el Arroyo de Cristal	수정 개울의 소서러 마스터를 찾아 가세요.				
QUEST_JOBSTEP_20150317_002088	Derrota a Devilglove en el Arroyo de Cristal	수정개울의 데블글로브 처치				
QUEST_JOBSTEP_20150317_002089	El Maestro Hechicero quiere revisar tus habilidades. Derrota a Devilglove en el Arroyo de Cristal para demostrar tus habilidades.	소서러 마스터는 실력 평가를 원하고 있습니다. 수정 개울의 데블글로브를 처치하여 실력을 증명하세요.				
QUEST_JOBSTEP_20150317_002090	Repórtate con el Maestro Hechicero	소서러 마스터에게 보고				
QUEST_JOBSTEP_20150317_002091	Derrotaste a Devilglove. Repórtate con el Maestro Hechicero.	데블글로브를 처치하는데 성공했습니다. 소서러 마스터에게 보고하세요.				
QUEST_JOBSTEP_20150317_002092	Habla con el Maestra Nigromante en el Camino del Demonio Hambriento	큰아귀 길의 네크로맨서 마스터와 대화하세요.				
QUEST_JOBSTEP_20150317_002093	Recoge los cadáveres de los monstruos en el Camino del Demonio Hambriento	큰 아귀 길의 몬스터 사체 수집				
QUEST_JOBSTEP_20150317_002094	El Nigromante te dijo que trajeras los cadáveres de los monstruos. Trae el Hueso del Pescador Azul, las Tripas de Lepusbunny y el Pico de Harpeia del Camino del Demonio Hambriento.	네크로맨서는 몬스터의 사체를 가져 오라고 합니다. 큰 아귀 길에서 푸른 피셔맨의 뼈, 레푸스버니의 내장, 하르피아의 부리를 모아 오세요.				
QUEST_JOBSTEP_20150317_002095	Entrega los cadáveres al Maestra Nigromante	네크로맨서 마스터에게 사체 전달				
QUEST_JOBSTEP_20150317_002096	Has recogido algunas partes de los cadáveres. Regresa con el Nigromante.	사체의 일부를 모두 수집했습니다. 네크로맨서에게 돌아가 보세요.				
QUEST_JOBSTEP_20150317_002097	Obtén %s	%s획득				
QUEST_JOBSTEP_20150317_002098	Ve con el Maestro Espadachín en Klaipeda	클라페다의 소드맨 마스터를 찾아 가세요.				
QUEST_JOBSTEP_20150317_002099	Derrota a Honeypin en el Bosque Índigo Profundo.	청람머문 숲의 허니핀 처치				
QUEST_JOBSTEP_20150317_002100	El Maestro Espadachín está enfatizando la importancia de entrenar con peleas reales. Derrota a Honeypin en el Bosque Índigo Profundo y acumula experiencia.	소드맨 마스터는 실전과 같은 훈련을 강조하고 있습니다. 청람머문 숲의 허니핀을 처치하여 실전 경험을 쌓아 보세요.				
QUEST_JOBSTEP_20150317_002101	Derrotaste a Honeypin. Repórtate con el Maestro Espadachín.	허니핀을 처치하는데 성공했습니다. 소드맨 마스터에게 보고하세요.				
QUEST_JOBSTEP_20150317_002102	Ve con la Maestra Peltasta en Klaipeda	클라페다의 펠타스타 마스터를 찾아 가세요.				
QUEST_JOBSTEP_20150317_002103	Derrota a Gaigalas en el Bosque Sin Flores	꽃모자른 숲의 가이갈라스 처치				
QUEST_JOBSTEP_20150317_002104	La Maestra Peltasta quiere que demuestres tus habilidades. Derrota a Gaigalas en el Bosque Sin Flores y demuestra tus habilidades.	펠타스타 마스터는 실력을 증명하길 원하고 있습니다. 꽃모자른 숲의 가이갈라스를 처치하여 실력을 증명하세요.				
QUEST_JOBSTEP_20150317_002105	Derrotaste a Gaigalas. Repórtate con la Maestra Peltasta.	가이갈라스를 처치하는데 성공했습니다. 펠타스타 마스터에게 보고하세요.				
QUEST_JOBSTEP_20150317_002106	Derrota a Gaigalas	가이갈라스 처치				
QUEST_JOBSTEP_20150317_002107	Encuentra al Maestro Highlander en Klaipeda.	클라페다의 하이랜더 마스터를 찾아 가세요.				
QUEST_JOBSTEP_20150317_002108	El Maestro Highlander quiere que acumules más experiencia. Derrota a Honeypin en el Bosque Índigo Profundo. 	하이랜더 마스터는 더욱 경험을 쌓기를 원하고 있습니다. 청람머문 숲의 허니핀을 처치하세요.				
QUEST_JOBSTEP_20150317_002109	Derrotaste a Honeypin. Repórtate con el Maestro Highlander.	허니핀을 처치하는데 성공했습니다. 하이랜더 마스터에게 보고하세요.				
QUEST_JOBSTEP_20150317_002110	El Maestro Hoplita posee la habilidad en la que sus colegas pueden confiar. Derrota a Colimencia en el Bosque de Roca en Capas para demostrar tus habilidades.	하플라이트 마스터는 동료들이 의지할만한 실력을 원하고 있습니다. 점층바위 숲의 콜리멘시아를 처치하여 실력을 증명하세요.				
QUEST_JOBSTEP_20150317_002111	Derrotaste a Colimencia. Repórtate con el Maestro Hoplita.	콜리멘시아를 처치하는데 성공했습니다. 하플라이트 마스터에게 보고하세요.				
QUEST_JOBSTEP_20150317_002112	Ve con el Maestro Bárbaro en el Bosque Este de Siauliai	샤울레이 동쪽 숲의 바바리안 마스터를 찾아 가세요.				
QUEST_JOBSTEP_20150317_002113	Encuéntrate con el Maestro Bárbaro en el Bosque Este de Siauliai	점층바위 숲의 포아타 처치				
QUEST_JOBSTEP_20150317_002114	El Maestro Bárbaro quiere que otras personas lo respeten derrotando a Poata, conocido por atacar gente. Derrota a Poata en el Bosque de Roca en Capas.	바바리안 마스터는 사람들을 습격하는 것으로 악명높은 포아타를 처치하는 것으로 사람들이 자신을 무시하지 않게 하려고 합니다. 점층바위 숲의 포아타를 처치하세요.				
QUEST_JOBSTEP_20150317_002115	Derrotaste a Poata. Repórtate con el Maestro Bárbaro.	포아타를 처치하는데 성공했습니다. 바바리안 마스터에게 보고하세요.				
QUEST_JOBSTEP_20150317_002116	Encuéntrate con el Maestro Rodelero en Fedimian.	페디미안의 로델레로 마스터를 찾아 가세요.				
QUEST_JOBSTEP_20150317_002117	El Maestro Rodelero quiere acumular experiencias reales. Derrota a Colimencia en el Bosque de Roca en Capas para demostrar tus habilidades.	로델레로 마스터는 실전 경험을 원하고 있습니다. 점층바위 숲의 콜리멘시아를 처치하여 실력을 증명하세요.				
QUEST_JOBSTEP_20150317_002118	Derrotaste a Colimencia. Repórtate con el Maestro Rodelero.	콜리멘시아를 처치하는데 성공했습니다. 로델레로 마스터에게 보고하세요.				
QUEST_JOBSTEP_20150317_002119	Encuéntrate con el Maestro Catafracto en el Camino Alto Torcido.	높이굽은 길의 캐터프랙트 마스터를 찾아 가세요.				
QUEST_JOBSTEP_20150317_002120	El Maestro Catafracto te dijo que es importante romper todo lo que se interponga en tu camino. Derrota a Gaigalas en el Bosque Sin Flores para demostrar tus habilidades.	캐터프랙트 마스터는 난관이 무엇이든 뚫어버리는 것이 중요하다고 합니다. 꽃모자른 숲의 가이갈라스를 처치하여 실력을 증명하세요.				
QUEST_JOBSTEP_20150317_002121	Derrotaste a Gaigalas. Repórtate con el Maestro Catafracto.	가이갈라스를 처치하는데 성공했습니다. 캐터프랙트 마스터에게 보고하세요.				
QUEST_JOBSTEP_20150317_002122	Ve con el Maestro Escudero en Fedimian	페디미안의 스콰이어 마스터를 찾아 가세요.				
QUEST_JOBSTEP_20150317_002123	Derrota a Poata y encuentra el sello de la familia	포아타를 처치하여 가문의 문장 찾기				
QUEST_JOBSTEP_20150317_002124	El Maestro Escudero tiene el símbolo de la familia Legwyn. Derrota a Poata en el Bosque de Roca en Capas para encontrar el símbolo.	스콰이어 마스터는 르귄가문의 장식을 찾고 있습니다. 점층바위 숲의 포아타를 처치하여 장식을 찾아오세요.				
QUEST_JOBSTEP_20150317_002125	Repórtate con el Maestro Escudero	스콰이어 마스터에게 보고				
QUEST_JOBSTEP_20150317_002126	Encontraste el ornamento de la familia. Repórtate con el Maestro Escudero.	가문의 장식을 찾는데 성공했습니다. 스콰이어 마스터에게 보고하세요.				
QUEST_JOBSTEP_20150317_002127	Adquiere el ornamento de la Familia Legwyn	르귄가문의 장식 획득				
QUEST_JOBSTEP_20150317_002128	Habla con el Maestro Corsario	커세어 마스터와 대화				
QUEST_JOBSTEP_20150317_002129	Encuéntrate con el Maestro Escudero en el Camino del Demonio Hambriento	큰아귀 길의 커세어 마스터를 찾아 가세요.				
QUEST_JOBSTEP_20150317_002130	El Maestro Corsario quiere que demuestres tus habilidades. Derrota a Honeypin en el Bosque Índigo Profundo para demostrar tus habilidades.	커세어 마스터는 실력을 증명하라고 합니다. 청람머문 숲의 허니핀을 처치하여 실력을 증명하세요.				
QUEST_JOBSTEP_20150317_002131	Repórtate con el Maestro Corsario	커세어 마스터에게 보고				
QUEST_JOBSTEP_20150317_002132	Derrotaste a Honeypin. Repórtate con el Maestro Corsario.	허니핀을 처치하는데 성공했습니다. 커세어 마스터에게 보고하세요.				
QUEST_JOBSTEP_20150317_002133	Habla con el Maestro Doppelsoeldner	도펠죌트너 마스터와 대화				
QUEST_JOBSTEP_20150317_002134	Encuéntrate con el Maestro Doppelsoeldner en el Puerto Olvidado.	잊혀진 나루의 도펠죌트너 마스터를 찾아 가세요.				
QUEST_JOBSTEP_20150317_002135	El Maestro Doppelsoeldner quiere que demuestres tus habilidades derrotando a Gaigalas en el Bosque Sin Flores.	도펠죌트너 마스터는 꽃모자른 숲의 가이갈라스를 처치하여 실력을 증명하길 원하고 있습니다.				
QUEST_JOBSTEP_20150317_002136	Repórtate con el Maestro Doppelsoeldner	도펠죌트너 마스터에게 보고				
QUEST_JOBSTEP_20150317_002137	Derrotaste a Gaigalas. Repórtate con el Maestro Doppelsoeldner.	가이갈라스를 처치하는데 성공했습니다. 도펠죌트너 마스터에게 보고하세요.				
QUEST_JOBSTEP_20150317_002138	Habla con el Maestra Cronomante	크로노맨서 마스터와 대화				
QUEST_JOBSTEP_20150317_002139	Habla con el Maestra Cronomante en el Camino Alto Torcido.	높이굽은길에 있는 크로노맨서 마스터와 대화하세요.				
QUEST_JOBSTEP_20150317_002140	Derrota a Reaverpede en el Valle del Árbol restante	머무르는 나뭇골의 리버피드 처치				
QUEST_JOBSTEP_20150317_002141	Para la prueba del Maestra Cronomante, derrota a Reaverpede en el Valle del Árbol Remanente.	크로노맨서 마스터의 시험을 위해 머무르는 나뭇골의 리버피드를 처치하세요.				
QUEST_JOBSTEP_20150317_002142	Repórtate con el Maestra Cronomante	크로노맨서 마스터에게 보고				
QUEST_JOBSTEP_20150317_002143	Derrotaste a Reaverpede. Repórtate con el Maestra Cronomante.	리버피드를 처치하는데 성공하였습니다. 크로노맨서 마스터에게 보고하세요.				
QUEST_JOBSTEP_20150317_002144	Encuéntrate con el Maestro Mago	위저드 마스터 만나기				
QUEST_JOBSTEP_20150317_002145	Encuéntrate con el Maestro Mago en Klaipeda	클라페다에 있는 위저드 마스터를 만나세요				
QUEST_JOBSTEP_20150317_002146	Derrota a Ironbaum en el Bosque Este de Siauliai	샤울레이 동쪽 숲의 아이언바움 처치				
QUEST_JOBSTEP_20150317_002147	El Maestro Mago está insatisfecho con la situación. Nadie está peleando contra los monstruos al frente. Ve al Bosque Este de Siauliai y derrota a Ironbaum.	위자드 마스터는 근처에 몬스터들의 위험이 도사리는데도 아무도 나서지 않는 행태에 불만이 많은 것 같습니다. 샤울레이 동쪽 숲으로 가서 아이언바움을 처치하세요.				
QUEST_JOBSTEP_20150317_002148	Derrotaste a Ironbaum. Regresa con el Maestro Mago.	아이언바움을 처치하는데 성공하였습니다. 위저드 마스터에게 돌아가세요.				
QUEST_JOBSTEP_20150317_002149	Encuéntrate con el Maestro Piromante	파이로맨서 마스터 만나기				
QUEST_JOBSTEP_20150317_002150	Encuéntrate con el Maestro Piromante en Klaipeda	클라페다에 있는 파이로맨서 마스터를 만나세요				
QUEST_JOBSTEP_20150317_002151	El Maestro Piromante no está complacido con el Maestro Criomante que no hace nada mientras Klaipeda está bajo amenaza. Derrota a Ironbaum en el Bosque Este de Siauliai y muéstrale cómo se debe hacer.	파이로맨서 마스터는 클라페다가 위험에 처했는데도 눈 하나 꿈쩍 안하는 크리오맨서 마스터가 야속한가 봅니다. 본때를 보여주기 위해 샤울레이 동쪽 숲으로 가서 아이언바움을 처치하세요.				
QUEST_JOBSTEP_20150317_002152	Derrotaste a Ironbaum. Regresa con el Maestro Piromante.	아이언바움을 처치하는데 성공했습니다. 파이로맨서 마스터에게 돌아가세요.				
QUEST_JOBSTEP_20150317_002153	Encuéntrate con el Maestro Criomante	크리오맨서 마스터 만나기				
QUEST_JOBSTEP_20150317_002154	Encuéntrate con el Maestro Criomante en Klaipeda	클라페다에 있는 크리오맨서 마스터를 만나세요				
QUEST_JOBSTEP_20150317_002155	El Maestro Criomante dice que otros Maestros se burlan de él, quiere que te encargues de esto. Derrota a Ironbaum en el Bosque Este de Siauliai.	크리오맨서 마스터는 다른 마스터들이 자신의 흉을 본다며 대신 나서주길 원하고 있습니다. 샤울레이 동쪽 숲에서 아이언바움을 물리치세요.				
QUEST_JOBSTEP_20150317_002156	Derrotaste a Ironbaum. Regresa con el Maestro Criomante.	아이언바움을 물리치는데 성공하였습니다. 크리오맨서 마스터에게 돌아가세요.				
QUEST_JOBSTEP_20150317_002157	Encuéntrate con el Maestro Psychokino	사이코키노 마스터 만나기				
QUEST_JOBSTEP_20150317_002158	Encuéntrate con el Maestro Psychokino en la Aldea Minera	샤울레이 광산 마을의 사이코키노 마스터를 만나세요				
QUEST_JOBSTEP_20150317_002159	Derrota al Hombre Lobo en la Aldea Minera	사울레이 광산 마을의 웨어울프 처치				
QUEST_JOBSTEP_20150317_002160	El Maestro Psychokino está ocupado pero no quiere dejarle la oportunidad de derrotar al Hombre Lobo al Maestro Enlazador. Derrota al Hombre Lobo en la Aldea Minera.	사이코키노 마스터는 매우 바쁘지만 링커 마스터에겐 넘겨주기 아깝다면서 웨어울프를 대신 잡아주길 원하고 있습니다. 샤울레이 광산 마을의 웨어울프를 처치하세요.				
QUEST_JOBSTEP_20150317_002161	Derrotaste al Hombre Lobo. Regresa y repórtate con el Maestro Psychokino.	웨어울프를 처치하는데 성공하였습니다. 사이코키노 마스터에게 돌아가 보고하세요.				
QUEST_JOBSTEP_20150317_002162	Encuéntrate con el Maestro Enlazador	링커 마스터 만나기				
QUEST_JOBSTEP_20150317_002163	Encuéntrate con el Maestro Enlazador en la Aldea Minera de Siauliai	샤울레이 광산 마을의 링커 마스터를 만나세요				
QUEST_JOBSTEP_20150317_002164	Derrota al Hombre Lobo en la Aldea Minera de Siauliai	샤울레이 광산 마을의 웨어울프 처치				
QUEST_JOBSTEP_20150317_002165	El Maestro Enlazador quiere que un aprendiz de Enlazador derrote al Hombre Lobo y le muestre al Maestro Psychokino quién manda. Derrota al Hombre Lobo en la Aldea Minera de Siauliai.	링커 마스터는 링커 지망생이 웨어울프를 처치함으로써 사이코키노 마스터의 코를 납작하게 눌러 주고 싶어 합니다. 샤울레이 광산 마을의 웨어울프를 처치하세요.				
QUEST_JOBSTEP_20150317_002166	Derrotaste al Hombre Lobo. Regresa y repórtate con el Maestro Enlazador.	웨어울프를 처치하는데 성공했습니다. 링커 마스터에게 돌아가 보고하세요.				
QUEST_JOBSTEP_20150317_002167	Encuéntrate con el Maestro Taumaturgo	쏘마터지 마스터 만나기				
QUEST_JOBSTEP_20150317_002168	Encuéntrate con el Maestro Taumaturgo en Fedimian	페디미안에 있는 쏘마터지 마스터를 만나세요.				
QUEST_JOBSTEP_20150317_002169	Derrota a Netherbovine en la Falla	단층지에서 네더보바인을 처치				
QUEST_JOBSTEP_20150317_002170	El Maestro Taumaturgo te dijo que todos los Maestros están trabajando juntos para derrotar a los monstruos que están causando desorden así que si quieres ser Taumaturgo, también deberías participar. Derrota a Netherbovine que está causando desorden en la Falla.	쏘마터지 마스터는 난동을 부리는 몬스터를 처치하는데 마스터들이 합심하고 있다면서 쏘마터지 지망생이라면 응당 참여해야 할 것이라고 합니다. 단층지에서 난동을 부리는 네더보바인을 처치하세요.				
QUEST_JOBSTEP_20150317_002171	Derrotaste a Netherbovine. Regresa y repórtate con el Maestro Taumaturgo.	네더보바인을 처치하는데 성공했습니다. 쏘마터지 마스터에게 돌아가 보고하세요.				
QUEST_JOBSTEP_20150317_002172	Encuéntrate con el Maestro Elementalista	엘레멘탈리스트 마스터 만나기				
QUEST_JOBSTEP_20150317_002173	Encuéntrate con el Maestro Elementalista en Fedimian	페디미안에 있는 엘레멘탈리스트 마스터를 만나세요.				
QUEST_JOBSTEP_20150317_002174	Derrota a Netherbovine en la Falla	단층지의 네더보바인 처치				
QUEST_JOBSTEP_20150317_002175	Los maestros de Fedimian persiguen a los monstruos que desaparecen tras causar estragos. Como aspirante a Elementalista, derrota al Netherbovine que apareció en Faultline.	페디미안의 마스터들은 난동을 부리고 사라지는 몬스터를 쫓고 있다고 합니다. 엘리멘탈리스트의 지망생으로써 단층지에 나타난 네더보바인을 처치하세요.				
QUEST_JOBSTEP_20150317_002176	Lograste derrotar a Reaverpede. Repórtate con el Maestro Elementalista.	네더보바인을 처치하는데 성공하였습니다. 엘레멘탈리스트 마스터에게 보고하세요.				
QUEST_JOBSTEP_20150317_002177	Encuéntrate con el Maestro Hechicero	소서러 마스터 만나기				
QUEST_JOBSTEP_20150317_002178	Encuéntrate con el Maestro Hechicero en el Arroyo de Cristal	수정개울에 있는 소서러 마스터를 만나세요				
QUEST_JOBSTEP_20150317_002179	El Maestro Hechicero dice que no puedes quedarte tranquilo mientras los demonios deambulan. Ve al Jardín Antiguo de la Diosa y derrota al Necroventer.	소서러 마스터는 마족들이 창궐하는 지금 태평하게 있어도 되냐면서 소서러를 지망한다면 자신의 뜻을 따라 줄 것을 원하고 있습니다. 여신의 옛뜰로 가서 네크로벤터를 처치하세요.				
QUEST_JOBSTEP_20150317_002180	Derrotaste a Necroventer. Regresa y repórtate con el Maestro Hechicero.	네크로벤터를 처치하는데 성공했습니다. 소서러 마스터에게 돌아가 보고하세요.				
QUEST_JOBSTEP_20150317_002181	Encuéntrate con el Maestra Cronomante	크로노맨서 마스터 만나기				
QUEST_JOBSTEP_20150317_002182	Encuéntrate con el Maestra Cronomante en el Camino Alto Torcido	높이굽은 길에 있는 크로노맨서 마스터를 만나세요				
QUEST_JOBSTEP_20150317_002183	El Maestra Cronomante sospecha de tus habilidades. Derrota al Necroventer en el Jardín Antiguo de la Diosa para demostrarte a ti mismo.	크로노맨서 마스터는 당신의 실력에 의구심을 품고 있습니다. 여신의 옛뜰에서 네크로벤터를 처치하여 스스로를 증명하세요.				
QUEST_JOBSTEP_20150317_002184	Derrotaste a Necroventer. Regresa y repórtate con el Maestra Cronomante.	네크로벤터를 처치하는데 성공하였습니다. 크로노맨서 마스터에게 돌아가 보고하세요.				
QUEST_JOBSTEP_20150317_002185	Encuéntrate con Vaidotas	바이도타스 만나기				
QUEST_JOBSTEP_20150317_002186	Encuentra a Vaidotas en la Aldea Minera de Siauliai.	샤울레이 광산 마을의 바이도타스를 찾아 가세요.				
QUEST_JOBSTEP_20150317_002187	Vaidotas dice que aprender no es difícil, pero hay que estar capacitado para ello. Derrota al hombre lobo en la aldea de los mineros para demostrarlo.	바이도타스는 배우는건 어렵지 않지만 그에 걸맞는 격을 가지고 있어야 한다고 합니다. 그 격을 증명하기 위해 샤울레이 광산 마을에서 웨어울프를 처치하세요.				
QUEST_JOBSTEP_20150317_002188	Repórtate con Vaidotas	바이도타스에게 보고				
QUEST_JOBSTEP_20150317_002189	Derrotaste al Hombre Lobo. Repórtate con Vaidotas.	웨어울프를 처치하는데 성공하였습니다. 바이도타스에게 돌아가 보고하세요.				
QUEST_JOBSTEP_20150317_002190	Habla con el Maestro Quarrel Shooter en Klaipeda.	클라페다에 있는 쿼렐슈터 마스터와 대화해 보세요.				
QUEST_JOBSTEP_20150317_002191	Encuentra la lente en la Mina de Cristal 1er Piso	수정광산 1층에서 렌즈 찾기				
QUEST_JOBSTEP_20150317_002192	El Tirador de la Pelea dice que ha estado mirando por el telescopio en la Torre Astral y que encontró pistas sobre la lente. Ve a la Mina de Cristal 1F y busca la lente.	쿼렐슈터는 별의 탑에 있던 망원경을 찾고 있다며 그 중 렌즈의 단서를 얻었다고 합니다. 수정광산 1층으로 가서 렌즈를 찾아 보세요.				
QUEST_JOBSTEP_20150317_002193	Encontraste la lente. Dásela al Maestro Quarrel Shooter.	렌즈를 찾았습니다. 쿼렐슈터 마스터에게 전해 주세요.				
QUEST_JOBSTEP_20150317_002194	Derrota a Shadowgaler y obtén %s	섀도게일러를 처치해 %s 획득				
QUEST_JOBSTEP_20150317_002195	Ve con el Maestra Guardabosques en Klaipeda	클라페다에 있는 레인저 마스터를 찾아 가세요.				
QUEST_JOBSTEP_20150317_002196	Recoger muestra de veneno de murciélago	박쥐의 독 견본 수집				
QUEST_JOBSTEP_20150317_002197	El Maestra Guardabosques mencionó a un asesino llamado Evonipon y quiere la muestra de veneno que usó. Recolecta muestras de veneno de los murciélagos en la Mina de Cristal 1er Piso.	레인저 마스터는 에보니폰 이라는 암살자를 언급하면서 그가 쓰던 독 견본을 원하고 있습니다. 수정광산 1층의 박쥐들에게서 독 견본을 수집하세요.				
QUEST_JOBSTEP_20150317_002198	Recolectaste todas las muestras de veneno necesarias. Llévaselas al Maestra Guardabosques.	독 견본을 전부 수집했습니다. 레인저 마스터에게 가져다 주세요.				
QUEST_JOBSTEP_20150317_002199	Derrota a los murciélagos y obtén %s	박쥐들을 처치해 %s 획득				
QUEST_JOBSTEP_20150323_002200	El cuero de Glizardon y el canino de Galok en la Iglesia Tenet B1.{nl}Y los polvos negros de Egnome del 2F. Por favor, tráemelos.	테넷 성당 지하 1층의 글리자돈의 가죽, 지상 1층의 갈록의 송곳니.{nl}그리고 지상 2층의 이노움의 검은가루를 제게 가져오세요.				
QUEST_JOBSTEP_20150323_002201	Psicocine{nl}. Les garantizo que es un campo realmente interesante. Pero, si pudieran ayudarme en mi investigación...	사이코키노라. 굉장히 멋진 분야라는 것은 내 보증하지.{nl}단, 내 연구를 도와 주겠다면 말야.				사이코키노 마스터
QUEST_JOBSTEP_20150323_002202	Por favor, recoja el alcohol floral en Doyors en Veja Ravine.{nl}Se rompen fácilmente, así que será difícil conseguir unos decentes.	베야 골짜기에서 도요르를 잡아서 꽃술을 모아 주게.{nl}쉽게 망가져서 온전한 걸 구하기가 쉽지 않아.				
QUEST_JOBSTEP_20150323_002203	Bien. El alcohol de la flor está intacto.{nl}Aprenderás de mí lo genial que es esto.	좋군. 꽃술이 온전히 살아 있어.{nl}내 밑에서 배우다 보면 자네도 이게 얼마나 굉장한 일인지 알게 될걸세.				
QUEST_JOBSTEP_20150323_002204	Bien. Antes de la prueba, necesito algunos ingredientes.{nl}Por favor, tráeme el núcleo de Corylus y la sangre de Galok a la Iglesia Tenet 1F.	좋아요. 시험에 앞서 약간의 재료들이 필요해요.{nl}테넷 성당 지상 1층에서 코릴러스의 핵과 갈록의 피를 제게 가져다주세요.				링커 서브 마스터
QUEST_JOBSTEP_20150323_002205	Comenzaré la prueba. {nl}Hay una brecha del mundo bidimensional en la Iglesia Tenet 1er Piso.{nl}	시험을 시작하겠어요. {nl}테넷 성당 지상 1층에 이면세계의 찢어진 틈이 있죠.{nl}				링커 서브 마스터
QUEST_JOBSTEP_20150323_002206	¿Todavía no?{nl}Dirígete a la Iglesia Tenet 1F y ve directamente al lugar marcado en el mapa.	아직이신가요?{nl}테넷 성당 지상 1층에 가셔서 제가 지도에 표시해드린 곳으로 곧장 가시면 됩니다.				링커 서브 마스터
QUEST_JOBSTEP_20150323_002207	El Maestro Quarrel Shooter debe tener el siguiente libro.{nl}Estaba buscando el cuero resistente de Glizardon antes, así que tal vez puedas intentar negociar con él con eso.	다음 권은 쿼렐슈터 마스터가 가지고 계세요.{nl}예전에 글리자돈의 질긴 가죽을 찾으시던데, 어쩌면 그걸로 거래해 볼 수도 있겠네요.				헌터 마스터
QUEST_JOBSTEP_20150323_002208	¿El cuero resistente de Glizardon del Maestro Cazador aún no ha llegado?	헌터 마스터에게서 글리자돈의 질긴 가죽은 아직인가?				쿼렐슈터 마스터
QUEST_JOBSTEP_20150323_002209	Los Glizardons están en la Iglesia Tenet Sótano 1. El Maestro Quarrel Shooter está en Klaipeda.{nl}Otra persona podría adelantarse así que por favor date prisa.	글리자돈은 테넷 성당 지하 1층에, 쿼렐슈터 마스터는 클라페다에 있어요. {nl}다른 사람이 선수 칠 수도 있으니 어서 가보세요.				헌터 마스터
QUEST_JOBSTEP_20150323_002210	Ah, llegaste en el momento justo.{nl}Si puedes conseguirme el cuero resistente de Glizardon del Maestro Quarrel Shooter, haré una copia del siguiente libro.	아, 마침 잘 왔어.{nl}쿼렐슈터 마스터께서 글리자돈의 질긴 가죽을 구해다 주면 다음 권의 사본을 만들어 주시겠대.				아처 마스터
QUEST_JOBSTEP_20150323_002211	¿El cuero resistente de Glizardon del Maestro Arquero aún no ha llegado?	아처 마스터에게서 글리자돈의 질긴 가죽은 아직인가?				쿼렐슈터 마스터
QUEST_JOBSTEP_20150323_002212	Los Glizardons se pueden ver en la Iglesia Tenet Sótano 1.{nl}Quítale el cuero y llévaselo al Maestro Quarrel Shooter en Klaipeda.	글리자돈은 테넷 성당 지하 1층에서 볼 수 있어.{nl}깨끗하게 갈무리해서 클라페다에 계신 쿼렐슈터 마스터에게 가져다 드려.				아처 마스터
QUEST_JOBSTEP_20150323_002213	Llegaste en el momento justo. {nl}Si el Maestro Quarrel Shooter pudiera conseguirme el cuero resistente de Glizardon, te haré una copia del siguiente libro.	마침 잘 왔어. {nl}쿼렐슈터 마스터가 글리자돈의 질긴 가죽을 구해 오면 다음 권의 사본을 만들어 주겠대.				레인저 마스터
QUEST_JOBSTEP_20150323_002214	¿El Maestra Guardabosques no te dijo nada?{nl}Le pedí el cuero resistente de Glizardon.	레인저 마스터가 뭐라고 하진 않던가?{nl}글리자돈의 질긴 가죽을 부탁했었는데.				쿼렐슈터 마스터
QUEST_JOBSTEP_20150323_002215	Los Glizardons están en la Iglesia Tenet Sótano 1. El Maestro Quarrel Shooter está en Klaipeda.{nl}Deberías apurarte antes de que alguien tome el libro primero...	글리자돈은 테넷 성당 지하 1층에, 쿼렐슈터 마스터는 클라페다에 있어. {nl}어머. 빨리 가지 않으면 다른 사람이 먼저 채갈지도 모르겠네, 그 책..				레인저 마스터
QUEST_JOBSTEP_20150323_002216	Por favor, apóyanos con las 5 apariencias de árboles como compensación por nuestra ayuda.{nl}Los tipios en el barranco de Veja serán suficientes.	협조를 구하는 댓가로 방패를 만들 성긴 나무 껍질 5개를 지원해 주게.{nl}베야 골짜기의 티피오 정도면 충분하겠지.				
QUEST_JOBSTEP_20150323_002217	Los Peltastas una vez recibieron ayuda del Maestro Highlander.{nl}Si quieres ser miembro de los Peltastas, deberías comenzar el deber de compensar por la ayuda.	일전에 하이랜더 마스터께 도움을 받은 적이 있지요.{nl}당신도 펠타스타의 일원이 되고자 하신다면 보답의 도리를 다 할 의무가 있습니다.				
QUEST_JOBSTEP_20150323_002218	¿El Maestro Peltasta envió esto? Muy agradecido.{nl}Dile que lo usaré de forma útil.	펠타스타 마스터가 보냈다고? 이거 참 고마운 일이군.{nl}보내준 재료는 잘 쓰겠다고 전해주게.				하이랜더 마스터
QUEST_JOBSTEP_20150323_002219	Es bueno saber que al Maestro Highlander le gustó.{nl}Como te prometí, te dejaré aprender las lecciones del Peltasta.	하이랜더 마스터가 마음에 들어했다니 다행입니다.{nl}약속대로 펠타스타의 가르침을 받도록 허락하지요.				
QUEST_JOBSTEP_20150323_002220	Escuché que el Maestro Highlander está buscando las uñas de Beetow.{nl}Creo que este deber será adecuado para ti.	듣자하니 하이랜더 마스터께선 비토우의 발톱을 찾으신다는군요.{nl}그 정도라면 당신에게도 적당한 임무라고 생각합니다.				
QUEST_JOBSTEP_20150323_002221	Ve a Tenet Garden y coloca esta maceta en el suelo.{nl}Si logras derrotar a los monstruos después, las energías se acumularán en la maceta.	테넷 화원으로 가서 이 항아리를 바닥에 놔.{nl}그 다음엔 근처에 있는 몬스터를 처치하면 항아리에 기운이 모일거야.				
QUEST_JOBSTEP_20150323_002222	Si ese es el caso, lucha contra Beetow en el barranco de Veja.{nl}Te darás cuenta de algo.	그렇다면 베야 골짜기의 비토우와 싸워 보려므나.{nl}그 과정에서 깨닳음을 얻을 수 있을 게다.				
QUEST_JOBSTEP_20150323_002223	Primero, por favor, trae el hueso de Glizardon del primer sótano y el pelo de Galok del primer piso de la Iglesia Tenet{nl}. Y también tráeme los fragmentos de Egnome del segundo piso. De acuerdo, cuento contigo.	먼저 테넷 성당 지하 1층의 글리자돈의 뼈, 지상 1층의 갈록의 털.{nl}그리고 지상 2층의 이노움의 파편을 가져다 줘. 그럼 부탁할게.				
QUEST_JOBSTEP_20150323_002224	La realidad cambia como yo quiero{nl}. ¡Y se vuelve posible solo con pensarlo! Eso se llama poder sobrenatural{nl}. La cantidad de poder depende de cuánto crea uno en su poder...{nl}	현실이 내가 생각한 대로 움직여진다. 오로지 생각으로만 그걸 가능케 한다!{nl}그런 게 바로 초능력이란다.{nl}자신의 힘을 얼마나 믿고 있는지에 따라 그 세기도 달라지는 거고..{nl}				
QUEST_JOBSTEP_20150323_002225	Bien, ¿entonces quieres ser un Psychokino?{nl}Si pudieras ayudarme un poco con mi trabajo, te ayudaré a encontrar tus habilidades ocultas.	자. 사이코키노를 지망한다고 했지?{nl}내 일만 조금 도와준다면 자네에게 감춰진 진짜 재능을 발휘할 수 있도록 도와주겠어.				
QUEST_JOBSTEP_20150323_002226	Por favor, tráeme las esencias del Minotauro y Chapparition de la Ruta de la Puerta.{nl}De acuerdo... Cuento contigo.	관문로에 가서 미노타우로스와 채퍼리션을 찾아 그들의 정수를 가져 오게.{nl}어디.. 기대해 보겠어.				사이코키노 마스터
QUEST_JOBSTEP_20150323_002227	Bien{nl}. Esto es todo. Puedo decir que está lleno de poder demoníaco con solo mirar su color. ¡A partir de ahora te enseñaré qué es el verdadero Psychokino, así que prepárate!	이거군. 이거야. 색만 봐도 마기가 흘러넘칠 것 같아.{nl}이제부터 진짜 사이코키노가 뭔지 가르쳐 줄 테니 긴장하는 게 좋을 거네!				사이코키노 마스터
QUEST_JOBSTEP_20150323_002228	Mi antiguo colega que fue al bosque de Sirdgela me dijo que vio un mapa de aspecto extraño{nl}. Estoy seguro de que es el mapa que estamos buscando.	일전에 시르드겔라 숲에 갔던 내 옛 동료가 그러길 요상한 지도를 봤대.{nl}그 녀석이 하는 얘길 들어보니까 확실히 그 지도가 맞긴 맞는 거 같아.				새퍼 마스터
QUEST_JOBSTEP_20150323_002229	He oído que el Minotauro lo tiene en algún lugar del Bosque de Sirdgela{nl}. Ese monstruo no es fácil, así que debes estar muy preparado.	시르드겔라 숲 어딘가에서 미노타우로스가 가지고 있댔어.{nl}그 몬스터 때문에 무지 고생했다니까 단단히 준비해 가는게 좋을 거야.				
QUEST_JOBSTEP_20150323_002230	Evoniphon...{nl}El Maestra Guardabosques todavía parece tener algo de arrepentimiento.{nl}	에보니폰이라. {nl}아직도 레인저 마스터는 미련이 남아 있나 봅니다.{nl}				사두 마스터
QUEST_JOBSTEP_20150323_002231	Vi al Maestro Elementalista hablando con un hombre que usaba capucha.{nl}No puedo asegurar si es él, pero nunca podría olvidar el aroma.	엘리멘탈리스트 마스터가 후드를 눌러 쓴 남자와 대화하는 걸 본 적이 있습니다.{nl}그가 맞다곤 확신할 순 없지만, 그 특유의 향은 절대 잊을 수 없습니다.				사두 마스터
QUEST_JOBSTEP_20150323_002232	Después de hablar con el Elementalista, desapareció en la oscuridad.{nl}Será mejor que vayas a hablar con él.	엘리멘탈리스트 마스터와 짧은 대화를 나눈 뒤 어둠 속으로 사라졌습니다.{nl}그에게 가 보시는게 좋겠습니다.				
QUEST_JOBSTEP_20150323_002233	Le dije que se podría obtener en el Bosque Sirdgela.{nl}Ese es el lugar del que huyó incluso el famoso equipo de búsqueda del Maestro Rodelero.	시르드겔라 숲에서 구할 수 있을 거라 알려드렸습니다.{nl}그 유명한 로델레로 마스터의 정찰 부대도 도망쳐 나온 곳이지요.				엘리멘탈리스트 마스터
QUEST_JOBSTEP_20150323_002234	Estoy buscando el rastro de un hombre. Su nombre es Evoniphon.{nl}Escuché que el Maestro Sadhu en la Cresta Akmens tiene su información así que ve ahí.	어떤 남자의 흔적을 찾고 있어. 이름은 에보니폰.{nl}아크멘스 능선의 사두 마스터가 그의 정보를 갖고 있다고 하니 가봐.				레인저 마스터
QUEST_JOBSTEP_20150323_002235	No es una tarea enorme. Quiero que me ayudes con mi experimento... {nl}Primero, por favor tráeme Jugo Ardiente de Tontulia de Zachariel Crossroads.	뭐 그리 대단한 일은 아냐. 내 실험을 하나 도와줬으면 좋겠는데..{nl}먼저 자카리엘 교차로에서 톤투리아의 잘 타는 즙을 모아줘.				새퍼 마스터
QUEST_JOBSTEP_20150323_002236	De hecho, Tonturia no es nada, pero el hecho de que haya muchos otros monstruos cerca es más peligroso.{nl}Hmm... ¡Buena suerte!	사실 톤투리아는 별거 아닌데 주변에 다른 몬스터도 많이 있는게 위험하지.{nl}음.. 힘내!				
QUEST_JOBSTEP_20150323_002237	Mi padre es un comerciante que viene a Fedimian con frecuencia{nl}. Pero después de que entró en el bosque de Sirdgela para realizar una transacción, nunca regresó.{nl}	저희 아버지는 페디미안을 오가시는 행상인이세요.{nl}하지만 거래를 하러 시르드겔라 숲으로 가시고선, 다신 돌아오지 않으셨어요.{nl}				잡화 상인 미리나
QUEST_JOBSTEP_20150323_002238	Escuché que un soldado en Fedimian vio el equipaje de un comerciante en el bosque de Sirdgela.{nl}El único en quien puedo confiar ahora mismo eres tú. Por favor... ¡Cuento contigo!	페디미안의 병사가 시르드겔라 숲에서 행상인의 짐을 본 적이 있다고 하더라고요.{nl}지금 부탁할 수 있는 분이 당신밖에 없어요. 꼭.. 부탁할게요!				잡화 상인 미리나
QUEST_JOBSTEP_20150323_002239	Este es el símbolo que grabé en la manga de mi padre...{nl}Esto es muy valioso para mí... Gracias.	이건 제가 아버지 소매에 넣어드린 문양인데..{nl}제겐 너무 소중한 아버지의 유품이네요... 감사합니다.				잡화 상인 미리나
QUEST_JOBSTEP_20150323_002240	Simplemente coloca esta olla en Ramstis Ridge.{nl}El problema es Chapparition allí... Podrías derrotarlo fácilmente.	람스티스 협곡에 이 항아리를 놓고 오기만 하면 돼.{nl}문제는 그 자리에 버티고 있는 채퍼리션인데.. 너 정도면 분명 처치할 수 있을 거야.				
QUEST_JOBSTEP_20150323_002241	Por favor, tráeme a los chamanes Hogma y a los caninos de la guardia a la Meseta de Rex{nl}. No será difícil para ti.{nl}	왕의 고원의 호그마 주술사와 파수꾼의 송곳니를 구해 오세요.{nl}당신 정도라면 어려운 일은 아닐 겁니다.{nl}				
QUEST_JOBSTEP_20150323_002242	Me gusta tu determinación.{nl}Por favor, derrota a Sparnasman en el desfiladero de Vieta para demostrar tus habilidades.	패기는 마음에 드는군.{nl}그렇다면 비에타 계곡의 스파나스맨으로 실력을 보여보게.				캐터프랙트 마스터
QUEST_JOBSTEP_20150323_002243	Cataphract es un guerrero que se para frente a cualquiera y lucha.{nl}Si hay barreras en el camino, simplemente penetra en ellas.{nl}Se me ocurrió una buena idea.	캐터프랙트는 누구보다 앞에 나서서 싸우는 전사이지.{nl}하고자 하는 일에 방해되는 건 전부 뚫어버리면 되는 거야.{nl}마침 적당한 게 하나 떠올랐군.				
QUEST_JOBSTEP_20150323_002244	He oído que unos monstruos llamados Biteregina están atacando a los turistas en Manacle Grave.{nl}Reconoceré tu habilidad si pudieras derrotar a esos monstruos.	비테레지나라는 몬스터가 매너클 묘지에서 여행객들을 습격한다나봐.{nl}그 몬스터를 처치한다면 너의 실력을 인정해주겠어.				
QUEST_JOBSTEP_20150323_002245	Felicitaciones por aprobar el examen{nl}. Mis lecciones son estrictas, así que espero que las sigas bien.	시험에 통과한 것을 축하하네.{nl}내 가르침은 엄격하니까 잘 따라오라고.				
QUEST_JOBSTEP_20150323_002246	Se dice que Sparnasman en el desfiladero de Vieta está amenazando a la gente{nl}. No será un oponente fácil, pero será suficiente para demostrar tus habilidades.	비에타 계곡의 스파나스맨이 사람들에게 위협을 가하고 있다고 한다.{nl}쉽지 않은 상대겠지만, 그대의 실력을 가늠하기 충분할 것이다.				하이랜더 마스터
QUEST_JOBSTEP_20150323_002247	El atributo más importante que Peltasta considera valioso es el coraje.{nl}Ya que Peltasta no debe evitar los ataques de los enemigos y bloquearlos con sus escudos.	펠타스타는 담력을 제일 중요하게 여깁니다.{nl}적의 공격을 피하지 않고 방패로 막아내야 하기 때문이지요.{nl}				
QUEST_JOBSTEP_20150323_002248	Antes de que aprendas lecciones de mí, debes demostrarme lo valiente que eres.{nl}	제게 가르침을 받기 전에 당신이 얼마나 대범한지를 보여주셔야겠습니다.{nl}				
QUEST_JOBSTEP_20150323_002249	Derrota a Chapparition en Ramstis Ridge.{nl}Esa desolación será apropiada para poner a prueba tus corajes.	람스티스 협곡의 채퍼리션을 처치하십시오.{nl}그 음산함은 그대의 담력을 시험하는데 적합할 것입니다.				
QUEST_JOBSTEP_20150323_002250	No te preocupes, ajustaré el nivel del duelo a tu nivel{nl}. ¡De acuerdo, entonces empezaré!	대련은 당신의 수준에 맞춰 드릴 테니 너무 걱정하지 마세요.{nl}그럼 갑니다!				사두 마스터
QUEST_JOBSTEP_20150323_002251	Te mostraré cualquier arma, como un arco o una pistola. Vamos.	활이든 바람총이든 다 꺼내서 보여 줄 테니까 어서 덤벼.				
QUEST_JOBSTEP_20150323_002252	Mientras trasladaba los materiales de investigación que había descubierto, algunos se los llevó el viento{nl}. Están en Ramstis Ridge, pero no tengo tiempo para encontrarlos. Cuento contigo.	이전에 발견한 연구 자료를 옮기다가 그만 몇 장이 바람에 날아갔지뭐예요.{nl}람스티스 협곡인데 전 도저히 틈이 안나서요. 그럼 부탁해요.				쏘마터지 마스터
QUEST_JOBSTEP_20150323_002253	Los encontraste antes de lo que esperaba. {nl}Bien, te ayudaré a usar tus habilidades como Taumaturgo.	생각보다 빨리 찾으셨네요?{nl}좋아요. 제가 당신 곁에서 쏘마터지의 능력을 이끌어 낼 수 있도록 도울게요.				
QUEST_JOBSTEP_20150323_002254	Por favor, consígueme la sangre del Chamán Hogma y del Explorador Hogma de la Meseta del Rey,{nl}y por último, la sangre del Capitán Hogma del Cruce de Zachariel.	왕의 고원에서 호그마 주술사와 호그마 파수꾼의 피,{nl}마지막으로 자카리엘 교차로에서 호그마 전투대장의 피를 구해 오십시오.				
QUEST_JOBSTEP_20150323_002255	Sparnasman en el desfiladero de Vieta encajaría con tu reputación... {nl}Muéstrale lo que es el verdadero poder de servir a la diosa.	자네 정도의 명성이라면 비에타 계곡에 있는 스파나스맨이면 되겠지..{nl}여신을 섬기는 기사의 힘이란 어떤 것인지 본보기를 보여 주게.				팔라딘 마스터
QUEST_JOBSTEP_20150323_002256	¿Cuántas veces ha pasado esto ya?{nl}Lo siento pero por favor ve a encontrarte con el Maestro Fletcher para averiguar qué pasó.{nl}Ve a la Aldea Escanciu.	이게 도대체 몇 번째란 말인가!{nl}미안하지만 자네가 직접 플레쳐 마스터에게 가서 어찌 된 일인지 알아봐 주게.{nl}에산치우 마을로 가면 될 것이네.				하이랜더 마스터
QUEST_JOBSTEP_20150323_002257	Ese estúpido capitán asistente se los llevó a todos y huyó al bosque de Poslinkis.{nl}Tal vez los monstruos los tengan, eso espero.	그 멍청한 부선장이 몽땅 챙겨서 포슬린키스 숲으로 도망갔어.{nl}어쩌면 몬스터가 가지고 있을지도 모르지. 그랬으면 좋겠군.				
QUEST_JOBSTEP_20150323_002258	En las llanuras de Saknis hay cañas de pescar que llevan los pescadores rojos. {nl}Cuando las golpeas, se oye un silbido. Por favor, tráemelas.	사크니스 벌판에 있는 붉은 피셔맨들이 들고 다니는 낚시대가 있소.{nl}그걸 톡톡 두들겨보면 맑은 소리가 나는 나무가 있지. 그걸 가져다 주시오.				플레쳐 마스터
QUEST_JOBSTEP_20150323_002259	Aunque aprendiste lecciones de mí, no sé si podrías usarlas todas{nl}. Te daré una tarea. Caza varios monstruos.	당신이 저에게 가르침을 받겠다고 해서 그걸 소화해낼 수 있을지는 모르겠네요.{nl}과제를 드리죠. 여러가지 몬스터를 찾아 사냥하는 거예요.				
QUEST_JOBSTEP_20150323_002260	Arañas de arbusto de la entrada del bosque de Kateen, Ellomagos del cementerio de búhos y Pokubons verdes del bosque de Poslinkis.{nl}Por supuesto, te daré algunos cebos.	카틴 숲 입구의 크루마보, 매너클 묘지의 엘로마고, 포슬린키스 숲의 초록 포쿠본입니다.{nl}물론, 미끼 정도는 드리지요.				
QUEST_JOBSTEP_20150323_002261	Si sueñas con alcanzar una etapa superior como Wugushi, hay una tarea que te asignaré. {nl}Recoge venenos especiales de las Mordeduras en las Llanuras de Saknis.	네가 무고사로서 더 높은 경지를 꿈꾼다면 네게 줄 과제가 있어.{nl}사크니스 벌판의 바이트에게서 특별한 독을 모아오는 거야.				
QUEST_JOBSTEP_20150323_002262	Hay agujas con ungüento que fabriqué en esta olla.{nl}Cuando golpeas a los Mordiscos con estas, podrías recolectar venenos.	이 대롱엔 내가 조합한 약이 묻은 침이 들어 있어.{nl}이걸로 바이트를 맞추면 그 독을 모을 수 있을 거야.				무고사 서브 마스터
QUEST_JOBSTEP_20150323_002263	Tu misión es buscar monstruos ocultos{nl}. La ubicación es Saknis Plains{nl}. Si quieres ser explorador, deberías hacerlo. ¿No te parece?	몰래 숨어있는 몬스터를 사냥하는 게 네 과제야.{nl}위치는 사크니스 벌판. {nl}스카우터를 지망한다면 이 정도는 해 내야지. 안 그래?				
QUEST_JOBSTEP_20150323_002264	Si quieres aprender algo de mí, tus pies tienen que ser rápidos.{nl}Supera a 5 monstruos usando bombas de humo en la entrada del Bosque de Kateen.	내게 뭐라도 배우려면 우선 발이 빨라야해.{nl}카틴 숲 입구에서 연막탄으로 몬스터 5마리를 따돌리고 오는 것으로 하지.				
QUEST_JOBSTEP_20150323_002265	Quieres aprender de mí. {nl}	제게 가르침을 받고 싶으시다고요. {nl}				
QUEST_JOBSTEP_20150323_002266	Si ese es el caso, quiero que hagas una apuesta con el Maestro Hackapell en mi nombre.{nl}Él piensa que hay algo en el mundo que no se puede penetrar.{nl}	그렇다면 하카펠 마스터와의 내기를 대신 해 주셨으면 하는데요.{nl}그 친구는 뚫을 수 없는 것이 존재한다고 믿고 있거든요.{nl}				
QUEST_JOBSTEP_20150323_002267	Si te pregunta, le diré que nuestro competente hoplita lo derrotó.{nl}Ahora reconoceré tus habilidades.	그 친구가 묻거든 우리의 유능한 하플라이트가 쓰러뜨렸노라고 자랑하지요.{nl}이걸로 당신을 인정해 드리겠습니다.				
QUEST_JOBSTEP_20150323_002268	Oí que los otros maestros enviaron a los discípulos a derrotar a Yekub en el Cementerio del Búho{nl}. Pero esa es la tarea que debes completar. Ve allí.	다른 마스터들이 매너클 묘지의 예쿱을 처치하기 위해 제자들을 보냈다고 한다.{nl}하지만 그건 네가 끝내야 하는 일이다. 다녀와라.				
QUEST_JOBSTEP_20150323_002269	El liderazgo debe estar respaldado por la fe de los colegas y las experiencias acumuladas{nl}. Primero tendré que averiguar si eres lo suficientemente competente para dirigir a otras personas.	리더십은 동료의 신임은 물론이고 많은 경험 또한 뒷받침되어야 하지.{nl}자네가 다른 사람들을 지휘할만한 실력이 있는지부터 알아봐야겠군.				센츄리온 마스터
QUEST_JOBSTEP_20150323_002270	Cuando vayas a la Mansión Greene, podrás encontrarte con Colimencia.{nl}Eres digno de ser un Centurión si puedes derrotarla.	그린가의 장원에 가면 콜리멘시아를 만날 수 있다.{nl}그 정도는 처치할 실력은 되어야 센츄리온의 자격이 있겠지.				
QUEST_JOBSTEP_20150323_002271	Esta es la cuerda para atar a la gente{nl}. Practica con ella lo suficiente en el bosque de Poslinkis para que puedas manejarla bien{nl}. Hablemos de mi lección después de eso.	이건 포박 포승줄이에요.{nl}이걸 가지고 포슬린키스 숲에 가서 충분히 다룰 수 있을 만큼 연습해 오세요.{nl}제 가르침에 대해선 그 후에 말씀 나눠보도록 하죠.				
QUEST_JOBSTEP_20150323_002272	Biteregina está amenazando a la gente en la Aldea de los Búhos{nl}. ¿Qué opinas? Quiero que los derrotes como compensación por mis lecciones.	매너클 묘지에서 비테레지나라는 몬스터가 사람들을 마구 위협하고 있대.{nl}어떻게 생각해? 내 기술을 배우는 댓가라고 생각해 줬으면 좋겠는데.				
QUEST_JOBSTEP_20150323_002273	Cargando el título de 'Maestro', debería ayudar a otros a mi alrededor, pero simplemente no tengo el tiempo.{nl}De todos modos, te enseñaré mis habilidades como te prometí.	마스터의 이름을 달고 있다면 주변을 도울 줄 알아야 되는데 솔직히 짬이 안나.{nl}어쨌든 약속한 대로 네게 기술을 가르쳐 줄게.				
QUEST_JOBSTEP_20150323_002274	Si me lo dices así, puedo decirte que hay una solución.{nl}Si pudieras derrotar a Moas en los suburbios de Fedimian, quien destruyó todos mis ingredientes, cambiaré tu turno.	그렇게까지 말한다면 방법이 없는 건 아니오.{nl}내 재료들을 다 박살낸 페디미안 외곽의 모아를 처치해 준다면 순서를 앞당겨 드리지.				
QUEST_JOBSTEP_20150323_002275	Escuché que el Maestro Hackapell va a derrotar al Shadowgaler en el Cementerio de los Búhos...{nl}Sería bueno para él verte derrotarlo primero.	마침 하카펠 마스터가 매너클 묘지의 섀도게일러를 처치하기로 했다는데..{nl}당신이 한 발 먼저 처리한다면 볼만하겠지요?				하플라이트 서브 마스터
QUEST_JOBSTEP_20150323_002276	Una persona tan hábil como tú podría derrotar fácilmente a Reaverpede en el Mercado de Roxona.{nl}Si no puedes hacer esto, no puedo aceptarte como aspirante a Ranger.	너 정도의 실력자라면 록소나 장터의 리버피드는 쉽게 잡을 수 있겠지.{nl}이런 것도 해내지 못한다면 레인저 지망생으로 받아들여 줄 수 없어.				레인저 마스터
QUEST_JOBSTEP_20150323_002277	Algún barón idiota abrió un portal que conectaba con la Prisión Demoníaca.{nl}Oí que los demonios de allí siguen intentando salir.{nl}	어떤 바보같은 남작이 마족수감소라는 곳과 연결된 포탈을 열어버렸다지?{nl}그곳의 마족들이 자꾸 바깥으로 나오려고 한다는 소문을 들었어.{nl}				
QUEST_JOBSTEP_20150323_002278	Derrota a Deadborn, que es el demonio más peligroso de allí.{nl}Será una buena cacería, ¿no crees?	그 중에 제일 위험한 마족인 데드본을 처치하고 오는거야.{nl}이만 하면 괜찮은 사냥감인것 같은데. 그렇지?				
QUEST_JOBSTEP_20150323_002279	¿Quieres aprender mis habilidades?{nl}Si pudieras traerme madera para quemar de Jonna Jolems en el área del puente del acueducto, lo pensaré.	내 기술을 배우고 싶다고 했소?{nl}수로교 지역의 요나졸렘에게서 잘 타는 석재라도 가져온다면 생각해 보겠소.				
QUEST_JOBSTEP_20150323_002280	¿Sabías esto? He oído que Rajatoad, en la primera zona de la Prisión Demoníaca, posee un veneno peligroso.{nl}{nl}	그거 알아?{nl}마족수감소 1구역이라는 곳의 라자토드가 굉장한 독을 가지고 있대.{nl}				
QUEST_JOBSTEP_20150323_002281	Aumentamos nuestro nivel de inmunidad controlando muchos tipos diferentes de venenos.{nl}Si pudieras sobrevivir a ese veneno, te enseñaré cómo controlarlo bien.	우린 많은 독을 다루면서 면역력을 기르거든.{nl}네가 그 독에 살아남는다면 독을 제대로 다루는 법에 대해 가르쳐 줄게.				
QUEST_JOBSTEP_20150323_002282	¿Quieres convertirte en un Schwarzer Reiter? Es muy fácil aprender a manejar armas.{nl}{nl}	슈바르츠라이터가 되고 싶다고.{nl}총을 쏘는 방법이야 배우는 건 아주 쉽지.{nl}				슈바르츠라이터 마스터
QUEST_JOBSTEP_20150323_002283	Pero la historia cambia por completo si quieres seguir apuntando al enemigo que se abalanza sobre ti{nl}. Me refiero al coraje{nl}. ¿Por qué no lo comprobamos?	하지만 달려드는 적을 끝까지 겨눈다는건 좀 다른 얘기거든.{nl}담력 말이다. 어디, 한 번 확인해 볼까?{nl}				슈바르츠라이터 마스터
QUEST_JOBSTEP_20150323_002284	Prisión Demoníaca, escuché que un casero tonto abrió el portal al lugar que está lleno de monstruos. {nl}Caza a los Muertos allí, será muy divertido.	마족수용소라고, 어떤 멍청한 영주가 마족들이 득시글거리는 곳의 포탈을 열었다는군.{nl}그 곳에 있는 데드본이라는 마족을 사냥해 와. 아주 재밌을거야.				슈바르츠라이터 마스터
QUEST_JOBSTEP_20150323_002285	Muy bien{nl}. Siento que me estoy viendo a mí mismo en el pasado. Ya que ahora eres Schwarzer Reiter, podemos ser espejos el uno del otro de ahora en adelante.	훌륭하군. 마치 내 옛날 모습을 보는 것 같아.{nl}자네도 이제 슈바르츠라이터가 되었으니, 서로에게 거울이 되어 줄 수 있을 거야.				
QUEST_JOBSTEP_20150323_002286	He oído que Minotauro ha aparecido en el Mercado de Roxona.{nl}Por favor, tráeme la prueba de su muerte.	미노타우로스는 록소나 장터에서 모습을 드러냈다고 해요.{nl}혹시 모르니 처치한 증거를 꼭 챙겨오시길 바랄게요.				헌터 마스터
QUEST_JOBSTEP_20150323_002287	Parece que el número de demonios está aumentando constantemente.{nl}He oído que otros maestros también están teniendo algunos problemas.	갈수록 마족들이 자꾸 늘고 있는 것 같아.{nl}다른 마스터들도 고생이라 들었어.				
QUEST_JOBSTEP_20150323_002288	El número de Puragis azules en las llanuras de Saknis ha aumentado mucho últimamente y amenaza a los aldeanos de allí.{nl}Si quieres alcanzar un nivel más alto como un verdadero Sahdu, muestra tus habilidades allí.	사크니스 벌판의 푸른 푸라기가 크게 불어나 주민들을 위협하고 있다고 합니다.{nl}당신이 진정한 사두로서 한 걸음 더 내딛고 싶다면 당신의 능력을 베푸십시오.				
QUEST_JOBSTEP_20150323_002289	¿Mothstem? Lo vi desde las Afueras de Fedimian. {nl}El Maestro Indulgenciario también lo estaba buscando. Supongo que aún no lo ha encontrado.	모스템이요? 페디미안 외곽에서 봤긴 봤죠. {nl}파드너 마스터께서도 찾으시던데. 아직도 못 찾으셨나 보네요?				잡화 상인
QUEST_JOBSTEP_20150323_002290	En lugar de presentarte con palabras, será mucho mejor que demuestres tus habilidades.{nl}Mi tarea para ti es derrotar a Reaverpede en la aldea de Escanciu.	자신을 말로 포장하는 것 보단 직접 보여주는 것이 백 배 낫습니다.{nl}에산치우 마을의 리버피드를 처치해 오시는 것이 제가 드리는 과제입니다.				
QUEST_JOBSTEP_20150323_002291	Reaverpede en Aldea Escanciu encajaría con tu reputación.{nl}Ya he oído hablar bastante de ti, pero debería verlo por mí mismo.	에산치우 마을의 리버피드라면 당신의 명성에 어울리겠지요.{nl}당신의 이름이야 익히 들었습니다만, 저는 직접 확인해야 직성이 풀립니다.				엘리멘탈리스트 서브 마스터
QUEST_JOBSTEP_20150323_002292	Dejé un bonito regalo en la parte inferior para mi futuro discípulo{nl}. Espero que te guste el regalo.	앞으로 생길 나의 제자를 위해 아래쪽에 멋진 선물을 준비해 놨지.{nl}자네에게 좋은 선물이 되기를 바라네.				
QUEST_JOBSTEP_20150323_002293	¿Qué regalo?{nl}¿Cuál crees que será el regalo más preciado para Nigromante?	어떤 선물이냐고?{nl}네크로맨서에게 제일 좋은 선물이 무엇일 것 같나?				네크로맨서 마스터
QUEST_JOBSTEP_20150323_002294	Si quieres aprender mi magia, primero debo saber cuán competente eres. {nl}Reaverpede en Aldea Escanciu encajaría con tu reputación.	저의 마법을 배우고 싶다면 먼저 당신의 실력을 알아야겠지요.{nl}에산치우 마을의 골칫거리인 리버피드가 적당하겠어요.				
QUEST_JOBSTEP_20150323_002295	Oh, qué gran valentía.{nl}Si pudieras derrotar a Netherbovine del Bosque de Poslinkis, te ayudaré a avanzar.	오, 대단한 용기인걸요? {nl}포슬린키스 숲에서 난동을 부리고 있는 네더보바인을 해치우고 돌아온다면 전직을 시켜 드리죠.				
QUEST_JOBSTEP_20150323_002296	Todos los maestros de por aquí están persiguiendo a los monstruos.{nl}Debes derrotar a los monstruos más rápido que nadie para aprender mi magia.	이 근방의 모든 마스터들이 난동을 부리는 몬스터를 쫓고 있어요.{nl}누구보다도 먼저 그 몬스터를 처치해 주셔야만 제 마법을 배울 자격이 있습니다.				
QUEST_JOBSTEP_20150323_002297	Se llama Netherbovine.{nl}Según una fuente fiable, apareció recientemente en el bosque de Poslinkis.	네더보바인이라는 몬스터입니다.{nl}믿을만한 소식통에 의하면 최근 포슬린키스 숲에서 나타났다는군요.				엘리멘탈리스트 서브 마스터
QUEST_JOBSTEP_20150323_002298	Hay más personas heridas, pero la cantidad de hierbas que tenemos es insuficiente.{nl}Por favor, recojan alcohol de flores silvestres en el Mercado de Roxona para ellos.	몬스터의 습격으로 다친 분들이 늘었지만 약초는 부족하기만 합니다.{nl}그들을 위하여 록소나 장터의 야생화 꽃술을 모아 주세요.				클레릭 마스터
QUEST_JOBSTEP_20150323_002299	Hay un monstruo llamado Colimencia en las Colinas de Grynas{nl}. Es un monstruo amenazante, pero deberías poder derrotarlo fácilmente.	그리나스 구릉지에 콜리멘시아라는 몬스터가 있습니다.{nl}위협적인 몬스터입니다만, 이 정도는 가볍게 처치하셔야 합니다.				
QUEST_JOBSTEP_20150323_002300	El Poata de Grynas Hills es conocido por atacar a la gente.{nl}Si pudieras derrotarlo, eso sería suficiente.	그리나스 구릉지의 포아타가 사람을 습격하기로 악명높다고 들었다.{nl}그만하면 충분한 대금이 될 것이다.				바바리안 마스터
QUEST_JOBSTEP_20150323_002301	Si quieres aprender de mí, primero debes mostrarme tus habilidades. {nl}Colimencia en Greene Manor encajaría con tu reputación.	내게 가르침을 받기 원한다면 그 전에 자네의 실력을 내게 보여주게.{nl}그린가의 장원의 콜리멘시아라면 자네 명성에 걸맞은 상대겠지.				
QUEST_JOBSTEP_20150323_002302	Si quieres convertirte en un verdadero Catafracto, entonces deberías poder derrotar a Gaigalas en la Granja de los Arrendatarios.{nl}¿Entendido? Ahora, apúrate.	캐터프랙트 지망생이라면 테넌츠 농장의 가이갈라스를 처치할 정도는 되어야지. {nl}알겠다면 어서 빨리 냉큼 다녀오게.				
QUEST_JOBSTEP_20150323_002303	Esto... Debe ser el símbolo de la familia Legwyn.{nl}Gracias. Como prometí, te ayudaré a alcanzar un nivel superior.	이건.. 르귄가문의 장식이 맞습니다.{nl}감사합니다. 약속대로 당신이 더 높은 경지로 갈 수 있게 도와드리지요.				
QUEST_JOBSTEP_20150323_002304	Primero debes demostrar tus habilidades antes de empezar a aprender de mí{nl}. Esa es la manera. Creo que Honeypin en Tenants' Farm sería suficiente.	나에게 뭘 배우고 싶다면 실력부터 제대로 보여주는게 예의 아닐까?{nl}테넌츠 농장의 허니핀 정도가 적당한 것 같은데.				
QUEST_JOBSTEP_20150323_002305	Si quieres aprender algo de mí, vuelve después de derrotar a Gaigalas en la Granja de los Inquilinos.{nl}Si quieres que se reconozca tanto tu determinación como tus habilidades.	나에게 무언가를 배우고 싶다면 테넌츠 농장의 가이갈라스를 처치해 오도록 해.{nl}너의 각오와 실력 모두를 인정받고 싶다면 말이다.				
QUEST_JOBSTEP_20150323_002306	Podré comprobar tus habilidades si logras derrotar a Gaigalas en el Campo de Entrenamiento de Grynas.{nl}Buena suerte.	그리나스 수련장의 가이갈라스 정도라면 확인할 수 있겠지요.{nl}부디 무운을 빌겠습니다.				펠타스타 마스터
QUEST_JOBSTEP_20150323_002307	Bueno, entonces... creo que puedo poner a prueba tus habilidades con esto.{nl}Escuché que hay una persona que vio a Poata en la Mansión Greene tragándose el símbolo.{nl}Bueno, entonces cuento contigo.	그렇다면야.. 이걸로 당신을 시험해 볼 수도 있겠네요.{nl}그린가의 장원의 포아타가 문장을 삼키는 걸 본 사람이 있다는군요.{nl}그럼, 부탁드리겠습니다.				스콰이어 마스터
QUEST_JOBSTEP_20150323_002308	Lo siento, pero el camino de Bokor no puede ser buscado por cualquiera.{nl}Si puedes traerme la esencia de Ballena de Piedra al Mercado de Roxona, reconoceré tus habilidades.	미안하지만, 보코르의 길은 아무나 탐구할 수 있는 것이 아닙니다.{nl}록소나 장터에 출몰하는 석화고래의 정수를 가져오시면 그 자격을 인정해 드리겠습니다.				보코르 마스터
QUEST_JOBSTEP_20150323_002309	La Ballena de Piedra en el Mercado de Roxona ha matado a mucha gente.{nl}Necesito la esencia con el odio de las personas que fueron asesinadas.	록소나 장터의 석화고래는 많은 인명을 해쳤습니다.{nl}그 원한이 담긴 정수가 필요합니다.				보코르 마스터
QUEST_JOBSTEP_20150323_002310	Es importante que el Sadhu comprenda el dolor ajeno.{nl}Comprender sus mentes será la fuente para aumentar el poder del Sadhu.{nl}	다른 이의 고통을 헤아릴 줄 아는 것도 사두가 가져야 할 중요한 자세입니다.{nl}그 마음을 아는 것이 사두의 힘을 한층 더 끌어올리는 원동력이 되는 것이지요.{nl}				사두 마스터
QUEST_JOBSTEP_20150323_002311	Quiero decir que deberíamos derrotar a los monstruos que lastiman a otras personas.{nl}Por lo que escuché, Colimencia está creando un caos en la Mansión Greene.	사람들을 해치는 몬스터를 처치하는 겁니다.{nl}제가 들은 바로는 그린가의 장원에서 콜리멘시아가 난동을 부리고 있다는군요.				
QUEST_JOBSTEP_20150323_002312	Por favor, perdóname por ser demasiado exigente ya que esta tarea se está realizando en nombre de Paladin.{nl}Gaigalas en Tenants' Farm encajaría con tu nombre.	팔라딘의 이름이 걸린 일이기에 이렇게 까다롭게 구는 걸 용서하게.{nl}테넌츠 농장의 가이갈라스라면 자네가 가진 이름에 적당한 상대가 아닐까 싶군.				팔라딘 마스터
QUEST_JOBSTEP_20150323_002313	Si quieres alcanzar un nivel superior de Monje, demuéstrame tu determinación de que puedes soportar un entrenamiento estricto{nl}. Tráeme pruebas de que has derrotado a Netherbovine en el Bosque de Poslinkis y entonces reconoceré tus habilidades.	몽크의 더 높은 경지를 원한다면 혹독한 수련을 견디겠다는 각오를 보여 주시오.{nl}포슬린키스 숲의 네더보바인을 해치워 증거를 가져온다면 당신을 인정해 드리리다.				몽크 마스터
QUEST_JOBSTEP_20150323_002314	Nuestro entrenamiento es muy estricto.{nl}Podrías seguir nuestro entrenamiento si pudieras derrotar a Netherbovine en el Bosque de Poslinkis.	우리의 수련은 아주 혹독하오.{nl}포슬린키스 숲에서 네더보바인 정도는 잡을 수 있어야 따라올 수 있을 거요.				몽크 마스터
QUEST_JOBSTEP_20150323_002315	Hay algo que deberías hacer en lugar de una prueba de ingreso para convertirte en Indulgente{nl}. Recupera el dinero de la indulgencia perdida en la zona cercana al Puente del Acueducto. ¿Puedes hacerlo, verdad?	파드너 입문 시험 대신 자네가 해줄 것이 있어.{nl}수로교 지역에서 잃어버린 면죄부 대금을 되찾아 오게. 할 수 있겠지?				
QUEST_JOBSTEP_20150323_002316	He oído que se perdió en la zona cercana al puente del acueducto, así que por favor, búsquenlo desde esa zona.	수로교 지역에서 잃어버렸다고 하니 그곳에서 찾아보게나.				파드너 마스터
QUEST_JOBSTEP_20150323_002317	Pregunta qué debes hacer	무엇을 하면 되는지 묻는다				
QUEST_JOBSTEP_20150323_002318	No soy responsable de hacerlo	그럴 의무는 없다고 한다				
QUEST_JOBSTEP_20150323_002319	El Investigador Silencioso [Avance de Guardabosques] (1)	조용한 탐문자[레인저 전직](1)	QUEST_JOBSTEP_20150317_000923	Investigator of Fedimian [Ranger Advancement] (1)	페디미안의 탐문자[레인저 전직](1)	
QUEST_JOBSTEP_20150323_002320	El Investigador Silencioso [Avance de Guardabosques] (2)	조용한 탐문자[레인저 전직](2)				
QUEST_JOBSTEP_20150323_002321	Aviso/¡Por favor, coloque la maceta del sol en el área donde estaba ubicada Chapparition!#8	Notice/채퍼리션이 지키던 자리에 태양의 항아리를 잘 놓아두세요!#8				
QUEST_JOBSTEP_20150323_002322	El Camino para Convertirse en Mago [Elementalista]	마법사가 되는 방법[엘리멘탈리스트 전직]				
QUEST_JOBSTEP_20150323_002323	Dile que lo desafiarías por ello.	도전하겠다고 한다				
QUEST_JOBSTEP_20150323_002324	Decirle que es demasiado peligroso	너무 위험하다고 한다				
QUEST_JOBSTEP_20150323_002325	Traeré leña	잘 타는 석재를 구해 오겠다고 한다				
QUEST_JOBSTEP_20150323_002326	La Tarea de Ganar la Mente [Sadhu]	마음을 얻는 일[사두 전직]				
QUEST_JOBSTEP_20150323_002327	Pregunta qué hacer	무엇을 해야 하는지 묻는다				
QUEST_JOBSTEP_20150323_002328	Dile que no será útil.	별로 도움될 것 같지 않다고 한다				
QUEST_JOBSTEP_20150323_002329	Una Prueba Importante [Elementalista]	시험은 중요해[엘리멘탈리스트 전직]				
QUEST_JOBSTEP_20150323_002330	Declinar ya que parece demasiado peligroso	위험할 것 같으니 거절하자				
QUEST_JOBSTEP_20150323_002331	Pregunta cuál es el regalo	어떤 선물인지 묻는다				
QUEST_JOBSTEP_20150323_002332	Completando la misión del elementalista [Avance del elementalista]	엘리멘탈리스트의 임무 완수[엘리멘탈리스트 전직]				
QUEST_JOBSTEP_20150323_002333	Derrota a %s	%s 처치				
QUEST_JOBSTEP_20150323_002334	Para demostrar tu determinación de ser más fuerte, recoge el Cuero de Glizardon en la Iglesia Tenet B1, el Canino de Galok en la 1F y los Polvos Negros de Egnome en la 2F.	강해지고자 하는 다짐의 증명을 위해 테넷 성당 지하 1층의 글리자돈의 가죽, 지상 1층의 갈록의 송곳니, 지상 2층의 이노움의 검은가루를 구해 오세요.				
QUEST_JOBSTEP_20150323_002335	Recolecta el alcohol de flores de Doyor del Barranco Veja	베야 골짜기에서 도요르의 꽃술 수집				
QUEST_JOBSTEP_20150323_002336	Psychokino te ofreció convertirte en su asistente si estás interesado en este tipo de campo. Obtén alcohol de flores de Doyor del Barranco Veja, en el que el Maestro Psychokino está interesado.	사이코키노 마스터는 이 분야에 관심이 있다면 잠시 자신의 조수가 되어 보는 것을 권했습니다. 사이코키노 마스터가 필요로 하는 베야 골짜기에서 도요르의 꽃술을 구해 오세요.				
QUEST_JOBSTEP_20150323_002337	Obtuviste suficiente alcohol de flores de Doyor del Barranco Veja. Regresa con el Maestro Psychokino y entrégale el alcohol.	베야 골짜기에서 도요르의 꽃술을 충분히 구했습니다. 사이코키노 마스터에게 돌아가 꽃술을 전해 주세요.				
QUEST_JOBSTEP_20150323_002338	Alcohol de Flores de Doyor	도요르의 꽃술				
QUEST_JOBSTEP_20150323_002339	El Maestro Enlazador está enfatizando la importancia de la habilidad de abrir la mente de uno como enlazador. Para probar la competencia de un Enlazador, por favor obtén el Núcleo de Corylus y la Sangre de Galok en la Iglesia Tenet 1er Piso.	링커 마스터는 사람의 마음을 여는 링커의 자질을 굉장히 강조하고 있습니다. 링커의 자질을 알아보는 시험에 필요한 코릴러스의 핵과 갈록의 피를 테넷 성당 지상 1층에서 구해 오세요.				
QUEST_JOBSTEP_20150323_002340	Núcleo de Corylus	코릴러스의 핵				
QUEST_JOBSTEP_20150323_002341	Sangre de Galok	갈록의 피				
QUEST_JOBSTEP_20150323_002342	Recoge el cuero táctil de Glizardon	글리자돈의 질긴 가죽 수집				
QUEST_JOBSTEP_20150323_002343	El Maestro Cazador le dijo al Maestro Quarrel Shooter que podrían hacer un intercambio con el cuero resistente de Glizardon por el libro. Obtén el cuero resistente de Glizardon en la Iglesia Tenet Sótano 1.	헌터 마스터는 쿼렐슈터 마스터에게 글리자돈의 질긴 가죽으로 책과 거래를 할 수도 있을 것이라고 합니다. 테넷 성당 지하 1층에서 글리자돈의 질긴 가죽을 구해 오세요.				
QUEST_JOBSTEP_20150323_002344	Entrega el cuero resistente de Glizardon al Maestro Quarrel Shooter	쿼렐슈터 마스터에게 글리자돈의 질긴 가죽 전달				
QUEST_JOBSTEP_20150323_002345	Obtuviste suficiente cuero resistente de Glizardon que el Maestro Quarrel Shooter estaba buscando. Entrega el cuero resistente de Glizardon al Maestro Quarrel Shooter en Klaipeda.	쿼렐슈터 마스터가 필요로 하는 글리자돈의 질긴 가죽을 충분히 구했습니다. 클라페다의 쿼렐슈터 마스터에게 글리자돈의 질긴 가죽을 전달해 주세요.				
QUEST_JOBSTEP_20150323_002346	El Maestro Arquero le dijo al Maestro Quarrel Shooter que podrían hacer un intercambio con el cuero resistente de Glizardon por el libro. Obtén el cuero resistente de Glizardon en la Iglesia Tenet Sótano 1.	아처 마스터는 쿼렐슈터 마스터에게 글리자돈의 질긴 가죽으로 책과 거래를 할 수도 있을 것이라고 합니다. 테넷 성당 지하 1층에서 글리자돈의 질긴 가죽을 구해 오세요.				
QUEST_JOBSTEP_20150323_002347	El Maestra Guardabosques le dijo al Maestro Quarrel Shooter que podrían hacer un intercambio con el cuero resistente de Glizardon por el libro. Obtén el cuero resistente de Glizardon en la Iglesia Tenet Sótano 1.	레인저 마스터는 쿼렐슈터 마스터에게 글리자돈의 질긴 가죽으로 책과 거래를 할 수도 있을 것이라고 합니다. 테넷 성당 지하 1층에서 글리자돈의 질긴 가죽을 구해 오세요.				
QUEST_JOBSTEP_20150323_002348	Encuéntrate con el Escultor Tesla en el Bosque Oeste de Siauliai	샤울레이 서쪽 숲의 조각가 테슬라에게 찾아가세요.				
QUEST_JOBSTEP_20150323_002349	Obtén las cortezas de árboles gruesas de Tipios en Grass Riverside.	풀가람터의 티피오에게서 성긴 나무 껍질 획득				
QUEST_JOBSTEP_20150323_002350	Como compensación por recibir apoyo de la Maestra Peltasta en Klaipeda, obtén 5 cortezas de árbol de Tipio y dáselas.	클라페다에 있는 펠타스타 마스터에게 협조를 구하는 댓가로 티피오의 성긴 나무 껍질을 5개 구해 전해 주세요.				
QUEST_JOBSTEP_20150323_002351	Bosque Cobalto	코발트 숲				
QUEST_JOBSTEP_20150323_002352	Entrégaselas a la Maestra Peltasta en Klaipeda	클라페다의 펠타스타 마스터에게 전달				
QUEST_JOBSTEP_20150323_002353	Obtuviste las cortezas de árbol para hacer el escudo. Con ellas, ve a encontrarte con la Maestra Peltasta para solicitar apoyo.	방패를 만들기 위한 성긴 나무 껍질을 구했습니다. 이걸 가지고 클라페다의 펠타스타 마스터에게 협조를 요청해 보세요.				
QUEST_JOBSTEP_20150323_002354	Recolecta %s de los Tipios en la Ribera de Hierba	풀가람터의 티피오에게서 %s 수집				
QUEST_JOBSTEP_20150323_002355	Recoge uñas de los pies de Beetow en Veja Ravine.	베야 골짜기에서 비토우의 발톱 수집				
QUEST_JOBSTEP_20150323_002356	La Maestra Peltasta quiere compensar la ayuda del Maestro Highlander. Recolecta las uñas de Beetow del Barranco Veja.	펠타스타 마스터는 하이랜더 마스터의 성의에 보답하고자 합니다. 베야 골짜기에서 비토우의 발톱을 구해 오세요.				
QUEST_JOBSTEP_20150323_002357	Entrégaselas al Maestro Highlander	하이랜더 마스터에게 전달				
QUEST_JOBSTEP_20150323_002358	Obtuviste las uñas de Beetow. Entrégaselas al Maestro Highlander en Klaipeda.	비토우의 발톱을 구했습니다. 클라페다의 하이랜더 마스터에게 전해 주세요.				
QUEST_JOBSTEP_20150323_002359	Las uñas de los pies de Beetow	비토우의 발톱				
QUEST_JOBSTEP_20150323_002360	Completaste la misión. Regresa con la Maestra Peltasta y reporta.	임무를 완수했습니다. 펠타스타 마스터에게 돌아가 보고하세요.				
QUEST_JOBSTEP_20150323_002361	Reúne la energía del fuego colocando una olla de fuego cerca de los monstruos en Tenet Garden.	테넷 화원에 있는 몬스터 근처에서 불의 항아리를 설치하여 불의 기운을 모아 주세요.				
QUEST_JOBSTEP_20150323_002362	Derrota a Beetow en el Barranco Veja	베야 골짜기의 비토우 처치				
QUEST_JOBSTEP_20150323_002363	El Maestro Espadachín quiere que te des cuenta de algo. Derrota a Beetow en Septyni Glen y aprende lo que te dijo el Maestro Espadachín.	소드맨 마스터는 깨닳음을 얻길 원하고 있습니다. 셉티니 골의 비토우를 처치하면서 소드맨 마스터가 한 말의 의미를 깨닫고 오세요.				
QUEST_JOBSTEP_20150323_002364	Derrota a Beetow	비토우 처지	QUEST_JOBSTEP_20150323_002333	Defeat %s	%s 처치	
QUEST_JOBSTEP_20150323_002365	Por favor obtén el Hueso de Glizardon de la Iglesia Tenet Sótano 1, el Cabello de Galok en el 1er Piso, y los fragmentos de Egnome en el 2do Piso	위저드 마스터가 원하는 재료인 테넷 성당 지하 1층의 글리자돈의 뼈, 지상 1층의 갈록의 털, 지상 2층의 이노움의 파편을 모아다 주세요.				
QUEST_JOBSTEP_20150323_002366	Recoge las Esencias Demoníacas en la Ruta de la Puerta.	관문로에서 마족의 정수 수집				
QUEST_JOBSTEP_20150323_002367	Psychokino te dijo que te ayudaría a liberar un poder sobrenatural, pero a cambio exige la esencia de demonios. Derrota al Minotauro y a Chapparition en la Ruta de la Puerta y obtén las Esencias Demoníacas.	사이코키노는 초능력이 발현되는 것을 도와줄 테니 그 댓가로 마족의 정수를 원하고 있습니다. 관문로에 있는 미노타우로스와 채퍼리션을 처치하여 마족의 정수를 얻으세요.				
QUEST_JOBSTEP_20150323_002368	Encuentra el mapa en el Bosque Sirdgela	시르드겔라 숲에서 지도 찾기				
QUEST_JOBSTEP_20150323_002369	El Maestro Zapador escuchó que se descubrió un mapa de apariencia extraña en el Bosque Sirdgela. Ve al Bosque Sirdgela y busca el mapa.	새퍼 마스터는 시르드겔라 숲에 이상한 지도가 발견됬다는 이야기를 들었다고 합니다. 시르드겔라 숲으로 가서 지도를 찾아 보세요.				
QUEST_JOBSTEP_20150323_002370	Encuéntrate con el Maestro Sadhu	사두 마스터를 찾아가기				
QUEST_JOBSTEP_20150323_002371	El Maestra Guardabosques te dijo que encontraras los rastros de Evoniphon. Escucha la información sobre Evoniphon del Maestro Sadhu en la Cresta Akmens.	레인저 마스터는 에보니폰의 흔적을 찾는 것을 도와달라고 합니다. 아크멘스 능선의 사두 마스터에게 에보니폰에 대한 정보를 들으세요.				
QUEST_JOBSTEP_20150323_002372	Habla con el Maestro Elementalista	엘리멘탈리스트 마스터와 대화				
QUEST_JOBSTEP_20150323_002373	El Maestro Sadhu te dijo que vio a un hombre que parecía ser Evoniphon hablando con el Maestro Elementalista. Encuéntrate con el Maestro Elementalista y escucha la información sobre Evoniphon.	사두 마스터는 에보니폰으로 추정되는 남자가 엘리멘탈리스트 마스터와 이야기 하는 것을 보았다고 합니다. 엘리멘탈리스트 마스터를 찾아가 에보니폰에 대한 정보를 들으세요.				
QUEST_JOBSTEP_20150323_002374	El Maestro Elementalista recuerda al hombre con el aroma extraño. Habla con el Maestro Elementalista sobre el paradero de ese hombre.	엘리멘탈리스트 마스터는 특이한 향을 풍기는 남자를 기억하고 있다고 합니다. 그 남자의 행방에 대해 엘리멘탈리스트 마스터와 대화해 보세요.				
QUEST_JOBSTEP_20150323_002375	Busca los rastros de Evoniphon en el Bosque Sirdgela	시르드겔라 숲에서 에보니폰 흔적 찾기				
QUEST_JOBSTEP_20150323_002376	El Maestro Elementalista recuerda al hombre con el aroma extraño. Habla con el Maestro Elementalista sobre el paradero de ese hombre.	엘리멘탈리스트 마스터는 에보니폰으로 추정되는 남자에게 남자가 찾는 재료가 있을 만한 곳을 가르쳐 주었다고 합니다. 시르드겔라 숲에서 에보니폰의 흔적을 찾아 보세요.				
QUEST_JOBSTEP_20150323_002377	Solo pudiste encontrar algunos pedazos de ropa de Evoniphon en el Bosque Sirdgela. Regresa con el Maestra Guardabosques.	시르드겔라 숲에서는 에보니폰의 옷조각밖에 찾을 수 없었습니다. 레인저 마스터에게 돌아가 보세요.				
QUEST_JOBSTEP_20150323_002378	Jugo Inflamable de Tontulia	톤투리아의 잘 타는 즙				
QUEST_JOBSTEP_20150323_002379	El Maestro Zapador te dijo que te ayudará a convertirte en Zapador si le ayudas con su experimento. Primero recolecta jugo inflamable de Tonturia en el Cruce Zachariel.	새퍼 마스터는 자신의 실험을 도와 준다면 새퍼가 되는 것을 도와 주겠다고 합니다. 먼저 자카리엘 교차로에서 톤투리아의 잘 타는 즙을 수집해 오세요.				
QUEST_JOBSTEP_20150323_002380	Entrégaselo al Maestro Zapador	새퍼 마스터에게 전달				
QUEST_JOBSTEP_20150323_002381	Recolectaste todo el Jugo Inflamable de Tontulia. Entrégaselo al Maestro Zapador.	톤투리아의 잘 타는 즙을 모두 모았습니다. 새퍼 마스터에게 전달해 주세요.				
QUEST_JOBSTEP_20150323_002382	Encuéntrate con el Escultor Tesla en el Bosque Oeste de Siauliai	샤울레이 서쪽 숲에 있는 조각가 테슬라를 찾아 가세요.				
QUEST_JOBSTEP_20150323_002383	Busca al padre del Comerciante de Equipo en el Bosque Sirdgela	시르드겔라 숲에서 도구상인의 아버지 찾기				
QUEST_JOBSTEP_20150323_002384	El comerciante de equipo te pidió que buscaras rastros de su padre como compensación por la comida para gatos que los atrae. Busca al padre del comerciante de equipo en el bosque de Sirdgela.	도구상인은 고양이를 꼬드길 특별한 먹이를 넘겨주는 댓가로 자신의 아버지의 흔적을 찾아 달라고 부탁하였습니다. 시르드겔라 숲에서 도구상인의 아버지를 찾아 주세요.				
QUEST_JOBSTEP_20150323_002385	Busca al Maestro Piromante en Klaipeda.	클라페다에 있는 파이로맨서 마스터를 찾아 가세요.				
QUEST_JOBSTEP_20150323_002386	Pon la olla del sol en la Cresta Ramstis	람스티스 협곡으로 가서 태양의 항아리 놓기				
QUEST_JOBSTEP_20150323_002387	El Maestro Piromante te pidió algo a cambio de enseñarte su magia. Pon la olla del sol en la Cresta Ramstis.	파이로맨서 마스터는 마법을 가르쳐 주는 대가로 의뢰를 부탁했습니다. 람스티스 협곡에 태양의 항아리를 놓으세요.				
QUEST_JOBSTEP_20150323_002388	La Piromante te pidió que hicieras algo por ella como recompensa por enseñarle magia. Coloca la olla del sol en la Cresta de Ramstis.	파이로맨서는 마법을 가르쳐 주는 대가로 심부름을 부탁했습니다. 람스티스 협곡에 태양의 항아리를 놓으세요.				
QUEST_JOBSTEP_20150323_002389	Por favor, consigue al Chamán Hogma en la Meseta del Rey y al canino de la guardia, que son los ingredientes que necesita el Criomante.	크리오맨서가 원하는 재료인 왕의 고원의 호그마 주술사와 파수꾼의 송곳니를 모아 주세요.				
QUEST_JOBSTEP_20150323_002390	Derrota a Sparnasman en el Desfiladero Vieta	비에타 계곡의 스파나스맨 처치				
QUEST_JOBSTEP_20150323_002391	El Maestro Highlander quiere que te demuestres a ti mismo que estás calificado. Demuestra que estás calificado derrotando a Sparnasman en el Desfiladero Vieta.	하이랜더 마스터는 실력을 증명할 것을 요구하고 있습니다. 비에타 계곡의 스파나스맨을 처치해서 증명하세요.				
QUEST_JOBSTEP_20150323_002392	Derrota a Chapparition en la Cresta Ramstis	람스티스 협곡의 채퍼리션 처치				
QUEST_JOBSTEP_20150323_002393	La Maestra Peltasta te dijo que deberías poseer valor para manejar el escudo. Derrota a Chapparition en la Cresta Ramstis.	펠타스타 마스터는 방패를 들려면 그만한 담력도 갖추어야 한다고 합니다. 람스티스 협곡에서 채퍼리션을 처치하세요.				
QUEST_JOBSTEP_20150323_002394	Habla con el Maestro Sadhu en la Cresta Akmens.	아크멘스 능선에서 사두 마스터와 대화해 보세요.				
QUEST_JOBSTEP_20150323_002395	Consigue una victoria del Maestro Sadhu duelando.	사두 마스터와 대련하여 승리를 거두세요.				
QUEST_JOBSTEP_20150323_002396	Habla con el Maestra Wugushi en el Valle Tiltas.	틸타스 협곡에 있는 무고사 마스터와 대화해 보세요.				
QUEST_JOBSTEP_20150323_002397	El Maestra Wugushi te dijo que quien sobrevive al final es el verdadero ganador incluso si usa trucos. Duela contra el Maestra Wugushi en el Valle Tiltas.	무고사 마스터는 싸움에 있어 비겁하더라도 살아남는 쪽이 진정한 승리자라고 합니다. 틸타스 협곡에서 무고사 마스터와 대련하세요.				
QUEST_JOBSTEP_20150323_002398	Habla con el Maestro Rodelero en la Puerta del Gran Rey.	대왕의 관문에 있는 로렐레로 마스터와 대화하세요.				
QUEST_JOBSTEP_20150323_002399	Habla con el Maestro Taumaturgo en el Valle del Puente Larguísimo.	긴다리 계곡에 있는 쏘마터지 마스터와 대화하세요.				
QUEST_JOBSTEP_20150323_002400	Obtén los materiales de investigación mágicos en Ramstis Ridge.	람스티스 협곡에서 마법 연구 자료 모으기				
QUEST_JOBSTEP_20150323_002401	El Maestro Taumaturgo te dijo que si pudieras ayudarlo, te ayudará a convertirte en Taumaturgo. Recolecta los materiales de investigación mágica perdidos en la Cresta Ramstis.	쏘마터지 마스터는 자신의 일을 도와준다면 쏘마터지가 될 수 있도록 도와주겠다고 합니다. 람스티스 협곡에서 잃어버린 마법 연구 자료를 모아다 주세요.				
QUEST_JOBSTEP_20150323_002402	Habla con el Maestro Elementalista en la Cresta Akmens.	아크멘스 능선에 있는 엘리멘탈리스트 마스터와 대화하세요.				
QUEST_JOBSTEP_20150323_002403	Completa las tareas del Maestro Elementalista	엘리멘탈리스트 마스터의 과제 수행				
QUEST_JOBSTEP_20150323_002404	Obtén la sangre de Hogma Shaman, la sangre de Hogma Scout en la Meseta del Rey y la sangre de Hogma Captain en el Cruce de Zachariel.	왕의 고원에서 호그마 주술사와 호그마 파수꾼의 피, 자카리엘 교차로에서 호그마 전투대장의 피를 구해 오세요.				
QUEST_JOBSTEP_20150323_002405	Entrega las tareas al Maestro Elementalista	엘리멘탈리스트 마스터에게 과제 전달				
QUEST_JOBSTEP_20150323_002406	Completaste exitosamente las tareas del Maestro Elementalista. Dale los ingredientes que estaban en las tareas.	엘리멘탈리스트 마스터의 과제를 훌륭히 수행했습니다. 엘리멘탈리스트 마스터에게 과제였던 재료를 가져다 주세요.				
QUEST_JOBSTEP_20150323_002407	Habla con el Maestro Explorador en el Valle del Puente Larguísimo.	긴다리 계곡에 있는 스카우트 마스터와 대화해 보세요.				
QUEST_JOBSTEP_20150323_002408	Habla con el Maestro Paladín en los Acantilados Nefritas.	네프리타스 벼랑에 있는 팔라딘 마스터와 대화하세요.				
QUEST_JOBSTEP_20150323_002409	El Maestro Paladín te dijo que es importante que actúes con justicia y fe en el nombre de la diosa. Derrota a Sparnasman en el Desfiladero Vieta y demuestra tu fe religiosa.	팔라딘 마스터는 정의와 신념을 여신의 이름으로 행하는 것이 중요하다고 합니다. 비에타 계곡에 있는 스파나스맨을 처치하여 신앙심을 증명하세요.				
QUEST_JOBSTEP_20150323_002410	Habla con el Maestro Catafracto en el Valle del Puente Larguísimo.	긴다리 계곡에 있는 캐터프랙트 마스터와 대화하세요.				
QUEST_JOBSTEP_20150323_002411	Derrota a Sparnasman en el Desfiladero Vieta para demostrar tus habilidades al Maestro Catafracto	캐터프랙트 마스터에게 비에타 계곡에 있는 스파나스맨을 처치하여 실력을 증명하세요.				
QUEST_JOBSTEP_20150323_002412	Algo malo le pasó al Maestro Fletcher a quien el Maestro Highlander solicitó. Encuentra al Maestro Fletcher en la Aldea Escanciu.	하이랜더 마스터가 거래를 의뢰한 플레쳐 마스터에게 무슨 일이 생긴 것 같습니다. 에산치우 마을에 있는 플레쳐 마스터를 찾아가 보세요.				
QUEST_JOBSTEP_20150323_002413	Derrota a los Moas en las Afueras de Fedimian	페디미안 외곽에서 모아 처치				
QUEST_JOBSTEP_20150323_002414	El Maestro Fletcher te dijo que si pudieras derrotar a los Moas que rompieron los ingredientes, cambiará de opinión. Derrota a los Moas en las Afueras de Fedimian que están atacando a los comerciantes.	플레쳐 마스터는 재료를 부순 모아를 처치해 준다면 순서를 앞당겨 준다고 합니다. 페디미안 외곽에서 페디미안을 왕래하는 상인들을 습격하는 모아를 처치하세요.				
QUEST_JOBSTEP_20150323_002415	Encuéntrate con el Maestro Corsario en la Cresta Akmens	아크멘스 능선에 있는 커세어 마스터를 찾아가세요.				
QUEST_JOBSTEP_20150323_002416	Recupera los objetos robados del Maestro Corsario en el Bosque Poslinkis. El Permiso de Muelle se puede encontrar derrotando a los Vubbes Altos, el Mapa del Navegante derrotando a los Arqueros Vubbe Altos, y el Contrato se puede encontrar derrotando a los Pokuborns Verdes.	포슬린키스 숲에서 커세어 마스터의 도둑맞은 물건들을 찾아와주세요. 하이 부베에게 입항허가서, 하이 부베 궁수에게 항해도, 초록 포쿠본에게 계약서를 찾을 수 있습니다.				
QUEST_JOBSTEP_20150323_002417	Encuéntrate con el Maestro Rodelero en la Puerta del Gran Rey	대왕의 관문에 있는 로델레로 마스터를 찾아 가세요.				
QUEST_JOBSTEP_20150323_002418	Encuentra al Maestro Fletcher en la Aldea Escanciu	에산치우 마을의 플레쳐 마스터 찾아가기				
QUEST_JOBSTEP_20150323_002419	El Maestro Arquero te dijo que si pudieras hacerle un favor, te dará una lección. Como pidió el Maestro Arquero, ve a encontrar al Maestro Fletcher en la Aldea Escanciu y revisa qué le pasó.	아처 마스터는 부탁을 들어주면 가르침을 주겠다고 합니다. 아처의 부탁 대로 에산치우 마을에 있는 플레쳐 마스터를 찾아가 무슨 문제가 있는지 확인하고 오세요.				
QUEST_JOBSTEP_20150323_002420	Derrota a Biteregina en el cementerio de los búhos.	매너클 묘지의 비테레지나 처치				
QUEST_JOBSTEP_20150323_002421	El Maestro Zapador te dijo que derrotaras a Biteregina que amenaza a la gente en el Cementerio de los Búhos.	새퍼 마스터는 매너클 묘지에서 사람들을 위협하는 비테레지나를 처치해 달라고 합니다.				
QUEST_JOBSTEP_20150323_002422	Encuentra al Maestro Fletcher en la Aldea Escanciu	에산치우 마을에 있는 플레쳐 마스터를 찾아 가세요.				
QUEST_JOBSTEP_20150323_002423	Consigue la caña de pescar roja en las llanuras de Saknis y explora solo los bosques con sonido de silbido.	사크니스 벌판에 있는 붉은 피셔맨의 낚시를 구한 다음 맑은 소리가 나는 나무만 판별하여 가져가세요.				
QUEST_JOBSTEP_20150323_002424	Caza 3 tipos de monstruos usando cebos	미끼를 사용하여 몬스터 3종 사냥				
QUEST_JOBSTEP_20150323_002425	El Maestro Cazador te dio las tareas de monstruos que están dispersos por varias regiones.{nl}Usa cebo para cazar Bushspider en la entrada del Bosque Kateen, Ellomago en el Cementerio de los Búhos, y Pokuborns verdes en el Bosque Poslinkis.	헌터 마스터는 여러 지역에 흩어져있는 몬스터 사냥에 대한 과제를 내 주었습니다.{nl}미끼를 사용하여 카틴 숲 입구에서 크루마보, 매너클 묘지에서 엘로마고, 포슬린키스 숲에서 초록 포쿠본을 사냥하세요.				
QUEST_JOBSTEP_20150323_002426	Arañas de arbusto en la entrada del bosque de Kateen.	카틴 숲 입구의 크루마보				
QUEST_JOBSTEP_20150323_002427	Ellomagos en el cementerio de búhos	매너클 묘지의 엘로마고				
QUEST_JOBSTEP_20150323_002428	Pokuborns Verdes en el Bosque Poslinkis	포슬린키스 숲의 초록 포쿠본				
QUEST_JOBSTEP_20150323_002429	Ve a buscar al Maestra Wugushi en el Valle Tiltas.	틸타스 협곡에 있는 무고사 마스터를 찾아 가세요.				
QUEST_JOBSTEP_20150323_002430	Recolecta el veneno sintetizado de los Bites	바이트에게서 합성독 수집				
QUEST_JOBSTEP_20150323_002431	El Maestra Wugushi te dio una tarea de recolectar veneno. Recolecta el veneno sintetizado de los Bites en las Planicies Saknis usando el tubo simplificado.	무고사는 독을 모으는 것을 과제로 주었습니다. 사크니스 벌판의 바이트에게 간이 대롱을 사용하여 합성독을 모아 오세요.				
QUEST_JOBSTEP_20150323_002432	Obtén %s de Bites	바이트에게서 %s 수집				
QUEST_JOBSTEP_20150323_002433	Encuéntrate con el Maestro Explorador en el Valle del Puente Larguísimo.	긴다리 계곡에 있는 스카우트 마스터를 찾아 가 보세요.				
QUEST_JOBSTEP_20150323_002434	Encuentra a los monstruos ocultos usando bombas de luz y derrótalos.	섬광탄으로 숨어있는 몬스터를 탐지하여 처치				
QUEST_JOBSTEP_20150323_002435	Encuentra a los monstruos ocultos en las llanuras de Saknis usando bombas de luz y derrótalos.	사크니스 벌판에 숨어있는 몬스터들을 섬광탄을 사용하여 찾아낸 뒤 처치하세요.				
QUEST_JOBSTEP_20150323_002436	Derrota a los monstruos detectados	탐지된 몬스터 처치				
QUEST_JOBSTEP_20150323_002437	El Maestro Pícaro te dijo que necesitas pasar una prueba antes de que pueda enseñarte sus habilidades. En el campo de entrenamiento de la entrada del Bosque Kateen, usa bombas de humo en los monstruos que se abalanzan y derrótalos.	로그 마스터는 자신의 기술을 가르쳐 주기 전에 시험이 필요하다고 합니다. 카틴 숲 입구에 준비된 연습장에서 몰려드는 몬스터들에게 연막탄을 사용하여 혼란에 빠뜨린 뒤, 처치하세요.				
QUEST_JOBSTEP_20150323_002438	Derrota a Shadowgaler en el Cementerio de los Búhos.	매너클 묘지의 섀도게일러 처치				
QUEST_JOBSTEP_20150323_002439	El Maestro Hoplita te dijo que antes de aprender una lección, quiere que derrotes a Shadowgaler primero antes de que el Maestro Hackapell los derrote. Como ella pidió, derrota a Shadowgaler en el Cementerio de los Búhos y regresa.	하플라이트 마스터는 가르침을 받기에 앞서 하카펠 마스터가 처치하기로 약속한 섀도게일러를 한 발 먼저 처치하여 골탕을 먹일 것을 바라고 있습니다. 그녀의 바램대로 매너클 묘지의 섀도게일러를 처치하고 와 주세요.				
QUEST_JOBSTEP_20150323_002440	Derrota a Yekub en el cementerio de búhos.	매너클 묘지의 예쿱 처치				
QUEST_JOBSTEP_20150323_002441	El Maestro Bárbaro quiere que derrotes al Yekub más rápido que nadie más. Derrota a Yekub en el Cementerio de los Búhos.	바바리안 마스터는 예쿱을 노리는 다른 사람들보다 먼저 가서 예쿱을 처치하길 바라고 있습니다. 매너클 묘지에 있는 예쿱을 처치하세요.				
QUEST_JOBSTEP_20150323_002442	El Maestro Escudero te dijo que deberías practicar continuamente hasta que la habilidad se vuelva tuya. Practica la habilidad contra los monstruos en el Bosque Poslinkis.	스콰이어 마스터는 포박 포승줄을 손에 익을때까지 연습하라고 합니다. 포슬린키스 숲에 있는 몬스터를 상대로 포박 포승줄을 연습해 보세요.				
QUEST_JOBSTEP_20150323_002443	Derrota a Colimencia	그린가의 장원의 콜리멘시아 처치				
QUEST_JOBSTEP_20150323_002444	El Maestro Centurión te dijo que deberías poseer las habilidades para comandar a otras personas. Derrota a Colimencia y demuestra tus habilidades.	센츄리온 마스터는 다른 사람을 지휘할 정도의 실력이 필요하다고 합니다. 그린가의 장원의 콜리멘시아를 처치하여 실력을 증명하세요.				
QUEST_JOBSTEP_20150323_002445	Derrota a Reaverpede en el Mercado de Roxona	록소나 장터의 리버피드 처치				
QUEST_JOBSTEP_20150323_002446	El Maestra Guardabosques tiene dudas sobre su trabajo y quiere hacer algo útil como otros Maestros. Derrota a Reaverpede en el Mercado de Roxona.	레인저 마스터는 자신의 일에 회의감이 든다면서 다른 마스터들처럼 도움이 되는 일을 해 보고 싶다고 합니다. 록소나 장터에서 리버피드를 처치하세요.				
QUEST_JOBSTEP_20150323_002447	Derrota al Minotauro en el Mercado de Roxona	록소나 장터에서 흥분한 미노타우르스 처치				
QUEST_JOBSTEP_20150323_002448	El Maestro Cazador te dijo que apareció un Minotauro y deberías poseer las habilidades para derrotar a ese monstruo si eres un verdadero Cazador. Derrota al Minotauro en el Mercado de Roxona y trae su canino gigantesco como prueba.	헌터 마스터는 미노타우르스가 나타났다면서 헌터라면 그 몬스터를 처치할 능력은 있어야 한다고 합니다. 록소나 장터에서 미노타우로스를 처치하고 그 증거로 거대한 송곳니를 가져 오세요.				
QUEST_JOBSTEP_20150323_002449	El Maestra Wugushi en el Valle Tiltas te está buscando	틸타스 협곡의 무고사 마스터가 당신을 찾고 있습니다				
QUEST_JOBSTEP_20150323_002450	Derrota a Rajatoad en la primera zona de la Prisión Demoníaca.	마족수감소 1구역의 라자토드 처치				
QUEST_JOBSTEP_20150323_002451	El Maestra Wugushi está hablando sobre la inmunidad de la sangre. Derrota a Rajatoad en la 1ra zona de la Prisión Demoníaca y regresa con el Maestra Wugushi	무고사 마스터는 독의 면역에 대한 중요성에 대해 말하고 있습니다. 마족수감소 1구역에서 라자토드를 처치하고 무고사 마스터에게 돌아가세요				
QUEST_JOBSTEP_20150323_002452	El Maestro Explorador en el Valle del Puente Larguísimo te está esperando	긴다리 계곡의 스카우트 마스터가 당신을 찾고 있습니다				
QUEST_JOBSTEP_20150323_002453	Derrota a Deadborn en la primera zona de la Prisión Demoníaca.	마족수감소 1구역의 데드본 처치				
QUEST_JOBSTEP_20150323_002454	El Maestro Explorador te dijo que necesitas ser hábil para recibir la lección. Derrota a Deadborn en la 1ra zona de la Prisión Demoníaca y regresa con el Maestro Explorador.	스카우트 마스터는 가르침을 받으려면 어느 정도 실력은 되어야 한다고 합니다. 마족수감소 1구역에서 데드본을 처치하고 스카우트 마스터에게 돌아가세요.				
QUEST_JOBSTEP_20150323_002455	El Maestro Fletcher de la Aldea Escanciu te está buscando	에산치우 마을의 플레쳐 마스터가 당신을 찾고 있습니다				
QUEST_JOBSTEP_20150323_002456	Recolecta los carbones de madera inflamables	잘 타는 석재 수집				
QUEST_JOBSTEP_20150323_002457	El Maestro Fletcher te dijo que si pudieras traerle algunos carbones de madera inflamables, te aceptará como su discípulo, pero parece que no está diciendo la verdad. Derrota a los Jonna Jolems en el Área del Puente del Acueducto y recolecta carbones de madera inflamables.	플레쳐 마스터는 잘 타는 석재를 구해다 준다면 제자로 받아들여 주겠지만 왠지 빈말을 하고 있는 듯한 느낌입니다. 수로교 지역에서 요나졸렘을 처치하고 잘 타는 석재를 수집하세요.				
QUEST_JOBSTEP_20150323_002458	Adquiriste carbones de madera inflamables. Dáselos al Maestro Fletcher.	잘 타는 석재를 구했습니다. 플레쳐 마스터에게 전해 주세요.				
QUEST_JOBSTEP_20150323_002459	El Maestro Schwarzer Reiter en el Puente de Piedra en Espera te está buscando	돌다리 망터에 있는 슈바르츠라이터 마스터가 당신을 찾고 있습니다				
QUEST_JOBSTEP_20150323_002460	Schwarzer Reiter te dijo que necesitas tener el valor de enfrentarte al enemigo hasta el final. Derrota a Deadborn en la primera zona de la Prisión Demoníaca y regresa con Schwarzer Reiter.	슈바르츠라이터 적을 끝까지 겨눌 수 있는 담력이 중요하다고 합니다. 마족수감소 1구역에서 데드본을 처치하고 슈바르츠라이터 마스터에게 돌아가세요.				
QUEST_JOBSTEP_20150323_002461	Repórtate con el Maestro Schwarzer Reiter	슈바르츠라이터 마스터에게 보고				
QUEST_JOBSTEP_20150323_002462	Lograste derrotar a Deadborn. Habla con el Maestro Schwarzer Reiter.	데드본을 처치하는데 성공하였습니다. 슈바르츠라이터 마스터와 대화하세요.				
QUEST_JOBSTEP_20150323_002463	Obtén el alcohol de flores silvestres en el Mercado de Roxona	록소나 장터에서 야생화 꽃술 구하기				
QUEST_JOBSTEP_20150323_002464	El Maestro Clérigo te dijo que se le acabaron las hierbas así que quiere que traigas el alcohol de flores silvestres. Consíguelo del Mercado de Roxona y llévaselo al Maestro Clérigo.	클레릭 마스터는 약초가 동이 났다면서 야생화 꽃술을 원하고 있습니다. 록소나 장터에서 야생화 꽃술을 구해 클레릭 마스터에게 가져다 주세요.				
QUEST_JOBSTEP_20150323_002465	Obtén la esencia de la ballena de piedra en el mercado de Roxona.	록소나 장터에서 석화고래의 정수 획득				
QUEST_JOBSTEP_20150323_002466	El Maestra Bokor te pondrá a prueba para ver si podrías obtener la Esencia de la Ballena de Piedra. Derrota a la Ballena de Piedra en el Mercado de Roxona y llévale la Esencia de la Ballena de Piedra.	보코르 마스터는 석화고래의 정수를 가져오는 것으로 시험을 치르겠다고 합니다. 록소나 장터에 돌아다니는 석화고래를 처치해 석화고래의 정수를 가져 오세요.				
QUEST_JOBSTEP_20150323_002467	Encuentra al Escultor Tesla en el Desfiladero Vieta.	비에타 계곡에 있는 조각가 테슬라를 찾아가세요.				
QUEST_JOBSTEP_20150323_002468	Encuentra al Maestro Sadhu en la Cresta Akmens.	아크멘스 능선에 있는 사두 마스터를 찾아가세요.				
QUEST_JOBSTEP_20150323_002469	El Maestro Sadhu quiere que derrotes a Colimencia que le hace daño a la gente.	사두 마스터는 사람들에게 피해를 주는 그린가의 장원의 콜리멘시아 처치하길 바라고 있습니다.				
QUEST_JOBSTEP_20150323_002470	Completaste la solicitud del Maestro Sadhu. Regresa y háblale.	사두 마스터의 요청을 완수했습니다. 사두 마스터에게 돌아가 대화하세요.				
QUEST_JOBSTEP_20150323_002471	Encuentra al Maestro Paladín en los Acantilados Nefritas.	네프리타스 벼랑에 있는 팔라딘 마스터를 찾아가세요.				
QUEST_JOBSTEP_20150323_002472	Derrota a Gaigalas en la Granja de los Arrendatarios	테넌츠 농장의 가이갈라스 처치				
QUEST_JOBSTEP_20150323_002473	El Maestro Paladín quiere revisar tu fe religiosa. Derrota a Gaigalas en la Granja de los Arrendatarios.	팔라딘 마스터는 신앙심을 직접 확인하고 싶어합니다. 테넌츠 농장에 자주 출몰한다는 가이갈라스를 처치하세요.				
QUEST_JOBSTEP_20150323_002474	Derrotaste a Gaigalas. Regresa con el Maestro Paladín y reporta.	가이갈라스를 처치했습니다. 팔라딘 마스터에게 돌아가 보고하세요.				
QUEST_JOBSTEP_20150323_002475	Encuentra al Maestro Monje en la Aldea Escanciu.	에산치우 마을에 있는 몽크 마스터를 찾아가세요.				
QUEST_JOBSTEP_20150323_002476	Consigue los caninos afilados de Netherbovine en el Bosque Poslinkis.	포슬린키스 숲에서 네더보바인의 날카로운 송곳니 획득				
QUEST_JOBSTEP_20150323_002477	El Maestro Monje te dijo que trajeras la prueba de la voluntad de convertirte en Monje. Derrota a Netherbovine en el Bosque Poslinkis y obtén el Canino.	몽크 마스터는 몽크가 되기 위한 다짐의 증거를 가져오라고 하였습니다. 포슬린키스 숲에서 네더보바인을 처치하고 그 증거인 날카로운 송곳니를 획득하세요.				
QUEST_JOBSTEP_20150323_002478	Adquiriste el Canino de Netherbovine. Llévaselo al Maestro Monje.	네더보바인의 날카로운 송곳니를 구했습니다. 몽크 마스터에게 가져다 주세요.				
QUEST_JOBSTEP_20150323_002479	Encuéntrate con el Maestro Indulgenciario en las Afueras de Fedimian.	페디미안 외곽에 있는 파드너 마스터를 찾아가세요.				
QUEST_JOBSTEP_20150323_002480	El Maestro Indulgenciario quiere que recuperes el dinero de la indulgencia perdida como tarea. Recupera el dinero perdido en la región cerca del Área del Puente del Acueducto.	파드너 마스터는 잃어버린 면죄부의 대금을 되찾는 것으로 입문 과제를 대신하려 합니다. 수로교 지역에서 잃어버린 대금을 찾아 오세요.				
QUEST_JOBSTEP_20150323_002481	Derrota a Yonazolem, que apareció repentinamente.	갑자기 나타난 요나졸렘 처치				
QUEST_JOBSTEP_20150323_002482	El Maestro Oracle te está buscando en el Puente de Piedra en Espera.	돌다리 망터에서 오라클 마스터가 당신을 찾고 있습니다				
QUEST_JOBSTEP_20150323_002483	Obtén la Esencia del Alma de Pawndel y la Esencia del Alma de Pawnd en la Iglesia Tenet 1F.{nl}	테넷 성당 지상 1층의 폰델의 영혼결정과 폰드의 정신결정을 수집하세요.{nl}				
QUEST_JOBSTEP_20150323_002484	Puedes crear una muñeca Bokor pulsando la tecla S.	S 키를 눌러 보코르 인형을 제작할 수 있습니다.				
QUEST_JOBSTEP_20150323_002485	Habla con el Escultor Tesla en el Bosque Oeste de Siauliai	샤울레이 서쪽 숲에 있는 조각가 테슬라와 대화해 보세요.				
QUEST_JOBSTEP_20150323_002486	Habla con el Maestro Sadhu en la Cresta Akmens	아크멘스 능선에 있는 사두 마스터와 대화해 보세요.				
QUEST_JOBSTEP_20150323_002487	Derrota al Puragi Azul en las Planicies Saknis	사크니스 벌판의 푸른 푸라기 처치				
QUEST_JOBSTEP_20150323_002488	El Maestro Sadhu te dijo que derrotaras a los monstruos que amenazan a los aldeanos. Derrota a los Puragis Azules en las Planicies Saknis.	사두 마스터는 주민들을 위협하는 몬스터들을 퇴치해 달라고 합니다. 사크니스 벌판의 푸른 푸라기를 처치하세요.				
QUEST_JOBSTEP_20150323_002489	Derrotaste a todos los Puragis Azules que amenazan a los aldeanos. Regresa con el Maestro Sadhu y reporta.	주민에게 위협이 되는 푸른 푸라기들을 모두 처치하였습니다. 사두 마스터에게 돌아가 보고하세요.	QUEST_JOBSTEP_20150317_002023	You've defeated all the monsters that threaten the villagers. Return to the Sadhu Master.	주민에게 위협이 되는 몬스터들을 모두 처치하였습니다. 사두 마스터에게 돌아가 보고하세요.	
QUEST_JOBSTEP_20150323_002490	Derrota a los Puragis Azules	푸른 푸라기 처치				
QUEST_JOBSTEP_20150323_002491	Habla con el Maestro Monje en la Aldea Escanciu	에산치우 마을에 있는 몽크 마스터와 대화하세요.				
QUEST_JOBSTEP_20150323_002492	El mercader de equipo de Fedimian vio una vez un Mostem en los suburbios de Fedimian. Dirígete a los suburbios de Fedimian y consigue las ollas en llamas derrotando a los Mostems.	페디미안의 도구상인은 페디미안 외곽에서 모스템을 본 적이 있다고 합니다. 페디미안 외곽으로 가서 모스템을 처치하고 불항아리를 얻으세요.				
QUEST_JOBSTEP_20150323_002493	Obtén el aceite endurecido en las llanuras de Saknis.	사크니스 벌판에서 굳은 기름 수집				
QUEST_JOBSTEP_20150323_002494	El mercader de equipo exige el aceite endurecido como recompensa por la información. Consigue el aceite endurecido de Puragis en las llanuras de Saknis y llévaselo al mercader de equipo.	장비상인은 정보의 댓가로 굳은 기름을 원하고 있습니다. 사크니스 벌판의 푸라기에게서 굳은 기름을 모아 장비상인에게 가져다 주세요.				
QUEST_JOBSTEP_20150323_002495	Elimine el peligro en el cementerio de búhos.	매너클 묘지의 위험 제거				
QUEST_JOBSTEP_20150323_002496	Necesitas demostrar tus habilidades al Maestro Catafracto. Derrota a Biteregina en el Cementerio de los Búhos que amenaza a la gente.	캐터프랙트 마스터에게 실력을 보여줄 필요가 있습니다. 매너클 묘지에서 사람들을 위협하는 비테레지나를 처치하세요.				
QUEST_JOBSTEP_20150323_002497	Derrota a Reaverpede en la Aldea Escanciu para la prueba del Maestro Elementalista.	엘리멘탈리스트 마스터의 시험을 위해 에산치우 마을의 리버피드를 처치하세요.				
QUEST_JOBSTEP_20150323_002498	Repórtate con el Maestro Elementalista	엘리멘탈리스트 마스터에게 보고				
QUEST_JOBSTEP_20150323_002499	Derrotaste exitosamente a Reaverpede. Repórtate con el Maestro Elementalista.	리버피드를 처치하는데 성공하였습니다. 엘리멘탈리스트 마스터에게 보고하세요.				
QUEST_JOBSTEP_20150323_002500	Derrota a Devilglove en las Afueras de Fedimian	페디미안 외곽의 데블글로브 처치				
QUEST_JOBSTEP_20150323_002501	Encuentra el regalo del Maestra Nigromante en el Camino del Demonio Hambriento	큰 아귀 길에서 네크로맨서 마스터의 선물 찾기				
QUEST_JOBSTEP_20150323_002502	Recoge el Hueso de Pawndel Azul, el Órgano Interno de Pawndel Negro y el Pico de Harpia en el Camino del Demonio Hambriento.	큰 아귀 길에 네크로맨서 마스터가 준비한 푸른 폰델의 뼈, 검은 폰드의 내장, 하르피아의 부리를 모아 오세요.				
QUEST_JOBSTEP_20150323_002503	Reporta sobre los regalos al Maestra Nigromante	네크로맨서 마스터에게 선물 보고				
QUEST_JOBSTEP_20150323_002504	Encontraste todos los regalos del Maestra Nigromante. Regresa con el Maestra Nigromante y reporta.	네크로맨서 마스터의 선물을 모두 찾았습니다. 네크로맨서 마스터에게 돌아가 보고하세요.				
QUEST_JOBSTEP_20150323_002505	Derrota a Honeypin en el camino de los Senderos Grynas	그리나스 숲길의 허니핀 처치				
QUEST_JOBSTEP_20150323_002506	El Maestro Espadachín está enfatizando los entrenamientos que son como batallas reales. Experimenta una batalla real derrotando a Honeypin en el camino de los Senderos Grynas.	소드맨 마스터는 실전과 같은 훈련을 강조하고 있습니다. 그리나스 숲길의 허니핀을 처치하여 실전 경험을 쌓아 보세요.				
QUEST_JOBSTEP_20150323_002507	Derrota a Gaigalas en el Campamento de Entrenamiento Grynas	그리나스 수련장의 가이갈라스 처치				
QUEST_JOBSTEP_20150323_002508	La Maestra Peltasta quiere que demuestres tus habilidades. Demuestra tus habilidades derrotando a Gaigalas en el Campamento de Entrenamiento Grynas.	펠타스타 마스터는 실력을 증명하길 원하고 있습니다. 그리나스 수련장의 가이갈라스를 처치하여 실력을 증명하세요.				
QUEST_JOBSTEP_20150323_002509	El Maestro Highlander quiere que experimentes más. Derrota a Honeypin en el camino de los Senderos Grynas.	하이랜더 마스터는 더욱 경험을 쌓기를 원하고 있습니다. 그리나스 숲길의 허니핀을 처치하세요.				
QUEST_JOBSTEP_20150323_002510	Derrota a Colimencia en las Colinas Grynas	그리나스 구릉지의 콜리멘시아 처치				
QUEST_JOBSTEP_20150323_002511	El Maestro Hoplita quiere que seas hábil, para que los colegas puedan confiar en tus habilidades. Derrota a Colimencia en las Colinas Grynas para demostrar tus habilidades.	하플라이트 마스터는 동료들이 의지할만한 실력을 원하고 있습니다. 그리나스 구릉지의 콜리멘시아를 처치하여 실력을 증명하세요.				
QUEST_JOBSTEP_20150323_002512	Derrota a Poata en Grynas Hills.	그리나스 구릉지의 포아타 처치				
QUEST_JOBSTEP_20150323_002513	El Maestro Bárbaro quiere que nadie lo ignore derrotando a Poata, conocido por atacar a la gente. Derrota a Poata en las Colinas de Grynas.	바바리안 마스터는 사람들을 습격하는 것으로 악명높은 포아타를 처치하는 것으로 사람들이 자신을 무시하지 않게 하려고 합니다. 그리나스 구릉지의 포아타를 처치하세요.				
QUEST_JOBSTEP_20150323_002514	Encuéntrate con el Maestro Rodelero en la Puerta del Gran Rey.	대왕의 관문의 로델레로 마스터를 찾아 가세요.				
QUEST_JOBSTEP_20150323_002515	El Maestro Rodelero busca experiencias reales. Derrota a Colimencia y demuestra tu habilidad.	로델레로 마스터는 실전 경험을 원하고 있습니다. 그린가의 장원의 콜리멘시아를 처치하여 실력을 증명하세요.				
QUEST_JOBSTEP_20150323_002516	Conozca al Maestro de los Catafractos en Overlong Bridge Valley.	긴다리 계곡의 캐터프랙트 마스터를 찾아 가세요.				
QUEST_JOBSTEP_20150323_002517	El Maestro Cataphract te dijo que debías superar cualquier dificultad. Demuestra tu habilidad derrotando a Gaigalas en la Granja de los Inquilinos.	캐터프랙트 마스터는 난관이 무엇이든 뚫어버리는 것이 중요하다고 합니다. 테넌츠 농장의 가이갈라스를 처치하여 실력을 증명하세요.				
QUEST_JOBSTEP_20150323_002518	El señor de la casa busca el adorno de la familia Legwyn. Derrota a Poata en la mansión Greene y recupera el adorno.	스콰이어 마스터는 르귄가문의 장식을 찾고 있습니다. 그린가의 장원의 포아타를 처치하여 장식을 찾아오세요.				
QUEST_JOBSTEP_20150323_002519	Encuentra al Maestro Corsario en Akmens Ridge.	아크멘스 능선의 커세어 마스터를 찾아 가세요.				
QUEST_JOBSTEP_20150323_002520	Derrota a Honeypin en la Granja de los Inquilinos.	테넌츠 농장의 허니핀 처치				
QUEST_JOBSTEP_20150323_002521	El Maestro Corsario te pide que demuestres tus habilidades. Derrota a Honeypin en la Granja de los Inquilinos y demuestra tu destreza.	커세어 마스터는 실력을 증명하라고 합니다. 테넌츠 농장의 허니핀을 처치하여 실력을 증명하세요.				
QUEST_JOBSTEP_20150323_002522	Conozca al Maestro Doppelsoeldner en Paupys Crossing.	파우피스 나루의 도펠죌트너 마스터를 찾아 가세요.				
QUEST_JOBSTEP_20150323_002523	El Maestro Doppelsoeldner quiere que demuestres tus habilidades derrotando a Gaigalas en la Granja de los Inquilinos.	도펠죌트너 마스터는 테넌츠 농장의 가이갈라스를 처치하여 실력을 증명하길 원하고 있습니다.				
QUEST_JOBSTEP_20150323_002524	Derrota a Reaverpede en Aldea Escanciu.	에산치우 마을의 리버피드 처치				
QUEST_JOBSTEP_20150323_002525	Derrota a Reaverpede de la aldea de Escanciu para realizar la prueba del Maestra Cronomante.	크로노맨서 마스터의 시험을 위해 에산치우 마을의 리버피드를 처치하세요.				
QUEST_JOBSTEP_20150323_002526	Conozca al Maestro Taumaturgo en Overlong Bridge Valley.	긴다리 계곡에 있는 쏘마터지 마스터를 만나세요.				
QUEST_JOBSTEP_20150323_002527	Derrota a Netherbovine en el bosque de Poslinkis.	포슬린키스 숲에서 네더보바인을 처치				
QUEST_JOBSTEP_20150323_002528	El Maestro Taumaturgo te dijo que todos los Maestros están colaborando para derrotar monstruos, así que si quieres convertirte en Taumaturgo, debes participar. Derrota a Netherbovine en el Bosque de Poslinkis.	쏘마터지 마스터는 난동을 부리는 몬스터를 처치하는데 마스터들이 합심하고 있다면서 쏘마터지 지망생이라면 응당 참여해야 할 것이라고 합니다. 포슬린키스 숲에서 난동을 부리는 네더보바인을 처치하세요.				
QUEST_JOBSTEP_20150323_002529	Conozca al Maestro Elementalista	엘리멘탈리스트 마스터 만나기				
QUEST_JOBSTEP_20150323_002530	Conozca al Maestro Elementalista en Akmens Ridge.	아크멘스 능선에 있는 엘리멘탈리스트 마스터를 만나세요.				
QUEST_JOBSTEP_20150323_002531	Derrota a Netherbovine en el bosque de Poslinkis.	포슬린키스 숲의 네더보바인 처치				
QUEST_JOBSTEP_20150323_002532	Los Maestros de Akmens Ridge persiguen a los monstruos que huyen. Como aspirante a Elementalista, debes derrotar al Netherbovine que apareció en el Bosque de Poslinkis.	아크멘스 능선의 마스터들은 난동을 부리고 사라지는 몬스터를 쫓고 있다고 합니다. 엘리멘탈리스트의 지망생으로써 포슬린키스 숲에 나타난 네더보바인을 처치하세요.				
QUEST_JOBSTEP_20150323_002533	Has logrado derrotar a Netherbovine. Infórmate ante el Maestro Elementalista.	네더보바인을 처치하는데 성공하였습니다. 엘리멘탈리스트 마스터에게 보고하세요.				
QUEST_JOBSTEP_20150323_002534	Conoce al Maestro Hechicero en los suburbios de Fedimian.	페디미안 외곽에 있는 소서러 마스터를 만나세요				
QUEST_JOBSTEP_20150323_002535	Encuéntrate con el Maestra Cronomante en Stele Road.	비석로에 있는 크로노맨서 마스터를 만나세요				
QUEST_JOBSTEP_20150401_002536	Para mi futuro discípulo, he preparado un bonito regalo en el Camino del Demonio Hambriento{nl}. Espero que te guste.	앞으로 생길 나의 제자를 위해 큰아귀 길에 멋진 선물을 준비해 놨지.{nl}자네에게 좋은 선물이 되기를 바라네.				네크로맨서 마스터
QUEST_JOBSTEP_20150401_002537	Conozca al Maestro Hechicero en los suburbios de Fedimian.	페디미안 외곽의 소서러 마스터를 찾아 가세요.				
QUEST_JOBSTEP_20150401_002538	El Maestro Hechicero quiere poner a prueba tus habilidades. Demuestra tu destreza derrotando a Devilglove en los suburbios de Fedimian.	소서러 마스터는 실력 평가를 원하고 있습니다. 페디미안 외곽의 데블글로브를 처치하여 실력을 증명하세요.				
QUEST_JOBSTEP_20150401_002539	Habla con el Maestra Nigromante en el Paso de Mullers.	뮬러스 통로의 네크로맨서 마스터와 대화하세요.				
QUEST_JOBSTEP_20150401_002540	Encuentra el regalo del Maestra Nigromante en el Camino del Demonio Hambriento	큰아귀 길에서 네크로맨서 마스터의 선물 찾기				
QUEST_JOBSTEP_20150401_002541	Trae el Hueso de Pawndel Azul, las Vísceras de Pawndel Negro y el Pico de Harpeia, que el Maestra Nigromante ha preparado en el Camino del Demonio Hambriento.	큰아귀 길에 네크로맨서 마스터가 준비한 푸른 폰델의 뼈, 검은 폰드의 내장, 하르피아의 부리를 모아 오세요.				
QUEST_JOBSTEP_20150401_002542	Conozca al Maestro Doppelsoeldner en Fedimian.	페디미안의 도펠죌트너 마스터를 찾아 가세요.				
QUEST_JOBSTEP_20150401_002543	Habla con el Maestra Cronomante en el Camino de Estelas	비석로에 있는 크로노맨서 마스터와 대화하세요.				
QUEST_JOBSTEP_20150406_002544	Ah, una cosa más.{nl}Hay un objeto oculto en la isla Flude en el bosque de West Siauliai.{nl}Antes de ir a Klaipeda, encuéntralo primero y devuélvelo a sus dueños originales.	아차차, 한 가지 더.{nl}샤울레이 서쪽 숲의 플루데 섬에 숨겨 둔 물건이 있어. {nl}클라페다에 가기 전에 그걸 먼저 찾아서 클라페다의 원래 주인들에게 돌려줘.				새퍼 마스터
QUEST_JOBSTEP_20150406_002545	Puedo permitírmelo	그정도라면 낼 수 있다고 한다				
QUEST_JOBSTEP_20150406_002546	No tengo dinero para eso	그런 돈은 없다고 한다				
QUEST_JOBSTEP_20150406_002547	Obtén el libro del mundo bidimensional en Tenet Church 1F.	테넷 성당 지상 1층에 있는 이면세계에서 책 획득				
QUEST_JOBSTEP_20150406_002548	El Maestro Enlazador te dijo que, si eres lo suficientemente competente, podrás encontrar el mundo bidimensional en la Iglesia Tenet 1F. Encuentra el libro del mundo bidimensional y dáselo al Maestro Enlazador.	링커 마스터는 만약 자질이 있다면 테넷 성당 지상 1층의 이면세계를 찾을 수 있는 눈이 있을 거라고 합니다. 이면세계로 들어가 그 곳에 있는 책을 찾아 링커 마스터에게 전해 주세요.				
QUEST_JOBSTEP_20150406_002549	Obtén el libro del mundo bidimensional en Tenet Church 1F.	테넷 성당 지상 1층의 이면세계에서 책 획득				
QUEST_JOBSTEP_20150406_002550	Obtén las cortezas de los árboles de Tipios en el barranco de Veja.	베야 골짜기의 티피오에게서 성긴 나무 껍질 획득				
QUEST_JOBSTEP_20150406_002551	Obtenga %s de Tipios en Veja Ravine	베야 골짜기의 티피오에게서 %s 수집	QUEST_JOBSTEP_20150317_001246	Collect %s	%s 수집	
QUEST_JOBSTEP_20150406_002552	El Maestro Espadachín quiere que aprendas algo. Derrota a Beetow en el Barranco de Veja y descubre lo que el Maestro Espadachín te ha contado.	소드맨 마스터는 깨닳음을 얻길 원하고 있습니다. 베야 골짜기의 비토우를 처치하면서 소드맨 마스터가 한 말의 의미를 깨닫고 오세요.				
QUEST_JOBSTEP_20150406_002553	Obtén cañas de pescar del Pescador Rojo en las Llanuras de Saknis y revísalas, distinguiendo las que emiten sonidos de silbido.	사크니스 벌판에 있는 붉은 피셔맨의 낚시대를 구한 다음 맑은 소리가 나는 나무만 판별하여 가져가세요.				
QUEST_JOBSTEP_20150406_002554	Obtén el canino afilado derrotando a Netherbovine en el Bosque de Poslinkis.	포슬린키스 숲에서 네더보바인을 처치하고 날카로운 송곳니 획득				
QUEST_JOBSTEP_20150414_002555	Si de verdad quieres aprender algo, primero debes demostrar que estás cualificado{nl}. Te voy a dar una tarea. Derrota a los Vubbes en el primer piso de la Mina de Cristal.	그대가 정녕 제게 가르침을 받고 싶다면 그 자격이 있는지 증명해야 할 것입니다.{nl}과제를 드리지요. 수정광산 1층을 점령하고 있는 부베들을 소탕하십시오.				
QUEST_JOBSTEP_20150414_002556	Gracias por tu determinación de aprender mi manejo de la espada, pero no estoy seguro de que lo sigas bien{nl}. Te pondré a prueba viendo cómo te enfrentas a los Vubbes en el primer piso de la Mina de Cristal.	그대가 나의 검법을 계승하겠다는 건 참으로 고마운 일이나 제대로 따라올 수 있을지 의문이 드는군.{nl}수정광산 1층을 점거하고 있는 부베들을 상대하는 것으로 그대를 시험해 보겠다.				하이랜더 마스터
QUEST_JOBSTEP_20150414_002557	Ve a Tenet Garden y coloca esta maceta en el suelo{nl}. Cuando derrotes a los monstruos cerca de la maceta, las energías se acumularán en ella.	테넷 화원으로 가서 이 항아리를 바닥에 놔.{nl}항아리 근처에 있는 몬스터를 처치하면 항아리에 기운이 모일거야.				파이로맨서 마스터
QUEST_JOBSTEP_20150414_002558	Simplemente coloca la maceta en el suelo de Ramstis Ridge{nl}. El problema será Chapparition allí... pero creo que eres lo suficientemente competente para enfrentarlo.	람스티스 협곡에 이 항아리를 놓고 오기만 하면 돼.{nl}문제는 그 자리에 버티고 있는 채퍼리션인데.. 너 정도면 분명 상대할 수 있을 거야.				
QUEST_JOBSTEP_20150414_002559	He oído que un monstruo llamado Biteregina ataca a los viajeros en el cementerio de búhos.{nl}Si pudieras derrotar a ese monstruo, reconoceré tus habilidades.	비테레지나라는 몬스터가 매너클 묘지에서 여행객들을 습격한다나봐.{nl}그 몬스터를 흠씬 두들겨준다면 너의 실력을 인정해주겠어.				
QUEST_JOBSTEP_20150414_002560	Muestra tu poder de la diosa a la Capilla en Ramstis Ridge.{nl}Ese monstruo será suficiente para poner a prueba tu coraje.	람스티스 협곡의 채퍼리션에게 여신의 위엄을 알려주십시오.{nl}그 음산함은 그대의 담력을 시험하는데 적합할 것입니다.				펠타스타 마스터
QUEST_JOBSTEP_20150414_002561	Si quieres aprender algo de mí, debes ser rápido.{nl}Derrota a los monstruos en la entrada del Bosque de Kateen usando bombas de humo.{nl}Debes tener cuidado ya que algunos de ellos son bastante poderosos.	내게 뭐라도 배우려면 우선 발이 빨라야해.{nl}카틴 숲 입구에 준비된 연습장에서 연막탄을 이용해 몬스터를 처치해봐.{nl}꽤 강한 녀석도 있으니까 긴장하는게 좋을거야.				
QUEST_JOBSTEP_20150414_002562	Oh, ya regresaste{nl}. ¡Bien hecho!{nl}	오, 벌써 다녀 왔는가. {nl}수고했네. {nl}				조각가 테슬라
QUEST_JOBSTEP_20150414_002563	Si quieres aprender algo de mí, derrota a Gaigalas en la Granja de los Inquilinos.{nl}Si quieres que tu voluntad y tus habilidades sean reconocidas.	나에게 무언가를 배우고 싶다면 테넌츠 농장의 가이갈라스를 사냥해 오도록 해.{nl}너의 각오와 실력 모두를 인정받고 싶다면 말이다.				
QUEST_JOBSTEP_20150414_002564	Detengan las fechorías de los monstruos.{nl}Escuché que Colimencia está causando problemas en la Mansión Greene.	사람들을 해치는 몬스터의 악행을 멈추게 하는 겁니다.{nl}제가 들은 바로는 그린가의 장원에서 콜리멘시아가 난동을 부리고 있다는군요.				사두 마스터
QUEST_JOBSTEP_20150414_002565	¿Estás listo?{nl}Te veré en la sala de entrenamiento del Maestro Highlander.	준비는 되셨는지요.{nl}하이랜더 마스터의 도장에서 뵙겠습니다.				오라클 마스터
QUEST_JOBSTEP_20150414_002566	Maestro cetrero	응사 마스터				
QUEST_JOBSTEP_20150414_002567	Así que quieres convertirte en un Maestro Halconero.{nl}No sé qué ave será tu amiga, pero cuando interactúes con ella, lo mejor que puedes usar es su comida.	응사를 지망하는군.{nl}네 친구가 될 새가 무엇이 될진 모르겠지만 누구든 교감할 때 제일 좋은 건 먹이다.{nl}				응사 마스터
QUEST_JOBSTEP_20150414_002568	Todo estará bien. Consigue algo de comida de monstruos de tipo animal.{nl}Pondré a prueba tus habilidades como Indulgente con eso.	뭐든 좋으니 먹이로 줄 고기를 동물형 몬스터에게서 구해와. {nl}그걸로 응사의 자질을 판단하지.				응사 마스터
QUEST_JOBSTEP_20150414_002569	Si los monstruos son fuertes, son más fáciles de conseguir.{nl}Si los monstruos son débiles, no será fácil.	강한 몬스터일수록 구하기 쉬울거다.{nl}반대로 약한 몬스터라면 고생 좀 하겠지.				응사 마스터
QUEST_JOBSTEP_20150414_002570	Es una carne rara. Debes haber tenido que esforzarte mucho para conseguirla.{nl}Cuento contigo de ahora en adelante.	꽤 귀한 고기로군. 구하기 힘들었겠어.{nl}서로 응사로써 앞으로 잘 부탁한다.				
QUEST_JOBSTEP_20150414_002571	Gusto exigente [Avance de Falconer]	까다로운 입맛[응사 전직]				
QUEST_JOBSTEP_20150414_002572	No puedo realizar tareas tan agotadoras.	그런 귀찮은 일은 못하겠다고 한다				
QUEST_JOBSTEP_20150414_002573	Obtén el corazón de Orca de Piedra en la Mina de Cristal 1F.	수정광산 1층에서 스톤오르카의 심장 수집				
QUEST_JOBSTEP_20150414_002574	Mina de Cristal, Área 1F	수정광산 1층 전지역				
QUEST_JOBSTEP_20150414_002575	Derrota a los monstruos usando bombas de humo.	연막탄을 사용하고 몬스터 처치하기				
QUEST_JOBSTEP_20150414_002576	El Maestro Oráculo te espera en Klaipeda.	클라페다에서 오라클 마스터가 당신을 찾고 있습니다				
QUEST_JOBSTEP_20150414_002577	El Maestro Oráculo quiere saber si posees las habilidades necesarias para comprender las enseñanzas del oráculo y qué tan bien las difundirías. Enfréntate en un duelo al Maestro Oráculo en la habitación del Maestro Highlander y obtén la victoria.	오라클 마스터는 신탁의 지침을 품을 역량이 있는지, 그것을 잘 전파할 의지가 있는지 검증하고 싶어합니다. 하이랜더 마스터의 방에서 오라클 마스터와 대련하여 승리를 거두세요.				
QUEST_JOBSTEP_20150414_002578	Llamada del maestro cetrero	응사 마스터의 부름				
QUEST_JOBSTEP_20150414_002579	El maestro cetrero de Klaipeda te está buscando.	클라페다에서 응사 마스터가 당신을 찾고 있습니다.				
QUEST_JOBSTEP_20150414_002580	Consigue la carne que le gusta al halcón.	매가 좋아하는 고기 구하기				
QUEST_JOBSTEP_20150414_002581	Derrota a los monstruos con forma de animal para obtener la carne que le darás al halcón. Cualquier monstruo sirve, pero cuanto más fuertes sean, más fácil te resultará conseguir la carne.	동물형 몬스터를 처치해서 먹이로 줄 만한 고기를 구해오세요. 어떤 몬스터이든 상관 없지만 강한 몬스터일수록 고기를 구하기 쉽습니다.				
QUEST_JOBSTEP_20150414_002582	Habla con el maestro cetrero.	응사 마스터와 대화				
QUEST_JOBSTEP_20150414_002583	Ya has conseguido toda la carne necesaria para alimentar al halcón. Habla con el maestro cetrero.	매의 먹이로 쓸 고기를 모두 구하였습니다. 응사 마스터와 다시 대화해 보세요.				
QUEST_JOBSTEP_20150428_002584	Infiltrate la habitación del Maestro Piromante y toma lo que hay en la caja.{nl}Haz lo que quieras con todo lo demás.	파이로맨서의 방에 몰래 잠입해 그 곳에 있는 상자 안에 든 걸 가져오십시오.{nl}그 외의 것은 알아서 처리하시고요.				크리오맨서 마스터
QUEST_JOBSTEP_20150428_002585	Todos los libros ya están reunidos{nl}. ¡Bien hecho! Como te prometí, te enseñaré las habilidades de cazador.{nl}	책이 전부 모였군요. 수고하셨어요.{nl}약속한 대로 당신에게 헌터의 기술을 가르쳐 드리겠어요.{nl}				
QUEST_JOBSTEP_20150428_002586	Y esto es por tu compensación. {nl}Esto será suficiente para conseguir a Velheider.	그리고 이건 수고료. {nl}이 정도면 벨하이더 정돈 분양받을 수 있겠죠.				
QUEST_JOBSTEP_20150428_002587	La magia no distingue a las personas, pero no me gusta la gente perezosa{nl}. Pondré a prueba tu valentía viendo si puedes derrotar a las Orcas de Piedra en el primer piso de la Mina de Cristal.	마법은 사람을 가리지 않지만 난 게으른 사람은 싫어.{nl}수정광산 1층에서 스톤오르카를 처치하는 것으로 네 근성을 시험해 보겠어.				
QUEST_JOBSTEP_20150428_002588	Esta es una carne rara. Debes haber tenido dificultades para conseguirla.{nl}Como Halconero, cuento contigo de ahora en adelante.{nl}	꽤 귀한 고기로군. 구하기 힘들었겠어.{nl}응사로써 앞으로 잘 부탁한다.{nl}				응사 마스터
QUEST_JOBSTEP_20150428_002589	Y, al principio será difícil conseguir un halcón.{nl}Te ayudaré con esto ya que somos los mismos Indulgentes.	참, 처음엔 매를 분양받기 힘들 거야.{nl}이제부터 같은 응사인데 이 정돈 내가 도와 줘야지.				응사 마스터
QUEST_JOBSTEP_20150428_002590	Todas las regiones en Veja Ravine	베야 골짜기 전 지역				
QUEST_JOBSTEP_20150428_002591	Derrota a la orca de piedra	스톤오르카를 처치				
QUEST_JOBSTEP_20150428_002592	El Maestro Mago enfatiza la importancia de la voluntad. Derrota a la Orca de Piedra del primer piso de la Mina de Cristal y regresa con el Maestro Mago.	위저드 마스터는 근성의 중요성에 대해 강조하고 있습니다. 수정광산 1층에서 스톤오르카를 처치하고 위저드 마스터에게 돌아가세요.				
QUEST_JOBSTEP_20150428_002593	Has derrotado a todas las Orcas de Piedra. Regresa con el Maestro Mago e infórmale.	스톤오르카를 모두 처치하였습니다. 위저드 마스터에게 돌아가 보고하세요.				
QUEST_JOBSTEP_20150511_002594	He oído que el Minotauro lo tiene en algún lugar del Bosque de Sirdgela{nl}. He oído que ese monstruo no es fácil, así que debes estar muy preparado.	시르드겔라 숲 어딘가에서 미노타우로스가 가지고 있댔어.{nl}그 몬스터 때문에 무지 고생했다니까 단단히 준비해 가는 게 좋을 거야.				새퍼 마스터
QUEST_JOBSTEP_20150511_002595	Desapareció en la oscuridad después de hablar con el Maestro Elementalista.{nl}Será mejor que vayas a hablar con él.	엘리멘탈리스트 마스터와 짧은 대화를 나눈 뒤 어둠 속으로 사라졌습니다.{nl}그에게 가 보시는 게 좋겠습니다.				사두 마스터
QUEST_JOBSTEP_20150511_002596	En realidad, los Tontulias no son tan difíciles, pero los otros enemigos son más peligrosos.{nl}Hmm... ¡Buena suerte!	사실 톤투리아는 별거 아닌데 주변에 다른 몬스터도 많이 있는 게 위험하지.{nl}음.. 힘내!				새퍼 마스터
QUEST_JOBSTEP_20150511_002597	Debes ser rápido para aprender de mí{nl}. Usa bombas de humo en el campo de entrenamiento frente a la entrada del Bosque de Kateen y derrota a los monstruos{nl}. Algunos de ellos son realmente fuertes, así que prepárate.	내게 뭐라도 배우려면 우선 발이 빨라야해.{nl}카틴 숲 입구에 준비된 연습장에서 연막탄을 이용해 몬스터를 처치해봐.{nl}꽤 강한 녀석도 있으니까 긴장하는 게 좋을거야.				
QUEST_JOBSTEP_20150511_002598	Primero, debes reunir el aceite perfumado que se necesita para el mantenimiento de la Estatua de la Diosa.{nl}Si se lo pides a los sacerdotes de Klaipeda, te lo darán.	먼저 여신상의 보수에 필요한 향유부터 모으는 게 좋겠네.{nl}클라페다의 성직자분들께 부탁하면 쉬이 내어줄 걸세.				조각가 테슬라
QUEST_JOBSTEP_20150511_002599	Si quieres aprender de mí, primero debes mostrarme tus habilidades.{nl}Honeypin en Tenants' Farm sería bueno.	나에게 뭘 배우고 싶다면 실력부터 제대로 보여주는 게 예의 아닐까?{nl}테넌츠 농장의 허니핀 정도가 적당한 것 같은데.				
QUEST_JOBSTEP_20150714_002600	Felicitaciones por el nacimiento de la nueva Bokor.{nl}Cuando elegí el camino de Bokor, comencé haciendo mi propia muñeca.{nl}	새로운 보코르의 탄생을 축하합니다.{nl}제가 보코르의 길을 선택했을 때에도 나만의 인형을 만드는 것부터 시작했답니다.{nl}	QUEST_JOBSTEP_20150317_000003	Congratulations, a new Bokor is born. {nl}When I first chose the path of a Bokor, I started by creating a doll of my own. 	새로운 보코르의 탄생을 축하합니다.{nl}제가 보코르의 길을 선택했을 땐 나만의 인형을 만드는 것부터 시작했답니다.{nl}	보코르 마스터
QUEST_JOBSTEP_20150714_002601	No aceptamos a cualquiera como Peltasta.{nl}Te daré una tarea. Primero, derrota a todos los Vubbes que están ocupando el primer piso de la Mina de Cristal.	우리는 아무나 펠타스타로 받아들이지 않습니다.{nl}과제를 드리지요. 수정광산 1층을 점령하고 있는 부베들을 소탕하십시오.	QUEST_JOBSTEP_20150414_002555	If you truely want to learn something, you should first prove yourself that you are qualified.{nl}I will give you an assignment. Defeat the Vubbes at the 1st floor of Crystal Mine.	그대가 정녕 제게 가르침을 받고 싶다면 그 자격이 있는지 증명해야 할 것입니다.{nl}과제를 드리지요. 수정광산 1층을 점령하고 있는 부베들을 소탕하십시오.	펠타스타 마스터
QUEST_JOBSTEP_20150714_002602	Puedo ver tu pasión por convertirte en piromante, pero esa pasión no es suficiente{nl}. Tomaré la decisión en función de qué tan bien apoyes mi investigación.	파이로맨서가 되겠다는 열의는 알겠지만, 열의와 수준은 다른 이야기지.{nl}내 연구를 얼마나 잘 보조해 주시는지에 따라서 결정하겠어.	QUEST_JOBSTEP_20150317_000013	I can see that you want to learn magic from me, but I can't teach just anyone. {nl}I will see how well you can assist my research and then decide. 	저에게 마법을 배우겠다는 열의는 알겠습니다만, 아무에게나 가르쳐 드릴 순 없습니다.{nl}제 연구를 얼마나 잘 보조해 주시는지에 따라서 결정하겠어요.	파이로맨서 마스터
QUEST_JOBSTEP_20150714_002603	Ahora puedo pasar a la siguiente etapa de la investigación gracias a ti{nl}. Siempre puedes venir a aprender magia. Bien hecho.	덕분에 다음 연구단계로 넘어갈 수 있겠어.{nl}마법을 배우러 언제든 와도 좋아. 수고했어.	QUEST_JOBSTEP_20150317_000014	Good work. Thanks to you I can start the next step of my research. {nl}I will teach you Pyromancer magic as promised. 	수고하셨어요. 덕분에 다음 연구단계로 넘어갈 수 있겠네요.{nl}약속대로 파이로맨서의 마법을 가르쳐 드리지요.	파이로맨서 마스터
QUEST_JOBSTEP_20150714_002604	Bienvenido{nl}. Eliminarás el mal que yo invoco. Registraré la longitud de onda única que resultará de este proceso.	잘 오셨어요. 당신이 해 주실 일은 제가 소환한 악령을 제거해 주시면 됩니다.{nl}그 과정에서 뿜어져 나오는 특별한 파장을 기록하겠어요.	QUEST_JOBSTEP_20150317_000015	Good, you're here. I need you to defeat the evil spirits that I will summon. {nl}I will record the unique wavelength that is transmitted in the process. 	잘 오셨어요. 당신이 해 주실 일은 제가 소환한 악령을 처치해 주시면 됩니다.{nl}그 과정에서 뿜어져 나오는 특별한 파장을 기록하겠어요.	보코르 마스터
QUEST_JOBSTEP_20150714_002605	Estoy investigando sobre el cuarto estado de la sustancia.{nl}No se puede hacer sin el apoyo del Maestra Bokor que controla los espíritus.	난 물질의 제4번째 상태에 대해 연구중이야.{nl}영혼을 다루는 보코르 마스터님의 협조가 없으면 절대로 불가능한 일이지.	QUEST_JOBSTEP_20150317_000016	I am doing research on the 4th state of matter. {nl}It is impossible without the cooperation of the Bokor Master, who deals with spirits. 	전 물질의 제4번째 상태에 대해 연구중입니다.{nl}영혼을 다루는 보코르 마스터님의 협조가 없으면 절대로 불가능한 일이지요.	파이로맨서 마스터
QUEST_JOBSTEP_20150714_002606	Bien. {nl}Como esa investigación se está llevando a cabo con la Maestra Bokor, ella te dirá qué hacer cuando vayas a reunirte con ella.	좋아. {nl}그 연구는 보코르 마스터님과 함께 진행중이니 그 분께 가면 할 일을 일러주실거야.	QUEST_JOBSTEP_20150317_000018	Good. {nl}That study is being done with the Bokor Master. So go pay her a visit and she'll tell you what to do. 	좋습니다. {nl}그 연구는 보코르 마스터님과 함께 진행중이니 그분께 가면 할 일을 일러주실 겁니다.	파이로맨서 마스터
QUEST_JOBSTEP_20150714_002607	¿Quieres aprender magia conmigo? Por supuesto que puedo enseñarte{nl}. Si me hicieras un favor.	제게 마법을 배우고 싶으시다고요.{nl}물론 가르쳐 드리지요. 한 가지 일만 잘 처리해 주신다면요.	QUEST_JOBSTEP_20150317_000020	You want to learn Cryomancer magic from me? {nl}Sure, I'll teach you, but only if you take care of something first! 	제게 크리오맨서의 마법을 배우고 싶으시다고요.{nl}물론 가르쳐 드리지요. 한 가지 일만 잘 처리해 주신다면요.	크리오맨서 마스터
QUEST_JOBSTEP_20150714_002608	Esto será suficiente.{nl}Será difícil a partir de esta etapa, así que debes seguir bien.	이 정도면 충분하군.{nl}이 단계부터는 꽤 어려우니까 열심히 따라와야 할 거야.	QUEST_JOBSTEP_20150317_000024	This will be enough. {nl}My magic is not easy, so you will need to work hard to keep up. 	이 정도면 충분하군.{nl}내 마법은 어려우니까 열심히 따라와야 할 거야.	파이로맨서 마스터
QUEST_JOBSTEP_20150714_002609	¿Quieres ser un Ranger? Entonces te haré una petición. {nl}Decidiré si debo enseñarte en función de lo bien que completes la tarea.	레인저가 되길 원해? 그렇다면 당신에게 한 가지 의뢰를 하지. {nl}그 일을 얼마나 잘 해내느냐에 따라서 당신을 가르칠지 결정하겠어.	QUEST_JOBSTEP_20150317_000029	So you want to learn the way of the arrow from me...Then I have a mission for you. {nl}I will base my decision on how well you accomplish the mission. 	나에게 활을 배우고 싶다라.. 그렇다면 당신에게 한 가지 의뢰를 하지. {nl}그 일을 얼마나 잘 해내느냐에 따라서 당신을 가르칠지 결정하겠어.	레인저 마스터
QUEST_JOBSTEP_20150714_002610	Así que todos los libros están reunidos{nl}. Bien hecho{nl}. Como te prometí, te permitiré convertirte en Cazador.	책이 전부 모였군요. 수고하셨어요.{nl}약속한 대로 당신이 헌터로 입문하는 것을 허락해 드리죠.{nl}	QUEST_JOBSTEP_20150428_002585	All the books are gathered now. Well done.{nl}As I promised to you, I will teach you the skills of Hunter.{nl}	책이 전부 모였군요. 수고하셨어요.{nl}약속한 대로 당신에게 헌터의 기술을 가르쳐 드리겠어요.{nl}	헌터 마스터
QUEST_JOBSTEP_20150714_002611	Y este es mi regalo. {nl}Podrás comprar Velheider.	그리고 이건 제 선물. {nl}이 정도면 벨하이더 정돈 분양받을 수 있겠죠.	QUEST_JOBSTEP_20150428_002586	And this is for your compensation. {nl}This will be enough to get Velheider.	그리고 이건 수고료. {nl}이 정도면 벨하이더 정돈 분양받을 수 있겠죠.	헌터 마스터
QUEST_JOBSTEP_20150714_002612	Bien hecho. {nl}Espero que cumplas mis expectativas.	성과는 확실하군. {nl}내 기대에 확실히 부응해 주길 기대하겠어.	QUEST_JOBSTEP_20150317_000033	You got some good results. I will teach you from now on. {nl}I hope you live up to my expectations. 	성과는 확실하군. 이제부터 내가 널 가르치지.{nl}내 기대에 확실히 부응해 주길 기대하겠어.	레인저 마스터
QUEST_JOBSTEP_20150714_002613	Cuando tú y tu oponente luchéis con espadas, descubriréis la habilidad de tu oponente.{nl}Si pudieras demostrarme tus cualidades como guerrero, te enseñaré lo que es un verdadero guerrero.	검과 검을 맞댐으로써 상대의 기량을 알 수 있지.{nl}내게 전사의 자격을 증명하면 진짜 전사가 뭔지 가르쳐 주겠다.	QUEST_JOBSTEP_20150317_000036	You can understand an opponent's abilities by facing them sword to sword. {nl}Prove to me that you are a true warrior, and I will lead you in becoming a real Barbarian. 	검과 검을 맞댐으로써 상대의 기량을 알 수 있지.{nl}내게 전사의 자격을 증명하면 진정한 바바리안으로 이끌어 주겠다.	바바리안 마스터
QUEST_JOBSTEP_20150714_002614	Bien{nl}. Eres más que suficiente para ser un guerrero.	훌륭하군.{nl}전사의 자격은 충분하다.	QUEST_JOBSTEP_20150317_000037	You indeed qualify as a warrior. {nl}I will make you become a true Barbarian. 	전사의 자격은 충분하다. {nl}내가 진짜 바바리안으로 만들어 주지.	바바리안 마스터
QUEST_JOBSTEP_20150714_002615	Eso es bueno. Hay muchos ojos aquí, así que adelante al campamento base. {nl}Te seguiré pronto.	맘에 드는군. 여긴 눈이 많으니 캠프 거점 위로 가 있어라.{nl}금방 따라가도록 하지.				바바리안 마스터
QUEST_JOBSTEP_20150714_002616	¿Por qué te demoras? ¿No te dije que te fueras ya al campamento?{nl}	뭘 꾸물대고 있는 거지?{nl}캠프 거점 위로 가 있으라고 했잖나.				바바리안 마스터
QUEST_JOBSTEP_20150714_002617	Es fácil enseñarte a usar una lanza, pero tu mente debe estar preparada para ello{nl}. La tarea es fácil, pero un poco problemática.	창을 가르쳐 드리는 거야 쉽습니다만, 제겐 당신의 마음가짐이 중요합니다.{nl}과제는 간단합니다. 조금 귀찮을 뿐이지요.	QUEST_JOBSTEP_20150317_000038	I understand that you want to be stronger with a spear. {nl}Complete the mission I assign to you, and I will teach you my spearmanship.	창으로써 강해지고 싶은 당신의 마음은 잘 알겠습니다.{nl}제가 드리는 과제를 수행해 오신다면 저의 창술을 가르쳐 드리겠습니다.	하플라이트 서브 마스터
QUEST_JOBSTEP_20150714_002618	Cuero de Glizardon en la Iglesia Tenet B1, el canino de Galok en la Iglesia Tenet 1F.{nl}Y polvos negros de Egnome... Cuento contigo.	테넷 성당 지하 1층의 글리자돈의 가죽, 지상 1층의 갈록의 송곳니.{nl}그리고 지상 2층의 이노움의 검은가루.. 잘 부탁드립니다.	QUEST_JOBSTEP_20150323_002200	The leather of Glizardon and the canine of Galok in Tenet Church B1.{nl}And black powders of Egnome from the 2F. Please bring those to me.	테넷 성당 지하 1층의 글리자돈의 가죽, 지상 1층의 갈록의 송곳니.{nl}그리고 지상 2층의 이노움의 검은가루를 제게 가져오세요.	하플라이트 서브 마스터
QUEST_JOBSTEP_20150714_002619	Derrota a Carcashus en Septyni Glen para recolectar las semillas{nl}. Se rompen fácilmente, así que no es fácil conseguir las decentes.	셉티니 골에서 카르카슈를 잡아서 씨앗을 모아 주게.{nl}쉽게 망가져서 온전한 걸 구하기가 쉽지 않아.	QUEST_JOBSTEP_20150323_002202	Please collect the flower alcohol from Doyors at Veja Ravine.{nl}They break easily so it will be hard to get decent ones.	베야 골짜기에서 도요르를 잡아서 꽃술을 모아 주게.{nl}쉽게 망가져서 온전한 걸 구하기가 쉽지 않아.	
QUEST_JOBSTEP_20150714_002620	Bien. Las semillas están bien.{nl}Cuando empieces a aprender de mí, te darás cuenta de lo genial que es esto.	좋군. 씨앗이 부서지지 않았군.{nl}내 밑에서 배우다 보면 자네도 이게 얼마나 굉장한 일인지 알게 될걸세.	QUEST_JOBSTEP_20150323_002203	Good. The flower alcohol is intact.{nl}You will learn from me how great this is.	좋군. 꽃술이 온전히 살아 있어.{nl}내 밑에서 배우다 보면 자네도 이게 얼마나 굉장한 일인지 알게 될걸세.	
QUEST_JOBSTEP_20150714_002621	En fin, bien hecho{nl}. De ahora en adelante, llevémonos bien.	어쨌든 정말 수고했어.{nl}앞으로 주거니 받거니 하면서 잘 지내 보자고.	QUEST_JOBSTEP_20150317_000066	Anyway, you did a good job. {nl}Let's cooperate from now on, teaching and learning from each other. 	어쨌든 정말 수고했어.{nl}앞으로 가르침을 주거니 받거니 하면서 잘 지내 보자고.	새퍼 마스터
QUEST_JOBSTEP_20150714_002622	Estaba buscando un libro. Cuatro libros de Lydia Schaffen.{nl}Si pudieras ayudarme a encontrar esos libros, te permitiré convertirte en Cazador.	책을 찾고 있어요. 리디아 샤펜님의 책 네 권이요.{nl}책을 찾는 일을 도와주신다면 헌터 입문을 허락하겠어요.	QUEST_JOBSTEP_20150317_000067	I'm looking for a book. Four books by Lydia Schaffen. {nl}If you help me find the books, I will teach you my skills. 	책을 찾고 있어요. 리디아 샤펜님의 책 네 권이요.{nl}책을 찾는 일을 도와주신다면 제 기술을 가르쳐 드리겠어요.	헌터 마스터
QUEST_JOBSTEP_20150714_002623	He oído hablar bastante de tus logros{nl}. Aún tienes mucho potencial. Estamos buscando a alguien que pueda encontrar los libros de Lydia Schaffen y has aparecido justo a tiempo. Nos ayudarás, ¿verdad?	자네의 활약은 들었네. 하지만 자네에게는 무궁무진한 가능성이 있어.{nl}마침 리디아 샤펜의 책을 찾아 줄 사람을 찾고 있었는데 잘됐군. 도와 줄거지?	QUEST_JOBSTEP_20150317_000083	Are you the one who wants to learn my skills? {nl}Great, I was just looking for someone to help me find Lydia Schaffen's book. {nl}You're going to help, right? 	내 기술을 배우고 싶다는 사람이 자네인가.{nl}마침 리디아 샤펜의 책을 찾아 줄 사람을 찾고 있었는데 잘됐군. 도와 줄거지?	쿼렐슈터 마스터
QUEST_JOBSTEP_20150714_002624	Bien{nl}. ¡Eso es todo! Como te prometí, te enseñaré habilidades de tirador de alto nivel.{nl}	좋아, 이거야!{nl}약속대로 더 고난이도의 쿼렐슈터 기술을 가르쳐 주지.{nl}	QUEST_JOBSTEP_20150317_000098	Great, it's this one! {nl}I'll teach you the skills of a Quarrel Shooter as promised. {nl}	좋아, 이거야!{nl}약속대로 자네가 더 강해질 수 있도록 쿼렐슈터의 기술을 가르쳐 주지.{nl}	쿼렐슈터 마스터
QUEST_JOBSTEP_20150714_002625	Si quieres aprender las habilidades de Archer, tengo una petición para ti.{nl}Espero que nos ayudes a encontrar los libros de Lydia Schaffen.	아처의 기술을 더 배우고 싶다면 조건이 있어.{nl}리디야 샤펜님의 책 네 권을 찾는 걸 도와주었으면 해.	QUEST_JOBSTEP_20150317_000100	If you want to learn more of my skills, there is a condition. {nl}I want you to help me find the four books by Lydia Schaffen. 	나의 기술을 더 배우고 싶다면 조건이 있어.{nl}리디야 샤펜님의 책 네 권을 찾는 걸 도와주었으면 해.	아처 마스터
QUEST_JOBSTEP_20150714_002626	¡Por fin lo veo con mis propios ojos! ¡Bien hecho! Te enseñaré una nueva habilidad enseguida.{nl}	이걸 드디어 내 눈으로 보게 되다니!{nl}수고했어. 바로 새로운 기술을 가르쳐 줄게.	QUEST_JOBSTEP_20150317_000113	Finally, it's all here. {nl}I'll teach you my skills as promised. 	드디어 모두 모았군.{nl}약속대로 내 기술을 전수해 줄 테니 잘 부탁한다.	아처 마스터
QUEST_JOBSTEP_20150714_002627	Hay libros que deseo coleccionar{nl}. Son los libros de Lydia Schaffen. Si pudieras coleccionarlos, te enseñaré habilidades de Ranger de alto nivel. ¿Qué te parece?	내가 모으려고 하는 책이 있어. 리디아 샤펜의 책이지.{nl}네가 그걸 모아 주면 레인저의 고급 기술들을 전수해 주겠어. 어때?	QUEST_JOBSTEP_20150317_000114	I have some books to collect. They're Lydia Schaffen's books. {nl}I'll teach you my skills if you collect the books. What do you say? 	내가 모으려고 하는 책이 있어. 리디아 샤펜의 책이지.{nl}네가 그걸 모아 주면 내 기술을 전수해 주겠어. 어때?	레인저 마스터
QUEST_JOBSTEP_20150714_002628	El problema es la Maestra Cazadora. No quiero ver la cara de esa mujer.{nl}Así que quiero que le compres el siguiente volumen y pienses en ello como la cuota de tu próxima lección.	문제는 헌터 마스터야. 그런 여자 얼굴 따윈 정말 보고 싶지 않거든.{nl}그러니 네가 수업료라 생각하고 그 여자에게서 다음 권을 사와.	QUEST_JOBSTEP_20150317_000117	The problem is the Hunter Master. I really don't want to see her face. {nl}So you go and get the next book from her. 	문제는 헌터 마스터야. 그런 여자 얼굴 따윈 정말 보고 싶지 않거든.{nl}그러니 네가 수업료라 생각하고 그 여자에게서 다음 권을 사와. 	레인저 마스터
QUEST_JOBSTEP_20150714_002629	Creo que con unas 5.000 monedas de plata debería ser suficiente{nl}. ¿Puedes permitírtelo, verdad?	한 5,000 실버 정도면 되지 않을까 싶네.{nl}이 정도면 대신 내줄 수 있지?	QUEST_JOBSTEP_20150317_000119	I think around 5000 silver will do. {nl}Can you spare that much? 	한 5,000 실버 정도면 되지 않을까 싶네.{nl}이 정도면 대신 내줄 수 있지? 	레인저 마스터
QUEST_JOBSTEP_20150714_002630	Finalmente, los reuní todos. Bien hecho.{nl}Es fácil enseñar, pero es tu responsabilidad seguir bien.	드디어 다 모았군. 정말 수고했어.{nl}가르쳐 주는 거야 쉽지만 따라오는 건 네 재량이야.	QUEST_JOBSTEP_20150317_000127	You finally collected them all. Good work. {nl}I will teach you my skills as promised, but it's your job to keep track and follow along.	드디어 다 모았군. 정말 수고했어.{nl}약속대로 나의 기술을 전수해 주겠다만 따라오는 건 네 재량이야.	레인저 마스터
QUEST_JOBSTEP_20150714_002631	Un escultor necesita ser competente, pero también necesita identificar buenos ingredientes.{nl}Si pudieras traerme el Cristal Azul que estoy buscando, te ayudaré a convertirte en un Dievdirbys.	무릇 조각가란 실력도 중요하지만 재료를 알아보는 눈도 중요하다오.{nl}내가 찾는 푸른 수정을 가져온다면 자네가 딥디르비가 되도록 도와 드리지.	QUEST_JOBSTEP_20150317_000131	A sculptor's talent is important, but so is having an eye for seeing important materials. {nl}I will help you learn my skills if you bring me the blue crystals I'm looking for. 	무릇 조각가란 실력도 중요하지만 재료를 알아보는 눈도 중요하다오.{nl}내가 찾는 푸른 수정을 가져온다면 자네가 내 기술을 익힐 수 있도록 도와 드리지.	조각가 테슬라
QUEST_JOBSTEP_20150714_002632	Finalmente, ya no pareces un novato. Te daré una tarea importante.{nl}Si haces un buen trabajo, te prometo ayudarte a convertirte en un Highlander de siguiente nivel.	드디어 신입 티는 벗게 되었군. 그대에게 중요한 임무를 맡기겠다.{nl}훌륭히 완수한다면 다음 계급의 하이랜더를 약속하지.	QUEST_JOBSTEP_20150317_000134	You want to learn the swordsmanship of a Highlander from me? {nl}I will consider it if you can get cooperation from the Peltastas.	내게 하이랜더의 검법을 전수받고 싶나.{nl}그대가 펠타스타들의 협조를 구해 온다면 고려해 보겠다.	하이랜더 마스터
QUEST_JOBSTEP_20150714_002633	La tarea consiste en recibir ayuda de Peltastas.{nl}Te recibirán con los brazos abiertos si puedes traer cortezas de árboles gruesas de Mentiwood de Septyni Glen.	펠타스타의 협조를 구하는 일이다.{nl}셉티니 골에서 멘티우드의 성긴 나무 껍질이라면 그들도 반길 것이다.	QUEST_JOBSTEP_20150323_002216	Please support us with the 5 tree skins as compensation for our help.{nl}Tipios at Veja Ravine will be enough.	협조를 구하는 댓가로 방패를 만들 성긴 나무 껍질 5개를 지원해 주게.{nl}베야 골짜기의 티피오 정도면 충분하겠지.	
QUEST_JOBSTEP_20150714_002634	Has hecho un buen trabajo completando la misión.{nl}La reconstrucción del reino no estará lejos si nosotros, los amos, mantenemos una relación estrecha.	그대는 훌륭하게 임무를 마쳤다.{nl}이렇게 마스터간의 결속을 다지다 보면 왕국의 재건도 머지않을 것이다.	QUEST_JOBSTEP_20150317_000138	If the Masters unite, it won't be long until the kingdom rises again. {nl}You did a good job. I will teach you my swordsmanship.	이렇게 마스터간의 결속을 다지다 보면 왕국의 재건도 머지않을 것이다.{nl}그대가 훌륭히 임무를 완수하였으니 나의 검법을 전수해 주겠다.	하이랜더 마스터
QUEST_JOBSTEP_20150714_002635	Parece que estás listo para pasar al siguiente nivel Peltasta.{nl}Bien, pero debes completar bien la tarea para recibir el aprendizaje.	당신은 다음 단계의 펠타스타로 나아갈 준비가 되어 보이는군요.{nl}좋습니다. 단, 임무를 완벽히 수행하셔야 가르침을 받을 자격을 얻을 수 있습니다.	QUEST_JOBSTEP_20150323_002217	Peltastas once received help from the Highlander Master before.{nl}If you want to be a member of Peltastas, you should commence the duty to compensate for the help.	일전에 하이랜더 마스터께 도움을 받은 적이 있지요.{nl}당신도 펠타스타의 일원이 되고자 하신다면 보답의 도리를 다 할 의무가 있습니다.	펠타스타 마스터
QUEST_JOBSTEP_20150714_002636	Una vez recibí ayuda del Maestro Highlander.{nl}Nosotros, los Peltastas, valoramos más los derechos morales que los humanos deberían respetar.	하이랜더 마스터껜 도움을 받은 적이 있지요.{nl}우리 펠타스타는 인간으로서 지켜야 할 도리를 가장 중요하게 여깁니다.	QUEST_JOBSTEP_20150317_000144	We, Peltastas, consider our duties as humans to be most important. 	우리 펠타스타는 인간으로서 지켜야 할 도리를 가장 중요하게 여깁니다.	펠타스타 마스터
QUEST_JOBSTEP_20150714_002637	Me alegra saber que al Maestro Highlander le gustó.{nl}Ahora, ven a verme cuando quieras.	하이랜더 마스터가 마음에 들어했다니 다행입니다.{nl}자. 언제든 제게 찾아오십시오.	QUEST_JOBSTEP_20150323_002219	It's good to hear that the Highlander Master liked it.{nl}As I promised to you, I will let you learn the lessons of Peltasta.	하이랜더 마스터가 마음에 들어했다니 다행입니다.{nl}약속대로 펠타스타의 가르침을 받도록 허락하지요.	펠타스타 마스터
QUEST_JOBSTEP_20150714_002638	Recoge las uñas de los pies de los mordedores en Septyni Glen y entrégaselas al Maestro Highlander.{nl}Creo que esa tarea debería ser apropiada para ti.	셉티니 골에서 비테로스의 발톱을 모아 하이랜더 마스터님께 전해주십시오.{nl}그 정도라면 당신에게도 적당한 임무라고 생각합니다.	QUEST_JOBSTEP_20150323_002220	I heard that the Highlander Master is looking for the toe nails of Beetow.{nl}I think this duty will be adequate for you.	듣자하니 하이랜더 마스터께선 비토우의 발톱을 찾으신다는군요.{nl}그 정도라면 당신에게도 적당한 임무라고 생각합니다.	
QUEST_JOBSTEP_20150714_002639	No es difícil enseñarte magia de alto nivel... pero deberías ayudarme antes de que te la enseñe{nl}. Debería recolectar las energías de fuego que se necesitan para la investigación, pero simplemente no tengo tiempo para eso.	고급 마법을 가르쳐 주는 거야 어렵지 않다만.. 그 전에 날 좀 도와줘야겠어.{nl}연구에 필요한 불의 기운을 모아야 하는데 도무지 짬이 나질 않아.	QUEST_JOBSTEP_20150317_000151	I need to gather the energy of fire for my research, but I just don't have time. {nl}If you gather it for me, I will help you learn the magic of Pyromancers.	연구에 필요한 불의 기운을 모아야 하는데 도무지 짬이 나질 않아.{nl}네가 그걸 모아 준다면 파이로맨서의 마법을 익힐 수 있도록 도와줄게.	파이로맨서 마스터
QUEST_JOBSTEP_20150714_002640	El libro que busco es muy valioso.{nl}Si pudieras encontrar ese libro para mí, te ayudaré a aprender nueva magia del Criomante.	제가 찾고 있는 귀한 책이 있습니다.{nl}그 책을 찾아 주신다면 크리오맨서의 새로운 마법을 익힐 수 있도록 도와드리지요.	QUEST_JOBSTEP_20150317_000154	There is an important book that I'm looking for. {nl}If you get me that book, I will help you learn the magic of Cryomancers. 	제가 찾고 있는 귀한 책이 있습니다.{nl}그 책을 찾아다 주신다면 그대가 크리오맨서의 마법을 익힐 수 있도록 도와드리겠어요.	크리오맨서 마스터
QUEST_JOBSTEP_20150714_002641	Un verdadero Krivis debe ser humilde y hacer ofrendas a las diosas.{nl}Debes orar y hacer ofrendas a cada estatua de la diosa en el Bosque de Siauliai.{nl}	무릇 참된 크리비란 성직자로서 자신을 낮추고 여신께 봉헌해야 하네.{nl}샤울레이 숲의 모든 여신상에게 봉헌 기도를 드리는 것으로 말일세.{nl}	QUEST_JOBSTEP_20150317_000163	A Krivis should be free from the constraints of humans and dedicate themselves to the clergy. {nl}This is done by offering dedication prayers to all the Goddess Statues in Siauliai. {nl}	무릇 크리비란 인간의 굴레를 벗고 성직자로서 자신을 봉헌해야 하네.{nl}샤울레이 숲의 모든 여신상에게 봉헌 기도를 드리는 것으로 말일세.{nl}	크리비 마스터
QUEST_JOBSTEP_20150714_002642	Puedo sentir que estás lleno de bendiciones de las diosas.{nl}Hermano, te guiaré por el camino de un verdadero Krivis.	그대에게서 여신의 은혜가 충만함이 느껴지는군.{nl}형제여, 참된 크리비의 길로 인도해 주겠네.	QUEST_JOBSTEP_20150317_000165	I can feel that you are full of the goddess' blessings. {nl}Welcome to your new life as a Krivis. 	그대에게서 여신의 은혜가 충만함이 느껴지는군.{nl}형제여, 크리비로서 새로 태어남을 환영하네.	크리비 마스터
QUEST_JOBSTEP_20150714_002643	Según un viejo dicho, quienes buscan la muerte vivirán.{nl}Primero debes comprender el significado de este dicho antes de que te explique más.	옛 말에 이르길, 죽기로 싸우면 살 것이라 하였지.{nl}네가 이 말의 뜻을 깨닫게 되어야 가르침을 계속 줄 수 있을 것 같구나.	QUEST_JOBSTEP_20150317_000167	An old saying goes, fight to the death and you will survive. {nl}I will be able to teach you if you come to realize what it means. 	옛 말에 이르길, 죽기로 싸우면 살 것이라 하였지.{nl}네가 이 말의 뜻을 깨닫게 되어야 널 가르칠 수 있을 것 같구나.	소드맨 마스터
QUEST_JOBSTEP_20150714_002644	Si es así, lucha contra Carcashus en Septyni Glen.{nl}Aprenderás algo de ello.	그렇다면 셉티니 골의 카르카슈와 싸워 보려므나.{nl}그 과정에서 깨달음을 얻을 수 있을 게다.	QUEST_JOBSTEP_20150323_002222	If that's the case, fight against Beetow at Veja Ravine.{nl}You will realize something from it.	그렇다면 베야 골짜기의 비토우와 싸워 보려므나.{nl}그 과정에서 깨닳음을 얻을 수 있을 게다.	
QUEST_JOBSTEP_20150714_002645	Lo más importante para un verdadero sacerdote es confiar en las diosas y demostrárselo.{nl}Por favor, exorciza al espíritu maligno de un soldado en nombre de las diosas.	참된 프리스트에게 가장 중요한 것은 여신을 믿고 증명하는 것입니다.{nl}악령에 빙의된 병사를 여신의 이름으로 퇴마하십시오.	QUEST_JOBSTEP_20150317_000171	The most important thing for a Priest is to believe in the goddess, and prove it. {nl}Exorcise the soldiers possessed with evil spirits in the name of goddess. 	프리스트에게 요구되는 가장 중요한 것은 여신을 믿고 증명하는 것입니다.{nl}악령에 빙의된 병사를 여신의 이름으로 퇴마하십시오.	프리스트 마스터
QUEST_JOBSTEP_20150714_002646	Puedes aprender magia de alto nivel después de ayudarme primero con mi investigación.{nl}Veamos si estás calificado para aprenderla después de ayudarme primero.	고급 마법을 배우는 건 내 연구를 도와 준 다음의 일이야.{nl}소질에 대한 문제는 그 후에 얘기해.	QUEST_JOBSTEP_20150317_000174	Learning magic from me comes after helping my research. {nl}Let's talk about the talent problem afterwards. 	내게 마법 수업을 받는 건 내 연구를 도와 준 다음의 일이야.{nl}소질에 대한 문제는 그 후에 얘기하자고.	위저드 마스터
QUEST_JOBSTEP_20150714_002647	Primero, consígueme el Cuerno de Glizardon de la Iglesia Tenet B1, la Pluma de Galok de la 1{nl}F y los Fragmentos de Egnomo de la 2F. Gracias.	먼저 테넷 성당 지하 1층의 글리자돈의 뿔, 지상 1층의 갈록의 털.{nl}그리고 지상 2층의 이노움의 파편을 가져다 줘. 그럼 부탁할게.	QUEST_JOBSTEP_20150323_002223	First, please bring Glizardon's bone from the 1st basement and Galok's hair from the 1st floor of Tenet Church.{nl}And also bring me the fragments of Egnome from the 2nd floor. Okay then I am counting on you.	먼저 테넷 성당 지하 1층의 글리자돈의 뼈, 지상 1층의 갈록의 털.{nl}그리고 지상 2층의 이노움의 파편을 가져다 줘. 그럼 부탁할게.	위저드 마스터
QUEST_JOBSTEP_20150714_002648	Bien hecho{nl}. Hemos recopilado buenos documentos como resultado. Como hemos completado con éxito la investigación urgente, comencemos la lección de nuevo.	수고했어. 덕분에 좋은 자료가 모인 것 같아.{nl}급한 연구는 무사히 마쳤으니 다시 수업을 시작해보자.	QUEST_JOBSTEP_20150317_000180	Good work. I've gathered some useful data with your help. {nl}My research is complete so you can come to train anytime.	수고했어. 덕분에 좋은 자료가 모인 것 같아.{nl}연구는 무사히 마쳤으니 언제든지 수련을 받으러 와도 좋아. 	위저드 마스터
QUEST_JOBSTEP_20150714_002649	Como clérigo, creo que la forma más efectiva de acercarse a la diosa es la dedicación.{nl}Si pudieras ayudarme a curar a los soldados en la Mina de Cristal, con mucho gusto te ayudaré.	클레릭으로써 여신께 가장 가까히 다가가는 방법은 봉사라고 생각합니다.{nl}광산 마을의 병사들을 치료하는 것을 도와주신다면 기꺼이 도와드리겠습니다.	QUEST_JOBSTEP_20150317_000181	You must have come to learn the faith of Clerics. {nl}I will teach you if you help by treating the injured soldiers of Miners' Village. 	클레릭의 신앙에 대해 배우러 오셨군요.{nl}광산 마을의 병사들을 치료하는 것을 도와주신다면 가르쳐 드리겠습니다.	클레릭 마스터
QUEST_JOBSTEP_20150714_002650	Puedes usar el agua divina tanto como quieras en nombre del Maestro Clérigo.{nl}Es tan amable, le tengo envidia.	클레릭 마스터님의 이름이라면 성수는 얼마든지 가져다 쓰십시오.{nl}그분은 어찌나 아름다운 마음씨를 가지셨는지, 이 늙은 사제의 질투를 불러온답니다.	QUEST_JOBSTEP_20150317_000184	If it's for the Cleric Master, take as much holy water as you need. {nl}She has a beautiful heart that even this old priest would envy. 	클레릭 마스터님의 이름이라면 성수는 얼마든지 가져다 쓰십시오.{nl}그분은 어찌나 아름다운 마음씨를 가지셨는지, 이 늙은 사제의 질투를 불러온답니다. 	크리비 마스터
QUEST_JOBSTEP_20150714_002651	Cuando recibas el agua divina de los Maestros, quiero que también les transmitas mis saludos.	마스터님들께 성수를 받아 오시는 김에 제 안부도 전해 드렸으면 합니다.	QUEST_JOBSTEP_20150317_000186	Please send them my regards while you get holy water from the masters. 	마스터님들께 성수를 받아 오시는 김에 제 안부도 전해 드렸으면 합니다. 	클레릭 마스터
QUEST_JOBSTEP_20150714_002652	Bien hecho.{nl}Puede que no sea lo suficientemente competente, pero ayudaré con lo mejor que pueda para que puedas estar más cerca de las diosas.	수고하셨습니다.{nl}부족한 몸이나마, 당신이 여신께 더욱 가까히 갈 수 있도록 힘껏 도와드리겠습니다.	QUEST_JOBSTEP_20150317_000188	Good job. {nl}I will teach you the faith of Clerics, as promised. 	수고하셨습니다.{nl}약속대로 클레릭의 신앙에 대해 가르쳐 드리겠습니다.	클레릭 마스터
QUEST_JOBSTEP_20150714_002653	Si yo fuera tu lanza, sería muy feliz.{nl}Bien. ¿Estás listo para convertirte en el dueño de la lanza?	제가 만약 당신의 창이라면 정말 행복할 것 같군요.{nl}좋습니다. 그 창에게 걸맞는 주인이 될 준비는 되셨습니까?	QUEST_JOBSTEP_20150317_000191	That's great. {nl}Alright. You have what it takes to learn spearmanship from me. 	정말 훌륭하군요. {nl}좋습니다. 당신은 제게 창술을 배울 충분한 자격이 있습니다. 	하플라이트 서브 마스터
QUEST_JOBSTEP_20150714_002654	Bien.{nl}Por favor, muéstrame la lanza que está completada al nivel 6.	좋습니다.{nl}제게 6단계로 강화된 창을 만들어 보여 주세요.	QUEST_JOBSTEP_20150317_000192	Alright. {nl}If you want my recognition, show me a spear upgraded to level 6.{nl}	좋습니다.{nl}제게 인정받고 싶다면 6단계로 강화된 창을 만들어 보여 주세요. {nl}	하플라이트 서브 마스터
QUEST_JOBSTEP_20150714_002655	La realidad se mueve como la imagino{nl}. ¡Solo los pensamientos lo hacen posible! Su poder difiere según la confianza que uno deposite en sí mismo...{nl}	현실이 내가 생각한 대로 움직여진다. 오로지 생각으로만 그걸 가능케 한다!{nl}자신의 힘을 얼마나 믿고 있는지에 따라 그 세기도 달라지는 거고..{nl}	QUEST_JOBSTEP_20150323_002224	Reality changes as I wish. And it becomes possible just by thinking!{nl}That's called super natural power.{nl}The amount of the power depends on how one belives in his power...{nl}	현실이 내가 생각한 대로 움직여진다. 오로지 생각으로만 그걸 가능케 한다!{nl}그런 게 바로 초능력이란다.{nl}자신의 힘을 얼마나 믿고 있는지에 따라 그 세기도 달라지는 거고..{nl}	사이코키노 마스터
QUEST_JOBSTEP_20150714_002656	Eso se llama poder sobrenatural.{nl}De acuerdo. Si pudieras ayudarme con mi tarea, te ayudaré para que puedas mostrar tus verdaderas habilidades.	그런 게 바로 초능력이란다.{nl}자. 내 일만 도와준다면 자네의 진짜 재능을 발휘할 수 있도록 도와주겠어.	QUEST_JOBSTEP_20150323_002225	Okay, so you want to be a Psychokino?{nl}If you could help my work a bit, I will help you find your hidden abilities.	자. 사이코키노를 지망한다고 했지?{nl}내 일만 조금 도와준다면 자네에게 감춰진 진짜 재능을 발휘할 수 있도록 도와주겠어.	사이코키노 마스터
QUEST_JOBSTEP_20150714_002657	Me pides que te ayude a convertirte en el mejor tirador de Quarrel, tienes una ambición muy alta. {nl}Me alegra oír eso. Yo también estaba buscando a alguien que pudiera ayudarme.	최고의 쿼렐슈터가 되게 도와달라니 자네는 참 욕심도 많군. {nl}마침 잘 됐어. 나도 날 도와 줄 친구를 찾고 있었거든.	QUEST_JOBSTEP_20150317_000197	You want to learn Quarrel Shooter Skills from me? {nl}Right on time. I was also looking for someone to help me.	내게 쿼렐슈터의 기술을 전수받고 싶다고?{nl}이거 마침 잘 됐군. 나도 날 도와 줄 친구를 찾고 있었거든.	쿼렐슈터 마스터
QUEST_JOBSTEP_20150714_002658	Oh, así que este es el mapa{nl}. Bien hecho. Creo que puedes superarme.	오, 이게 그 지도란 말인가. 수고했네.{nl}이러다가 자네가 날 뛰어넘는 건 아닌가 모르겠어.	QUEST_JOBSTEP_20150317_000202	Oh, is this the map? Good job. {nl}I'll teach you my skills as promised. 	오, 이게 그 지도란 말인가. 수고했네.{nl}약속대로 내 기술을 가르쳐 주도록 하지.	쿼렐슈터 마스터
QUEST_JOBSTEP_20150714_002659	Es una tontería oír que quieres ser el mejor Ranger{nl}. Pero está bien. Si pudieras ayudarme, ese sueño podría no ser solo un sueño.	최고의 레인저가 되고 싶다니 꿈도 야무지군.{nl}하지만 좋아. 날 도와준다면 꿈이 아니게 해 줄수도 있어.	QUEST_JOBSTEP_20150317_000211	You want to learn the skill of a Ranger from me? {nl}Okay. If you help me, I'll consider it depending on how you do. 	나에게 레인저의 기술을 배우고 싶다고?{nl}좋아. 날 도와준다면 그 성과에 따라서 널 받아들일지 생각해 보겠어.	레인저 마스터
QUEST_JOBSTEP_20150714_002660	Esta fragancia... Sí. Esta es de Evoniphon.{nl}Con esto bastará. ¿Empezamos la lección de nuevo?	이 향기.. 그래. 에보니폰의 것이 맞아.{nl}이거면 충분해. 다시 수업을 시작해 볼까?	QUEST_JOBSTEP_20150317_000220	This scent... yes, it's Evoniphon's.{nl}This will be enough. I will teach you my skills as promised. 	이 향기.. 그래. 에보니폰의 것이 맞아.{nl}이거면 충분해. 약속대로 나의 기술을 가르쳐 주지.	레인저 마스터
QUEST_JOBSTEP_20150714_002661	Entonces, el mejor es Sapper, ¿verdad? Pero no puedes convertirte en él gratis{nl}. Deberías hacerme un favor.	여어. 역시 다른 것보다도 새퍼가 최고지?{nl}하지만 맨입으론 어림없고 심부름을 하나 해 줘야겠어. {nl}	QUEST_JOBSTEP_20150317_000223	Hey, if you came here to be stronger, you've come to the right place. {nl}But you can't have it for nothing. You have to do me a favor. {nl}	여어. 더욱 강해지고 싶어서 찾아온 거라면 잘 찾아왔어.{nl}하지만 맨입으론 어림없고 심부름을 하나 해 줘야겠어. {nl}	새퍼 마스터
QUEST_JOBSTEP_20150714_002662	En fin, bien hecho.{nl}Si quieres aprender nuevas habilidades, ven a verme cuando quieras.	어쨌든 수고했어.{nl}새로운 기술을 배우고 싶다면 언제든지 찾아와도 좋아.	QUEST_JOBSTEP_20150317_000230	Anyways, Thanks. {nl}You can come back anytime if you want to learn my skills. 	어쨌든 수고했어.{nl}내 기술을 배우고 싶다면 언제든지 찾아와도 좋아.	새퍼 마스터
QUEST_JOBSTEP_20150714_002663	Puedo ver una luz más fuerte en ti.{nl}Por favor, consígueme la tarjeta que pudiste obtener del monstruo fuerte.	당신에게선 좀 더 강력한 빛이 보이는군요.{nl}어서 제게 강력한 몬스터에게 얻을 수 있는 카드를 가져다주세요.{nl}	QUEST_JOBSTEP_20150317_000231	You want to learn about the Bokors? {nl}Then first, get me a card from a powerful monster out there. 	보코르에 대해 자세히 배우고 싶으시다고요.{nl}그렇다면 먼저 강력한 몬스터에게 얻을 수 있는 카드를 가져다주세요. 	보코르 마스터
QUEST_JOBSTEP_20150714_002664	A veces, el cruel destino puede llevarte a un futuro oscuro.{nl}Deseo que las diosas te guíen a salvo mientras caminas por el camino de Bokor que has elegido.	때로는 정해진 가혹한 숙명이 어두운 미래로 이끌어 갈 수도 있습니다.{nl}그대가 걷는 보코르의 길이 여신께서 안전하게 인도해 주기를..	QUEST_JOBSTEP_20150317_000234	Sometimes the destined, harsh fate can lead to a dark future. {nl}I will lead you through the path of the Bokor as promised. 	때로는 정해진 가혹한 숙명이 어두운 미래로 이끌어 갈 수도 있습니다.{nl}약속대로 당신을 보코르의 길로 인도해 드리지요.	보코르 마스터
QUEST_JOBSTEP_20150714_002665	Es una historia completamente diferente simplemente esculpir desde un nuevo escenario.{nl}Por supuesto, podría ayudarte un poco.	단순히 조각을 할 줄 아는 것과 새로운 경지를 개척하는 건 전혀 다른 얘기라오.{nl}물론 어느 정돈 내가 도와줄 수 있소만..{nl}	QUEST_JOBSTEP_20150317_000235	I'm looking for a cat that can model but I'm old and it's not easy. {nl}Bring a suitable cat and I'll teach you my skills. 	모델이 되어 줄 고양이를 찾고 있는데 나이 때문에 여간 힘든게 아니라오.{nl}적당한 고양이만 데려와 준다면 내 기술을 가르쳐 드리리다.	조각가 테슬라
QUEST_JOBSTEP_20150714_002666	Estoy buscando un gato que pueda ser modelo, pero es muy difícil debido a mi avanzada edad.{nl}Sería genial si pudieras traerme un gato adecuado.{nl}	모델이 되어 줄 고양이를 찾고 있는데 나이 때문에 여간 힘든게 아니라오.{nl}자네가 적당한 고양이만 데려와 준다면 참 좋을텐데.{nl}				조각가 테슬라
QUEST_JOBSTEP_20150714_002667	¿Ya estás en la etapa de aprender magia de alto nivel? {nl}Como compensación por enseñarte, tengo un favor que pedirte.	벌써 고위 마법을 배울 단계인건가? {nl}가르쳐주는 대가로 네가 해주었으면 하는 일이 있어.{nl}	QUEST_JOBSTEP_20150317_000245	I want you to do something in return for learning magic from me. {nl}It's simple but a little dangerous. Would you like to give it a try? {nl}	내게 마법을 배우는 대가로 네가 해주었으면 하는 일이 있어.{nl}단순한 일이긴 한데 조금 위험해서 말야. 도전해 볼래?{nl}	파이로맨서 마스터
QUEST_JOBSTEP_20150714_002668	Es simple, pero un poco peligroso{nl}. ¿Quieres desafiarlo?	단순한 일이긴 한데 조금 위험해서 말야. {nl}도전해 볼래?				파이로맨서 마스터
QUEST_JOBSTEP_20150714_002669	Simplemente coloca esta olla en Ramstis Ridge.{nl}El problema es la Chapparition allí... Pero tú serías suficiente para derrotarla.	람스티스 협곡에 이 항아리를 놓고 오기만 하면 돼.{nl}문제는 그 자리에 버티고 있는 채퍼리션인데.. 너 정도면 쉽게 상대할 수 있을 거야.	QUEST_JOBSTEP_20150414_002558	Just put the pot on the ground of Ramstis Ridge.{nl}The problem will be Chapparition there...but, I think you are competent enough to face it.	람스티스 협곡에 이 항아리를 놓고 오기만 하면 돼.{nl}문제는 그 자리에 버티고 있는 채퍼리션인데.. 너 정도면 분명 상대할 수 있을 거야.	파이로맨서 마스터
QUEST_JOBSTEP_20150714_002670	Bien hecho{nl}. Ahora, ¿esta será la última lección...?	수고했어.{nl}이제 마지막 수업일까나..	QUEST_JOBSTEP_20150317_000248	Good work. {nl}I will teach Pyromancy as promised. {nl}	수고했어. {nl}약속대로 파이로맨서의 마법을 가르쳐 줄게.{nl}	파이로맨서 마스터
QUEST_JOBSTEP_20150714_002671	Te puedo prometer un nivel de poder superior si fuera yo.{nl}Pero, por supuesto, debes pagar la tarifa de la lección.	저라면 당신께 지금보다도 더 높은 경지의 힘을 약속드릴 수 있습니다.{nl}물론, 그에 따른 수업료는 주셔야겠지요.	QUEST_JOBSTEP_20150317_000249	I can promise you a higher level of strength. {nl}Of course, it won't come for free.	저라면 당신께 더 높은 경지의 힘을 약속드릴 수 있습니다.{nl}물론, 그에 따른 수업료는 주셔야겠지요.	크리오맨서 마스터
QUEST_JOBSTEP_20150714_002672	Desde el primer piso del Mausoleo Real, por favor tráeme pieles duras de Varvs y cuernos rígidos de Zinutekas.{nl}No será difícil ya que eres mi discípulo.	왕릉 1층에서 바브의 딱딱한 껍질과 지누테카스의 단단한 뿔을 구해 오세요.{nl}나의 제자이니 어려운 일은 아닐 겁니다.	QUEST_JOBSTEP_20150323_002241	Please bring me Hogma Shamans and Canines of Guards at Plateau of Rex.{nl}It won't be hard or you.{nl}	왕의 고원의 호그마 주술사와 파수꾼의 송곳니를 구해 오세요.{nl}당신 정도라면 어려운 일은 아닐 겁니다.{nl}	크리오맨서 마스터
QUEST_JOBSTEP_20150714_002673	Bien hecho.{nl}Te ayudaré a convertirte en Maestro Criomante.	수고하셨습니다.{nl}크리오맨서의 끝을 볼 수 있도록 도와드리지요.	QUEST_JOBSTEP_20150317_000251	Well done. {nl}I'll help you become stronger.	수고하셨습니다.{nl}그대가 더욱 강해질 수 있도록 도와드리지요.	크리오맨서 마스터
QUEST_JOBSTEP_20150714_002674	Cataphract. {nl}No estoy seguro de que eso sea adecuado para ti.	캐터프랙트라. {nl}자네에게 그게 어울릴지는 잘 모르겠는데.	QUEST_JOBSTEP_20150317_000262	Cataphract...{nl}I'm not sure if you have the strength to learn.	캐터프랙트라. {nl}자네에겐 그걸 배울만한 힘이 있는진 잘 모르겠는데.	캐터프랙트 마스터
QUEST_JOBSTEP_20150714_002675	Un verdadero Cataphract es el guerrero que lucha en el frente.{nl}Si algo obstruye el camino de un Cataphract, simplemente destrúyelo.{nl}Ah, acabo de recordar algo.	진짜 캐터프랙트는 누구보다 앞에 나서서 싸우는 전사이지.{nl}하고자 하는 일에 방해되는 건 전부 뚫어버리면 되는 거야.{nl}마침 적당한 게 하나 떠올랐군.	QUEST_JOBSTEP_20150323_002243	Cataphract is a warrior who stands in front of anyone and fight.{nl}If there are barriers in the way, just penetrate into them.{nl}I came with a good idea.	캐터프랙트는 누구보다 앞에 나서서 싸우는 전사이지.{nl}하고자 하는 일에 방해되는 건 전부 뚫어버리면 되는 거야.{nl}마침 적당한 게 하나 떠올랐군.	캐터프랙트 마스터
QUEST_JOBSTEP_20150714_002676	Escuché que unos monstruos llamados Biteregina atacan a los turistas en Mannacle Grave.{nl}Si pudieras derrotarlos, te enseñaré qué es el verdadero Cataphract.	비테레지나라는 몬스터가 매너클 묘지에서 여행객들을 습격한다나봐.{nl}그 몬스터를 꿰뚫어버리고 온다면 진짜 캐터프랙트가 뭔지 가르쳐 주지.	QUEST_JOBSTEP_20150414_002559	I heard a monster called Biteregina attacks travelers at the Owl Burial Ground.{nl}If you could defeat that monster, I will acknowledge your skills.	비테레지나라는 몬스터가 매너클 묘지에서 여행객들을 습격한다나봐.{nl}그 몬스터를 흠씬 두들겨준다면 너의 실력을 인정해주겠어.	캐터프랙트 서브 마스터
QUEST_JOBSTEP_20150714_002677	Sabía que lo harías.{nl}Será difícil de ahora en adelante, así que sígueme bien.	역시 내가 사람 보는 눈은 있어.{nl}이전보다 더 힘겨울 테니 잘 따라오라고.	QUEST_JOBSTEP_20150323_002245	Contratulations for passing the test.{nl}My lessons are strict so I hope you follow well.	시험에 통과한 것을 축하하네.{nl}내 가르침은 엄격하니까 잘 따라오라고.	캐터프랙트 서브 마스터
QUEST_JOBSTEP_20150714_002678	Solo las batallas pueden hacernos fuertes.{nl}¡Si quieres ser un verdadero bárbaro, demuéstralo!	전투만이 우릴 강하게 만들어준다.{nl}진짜 바바리안이 되고 싶다면 네 자격을 증명해라!	QUEST_JOBSTEP_20150317_000281	Only combat makes us stronger. {nl}Prove yourself if you want to learn from me!	전투만이 우릴 강하게 만들어준다.{nl}내게 가르침을 받고 싶다면 네 자격을 증명해라!	바바리안 마스터
QUEST_JOBSTEP_20150714_002679	Nuestro método es simple{nl}. Estás cualificado si estás vivo, y no lo estás si estás muerto. Estás más que cualificado puesto que vivo.	우리의 방식은 단순하다. 살아있으면 자격이 있는 거고, 죽으면 없는 거지.{nl}넌 살아 있으니 자격은 충분하다.	QUEST_JOBSTEP_20150317_000282	Our ways are simple. {nl}If you live, you have what it takes and if not, you don't. {nl}Since you are alive, you are worth it.	우리의 방식은 단순하다.{nl}살아있으면 자격이 있는 거고, 죽으면 없는 거지.{nl}넌 살아 있으니 자격은 충분하다.	바바리안 마스터
QUEST_JOBSTEP_20150714_002680	Síganme al norte del campamento base{nl}. Allí revisaré sus fuerzas.	캠프 거점 위로 따라와라.{nl}너의 실력은 그곳에서 확인하겠다.				바바리안 마스터
QUEST_JOBSTEP_20150714_002681	No está aquí, está al norte del campamento base.	여기 말고. 캠프 거점 위쪽이다.				바바리안 마스터
QUEST_JOBSTEP_20150714_002682	Ahora es el momento de mejorar las cualidades de Manas que posees como Linker.{nl}Cualquier magia está bien. Te pondré a prueba en un duelo.	이제 당신이 링커로써 가지고 있는 마나의 질을 더 높일 때에요.{nl}어떤 마법이든 상관없어요. 대련을 통해 당신을 직접 시험해 보죠.	QUEST_JOBSTEP_20150317_000283	If you're qualified, I'll take your mana to the next level as a Linker. {nl}It doesn't matter which magic it is. I'll test you through a duel.	자격이 충분하다면 링커로서 당신의 마나의 질을 더 높여드리지요.{nl}어떤 마법이든 상관없어요. 대련을 통해 당신을 직접 시험해 보죠.	링커 마스터
QUEST_JOBSTEP_20150714_002683	Los cazadores solo hablan en términos de arcos. {nl}Me adaptaré a tu nivel, así que si quieres ser un cazador más fuerte, intenta derrotarme.	헌터는 오로지 활로만 말합니다.{nl}당신의 수준에 맞춰 드릴 테니 더 강한 헌터를 원한다면 절 꺾어보시죠.	QUEST_JOBSTEP_20150317_000285	Hunters talk only with arrows. {nl}I will tone it down to your level so if you want to learn from me, {nl}you have to overcome me.	헌터는 오로지 활로만 말합니다.{nl}당신의 수준에 맞춰 드릴 테니 저에게 가르침을 받고 싶다면 절 꺾어보시죠.	헌터 마스터
QUEST_JOBSTEP_20150714_002684	El nivel más alto de Highlander..{nl}. Parece que aún dudas. Pero no dudar también es parte del camino del Highlander. ¿Estás listo?	가장 최상위의 하이랜더라.. 아직 망설임이 보이는 듯 싶군.{nl}허나 망설임을 베는 것도 하이랜더의 길이다. 준비가 되었는가?	QUEST_JOBSTEP_20150317_000287	You must have strength if you want to learn the Highlander's sword. {nl}Show me what you have. {nl}{nl}	하이랜더의 검을 배우겠다면 그만큼의 실력도 갖추어져야 한다.{nl}내게 그대의 실력을 보여라.{nl}{nl}	하이랜더 마스터
QUEST_JOBSTEP_20150714_002685	Responde con un escudo sin evitar los ataques enemigos.{nl}La valentía es la cualidad más importante en Peltastas.	적의 공격을 피하지 않고 그에 맞춰서 방패로 대응하는 것.{nl}용맹함이야말로 펠타스타의 가장 중요한 자질입니다.{nl}	QUEST_JOBSTEP_20150323_002247	The most important attribute Peltasta considers valuable is courage.{nl}Since Peltasta shouldn't avoid enemies' attacks and block them with their shields.	펠타스타는 담력을 제일 중요하게 여깁니다.{nl}적의 공격을 피하지 않고 방패로 막아내야 하기 때문이지요.{nl}	펠타스타 마스터
QUEST_JOBSTEP_20150714_002686	Puedo abrirte el camino para que te conviertas en el Peltasta de más alto nivel.{nl}Pero también debes demostrarme tu valentía.	저는 당신에게 가장 높은 경지의 펠타스타가 되는 길을 열어드릴 수 있습니다.{nl}하지만 당신도 그에 걸맞는 용맹을 보여 주셔야겠지요.	QUEST_JOBSTEP_20150323_002248	Before you learn lessons from me, you should show me how brave you are.{nl}	제게 가르침을 받기 전에 당신이 얼마나 대범한지를 보여주셔야겠습니다.{nl}	펠타스타 마스터
QUEST_JOBSTEP_20150714_002687	Ahora es el momento, hermano. La sinceridad es el poder de Krivis. {nl} Demuestra la sinceridad que has acumulado hasta ahora batiéndote en duelo contra mí.	때가 되었네, 형제여. 신실함은 곧 크리비의 힘일세.{nl}여태껏 쌓아 온 그대의 신실함을 대련으로써 증명하게.	QUEST_JOBSTEP_20150317_000293	Sincerity is the strength of a Krivis. {nl}Prove your sincerity through a duel with me.	형제여. 신실함은 곧 크리비의 힘일세.{nl}그대의 신실함을 대련으로써 증명하게.	크리비 마스터
QUEST_JOBSTEP_20150714_002688	Tu sinceridad es como el rígido poste de piedra.{nl}Te ayudaré a alcanzar un nivel superior.	형제의 신실함은 굳건한 돌기둥과 같구려.{nl}내 기꺼이 더 높은 경지로 인도해 드리겠네.	QUEST_JOBSTEP_20150317_000295	Your sincerity is as firm as stone pillars. {nl}I'll lead you to a higher level as promised.	형제의 신실함은 굳건한 돌기둥과 같구려.{nl}약속대로 더 높은 경지로 인도해 드리겠네.	크리비 마스터
QUEST_JOBSTEP_20150714_002689	La devoción de los sacerdotes no cambiará bajo ninguna circunstancia{nl}. Pondré a prueba si tu devoción se mantendría firme incluso en las peores circunstancias batiéndome en duelo contigo.	가장 고결한 프리스트란 어떤 상황에서도 신앙심에 흔들림이 없어야 합니다.{nl}당신의 신앙심이 극한의 상황 속에서도 굳건할 수 있을지 대련으로 시험하겠습니다.{nl}	QUEST_JOBSTEP_20150317_000296	The faith of a Priest should be unshakable no matter what. {nl}I will test you to see how strong your faith is through a duel. {nl}	프리스트는 어떤 상황에서도 신앙심에 흔들림이 없어야 합니다.{nl}당신의 신앙심이 극한의 상황 속에서도 굳건할 수 있을지 대련으로 시험하겠습니다.{nl}	프리스트 마스터
QUEST_JOBSTEP_20150714_002690	Deja de lado tus dudas y llena tu corazón con las bendiciones de las diosas.{nl}Con estas bendiciones, te ayudaré a alcanzar el nivel más alto.	주저함을 버리시고 여신의 은총으로 채우십시오.{nl}은총을 통해 가장 높은 경지에 들어설 수 있도록 도와드리겠습니다.	QUEST_JOBSTEP_20150317_000299	Throw away the hesitation and fill it with the grace of the goddess. {nl}I will help you reach a higher level through this grace.	주저함을 버리시고 여신의 은총으로 채우십시오.{nl}은총을 통해 더 높은 경지에 들어설 수 있도록 도와드리겠습니다.	프리스트 마스터
QUEST_JOBSTEP_20150714_002691	Nosotros, los Wugushi, no dudamos en usar veneno{nl}. Primero les mostraremos cómo luchar. Usaremos arcos, cerbatanas, lo que esté disponible.	우리 무고사들은 독을 쓰는 것을 주저하지 않아.{nl}일단 우리가 어떻게 싸우는지 보여 줄게. 활이든 바람총이든 다 꺼내서 보여 줄 테니까.{nl}	QUEST_JOBSTEP_20150317_000316	Wugushis don't hesitate to use poison. {nl}Before you learn anything, I'll show you how we fight. {nl}Arrows or airguns, I'll show you with whatever it takes.	우리 무고사들은 독을 쓰는 것을 주저하지 않아.{nl}가르침을 받기 전에 어떻게 싸우는지 보여 줄게. 활이든 바람총이든 다 꺼내서 보여 줄 테니까.{nl}	무고사 마스터
QUEST_JOBSTEP_20150714_002692	Bien. Déjame darte una lección. {nl}Este lugar es demasiado estrecho, así que ve al terreno baldío que está más abajo en la autopista Karas.	좋아. 한 수 가르쳐주지.{nl}여긴 너무 좁으니 카파스 가도 아래의 공터로 먼저 가 있도록 해.	QUEST_JOBSTEP_20150323_002251	I will show you any weapon such as a bow or a gun. Come on.	활이든 바람총이든 다 꺼내서 보여 줄 테니까 어서 덤벼.	무고사 서브 마스터
QUEST_JOBSTEP_20150714_002693	Debes estar asustado, todavía parado ahí. {nl}Si no, entonces espera en la autopista de Karas.	아직도 여기에 있는 걸 보니 겁이 나나 보지?{nl}그게 아니라면 카파스 가도에서 기다려.				무고사 서브 마스터
QUEST_JOBSTEP_20150714_002694	¿Así que quieres ser un Rodelero? Entonces revisa tu escudo primero. {nl}Cuando elegí este camino por primera vez, comencé obteniendo un escudo de 4º grado.	정말로 로델레로가 되고 싶은 건가? 그렇다면 자신의 방패부터 다시 살펴 봐.{nl}내가 이 길을 선택했을 때는 4단계의 방패를 구하는 것부터 시작했지.				로델레로 서브  마스터
QUEST_JOBSTEP_20150714_002695	Prepara un escudo mejorado de 4 grados. {nl}Necesito revisar tu testamento al menos.	4단계로 강화된 방패 정도는 준비하게.{nl}최소한의 의지는 확인해야 하지 않겠나.	QUEST_JOBSTEP_20150317_000320	Prepare a Level 6 Shield. {nl}I need to check your will at least.	6단계로 강화된 방패 정도는 준비하게.{nl}최소한의 의지는 확인해야 하지 않겠나.	로델레로 마스터
QUEST_JOBSTEP_20150714_002696	Si deseas convertirte en Taumaturgo, es un honor para mí{nl}. Pero antes, quiero que hagas un simple encargo.	당신 같은 분이 쏘마터지로 입문하시는건 제가 더 영광이지요.{nl}하지만 그 전에, 간단한 심부름을 해 주셨으면 해요.{nl}	QUEST_JOBSTEP_20150317_000326	Thaumaturge magic is one of the most difficult magic but I can lead you well. {nl}Do me a favor and I will guide you in the path of the Thaumaturge.	쏘마터지의 마법은 매우 어려운 마법 중의 하나이지만 저라면 잘 이끌어 드릴 수 있어요.{nl}제 부탁을 들어주신다면 당신을 쏘마터지의 길로 인도해 드릴게요.	쏘마터지 마스터
QUEST_JOBSTEP_20150714_002697	Lo encontraste más rápido de lo que esperaba.{nl}Bien, entonces comencemos la lección de inmediato.	생각보다 빨리 찾으셨네요?{nl}지금 바로 수업을 시작하도록 하죠.	QUEST_JOBSTEP_20150323_002253	You found them sooner than I expected.{nl}Good, I will help you use your abilities as a Thaumaturge.	생각보다 빨리 찾으셨네요?{nl}좋아요. 제가 당신 곁에서 쏘마터지의 능력을 이끌어 낼 수 있도록 도울게요.	쏘마터지 마스터
QUEST_JOBSTEP_20150714_002698	Por favor, consígueme resina Varv, fragmentos de cola de Zinutekas y núcleos de activación de Boowook.	왕릉 1층에서 바브의 진액, 지누테카스의 꼬리 파편과 부우크의 구동핵을 구해 오십시오.	QUEST_JOBSTEP_20150323_002254	Please get me the blood of the Hogma Shaman and the Hogma Scout from King's Plateau,{nl}and lastly, the blood of the Hogma Captain from Zachariel Crossroads.	왕의 고원에서 호그마 주술사와 호그마 파수꾼의 피,{nl}마지막으로 자카리엘 교차로에서 호그마 전투대장의 피를 구해 오십시오.	엘리멘탈리스트 서브 마스터
QUEST_JOBSTEP_20150714_002699	Muy bien hecho{nl}. Ya que has completado la misión, empezaré la lección de Elementalista de inmediato.	훌륭하군요.{nl}과제를 수행해 오셨으니 원하신다면 바로 엘레멘탈리스트의 수업을 시작하지요.	QUEST_JOBSTEP_20150317_000331	Good work. {nl}Since you've completed your mission, let's begin the duel right away.	훌륭하군요.{nl}과제를 수행해 오셨으니 원하신다면 바로 수련을 시작하지요.	엘리멘탈리스트 마스터
QUEST_JOBSTEP_20150714_002700	Si pudieras demostrar tus habilidades batiéndote en duelo conmigo, te enseñaré las verdaderas habilidades de un explorador.	나와 대련해서 네 실력을 증명한다면, 스카우트의 기술을 전수해 주지.	QUEST_JOBSTEP_20150317_000334	Prove yourself in a duel against me, then I'll teach you my secret skills.	나와 대련해서 네 실력을 증명한다면, 내 비장의 기술들을 전수해 주겠어.	스카우트 마스터
QUEST_JOBSTEP_20150714_002701	Como hay mucho que preparar, adelante, dirígete al solar vacío que hay debajo de la autopista Karas. Yo iré allí en cuanto termine.	준비할 게 많으니 먼저 카파스 가도 아래의 공터에 가 있어.{nl}금방 따라갈게.	QUEST_20150317_000158	Hiding and sneaking won't solve all your problems. {nl}A true Scout must also be ready to fight.	은신과 잠입에만 능하다고 만사가 아냐.{nl}전투기술도 갖추고 있어야 진정한 스카우트지.	스카우트 마스터
QUEST_JOBSTEP_20150714_002702	Es complicado batirse en duelo aquí. Hay un solar vacío debajo de la autopista Karas, allí nos vemos.	여기서 대련하는 건 민폐야.{nl}카파스 가도 아래쪽에 괜찮은 공터가 있으니까 먼저 가 있어.				스카우트 마스터
QUEST_JOBSTEP_20150714_002703	Es muy impresionante encontrar a alguien que quiera aprender de mí{nl}. De acuerdo. Si pudieras encontrar mis pertenencias, te aceptaré como Corsario.	이런 나에게도 뭘 배우겠다는 사람이 있다니 감동적이군.{nl}좋아. 내 물건들을 되찾아 준다면 커세어로 받아들여주지.	QUEST_JOBSTEP_20150317_000367	It's emotional to see that there's someone willing to learn from a person like me. {nl}Alright, if you get my things back, I will teach you the skills of Corsair.	이런 나에게도 뭘 배우겠다는 사람이 있다니 감동적이군.{nl}좋아. 내 물건들을 되찾아 준다면 커세어의 기술을 가르쳐 주지.	커세어 마스터
QUEST_JOBSTEP_20150714_002704	Ese capitán idiota se llevó todo y huyó al Bosque de la Oración{nl}. Es posible que los monstruos se los hayan llevado. Espero que así sea.	그 멍청한 부선장이 몽땅 챙겨서 기원의 숲으로 도망갔어.{nl}어쩌면 몬스터가 가지고 있을지도 모르지. 그랬으면 좋겠군.	QUEST_JOBSTEP_20150323_002257	That dumb assistant captain took all of them and ran away to Poslinkis Forest.{nl}Maybe the monsters have them, I hope so.	그 멍청한 부선장이 몽땅 챙겨서 포슬린키스 숲으로 도망갔어.{nl}어쩌면 몬스터가 가지고 있을지도 모르지. 그랬으면 좋겠군.	커세어 마스터
QUEST_JOBSTEP_20150714_002705	Lucha contra mí con todas tus fuerzas{nl}. Te enseñaré a luchar con espada y escudo. Dependiendo de tus habilidades, puedo enseñarte más o eliminarte.	최선을 다해 덤벼라. 검과 방패로 어떻게 싸우는지 보여 주지.{nl}네 실력 여하에 따라 내가 널 더 가르칠 수도, 내칠 수도 있다는 것을 알아둬.	QUEST_JOBSTEP_20150317_000370	Fight with all that you've got. I will show you how to fight with sword and shield. {nl}Remember that it depends on your abilities, whether I teach you or desert you.	최선을 다해 덤벼라. 검과 방패로 어떻게 싸우는지 보여 주지.{nl}네 실력 여하에 따라 내가 널 가르칠 수도, 내칠 수도 있다는 것을 알아둬.	로델레로 마스터
QUEST_JOBSTEP_20150714_002706	No puedo determinar tu verdadero potencial aquí, así que demuéstramelo en el solar vacío que hay debajo de la autopista Karas.	여기선 제대로 된 실력을 볼 수 없으니 카파스 가도 아래의 공터에서 보지.	QUEST_JOBSTEP_20150317_000371	Do you think otherwise even when your best is not enough?	최선을 다해 덤벼도 모자를 판에 한눈을 팔 셈인가?	로델레로 마스터
QUEST_JOBSTEP_20150714_002707	Tienes un mal hábito en tu cuerpo, pero hay margen de mejora{nl}. Como sabes, mi enseñanza es muy estricta, así que debes estar bien preparado para ello.	나쁜 버릇이 몸에 배 있군. 하지만 개선의 여지는 있어.{nl}알다시피 내 가르침은 엄격하니까 단단히 각오해야 할 거야.	QUEST_JOBSTEP_20150317_000372	You have a bad habit. But it could be changed. {nl}I teach strictly so you better be prepared.	나쁜 버릇이 몸에 배 있군. 하지만 개선의 여지는 있어.{nl}내 가르침은 엄격하니까 단단히 각오해야 할 거야.	로델레로 마스터
QUEST_JOBSTEP_20150714_002708	¿Quieres aprender habilidades de mí? Lo pensaré, si recoges la madera que estoy buscando.{nl}	내게 기술을 배우고 싶소?{nl}댁이 내가 찾는 나무를 구해 준다면 생각해 보리다.	QUEST_JOBSTEP_20150317_000386	You want to learn my skills? {nl}I'll think about it if you get me the tree I'm looking for.	나의 기술을 배우고 싶소?{nl}댁이 내가 찾는 나무를 구해 준다면 생각해 보리다.	플레쳐 마스터
QUEST_JOBSTEP_20150714_002709	El nivel del cazador más fuerte... No estoy seguro de que puedas seguirlo bien.{nl}Te daré una tarea. Caza varios tipos de monstruos.	가장 강한 헌터의 경지.. 당신이 그걸 소화해낼 수 있을지는 모르겠네요.{nl}과제를 드리죠. 여러가지 몬스터를 찾아 사냥하는 거예요.	QUEST_JOBSTEP_20150323_002259	Although you learned lessons from me, I don't know if you could use all of them.{nl}I will give you an assignment. Hunt for various monsters.	당신이 저에게 가르침을 받겠다고 해서 그걸 소화해낼 수 있을지는 모르겠네요.{nl}과제를 드리죠. 여러가지 몬스터를 찾아 사냥하는 거예요.	헌터 마스터
QUEST_JOBSTEP_20150714_002710	Patitos del Bosque de la Bandera del Atardecer, Dragones Negros del quinto piso de la Torre del Mago y Kowaks del Bosque de la Oración{nl}. No será fácil encontrarlos.	해진깃발숲의 더키, 마법사의 탑 5층의 검은 드레이크, 기원의 숲의 코왁입니다.{nl}몬스터들을 찾는 것도 쉽진 않을 거에요.	QUEST_JOBSTEP_20150323_002260	Bushspiders from Kateen Forest Entrance, Ellomagos from Owl Burial Ground, and green Pokubons from Poslinkis Forest.{nl}Of course, I will give you some baits.	카틴 숲 입구의 크루마보, 매너클 묘지의 엘로마고, 포슬린키스 숲의 초록 포쿠본입니다.{nl}물론, 미끼 정도는 드리지요.	헌터 마스터
QUEST_JOBSTEP_20150714_002711	Si quieres ser un Wugushi más fuerte, te daré una tarea. {nl}Recoge veneno especial de las mordeduras en las llanuras de Saknis.	더 강한 무고사가 되겠다면 네게 줄 과제가 있어.{nl}사크니스 벌판의 바이트에게서 특별한 독을 모아오는 거야.	QUEST_JOBSTEP_20150323_002261	If you dream of reaching a higher stage as a Wugushi, there's an assignment I will give to you.{nl}Collect special poisons from Bites at Saknis Plains.	네가 무고사로서 더 높은 경지를 꿈꾼다면 네게 줄 과제가 있어.{nl}사크니스 벌판의 바이트에게서 특별한 독을 모아오는 거야.	무고사 서브 마스터
QUEST_JOBSTEP_20150714_002712	Es difícil escapar de la atracción del veneno. Soy una de esas personas.{nl}Bien, ¿empezamos?	독이 가진 매력은 헤어나기 힘들지. 나도 그런 사람 중의 하나야.{nl}자. 그럼 다시 시작해 볼까?	QUEST_JOBSTEP_20150317_000394	It's hard to stray away from the charm of poison. I'm one of them. {nl}I'll let you know how appealing it is too. Let's start slowly from today on.	독이 가진 매력은 헤어나기 힘들지. 나도 그런 사람 중의 하나야.{nl}너도 그 매력을 알게 해줄게. 오늘부터 천천히 시작해 보자고.	무고사 서브 마스터
QUEST_JOBSTEP_20150714_002713	Tu misión es dar caza a los monstruos que se esconden{nl}. La ubicación es el Cruce de Caminos de Apsimesti{nl}. Deberías hacerlo si quieres convertirte en un Conde más fuerte. ¿No crees?	몰래 숨어있는 몬스터를 사냥하는 게 네 과제야.{nl}위치는 압시메스티 교차로. {nl}더 강한 스카우트가 되고 싶다면 이 정도는 해 내야지. 안 그래?	QUEST_JOBSTEP_20150323_002263	It is your assignment to hunt for hidden monsters.{nl}The location is Saknis Plains. {nl}If you want to be a Scout, you should do it. Dont you think so?	몰래 숨어있는 몬스터를 사냥하는 게 네 과제야.{nl}위치는 사크니스 벌판. {nl}스카우터를 지망한다면 이 정도는 해 내야지. 안 그래?	스카우트 마스터
QUEST_JOBSTEP_20150714_002714	Lo has hecho fácilmente.{nl}Bien, entonces, ¿pasamos a la etapa Intensificada?{nl}	생각보다 쉽게 해냈네?{nl}좋아. 이제 심화단계로 들어가 볼까?{nl}	QUEST_JOBSTEP_20150317_000397	It was easier for you to do than I thought.{nl}Great. I think it'll be fun to teach you. {nl}Come to me anytime you want to learn from me.	생각보다 쉽게 해냈네?{nl}좋아. 가르치는 재미가 있겠어. 앞으로도 배우고 싶은 게 있으면 날 찾아와.{nl}	스카우트 마스터
QUEST_JOBSTEP_20150714_002715	Los pícaros deben ser rápidos. {nl}Lucha contra los monstruos en el campo de entrenamiento cerca de la entrada del Bosque de Kateen usando bombas de humo. {nl}Algunos de ellos son realmente fuertes, así que debes tener cuidado con ellos.	로그란 우선 발이 빨라야해.{nl}카틴 숲 입구에 준비된 연습장에서 연막탄을 이용해 몬스터를 상대해봐.{nl}꽤 강한 녀석도 있으니까 긴장하는 게 좋을거야.	QUEST_JOBSTEP_20150511_002597	You should be quick in order to learn from me.{nl}Use smoke bombs at the training field in front of Kateen Forest entrance, and defeat the monsters.{nl}Some of them are really strong, so be ready.	내게 뭐라도 배우려면 우선 발이 빨라야해.{nl}카틴 숲 입구에 준비된 연습장에서 연막탄을 이용해 몬스터를 처치해봐.{nl}꽤 강한 녀석도 있으니까 긴장하는 게 좋을거야.	로그 마스터
QUEST_JOBSTEP_20150714_002716	La capacidad de evasión es la propiedad más atractiva de Rogue.{nl}Con movimientos rápidos, Rogue marea a sus enemigos.	신출귀몰함은 로그의 꽃이지. {nl}아주 화려한 꽃처럼 빠른 몸놀림으로 정신을 쏙 빼놓는 거야.	QUEST_JOBSTEP_20150317_000403	Preternatural swiftness is the flower of the Rogues. {nl}The swift movement confuses your mind.	신출귀몰함은 로그의 꽃이지. {nl}아주 화려한 꽃처럼 빠른 몸놀림으로 정신을 쏙 빼놓는 거야. 	로그 마스터
QUEST_JOBSTEP_20150714_002717	La etapa perfecta de Hoplite lo destruye todo.{nl}Desafortunadamente, mi colega el Maestro Hackapell no cree en tal cosa.	하플라이트의 가장 완벽한 경지는 모든 것을 다 뚫어버리지요.{nl}안타깝게도 제 지인인 하카펠 마스터는 그런 건 없다고 믿고 있습니다만..{nl}	QUEST_JOBSTEP_20150323_002265	You want to learn from me. {nl}	제게 가르침을 받고 싶으시다고요. {nl}	하플라이트 서브 마스터
QUEST_JOBSTEP_20150714_002718	Si pudieras ayudarme a demostrarlo, él se dará cuenta de la verdad{nl}. ¿Qué te parece?	그러니 제가 아니라 당신이 나서 주시면 그 친구도 깨닫는 게 있을 겁니다.{nl}어떻습니까?	QUEST_JOBSTEP_20150323_002266	If that's the case, I want you to make a bet with the Hackapell Master on behalf of me.{nl}He thinks there is something in the world that can't be penetrated.{nl}	그렇다면 하카펠 마스터와의 내기를 대신 해 주셨으면 하는데요.{nl}그 친구는 뚫을 수 없는 것이 존재한다고 믿고 있거든요.{nl}	하플라이트 서브 마스터
QUEST_JOBSTEP_20150714_002719	Las lanzas son poderosas y nunca pierden{nl}. Quiero ver la cara lastimera del tipo después de que Shadowgaler muera.	창은 무적이고 불패입니다.{nl}섀도게일러가 죽고 난 뒤 그 불쌍한 친구의 얼굴을 보고 싶군요.	QUEST_JOBSTEP_20150317_000409	The spear is unbeatable and invincible. {nl}I want to see the face of poor Shadowgaler when it's defeated.	창은 무적이고 불패입니다.{nl}섀도게일러를 처치하고 난 뒤 그 불쌍한 친구의 얼굴을 보고 싶군요.	하플라이트 마스터
QUEST_JOBSTEP_20150714_002720	Si mi amigo nos pregunta, le diré que nuestro hoplita competente lo derrotó.{nl}Has alcanzado el nivel de un maestro, pero si necesitas ayuda, puedes venir a mí.	그 친구가 묻거든 우리의 유능한 하플라이트가 쓰러뜨렸노라고 자랑하지요.{nl}당신은 이미 대가의 경지이지만 혹시나 부족한 것이 있으면 저를 찾아 주시길.	QUEST_JOBSTEP_20150323_002267	If he asks you, I will tell him that our competent Hoplite defeated it.{nl}I will now acknowledge your skills.	그 친구가 묻거든 우리의 유능한 하플라이트가 쓰러뜨렸노라고 자랑하지요.{nl}이걸로 당신을 인정해 드리겠습니다.	하플라이트 서브 마스터
QUEST_JOBSTEP_20150714_002721	Quieres convertirte en el mejor bárbaro.{nl}Hay algo que deberías hacer.{nl}	최고의 바바리안을 원하는군.{nl}네가 해야 할 일이 있다.{nl}	QUEST_JOBSTEP_20150317_000411	You want to learn from me? {nl}Then you have to pass a test. {nl}	나에게 가르침을 받고 싶은가.{nl}그렇다면 한 가지 시험을 치뤄야 한다.{nl}	바바리안 마스터
QUEST_JOBSTEP_20150714_002722	Los otros maestros enviaron a los discípulos al cementerio de los búhos para eliminar a Yekubs{nl}. Pero eso debes hacerlo tú. Destrúyelos y regresa conmigo.	다른 마스터들이 매너클 묘지의 예쿱을 없애기 위해 제자들을 보냈다고 한다.{nl}하지만 그건 네가 끝내야 하는 일이다. 다녀와라.	QUEST_JOBSTEP_20150323_002268	I heard that the other masters sent the disciples to defeat Yekub at Owl Burial Ground.{nl}But that's the task you should complete. Go there.	다른 마스터들이 매너클 묘지의 예쿱을 처치하기 위해 제자들을 보냈다고 한다.{nl}하지만 그건 네가 끝내야 하는 일이다. 다녀와라.	바바리안 마스터
QUEST_JOBSTEP_20150714_002723	Yekub será pan comido para el mejor bárbaro.	최고의 바바리안에게 예쿱 정도는 쉬울 것이다.	QUEST_JOBSTEP_20150317_000413	If you have the ability to learn from me, then Yekub will be easy enough.	내 가르침을 받을 자격이 있다면 예쿱 정도는 쉬울 것이다.	바바리안 마스터
QUEST_JOBSTEP_20150714_002724	Cuando vayas a la Mansión Greene, podrás encontrarte con Colimencia.{nl}Debes ser lo suficientemente competente para enfrentarte a ellos y convertirte en Centurión.	그린가의 장원에 가면 콜리멘시아를 만날 수 있다.{nl}그 정도는 상대할 실력은 되어야 센츄리온의 자격이 있겠지.	QUEST_JOBSTEP_20150323_002270	When you go to the Greene Manor, you can meet Colimencia.{nl}You are worthy to be a Centurion if you can defeat it.	그린가의 장원에 가면 콜리멘시아를 만날 수 있다.{nl}그 정도는 처치할 실력은 되어야 센츄리온의 자격이 있겠지.	센츄리온 마스터
QUEST_JOBSTEP_20150714_002725	Squire brilla más cuando está con su compañero que cuando está solo.{nl}Especialmente los ataques que involucran cuerdas con un compañero son más fuertes que cualquier otro ataque.	스콰이어란 혼자서도 강하지만 파트너와 함께할 때 특히 더 빛이 나는 분야에요.{nl}특히 밧줄을 사용하여 동료와 함께 공격하는 연계 공격은 어떤 공격보다도 강력하죠.{nl}	QUEST_JOBSTEP_20150317_000418	Squires are strong but helping our partners is where we shine. {nl}Using the rope to make connecting attacks with fellow allies {nl}is an attack that is notably stronger than any other attacks.	스콰이어란 혼자서도 강하지만 내 파트너를 도울 때 특히 더 빛이 나는 분야에요.{nl}특히 밧줄을 사용하여 동료와 함께 공격하는 연계 공격은 어떤 공격보다도 강력하죠.{nl}	스콰이어 마스터
QUEST_JOBSTEP_20150714_002726	Esta es una cuerda de arresto.{nl}Llévala al Bosque de Poslinkis y practica para que puedas atrapar al menos 3 a la vez.{nl}Hablaremos de Squire después. {nl}{nl}	이건 포박 포승줄이에요.{nl}이걸로 포슬린키스 숲에서 한번에 세 마리 이상 잡아볼 수 있도록 연습해 오세요.{nl}스콰이어에 대해선 그 후에 말씀 나눠보도록 하죠.{nl}{nl}	QUEST_JOBSTEP_20150323_002271	This is the rope to tie people up.{nl}Practice with it enough at Poslinkis Forest so you are able to manage it well.{nl}Let's talk about my lesson after that.	이건 포박 포승줄이에요.{nl}이걸 가지고 포슬린키스 숲에 가서 충분히 다룰 수 있을 만큼 연습해 오세요.{nl}제 가르침에 대해선 그 후에 말씀 나눠보도록 하죠.	스콰이어 마스터
QUEST_JOBSTEP_20150714_002727	¿Te acostumbraste?{nl}Aprendamos poco a poco a partir de ahora.	어느 정도 익숙해졌나요?{nl}스콰이어란 그런 것입니다. 지금부터 차근히 배워 보죠.	QUEST_JOBSTEP_20150317_000421	How comfortable are you with it? {nl}I will teach you thoroughly as promised.	어느 정도 익숙해졌나요?{nl}약속대로 당신을 철저히 가르쳐 드리겠어요.	스콰이어 마스터
QUEST_JOBSTEP_20150714_002728	He oído que los monstruos llamados Biteregina en Manacle Grave están atacando a la gente allí{nl}. ¿Qué opinas de eso? Quiero que lo veas como una compensación por aprender mis habilidades.	매너클 묘지에서 비테레지나라는 몬스터가 사람들을 마구 위협하고 있대.{nl}어떻게 생각해? 내 최고의 기술을 배우는 댓가라고 생각해 줬으면 좋겠는데.	QUEST_JOBSTEP_20150323_002272	Biteregina are threatening people at Owls' Village.{nl}What do you think? I want you defeat them as compensation for my lessons.	매너클 묘지에서 비테레지나라는 몬스터가 사람들을 마구 위협하고 있대.{nl}어떻게 생각해? 내 기술을 배우는 댓가라고 생각해 줬으면 좋겠는데.	새퍼 마스터
QUEST_JOBSTEP_20150714_002729	Como soy un Maestro, debería ayudar a los demás, pero simplemente no tengo suficiente tiempo.{nl}De todos modos, es realmente espléndido. Pero prepárate para volverte un Zapador más fuerte.	마스터의 이름을 달고 있다면 주변을 도울 줄 알아야 되는데 솔직히 짬이 안나.{nl}어쨌든 정말 굉장하군. 하지만 더 엄청난 새퍼가 될 준비를 하라고.	QUEST_JOBSTEP_20150323_002273	Carrying the title of 'Master', I should help others around, but I just don't have the time.{nl}Anyways, I will teach you my skills as I promised to you.	마스터의 이름을 달고 있다면 주변을 도울 줄 알아야 되는데 솔직히 짬이 안나.{nl}어쨌든 약속한 대로 네게 기술을 가르쳐 줄게.	새퍼 마스터
QUEST_JOBSTEP_20150714_002730	Si tú lo dices, hay otra manera.{nl}Si pudieras derrotar a Moas en los suburbios de Fedimian, te dejaré ir primero.	그렇게까지 말한다면 방법이 없는 건 아니오.{nl}내 재료들을 다 박살낸 페디미안 외곽의 모아를 흠씬 두들겨준다면 순서를 앞당겨 드리지.	QUEST_JOBSTEP_20150323_002274	If you tell me like that, I can tell you there is a solution.{nl}If you could defeat Moas at Fedimian Suburbs, who destroyed all my ingredients, I will change your turn.	그렇게까지 말한다면 방법이 없는 건 아니오.{nl}내 재료들을 다 박살낸 페디미안 외곽의 모아를 처치해 준다면 순서를 앞당겨 드리지.	플레쳐 마스터
QUEST_JOBSTEP_20150714_002731	Te daré esta bengala. {nl}Podrás encontrar a los monstruos ocultos más fácilmente.	이 섬광탄을 줄게. {nl}숨어있는 몬스터들을 좀 더 쉽게 찾을 수 있을 거야.	QUEST_JOBSTEP_20150317_000432	I'll give you this flare since you're a novice. {nl}It'll help you find the monsters efficiently.	초심자니까 이 섬광탄을 줄게. {nl}숨어있는 몬스터들을 좀 더 쉽게 찾을 수 있을 거야.	스카우트 마스터
QUEST_JOBSTEP_20150714_002732	Te estaba esperando{nl}. Sabía que vendrías a buscarme{nl}. Pero supongo que viniste porque eres lo suficientemente competente. ¿Verdad?	기다리고 있었어. 슬슬 날 찾아 올 거라고 생각했지.{nl}하지만 그럴 만한 실력이 되니까 찾아온 거겠지? {nl}	QUEST_JOBSTEP_20150317_000434	I assume you've come to learn something from me because you have the ability. {nl}To win a duel against me.	내게 뭔가를 배울 만한 실력이 있으니까 찾아온거겠지?{nl}가령 나랑 대련해서 이긴다던가.	로그 마스터
QUEST_JOBSTEP_20150714_002733	Por ejemplo, batirse en duelo conmigo y ganar.	가령 나와 대련해서 이긴다던가.				로그 마스터
QUEST_JOBSTEP_20150714_002734	Genial.{nl}Podrías comenzar el entrenamiento del siguiente nivel cuando quieras.	훌륭하군.{nl}언제든지 다음 단계의 수련을 시작해도 되겠어.	QUEST_JOBSTEP_20150317_000436	You're faster than you look. {nl}I will teach you my skills from now on, so come anytime.	보기보다 날렵하군.{nl}이제부터 내 기술을 전수해 줄 테니 언제든지 찾아와.	로그 마스터
QUEST_JOBSTEP_20150714_002735	Ahora ha llegado el momento. Es genial que hayas llegado tan lejos.{nl}Pero tus habilidades deben ser superiores a la media para alcanzar el siguiente nivel.	드디어 때가 왔군. 여기까지 따라와 준 것만 해도 정말 대단해.{nl}하지만 네 기량이 어느 정도는 되어야 그 이상을 바라볼 수도 있지 않겠어?	QUEST_JOBSTEP_20150317_000443	Teaching you the skills of the Scouts isn't difficult. {nl}But you need to have the capability to follow it, don't you think?	스카우트의 기술은 가르쳐주는건 어렵지 않아.{nl}하지만 네 기량이 어느 정도는 되어야 내 수련을 따라올 수 있지 않겠어?	스카우트 마스터
QUEST_JOBSTEP_20150714_002736	Escuché que un barón idiota abrió el portal que está conectado a la Prisión Demoníaca.{nl}Recibí la solicitud de bloquear la salida de los demonios del Ala de Vaivora.	어떤 바보같은 남작이 마족 수감소라는 곳과 연결된 포탈을 열어버렸다지?{nl}바이보라의 날개에게서 그 곳의 마족이 나오는 걸 막아달라는 의뢰를 받았어.{nl}	QUEST_JOBSTEP_20150323_002277	Some idiot baron opened a portal that was connected to the Demon Prison.{nl}I heard that the demons there keep trying to come out.{nl}	어떤 바보같은 남작이 마족수감소라는 곳과 연결된 포탈을 열어버렸다지?{nl}그곳의 마족들이 자꾸 바깥으로 나오려고 한다는 소문을 들었어.{nl}	스카우트 마스터
QUEST_JOBSTEP_20150714_002737	Quiero pasarte la tarea de derrotar a los Deadborn.{nl}Creo que serán buenos para la caza.	네게는 데드본의 처리를 맡기고 싶군.{nl}이만 하면 괜찮은 사냥감인것 같은데.	QUEST_JOBSTEP_20150323_002278	Defeat Deadborn which is the most dangerous demon there.{nl}It will be a good hunt, don't you think?	그 중에 제일 위험한 마족인 데드본을 처치하고 오는거야.{nl}이만 하면 괜찮은 사냥감인것 같은데. 그렇지?	스카우트 마스터
QUEST_JOBSTEP_20150714_002738	Muy bien, de hecho. Eres bastante competente.{nl}Si quieres aprender una nueva habilidad, siempre serás bienvenido.	정말 멋진걸? 네 기량은 충분해.{nl}새로운 기술을 배우고 싶다면 언제든지 환영이야.	QUEST_JOBSTEP_20150317_000445	Good job. You did better than I expected. {nl}Come by anytime if you want to learn something.	수고했어. 생각보다 꽤 빠르게 해치웠군.{nl}앞으로도 뭔가 배우고 싶은 게 있으면 찾아와.	스카우트 마스터
QUEST_JOBSTEP_20150714_002739	Por eso deberías ayudarme{nl}. ¿Podrías traerme piedras Mano naturales de Rocktortuga, en el sitio conmemorativo de Ruklys?	그러니 네가 날 좀 도와줘야겠다.{nl}루클리스 기념지에서 락투르투가에게서 천연 마노석을 가져와 주겠어?	QUEST_JOBSTEP_20150317_000447	So you will need to help me with it. {nl}You'll need to defeat the Rocktortuga at Ruklys Memorial and bring me Natural Mano Stones.	그러니 네가 날 좀 도와줘야겠다.{nl}루클리스 기념지에서 락투르투가를 처치하고 천연 마노석을 가져다 주겠어?	새퍼 마스터
QUEST_JOBSTEP_20150714_002740	No seas codicioso en aprender una nueva habilidad y simplemente continúa con lo que estabas haciendo.{nl}Lo pensaré de nuevo si pudieras traer carbón combustible de Yonazolems en el área del puente del acueducto.	새로운 기술에 욕심내지 말고 하던 거나 열심히 하시오.{nl}수로교 지역의 요나졸렘에게서 잘 타는 석재라도 가져온다면 모를까.	QUEST_JOBSTEP_20150323_002279	You want to learn my skills?{nl}If you could bring me burnable woods from Jonna Jolems at Aqueduct Bridge Area, I will think about it.	내 기술을 배우고 싶다고 했소?{nl}수로교 지역의 요나졸렘에게서 잘 타는 석재라도 가져온다면 생각해 보겠소.	플레쳐 마스터
QUEST_JOBSTEP_20150714_002741	Posees habilidades espléndidas{nl}. Me complace aceptar a un discípulo como tú. Te enseñaré mis habilidades.	정말 어처구니가 없을 정도로 대단한 실력을 가졌군.{nl}그런 제자라면 나도 반갑지. 기술을 가르쳐 주겠소.	QUEST_JOBSTEP_20150317_000452	You have unreasonably great skills. {nl}I'd welcome a disciple like you. I shall teach you my skills.	정말 어처구니가 없을 정도로 대단한 실력을 가졌군.{nl}그런 제자라면 나도 반갑지. 기술을 가르쳐 주겠소. 	플레쳐 마스터
QUEST_JOBSTEP_20150714_002742	Recibí una solicitud para bloquear a Rajatoad de la Prisión Demoníaca de las Alas de Vaivora.{nl}Si aspiras a ser el mejor Wugushi, creo que deberías derrotarlos. ¿Qué te parece?	바이보라의 날개에게서 마족 수감소의 라자토드를 막아달라는 부탁을 받았어.{nl}최고의 무고사를 목표로 한다면 그에 어울리는 시련이라고 생각하는데 어때?	QUEST_JOBSTEP_20150323_002280	Do you know this?{nl}I heard that Rajatoad at the 1st zone of Demon Prison possess dangerous poison.{nl}	그거 알아?{nl}마족수감소 1구역이라는 곳의 라자토드가 굉장한 독을 가지고 있대.{nl}	무고사 서브 마스터
QUEST_JOBSTEP_20150714_002743	¿Qué hiciste para abrir ese portal?{nl}Muy bien, bien.	뭘 어떻게 해야 그런 포탈을 열어버리는거야?{nl}참 대단하군, 대단해.	QUEST_JOBSTEP_20150317_000454	Would it make sense if Wugushi is poisoned and weak?	무고사가 독에 당해 시름시름 앓는다면 그게 말이 되겠어?	무고사 서브 마스터
QUEST_JOBSTEP_20150714_002744	Nunca me has defraudado{nl}. Bien hecho. De acuerdo. ¿Continuamos?	역시 내 기대를 저버리지 않는군. 수고했어.{nl}자. 어서 진도를 나가 볼까?	QUEST_JOBSTEP_20150317_000455	Our teachings are harsh so I hope you understand. {nl}Anyway, you can come anytime if you want to learn.	우린 가르침이 좀 험하니까 네가 이해해 줬으면 좋겠어.{nl}어쨌든 가르침을 받고 싶으면 언제든 찾아와도 좋아.	무고사 서브 마스터
QUEST_JOBSTEP_20150714_002745	Genial. Siento que me veo a mí mismo en los viejos tiempos. {nl}Realmente eres un Schwarzer Reiter.	훌륭하군. 마치 내 옛날 모습을 보는 것 같아.{nl}자네도 이제 어엿한 슈바르츠라이터네.	QUEST_JOBSTEP_20150323_002285	Very nice. I feel like I am seeing myself in the past.{nl}Since you are Schwarzer Reiter now, we can be mirrors to each other from now on.	훌륭하군. 마치 내 옛날 모습을 보는 것 같아.{nl}자네도 이제 슈바르츠라이터가 되었으니, 서로에게 거울이 되어 줄 수 있을 거야.	슈바르츠라이터 마스터
QUEST_JOBSTEP_20150714_002746	Están ocurriendo incidentes extraños porque el mundo es así.{nl}He oído que los otros maestros también están pasando por momentos difíciles.	세상이 이 모양이니 갈수록 별 이상한 사건이 자꾸 터지는 것 같아.{nl}다른 마스터들도 고생이라 들었어.	QUEST_JOBSTEP_20150323_002287	It seems like the number of demons are constantly increasing.{nl}I heard other masters are also having some troubles.	갈수록 마족들이 자꾸 늘고 있는 것 같아.{nl}다른 마스터들도 고생이라 들었어.	스카우트 마스터
QUEST_JOBSTEP_20150714_002747	Los aldeanos se quejan por culpa de las Rocktortugas en el Bosque de West Siauliai.{nl}Si pudieras derrotar a esos monstruos, te daré ofrendas preciosas.	샤울레이 서쪽 숲에 락토르투가가 날뛰는 통에 주민들의 원성이 자자합니다.{nl}그 몬스터만 처리해 주신다면 공양품을 내어 드리겠습니다.	QUEST_JOBSTEP_20150317_000484	Residents are complaining about the Rocktortuga running wild in Siauliai Western Woods. {nl}I will give you the offerings if you defeat that monster.	샤울레이 서쪽 숲에 락토르투가가 날뛰는 통에 주민들의 원성이 자자합니다.{nl}그 몬스터를 처치해 주신다면 공양품을 내어 드리겠습니다.	프리스트 마스터
QUEST_JOBSTEP_20150714_002748	Lo siento, pero hay algo que debes hacer por mí.{nl}Hablaremos de esto más tarde... Primero, por favor, tráeme la joya que dejé al Maestro Krivis.	죄송하지만, 그대가 응당 나서 주셔야 할 일이 있습니다.{nl}이야기는 천천히.. 일단 크리비 마스터께 맡긴 보석을 제게 가져와 주세요.	QUEST_JOBSTEP_20150317_000496	If you want to research about the way of Bokor, you should do something for me.{nl}Please get the jewel from the Krivis Master.	그대가 보코르의 길을 탐구하고 싶다면 응당 나서 주셔야 할 일이 있습니다.{nl}먼저 크리비 마스터께 맡긴 보석을 제게 가져와 주세요.	보코르 마스터
QUEST_JOBSTEP_20150714_002749	También es tarea de Dievdirbys cuidar especialmente el trabajo con afecto en lugar de simplemente hacerlo.{nl}Si sueñas con convertirte en un Dievdirbys que será recordado por mucho tiempo, por favor no olvides este sentimiento.	작품을 만드는 것이 다가 아니라 애정을 가지고 보살피는 것도 딥디르비의 일이야.{nl}오래도록 기억될 딥디르비를 꿈꾼다면 이 느낌을 잊지 말게.	QUEST_JOBSTEP_20150317_000528	It is also a task of a Dievdirbys to take care of the work, not just the creation of the work.{nl}Don't forget about this feeling if you want to learn the skills of a Dievdirbys.	작품을 만드는 것이 다가 아니라 애정을 가지고 보살피는 것도 딥디르비의 일이야.{nl}딥디르비의 기술을 익힐 거라면 이 느낌을 잊지 말게.	조각가 테슬라
QUEST_JOBSTEP_20150714_002750	El número de Ambulos de Árbol Rojo ha aumentado mucho en el cruce de caminos de Apsimesti y amenaza a los aldeanos de allí.{nl}Si quieres dar un paso al frente como un verdadero Sadhu, comparte tus habilidades.	압시메스티 교차로의 붉은 트리암불로가 크게 불어나 주민들을 위협하고 있다고 합니다.{nl}당신이 진정한 사두로서 한 걸음 더 내딛고 싶다면 당신의 능력을 베푸십시오.	QUEST_JOBSTEP_20150323_002288	The number of Blue Puragis at Saknis Plains has increased a lot recently and threatening villagers there.{nl}If you want to reach a higher level as a true Sahdu, show your abilities there.	사크니스 벌판의 푸른 푸라기가 크게 불어나 주민들을 위협하고 있다고 합니다.{nl}당신이 진정한 사두로서 한 걸음 더 내딛고 싶다면 당신의 능력을 베푸십시오.	사두 마스터
QUEST_JOBSTEP_20150714_002751	Bien. Pero estamos frente a la Estatua de la Diosa Sagrada. {nl}Lo probaré en el sitio del Altar de Shiluma.	좋소. 다만 이곳은 신성한 여신상 앞이오.{nl}쉴루마 제단 터에서 시험하도록 하겠소.				몽크 마스터
QUEST_JOBSTEP_20150714_002752	Tu fe es verdaderamente espléndida. {nl}Te permitiré la entrada. Nuestro entrenamiento como monjes es riguroso, así que debes estar preparado.	그대의 신앙은 참으로 훌륭하오. {nl}입문을 허락하겠소. 우리 몽크들의 수련은 혹독하니 각오하는 게 좋을 거요.{nl}	QUEST_JOBSTEP_20150317_000537	Good. Your religious belief is very strong.{nl}I will accept you as a monk. You should be prepared since our training is very hard.	좋아. 그대의 신앙은 훌륭하군. {nl}입문을 허락하겠소. 우리 몽크들의 수련은 혹독하니 각오하는 게 좋을 거요.{nl}	몽크 마스터
QUEST_JOBSTEP_20150714_002753	Sí, ¡eso es! Ha estado ahí todo el tiempo{nl}. De todos modos, te concedo la entrada al camino del Perdonador.	오오, 그래! 이거야. 등잔 밑이 어둡다더니 그게 내 꼴이군.{nl}어쨌든 파드너로 입문을 허락하지.	QUEST_JOBSTEP_20150317_000544	Oh. Yes! This is it.{nl}I will accept you as a Pardoner.	오오, 그래! 이거야. 등잔 밑이 어둡다더니 그게 내 꼴이군.{nl}어쨌든 파드너로 입문을 허락하지. 	파드너 마스터
QUEST_JOBSTEP_20150714_002754	¿Frasco de fuego? Claro que lo conozco. {nl}Pero soy comerciante. Así que, a menos que me consigas Aceite endurecido de Puragis en las llanuras de Saknis...	불항아리요? 알다마다요. {nl}하지만 전 장사꾼입지요. 사크니스 벌판에 있는 푸른 푸라기에게서 굳은 기름을 구해 주신다면 모를까..	QUEST_JOBSTEP_20150317_000546	Fire Pot? Of course I know of it.{nl}But you know I am a merchant. If you could get me the hardened oil from the monsters at Starving Demon's Way...	불항아리요? 알다마다요. {nl}하지만 전 장사꾼입지요. 큰 아귀 길에 있는 몬스터에게서 굳은 기름을 구해 주신다면 모를까..	장비 상인
QUEST_JOBSTEP_20150714_002755	El poatas del bosque oriental de Siauliai amenaza a los aldeanos.{nl}Si pudieras derrotar a ese monstruo en nombre de las diosas, te enseñaré mi magia.{nl}{nl}	샤울레이 동쪽 숲에 있는 포아타가 주민들을 위협하고 있대.{nl}여신의 이름으로 그 몬스터를 없애 준다면 나의 마법을 전수해 주겠어.{nl}{nl}	QUEST_JOBSTEP_20150317_000554	The Poata are threatening the villagers at the East Siauliai Woods.{nl}If you could defeat those monsters in the name of the Goddess Gabija, I will teach you my magic.{nl}{nl}	샤울레이 동쪽 숲에 있는 포아타가 주민들을 위협하고 있대.{nl}가비야 여신의 이름으로 그 몬스터를 없애 준다면 나의 마법을 전수해 주겠어.{nl}{nl}	파이로맨서 마스터
QUEST_JOBSTEP_20150714_002756	Bien hecho. Las diosas estarían satisfechas.{nl}Como prometí, te llevaré al nivel superior de Piromante.	잘했어. 여신께서도 만족해하실 거야.{nl}약속대로 파이로맨서의 더 높은 경지로 이끌어 줄게.	QUEST_JOBSTEP_20150317_000556	Well done. The Goddess, Gabija, must be very satisfied.{nl}As promised, I will take you to the next stage of Pyromancer.	잘했어. 가비야 여신께서도 만족해하실 거야.{nl}약속대로 파이로맨서의 더 높은 경지로 이끌어 줄게.	파이로맨서 마스터
QUEST_JOBSTEP_20150714_002757	Los psicokinos muestran sus poderes confiando en sus habilidades.{nl}Debes mostrar cuánta confianza tienes en ti mismo para alcanzar el nivel perfecto de psicokino.	사이코키노들은 자신의 능력을 믿는 것으로 힘을 발휘하네.{nl}자네가 스스로를 얼마나 믿는지를 보여야 완벽한 사이코키노의 경지로 들어설 수 있을 것이네.	QUEST_JOBSTEP_20150317_000560	A Psychokino shows his power by believing in his own abilities.{nl}You gotta show how much you trust yourself to receive my lessons.	사이코키노들은 자신의 능력을 믿는 것으로 힘을 발휘하네.{nl}자네가 스스로를 얼마나 믿는지를 보여야 내 가르침을 받을 수 있을 것이네.	사이코키노 마스터
QUEST_JOBSTEP_20150714_002758	Los guerreros Vubbe rojos de este bosque son difíciles de enfrentar{nl}. Pero, si confías en ti mismo, podrás enfrentarlos.	이 숲의 붉은 부베 투사는 자네에겐 분명 버거운 상대야.{nl}하지만 자네 스스로를 믿는다면 분명 상대할 수 있을 것이네.	QUEST_JOBSTEP_20150317_000561	The Red Vubbe Warriors in this forest are hard to fight against.{nl}But, if you trust yourself, you will be able to defeat them.	이 숲의 붉은 부베 투사는 자네에겐 분명 버거운 상대이네.{nl}하지만 자네 스스로를 믿는다면 분명 처치할 수 있을 것이네.	사이코키노 마스터
QUEST_JOBSTEP_20150714_002759	El nivel más alto de Linker..{nl}. Quiero saber cómo controlas el Maná. No me importa qué tipo de magia uses, solo derrota a los Guerreros Vubbe en el Bosque de East Siauliai.	링커의 가장 높은 단계.. 전 당신의 마나 운용법을 알고 싶군요.{nl}어떤 마법이든 상관없으니 샤울레이 동쪽 숲의 부베 투사를 처치해 주세요.	QUEST_JOBSTEP_20150317_000564	Before you learn magic from me, I want to see how you control mana.{nl}Defeat the Vubbe Warrior at the West Siauliai Woods using any magic you want.	저에게 마법을 배우기에 앞서 당신의 마나 운용법을 알고 싶군요.{nl}어떤 마법이든 상관없으니 샤울레이 동쪽 숲의 부베 투사를 처치해 주세요.	링커 서브 마스터
QUEST_JOBSTEP_20150714_002760	Tienes las habilidades más espléndidas entre las que he conocido antes.{nl}Pero si aprendes el nuevo control, serás el mejor Linker.	당신은 제가 만났던 사람 중에 가장 훌륭한 자질을 갖춘 것 같아요.{nl}하지만 여기에 링커의 새로운 운용법을 더한다면 최고의 링커가 되겠지요?	QUEST_JOBSTEP_20150317_000566	You possess great abilities indeed.{nl}As a Linker, if I can lead you well, you will become a really powerful magician.	당신은 아주 훌륭한 자질을 갖춘 것 같아요.{nl}제가 링커로서 당신을 잘 이끌어 줄 수만 있다면 정말 강력한 마법사가 되실 수 있을 거예요.	링커 서브 마스터
QUEST_JOBSTEP_20150714_002761	Antes de aprender el siguiente nivel de magia, debería poner a prueba tus conocimientos mágicos.{nl}Las salamandras que escalan la Torre de los Magos serían suficientes.	다음 단계의 마법을 배우기 전에 당신의 마법적 소양을 시험해 볼 필요가 있겠어요.{nl}마법사의 탑에 있는 타오르는 샐러맨더 정도면 될 거 같네요.	QUEST_JOBSTEP_20150317_000567	Before you learn the magic of a Thaumaturge, I need to test your magical skills.{nl}Defeat the Burning Salamanders at the Mage Tower.	쏘마터지의 마법을 배우기 전에 당신의 마법적 소양을 시험해 볼 필요가 있겠어요.{nl}마법사의 탑에 있는 타오르는 샐러맨더 정도면 될 거 같네요.	쏘마터지 마스터
QUEST_JOBSTEP_20150714_002762	Genial.{nl}Con esto, podrás aprender magia nueva sin ningún problema.	훌륭해요.{nl}이 정도면 새로 배울 마법들도 문제 없이 익힐 수 있겠어요.	QUEST_JOBSTEP_20150317_000569	This is nice.{nl}I will help with my best efforts for your future development.{nl}{nl}	이 정도면 훌륭해요.{nl}당신의 발전을 위해 힘껏 도와드릴게요.{nl}{nl}	쏘마터지 마스터
QUEST_JOBSTEP_20150714_002763	Sin exagerar tus palabras, es mucho mejor que te muestres.{nl}Derrotar a Reaverpede en la aldea de Escanciu será tu próxima tarea para el siguiente nivel.	자신을 말로 포장하는 것 보단 직접 보여주는 것이 백 배 낫습니다.{nl}에산치우 마을의 리버피드를 처치해 오시는 것이 다음 단계를 위한 과제입니다.	QUEST_JOBSTEP_20150323_002290	Instead of introducing yourself in words, it will be way better to show your abilities.{nl}My assignment for you is to defeat Reaverpede at Escanciu village.	자신을 말로 포장하는 것 보단 직접 보여주는 것이 백 배 낫습니다.{nl}에산치우 마을의 리버피드를 처치해 오시는 것이 제가 드리는 과제입니다.	엘리멘탈리스트 서브 마스터
QUEST_JOBSTEP_20150714_002764	Si quieres convertirte en mi discípulo, primero debo comprender tus habilidades.{nl}El Reaverpede en la aldea de Escanciu será suficiente.	저의 제자가 되고 싶다면 먼저 당신의 실력을 알아야겠지요.{nl}에산치우 마을의 골칫거리인 리버피드가 적당하겠어요.	QUEST_JOBSTEP_20150323_002294	If you want to learn my magic, I should first know how competent you are.{nl}Reaverpede at Escanciu Village would fit your reputation.	저의 마법을 배우고 싶다면 먼저 당신의 실력을 알아야겠지요.{nl}에산치우 마을의 골칫거리인 리버피드가 적당하겠어요.	크로노맨서 마스터
QUEST_JOBSTEP_20150714_002765	Sabía que vendrías{nl}. ¿Sentiste el límite como Taumaturgo, verdad?	슬슬 오실 때가 되었다고 생각했어요.{nl}쏘마터지로서 한계를 느끼시는 거죠?	QUEST_JOBSTEP_20150317_000602	Monsters are causing chaos near Fedimian.{nl}As a result, the masters are working together to defeat them.{nl}How about it, if you are an applicant to become a Thaumaturge, I think you should also help.	페디미안의 근처에서 몬스터들이 갑자기 난동을 부리고 있어요.{nl}덕분에 마스터들이 녀석들을 해치우는데 합심하고 있죠.{nl}어때요, 쏘마터지 지망생이라면 당연히 힘을 보태야 할 일이라고 보는데요?	쏘마터지 마스터
QUEST_JOBSTEP_20150714_002766	Pero aún quedan niveles.{nl}Primero, comprobaré si serías capaz de derrotar a Netherbovine cerca de Fedimian.	하지만 아직 남은 단계가 있어요.{nl}먼저 페디미안 근처의 네더보바인으로 당신이 그 단계를 넘어설 수 있을지 확인할게요.	QUEST_JOBSTEP_20150323_002295	Oh, such great courage.{nl}If you could defeat Netherbovine from Poslinkis Forest, I will help you advance.	오, 대단한 용기인걸요? {nl}포슬린키스 숲에서 난동을 부리고 있는 네더보바인을 해치우고 돌아온다면 전직을 시켜 드리죠.	쏘마터지 마스터
QUEST_JOBSTEP_20150714_002767	Para los taumaturgos no hay límites{nl}. Pero si uno tiene un límite, no hay otra manera.{nl}	쏘마터지의 영역엔 한계란 없어요.{nl}하지만 받아들이는 자신이 한계가 있다면 무슨 소용이겠어요?{nl}	QUEST_JOBSTEP_20150317_000604	Good. You are qualified as a Thaumaturge.{nl}As I promised, I will advance you.	좋아요. 쏘마터지로서 그 정도면 충분히 자격이 있네요.{nl}약속대로 전직시켜 드릴게요.	쏘마터지 마스터
QUEST_JOBSTEP_20150714_002768	En fin, has completado la tarea con éxito{nl}. ¿Aprendemos el siguiente truco de magia?	어쨌든, 당신은 과제를 훌륭히 통과했어요.{nl}다음 마법을 배워 볼까요?				쏘마터지 마스터
QUEST_JOBSTEP_20150714_002769	Los maestros de aquí cerca están persiguiendo a los monstruos que están causando el caos.{nl}Si eres el mejor Elementalista, primero debes derrotar a esos monstruos más rápido que nadie.	이 근방의 모든 마스터들이 난동을 부리는 몬스터를 쫓고 있습니다.{nl}최강의 엘리멘탈리스트라면 누구보다도 먼저 그 몬스터를 해치워야 하지 않겠습니까.	QUEST_JOBSTEP_20150323_002296	All the masters around here are chasing after the monsters.{nl}You should defeat the monsters quicker than anybody to learn my magic's.	이 근방의 모든 마스터들이 난동을 부리는 몬스터를 쫓고 있어요.{nl}누구보다도 먼저 그 몬스터를 처치해 주셔야만 제 마법을 배울 자격이 있습니다.	엘리멘탈리스트 서브 마스터
QUEST_JOBSTEP_20150714_002770	Puedo imaginarme los rostros de los otros maestros.{nl}No solo eso, estoy muy feliz de saber que eres apto para convertirte en el verdadero Elementalista.	다른 마스터들의 표정이 눈에 선하군요.{nl}뿐만 아니라 당신이 진정한 엘리멘탈리스트의 이름에 걸맞는다니 기분이 참 좋습니다.	QUEST_JOBSTEP_20150317_000607	I can still picture the faces of the other masters.{nl}Not only that, I am also happy to get a good disciple.	다른 마스터들의 표정이 눈에 선하군요.{nl}뿐만 아니라 좋은 제자를 얻게 되어서 기분이 참 좋습니다.	엘리멘탈리스트 서브 마스터
QUEST_JOBSTEP_20150714_002771	He oído que Necroventer ha reaparecido en el Jardín Ancestral de la Diosa{nl}. Si quieres aprender la alta magia del Hechicero, creo que sería un oponente adecuado. ¿Qué opinas?	여신의 옛뜰에서 네크로벤터가 다시 나타났다나봐.{nl}소서러의 고위 마법을 배우고 싶다면 적절한 상대인 것 같은데 어때?	QUEST_JOBSTEP_20150317_000608	It doesn't make sense to stay in a safe place as a master when there are hordes of monsters.{nl}I thought that wasn't right so I ran from Fedimian.{nl}	몬스터가 넘쳐나는데도 마스터면서 안전한 곳에만 있겠다는 건 말도 안 되는 거 같아.{nl}그건 도리가 아닌 거 같아서 페디미안에서 뛰쳐나왔어.{nl}	소서러 마스터
QUEST_JOBSTEP_20150714_002772	Es tan tonto.{nl}No hagas nada frente a una cantera tan bonita.	정말 바보같은 짓이야.{nl}저렇게 훌륭한 사냥감을 두고 가만히 있는다는 건.	QUEST_JOBSTEP_20150317_000610	It is silly to stay in a safe place as a master.{nl}	마스터면서 안전한 울타리 안에만 있다니, 정말 바보같은 짓이야.{nl}	소서러 마스터
QUEST_JOBSTEP_20150714_002773	Así que no me decepcionas en absoluto{nl}. Ahora ya sabes qué hacer a continuación, ¿verdad?	역시 날 실망시키지 않는구나.{nl}자. 이제 무엇을 해야 할 지는 알고 있겠지?	QUEST_JOBSTEP_20150317_000611	I understand your point.{nl}I will teach you magic as I had promised.	네 뜻은 잘 알겠어.{nl}약속대로 내 마법을 가르쳐 줄게.	소서러 마스터
QUEST_JOBSTEP_20150714_002774	Siempre puedo enseñar magia de nivel superior. {nl}Pero no estoy seguro de que puedas seguirme.	지금보다 더 난이도 있는 마법이야 언제든 가르쳐드릴 순 있지요. {nl}하지만 당신이 과연 따라올 수 있을지 의문이 드네요.	QUEST_JOBSTEP_20150317_000612	I can teach you my magic whenever you want.{nl}But, I am not sure if you can follow my lead well.	제 마법은 언제든 가르쳐드릴 순 있지요. {nl}하지만 당신이 과연 따라올 수 있을지 의문이 드네요.{nl}	크로노맨서 마스터
QUEST_JOBSTEP_20150714_002775	Eres más de lo que esperaba{nl}. Pero debes estar preparado, ya que va a ser más difícil que antes.	제 예상을 훨씬 웃도는 분이시군요.{nl}하지만 이전보다 더 어려운 영역이니 각오하셔야 할 겁니다.	QUEST_JOBSTEP_20150317_000614	You are better than I expected.{nl}But, the magic to control time is really difficult so you should be prepared.	제 예상을 훨씬 웃도는 분이시군요.{nl}하지만 시간을 다루는 마법은 아주 어려운 영역이니 각오하셔야 할 겁니다.	크로노맨서 마스터
QUEST_JOBSTEP_20150714_002776	¡Cuánto tiempo sin verte! Quieres convertirte en alquimista{nl}. Primero, deberíamos averiguar si puedes ser alquimista.	오랜만입니다. 알케미스트가 되고 싶으시다고요.{nl}일단 당신이 그 격에 어울리는 사람인지 먼저 알아봐야겠습니다.	QUEST_JOBSTEP_20150317_000615	Long time no see. You want to be an Alchemist.{nl}I should test if you are worthy enough to be an Alchemist.	오랜만입니다. 알케미스트가 되고 싶으시다고요.{nl}그 격에 어울리는 사람인지 먼저 알아봐야겠습니다.	
QUEST_JOBSTEP_20150714_002777	Bien. {nl}A partir de ahora, tengo muchas ganas de seguir adelante.	좋습니다. {nl}앞으로가 기대되는군요.	QUEST_JOBSTEP_20150317_000618	Good. I am looking forward to your future.{nl}I will advance you to Alchemist.	좋습니다. 앞으로가 기대되는군요.{nl}알케미스트로 전직시켜 드리겠습니다.	바이도타스
QUEST_JOBSTEP_20150714_002778	Para seguir la formación de un sacerdote, primero debes demostrar tu voluntad de expulsar a las fuerzas del mal. {nl}Llévate las bolsas con poder demoníaco de los Vubbes en la Aldea Minera de Siauliai.	프리스트의 수행을 따르시려면 먼저 사악한 힘을 몰아낼 의지를 증명하셔야 합니다.{nl}샤울레이 광산 마을의 부베들에게서 마기가 깃든 주머니를 빼앗아 오십시오.	QUEST_JOBSTEP_20150317_000619	You should prove your determination to remove evil in order to follow the training of a priest.{nl}Please get pouches imbued with Magi from the Vubbes at the 1st Floor of the Crystal Mine.	프리스트의 수행을 따르시려면 먼저 사악한 힘을 몰아낼 의지를 증명하셔야 합니다.{nl}수정광산 1층의 부베들에게서 마기가 깃든 주머니를 빼앗아 오십시오.	프리스트 마스터
QUEST_JOBSTEP_20150714_002779	Probablemente encontrarás muchos Vubbes en el puesto avanzado de los Vubbes y en su campo de refugiados.	부베 전초기지나 피난처에서 다수의 부베들을 발견하실 수 있을 겁니다.	QUEST_JOBSTEP_20150317_000620	Please talk to the elder of the Crystal Mine if you have a hard time entering the Crystal Mine.	만약 수정광산에 들어가기 힘들다면 광산 마을의 촌장님께 이야기해 보십시오.	프리스트 마스터
QUEST_JOBSTEP_20150714_002780	Aunque la magia no elige a su portador, no me gusta un discípulo perezoso.{nl}Derrotar a las Orcas de Piedra en la Mina de Cristal 1F como prueba de tus agallas.	마법은 사람을 가리지 않지만 난 게으른 사람은 싫어.{nl}수정광산 1층에서 스톤오르카를 해치우는 것으로 네 근성을 시험해 보겠어.	QUEST_JOBSTEP_20150428_002587	Magics won't distinguish people, but I don't like a lazy person.{nl}I will test your guts by seeing whether you could defeat Stone Orcas at at the 1st floor of Crystal Mine.	마법은 사람을 가리지 않지만 난 게으른 사람은 싫어.{nl}수정광산 1층에서 스톤오르카를 처치하는 것으로 네 근성을 시험해 보겠어.	위저드 마스터
QUEST_JOBSTEP_20150714_002781	Los clérigos deben servir a los demás si desean alcanzar una etapa superior en la vida. {nl}Por favor, recojan ungüentos verdes de los Vubbes en Miners' Village para que puedan curar a más personas.	클레릭은 봉사로써 더욱 높은 경지를 바라본답니다.{nl}보다 많은 사람들을 치료할 수 있도록 광산 마을의 부베에게서 녹색 고약을 모아 주세요.	QUEST_JOBSTEP_20150317_000640	Clerics help others to reach a higher stage.{nl}To cure other people, please get me the green ointment from the Vubbes at the 1st Floor of the Crystal Mine.{nl}{nl}	클레릭은 봉사로써 더욱 높은 경지를 바라본답니다.{nl}많은 사람들을 치료할 수 있도록 수정광산 1층의 부베에게서 녹색 고약을 모아 주세요.{nl}{nl}	클레릭 마스터
QUEST_JOBSTEP_20150714_002782	Elimina a los murciélagos en la Mina de Cristal 1F y trae sus alas como prueba.	수정광산 1층의 박쥐를 해치우고 그 증거로 녀석들의 날개을 가져와.	QUEST_JOBSTEP_20150317_000643	Defeat the bats at the 1st Floor of the Crystal Mine and bring me their wings as proof.	수정광산 1층의 박쥐를 처치하고 그 증거로 녀석들의 날개을 가져와.	아처 마스터
QUEST_JOBSTEP_20150714_002783	Hay un monstruo llamado Colimencia en las Colinas de Grynas. {nl}Es un monstruo amenazador, pero deberías poder derrotarlo fácilmente.	그리나스 구릉지에 콜리멘시아라는 몬스터가 있습니다.{nl}위협적인 몬스터입니다만, 이 정도는 가볍게 해치우셔야 합니다.	QUEST_JOBSTEP_20150323_002299	There's a monster called Colimencia at Grynas Hills.{nl}It is a threatening monster, but you should defeat it easily.	그리나스 구릉지에 콜리멘시아라는 몬스터가 있습니다.{nl}위협적인 몬스터입니다만, 이 정도는 가볍게 처치하셔야 합니다.	하플라이트 마스터
QUEST_JOBSTEP_20150714_002784	Finalmente, eres un verdadero Rodelero.{nl}Pero, ¿qué hay de Colimencia... El peligroso monstruo de la Mansión Greene?	드디어 자네도 한 명의 어엿한 로델레로군.{nl}하지만 콜리멘시아라면 어떨까.. 그린가의 장원에 있는 위험한 녀석 말일세.	QUEST_JOBSTEP_20150323_002301	If you want to learn from me, you should first show your skills to me.{nl}Colimencia at the Greene Manor would fit your reputation.	내게 가르침을 받기 원한다면 그 전에 자네의 실력을 내게 보여주게.{nl}그린가의 장원의 콜리멘시아라면 자네 명성에 걸맞은 상대겠지.	로델레로 마스터
QUEST_JOBSTEP_20150714_002785	Si falta algo, significa que tenemos margen de mejora.{nl}No te preocupes. Puedo completarlo por ti.	부족한 것이 있다는 건 더 나아갈 여지가 있다는 말일세.{nl}걱정 말게. 내가 채워줄 수 있거든.	QUEST_JOBSTEP_20150317_000666	Good. You skills are enough.{nl}I am happy to teach you.	좋아, 그 정도면 실력은 충분하군.{nl}가르치는 보람이 있겠어.	로델레로 마스터
QUEST_JOBSTEP_20150714_002786	Si sueñas con convertirte en el mejor Cataphract, deberías poder derrotar a Gaigalas en la Granja de los Inquilinos fácilmente.{nl}Si lo entiendes, vuelve pronto.	최강의 캐터프랙트를 꿈꾼다면 테넌츠 농장의 가이갈라스 정도는 가볍게 없앨 수 있어야지.{nl}알겠다면 어서 빨리 냉큼 다녀오게.				캐터프랙트 마스터
QUEST_JOBSTEP_20150714_002787	Una vez que decides convertirte en el mejor, no hay nada que temer{nl}. Tareas o lo que sea... simplemente lo destruiré todo. ¿No lo crees?	최강이 되겠다고 결심한 이상 거칠 게 뭐가 있겠어. {nl}과제고 뭐고 방해가 되는 건 전부 뚫어버리면 그만인 거야. 그렇지?				캐터프랙트 서브 마스터
QUEST_JOBSTEP_20150714_002788	Me gustas más cuanto más te veo.{nl}De acuerdo. Empecemos.	정말 볼 수록 마음에 드는 제자야.{nl}좋아. 시작해 보자고.				캐터프랙트 서브 마스터
QUEST_JOBSTEP_20150714_002789	Estoy ocupado personalmente..{nl}. Lo siento. Escuché un informe que decía que alguien vio el símbolo de la familia perdida, así que lo estoy buscando.	지금 저는 개인적으로 바쁜 일이 있어서.. 죄송합니다.{nl}잃어버린 가문의 장식을 봤다는 제보가 있어서 추적 중이거든요.	QUEST_JOBSTEP_20150317_000670	I am sorry, but I am too busy to accept you at the moment.{nl}I heard someone saw our family's symbol, which was lost on Medzio Diena, so I am looking for it.	죄송하지만 지금 저는 개인적으로 바쁜 일이 있어서 당신을 거둘 여유가 없습니다.{nl}신수의 날에 잃어버린 가문의 장식을 봤다는 제보가 있어서 추적 중이거든요.{nl}	스콰이어 마스터
QUEST_JOBSTEP_20150714_002790	Este... es el símbolo de la familia Legwyn.{nl}Gracias. Como prometí, te enseñaré nuevas habilidades.	이건.. 르귄가문의 장식이 맞습니다.{nl}감사합니다. 약속대로 당신께 새로운 기술을 전수해 드리지요.	QUEST_JOBSTEP_20150323_002303	This... It must be the symbol of the Legwyn family.{nl}Thank you. As I promised, I will help you to reach to a higher level.	이건.. 르귄가문의 장식이 맞습니다.{nl}감사합니다. 약속대로 당신이 더 높은 경지로 갈 수 있게 도와드리지요.	스콰이어 마스터
QUEST_JOBSTEP_20150714_002791	Los piratas tienen sus niveles y los corsarios también.{nl}Quizás el Honeypin en la Granja de los Inquilinos pueda localizarte exactamente.	해적도 급이 있듯이 커세어도 마찬가지야.{nl}테넌츠 농장의 허니핀 정도라면 네 위치를 확실하게 알 수 있을지도.	QUEST_JOBSTEP_20150511_002599	If you want to learn from me, you should first show me your skills.{nl}Honeypin at Tenants' Farm would be good.	나에게 뭘 배우고 싶다면 실력부터 제대로 보여주는 게 예의 아닐까?{nl}테넌츠 농장의 허니핀 정도가 적당한 것 같은데.	커세어 마스터
QUEST_JOBSTEP_20150714_002792	Vaya, esto es inesperado.{nl}Estará bien incluso si te enseño habilidades más difíciles.	이야, 예상 밖인걸?{nl}좀 더 어려운 기술을 가르쳐줘도 괜찮겠어.	QUEST_JOBSTEP_20150317_000675	Very reliable.{nl}Good. I will teach you my skills from now on.	믿음직스럽군.{nl}좋아. 이제부터 내 기술을 전수해 주겠어.	커세어 마스터
QUEST_JOBSTEP_20150714_002793	Si quieres convertirte en un Doppelsoeldner, busca a Gaigalas en Tenants' Farm.{nl}Si quieres ser reconocido en términos de tu determinación y habilidades.	도펠죌트너가 되고 싶다면 테넌츠 농장의 가이갈라스를 사냥해 오도록 해.{nl}너의 각오와 실력 모두를 인정받고 싶다면 말이다.	QUEST_JOBSTEP_20150414_002563	If you want to learn something from me, defeat Gaigalas at Tenants' Farm.{nl}If you want your will and skills to be acknowledged.	나에게 무언가를 배우고 싶다면 테넌츠 농장의 가이갈라스를 사냥해 오도록 해.{nl}너의 각오와 실력 모두를 인정받고 싶다면 말이다.	도펠죌트너 마스터
QUEST_JOBSTEP_20150714_002794	Esto es utilizable.{nl}Bien. Te doy la bienvenida como Doppelsoeldner.	쓸만하군.{nl}좋다. 도펠죌트너로써 환영한다.	QUEST_JOBSTEP_20150317_000678	I will recognize your skills as promised. {nl}Follow me. I will open the way of the Doppelsoeldner for you.	약속한 대로 너의 실력을 인정하지. {nl}따라와라. 도펠죌트너의 길을 열어주겠다.	도펠죌트너 마스터
QUEST_JOBSTEP_20150714_002795	Sentirás que es demasiado{nl}. Pero debes reconocer tus debilidades para alcanzar un nivel superior de Rodelero.{nl}	분명 버거움을 느낄 것이네.{nl}하지만 자신의 부족함을 알아야 더 높은 경지의 로델레로가 될 수 있는 것이지.{nl}				로델레로 마스터
QUEST_JOBSTEP_20150714_002796	Sé que estás progresando bien como Paladín competente{nl}. Pero quiero comprobarlo con mis propios ojos.	자네가 훌륭한 팔라딘으로 성장하고 있다는 건 익히 들어서 알고 있네.{nl}하지만 나는 내 두 눈으로 직접 확인하고 싶어.	QUEST_JOBSTEP_20150317_000696	I heard enough about you, that you have a firm religious belief.{nl}But I want to check it with my own eyes.	자네가 강직한 신앙심을 가지고 있다는 건 익히 들어서 알고 있네.{nl}하지만 나는 내 두 눈으로 직접 확인하고 싶어.	팔라딘 마스터
QUEST_JOBSTEP_20150714_002797	Muy bien, en efecto{nl}. Te guiaré para que te conviertas en el Paladín de más alto nivel.	참으로 훌륭하도다.{nl}내 자네를 가장 높은 경지의 팔라딘으로 이끌어 주겠네.	QUEST_JOBSTEP_20150317_000699	You have done well.{nl}With this, your religious belief is proven, so I will accept you to learn my lessons.	아주 훌륭하게 해내었군.{nl}이걸로 자네의 신앙심은 증명되었으니 나의 가르침을 받는 것을 허락하겠네.	팔라딘 마스터
QUEST_JOBSTEP_20150714_002798	¿Quieres avanzar? Entonces hay algo que deberías hacer por mí en lugar de una prueba. {nl}Por favor, recupera el dinero de la indulgencia perdido en la zona del puente del acueducto. ¿Puedes hacerlo, verdad?	승급을 원한다고. 그렇다면 시험 대신 자네가 해줄 것이 있어.{nl}수로교 지역에서 잃어버린 면죄부 대금을 되찾아 오게. 할 수 있겠지?	QUEST_JOBSTEP_20150323_002315	There's a something that you should do instead of an entrance test to become a Pardoner.{nl}Retrieve the money of the lost indulgence at the region near Aqueduct Bridge Area. You can do it right?	파드너 입문 시험 대신 자네가 해줄 것이 있어.{nl}수로교 지역에서 잃어버린 면죄부 대금을 되찾아 오게. 할 수 있겠지?	파드너 마스터
QUEST_JOBSTEP_20150714_002799	En el momento en que no sabía qué hacer, las diosas te enviaron.{nl}De todos modos, felicidades por tu ascenso.	참으로 난감한 차에 여신께서 자넬 보내주신 거지. 암. {nl}어쨌든 승급을 축하하네.	QUEST_JOBSTEP_20150317_000705	At the moment when I didn't know what to do, the goddess sent you.{nl}Anyways, I congratulate you in becoming a Pardoner.	참으로 난감한 차에 여신께서 자넬 보내주신 거지. 암. {nl}어쨌든 파드너로 입문을 축하하네.	파드너 마스터
QUEST_JOBSTEP_20150714_002800	Durante el duelo, descubrí que quienes te guiaron por el camino del Oráculo fueron las diosas.{nl}Debes hacer las interpretaciones, pero te ayudaré a hacer las interpretaciones correctas.	이 대련으로 당신을 오라클로 인도한 것이 여신의 뜻임을 알았습니다.{nl}해석은 그대의 몫.. 하지만 최대한 올바른 해석을 할 수 있도록 제가 돕겠습니다.	QUEST_JOBSTEP_20150317_000708	I checked your competence well enough.{nl}As an Oracle Master, I will help you interpret the oracle well.	당신의 역량은 잘 확인했습니다.{nl}오라클 마스터로써 그대가 옳바르게 신탁을 해석할 수 있도록 도와드리겠습니다.	오라클 마스터
QUEST_JOBSTEP_20150714_002801	En realidad, es bastante difícil conseguir tu primer halcón{nl}. Pero ahora tú también eres cetrero, así que te ayudaré con eso.	참, 처음엔 매를 분양받기 힘들 거다.{nl}이제부터 같은 응사인데 이 정돈 내가 도와 줘야지.	QUEST_JOBSTEP_20150428_002589	And, it will be difficult to get a hawk at first.{nl}I will help you with this since we are the same Pardoners.	참, 처음엔 매를 분양받기 힘들 거야.{nl}이제부터 같은 응사인데 이 정돈 내가 도와 줘야지.	응사 마스터
QUEST_JOBSTEP_20150714_002802	¡Observa/Reúne las ofrendas y entrégaselas al Maestro Clérigo!#10	Notice/성금을 모아 클레릭 마스터에게 전달하세요!#10	QUEST_JOBSTEP_20150317_000841	Notice/Gather donations and give it to the Cleric Master!#7	Notice/성금을 모아 클레릭 마스터에게 전달!#7	
QUEST_JOBSTEP_20150714_002803	¡Atención/Curación de los pacientes en la Aldea Minera de Siauliai! #5	Notice/샤울레이 광산 마을의 환자를 치료하세요!#5	QUEST_JOBSTEP_20150317_000906	Notice/Let's treat the patients of Siauliai Miners' Village!#5	Notice/샤울레이 광산 마을의 환자를 치료하자!#5	
QUEST_JOBSTEP_20150714_002804	¿En qué puedo ayudarte?	도와줄 일이 무엇인지 묻는다	QUEST_JOBSTEP_20150317_000911	I will get the essence of the demon.	마족의 정수를 구해 오겠다고 한다	
QUEST_JOBSTEP_20150714_002805	Cuéntame sobre eso	말해보라고 한다				
QUEST_JOBSTEP_20150714_002806	Atraer	유인 중				
QUEST_JOBSTEP_20150714_002807	Aviso/¡El gato está mostrando interés!#5	Notice/고양이가 관심을 보입니다!#5	QUEST_JOBSTEP_20150317_000942	Notice/The cat is showing interest!	Notice/고양이가 관심을 보입니다!	
QUEST_JOBSTEP_20150714_002808	Extracción de alcohol de flores silvestres	야생화 꽃술 채집 중				
QUEST_JOBSTEP_20150714_002809	Aviso/Casilla vacía	Notice/빈 상자입니다	QUEST_JOBSTEP_20150317_001110	Notice/Empty Box	Notice/빈 상자	
QUEST_JOBSTEP_20150714_002810	Sí	그렇다고 한다				
QUEST_JOBSTEP_20150714_002811	Recoge las semillas de Carcashus en Septyni Glen.	셉티니 골에서 카르카슈의 씨앗 수집	QUEST_JOBSTEP_20150323_002335	Collect the flower alcohol of Doyor from Veja Ravine	베야 골짜기에서 도요르의 꽃술 수집	
QUEST_JOBSTEP_20150714_002812	El Maestro Psicocinematográfico te pidió que te convirtieras en su asistente si te interesa este campo. Consigue las semillas de Carcashus que necesita el Maestro Psicocinematográfico en Septyni Glen.	사이코키노 마스터는 이 분야에 관심이 있다면 잠시 자신의 조수가 되어 보는 것을 권했습니다. 사이코키노 마스터가 필요로 하는 셉티니 골에서 카르카슈의 씨앗을 구해 오세요.	QUEST_JOBSTEP_20150323_002336	Psychokino offered you to become his assistant if you are interested in this kind of field. Obtain flower alcohol of Doyor from Veja Ravine which the Psychokino Master is interested in.	사이코키노 마스터는 이 분야에 관심이 있다면 잠시 자신의 조수가 되어 보는 것을 권했습니다. 사이코키노 마스터가 필요로 하는 베야 골짜기에서 도요르의 꽃술을 구해 오세요.	
QUEST_JOBSTEP_20150714_002813	He conseguido suficientes semillas de Carcashus en Septyni Glen. Vuelve con el Maestro del Psicocine y entrégale el alcohol de la flor.	셉티니 골에서 카르카슈의 씨앗을 충분히 구했습니다. 사이코키노 마스터에게 돌아가 꽃술을 전해 주세요.	QUEST_JOBSTEP_20150323_002337	You have obtained enough flower alcohol of Doyor from Veja Ravine. Return to the Psychokino Master and hand him the alcohol.	베야 골짜기에서 도요르의 꽃술을 충분히 구했습니다. 사이코키노 마스터에게 돌아가 꽃술을 전해 주세요.	
QUEST_JOBSTEP_20150714_002814	El Maestro Cazador te dijo que si lo ayudabas a encontrar los libros, te reconocería como Cazador. Tal como te indicó, busca los libros en el Puesto Avanzado de Vubbe.	헌터 마스터는 책을 찾는 일을 도와 준다면 헌터로 인정하겠다고 합니다. 헌터 마스터가 알려준 대로 부베 전초기지에서 헌터 마스터가 찾는 책이 있는지 수색해 보세요.	QUEST_JOBSTEP_20150317_001273	The Hunter Master is looking for a book, and he says he'll take you as a Hunter if you help him find it. Search Vubbe Outpost and check if  you can find the book there.	헌터 마스터는 책을 찾고 있으며 책을 찾는 일을 도와 준다면 헌터로 인정하겠다고 합니다. 헌터 마스터가 알려준 대로 부베 전초기지에서 헌터 마스터가 찾는 책이 있는지 수색해 보세요.	
QUEST_JOBSTEP_20150714_002815	El Maestro de los Tiradores de Quarrel te pidió que le ayudaras a buscar los libros. Tal como te indicó, busca los libros en el Puesto Avanzado de Vubbe.	쿼렐슈터 마스터는 책을 찾는 일을 도와 달라고 합니다. 쿼렐슈터 마스터가 알려준 대로 부베 전초기지에서 쿼렐슈터 마스터가 찾는 책이 있는지 수색해 보세요.	QUEST_JOBSTEP_20150317_001295	The Quarrel Shooter Master is looking for a book and he says he'll take you as a Quarrel Shooter if you help him find the book. Search the Vubbe Outpost and check if the you can find the book there.	쿼렐슈터 마스터는 책을 찾고 있으며 책을 찾는 일을 도와 준다면 쿼렐슈터로 인정하겠다고 합니다. 쿼렐슈터 마스터가 알려준 대로 부베 전초기지에서 쿼렐슈터 마스터가 찾는 책이 있는지 수색해 보세요.	
QUEST_JOBSTEP_20150714_002816	El Maestro Arquero te pidió que le ayudaras a buscar los libros. Tal como te indicó, busca los libros en el Puesto Avanzado de Vubbe.	아처 마스터는 책을 찾는 일을 도와 달라고 합니다. 아처 마스터가 알려준 대로 부베 전초기지에서 아처 마스터가 찾는 책이 있는지 수색해 보세요.	QUEST_JOBSTEP_20150317_001312	The Archer Master is looking for a book and he says he'll take you as an Archer if you help him find the book. Search the Vubbe Outpost and check if the you can find the book there.	아처 마스터는 책을 찾고 있으며 책을 찾는 일을 도와 준다면 아처로 인정하겠다고 합니다. 아처 마스터가 알려준 대로 부베 전초기지에서 아처 마스터가 찾는 책이 있는지 수색해 보세요.	
QUEST_JOBSTEP_20150714_002817	El jefe de los guardabosques te pidió que le ayudaras a buscar los libros. Tal como te indicó, busca los libros en el puesto de avanzada de Vubbe.	레인저 마스터는 책을 찾는 일을 도와 달라고 합니다. 레인저 마스터가 알려준 대로 부베 전초기지에서 레인저 마스터가 찾는 책이 있는지 수색해 보세요.	QUEST_JOBSTEP_20150317_001327	The Ranger Master is looking for a book and he says he'll take you as an Ranger if you help him find the book. Search the Vubbe Outpost and check if the you can find the book there.	레인저 마스터는 책을 찾고 있으며 책을 찾는 일을 도와 준다면 레인저로 인정하겠다고 합니다. 레인저 마스터가 알려준 대로 부베 전초기지에서 레인저 마스터가 찾는 책이 있는지 수색해 보세요.	
QUEST_JOBSTEP_20150714_002818	Obtenga las cortezas de árboles gruesas de Mentiwood en Septyni Glen.	셉티니 골의 멘티우드에게서 성긴 나무 껍질 획득	QUEST_JOBSTEP_20150406_002550	Obtain the tree barks from Tipios from Veja Ravine	베야 골짜기의 티피오에게서 성긴 나무 껍질 획득	
QUEST_JOBSTEP_20150714_002819	Obtén la corteza tosca del árbol Mentiwood como compensación por recibir ayuda del Maestro Peltasta en Klaipeda.	클라페다에 있는 펠타스타 마스터에게 협조를 구하는 댓가로 멘티우드의 성긴 나무 껍질을 5개 구해 전해 주세요.	QUEST_JOBSTEP_20150323_002350	As a compensation for getting support from the Peltasta Master in Klaipeda, obtain 5 Tipio's tree barks and give them to him.	클라페다에 있는 펠타스타 마스터에게 협조를 구하는 댓가로 티피오의 성긴 나무 껍질을 5개 구해 전해 주세요.	
QUEST_JOBSTEP_20150714_002820	Recoge las uñas de los pies de los mordedores en Septyni Glen.	셉티니 골에서 비테로스의 발톱 수집	QUEST_JOBSTEP_20150323_002355	Collect Beetow toe nails from Veja Ravine	베야 골짜기에서 비토우의 발톱 수집	
QUEST_JOBSTEP_20150714_002821	El Maestro Peltasta te ha encomendado una misión. Consigue las uñas de los pies de los Biteroses en Septyni Glen.	펠타스타 마스터는 한 가지 임무를 맡겼습니다. 셉티니 골에서 비테로스의 발톱을 구해 오세요.	QUEST_JOBSTEP_20150323_002356	The Peltasta Master wants to compensate for the Highlander Master's help. Collect the toe nails of Beetow from Veja Ravine.	펠타스타 마스터는 하이랜더 마스터의 성의에 보답하고자 합니다. 베야 골짜기에서 비토우의 발톱을 구해 오세요.	
QUEST_JOBSTEP_20150714_002822	Todas las regiones de Septyni Glen	셉티니 골 전 지역	QUEST_JOBSTEP_20150428_002590	All regions at Veja Ravine	베야 골짜기 전 지역	
QUEST_JOBSTEP_20150714_002823	Adquirió las uñas de los pies de Biteroses. Entrégueselas al Maestro Highlander en Klaipeda.	비테로스의 발톱을 구했습니다. 클라페다의 하이랜더 마스터에게 전해 주세요.	QUEST_JOBSTEP_20150323_002358	You have obtained the toe nails of Beetow. Hand them over to the Highlander Master in Klaipeda.	비토우의 발톱을 구했습니다. 클라페다의 하이랜더 마스터에게 전해 주세요.	
QUEST_JOBSTEP_20150714_002824	Las uñas de los pies de los mordedores	비테로스의 발톱				
QUEST_JOBSTEP_20150714_002825	El Maestro Criomante te dijo que busca un libro valioso y que necesita que se lo traigas. Reúnete con el alcalde de la aldea minera de Siauliai para preguntarle sobre el paradero del libro.	크리오맨서는 자신이 찾는 귀한 책이 있다면서 그 책을 찾아다 주길 원하고 있습니다. 샤울레이 광산 마을의 촌장을 찾아 책의 행방에 대해 대화해 보세요.				
QUEST_JOBSTEP_20150714_002826	Derrota a Carcashus en Septyni Glen.	셉티니 골의 카르카슈 처치	QUEST_JOBSTEP_20150323_002362	Defeat Beetow at Veja Ravine	베야 골짜기의 비토우 처치	
QUEST_JOBSTEP_20150714_002827	El Maestro Espadachín quiere que te des cuenta. Mientras derrotas a Carcashus en Septyni Glen, comprende las palabras que te dijo el Maestro Espadachín.	소드맨 마스터는 깨달음을 얻길 원하고 있습니다. 셉티니 골의 카르카슈를 처치하면서 소드맨 마스터가 한 말의 의미를 깨닫고 오세요.	QUEST_JOBSTEP_20150406_002552	The Swordsman Master wants you to learn something. Defeat Beetow at Veja Ravine and learn what Swordsman has told you.	소드맨 마스터는 깨닳음을 얻길 원하고 있습니다. 베야 골짜기의 비토우를 처치하면서 소드맨 마스터가 한 말의 의미를 깨닫고 오세요.	
QUEST_JOBSTEP_20150714_002828	Consigue los Cuernos de Glizardon de la Iglesia Tenet B1, las Pieles de Galok de la 1F, {nl}y los Fragmentos de Egnomo de la 2F que quiere el Maestro Mago.	위저드 마스터가 원하는 재료인 테넷 성당 지하 1층의 글리자돈의 뿔, 지상 1층의 갈록의 털, 지상 2층의 이노움의 파편을 모아다 주세요.	QUEST_JOBSTEP_20150323_002365	Please obtain Glizardon's Bone from Tenet Church B1, Galok's Hair in 1F, and the fragments of Egnome in 2F	위저드 마스터가 원하는 재료인 테넷 성당 지하 1층의 글리자돈의 뼈, 지상 1층의 갈록의 털, 지상 2층의 이노움의 파편을 모아다 주세요.	
QUEST_JOBSTEP_20150714_002829	El Maestro Clérigo te pidió ayuda para curar a los pacientes. Consigue el Agua Bendita del Maestro Sacerdote y del Maestro Krivis y cura a los pacientes en la Aldea Minera.	클레릭 마스터는 환자를 치료하는 것을 도와달라고 합니다. 프리스트 마스터와 크리비 마스터에게 성수를 받아 광산 마을에 있는 환자를 치료해 주세요.				
QUEST_JOBSTEP_20150714_002830	El Maestro Psychokino te dijo que te ayudaría a desarrollar tus verdaderas habilidades, pero a cambio exige esencias demoníacas. Derrota al Minotauro y a Chapparition para obtenerlas.	사이코키노는 진짜 재능이 발현되는 것을 도와줄 테니 그 댓가로 마족의 정수를 원하고 있습니다. 관문로에 있는 미노타우로스와 채퍼리션을 처치하여 마족의 정수를 얻으세요.	QUEST_JOBSTEP_20150323_002367	Psychokino told you that he will help you release a supernatural power, but he wants the essence of demons as a reward. Defeat Minotaur and Chapparition at Gate Route and obtain the Demon Essences.	사이코키노는 초능력이 발현되는 것을 도와줄 테니 그 댓가로 마족의 정수를 원하고 있습니다. 관문로에 있는 미노타우로스와 채퍼리션을 처치하여 마족의 정수를 얻으세요.	
QUEST_JOBSTEP_20150714_002831	El Maestro Zapador te pidió ayuda para su experimento. Primero, recoge el Jugo Ardiente de Tontulias en el Cruce de Zachariel.	새퍼 마스터는 자신의 실험을 도와 달다고 합니다. 먼저 자카리엘 교차로에서 톤투리아의 잘 타는 즙을 수집해 오세요.	QUEST_JOBSTEP_20150323_002379	The Sapper Master told you that he will help you becoming a Sapper if you could help him with his experiment. Collect burnable juice from Tonturia at Zachariel Crossroads first.	새퍼 마스터는 자신의 실험을 도와 준다면 새퍼가 되는 것을 도와 주겠다고 합니다. 먼저 자카리엘 교차로에서 톤투리아의 잘 타는 즙을 수집해 오세요.	
QUEST_JOBSTEP_20150714_002832	El Maestro Piromante te pidió algo a cambio de enseñarte magia de alto nivel. Coloca la Olla del Sol en la Cresta de Ramstis.	파이로맨서 마스터는 고위 마법을 가르쳐주는 대가로 의뢰를 부탁했습니다. 람스티스 협곡에 태양의 항아리를 놓으세요.				
QUEST_JOBSTEP_20150714_002833	Recoge la corteza dura de Varv y el cuerno fuerte de Zinutekas, que son los ingredientes que el Maestro Criomante necesita, en el primer piso del Mausoleo Real.	왕릉 1층에서 크리오맨서가 원하는 재료인 바브의 딱딱한 껍질과 지누테카스의 단단한 뿔을 모아 주세요.	QUEST_JOBSTEP_20150323_002389	Please get Hogma Shaman at the King's Plateau and the canine of the guard which are the ingredients that the Cryomancer wants.	크리오맨서가 원하는 재료인 왕의 고원의 호그마 주술사와 파수꾼의 송곳니를 모아 주세요.	
QUEST_JOBSTEP_20150714_002834	El Maestro Sadhu quiere saber si estás preparado para aceptar el entrenamiento. Enfréntate al Maestro Sadhu en un duelo y gana.	사두 마스터는 수련을 받아들일 준비가 되었는지 알고싶어 합니다. 사두 마스터와 대련하여 승리를 거두세요.	QUEST_JOBSTEP_20150323_002395	Get a win from the Sadhu Master from dueling.	사두 마스터와 대련하여 승리를 거두세요.	
QUEST_JOBSTEP_20150714_002835	Habla con el Maestra Wugushi en la Puerta del Gran Rey.	대왕의 관문에 있는 무고사 마스터와 대화해 보세요.	QUEST_JOBSTEP_20150323_002396	Talk to the Wugushi Master at Tiltas Valley.	틸타스 협곡에 있는 무고사 마스터와 대화해 보세요.	
QUEST_JOBSTEP_20150714_002836	El Maestra Wugushi afirma que, aunque sea un cobarde, el último en pie es el verdadero vencedor del combate. ¡Reta un duelo al Maestra Wugushi!	무고사 마스터는 싸움에 있어 비겁하더라도 살아남는 쪽이 진정한 승리자라고 합니다. 무고사 마스터와 대련하세요.	QUEST_JOBSTEP_20150323_002397	The Wugushi Master told you that the one who survives at the end is the true winner even if he uses tricks. Duel against the Wugushi Master at Tiltas Valley.	무고사 마스터는 싸움에 있어 비겁하더라도 살아남는 쪽이 진정한 승리자라고 합니다. 틸타스 협곡에서 무고사 마스터와 대련하세요.	
QUEST_JOBSTEP_20150714_002837	Mejora el objeto tipo Escudo hasta cuatro niveles.	방패 계열 장비를 4단계로 강화				
QUEST_JOBSTEP_20150714_002838	El Maestro Rodelero te pidió que trajeras tu escudo con un nivel de mejora de 4. Mejora un objeto tipo escudo y llévaselo al Maestro Rodelero para ganarte su reconocimiento.	로렐렉로 마스터는 4단계 정도 강화된 방패를 가져오라고 합니다. 방패 계열 장비를 강화해 로델레로 마스터의 인정을 받으세요.	QUEST_JOBSTEP_20150317_001591	The Rodelero Master ask you to present to her a shield of Lv 6 or above. Upgrade your Shield to get Rodelero Master's Acknowledgment	로렐렉로 마스터는 6단계 정도 강화된 방패를 가져오라고 합니다. 방패 계열 장비를 강화해 로델레로 마스터의 인정을 받으세요.	
QUEST_JOBSTEP_20150714_002839	Se ha mejorado con éxito el objeto tipo escudo hasta 4 niveles. Infórmale al Maestro Rodelero.	방패 계열의 장비를 4단계로 강화하는데 성공하였습니다. 로델레로 마스터에게 보고하세요.				
QUEST_JOBSTEP_20150714_002840	Habla con el Maestro Taumaturgo en la Puerta al Gran Rey.	대왕의 관문에 있는 쏘마터지 마스터와 대화하세요.				
QUEST_JOBSTEP_20150714_002841	Obtén resina de Varb, fragmentos de cola de Zinutekas y núcleos de activación de Boowook en el primer piso del Mausoleo Real.	왕릉 1층에서 바브의 진액, 지누테카스의 꼬리 파편과 부우크의 구동핵을 구해 오세요.	QUEST_JOBSTEP_20150323_002404	Obtain Hogma Shaman, the blood of Hogma Scout from the King's Plateau and the blood of Hogma Captain at Zachariel Crossroads.	왕의 고원에서 호그마 주술사와 호그마 파수꾼의 피, 자카리엘 교차로에서 호그마 전투대장의 피를 구해 오세요.	
QUEST_JOBSTEP_20150714_002842	Habla con el jefe de los scouts en la Puerta al Gran Rey.	대왕의 관문에 있는 스카우트 마스터와 대화해 보세요.	QUEST_JOBSTEP_20150323_002407	Talk to the Scout Master at Overlong Bridge Valley.	긴다리 계곡에 있는 스카우트 마스터와 대화해 보세요.	
QUEST_JOBSTEP_20150714_002843	Habla con el Maestro Cataphracto en la Puerta al Gran Rey.	대왕의 관문에 있는 캐터프랙트 마스터와 대화하세요.				
QUEST_JOBSTEP_20150714_002844	Obtén las Bolsas de Energía Maligna Imbuida de los Vubbes en la Aldea Minera.	샤울레이 광산 마을 부베들에게 마기가 깃든 주머니 획득	QUEST_JOBSTEP_20150317_001628	Get the pouch with evil aura from the Vubbes in Crystal Mine 1F	수정광산 1층 부베들에게 마기가 깃든 주머니 획득	
QUEST_JOBSTEP_20150714_002845	El Maestro Sacerdote te pidió que derrotaras a los Vubbes en los alrededores de la Aldea Minera para demostrar tu sinceridad.	프리스트 마스터는 신실함의 증명으로 샤울레이 광산 마을 근처의 부베들을 처치하고 	QUEST_JOBSTEP_20150317_001629	The Priest Master ask you to defeat the Vubbes occupying Crystal Mine 1F as a proof of your faith	프리스트 마스터는 신실함의 증명으로 수정광산 1층을 점령한 부베들을 처치하고 	
QUEST_JOBSTEP_20150714_002846	Recoge ungüentos verdes de Vubbes en el Aldea Minera de Siauliai.	샤울레이 광산 마을의 부베에게서 녹색 고약 수집	QUEST_JOBSTEP_20150317_001659	Get green ointments from the Vubbes in Crystal Mine 1F	수정광산 1층의 부베에게서 녹색 고약 수집	
QUEST_JOBSTEP_20150714_002847	El Maestro Clérigo te dijo que puedes alcanzar niveles superiores mediante dedicaciones. Derrota a los Vubbes en la Aldea Minera de Siauliai y recoge Ungüentos Verdes.	클레릭 마스터는 봉사로써 더욱 높은 경지를 바라볼 수 있다고 합니다. 샤울레이 광산 마을의 부베들을 처치하고 녹색 고약을 모아 오세요.	QUEST_JOBSTEP_20150317_001660	The Cleric Master says you can aim to reach higher through service. Defeat the Vubbes in Crystal Mine 1F and gather green ointment.	클레릭 마스터는 봉사로써 더욱 높은 경지를 바라볼 수 있다고 합니다. 수정광산 1층의 부베들을 처치하고 녹색 고약을 모아 오세요.	
QUEST_JOBSTEP_20150714_002848	Recupera los objetos robados al Maestro Corsario en el Bosque de la Oración. Encuentra el Permiso de Muelle, la Carta del Navegante y el Contrato derrotando a los Luchadores de la Prisión.	기원의 숲에서 커세어 마스터의 도둑맞은 물건들을 찾아와주세요. 뇌옥투사에게 입항허가서, 항해도와 계약서를 찾을 수 있습니다.	QUEST_JOBSTEP_20150323_002416	Retrieve the items stolen from the Corsair Master in the Poslinkis Forest. The Dock Permit can be found by defeating High Vubbes, the Navigator's Chart by defeating High Vubbe Archers and the Contract can be found by defeating Green Pokuborns.	포슬린키스 숲에서 커세어 마스터의 도둑맞은 물건들을 찾아와주세요. 하이 부베에게 입항허가서, 하이 부베 궁수에게 항해도, 초록 포쿠본에게 계약서를 찾을 수 있습니다.	
QUEST_JOBSTEP_20150714_002849	Dirígete al Maestro Fletcher en el Jardín Antiguo de la Diosa.	여신의 옛뜰에 있는 플레쳐 마스터를 찾아 가세요.	QUEST_JOBSTEP_20150323_002422	Find the Fletcher Master at Escanciu Village	에산치우 마을에 있는 플레쳐 마스터를 찾아 가세요.	
QUEST_JOBSTEP_20150714_002850	Caza 3 tipos de monstruos en varias regiones.	다양한 지역의 몬스터 3종 사냥	QUEST_JOBSTEP_20150323_002424	Hunt for 3 kinds of monsters using baits	미끼를 사용하여 몬스터 3종 사냥	
QUEST_JOBSTEP_20150714_002851	El Maestro Cazador te ha asignado una misión relacionada con la caza de monstruos que se encuentran dispersos en varias regiones.{nl}Caza patitos en el Bosque de la Bandera del Atardecer, dragones negros en el quinto piso de la Torre del Mago y kowaks del Bosque de la Oración.	헌터 마스터는 여러 지역에 흩어져있는 몬스터 사냥에 대한 과제를 내 주었습니다.{nl}해진깃발숲에서 더키, 마법사의 탑 5층에서 검은 드레이크, 기원의 숲에서 코왁을 사냥하세요.	QUEST_JOBSTEP_20150323_002425	The Hunter Master gave you the assignments for monsters that are scattered throughout various regions.{nl}Use bait to hunt for Bushspider at the entrace of Kateen Forest, Ellomago at the Owl Burial Ground, and green Pokuborns at Poslinkis Forest.	헌터 마스터는 여러 지역에 흩어져있는 몬스터 사냥에 대한 과제를 내 주었습니다.{nl}미끼를 사용하여 카틴 숲 입구에서 크루마보, 매너클 묘지에서 엘로마고, 포슬린키스 숲에서 초록 포쿠본을 사냥하세요.	
QUEST_JOBSTEP_20150714_002852	%s de Sunset Flag Forest	해진깃발숲의 %s	QUEST_JOBSTEP_20150323_002426	Bushspiders at the entrance of Kateen Forest	카틴 숲 입구의 크루마보	
QUEST_JOBSTEP_20150714_002853	%s de la Torre de Magos 5F	마법사의 탑 5층의 %s	QUEST_JOBSTEP_20150323_002427	Ellomagos at the Owl Burial Ground	매너클 묘지의 엘로마고	
QUEST_JOBSTEP_20150714_002854	%s del Bosque de la Oración	기원의 숲의 %s	QUEST_JOBSTEP_20150323_002428	Green Pokuborns at Poslinkis Forest	포슬린키스 숲의 초록 포쿠본	
QUEST_JOBSTEP_20150714_002855	Ve al Maestra Wugushi en la Puerta al Gran Rey.	대왕의 관문에 있는 무고사 마스터를 찾아 가세요.	QUEST_JOBSTEP_20150323_002429	Go look for the Wugushi Master at Tiltas Valley.	틸타스 협곡에 있는 무고사 마스터를 찾아 가세요.	
QUEST_JOBSTEP_20150714_002856	Dirígete al jefe de los scouts en Gateway to Great King.	대왕의 관문에 있는 스카우트 마스터를 찾아 가 보세요.	QUEST_JOBSTEP_20150323_002433	Meet the Scout Master at Overlong Bridge Valley.	긴다리 계곡에 있는 스카우트 마스터를 찾아 가 보세요.	
QUEST_JOBSTEP_20150714_002857	Usa bengalas para encontrar a los monstruos ocultos en el cruce de caminos de Apsimesti y derrotarlos.	압시메스티 교차로에 숨어있는 몬스터들을 섬광탄을 사용하여 찾아낸 뒤 처치하세요.	QUEST_JOBSTEP_20150323_002435	Find the hidden monsters at Saknis Plains using flash bombs and defeat them.	사크니스 벌판에 숨어있는 몬스터들을 섬광탄을 사용하여 찾아낸 뒤 처치하세요.	
QUEST_JOBSTEP_20150714_002858	La Maestro Hoplita quiere que encuentres y derrotes a Shadowgaler, a quien la Maestra Hackapell prometió vencer. Como ella desea, regresa después de derrotar a Shadowgaler en la Tumba de las Manillares.	하플라이트 마스터는 하카펠 마스터가 처치하기로 약속한 섀도게일러를 한 발 먼저 처치하여 골탕을 먹일 것을 바라고 있습니다. 그녀의 바램대로 매너클 묘지의 섀도게일러를 처치하고 와 주세요.	QUEST_JOBSTEP_20150323_002439	The Hoplite Master told you that before you learn a lesson, he wants you to defeat Shadowgaler first before the Hackapell Master defeates them. As she requested, defeat Shadowgaler at the Owl Burial Ground and come back.	하플라이트 마스터는 가르침을 받기에 앞서 하카펠 마스터가 처치하기로 약속한 섀도게일러를 한 발 먼저 처치하여 골탕을 먹일 것을 바라고 있습니다. 그녀의 바램대로 매너클 묘지의 섀도게일러를 처치하고 와 주세요.	
QUEST_JOBSTEP_20150714_002859	El Maestro de Escuderos te pidió que practicaras el uso de la cuerda de arresto tanto como puedas para que puedas controlarla sin problemas. Practica usar la cuerda con tres monstruos a la vez en el Bosque de Poslinkis.	스콰이어 마스터는 포박 포승줄을 손에 익을때까지 연습하라고 합니다. 포슬린키스 숲에 있는 몬스터를 상대로 동시에 3마리에게 포박 포승줄을 사용할 수 있도록 연습해 보세요.	QUEST_JOBSTEP_20150323_002442	The Squire Master told you that you should continuously practice until the skill becomes yours. Practice the skill against the monsters at Poslinkis Forest.	스콰이어 마스터는 포박 포승줄을 손에 익을때까지 연습하라고 합니다. 포슬린키스 숲에 있는 몬스터를 상대로 포박 포승줄을 연습해 보세요.	
QUEST_JOBSTEP_20150714_002860	Dirígete al Maestro Centurión en el Bosque de la Oración.	기원의 숲에 있는 센츄리온 마스터를 찾아 가세요.	QUEST_JOBSTEP_20150317_001802	Meet the Centurion Master at Starving Demon's Way	큰아귀 길에 있는 센츄리온 마스터를 찾아 가세요.	
QUEST_JOBSTEP_20150714_002861	El Maestra Wugushi te espera en la Puerta del Gran Rey.	대왕의 관문의 무고사 마스터가 당신을 찾고 있습니다	QUEST_JOBSTEP_20150323_002449	The Wugushi Master at Tiltas Valley is looking for you	틸타스 협곡의 무고사 마스터가 당신을 찾고 있습니다	
QUEST_JOBSTEP_20150714_002862	El jefe de los scouts te espera en la Puerta del Gran Rey.	대왕의 관문의 스카우트 마스터가 당신을 찾고 있습니다				
QUEST_JOBSTEP_20150714_002863	El jefe de los exploradores quiere poner a prueba tus habilidades. Derrota a Deadborn en el Distrito 1 de la Prisión Demoníaca y regresa con el jefe de los exploradores.	스카우트 마스터는 기량을 확인하고 싶어 합니다. 마족수감소 1구역에서 데드본을 처치하고 스카우트 마스터에게 돌아가세요.	QUEST_JOBSTEP_20150323_002454	The Scout Master told you that you need to be skillful in order to receive the lesson. Defeat Deadborn at the 1st zone of the Demon Prison and return to the Scout Master.	스카우트 마스터는 가르침을 받으려면 어느 정도 실력은 되어야 한다고 합니다. 마족수감소 1구역에서 데드본을 처치하고 스카우트 마스터에게 돌아가세요.	
QUEST_JOBSTEP_20150714_002864	El Maestro Fletcher te espera en el Jardín Ancestral de la Diosa.	여신의 옛뜰의 플레쳐 마스터가 당신을 찾고 있습니다	QUEST_JOBSTEP_20150323_002455	The Fletcher Master of Escanciu Village is looking for you	에산치우 마을의 플레쳐 마스터가 당신을 찾고 있습니다	
QUEST_JOBSTEP_20150714_002865	El Maestro Fletcher te dijo que si le traías Piedras de Fuego de Buena Combustión, te enseñaría mejores técnicas, pero no puedes fiarte del todo. Derrota a Yonazolem en la zona del Puente del Acueducto y recoge las Piedras de Fuego de Buena Combustión.	플레쳐 마스터는 잘 타는 석재를 구해다 준다면 더 좋은 기술을 가르쳐 주겠지만 왠지 빈말을 하고 있는 듯한 느낌입니다. 수로교 지역에서 요나졸렘을 처치하고 잘 타는 석재를 수집하세요.	QUEST_JOBSTEP_20150323_002457	The Fletcher Master told you that if you could bring him some burnable wood coals, he will accept you as his disciple, but it seems that he's not telling the truth. Defeat Jonna Jolems at Aqueduct Bridge Area and collect burnable wood coals.	플레쳐 마스터는 잘 타는 석재를 구해다 준다면 제자로 받아들여 주겠지만 왠지 빈말을 하고 있는 듯한 느낌입니다. 수로교 지역에서 요나졸렘을 처치하고 잘 타는 석재를 수집하세요.	
QUEST_JOBSTEP_20150714_002866	El Schwarzer Reiter te espera en el Bosque de la Oración.	기원의 숲에 있는 슈바르츠라이터 마스터가 당신을 찾고 있습니다	QUEST_JOBSTEP_20150323_002459	The Schwarzer Reiter Master at Awating Stone Bridge is looking for you	돌다리 망터에 있는 슈바르츠라이터 마스터가 당신을 찾고 있습니다	
QUEST_JOBSTEP_20150714_002867	Dirígete al Maestro Monje en el Jardín Ancestral de la Diosa.	여신의 옛뜰에 있는 몽크 마스터를 찾아가세요.				
QUEST_JOBSTEP_20150714_002868	Recoge un canino afilado de Netherbovine en el bosque de Poslinkis.	포슬린키스 숲의 네더보바인에게서 날카로운 송곳니 수집	QUEST_JOBSTEP_20150406_002554	Obtain the sharp canine by defeating Netherbovine at Poslinkis Forest	포슬린키스 숲에서 네더보바인을 처치하고 날카로운 송곳니 획득	
QUEST_JOBSTEP_20150714_002869	El Maestro Monje te pidió que trajeras la prueba de tu determinación. Derrota a Netherbovine en el Bosque de Poslinkis y trae un Canino Afilado como prueba.	몽크 마스터는 각오의 증거를 가져오라고 하였습니다. 포슬린키스 숲에서 네더보바인을 처치하고 그 증거인 날카로운 송곳니를 획득하세요.	QUEST_JOBSTEP_20150323_002477	The Monk Master told you to bring the proof of the will to become a Monk. Defeat Netherbovine at Poslinkis Forest an obtain the Canine.	몽크 마스터는 몽크가 되기 위한 다짐의 증거를 가져오라고 하였습니다. 포슬린키스 숲에서 네더보바인을 처치하고 그 증거인 날카로운 송곳니를 획득하세요.	
QUEST_JOBSTEP_20150714_002870	Dirígete al Maestro del Perdón en Akmens Ridge.	아크멘스 능선에 있는 파드너 마스터를 찾아가세요.				
QUEST_JOBSTEP_20150714_002871	El Maestro del Perdón te permitirá saltarte la misión de ascenso, pero te pedirá que recuperes las Ofrendas de Indulgencia Perdidas. Encuentra las Ofrendas de Indulgencia Perdidas en la zona del Puente del Acueducto.	파드너 마스터는 잃어버린 면죄부의 대금을 되찾는 것으로 승급 과제를 대신하려 합니다. 수로교 지역에서 잃어버린 대금을 찾아 오세요.	QUEST_JOBSTEP_20150323_002480	The Pardoner Master wants you to retrieve the money of the lost indulgence for the assignment. Retrieve the lost money at the region near Aqueduct Bridge Area.	파드너 마스터는 잃어버린 면죄부의 대금을 되찾는 것으로 입문 과제를 대신하려 합니다. 수로교 지역에서 잃어버린 대금을 찾아 오세요.	
QUEST_JOBSTEP_20150714_002872	Derrota a los Ambulos del Árbol Rojo en el cruce de caminos de Apsimesti.	압시메스티 교차로의 붉은 트리암불로 처치				
QUEST_JOBSTEP_20150714_002873	El Maestro Sadhu te pidió que derrotaras a los monstruos que amenazan a los aldeanos. Derrota a Ambulos Árbol Rojo en el Cruce de Apsimesti.	사두 마스터는 주민들을 위협하는 몬스터들을 퇴치해 달라고 합니다. 압시메스티 교차로의 붉은 트리암불로를 처치하세요.				
QUEST_JOBSTEP_20150714_002874	Habla con el Maestro Monje en el Jardín Ancestral de la Diosa.	여신의 옛뜰에 있는 몽크 마스터와 대화하세요.	QUEST_JOBSTEP_20150323_002491	Talk to the Monk Master at Escanciu Village	에산치우 마을에 있는 몽크 마스터와 대화하세요.	
QUEST_JOBSTEP_20150714_002875	El mercader de objetos quiere aceite endurecido a cambio de información. Reúne aceite endurecido de Puragis en las llanuras de Saknis y dáselo al mercader de objetos.	장비상인은 정보의 댓가로 굳은 기름을 원하고 있습니다. 사크니스 벌판의 푸른 푸라기에게서 굳은 기름을 모아 장비상인에게 가져다 주세요.	QUEST_JOBSTEP_20150323_002494	The Equipment Merchant wants the hardened oil as a reward for the information. Obtain the hardened oil from Puragis at Saknis Plains and take them to the Equipment Merchant.	장비상인은 정보의 댓가로 굳은 기름을 원하고 있습니다. 사크니스 벌판의 푸라기에게서 굳은 기름을 모아 장비상인에게 가져다 주세요.	
QUEST_JOBSTEP_20150714_002876	Ve al Maestro Hechicero en el Bosque de la Oración.	기원의 숲의 소서러 마스터를 찾아 가세요.	QUEST_JOBSTEP_20150401_002537	Meet the Sorcerer Master at Fedimian Suburbs.	페디미안 외곽의 소서러 마스터를 찾아 가세요.	
QUEST_JOBSTEP_20150714_002877	El Maestro Rodelero te dijo que ahora eres un verdadero Rodelero, pero también te advirtió que aún puedes mejorar. Derrota a Colimencia en la Mansión Greene y descubre qué te falta.	로델레로 마스터는 어엿한 로델레로지만 더 나아갈 수 있는 가능성에 대해 말하고 있습니다. 그린가의 장원에서 콜리멘시아를 처치하고 부족한 것이 무엇인지 알아보세요.				
QUEST_JOBSTEP_20150714_002878	Dirígete al Maestro Cataphracto en la Puerta del Gran Rey.	대왕의 관문의 캐터프랙트 마스터를 찾아 가세요.	QUEST_JOBSTEP_20150323_002516	Meet the Cataphract Master at Overlong Bridge Valley.	긴다리 계곡의 캐터프랙트 마스터를 찾아 가세요.	
QUEST_JOBSTEP_20150714_002879	Dirígete al Maestro Taumaturgo en la Puerta del Gran Rey.	대왕의 관문에 있는 쏘마터지 마스터를 만나세요.	QUEST_JOBSTEP_20150323_002526	Meet the Thaumaturge Master at Overlong Bridge Valley.	긴다리 계곡에 있는 쏘마터지 마스터를 만나세요.	
QUEST_JOBSTEP_20150714_002880	El Maestro Taumaturgo quiere saber si serías capaz de superar el siguiente nivel. Derrota al Netherbovine que está causando estragos en el Bosque de Poslinkis.	쏘마터지 마스터는 다음 단계를 넘어설 수 있을지 알아보고 싶어합니다. 포슬린키스 숲에서 난동을 부리는 네더보바인을 처치하세요.	QUEST_JOBSTEP_20150323_002528	The Thaumaturge Master told you that all the Masters are collaborating to defeat monsters so if you want to become a Thaumaturge, you should participate. Defeat Netherbovine at Poslinkis Forest.	쏘마터지 마스터는 난동을 부리는 몬스터를 처치하는데 마스터들이 합심하고 있다면서 쏘마터지 지망생이라면 응당 참여해야 할 것이라고 합니다. 포슬린키스 숲에서 난동을 부리는 네더보바인을 처치하세요.	
QUEST_JOBSTEP_20150714_002881	Los Maestros de Akmens Ridge persiguen al monstruo que causa estragos y desaparece. Derrota al Netherbovine que apareció en el Bosque de Poslinkis.	아크멘스 능선의 마스터들은 난동을 부리고 사라지는 몬스터를 쫓고 있다고 합니다.  포슬린키스 숲에 나타난 네더보바인을 처치하세요.	QUEST_JOBSTEP_20150323_002532	The Masters at Akmens Ridge are after the monsters that are running away. As an applicant to become an Elementalist, defeat Netherbovine which appeared at Poslinkis Forest.	아크멘스 능선의 마스터들은 난동을 부리고 사라지는 몬스터를 쫓고 있다고 합니다. 엘리멘탈리스트의 지망생으로써 포슬린키스 숲에 나타난 네더보바인을 처치하세요.	
QUEST_JOBSTEP_20150714_002882	Conoce al Maestro Hechicero en el Bosque de la Oración	기원의 숲에 있는 소서러 마스터를 만나세요	QUEST_JOBSTEP_20150323_002534	Meet the Sorcerer Master at Fedimian Suburbs	페디미안 외곽에 있는 소서러 마스터를 만나세요	
QUEST_JOBSTEP_20150714_002883	El Maestro Hechicero te advirtió que no te quedaras quieto, ya que los monstruos están descontrolados últimamente. Dirígete a los Jardines Ancestrales de la Diosa y derrota a Necroventer.	소서러 마스터는 마족들이 창궐하는 지금 태평하게 있어도 되냐면서 자신의 뜻을 따라 줄 것을 원하고 있습니다. 여신의 옛뜰로 가서 네크로벤터를 처치하세요.	QUEST_JOBSTEP_20150317_002179	The Sorcerer Master says you can't just stay in peace when the demons are roaming around. Go to the Goddess' Ancient Garden and defeat the Necroventer.	소서러 마스터는 마족들이 창궐하는 지금 태평하게 있어도 되냐면서 소서러를 지망한다면 자신의 뜻을 따라 줄 것을 원하고 있습니다. 여신의 옛뜰로 가서 네크로벤터를 처치하세요.	
QUEST_JOBSTEP_20150717_002884	Llevo mucho tiempo haciendo negocios con el comerciante de artículos de Klaipeda, así que quizás pueda ayudarte.	클라페다의 잡화 상인과는 오랫동안 거래했으니 자넬 도와줄 수 있을지도 모르겠소.	QUEST_JOBSTEP_20150317_000244	I've traded for a long time with a Klaipeda Item Merchant, so they might help you. 	클라페다의 도구상인과 오랫동안 거래했으니 자넬 도와줄 수 있을지도 모르겠소.	조각가 테슬라
QUEST_JOBSTEP_20150717_002885	Sello de la familia Legwyn [Ascenso de escudero]	르귄 가문의 인장[스콰이어 전직]				
QUEST_JOBSTEP_20150717_002886	Honor del Viejo Mar [Avance Corsario]	옛 바다의 명예[커세어 전직]				
QUEST_JOBSTEP_20150717_002887	Máquina del Cuerpo del Ejército Real [Avance Centurión]	왕국 군단의 군단기[센츄리온 전직]				
QUEST_JOBSTEP_20150717_002888	¿Dónde se encuentra la delegación desaparecida? [Avance de Doppelsoeldner]	실종된 사절단의 행방[도펠죌트너 전직]				
QUEST_JOBSTEP_20150717_002889	Dama Invencible [Avance de Hechicero]	불노불사의 여인[소서러 전직]				
QUEST_JOBSTEP_20150717_002890	Historia del Alquimista [Avance del Cronomante]	연금술사의 사정[크로노맨서 전직]				
QUEST_JOBSTEP_20150717_002891	Cosas que quedan tras la muerte [Avance del nigromante]	죽음 뒤 남겨진 것들[네크로맨서 전직]				
QUEST_JOBSTEP_20150717_002892	Pasado de la Mina de Cristal (1) [Avance de Alquimista]	수정광산의 과거(1)[알케미스트 전직]				
QUEST_JOBSTEP_20150717_002893	Pasado de la Mina de Cristal (2) [Avance de Alquimista]	수정광산의 과거(2)[알케미스트 전직]				
QUEST_JOBSTEP_20150717_002894	Nadie lo sabe [Avance de renegado]	쥐도 새도 모르게[로그 전직]				
QUEST_JOBSTEP_20150717_002895	Lydia Schaffen y la familia Black [Fletcher Advancement]	리디아 샤펜과 블랙가문[플레쳐 전직]				
QUEST_JOBSTEP_20150717_002896	Manejo de monstruos [Avance de cetrero]	몬스터 길들이기[응사 전직]				
QUEST_JOBSTEP_20150717_002897	Puntería perfecta [Avance del Jinete Negro]	오십발오십중[슈바르츠 라이터 전직]				
QUEST_JOBSTEP_20150717_002898	Responsabilidad de la pintura de Olpas [Avance del monje]	올파스 그림의 책임[몽크 전직]				
QUEST_JOBSTEP_20150717_002899	Registros reservados del clérigo [Ascenso de indultador]	성직자의 예비장부[파드너 전직]				
QUEST_JOBSTEP_20150717_002900	El desastre es una gran muestra [Avance del druida]	재앙의 결과도 훌륭한 샘플[드루이드 전직]				
QUEST_JOBSTEP_20150717_002901	Error de recepción [Avance de Oracle]	수신장애[오라클 전직]				
QUEST_JOBSTEP_20150717_002902	Entregue los objetos robados al comerciante de artículos de Klaipeda.	클라페다 잡화 상인에게 훔친 물품 전달				
QUEST_JOBSTEP_20150717_002903	El Maestro Zapador quiere devolver las pertenencias robadas a su dueño y arrepentirse del pasado. Devuelve los objetos robados al Mercader de Objetos en Klaipeda.	새퍼 마스터는 과거의 일을 참회하고 싶다며 이전에 훔친 물품들을 주인들에게 돌려주고 싶어 합니다. 훔친 물건을 찾았으니 클라페다의 잡화 상인에게 훔친 물건을 돌려 주세요.	QUEST_JOBSTEP_20150317_001261	The Sapper Master wants to return the stolen goods to its owners and repent for the past times. Give the stolen good that you found to the Item Merchant in Klaipeda.	새퍼 마스터는 과거의 일을 참회하고 싶다며 이전에 훔친 물품들을 주인들에게 돌려주고 싶어 합니다. 훔친 물건을 찾았으니 클라페다의 도구상인에게 훔친 물건을 돌려 주세요.	
QUEST_JOBSTEP_20150717_002904	Colecciona la tarjeta del monstruo jefe	보스 몬스터 카드 수집				
QUEST_JOBSTEP_20150717_002905	El Maestra Bokor te pidió que trajeras la carta obtenida del monstruo jefe.	보코르 마스터는 보스 몬스터에게 얻을 수 있는 카드를 가져 오라고 합니다.	QUEST_JOBSTEP_20150317_001478	The Bokor Master asked you bring a boss monster card. The card can be obtained from any boss monsters in field or mission.	보코르 마스터는 보스 몬스터에게 얻을 수 있는 카드를 가져 오라고 합니다. 미션과 필드의 모든 보스 몬스터에게서 획득 가능합니다.	
QUEST_JOBSTEP_20150717_002906	Habla con el comerciante de objetos de Klaipeda.	클라페다 잡화 상인과 대화				
QUEST_JOBSTEP_20150717_002907	El escultor Tesla busca un gato para usar como modelo. Pregúntale al comerciante de objetos en Klaipeda si tiene algún gato que pueda usar.	조각가 테슬라는 모델로 쓸 고양이를 찾고 있습니다. 조각가 테슬라와 오래 교류한 클라페다의 잡화 상인에게 모델로 쓸 만한 고양이가 있는지 물어 보세요.				
QUEST_JOBSTEP_20150717_002908	Encuentra al padre del mercader de objetos en el bosque de Sirdgela.	시르드겔라 숲에서 잡화 상인의 아버지 찾기	QUEST_JOBSTEP_20150323_002383	Look for the father of the Equipment Merchant at Sirdgela Forest	시르드겔라 숲에서 도구상인의 아버지 찾기	
QUEST_JOBSTEP_20150717_002909	A cambio de los cebos para atraer al gato, el Mercader te pidió que encontraras rastros de su padre. Encuentra al padre del mercader en el bosque de Sirdgela.	잡화 상인은 고양이를 꼬드길 특별한 먹이를 넘겨주는 댓가로 자신의 아버지의 흔적을 찾아 달라고 부탁하였습니다. 시르드겔라 숲에서 잡화 상인의 아버지를 찾아 주세요.	QUEST_JOBSTEP_20150323_002384	The Equipment Merchant requested you to look for the traces of his father as a compensation for the cat food that will lure cats. Look for the father of the Equipment Merchant at Sirdgela Forest.	도구상인은 고양이를 꼬드길 특별한 먹이를 넘겨주는 댓가로 자신의 아버지의 흔적을 찾아 달라고 부탁하였습니다. 시르드겔라 숲에서 도구상인의 아버지를 찾아 주세요.	
QUEST_JOBSTEP_20150717_002910	Entrega la prenda de ropa de tu padre al comerciante de objetos.	잡화 상인에게 아버지의 옷 조각 전달	QUEST_JOBSTEP_20150317_001487	Give the piece of father's clothing to the Item Merchant	도구상인에게 아버지의 옷 조각 전달	
QUEST_JOBSTEP_20150717_002911	No pudiste encontrar al padre del comerciante, pero hallaste ropa que parece haberle pertenecido. Entrégasela al mercader.	안타깝게도 잡화 상인의 아버지는 찾지 못했지만 그의 것으로 보이는 옷 조각을 발견했습니다. 잡화 상인에게 옷 조각을 전해 주세요.				
QUEST_JOBSTEP_20150717_002912	He recibido un cebo especial del mercader de objetos. Úsalo para atraer al gato en Klaipeda.	잡화 상인에게 특별한 먹이를 받았습니다. 이것을 사용해서 클라페다에 있는 고양이를 유혹하여 보세요.	QUEST_JOBSTEP_20150317_001491	Received special cat food from the Item Merchant. Use it to lure the cat in Klaipeda.	도구상인에게 특별한 먹이를 받았습니다. 이것을 사용해서 클라페다에 있는 고양이를 유혹하여 보세요.	
QUEST_JOBSTEP_20150717_002913	Conozca al comerciante de artículos Fedimian	페디미안 잡화 상인 만나기	QUEST_JOBSTEP_20150317_002039	Meet the Item Merchant in Fedimian	페디미안 도구상인 만나기	
QUEST_JOBSTEP_20150717_002914	A cambio de Aceite endurecido, el mercader de Fedimian te dijo que un monstruo llamado Mothstem tiene un Frasco de fuego. Pregúntale al mercader dónde puedes encontrar a Mothstem.	페디미안의 장비 상인은 굳은 기름의 댓가로 불항아리는 모스템이라는 몬스터가 가지고 있다고 알려 주었습니다. 모스템을 어디서 만날 수 있을지 잡화 상인과 대화해 보세요.	QUEST_JOBSTEP_20150317_002040	The Equipment Merchant says the Mothstem took the Fire Pot as a price for the hardened oil. Talk to the Item Merchant and ask where you can meet Mothstem.	페디미안의 장비 상인은 굳은 기름의 댓가로 불항아리는 모스템이라는 몬스터가 가지고 있다고 알려 주었습니다. 모스템을 어디서 만날 수 있을지 도구상인과 대화해 보세요.	
QUEST_JOBSTEP_20150717_002915	El mercader de objetos dice haber conocido a Mothstem en los suburbios de Fedimian. Derrota a Mothstem en los suburbios de Fedimian y obtén un Frasco de Fuego de Mothstem.	페디미안의 잡화 상인은 페디미안 외곽에서 모스템을 본 적이 있다고 합니다. 페디미안 외곽으로 가서 모스템을 처치하고 불항아리를 얻으세요.	QUEST_JOBSTEP_20150323_002492	The Equipment Merchant of Fedimian once saw a Mostem at Fedimian Suburbs. Go to Fedimian Suburbs and obtain the pots in flames by defeating Mostems.	페디미안의 도구상인은 페디미안 외곽에서 모스템을 본 적이 있다고 합니다. 페디미안 외곽으로 가서 모스템을 처치하고 불항아리를 얻으세요.	
QUEST_JOBSTEP_20150717_002916	Ve al Maestro de Escuderos en Fedimian.	페디미안에 있는 스콰이어 마스터를 찾아가세요.				
QUEST_JOBSTEP_20150717_002917	Fragmento del sello de la familia Legwyn	르귄가의 인장 조각				
QUEST_JOBSTEP_20150717_002918	El Maestro de Escuderos dice que necesita el Sello de la familia Legwyn. Derrota a los monstruos y reúne los fragmentos del Sello de la Familia Legwyn en la Residencia de la Familia Legwyn Caída.	스콰이어 마스터는 르귄가문의 인장이 필요하다고 합니다. 쇠락한 르귄가문의 저택으로 가서 몬스터를 처치하고 르귄가의 인장 조각을 모아오세요.				
QUEST_JOBSTEP_20150717_002919	He reunido todas las piezas del sello de la familia Legwyn. Devuélvelo al maestro escudero.	스콰이어 마스터가 말하던 르귄가문의 인장 조각을 모두 모았습니다. 스콰이어 마스터에게 돌아가세요.				
QUEST_JOBSTEP_20150717_002920	Cosas que hacer	할일				
QUEST_JOBSTEP_20150717_002921	Regresa con el Maestro Corsario.	커세어 마스터에게 돌아가세요.				
QUEST_JOBSTEP_20150717_002922	Dirígete al Maestro Centurión en el Bosque de la Oración.	기원의 숲에 있는 센츄리온 마스터를 찾아가세요.				
QUEST_JOBSTEP_20150717_002923	Regresa con el Maestro Centurión.	센츄리온 마스터에게 돌아가세요.				
QUEST_JOBSTEP_20150717_002924	Ve al Maestro Doppelsoeldner en Fedimian	페디미안에 있는 도펠죌트너 마스터를 찾아가세요.				
QUEST_JOBSTEP_20150717_002925	El regreso del Maestro Doppelsoeldner.	도펠죌트너 마스터에게 돌아가세요.				
QUEST_JOBSTEP_20150717_002926	Ve al Maestro Hechicero en el Bosque de la Oración.	기원의 숲에 있는 소서러 마스터를 찾아가세요.				
QUEST_JOBSTEP_20150717_002927	Regresa con el Maestro Hechicero.	소서러 마스터에게 돌아가세요.				
QUEST_JOBSTEP_20150717_002928	Dirígete al Maestra Cronomante en el Camino de Estelas.	비석로에 있는 크로노맨서 마스터를 찾아가세요.				
QUEST_JOBSTEP_20150717_002929	Regresa con el Maestra Cronomante.	크로노맨서 마스터에게 돌아가세요.				
QUEST_JOBSTEP_20150717_002930	Ve al Maestra Nigromante en el Pasaje de Muller.	뮬러스 통로에 있는 네크로맨서 마스터를 찾아가세요.				
QUEST_JOBSTEP_20150717_002931	Regresa con el Maestra Nigromante.	네크로맨서 마스터에게 돌아가세요.				
QUEST_JOBSTEP_20150717_002932	El pasado de la mina de cristal	수정광산의 과거				
QUEST_JOBSTEP_20150717_002933	Habla con el Maestro Alquimista.	알케미스트 마스터와 대화				
QUEST_JOBSTEP_20150717_002934	Dirígete al Maestro Alquimista en la Aldea Minera de Siauliai.	샤울레이 광산 마을에 있는 알케미스트 마스터를 찾아가세요.				
QUEST_JOBSTEP_20150717_002935	Regresa con el Maestro Alquimista.	알케미스트 마스터에게 돌아가세요.				
QUEST_JOBSTEP_20150717_002936	Ve al Maestro Pícaro en Fedimian.	페디미안에 있는 로그 마스터를 찾아가세요.				
QUEST_JOBSTEP_20150717_002937	Regresa con el Maestro Pícaro.	로그 마스터에게 돌아가세요.				
QUEST_JOBSTEP_20150717_002938	Dirígete al Maestro Fletcher en el Jardín Antiguo de la Diosa.	여신의 옛뜰에 있는 플레쳐 마스터를 찾아가세요.				
QUEST_JOBSTEP_20150717_002939	Regresa con el Maestro Fletcher.	플레쳐 마스터에게 돌아가세요.				
QUEST_JOBSTEP_20150717_002940	Dirígete a Falconer Master en Stele Road.	비석로에 있는 응사 마스터를 찾아가세요.				
QUEST_JOBSTEP_20150717_002941	Regresar al Maestro Halconero.	응사 마스터에게 돌아가세요.				
QUEST_JOBSTEP_20150717_002942	Habla con el Maestro Jinete Negro	슈바르츠 라이터 마스터와 대화				
QUEST_JOBSTEP_20150717_002943	Dirígete al Maestro Schwarzer Reiter en el Bosque de la Oración.	기원의 숲에 있는 슈바르츠 라이터 마스터를 찾아가세요.				
QUEST_JOBSTEP_20150717_002944	Regresa con el Maestro Jinete Negro.	슈바르츠 라이터 마스터에게 돌아가세요.				
QUEST_JOBSTEP_20150717_002945	Regresa con el Maestro Monje.	몽크 마스터에게 돌아가세요.				
QUEST_JOBSTEP_20150717_002946	Regresa con el Maestro del Indulto.	파드너 마스터에게 돌아가세요.				
QUEST_JOBSTEP_20150717_002947	Regresa con el Maestra Druida.	드루이드 마스터에게 돌아가세요.				
QUEST_JOBSTEP_20150717_002948	Dirígete al Maestro Oráculo en Klaipeda.	클라페다에 있는 오라클 마스터를 찾아가세요.				
QUEST_JOBSTEP_20150717_002949	Regresa al Maestro Oráculo.	오라클 마스터에게 돌아가세요.				
QUEST_JOBSTEP_20150729_002950	Por favor, recojan los pasadores de cola de Desmoduses en la iglesia Tenet B1.{nl}Se rompen fácilmente, así que es difícil conseguir los decentes.	테넷 성당 지하 1층에서 데스모두스의 꼬리침을 모아 주게.{nl}쉽게 망가져서 온전한 걸 구하기가 쉽지 않아.	QUEST_JOBSTEP_20150714_002619	Defeat Carcashus at Septyni Glen to collect the seeds.{nl}They break easily so it's not easy to get the decent ones.	셉티니 골에서 카르카슈를 잡아서 씨앗을 모아 주게.{nl}쉽게 망가져서 온전한 걸 구하기가 쉽지 않아.	사이코키노 마스터
QUEST_JOBSTEP_20150729_002951	Bien. Los pasadores de cola no están rotos.{nl}Después de nuestra lección, te darás cuenta de lo genial que es esto.	좋아. 꼬리침이 부서지지 않았군.{nl}내 밑에서 배우다 보면 자네도 이게 얼마나 굉장한 일인지 알게 될걸세.	QUEST_JOBSTEP_20150714_002620	Good. The seeds are okay.{nl}When you start to learn from me, you will realize how great this is.	좋군. 씨앗이 부서지지 않았군.{nl}내 밑에서 배우다 보면 자네도 이게 얼마나 굉장한 일인지 알게 될걸세.	사이코키노 마스터
QUEST_JOBSTEP_20150729_002952	Deberías obtener el apoyo de la Maestra Peltasta.{nl}Ella te recibirá con los brazos abiertos si obtienes Corteza de Árbol Tosca de los Yognomes en la Iglesia Tenet Sótano 1.	펠타스타의 협조를 구하는 일이다.{nl}테넷 성당 지하 1층에서 요노움의 성긴 나무 껍질이라면 그들도 반길 것이다.	QUEST_JOBSTEP_20150714_002633	The task is to receive help from Peltastas.{nl}They will welcome you if you could bring coarse tree barks of Mentiwood from Septyni Glen.	펠타스타의 협조를 구하는 일이다.{nl}셉티니 골에서 멘티우드의 성긴 나무 껍질이라면 그들도 반길 것이다.	하이랜더 마스터
QUEST_JOBSTEP_20150729_002953	Por favor, recoge las agujas negras de los Glizardons en la Iglesia Tenet B1 y entrégaselas al Maestro Highlander.{nl}Creo que esa será una misión adecuada para ti.	테넷 성당 지하 1층에서 글리자돈의 검은 손톱을 모아 하이랜더 마스터님께 전해주십시오.{nl}그 정도라면 당신에게도 적당한 임무라고 생각합니다.	QUEST_JOBSTEP_20150714_002638	Collect the toe nails of Biteroses at Septyni Glen and hand them over to the Highlander Master.{nl}I think that task should be appropriate for you.	셉티니 골에서 비테로스의 발톱을 모아 하이랜더 마스터님께 전해주십시오.{nl}그 정도라면 당신에게도 적당한 임무라고 생각합니다.	펠타스타 마스터
QUEST_JOBSTEP_20150729_002954	Si es así, lucha contra los Glizardons en la Iglesia Tenet B1.{nl}Al hacerlo, te darás cuenta de algo.	그렇다면 테넷 성당 지하 1층의 글리자돈과 싸워 보려므나.{nl}그 과정에서 깨달음을 얻을 수 있을 게다.	QUEST_JOBSTEP_20150714_002644	If that's so, fight Carcashus at Septyni Glen.{nl}You will learn something from it.	그렇다면 셉티니 골의 카르카슈와 싸워 보려므나.{nl}그 과정에서 깨달음을 얻을 수 있을 게다.	소드맨 마스터
QUEST_JOBSTEP_20150729_002955	Quieres convertirte en alquimista.{nl}Averiguaré si eres apto.	알케미스트가 되고 싶으시다고요.{nl}일단 당신이 그 격에 어울리는 사람인지 먼저 알아봐야겠습니다.	QUEST_JOBSTEP_20150714_002776	Long time no see. You want to become an Alchemist.{nl}First, we should find out if you can be an Alchemist.	오랜만입니다. 알케미스트가 되고 싶으시다고요.{nl}일단 당신이 그 격에 어울리는 사람인지 먼저 알아봐야겠습니다.	
QUEST_JOBSTEP_20150729_002956	Quieres ser un mejor escudero.{nl}Si pudieras cumplir mi petición, sin duda te ayudaré.{nl}	스콰이어로서 더욱 정진하고자 하는 모양이군요.{nl}저의 의뢰를 해결해오신다면 기꺼이 돕도록 하겠어요.{nl}				
QUEST_JOBSTEP_20150729_002957	La familia Legwyn tuvo una vez una mansión que ahora está en ruinas.{nl}Se convirtió en eso debido a algún incidente... pero no quiero que siga así.{nl}No puedo hacer nada al respecto en este momento, pero por favor, al menos devuelvan el sello de la familia Legwyn de allí.	르귄가에는 지금은 폐허처럼 되어버린 저택이 있지요.{nl}좋지 않은 일로 그렇게 되어버렸지만.. 그런 꼴로 방치하고 싶진 않군요.{nl}지금 당장 큰일을 할 수는 없지만 적어도 그곳에서 르귄가의 인장을 수거해주세요.				
QUEST_JOBSTEP_20150729_002958	Encontrarás el sello que una vez brilló intensamente cuando vayas a las ruinas de la mansión de la familia Legwyn.{nl}Está roto o puede que te resulte difícil identificar su forma original... esperemos que no haya sido destruido por completo por los monstruos.	쇠락한 르귄가문의 저택에 가면 한때는 찬란하게 반짝였을 인장을 찾을 수 있을 겁니다.{nl}지금은 부서지거나 제 형체를 알아보기 힘들수도 있지만.. 어쩌면 몬스터들에 의해 박살났을 수도 있죠.				
QUEST_JOBSTEP_20150729_002959	Qué horrible... Si me convierto en el heredero oficial de la familia Legwyn, no dejaré que siga así.{nl}Por supuesto, recordaré recompensarte como el escudero que completó mi petición.	이런 처참한 상태라니.. 제가 르귄가의 정식 상속자가 된다면 이대로 두진 않을겁니다.{nl}물론 그전에 제 부탁을 잘 처리해주신 당신을 스콰이어로서 돕는 걸 잊진 않았습니다.				
QUEST_JOBSTEP_20150729_002960	No me importa conocer a alguien que quiera aprender de mí.{nl}Pero eso no significa que vaya a aceptar a cualquiera.{nl}	언제든지 나의 기술을 전수받고 싶어하는 자를 만나는 건 나쁘지 않은 기분이군.{nl}하지만 그렇다고 어중이떠중이 다 받아줄 수는 없는 노릇이지.{nl}				
QUEST_JOBSTEP_20150729_002961	Cuando la llanura de coral estaba una vez bajo el agua, {nl}luché con el gran pirata Vladslovas para decidir quién era el más fuerte.{nl}Gané, pero el collar de Vladslovas, que debería haber tomado como prueba de mi victoria, cayó al mar.{nl}	지금은 육지가 되어버린 산호평원이 아직 바다였던 시절,{nl}나는 블라디슬로바스라는 대해적과 바다사나이의 자존심을 걸고 대전투를 벌인적이 있어.{nl}결과는 나의 승리였지만 그 증거로 챙겼어야 할 블라디슬로바스의 목걸이가 바다에 빠지고 말았지.{nl}				
QUEST_JOBSTEP_20150729_002962	Me di por vencido porque era demasiado profundo en aquel entonces, pero tal vez pueda encontrarlo ya que el área se ha convertido en tierra firme.{nl}Ve a la Costa de Cranto y busca el collar.{nl}Es bastante deslumbrante, así que no tendrás problemas para encontrarlo.	그땐 워낙 깊은 바다였기에 포기했지만 땅이 솟아올라 육지가 된 지금이라면 찾을 수 있을지도 모른다는 생각이 드는군.{nl}산호평원 32_1에 가서 블라디슬로바스의 목걸이를 한번 찾아봐.{nl}워낙 화려한 물건이라 보자마자 알 수 있을거야.				
QUEST_JOBSTEP_20150729_002963	Si lo encuentro, ¡la gente que pensaba que estaba mintiendo se llevará una gran sorpresa!	그것만 되찾으면 내 말을 허세라고 하고 믿지 않는 녀석들에게 한방 먹일 수 있겠어.				
QUEST_JOBSTEP_20150729_002964	¡Realmente lo encontraste!{nl}Está muy dañado, pero estoy seguro de que es este.{nl}¡De acuerdo, te enseñaré mis habilidades como te prometí!	정말 찾아왔군!{nl}아무래도 상당히 망가지긴 했지만 틀림없어.{nl}좋아, 약속대로 나의 기술을 전수해주지!				
QUEST_JOBSTEP_20150729_002965	Un centurión necesita contribuir al reino y lo considera su gloria.{nl}Recientemente, estoy recolectando las banderas de varios escuadrones militares del Reino que fueron aniquilados en Medzio Diena.{nl}Espero que también ayudes en esta tarea por la gloria de los soldados del reino.	센츄리온이라면 왕국을 위해 헌신할 줄 알며 그것을 명예로 삼을 줄 알아야 하지.{nl}나는 요즘 신수의 날 전멸한 몇몇 왕국군의 군단기를 되찾는 일을 하고 있다.{nl}자네도 왕국군의 명예를 위해 이 일을 도왔으면 좋겠군.				센츄리온 마스터
QUEST_JOBSTEP_20150729_002966	He oído que hay soldados del reino que se perdieron en el campo de entrenamiento de combate en Medzio Diena{nl}. No espero que estén vivos, pero para recordar su lealtad al reino, quiero que encuentres su bandera.	신수의 날에 대립의 훈련장에서 연락이 끊긴 왕국군이 있다는 이야기를 들었다.{nl}그들이 생존해있길 바라는건 무리지만 적어도 그 부대가 왕국을 위해 바쳤던 충성심을 기억해주기 위해 군단기를 찾아와주면 된다.				센츄리온 마스터
QUEST_JOBSTEP_20150729_002967	La bandera no está en buen estado..{nl}. Hubiera sido mejor si la hubieras encontrado un poco antes..{nl}. Me duele el corazón ver que la bandera está en este estado, pero no puedo olvidarte a ti que me ayudaste mucho. Te ayudaré para que puedas desarrollarte a una etapa más alta.	이런 상태라니.. 조금만 더 일찍 되찾았다면 좋았을걸..{nl}군단기의 상태가 이래서 마음이 좋지 않네만 수고해준 자네를 잊을 순 없지.{nl}한단계 더 발전할 수 있도록 내가 돕도록 하겠다.				
QUEST_JOBSTEP_20150729_002968	¿Viniste aquí para aprender más como Doppelsoeldner? Pero ahora mismo tengo una tarea importante que hacer..{nl}. Sí, ya que confío en ti, ¿puedes hacer esto en lugar de una prueba?{nl}{nl}	도펠죌트너로서 더 배우고 싶어서 찾아왔는가?{nl}헌데 내가 지금 아주 중요한 일이 있어서..{nl}그렇지, 자네라면 믿을 수는 있으니 이 일을 시험대신 하지 않겠나?{nl}				
QUEST_JOBSTEP_20150729_002969	Estoy preparando algo ahora mismo, así que debería reunirme con alguien, pero últimamente no puedo contactarlo{nl}. Quiero ir a verlo yo mismo, pero como la tarea que estoy preparando avanza discretamente, no puedo ir porque mucha gente me verá{nl}. ¿Puedes ir por mí?	내가 준비하고 있는 일이 있어 만날 사람이 있는데 얼마전부터 연락이 되질 않는군.{nl}내가 직접가서 알아보고 싶지만 조용히 진행하고 있는 일이라 직접가면 너무 눈에 띄어서 힘들다네.{nl}자네가 대신 가봐주지 않겠나?				
QUEST_JOBSTEP_20150729_002970	La persona con la que intento reunirme es el enviado del general Ramin{nl}. No he tenido noticias suyas desde que nos pusimos en contacto en el Camino del Peregrino 36_2{nl}. Ve allí y averigua si está pasando algo.	내가 만나기로 한 사람은 라민 장군의 사절이네.{nl}순례자의 길 36_2에서의 연락을 마지막으로 소식이 없군.{nl}그곳으로 가서 무슨일이 있는 건 아닌지 알아봐주게.				
QUEST_JOBSTEP_20150729_002971	Maldita sea..{nl}. No quiero creerlo, pero según lo que me acabas de decir, parece que murió a causa de los ataques de los monstruos{nl}. Supongo que debería contactar al General Ramin por otro medio{nl}. Ah, y por favor, mantén este secreto.	그런.. 믿고 싶지않지만 자네 말대로라면 몬스터에게 습격을 당해 불행한 죽음을 맞이한 모양이군.{nl}다른 방법으로 라민 장군에게 다시 연락을 해봐야겠다.{nl}아, 그리고 혹시나 해서 말해두지만 이 일은 다른 사람들에겐 비밀로 해두게.{nl}				
QUEST_JOBSTEP_20150729_002972	Por supuesto, no olvidé la promesa que te hice{nl}. Te ayudaré a crecer para ser un mejor Doppelsoeldner.	물론 자네에게 약속한 것도 잊지 않았지.{nl}도펠죌트너로서 성장하는 것을 돕도록 하겠다.				
QUEST_JOBSTEP_20150729_002973	Últimamente estoy investigando sobre la vida eterna{nl}. Estoy consultando varios documentos, pero lo mejor será escuchar a alguien que viva la vida eterna{nl}. Quiero escuchar a algunos Amjinas que aún están presentes en este mundo.{nl}	최근 불로불사에 대해 연구중이야.{nl}여러가지 자료라던지 조사해보고 있지만 역시 본인한테 듣는게 제일 아니겠어?{nl}지금 존재하는 영생자인 암지나스 중에 몇명한테 이야기를 조금 듣고 싶은데..{nl}				
QUEST_JOBSTEP_20150729_002974	No es bueno que los visite como maestro y nosotros, los maestros, estuvimos separados por mucho tiempo.{nl}Esto también es parte de la investigación como hechicero, así que pregúntales cómo viven vidas eternas.{nl}Si pudieras hacer eso por mí, mejoraré tus habilidades como hechicero un nivel.	같은 마스터가 찾아가는건 모양새도 좋지 않고 너무 제각각 흩어져 지내잖아.{nl}이것도 소서러로서 연구의 일환이니까 대신 암지나스가 영생하는 방법들에 대해서 물어봐주고 와줘.{nl}그렇다면 소서러의 힘을 한 단계 끌어올려주지.				
QUEST_JOBSTEP_20150729_002975	Entre los Amjinas, se ha confirmado el paradero del Maestro Dievdirbys del Bosque de Siauliai Occidental, el Maestra Nigromante del Paso de Mullers y el Maestra Cronomante del Camino de Stele. {nl}Pregúntales a cada uno de ellos cómo viven una vida eterna.	암지나스 중에 지금 소재가 확실한 사람은 샤울레이 서쪽 숲의 딥디르비 마스터, 뮬러스 통로의 네크로맨서 마스터, 비석로의 크로노맨서 마스터야.{nl}이 세 사람에게 각각의 영생하는 방법에 대해 물어보고 와줘.				
QUEST_JOBSTEP_20150729_002976	Las amjinas son realmente diferentes{nl}. Debería pensar más allá y averiguarlo.{nl}	과연, 암지나스라고 해도 전혀 다르구나.{nl}나도 더 넓게 생각하고 찾아봐야겠는걸.{nl}				
QUEST_JOBSTEP_20150729_002977	Bien, te guiaré hasta un hechicero de mayor nivel.	좋아, 이제 널 한 단계 높은 소서러로 이끌어줄게.				
QUEST_JOBSTEP_20150729_002978	Has venido a mejorar tus habilidades como Cronomante.{nl}Pero ahora mismo estoy ayudando en la tarea que me encomendó el Maestro Alquimista de la familia Winterspoon, así que no puedo ayudarte en este momento.{nl}	크로노맨서의 능력을 더욱 발전시키기 위해 찾아오셨군요.{nl}하지만 지금은 윈터스푼 가문의 가주인 알케미스트 마스터가 부탁한 일을 돕고 있어서 곤란하네요.{nl}				
QUEST_JOBSTEP_20150729_002979	{nl}Si no te importa, ¿podrías ayudarme un poco más con esta tarea?{nl}Si es así, la terminaré rápidamente y te ayudaré.	{nl}혹시 괜찮다면 이 일을 조금 도와주겠어요?{nl}그렇다면 저도 빨리 끝내고 당신을 도울 수 있겠지요.				
QUEST_JOBSTEP_20150729_002980	Parece que el Maestro Alquimista está investigando la Mina de Cristal. {nl}Para ello, me pidió que le prestara mi orbe, que lee el pasado de la persona a la que perteneció.{nl}Explora todas las regiones del primer y segundo distrito de la Mina de Cristal.{nl}	알케미스트 마스터는 수정광산에 대해 조사하는 모양이에요.{nl}그러기 위해서 소유자의 기억을 읽어 과거를 기록하는 저의 보주를 빌려달라고 했죠.{nl}이 보주를 가지고 수정광산 1광구와 2광구의 모든 지역을 탐색하세요.{nl}				
QUEST_JOBSTEP_20150729_002981	Si en el pasado exploraste completamente las regiones, el orbe leerá tus recuerdos y registrará el pasado{nl}. Entonces la tarea será mucho más fácil.	만약 당신이 과거에 이미 완벽히 탐색해두었다면 보주는 당신의 기억을 읽어서 과거를 기록해줄거에요.{nl}그렇다면 일이 한결 수월하겠죠.				
QUEST_JOBSTEP_20150729_002982	Se ha grabado completamente.{nl}Bien. Se lo pasaré al Maestro Alquimista.{nl}Ahora es mi turno de ayudarte.	확실히 기록되었네요.{nl}좋아요, 이건 제가 알케미스트 마스터에게 전해주도록 하겠어요.{nl}이제 제가 당신을 도울 차례군요.				
QUEST_JOBSTEP_20150729_002983	El poder del Nigromante siempre se expresará a través de los materiales que actúan como catalizadores{nl}. Ese poder estará influenciado por las habilidades del propio Nigromante y su poder{nl}. Si quieres progresar más como Nigromante, es importante que obtengas esos materiales.	네크로맨서의 힘은 항상 촉매가 되는 소재를 통해 발현되지.{nl}그 힘은 네크로맨서 자신의 능력과 소재가 가진 힘에 모두 영향을 받아.{nl}네크로맨서로서 더 나아가려면 그런 소재를 구하는 것도 중요하지.{nl}				
QUEST_JOBSTEP_20150729_002984	Según lo que he averiguado, un fuerte rencor rodea el Santuario de Videntis{nl}. Cuando vayas allí, encontrarás los materiales que poseen los pensamientos de los muertos{nl}. Si logras obtenerlos, te abriré la puerta a un Nigromante de mayor nivel.	마침 내가 조사하다가 알아낸 바로는 무슨 일인지 바이덴티스 신당에 강한 원념이 소용돌이 치더군.{nl}그곳에 가면 죽은 자의 사념이 강하게 남은 소재를 구할 수 있을 거야.{nl}그걸 구해온다면 너에게 더 높은 경지의 네크로맨서로의 길을 열어주지.				
QUEST_JOBSTEP_20150729_002985	Cuanto mayor sea el rencor o los remordimientos que los espíritus tengan en sus vidas pasadas, más fuerte será el poder de sus recuerdos.{nl}Encuentra los recuerdos en los que se pueden sentir fuertes remordimientos.	억울하거나 삶에 미련이 많은 영혼일수록 남은 유품이 강한 힘을 발휘하지.{nl}그런 강한 미련이 느껴지는 유품을 찾아오면 돼.				네크로맨서 마스터
QUEST_JOBSTEP_20150729_002986	Este es el objeto del que puedo sentir un fuerte arrepentimiento.{nl}Si logras elegir este tipo de objeto, te convertirás en un Nigromante más fuerte.{nl}Por ahora, te ayudaré como recompensa por el objeto.	보기만해도 강한 미련이 느껴지는 물건이군.{nl}너도 이런 물건을 보는 안목을 더 키운다면 강한 네크로맨서가 될 수 있을거야.{nl}지금은 이 물건에 대한 보답으로 내가 조금 도와주도록 하지.				
QUEST_JOBSTEP_20150729_002987	Así que has venido aquí para aprender habilidades de nivel superior de Alquimista{nl}. Pero hay algo que debo hacer rápido, así que no puedo enseñarte ahora mismo{nl}. Podría ser peligroso si lo dejo así, así que estoy intentando terminarlo rápidamente.{nl}	더 높은 경지의 알케미스트의 능력을 전수받으러 오셨군요.{nl}헌데 지금 급한 일이 있어서 조금 곤란합니다.{nl}이대로 두면 위험할 수도 있는 일이라서 빨리 처리하려고 하거든요.{nl}				
QUEST_JOBSTEP_20150729_002988	¿Podrías ayudarme con la tarea?{nl}Si es así, te enseñaré las habilidades del Alquimista a cambio.	아니면 이 일을 조금 도와주시겠습니까?{nl}그렇다면 저도 당신의 실력에 대한 검증이라 생각하고 일이 끝나는 대로 당신에게 알케미스트의 능력을 전수해드리겠습니다.				
QUEST_JOBSTEP_20150729_002989	¿Así que el Maestro Alquimista te envió aquí?{nl}Lo he preparado ya que el jefe de la familia Winterspoon lo solicitó.{nl}Por favor, regresa con esto.	알케미스트 마스터가 보내서 오셨다구요?{nl}그 일이라면 윈터스푼 가문의 가주가 부탁한 일이니 미리 준비해뒀습니다.{nl}이걸 가지고 돌아가보세요.				
QUEST_JOBSTEP_20150729_002990	Bien.{nl}Estoy investigando la Mina de Cristal... Necesito el orbe que registra los recuerdos del Maestra Cronomante.{nl}Él es el jefe de nuestra familia Winterspoon, así que se lo he pedido con antelación. Dile que te he enviado yo.	좋습니다.{nl}수정광산을 조사하고 있는데.. 크로노맨서 마스터가 가진 과거의 기억을 기록하는 보주가 필요합니다.{nl}마침 저희 윈터스푼 가문의 어르신이셔서 제가 미리 부탁드려놨으니 제가 보냈다고 하고 받아오시면 됩니다.				
QUEST_JOBSTEP_20150729_002991	Lucid... ¿De verdad has conocido bien al Maestra Cronomante?	루시드님.. 아니 크로노맨서 마스터에게는 잘 다녀오셨습니까?				
QUEST_JOBSTEP_20150729_002992	Has traído bien el orbe.{nl}El orbe que registra el pasado tiene el poder de leer los recuerdos de su poseedor y registrarlos.{nl}Si te reconoce como su poseedor, leerá los recuerdos y, si hay más que investigar, deberías encontrarlos por tu cuenta.	제대로 보주를 가져오셨군요.{nl}과거의 기억을 기록하는 보주는 소유자의 기억을 읽어 과거를 기록하는 힘이 있습니다.{nl}당신을 소유자로 인정하면 기억을 읽을 테고 더 조사해야할 부분은 직접 발로 뛰어서 탐색해주셔야 합니다.				
QUEST_JOBSTEP_20150729_002993	Explora todas las áreas del primer distrito y del segundo distrito de Crystal Mine con este orbe.{nl}Si lo has explorado completamente en el pasado, el orbe leerá los recuerdos del poseedor y registrará el pasado.	이 보주를 가지고 수정광산 1광구와 2광구의 모든 지역을 탐색해주십시오.{nl}만약 과거에 이미 완벽히 탐색해둔 상태라면 보주는 소유자의 기억을 읽어서 과거를 기록해줄겁니다.				
QUEST_JOBSTEP_20150729_002994	Este es el orbe del Maestra Cronomante.{nl}Ha sido bien registrado.{nl}	과연 크로노맨서 마스터의 보주입니다.{nl}확실하게 기록되었군요.{nl}				
QUEST_JOBSTEP_20150729_002995	Quiero comprobar esto de inmediato, pero supongo que primero debo cumplir la promesa que te hice. {nl}Te enseñaré las habilidades del Alquimista.	지금 당장 이것을 확인해보고 싶은 마음이지만 당신과의 약속부터 지키는 것이 순서겠죠.{nl}당신에게 알케미스트의 능력을 전수해드리겠습니다.				
QUEST_JOBSTEP_20150729_002996	Se dice que esta historia tuvo lugar un día en la Torre Astral.{nl}Surgió una disputa entre los discípulos de Lydia Schaffen.{nl}Varios discípulos se reunieron después del entrenamiento y, según se cuenta, surgió el siguiente diálogo: «Por muy bueno que sea tu arco, si te faltan habilidades, no podrás sacarle todo el partido. Por lo tanto, al final, lo importante es tu propia habilidad».{nl}Tal fue la afirmación de cierto discípulo, que dio inicio a la disputa.{nl}	 전하는 바로는 이것은 어느 날 별의 탑에서 일어난 일이라고 한다.  {nl}어느 날 별의 탑에서 리디아 샤펜의 제자들 사이에 논쟁이 벌어졌다.{nl}여러 제자가 훈련 후에 모여 여담을 나누는 중에 이런 이야기가 나왔다고 한다. {nl}[아무리 좋은 활이라도 쓰는 사람의 실력이 나쁘다면 위력을 낼 수 없네. 그러므로 결국 중요한 것은 일신의 실력이란 말일세.]{nl}한 제자의 이런 주장에 다른 제자가 반박하였다.{nl}	QUEST_JOBSTEP_20150317_000745	This story is said to have taken place one day at the Astral Tower.{nl}A dispute among the disciples of Lydia Schaffen broke out.{nl}Several disciples gathered after the training and in the process such a dialogue is said to have come up: 'No matter how good your bow is, if your skills are lacking, you can't bring out its full potential. Therefore, what is important in the end is your own skill.'{nl}Such was a claim of a certain disciple, which started the dispute.{nl}	 전하는 바로는 이것은 어느 날 별의 탑에서 일어난 일이라고 한다.  {nl}어느 날 별의 탑에서 리디아 샤펜의 제자들 사이에 논쟁이 벌어졌다.{nl}여러 제자가 훈련 후에 모여 여담을 나누는 중에 이런 이야기가 나왔다고 한다. {nl}“아무리 좋은 활이라도 쓰는 사람의 실력이 나쁘다면 위력을 낼 수 없네. 그러므로 결국 중요한 것은 일신의 실력이란 말일세.”{nl}한 제자의 이런 주장에 다른 제자가 반박하였다.{nl}	리디아 샤펜의 오늬
QUEST_JOBSTEP_20150729_002997	Estás olvidando los fundamentos del tiro con arco{nl}. ¿Qué es un arquero? Es alguien que usa una herramienta llamada arco, ¿verdad? ¿Crees que es posible que exista un arquero sin arco? Incluso si alguien se hace famoso por su habilidad con la espada y la lanza, ¿puede seguir llamándose arquero? Al fin y al cabo, el tiro con arco se basa en el uso de herramientas, ¿no?{nl}{nl}	[자네는 궁수의 기본을 망각하고 있네. 궁수란 무엇인가? 궁수는 활이란 도구를 다루는사람일세. 활 없는 궁수가 존재할 수 있단 말인가? 제아무리 일신의 무예가 드높아도 칼과 창으로 무예를 펼친다면, 어떻게 궁수가 될 수 있단 말인가? 결국, 궁수는 도구에 종속된 개념일세.]{nl}	QUEST_JOBSTEP_20150317_000746	'You are forgetting the basics of archery. What is an archer? It is someone who uses a tool called a bow, right?{nl}Do you think an archer existing without a bow is possible? {nl}Even if one gets famous for their skill with sword and spear, can one still call themselves an archer? In the end, archery is the concept of depending on tools, isn't it?'{nl}	“자네는 궁수의 기본을 망각하고 있네. 궁수란 무엇인가? 궁수는 활이란 도구를 다루는사람일세. 활 없는 궁수가 존재할 수 있단 말인가? 제아무리 일신의 무예가 드높아도 칼과 창으로 무예를 펼친다면, 어떻게 궁수가 될 수 있단 말인가? 결국, 궁수는 도구에 종속된 개념일세.”{nl}	리디아 샤펜의 오늬
QUEST_JOBSTEP_20150729_002998	El discípulo que tenía una opinión diferente replicó: {nl}'Dijiste que las herramientas son importantes, hablemos de eso.{nl}¿Qué es un arco? Hay varias armas para un arquero. Así como hay armas que no requieren mucha habilidad para manejarlas, como una ballesta, también hay armas cuya efectividad varía mucho según la habilidad del usuario, como las del Wugushi.{nl}La Flecha de Viento del Wugushi es difícil de dominar, es un arma difícil de manejar para alguien sin experiencia, sin importar cuán buenos sean los materiales del arco.{nl}	그러자 그와 견해를 달리하는 제자가 재차 반박하였다.{nl}[자네의 말이 도구가 중요한 것이라니 그 말을 놓고 봄세. {nl}대체 활의 범위란 뭐란 말인가? 석궁처럼 사람의 실력을 비교적 적게 타는 무기와 무고사의 무기처럼 쓰는 사람의 실력에 크게 좌우되는 무기처럼 궁수의 무기 범위에서도 다양성이 존재한다네. {nl}무고사의 바람화살은 숙달하기 어려운 활로써 아무리 좋은 재질로 잘 만들어도 경험이 없는 사람은 제대로 사용하기 어려운 무기이네. {nl}	QUEST_JOBSTEP_20150317_000747	The disciple who had a different view argued back:{nl}'You said tools are important, let's talk about that.{nl}What is a bow? There are various weapons for an archer. Just like there are weapons that don't need much skill to handle, like a crossbow, there are also weapons, effectiveness of which varies a lot based on a user's skill, like the ones of the Wugushi.{nl}The Wind Arrow of the Wugushi is hard to master, it's a difficult weapon to wield for someone without experience, no matter how good the materials of one's bow are.{nl}	그러자 그와 견해를 달리하는 제자가 재차 반박하였다.{nl}“자네의 말이 도구가 중요한 것이라니 그 말을 놓고 봄세. {nl}대체 활의 범위란 뭐란 말인가? 석궁처럼 사람의 실력을 비교적 적게 타는 무기와 무고사의 무기처럼 쓰는 사람의 실력에 크게 좌우되는 무기처럼 궁수의 무기 범위에서도 다양성이 존재한다네. {nl}무고사의 바람화살은 숙달하기 어려운 활로써 아무리 좋은 재질로 잘 만들어도 경험이 없는 사람은 제대로 사용하기 어려운 무기이네. {nl}	리디아 샤펜의 오늬
QUEST_JOBSTEP_20150729_002999	Esto es lo mismo que decir que, dado que la gente morirá si no come, sus vidas son menos importantes que la comida y dependen de ella{nl}. ¿Acaso afirmas que, puesto que comes para poder vivir, vives para comer? Ante esto, otro discípulo compartió su punto de vista: «Estás discutiendo sobre el camino del Arquero, pero solo te concentras en un aspecto{nl}. Lo que no tienes en cuenta es que, por muy famoso que sea un Arquero, por muy agudo que sea su ojo, lo que utiliza a su favor es el viento».{nl}{nl}{nl}	 이것은 마치 사람이 밥을 먹지 않으면, 죽으니 사람의 삶이 밥보다 못하며 사람의 인생은 밥에 종속되었단 주장이나 마찬가지일세.{nl} 자네는 살기 위해 밥을 먹는 것이지 밥을 먹기 위해 산다고 주장할 셈인가?]{nl} 그러자 또 다른 제자가 이에 대해 다른 견해를 제기했다.{nl}[자네들은 궁수의 길을 논함에 있어 한 가지 면만을 보고 있네. {nl} 자네들이 놓치고 있는 점은 어떤 명궁이든 명사수이든 결국 그들이 이용하는 것은 바람이란 사실일세. {nl}	QUEST_JOBSTEP_20150317_000749	This is the same as saying that since people will die if they don't eat, their lives are less important than food and depend on it.{nl}Are you claiming that since you eat to be able to live on, you are living to eat?'{nl}Upon that, another disciple shared his viewpoint:{nl}'You are arguing about the path of the Archer, but you are only concentrating on one aspect.{nl}What you fail to address is that no matter how famous an archer one is, no matter how eagle-eyed one is, what they are using to their advantage is the wind. {nl}	 이것은 마치 사람이 밥을 먹지 않으면, 죽으니 사람의 삶이 밥보다 못하며 사람의 인생은 밥에 종속되었단 주장이나 마찬가지일세.{nl} 자네는 살기 위해 밥을 먹는 것이지 밥을 먹기 위해 산다고 주장할 셈인가?”{nl} 그러자 또 다른 제자가 이에 대해 다른 견해를 제기했다.{nl}“자네들은 궁수의 길을 논함에 있어 한 가지 면만을 보고 있네. {nl} 자네들이 놓치고 있는 점은 어떤 명궁이든 명사수이든 결국 그들이 이용하는 것은 바람이란 사실일세. {nl}	리디아 샤펜의 오늬
QUEST_JOBSTEP_20150729_003000	La flecha no podría ser disparada sin el viento y el aire que la transportan hasta el blanco; ¿cómo podría existir un tirador experto? O mejor dicho, ¿qué podría hacer un arquero en ese caso? En definitiva, lo que necesita un arquero es percibir el flujo del viento y ser capaz de actuar en consecuencia.{nl}	 활이 쏘아내는 화살이나 탄자를 받아 목표까지 날라주는 바람과 공기가 없다면 어떻게 명사수가 존재할 것이며, 명궁은 또 무슨 의미란 말인가? 결국, 궁수에게 중요한 것은 바람의 결을 느끼고 그 바람의 결에 자신의 의지를 싣는 일일세.]{nl}	QUEST_JOBSTEP_20150317_000750	The arrow could not be shot if it wasn't for the wind and air that carries it to the mark, how could any sharpshooter exist, or rather, how much would an archer be able to do in that case? In the end, what is necessary for an archer is to sense the wind flow and to be able to act on it.'{nl}	 활이 쏘아내는 화살이나 탄자를 받아 목표까지 날라주는 바람과 공기가 없다면 어떻게 명사수가 존재할 것이며, 명궁은 또 무슨 의미란 말인가? 결국, 궁수에게 중요한 것은 바람의 결을 느끼고 그 바람의 결에 자신의 의지를 싣는 일일세.”{nl}	리디아 샤펜의 오늬
QUEST_JOBSTEP_20150729_003001	Lydia Schaffen siguió comiendo mientras escuchaba a los discípulos, sin moverse de la barandilla{nl}. Después de que terminaron, guardó silencio un rato, pero al poco tiempo jugueteó con los dedos entre el montón de cáscaras de castañas que había comido y sacó algo, diciendo, según se cuenta: «¿Qué es esto?»{nl}. El discípulo de ojos agudos respondió antes que nadie. «Es la piel interior de una castaña».{nl}{nl}	 리디아 샤펜은 제자들을 맞은 자세 그대로 하던 대로 밤을 먹으며 제자들의 되풀이된 주장을 경청한 다음, 잠시 조용히 있다가 이윽고 손가락으로 자신이 먹으며 모아 놓은 밤껍질 무더기를 손가락으로 뒤적거린 후 그 가운데서 무엇을 들어 올리더니 이렇게 말했다고 전한다.{nl}[이것이 무엇이냐?]{nl}눈치 빠르고 시력이 좋은 제자 하나가 가장 먼저 대답했다.{nl}[보늬입니다.]{nl}	QUEST_JOBSTEP_20150317_000753	Lydia Schaffen continued eating while listening to the disciples, keeping her position on the railing. After they finished, she kept quiet for a while, but before long she fiddled with her fingers through the pile of shells of chestnuts she had eaten and picked out something, reportedly saying this: {nl}'What is this?'{nl}The disciple with the sharp eyes answered before anyone could.{nl}'It's the inner skin of a chestnut.'{nl}	 리디아 샤펜은 제자들을 맞은 자세 그대로 하던 대로 밤을 먹으며 제자들의 되풀이된 주장을 경청한 다음, 잠시 조용히 있다가 이윽고 손가락으로 자신이 먹으며 모아 놓은 밤껍질 무더기를 손가락으로 뒤적거린 후 그 가운데서 무엇을 들어 올리더니 이렇게 말했다고 전한다.{nl}“이것이 무엇이냐?”{nl}눈치 빠르고 시력이 좋은 제자 하나가 가장 먼저 대답했다.{nl}“보늬입니다.”{nl}	리디아 샤펜의 오늬
QUEST_JOBSTEP_20150729_003002	Era muy obvio que se trataba de la cáscara interior de una castaña, así que los demás asintieron y esperaron las siguientes palabras de su amo. {nl}Y así continuó Lydia Schaffen. {nl}'No. Esta es la muesca de mi flecha.'{nl}	 그것이 보늬란 것은 명백한 사실이었기에 다른 제자들도 고개를 끄덕이며 스승의 다음 말을 기다렸다. {nl}그리고 리디아 샤펜의 말이 이어졌다.{nl}[아니다. 이것은 나의 오늬이니라.]{nl}	QUEST_JOBSTEP_20150317_000754	It was very obvious that it was indeed the inner skin of a chestnut, so the others nodded in agreement and waited for their master's next words. {nl}And so Lydia Schaffen continued. {nl}'No. This is the notch of my arrow.'{nl}	 그것이 보늬란 것은 명백한 사실이었기에 다른 제자들도 고개를 끄덕이며 스승의 다음 말을 기다렸다. {nl}그리고 리디아 샤펜의 말이 이어졌다.{nl}“아니다. 이것은 나의 오늬이니라.”{nl}	리디아 샤펜의 오늬
QUEST_JOBSTEP_20150729_003003	Un día, Lydia Schaffen salió sola de cierto pueblo y caminó por la noche{nl}. Lydia Schaffen vio a un viajero sentado con aire cansado al borde de un camino forestal{nl}. Por curiosidad, decidió acercarse a él. "¿Por qué estás sentado aquí en el bosque en medio de la noche?" El viajero dudó en responder al principio, pero después de que le preguntaran varias veces, finalmente abrió la boca{nl}. La razón era aparentemente esta:{nl}{nl}{nl}	 어느 날 리디아 샤펜이 홀로 어떤 마을을 벗어나 밤길을 걷고 있었습니다.{nl} 리디아 샤펜은 한 나그네가 숲길에 힘없이 주저앉아 있는 것을 보고 멈췄습니다.{nl} 호기심에 리디아 샤펜이 그에게 물었습니다.{nl} [한밤에 이런 숲에서 왜 그러고 계십니까?]{nl}주저앉아 있던 나그네는 리디아 샤펜의 거듭된 재촉에 겨우 입을 열었습니다. {nl} 나그네가 말한 사연은 다음과 같았습니다.{nl}	QUEST_JOBSTEP_20150317_000762	One day Lydia Schaffen left a certain village alone and walked around at night.{nl} Lydia Schaffen saw a traveler sitting wearily at the roadside on a woodland road. {nl} Out of curiosity, she decided to approach him.{nl} 'Why are you sitting here in the forest in the middle of the night?'{nl}The traveler was hesitant to answer at first, but after being asked multiple times he finally opened his mouth. {nl}The reason was apparently this: {nl}	 어느 날 리디아 샤펜이 홀로 어떤 마을을 벗어나 밤길을 걷고 있었습니다.{nl} 리디아 샤펜은 한 나그네가 숲길에 힘없이 주저앉아 있는 것을 보고 멈췄습니다.{nl} 호기심에 리디아 샤펜이 그에게 물었습니다.{nl} “한밤에 이런 숲에서 왜 그러고 계십니까?”{nl}주저앉아 있던 나그네는 리디아 샤펜의 거듭된 재촉에 겨우 입을 열었습니다. {nl} 나그네가 말한 사연은 다음과 같았습니다.{nl}	리디아 샤펜과 럼펠스틸스킨
QUEST_JOBSTEP_20150729_003004	En el pasado, Rumpelstiltskin era bastante famoso por desafiar a sus oponentes a usar su mejor habilidad y luego derrotarlos. {nl} Pero cambiaba un poco las reglas de su juego cada vez. {nl} Lydia Schaffen preguntó: 'Entiendo que quieres desafiar mi habilidad con el arco, así que ¿qué vamos a hacer?'{nl}	 지금은 럼펠스틸스킨의 이름을 사람들이 잘 모르지만, 당시에 이 악마는 시합 상대가 잘하는 것으로 승부하여 상대에게 패배를 선사하는 것으로 유명했습니다. {nl} 다만 항상 시합에 약간의 변형을 가하곤 했습니다. {nl} 리디아 샤펜이 말했습니다. {nl}[그래 활쏘기 시합을 하겠다는 말은 알아듣겠다. 그런데 어떻게 하자는 것이지?]{nl}	QUEST_JOBSTEP_20150317_000766	In the past, Rumpelstiltskin was quite famous for challenging his opponents to use their best skill and then defeating them. {nl} But, he changed the rules of his game a bit every time. {nl} Lydia Schaffen asked: 'I understand that you want to challenge my archery skill, so what are we going to do?'{nl}	 지금은 럼펠스틸스킨의 이름을 사람들이 잘 모르지만, 당시에 이 악마는 시합 상대가 잘하는 것으로 승부하여 상대에게 패배를 선사하는 것으로 유명했습니다. {nl} 다만 항상 시합에 약간의 변형을 가하곤 했습니다. {nl} 리디아 샤펜이 말했습니다. {nl}“그래 활쏘기 시합을 하겠다는 말은 알아듣겠다. 그런데 어떻게 하자는 것이지?”{nl}	리디아 샤펜과 럼펠스틸스킨
QUEST_JOBSTEP_20150729_003005	Claro, un juego para ver quién es mejor con el arco no sería muy interesante{nl}. Por lo tanto, juguemos a un juego en el que tú disparas una flecha a un blanco, y luego yo intentaré atraparla y montarla antes de que llegue al blanco —dijo Rumpelstiltskin—{nl}. Lydia respondió, cuestionando la propuesta: —¿Montar una flecha? —Así es —afirmó Rumpelstiltskin—.{nl}	[누가 더 활을 잘 쏘나 하는 시합은 재미가 없다는 말이지. 그러니 이렇게 하자고 너는 과녁을 정하고 활을 쏘아. 그러면 나는 그 화살이 과녁에 닿기 전에 그 화살에 올라타도록 하지.]{nl}럼펠스틸스킨이 이렇게 말하자 리디아 샤펜이 되물었습니다.{nl}[화살에 올라탄다고?]{nl}[맞아.]{nl}	QUEST_JOBSTEP_20150317_000767	'Of course, a game to see who is better with a bow would not be that interesting. Therefore, let's play a game where you fire an arrow at a target, and then I will try to catch and ride the arrow before it reaches the target,' said Rumpelstiltskin. {nl}Lydia replied, questioning the proposal: 'Ride an arrow?'{nl}'That is correct,' averred Rumpelstiltskin.{nl}	“누가 더 활을 잘 쏘나 하는 시합은 재미가 없다는 말이지. 그러니 이렇게 하자고 너는 과녁을 정하고 활을 쏘아. 그러면 나는 그 화살이 과녁에 닿기 전에 그 화살에 올라타도록 하지.”{nl}럼펠스틸스킨이 이렇게 말하자 리디아 샤펜이 되물었습니다.{nl}“화살에 올라탄다고?”{nl}“맞아.”{nl}	리디아 샤펜과 럼펠스틸스킨
QUEST_JOBSTEP_20150729_003006	Al responder, Rumpelstiltskin comenzó a encoger su cuerpo{nl}. Una vez que se hubo reducido al tamaño del puño de un niño, Rumpelstiltskin habló: «Bueno, este tamaño me permitirá montar tu flecha, ¿verdad?»{nl}. Lydia Schaffen pensó un momento: «Pero hay un problema{nl}. Si tocas la flecha y haces que caiga al suelo sin que llegue a dar en el blanco, ¿no sería eso una pérdida para mí, independientemente de si montas la flecha o no?»{nl}. Rumpelstiltskin le respondió con estas palabras.{nl}	그렇게 대답한 럼펠스틸스킨의 몸은 작아지기 시작했습니다. {nl}그는 어린이의 주먹 크기로 줄어들더니 다시 말을 이었습니다.{nl}[어때 이 정도 크기면 네 화살에 올라탈 수 있겠지?]{nl}리디아 샤펜은 잠시 무엇을 생각하다 말했습니다.{nl}[이 시합은 문제가 있어. 만약 네가 화살을 건드려서 땅에 떨구거나 해서 과녁을 못 맞히게 하면 네가 화살에 올라타든 못 타든 내가 지는 것이잖아?]{nl}리디아 샤펜의 말에 럼펠스틸스킨이 대답했습니다.{nl}	QUEST_JOBSTEP_20150317_000768	Upon answering, Rumpelstiltskin started to shrink his body.{nl} Once he had reduced himself to the size of a child's fist, Rumpelstiltskin spoke: 'Well, this size will allow me to ride your arrow, right?'{nl}Lydia Schaffen thought for a bit,{nl}'There is a problem with that, though. If you touch the arrow and cause it to fall to the ground without it ever hitting the target, then wouldn't that still be a loss for me regardless of whether you rode the arrow or not?'{nl}Rumpelstiltskin answered her with these words.{nl}	그렇게 대답한 럼펠스틸스킨의 몸은 작아지기 시작했습니다. {nl}그는 어린이의 주먹 크기로 줄어들더니 다시 말을 이었습니다.{nl}“어때 이 정도 크기면 네 화살에 올라탈 수 있겠지?”{nl}리디아 샤펜은 잠시 무엇을 생각하다 말했습니다.{nl}“이 시합은 문제가 있어. 만약 네가 화살을 건드려서 땅에 떨구거나 해서 과녁을 못 맞히게 하면 네가 화살에 올라타든 못 타든 내가 지는 것이잖아?”{nl}리디아 샤펜의 말에 럼펠스틸스킨이 대답했습니다.{nl}	리디아 샤펜과 럼펠스틸스킨
QUEST_JOBSTEP_20150729_003007	¿Qué te parece esto? Gano si logro llevar tu flecha hasta que alcance el blanco. 'Y si tu flecha cae al suelo', continuó, 'perdemos los dos'{nl}. Rumpelstiltskin añadió: 'El juego tendrá tres rondas, al mejor de tres'.{nl}{nl}	[그럼 이렇게 하지. 내가 이기는 조건은 네 화살을 타고 표적까지 날아가기야.]{nl}{nl}[그전에 네가 그 화살에서 떨어진다면?]{nl}[그것도 내가 지는 것으로 하지. 그리고 시합은 세 차례 하는 걸로 하지. 그러니까 3번 겨뤄 2번 이기는 사람이 이기는 것이지.]{nl}	QUEST_JOBSTEP_20150317_000769	'Then how about this. I win if I can ride your arrow until it reaches the target.'{nl} 'And if your arrow falls to the ground,' he continued, 'then we both lose.'{nl}Rumpelstiltskin added, 'The game shall have three rounds, best two out of three.'{nl}	“그럼 이렇게 하지. 내가 이기는 조건은 네 화살을 타고 표적까지 날아가기야.”{nl}{nl}“그전에 네가 그 화살에서 떨어진다면?”{nl}“그것도 내가 지는 것으로 하지. 그리고 시합은 세 차례 하는 걸로 하지. 그러니까 3번 겨뤄 2번 이기는 사람이 이기는 것이지.”{nl}	리디아 샤펜과 럼펠스틸스킨
QUEST_JOBSTEP_20150729_003008	Tras la respuesta aparentemente sincera de Rumpelstiltskin, Lydia Schaffen replicó: «Bien, una cosa más: voy a disparar a cualquier objetivo, en cualquier dirección{nl}. Te diré cuál es el objetivo en cada ronda{nl}. Así, no podrás acostumbrarte para las rondas dos y tres{nl}. ¿Estás de acuerdo?». «De acuerdo, hagámoslo», asintió Rumpelstiltskin. Tras acordar también las condiciones de la derrota, comenzó el juego entre dos personas, o mejor dicho, entre una persona y un demonio.	럼펠스틸스킨이 그렇게 선선히 말하자 리디아 샤펜이 다시 말했습니다.{nl}[좋아. 그럼 한 가지만 더 말하지. 나는 지금 이 자리에서 아무 방향으로 아무 표적을 향해 쏠 거야. 두 번째나 세 번째에 네가 익숙해지지 않도록 말이지. 다만 차례마다 맞추는 표적은 미리 말해 주겠어. 어때 이 조건에 동의해?]{nl}[좋아. 그렇게 하지.]{nl}럼펠스틸스킨이 동의하고 패배할 경우 보상에 대해서도 합의한 다음; 두 사람, 아니 한 사람과 한 악마의 시합이 시작되었습니다. {nl}	QUEST_JOBSTEP_20150317_000770	After Rumpelstiltskin's seemingly honest answer, Lydia Schaffen replied, 'Alright, one more thing: I'm going to shoot at any target, in any direction. I'll tell you what the target is each round. This way, you won't be able to get used to it for rounds two and three. Are you okay with this?{nl}'Alright, let's do that,' agreed Rumpelstiltskin. {nl}After also agreeing upon terms of defeat, the game between two people, err, one person and one demon began.{nl}	럼펠스틸스킨이 그렇게 선선히 말하자 리디아 샤펜이 다시 말했습니다.{nl}“좋아. 그럼 한 가지만 더 말하지. 나는 지금 이 자리에서 아무 방향으로 아무 표적을 향해 쏠 거야. 두 번째나 세 번째에 네가 익숙해지지 않도록 말이지. 다만 차례마다 맞추는 표적은 미리 말해 주겠어. 어때 이 조건에 동의해?”{nl}“좋아. 그렇게 하지.”{nl}럼펠스틸스킨이 동의하고 패배할 경우 보상에 대해서도 합의한 다음; 두 사람, 아니 한 사람과 한 악마의 시합이 시작되었습니다. {nl}	리디아 샤펜과 럼펠스틸스킨
QUEST_JOBSTEP_20150729_003009	Lydia Schaffen sopesó su flecha y luego señaló el primer objetivo: {nl}'¡El árbol marrón más alto de allí!'{nl}Con esas palabras, soltó la flecha y esta surcó el aire a una velocidad espantosa.{nl}	리디아 샤펜이 화살을 잰 다음 목표를 불렀습니다. {nl}[저기 가장 큰 갈색 나무!]{nl}그리고 그 말과 함께 시위를 놓았고 화살은 무서운 속도로 바람을 갈랐습니다.{nl}	QUEST_JOBSTEP_20150317_000771	Lydia Schaffen weighed her arrow, then called out the first target:{nl}'The tallest brown tree over there!'{nl}With those words, she released the arrow and it sliced through the air at a frightful speed{nl}	리디아 샤펜이 화살을 잰 다음 목표를 불렀습니다. {nl}“저기 가장 큰 갈색 나무!”{nl}그리고 그 말과 함께 시위를 놓았고 화살은 무서운 속도로 바람을 갈랐습니다.{nl}	리디아 샤펜과 럼펠스틸스킨
QUEST_JOBSTEP_20150729_003010	Rumpelstiltskin se movió ágilmente para perseguir la flecha voladora, y después de que la alcanzó, la flecha se atravesó el árbol. Mientras la flecha seguía oscilando, él bailó al ritmo de la oscilación y cantó una melodía desconocida. {nl}Lydia Schaffen volvió a calcular sus flechas, luego gritó: {nl}'¡Todas las piñas de ese pino que está a mi izquierda!' {nl}Al señalar el objetivo, Lydia Schaffen desató sus habilidades divinas de tiro con arco.	하지만 럼펠스틸스킨은 가벼운 동작으로 날아가는 화살을 추격해 그에 올라탄 후 화살이 나무에 꽂히자 부르르 떠는 진동에 맞춰 화살대 위에서 춤을 추며 알 수 없는 노래를 불렀습니다.{nl}리디아 샤펜이 다시 화살을 잰 후 외쳤습니다.{nl}[내 좌측 정면 소나무의 모든 솔방울!]{nl}그 말과 함께 리디아 샤펜의 신기에 가까운 궁술이 펼쳐졌지요. 	QUEST_JOBSTEP_20150317_000772	Rumpelstiltskin moved nimbly to chase the flying arrow, and after he got on, the arrow impaled the tree. As the arrow continued to oscillate, he danced to the rhythm of the oscillation and sang an unknown tune.{nl}Lydia Schaffen again gauged her arrows, then she called:{nl}'All of the cones on that pine tree on my front-left side!'{nl}Upon calling the target, Lydia Schaffen unleashed her godlike archery skills. 	하지만 럼펠스틸스킨은 가벼운 동작으로 날아가는 화살을 추격해 그에 올라탄 후 화살이 나무에 꽂히자 부르르 떠는 진동에 맞춰 화살대 위에서 춤을 추며 알 수 없는 노래를 불렀습니다.{nl}리디아 샤펜이 다시 화살을 잰 후 외쳤습니다.{nl}“내 좌측 정면 소나무의 모든 솔방울!”{nl}그 말과 함께 리디아 샤펜의 신기에 가까운 궁술이 펼쳐졌지요. 	리디아 샤펜과 럼펠스틸스킨
QUEST_JOBSTEP_20150729_003011	Así que ahí lo tienes, logré posarme sobre cada flecha antes de que la última alcanzara el blanco. ¡Gané!'{nl} Lydia Schaffen respondió:{nl}' Ciertamente, no puedo negar que te posaste sobre cada flecha antes de que la última alcanzara su blanco.'{nl}	[어쨌거나 마지막 화살이 표적에 닿기 전에 모든 화살에 한 번씩 올라탔으니 이건 내가 이긴 거야.]{nl}리디아 샤펜이 말했습니다.{nl}[분명히 마지막 화살이 표적에 닿기 전에 모든 화살에 한 번씩 올라탔으니 네 말을 인정하지.]{nl}	QUEST_JOBSTEP_20150317_000775	'So there, I managed to sit on every single arrow before the last arrow reached the target. I win.'{nl} Lydia Schaffen replied,{nl}' Certainly, I can't deny the fact you sat on every arrow before the last one reached its target.'{nl}	“어쨌거나 마지막 화살이 표적에 닿기 전에 모든 화살에 한 번씩 올라탔으니 이건 내가 이긴 거야.”{nl}리디아 샤펜이 말했습니다.{nl}“분명히 마지막 화살이 표적에 닿기 전에 모든 화살에 한 번씩 올라탔으니 네 말을 인정하지.”{nl}	리디아 샤펜과 럼펠스틸스킨
QUEST_JOBSTEP_20150729_003012	Rumpelstiltskin esbozó una sonrisa maliciosa tras escuchar las palabras de Lydia Schaffen y dijo: «Es decir, gané esta partida{nl}. Ahora bien, en cuanto al castigo acordado...» Antes de que Rumpelstiltskin pudiera terminar, Lydia Schaffen negó con la cabeza y dijo: «¿No me digas que porque ganaste dos rondas no vas a jugar la ronda final? No es aceptable, prometimos claramente jugar tres rondas, ¿no?»{nl}{nl}{nl}	럼펠스틸스킨은 리디아 샤펜의 말에 사악한 미소를 지으며 말했습니다.{nl}[그럼 이제 이 시합은 내가 이겼군. 그러면 아까 말한 보상 말인데….]{nl}럼펠스틸스킨의 말이 이어지기 전에 리디아 샤펜이 고개를 젓고 말했습니다.{nl}[설마 네가 두 번 이겼다고 마지막 시합을 안 하겠다는 것인가? 나는 그렇게 못 하겠는데 더구나우리 약속은 어쨌거나 분명히 3번의 시합을 하기로 약속한 것이지 않나? 	QUEST_JOBSTEP_20150317_000776	Rumpelstiltskin gave a wicked grin after hearing Lydia Schaffen's words and said,{nl}'Meaning, I won this game. Now, as for the penalty we agreed on...'{nl}Before Rumpelstiltskin could finish, Lydia Schaffen shook her head and spoke,{nl}'Don't tell me that because you won two rounds, you won't play the final round? It's not acceptable, we clearly promised to play three rounds anyway, didn't we?'{nl}	럼펠스틸스킨은 리디아 샤펜의 말에 사악한 미소를 지으며 말했습니다.{nl}“그럼 이제 이 시합은 내가 이겼군. 그러면 아까 말한 보상 말인데….”{nl}럼펠스틸스킨의 말이 이어지기 전에 리디아 샤펜이 고개를 젓고 말했습니다.{nl}“설마 네가 두 번 이겼다고 마지막 시합을 안 하겠다는 것인가? 나는 그렇게 못 하겠는데 더구나우리 약속은 어쨌거나 분명히 3번의 시합을 하기로 약속한 것이지 않나? 	리디아 샤펜과 럼펠스틸스킨
QUEST_JOBSTEP_20150729_003013	El juego no termina antes de la tercera ronda, así que creo que es inútil hablar de penaltis antes de que el juego haya terminado realmente...{nl}	3번의 시합을 다 하기 전에는 시합은 끝난 것이 아니고 시합이 끝나지 않은 상태에서 보상이니 뭐니 하는 것을 언급하는 일은 무의미하다고 생각하는데..]{nl}	QUEST_JOBSTEP_20150317_000777	'The game doesn't end before the third round, so I think it's pointless to talk about penalties before the game has actually ended...'{nl}	3번의 시합을 다 하기 전에는 시합은 끝난 것이 아니고 시합이 끝나지 않은 상태에서 보상이니 뭐니 하는 것을 언급하는 일은 무의미하다고 생각하는데..”{nl}	리디아 샤펜과 럼펠스틸스킨
QUEST_JOBSTEP_20150729_003014	Al reconocer que ya había ganado dos rondas y no tenía razón para rechazar una tercera, así como el hecho de que el juego ciertamente aún no había terminado, Rumpelstiltskin no tuvo más remedio que acatar las palabras de Lydia Schaffen{nl}. Y así comenzó la ronda final, Lydia Schaffen calculó su última flecha y gritó mientras tensaba la cuerda del arco: '¡Mi objetivo es... la luna en el cielo!' Rumpelstiltskin colocó la flecha de lado tan pronto como salió de la cuerda del arco, y no antes de darse cuenta de lo que había oído.{nl}{nl}	럼펠스틸스킨은 설사 이번 차례에 져도 어차피 자신이 2승을 거둔 상황이기 때문에 딱히 거절할이유가 없었고, 리디아 샤펜의 말대로 확실히 시합은 아직 끝나지 않았기 때문에 리디아 샤펜의 말에 따를 수밖에 없었습니다.{nl}그래서 마지막 시합이 시작되었고, 리디아 샤펜은 마지막 화살을 잰 후 그것을 당기며 외쳤습니다.{nl}[목표는 하늘의 저 달!]{nl}럼펠스틸스킨은 활이 시위를 떠나자마자 화살에 올라타 걸터앉은 자세로 있다가 곧, 자신이 무슨 말을 들었는지 깨달았습니다. 	QUEST_JOBSTEP_20150317_000778	Recognizing that he has already won two rounds and had no reason to refuse a third, as well as the fact the game was certainly not over yet, Rumpelstiltskin had no choice but to abide by Lydia Schaffen's words.{nl}And so the final round began, Lydia Schaffen gauged her last arrow, and called out as she pulled the bowstring back:{nl}'My target is... the moon in the sky!'{nl}Rumpelstiltskin side-saddled the arrow as soon as it left the bowstring, and not before long, he realized what he heard.	럼펠스틸스킨은 설사 이번 차례에 져도 어차피 자신이 2승을 거둔 상황이기 때문에 딱히 거절할이유가 없었고, 리디아 샤펜의 말대로 확실히 시합은 아직 끝나지 않았기 때문에 리디아 샤펜의 말에 따를 수밖에 없었습니다.{nl}그래서 마지막 시합이 시작되었고, 리디아 샤펜은 마지막 화살을 잰 후 그것을 당기며 외쳤습니다.{nl}“목표는 하늘의 저 달!”{nl}럼펠스틸스킨은 활이 시위를 떠나자마자 화살에 올라타 걸터앉은 자세로 있다가 곧, 자신이 무슨 말을 들었는지 깨달았습니다. 	리디아 샤펜과 럼펠스틸스킨
QUEST_JOBSTEP_20150729_003015	Justo cuando Rumpelstiltskin, rechinando los dientes, estaba a punto de abrir la boca, Lydia Schaffen dijo: «Para que el juego termine, tienes que cabalgar sobre la flecha hasta que llegue a su objetivo{nl}. El juego no puede terminar antes{nl}. Si logras tocar la luna y regresar, entonces aceptaré el castigo sin duda». Dicho esto, Lydia Schaffen comenzó a alejarse mientras Rumpelstiltskin la observaba, rechinando los dientes una vez más, incapaz de cambiar el curso del juego.	럼펠스틸스킨은 리디아 샤펜에게 이를 갈며 뭐라 하려고 했지만, 그전에 리디아 샤펜이 먼저 말을 꺼냈습니다.{nl}[시합이 끝나려면 반드시 네가 화살에 타고 과녁에 도착해야 해. 그전에는 시합이 끝난 것이 아니지. 네가 달에 닿은 후 내게 돌아오면 내 약속한 보상을 꼭 하지.] {nl}그렇게 말한 후 리디아 샤펜은 럼펠스틸스킨을 남겨두고 자기 길을 가기 시작했습니다. 럼펠스틸스킨은 그런 리디아 샤펜의 뒷모습을 보고 이를 갈았지만, 뾰족한 수가 없었습니다. 	QUEST_JOBSTEP_20150317_000780	Just as Rumpelstiltskin, grinding his teeth, was about to open his mouth, Lydia Schaffen said,{nl}'For the game to end, you need to ride the arrow until it arrives at its target. The game cannot end before then. If you manage to touched the moon and come back, then I will definitely accept the penalty.'{nl}Having said so, Lydia Schaffen began walking away as Rumpelstiltskin watched, grinding his teeth once again, unable to change the course of the game.	럼펠스틸스킨은 리디아 샤펜에게 이를 갈며 뭐라 하려고 했지만, 그전에 리디아 샤펜이 먼저 말을 꺼냈습니다.{nl}“시합이 끝나려면 반드시 네가 화살에 타고 과녁에 도착해야 해. 그전에는 시합이 끝난 것이 아니지. 네가 달에 닿은 후 내게 돌아오면 내 약속한 보상을 꼭 하지.” {nl}그렇게 말한 후 리디아 샤펜은 럼펠스틸스킨을 남겨두고 자기 길을 가기 시작했습니다. 럼펠스틸스킨은 그런 리디아 샤펜의 뒷모습을 보고 이를 갈았지만, 뾰족한 수가 없었습니다. 	리디아 샤펜과 럼펠스틸스킨
QUEST_JOBSTEP_20150729_003016	Recuperaré el sello	인장을 수거해오겠다고 한다	QUEST_LV_0100_20150317_002398	Accept	수락	
QUEST_JOBSTEP_20150729_003017	Dile que no quieres involucrarte en un asunto familiar.	집안일에 끼고 싶지 않다고 한다	QUEST_LV_0200_20150317_001850	Reject	거부	
QUEST_JOBSTEP_20150729_003018	Di que es absurdo	터무니없는 소리라고 한다				
QUEST_JOBSTEP_20150729_003019	Sin duda ayudaré	당연히 돕겠다고 한다				
QUEST_JOBSTEP_20150729_003020	No me interesa	별로 관심없다고 한다	QUEST_LV_0200_20150317_001850	Reject	거부	
QUEST_JOBSTEP_20150729_003021	Dile que crea en ti	믿고 맡겨두라고 한다	QUEST_LV_0100_20150317_002398	Accept	수락	
QUEST_JOBSTEP_20150729_003022	No quiero verme involucrado en una tarea sospechosa.	수상한 일에는 관여하지 않겠다고 한다	QUEST_LV_0200_20150317_001850	Reject	거부	
QUEST_JOBSTEP_20150729_003023	Contándole las circunstancias/HABLAR/3/PISTA_ANTERIOR/Ninguno	상황을 전하는 중/TALK/3/TRACK_BEFORE/None				
QUEST_JOBSTEP_20150729_003024	Amjinas Eternas [Avance de Hechicero]	불노불사의 암지나스[소서러 전직]				
QUEST_JOBSTEP_20150729_003025	Le preguntaré	물어보고 오겠다고 한다				
QUEST_JOBSTEP_20150729_003026	Dile que vaya él mismo.	직접 가라고 한다				
QUEST_JOBSTEP_20150729_003027	Pasando lo que oíste/HABLAR/3/PISTA_ANTERIOR/Ninguno	들은 이야기를 전하는 중/TALK/3/TRACK_BEFORE/None				
QUEST_JOBSTEP_20150729_003028	Voy a renunciar porque da miedo.	무서우니 관두겠다고 한다	QUEST_LV_0200_20150317_001850	Reject	거부	
QUEST_JOBSTEP_20150729_003029	Dile que haga su tarea por su cuenta.	자기 일은 알아서 하라고 한다	QUEST_LV_0100_20150317_002395	I'll wait then	기다리겠다고 한다	
QUEST_JOBSTEP_20150729_003030	Recoge los pasadores de cola de Desmodus en la iglesia Tenet B1.	테넷 성당 지하 1층에서 데스모두스의 꼬리침 수집	QUEST_JOBSTEP_20150714_002811	Collect the seeds of Carcashus from Septyni Glen	셉티니 골에서 카르카슈의 씨앗 수집	
QUEST_JOBSTEP_20150729_003031	El Maestro de Psicocinema te comentó que le interesa este campo y te pidió que fueras su asistente. Consigue los pasadores de cola de Desmodus en la Iglesia Tenet B1, que necesita el Maestro de Psicocinema.	사이코키노 마스터는 이 분야에 관심이 있다면 잠시 자신의 조수가 되어 보는 것을 권했습니다. 사이코키노 마스터가 필요로 하는 테넷 성당 지하 1층에서 데스모두스의 꼬리침을 구해 오세요.	QUEST_JOBSTEP_20150714_002812	The Psychokino Master asked you to become his assistant if you are interested in this field. Obtain the seeds of Carcashus that are needed by the Psychokino Master from Septyni Glen.	사이코키노 마스터는 이 분야에 관심이 있다면 잠시 자신의 조수가 되어 보는 것을 권했습니다. 사이코키노 마스터가 필요로 하는 셉티니 골에서 카르카슈의 씨앗을 구해 오세요.	
QUEST_JOBSTEP_20150729_003032	Ya tienes suficientes pasadores de cola de Desmodus. Regresa con el Maestro Psychokino y dáselos.	데스모두스의 꼬리침을 충분히 구했습니다. 사이코키노 마스터에게 돌아가 전해 주세요.	QUEST_JOBSTEP_20150714_002813	Acquired enough seeds of Carcashus from Septyni Glen. Return to the Psychokino Master and hand over the flower alcohol.	셉티니 골에서 카르카슈의 씨앗을 충분히 구했습니다. 사이코키노 마스터에게 돌아가 꽃술을 전해 주세요.	
QUEST_JOBSTEP_20150729_003033	Obtén cortezas gruesas de Yognome en la iglesia Tenet B1.	테넷 성당 지하 1층의 요노움에게서 성긴 나무 껍질 획득				
QUEST_JOBSTEP_20150729_003034	Como condición para solicitar la cooperación del Maestro Peltasta en Klaipeda, obtenga cortezas toscas de los Yognomes en la Iglesia Tenet B1 y entrégueselas.	클라페다에 있는 펠타스타 마스터에게 협조를 구하는 댓가로 테넷 성당 지하 1층의 요노움에게서 성긴 나무 껍질을 구해 전해 주세요.	QUEST_JOBSTEP_20150714_002819	Obtain the coarse tree barks of Mentiwood as a compensation for receiving help from the Peltasta Master in Klaipeda.	클라페다에 있는 펠타스타 마스터에게 협조를 구하는 댓가로 멘티우드의 성긴 나무 껍질을 5개 구해 전해 주세요.	
QUEST_JOBSTEP_20150729_003035	Recoge los Clavos Negros de Glizardon en la Iglesia Tenet B1.	테넷 성당 지하 1층의 글리자돈의 검은 손톱 수집				
QUEST_JOBSTEP_20150729_003036	El Maestro Peltasta te ha encomendado una misión. Consigue las Garras Negras de Glizardon en la Iglesia Tenet, sótano 1.	펠타스타 마스터는 한 가지 임무를 맡겼습니다. 테넷 성당 지하 1층의 글리자돈의 검은 손톱을 구해 오세요.	QUEST_JOBSTEP_20150714_002821	The Peltasta Master handed over a mission to you. Obtain the toe nails of Biteroses from Septyni Glen.	펠타스타 마스터는 한 가지 임무를 맡겼습니다. 셉티니 골에서 비테로스의 발톱을 구해 오세요.	
QUEST_JOBSTEP_20150729_003037	He conseguido las Garras Negras de Glizardon. Entrégaselas al Maestro Highlander en Klaipeda.	글리자돈의 검은 손톱을 구했습니다. 클라페다의 하이랜더 마스터에게 전해 주세요.				
QUEST_JOBSTEP_20150729_003038	Las uñas negras de Glizardon	글리자돈의 검은 손톱				
QUEST_JOBSTEP_20150729_003039	Derrota a un Glizardon en la Iglesia B1 de Tenet	테넷 성당 지하 1층의 글리자돈 처치	QUEST_JOBSTEP_20150714_002826	Defeat Carcashus at Septyni Glen	셉티니 골의 카르카슈 처치	
QUEST_JOBSTEP_20150729_003040	El Maestro Espadachín quiere que comprendas algo. Derrota a un Glizardon en la Iglesia Tenet B1 y comprende las palabras que dijo el Maestro Espadachín.	소드맨 마스터는 깨달음을 얻길 원하고 있습니다. 테넷 성당 지하 1층의 글리자돈을 처치하면서 소드맨 마스터가 한 말의 의미를 깨닫고 오세요.	QUEST_JOBSTEP_20150714_002827	The Swordsman Master wants to be realized. While you are defeating Carcashus at Septyni Glen, realize the words that the Swordsman Master told you.	소드맨 마스터는 깨달음을 얻길 원하고 있습니다. 셉티니 골의 카르카슈를 처치하면서 소드맨 마스터가 한 말의 의미를 깨닫고 오세요.	
QUEST_JOBSTEP_20150729_003041	Busca los objetos del Gran Pirata Vladslovas.	대해적 블라디슬로바스의 물건 찾기	QUEST_JOBSTEP_20150717_002920	Things to do	할일	
QUEST_JOBSTEP_20150729_003042	El Maestro Corsario quiere encontrar los objetos del Gran Pirata Vladslovas y usarlos como prueba de la victoria. Busca los objetos de Vladslovas que se hundieron en la Llanura Coralina 32_1, que antaño fue mar.	커세어 마스터는 과거 자신이 싸워 이겼던 대해적 블라디슬로바스의 물건을 찾아 승리의 증거로 쓰고 싶어 합니다. 과거 바다였던 산호평원 32_1에 가서 바다에 가라앉았다는 블라디슬로바스의 물건을 찾아보세요.	QUEST_JOBSTEP_20150717_002920	Things to do	할일	
QUEST_JOBSTEP_20150729_003043	Has encontrado el collar roto del Gran Pirata Vladslovas. Regresa con el Maestro Corsario.	대해적 블라디슬로바스의 부서진 목걸이를 찾았습니다. 커세어 마스터에게 돌아가세요.				
QUEST_JOBSTEP_20150729_003044	Recuperar la bandera rasgada del Ejército Real	찢어진 왕국군의 군단기 회수	QUEST_JOBSTEP_20150717_002920	Things to do	할일	
QUEST_JOBSTEP_20150729_003045	El Maestro Centurión quiere recuperar la bandera del Ejército Real, aniquilado en Medzio Diena. Derrota a los monstruos en el Campo de Entrenamiento del Conflicto y recupera la bandera desgarrada del Ejército Real.	센츄리온 마스터는 신수의 날 전멸한 왕국군의 군단기를 되찾고 싶어합니다. 대립의 훈련장의 몬스터들을 처치해서 찢어진 왕국군의 군단기를 회수하세요.	QUEST_JOBSTEP_20150717_002920	Things to do	할일	
QUEST_JOBSTEP_20150729_003046	Has recogido todas las banderas rasgadas del Ejército Real. Devuélvelas al Maestro Centurión.	찢어진 왕국군의 군단기를 모두 모았습니다. 센츄리온 마스터에게 돌아가세요.	QUEST_JOBSTEP_20150717_002923	Return to the Centurion Master.	센츄리온 마스터에게 돌아가세요.	
QUEST_JOBSTEP_20150729_003047	Averiguar el paradero de los desaparecidos	실종된 사절의 행방 찾기	QUEST_JOBSTEP_20150717_002920	Things to do	할일	
QUEST_JOBSTEP_20150729_003048	El Maestro Doppelsoeldner te dijo que perdió el contacto del enviado que debía reunirse contigo en el Camino del Peregrino 36_2. Averigua el paradero del enviado para descubrir qué sucedió.	도펠죌트너 마스터는 자신과 만나기로 한 사절이 순례자의 길 36_2에서 연락이 끊겼다고 합니다. 무슨 일이 생긴 것인지 사절의 행방을 찾아보세요.	QUEST_JOBSTEP_20150717_002920	Things to do	할일	
QUEST_JOBSTEP_20150729_003049	Derrota a %s que se precipitaron.	습격해온 %s 처치	QUEST_JOBSTEP_20150323_002333	Defeat %s	%s 처치	
QUEST_JOBSTEP_20150729_003050	Recopilar la información relativa a Amjinas	암지나스에 대한 정보 수집				
QUEST_JOBSTEP_20150729_003051	El Maestro Hechicero te comentó que está investigando sobre la vida eterna. Reúne información sobre los Amjinas que viven la vida eterna. Puedes obtener más información del Maestro Dievdirbyss en el Bosque de Siauliai Oeste, del Maestra Nigromante en el Paso de Mullers y del Maestra Cronomante en el Camino de Stele.	소서러 마스터는 불로불사에 대해 연구하고 있다고 합니다. 영원한 삶을 산다고 하는 암지나스에 대한 정보를 모아오세요. 샤울레이 서쪽 숲의 딥디르비 마스터, 뮬러스 통로의 네크로맨서 마스터, 비석로의 크로노맨서 마스터에게서 이야기를 들을 수 있습니다.	QUEST_JOBSTEP_20150717_002920	Things to do	할일	
QUEST_JOBSTEP_20150729_003052	Has oído algo de Amjinas. Regresa con el Maestro Hechicero.	암지나스에게 이야기들을 들었습니다. 소서러 마스터에게 돌아가세요.	QUEST_JOBSTEP_20150717_002927	Return to the Sorcerer Master.	소서러 마스터에게 돌아가세요.	
QUEST_JOBSTEP_20150729_003053	Explora la mina de cristal	수정광산 탐사				
QUEST_JOBSTEP_20150729_003054	El Maestra Cronomante investigará el incidente ocurrido en la Mina de Cristal a petición del Maestro Alquimista. Con la esfera de cristal que refleja el pasado, alcanza el 100 % de exploración en los distritos 1 y 2 de la Mina de Cristal.	크로노맨서 마스터는 알케미스트 마스터의 부탁으로 수정광산에서 있었던 사건을 조사하는 일을 해주기로 했다고 합니다. 크로노맨서 마스터가 준 과거를 비추는 유리보주를 들고 수정광산 1광구와 2광구의 모든 지역의 맵 탐색율 100%를 달성하세요.				
QUEST_JOBSTEP_20150729_003055	Los recuerdos de la Mina de Cristal están suficientemente registrados en el orbe. Regresa con el Maestra Cronomante.	수정광산의 기억이 보주에 충분히 기록되었습니다. 크로노맨서 마스터에게 돌아가세요.				
QUEST_JOBSTEP_20150729_003056	Adquiere recuerdos de los que puedas arrepentirte profundamente.	강한 미련이 느껴지는 유품 획득	QUEST_JOBSTEP_20150717_002920	Things to do	할일	
QUEST_JOBSTEP_20150729_003057	El Maestra Nigromante desea crear No Muertos más fuertes con materiales más resistentes. Cuando el rencor de los muertos se intensifique, se convertirán en buenos materiales, así que obtén los recuerdos que te harán sentir un profundo remordimiento en el Santuario de Videntis.	네크로맨서 마스터는 더 강한 소재로 더 강한 언데드를 제작하고 싶어합니다. 죽은 자의 원념이 강할수록 좋은 소재가 된다고 하니 바이덴티스 신당에서 강한 미련이 느껴지는 유품을 구해오세요.	QUEST_JOBSTEP_20150717_002920	Things to do	할일	
QUEST_JOBSTEP_20150729_003058	El Maestro Alquimista te dijo que para investigar la Mina de Cristal necesita el orbe que contiene los recuerdos del pasado del Maestra Cronomante. Consigue el orbe que registra los recuerdos del pasado del Maestra Cronomante.	알케미스트 마스터는 수정광산을 조사하는 일을 하기 위해서는 크로노맨서 마스터가 가진 과거의 기억을 기록하는 보주가 필요하다고 합니다. 크로노맨서 마스터에게 가서 과거의 기억을 기록하는 보주를 받아오세요.	QUEST_JOBSTEP_20150717_002920	Things to do	할일	
QUEST_JOBSTEP_20150729_003059	Obtuve el orbe que registra los recuerdos del pasado. Regresa con el Maestro Alquimista.	과거의 기억을 기록하는 보주를 얻었습니다. 알케미스트 마스터에게 돌아가세요.	QUEST_JOBSTEP_20150717_002935	Return to the Alchemist Master.	알케미스트 마스터에게 돌아가세요.	
QUEST_JOBSTEP_20150729_003060	Obtuve el orbe que registra los recuerdos del pasado. Habla con el Maestro Alquimista.	과거의 기억을 기록하는 보주를 구했습니다. 알케미스트 마스터와 이야기해보세요.				
QUEST_JOBSTEP_20150729_003061	Explora la mina Crystal	수정광산 탐색				
QUEST_JOBSTEP_20150729_003062	El Maestro Alquimista quiere que investigues el incidente ocurrido en la Mina de Cristal. Con la esfera de cristal que refleja el pasado, que te entregó el Maestra Cronomante, completa la exploración al 100% en todas las regiones del primer y segundo distrito de la Mina de Cristal.	알케미스트 마스터는 수정광산에서 있었던 사건을 조사하라고 합니다. 크로노맨서 마스터가 준 과거를 비추는 유리보주를 들고 수정광산 1광구와 2광구의 모든 지역의 맵 탐색율 100%를 달성하세요.				
QUEST_JOBSTEP_20150730_003063	Ser alquimista no es un camino fácil{nl}. Primero debemos averiguar si eres apto para ello.	알케미스트는 그리 쉬운 길이 아닙니다.{nl}일단 당신이 그 격에 어울리는 사람인지 알아볼 필요가 있겠군요.	QUEST_JOBSTEP_20150729_002955	You want to become an Alchemist.{nl}I'll find out if you are suitable.	알케미스트가 되고 싶으시다고요.{nl}일단 당신이 그 격에 어울리는 사람인지 먼저 알아봐야겠습니다.	바이도타스
QUEST_JOBSTEP_20150730_003064	El mundo me conoce como el Maestro Escudero.{nl}Pero también soy el único superviviente de la familia Legwyn.{nl}	세상이 아는 저는 스콰이어 마스터입니다만.{nl}르귄가의 유일한 생존자이기도 합니다.{nl}	QUEST_JOBSTEP_20150729_002956	You want to be a better Squire.{nl}If you could fulfill my request, I will certainly help you.{nl}	스콰이어로서 더욱 정진하고자 하는 모양이군요.{nl}저의 의뢰를 해결해오신다면 기꺼이 돕도록 하겠어요.{nl}	스콰이어 마스터
QUEST_JOBSTEP_20150730_003065	Como último cabeza de familia, estoy tratando de sacar adelante a la familia una vez más.{nl}Si pudieras encontrar el sello de la mansión de la familia Legwyn, te enseñaré todo sobre el escudero.	저는 마지막 당주로써 가문을 다시 일으키려고 합니다.{nl}르귄 가문의 저택에서 인장을 찾아 주신다면 스콰이어의 모든 것을 전수해 드리겠어요.	QUEST_JOBSTEP_20150729_002957	The Legwyn family once had a mansion that's now ruins.{nl}It got that way because of some incident... but, I don't want it to remain that way.{nl}I can't do anything about it at the moment, but please at least return the seal of the Legwyn family from there.	르귄가에는 지금은 폐허처럼 되어버린 저택이 있지요.{nl}좋지 않은 일로 그렇게 되어버렸지만.. 그런 꼴로 방치하고 싶진 않군요.{nl}지금 당장 큰일을 할 수는 없지만 적어도 그곳에서 르귄가의 인장을 수거해주세요.	스콰이어 마스터
QUEST_JOBSTEP_20150730_003066	No pasa nada si no está intacto.{nl}Si tenemos el sello de la familia, podemos hacerle saber al resto del mundo que la familia Legwyn sigue viva.	완전히 온전하지 않아도 좋습니다.{nl}가문의 인장만 있다면 르귄 가는 아직 살아 있다는 것을 널리 알릴 수 있겠지요.	QUEST_JOBSTEP_20150729_002958	You will find the seal which once shined brightly when you go to the ruins of the Legwyn family mansion.{nl}It is either broken or you may have hard time identifying it's original shape... hopefully it hasn't been totally destroyed by the monsters.	쇠락한 르귄가문의 저택에 가면 한때는 찬란하게 반짝였을 인장을 찾을 수 있을 겁니다.{nl}지금은 부서지거나 제 형체를 알아보기 힘들수도 있지만.. 어쩌면 몬스터들에 의해 박살났을 수도 있죠.	스콰이어 마스터
QUEST_JOBSTEP_20150730_003067	Qué horrible...{nl}Si me convierto en el heredero oficial de la familia Legwyn, no perdonaré esto.	이렇게 처참한 상태라니.. {nl}제가 르귄 가의 정식 상속자가 되면 절대 용서하지 않을 겁니다.{nl}	QUEST_JOBSTEP_20150729_002959	How awful... If I become the official heir of the Legwyn family, I won't let it remain that way.{nl}Of course, I will remember to reward you as the Squire who completed my request.	이런 처참한 상태라니.. 제가 르귄가의 정식 상속자가 된다면 이대로 두진 않을겁니다.{nl}물론 그전에 제 부탁을 잘 처리해주신 당신을 스콰이어로서 돕는 걸 잊진 않았습니다.	스콰이어 마스터
QUEST_JOBSTEP_20150730_003068	Por supuesto, primero debo devolverle el favor como Maestro Escudero.	물론 그 전에, 스콰이어 마스터로써 당신께 보답하는 것이 먼저이겠지요.				스콰이어 마스터
QUEST_JOBSTEP_20150730_003069	Esto fue cuando la Llanuras de Coral aún era mar{nl}. Una vez luché con el Gran Pirata Vladslovas por el trono del mar.{nl}	이건 산호 평원이 아직 바다였을 시절 이야기다.{nl}나는 블라디슬로바스라는 대해적과 왕좌의 자리를 놓고 결투 한 적이 있었지.{nl}	QUEST_JOBSTEP_20150729_002960	I don't mind meeting someone who wants to learn from me.{nl}But, that doesn't mean I will accept just anyone.{nl}	언제든지 나의 기술을 전수받고 싶어하는 자를 만나는 건 나쁘지 않은 기분이군.{nl}하지만 그렇다고 어중이떠중이 다 받아줄 수는 없는 노릇이지.{nl}	커세어 마스터
QUEST_JOBSTEP_20150730_003070	Gané en ese momento, pero se me cayó al mar el collar que había obtenido tras golpearlo{nl}. El mar era muy profundo entonces, pero tal vez pueda encontrarlo ahora.	당연히 내가 이겼지만, 증거로 챙긴 그 녀석의 목걸이를 바다에 빠뜨리고 말았어.{nl}그 땐 워낙 깊은 바다라 포기했지만, 지금이라면 찾을 수 있을지도 모르겠군.	QUEST_JOBSTEP_20150729_002961	When the coral plain was once underwater, {nl}I fought with the great pirate Vladslovas to decide who was the strongest.{nl}I won, but Vladslovas's necklace, which I should have taken as proof of my victory, fell into the sea.{nl}	지금은 육지가 되어버린 산호평원이 아직 바다였던 시절,{nl}나는 블라디슬로바스라는 대해적과 바다사나이의 자존심을 걸고 대전투를 벌인적이 있어.{nl}결과는 나의 승리였지만 그 증거로 챙겼어야 할 블라디슬로바스의 목걸이가 바다에 빠지고 말았지.{nl}	커세어 마스터
QUEST_JOBSTEP_20150730_003071	Si pudiera encontrarlo, la gente que dijo que mis palabras eran faroles se sorprendería{nl}. Estará cerca de Coral Plain 32_1. Tú eres el Corsario al que reconocí, así que lo encontrarás fácilmente.	그것만 되찾으면 내가 허세라는 녀석들에게 크게 한 방 먹일 수 있어.{nl}산호평원 32_1쯤일거다. 너는 내가 인정한 커세어니 금방 찾을 수 있겠지.	QUEST_JOBSTEP_20150729_002963	If I could find it, the people who thought I was bluffing will be very surprised!	그것만 되찾으면 내 말을 허세라고 하고 믿지 않는 녀석들에게 한방 먹일 수 있겠어.	커세어 마스터
QUEST_JOBSTEP_20150730_003072	¡Bien! Te enseñaré todo.{nl}	역시! 어중이떠중이들보단 낫군.{nl}대해적인 이 몸이 네게 모든 걸 전수해주마.	QUEST_JOBSTEP_20150729_002964	You really found it!{nl}It is badly damaged, but I am sure this is it.{nl}Okay, I will teach you my skills as I promised to you!	정말 찾아왔군!{nl}아무래도 상당히 망가지긴 했지만 틀림없어.{nl}좋아, 약속대로 나의 기술을 전수해주지!	커세어 마스터
QUEST_JOBSTEP_20150730_003073	Bien hecho{nl}. Hubiera sido mejor si hubiéramos podido encontrarlo un poco antes. Te enseñaré la nueva formación como recompensa. Es precisa, por lo que es mucho más fuerte.	수고했네. 조금만 더 일찍 되찾았으면 좋았을 걸 후회되는군.{nl}보답으로 새로운 진형을 가르쳐 주겠다. 정교한 만큼 더 강력하지.	QUEST_JOBSTEP_20150729_002967	The flag is not in a good status... It would've been better if you had found it little sooner...{nl}My heart aches to see the flag is in this status, but I can't forget you who helped me a lot.{nl}I will help you so that you could develop yourself to a higher stage.	이런 상태라니.. 조금만 더 일찍 되찾았다면 좋았을걸..{nl}군단기의 상태가 이래서 마음이 좋지 않네만 수고해준 자네를 잊을 순 없지.{nl}한단계 더 발전할 수 있도록 내가 돕도록 하겠다.	센츄리온 마스터
QUEST_JOBSTEP_20150730_003074	Si eres un Doppelsoeldner, deberías hacer algo por el reino.{nl}Quiero hacerlo yo mismo, pero como tiene que hacerse en silencio, no confío en mi capacidad para manejar la situación.	자네가 도펠죌트너라면 왕국을 위해 반드시 나서줘야 할 일이 있네.{nl}내가 직접 나섰으면 하나 조용히 진행하고 있는 일인지라 너무 눈에 띄게 되지.	QUEST_JOBSTEP_20150729_002968	You came here to learn more as a Doppelsoeldner?{nl}But, right now, I have some important task to do now...{nl}Yes, since I trust you, can you do this instead of a test?{nl}	도펠죌트너로서 더 배우고 싶어서 찾아왔는가?{nl}헌데 내가 지금 아주 중요한 일이 있어서..{nl}그렇지, 자네라면 믿을 수는 있으니 이 일을 시험대신 하지 않겠나?{nl}	도펠죌트너 마스터
QUEST_JOBSTEP_20150730_003075	Gracias por decirlo. Por favor, encuentren al enviado del general Ramin con la mayor discreción posible.{nl}Su último contacto fue desde Pilgrim's Way 36_2.	그래 말해주니 고맙군. 자네는 긴밀히 라민 장군의 사절을 찾아주게. {nl}순례자의 길 36_2에서의 연락을 마지막으로 소식이 없군.	QUEST_JOBSTEP_20150729_002970	The person I am trying to meet is the envoy of General Ramin.{nl}I didn't hear anything from him since we had contacted each other at Pilgrim's Way 36_2.{nl}Go there and find out whether something is happening.	내가 만나기로 한 사람은 라민 장군의 사절이네.{nl}순례자의 길 36_2에서의 연락을 마지막으로 소식이 없군.{nl}그곳으로 가서 무슨일이 있는 건 아닌지 알아봐주게.	도펠죌트너 마스터
QUEST_JOBSTEP_20150730_003076	Qué lástima. Supongo que fue atacado por los monstruos.{nl}De todos modos, ya que te has convertido en miembro de los Doppelsoeldners, te apoyaré con todo mi apoyo.	안타깝군. 필히 몬스터에게 당한 것일 테지.{nl}어쨌든 이걸로 자네도 도펠죌트너의 중요한 일원이 되었으니 내가 적극 지원해 주겠네.{nl}	QUEST_JOBSTEP_20150729_002971	Damn... I don't want to believe it, but according to what you just told me, it seems that he died due to the attacks from the monsters.{nl}I guess I should contact General Ramin with another method.{nl}Ah, and please keep this secret to other people.{nl}	그런.. 믿고 싶지않지만 자네 말대로라면 몬스터에게 습격을 당해 불행한 죽음을 맞이한 모양이군.{nl}다른 방법으로 라민 장군에게 다시 연락을 해봐야겠다.{nl}아, 그리고 혹시나 해서 말해두지만 이 일은 다른 사람들에겐 비밀로 해두게.{nl}	도펠죌트너 마스터
QUEST_JOBSTEP_20150730_003077	Ah, y por favor, mantén esto en secreto.{nl}Tengo que encontrar otra forma de contactar al general Ramin.	아, 그리고 이 일은 다른 사람들에겐 절대 비밀로 해 두게.{nl}라민 장군께는 다른 방법으로 연락할 방법을 찾아야겠지.	QUEST_JOBSTEP_20150729_002972	Of course, I didn't forget the promise to you.{nl}I will help you to grow up to be a better Doppelsoeldner.	물론 자네에게 약속한 것도 잊지 않았지.{nl}도펠죌트너로서 성장하는 것을 돕도록 하겠다.	도펠죌트너 마스터
QUEST_JOBSTEP_20150730_003078	Si has explorado completamente el área en el pasado, simplemente regístralo en el orbe.{nl}Después de explorar todas las áreas en Crystal Mine, usa el orbe para registrar tu pasado.	만약 당신이 과거에 이미 완벽히 탐색해두었다면 보주에 기록만 하시면 되요.{nl}수정광산의 모든 지역을 탐색한 뒤에 보주를 사용하시면 보주가 당신의 기억을 읽어서 과거를 기록해줄거에요.	QUEST_JOBSTEP_20150729_002981	If you had explored the regions completely in the past, the orb will read your memories and records the past.{nl}Then the task will be much easier.	만약 당신이 과거에 이미 완벽히 탐색해두었다면 보주는 당신의 기억을 읽어서 과거를 기록해줄거에요.{nl}그렇다면 일이 한결 수월하겠죠.	
QUEST_JOBSTEP_20150730_003079	Explora todas las áreas de los distritos 1 y 2 con este orbe.{nl}Si ya has explorado completamente las áreas, simplemente regístralo en el orbe.{nl}Después de obtener una tasa de exploración del 100% para estas áreas, usa el orbe para registrar tu pasado.	이 보주를 가지고 수정광산 1광구와 2광구의 모든 지역을 탐색해주십시오.{nl}만약 과거에 이미 완벽히 탐색해둔 상태라면 보주에 바로 기록만 하시면 됩니다.{nl}모든 지역을 탐사하신 뒤 보주를 사용하면 소유자의 기억을 읽어서 과거를 기록해줄겁니다.	QUEST_JOBSTEP_20150729_002993	Explore all the areas in the 1st district and the 2nd district in Crystal Mine with this orb.{nl}If you've explored it completely in the past, the orb will read the memories of the possessor and record the past.	이 보주를 가지고 수정광산 1광구와 2광구의 모든 지역을 탐색해주십시오.{nl}만약 과거에 이미 완벽히 탐색해둔 상태라면 보주는 소유자의 기억을 읽어서 과거를 기록해줄겁니다.	
QUEST_JOBSTEP_20150730_003080	Aceptar	인장을 찾겠다고 한다				
QUEST_JOBSTEP_20150730_003081	Rechazar	개인사에 끼고 싶지 않다고 한다				
QUEST_JOBSTEP_20150730_003082	Fragmento del sello de la familia Legwyn	르귄가의 인장 조각 수집	QUEST_JOBSTEP_20150717_002917	Piece of Legwyn Family Seal	르귄가의 인장 조각	
QUEST_JOBSTEP_20150730_003083	El Maestro de Escuderos dice que necesita el Sello de la familia Legwyn. Derrota a los monstruos y reúne los fragmentos del Sello de la familia Legwyn en la Residencia de la Familia Legwyn Caída.	스콰이어 마스터는 가문을 재건하기 위해서는 르귄 가문의 인장이 필요하다고 합니다. 쇠락한 르귄 가문의 저택에서 몬스터를 처치하고 르귄가의 인장 조각을 모아 오세요.				
QUEST_JOBSTEP_20150730_003084	Habla con el Maestro Escudero	스콰이어 마스터에게 전달				
QUEST_JOBSTEP_20150730_003085	He reunido todas las piezas del sello de la familia Legwyn. Devuélvelo al maestro escudero.	르귄 가문의 인장 조각을 모두 모았습니다. 스콰이어 마스터에게 전해 주세요.				
QUEST_JOBSTEP_20150730_003086	Búsqueda del collar del Gran Pirata Vladslovas	대해적 블라디슬로바스의 목걸이 수색				
QUEST_JOBSTEP_20150730_003087	El Maestro Corsario quiere encontrar los objetos del Gran Pirata Vladslovas y usarlos como prueba de la victoria. Busca los objetos de Vladslovas que se hundieron en el mar en la Llanura Coralina 32_1 y que desde entonces se han secado.	커세어 마스터는 과거 자신이 싸워 이겼던 대해적 블라디슬로바스의 목걸이를 되찾아 승리의 증거로 쓰고 싶어 합니다. 과거 바다였던 산호평원 32_1에서 블라디슬로바스의 목걸이를 찾아 보세요.	QUEST_JOBSTEP_20150729_003042	The Corsair Master wants to look for the objects of the Great Pirate Vladslovas and use them as a proof of the victory. Look for the objects of Vladslovas that went under the sea at Coral Plain 32_1 which once was sea. 	커세어 마스터는 과거 자신이 싸워 이겼던 대해적 블라디슬로바스의 물건을 찾아 승리의 증거로 쓰고 싶어 합니다. 과거 바다였던 산호평원 32_1에 가서 바다에 가라앉았다는 블라디슬로바스의 물건을 찾아보세요.	
QUEST_JOBSTEP_20150730_003088	Parece que el enviado ha muerto. Regresa e informa al Maestro Doppelsoeldner.	사절은 안타깝게도 죽임을 당한 것 같습니다. 도펠죌트너 마스터에게 돌아가 전해주세요.	QUEST_JOBSTEP_20150717_002925	Return of the Doppelsoeldner Master.	도펠죌트너 마스터에게 돌아가세요.	
QUEST_JOBSTEP_20150803_003089	Últimamente he estado investigando sobre la vida eterna{nl}. Estoy examinando varios documentos, pero lo mejor será escuchar a quienes ya viven una vida eterna.{nl}	최근 불로불사에 대해 연구중이야.{nl}여러 가지로 조사해보고 있지만, 역시 본인한테 듣는 게 제일 아니겠어?{nl}	QUEST_JOBSTEP_20150729_002973	I am researching about the eternal life recently.{nl}I am investigating various documents, but it will be the best to listen from the one who is living an eternal life.{nl}I want to listen from a few of Amjinas that are still present in this world...{nl}	최근 불로불사에 대해 연구중이야.{nl}여러가지 자료라던지 조사해보고 있지만 역시 본인한테 듣는게 제일 아니겠어?{nl}지금 존재하는 영생자인 암지나스 중에 몇명한테 이야기를 조금 듣고 싶은데..{nl}	소서러 마스터
QUEST_JOBSTEP_20150803_003090	Aquellos que tienen vida eterna se llaman Amjinas. Quiero que les preguntes cómo viven vidas eternas.{nl}No es bueno que yo los visite como maestro, ya que nosotros, los maestros, vivimos en lugares diferentes.	암지나스라고, 영생을 사는 사람들에게 네가 물어봐 주었으면 좋겠어.{nl}같은 마스터가 찾아가는 건 모양새도 좋지 않고, 너무 제각각 흩어져 지내잖아?	QUEST_JOBSTEP_20150729_002974	It's not good for me to visit them as a master and we masters were separated for a long time.{nl}This is also a part of the research as a Sorcerer so ask them how they live eternal lives.{nl}If you could do that for me, I will upgrade your abilities as a Sorcerer one level up.	같은 마스터가 찾아가는건 모양새도 좋지 않고 너무 제각각 흩어져 지내잖아.{nl}이것도 소서러로서 연구의 일환이니까 대신 암지나스가 영생하는 방법들에 대해서 물어봐주고 와줘.{nl}그렇다면 소서러의 힘을 한 단계 끌어올려주지.	소서러 마스터
QUEST_JOBSTEP_20150803_003091	Entre los Amjinas, está el Escultor Tesla en West Siauliai Woods...{nl}El Maestra Nigromante en Mullers Passage, y el Maestra Cronomante en Stele Road. Cuento contigo.	그나마 소재가 확실한 암지나스는 샤울레이 서쪽 숲의 조각가 테슬라랑..{nl}뮬러스 통로의 네크로맨서 마스터, 비석로의 크로노맨서 마스터야. 부탁할게.	QUEST_JOBSTEP_20150729_002975	Among the Amjinas, the whereabouts of the Dievdirbys Master from the West Siauliai Woods, the Necromancer Master at Mullers Passage, and the Chronomancer Master at Stele Road have been confirmed.{nl}Ask each of them how they live an eternal life.	암지나스 중에 지금 소재가 확실한 사람은 샤울레이 서쪽 숲의 딥디르비 마스터, 뮬러스 통로의 네크로맨서 마스터, 비석로의 크로노맨서 마스터야.{nl}이 세 사람에게 각각의 영생하는 방법에 대해 물어보고 와줘.	소서러 마스터
QUEST_JOBSTEP_20150803_003092	Todas estas Amjinas parecen tener diferentes razones detrás de sus situaciones.{nl}Debería analizarlas más detenidamente...{nl}	과연, 같은 암지나스라도 전혀 다르구나.{nl}나도 더 넓게 생각하고 찾아봐야겠는 걸.{nl}				소서러 마스터
QUEST_JOBSTEP_20150803_003093	De todos modos, gracias por ayudarme con mi investigación.{nl}A cambio, te enseñaré cualquier conocimiento restante sobre lo que significa ser un hechicero.	어쨌든 내 연구를 도와줘서 정말 고마워.{nl}보답으로 소서러의 마지막 단계에 대해 가르쳐 줄게.	QUEST_JOBSTEP_20150729_002977	Good, I will lead you to a higher level Sorcerer.	좋아, 이제 널 한 단계 높은 소서러로 이끌어줄게.	소서러 마스터
QUEST_JOBSTEP_20150803_003094	Has venido a aprender un nivel superior de nuestra magia, {nl}pero, ahora mismo estoy ayudando a Vaidotas de la familia Winterspoon, así que no puedo ayudarte en este momento.{nl}	크로노맨서의 고위 마법을 배우기 위해 찾아오셨군요.{nl}하지만 지금은 윈터스푼 가문의 당주인 바이도타스를 돕고 있어서 조금 곤란하네요.{nl}	QUEST_JOBSTEP_20150729_002978	You've come to enhance you abilities as a Chronomancer.{nl}But, right now I am helping the task which the Alchemist Master from the Winterspoon family requested to me so I can't help you at the moment.{nl}	크로노맨서의 능력을 더욱 발전시키기 위해 찾아오셨군요.{nl}하지만 지금은 윈터스푼 가문의 가주인 알케미스트 마스터가 부탁한 일을 돕고 있어서 곤란하네요.{nl}	크로노맨서 마스터
QUEST_JOBSTEP_20150803_003095	{nl}Si estás bien, ¿podrías ayudarme a investigar la Mina de Cristal?{nl}Si es así, terminaré rápidamente y me centraré en ayudarte.	괜찮다면 수정광산 조사를 도와주시겠어요?{nl}그렇다면 빨리 일을 마치고 당신을 도울 수 있을 테니까요.	QUEST_JOBSTEP_20150729_002979	{nl}If you are okay, could you help me with this task little more?{nl}If that's so, I will finish it quickly and help you.	{nl}혹시 괜찮다면 이 일을 조금 도와주겠어요?{nl}그렇다면 저도 빨리 끝내고 당신을 도울 수 있겠지요.	크로노맨서 마스터
QUEST_JOBSTEP_20150803_003096	Con este orbe, explora todo el Distrito 1 y 2 de la Mina de Cristal.{nl}Si ya lo has hecho, solo tienes que registrarlo en el orbe.	이 보주를 가지고 수정광산 1광구와 2광구의 모든 지역을 탐색하세요.{nl}만약 당신이 과거에 이미 완벽히 탐색해두었다면 보주에 기록만 하시면 될 겁니다.	QUEST_JOBSTEP_20150729_002980	It seems that the Alchemist Master is investigating about Crystal Mine. {nl}To do so, he asked me to lend him my orb to that reads the past of the person which the orb used to belong to.{nl}Explore all the regions of the 1st district and the 2nd district in Crystal Mine.{nl} 	알케미스트 마스터는 수정광산에 대해 조사하는 모양이에요.{nl}그러기 위해서 소유자의 기억을 읽어 과거를 기록하는 저의 보주를 빌려달라고 했죠.{nl}이 보주를 가지고 수정광산 1광구와 2광구의 모든 지역을 탐색하세요.{nl}	크로노맨서 마스터
QUEST_JOBSTEP_20150803_003097	Se ha grabado completamente.{nl}Bien. Se lo pasaré a Vaidotas.{nl}Ahora es mi turno de ayudarte.	확실히 기록되었네요. 좋아요, 이건 제가 바이도타스에게 전해주도록 하겠어요.{nl}이제 제가 당신을 도울 차례군요.	QUEST_JOBSTEP_20150729_002982	It's been recorded completely.{nl}Good. I will pass this to the Alchemist Master.{nl}Now is my turn to help you.	확실히 기록되었네요.{nl}좋아요, 이건 제가 알케미스트 마스터에게 전해주도록 하겠어요.{nl}이제 제가 당신을 도울 차례군요.	크로노맨서 마스터
QUEST_JOBSTEP_20150803_003098	Los pensamientos de los muertos... Todos los nigromantes desean poseerlos, {nl}especialmente aquellos relacionados con recuerdos perdidos.{nl}	죽은 자의 사념.. 네크로맨서라면 누구나 갖고 싶어 하지.{nl}특히 주인 잃은 유품이라면 더더욱 말이다.{nl}	QUEST_JOBSTEP_20150729_002983	The power of Necromancer will always be expressed through the materials that act as catalysts.{nl}That power will be influenced by the abilities of Necromancer himself and his power.{nl}If you want to advance more as a Necromancer, it's important that you obtain those materials. 	네크로맨서의 힘은 항상 촉매가 되는 소재를 통해 발현되지.{nl}그 힘은 네크로맨서 자신의 능력과 소재가 가진 힘에 모두 영향을 받아.{nl}네크로맨서로서 더 나아가려면 그런 소재를 구하는 것도 중요하지.{nl}	네크로맨서 마스터
QUEST_JOBSTEP_20150803_003099	Según lo que averigüé, hay un fuerte rencor que rodea al Santuario de Videntis.{nl}Si pudieras obtener lo que sea que esté causando este rencor, te abriré la puerta a un nivel superior de Nigromancia.	무슨 일인지 몰라도 바이덴티스 신당엔 강한 원념이 소용돌이 치더군.{nl}그걸 구해온다면 널 더 높은 경지로 이끌어 주마.	QUEST_JOBSTEP_20150729_002984	Strong grudge is swirling around Videntis Shrine according to what I found out.{nl}When you go there, you will find the materials that possess the thoughts of the dead ones.{nl}If you could obtain those, I will open the door of a higher level Necromancer.	마침 내가 조사하다가 알아낸 바로는 무슨 일인지 바이덴티스 신당에 강한 원념이 소용돌이 치더군.{nl}그곳에 가면 죽은 자의 사념이 강하게 남은 소재를 구할 수 있을 거야.{nl}그걸 구해온다면 너에게 더 높은 경지의 네크로맨서로의 길을 열어주지.	네크로맨서 마스터
QUEST_JOBSTEP_20150803_003100	Si logras encontrar este tipo de objeto, te convertirás en un Nigromante más fuerte{nl}. Por ahora, te recompensaré si encuentras uno.	너도 이런 물건을 보는 안목을 더 키운다면 강한 네크로맨서가 될 수 있을거야.{nl}지금은 이 물건에 대한 보답으로 내가 조금 도와주도록 하지.	QUEST_JOBSTEP_20150729_002986	This is the object that I can feel strong regret.{nl}If you will be able to pick out this kind of object, you will become a stronger Necromancer.{nl}For now, I will help you as a reward for the object.	보기만해도 강한 미련이 느껴지는 물건이군.{nl}너도 이런 물건을 보는 안목을 더 키운다면 강한 네크로맨서가 될 수 있을거야.{nl}지금은 이 물건에 대한 보답으로 내가 조금 도와주도록 하지.	네크로맨서 마스터
QUEST_JOBSTEP_20150803_003101	Ah, llegaste en el momento justo{nl}. Estoy investigando la Mina de Cristal, pero será peligroso si la dejamos como está, así que quiero ocuparme de ella rápidamente.{nl}	아, 마침 잘 오셨습니다. {nl}수정광산을 조사하고 있는데, 방치하면 위험하기 때문에 빨리 처리하려고 하거든요.{nl}	QUEST_JOBSTEP_20150729_002987	So you've come here to learn higher level abilities of Alchemist.{nl}But, there's something I should do fast so I can't teach at the moment.{nl}It could be dangerous if I leave it like that so I am trying to finish it quickly.{nl}	더 높은 경지의 알케미스트의 능력을 전수받으러 오셨군요.{nl}헌데 지금 급한 일이 있어서 조금 곤란합니다.{nl}이대로 두면 위험할 수도 있는 일이라서 빨리 처리하려고 하거든요.{nl}	바이도타스
QUEST_JOBSTEP_20150803_003102	Si pudieras ayudarme, creo que la investigación se terminaría antes.{nl}También será una gran oportunidad para poner a prueba tus habilidades como alquimista.	당신이 제 일을 도와 주신다면 조사를 빨리 마칠 수 있을 것 같군요.{nl}알케미스트로써 당신의 실력을 검증하는 좋은 기회도 되고요.	QUEST_JOBSTEP_20150729_002988	Could you help for the task?{nl}If that's so, I will teach you the abilities of Alchemist as a return.	아니면 이 일을 조금 도와주시겠습니까?{nl}그렇다면 저도 당신의 실력에 대한 검증이라 생각하고 일이 끝나는 대로 당신에게 알케미스트의 능력을 전수해드리겠습니다.	바이도타스
QUEST_JOBSTEP_20150803_003103	Me alegra que Vaidotas me haya pedido un favor.{nl}Regresa con esto.	바이도타스가 내게 부탁을 다 하다니 왠지 기쁘군요.{nl}이걸 가지고 돌아가보세요.	QUEST_JOBSTEP_20150729_002989	So the Alchemist Master sent you here?{nl}I've prepared it since the head of the Winterspoon family requested it.{nl}Please go back with this.	알케미스트 마스터가 보내서 오셨다구요?{nl}그 일이라면 윈터스푼 가문의 가주가 부탁한 일이니 미리 준비해뒀습니다.{nl}이걸 가지고 돌아가보세요.	크로노맨서 마스터
QUEST_JOBSTEP_20150803_003104	Bien.{nl}Necesito el orbe que registra los recuerdos del pasado del Maestra Cronomante.{nl}Él es el jefe de nuestra familia Winterspoon, así que se lo he pedido con antelación. Dile que te he enviado yo.	좋습니다.{nl}먼저 크로노맨서 마스터님께 과거의 기억을 기록하는 보주를 빌려와 주세요.{nl}마침 저희 윈터스푼 가문의 어르신이시니 제가 보냈다고 하면 주실 겁니다.	QUEST_JOBSTEP_20150729_002990	Good.{nl}I am investigating Crystal Mine... I need the orb that records the memories of the Chronomancer Master.{nl}He is the head of our Winterspoon family so I've requested it to him in advance. Tell him that I've sent you.	좋습니다.{nl}수정광산을 조사하고 있는데.. 크로노맨서 마스터가 가진 과거의 기억을 기록하는 보주가 필요합니다.{nl}마침 저희 윈터스푼 가문의 어르신이셔서 제가 미리 부탁드려놨으니 제가 보냈다고 하고 받아오시면 됩니다.	바이도타스
QUEST_JOBSTEP_20150803_003105	Lucid... ¿De verdad has conocido bien al Maestra Cronomante?	루시드님.. 아니 크로노맨서 마스터님께 다녀오셨습니까?	QUEST_JOBSTEP_20150729_002991	Lucid... Actually have you met the Chronomancer Master well?	루시드님.. 아니 크로노맨서 마스터에게는 잘 다녀오셨습니까?	바이도타스
QUEST_JOBSTEP_20150803_003106	El orbe lee los recuerdos pasados ​​de su dueño y los registra{nl}. Explora completamente los distritos 1 y 2 en la Mina de Cristal con esto.{nl}	이 보주는 소유자의 기억을 읽어 과거를 기록하는 힘이 있습니다.{nl}이걸 가지고 수정광산 1광구와 2광구의 모든 지역을 탐색해주세요.{nl}	QUEST_JOBSTEP_20150729_002992	You've brought the orb well.{nl}The orb that records the past has the power to read the memories of the possessor and record.{nl}If it acknowledges you as its possessor, it will read the memories and if there's more to be investigated, you should find them on your own.	제대로 보주를 가져오셨군요.{nl}과거의 기억을 기록하는 보주는 소유자의 기억을 읽어 과거를 기록하는 힘이 있습니다.{nl}당신을 소유자로 인정하면 기억을 읽을 테고 더 조사해야할 부분은 직접 발로 뛰어서 탐색해주셔야 합니다.	바이도타스
QUEST_JOBSTEP_20150803_003107	Cuando uses este orbe después de explorar completamente, leerá los recuerdos del poseedor y registrará el pasado.{nl}Si has explorado las regiones en el pasado, regístralo en el orbe de inmediato.{nl}	모든 지역을 조사하신 뒤에 보주를 사용하면 소유자의 기억을 읽어서 과거를 기록해줄 겁니다.{nl}이미 예전에 조사하신 적이 있다면 보주에 바로 기록하시고요.{nl}	QUEST_JOBSTEP_20150730_003079	Explore every area in the 1st and 2nd districts with this orb.{nl}If you've completely explored the areas already, just record it in the orb.{nl}After obtaining a 100% exploration rate for these areas, use the orb to record your past.	이 보주를 가지고 수정광산 1광구와 2광구의 모든 지역을 탐색해주십시오.{nl}만약 과거에 이미 완벽히 탐색해둔 상태라면 보주에 바로 기록만 하시면 됩니다.{nl}모든 지역을 탐사하신 뒤 보주를 사용하면 소유자의 기억을 읽어서 과거를 기록해줄겁니다.	바이도타스
QUEST_JOBSTEP_20150803_003108	Bien hecho. {nl}Tomará algún tiempo investigar esto, así que mientras tanto, te enseñaré nuevas técnicas de alquimia.	정말 수고하셨습니다. {nl}이걸 확인하려면 시간이 좀 걸릴 테니 그 동안 새로운 연금술에 대해 가르쳐 드리지요.	QUEST_JOBSTEP_20150729_002994	This is the orb of the Chronomancer Master.{nl}It's been recorded well.{nl}	과연 크로노맨서 마스터의 보주입니다.{nl}확실하게 기록되었군요.{nl}	바이도타스
QUEST_JOBSTEP_20150803_003109	Amjinas Eternas [Avance de Hechicero]	불로불사의 암지나스[소서러 전직]				
QUEST_JOBSTEP_20150803_003110	Dile que será mejor escuchar directamente.	직접 듣는 게 좋겠다고 한다				
QUEST_JOBSTEP_20150803_003111	No tengo agallas para eso.	그럴 용기는 없다고 한다	QUEST_JOBSTEP_20150729_003028	I will quit since it's scary	무서우니 관두겠다고 한다	
QUEST_JOBSTEP_20150803_003112	Recibimos suficiente bálsamo. Restaurar la estatua de la diosa Vakarine en Fedimian y la estatua de la diosa Ausrine en Klaipeda.	향유를 넉넉히 받았습니다. 페디미안의 바카리네 여신상과 클라페다의 아우슈리네 여신상을 관리해 주세요.	QUEST_JOBSTEP_20150317_002015	Received enough balm. Restore the Vakarine Statue in Fedimian and Klaipeda.	향유를 넉넉히 받았습니다. 페디미안의 바카리네 여신상과 클라페다의 바카리네 여신상을 관리해 주세요.	
QUEST_JOBSTEP_20150803_003113	El Maestro Hechicero quiere saber más de los Amjinas. Puedes encontrarte con el Maestro Dievdirbys en el Bosque de Siauliai Oeste, con el Maestra Nigromante en el Paso de Mullers y con el Maestra Cronomante en el Camino de Stele.	소서러 마스터는 영생을 산다는 암지나스에게 이야기를 듣고 싶어 합니다. 샤울레이 서쪽 숲의 딥디르비 마스터, 뮬러스 통로의 네크로맨서 마스터, 비석로의 크로노맨서 마스터에게서 이야기를 들을 수 있습니다.				
QUEST_JOBSTEP_20150803_003114	Has oído hablar de la vida eterna por parte de los Amjinas. Regresa con el Maestro Hechicero.	암지나스에게 영생에 대한 이야기를 들었습니다. 소서러 마스터에게 돌아가세요.				
QUEST_JOBSTEP_20150803_003115	Adquiere objetos que te produzcan una fuerte sensación de arrepentimiento.	강한 미련이 느껴지는 유품 수집	QUEST_JOBSTEP_20150729_003056	Obtain the keepsakes which you could feel strong regrets	강한 미련이 느껴지는 유품 획득	
QUEST_JOBSTEP_20150803_003116	El Maestra Nigromante busca objetos con un rencor aún mayor. Consigue estos amenazantes objetos en el Santuario de Videntis.	네크로맨서 마스터는 강한 원념을 지닌 유품을 갖고 싶어 합니다. 바이덴티스 신당에서 강한 미련이 느껴지는 유품을 구해오세요.	QUEST_JOBSTEP_20150729_003057	The Necromancer Master wants to create stronger Undead with more stronger materials. When the grudge of the dead ones become stronger, they will become good materials so obtain the keepsakes that you can feel strong regrets from Videntis Shrine.	네크로맨서 마스터는 더 강한 소재로 더 강한 언데드를 제작하고 싶어합니다. 죽은 자의 원념이 강할수록 좋은 소재가 된다고 하니 바이덴티스 신당에서 강한 미련이 느껴지는 유품을 구해오세요.	
QUEST_JOBSTEP_20150803_003117	Has reunido los objetos que poseen un aura poderosa. Regresa con el Maestra Nigromante.	강한 미련이 느껴지는 유품을 모았습니다. 네크로맨서 마스터에게 돌아가세요.	QUEST_JOBSTEP_20150717_002931	Return to the Necromancer Master.	네크로맨서 마스터에게 돌아가세요.	
QUEST_JOBSTEP_20150803_003118	Conozca a Vaidotas en la aldea de mineros de Siauliai	샤울레이 광산 마을에 있는 바이도타스를 찾아가세요.				
QUEST_JOBSTEP_20150803_003119	Vaidotas te dijo que para investigar la Mina de Cristal necesita el Orbe Registrador de Recuerdos Pasados. Consigue el Orbe Registrador de Recuerdos Pasados ​​del Maestra Cronomante.	바이도타스는 수정광산을 조사하는 일을 하기 위해서는 과거의 기억을 기록하는 보주가 필요하다고 합니다. 크로노맨서 마스터에게 가서 과거의 기억을 기록하는 보주를 받아오세요.	QUEST_JOBSTEP_20150729_003058	The Alchemist Master told you that in order to investigate Crystal Mine, he needs the orb that has the memories of the past of the Chronomancer Master. Obtain the orb that records the memories of the past from the Chronomancer Master.	알케미스트 마스터는 수정광산을 조사하는 일을 하기 위해서는 크로노맨서 마스터가 가진 과거의 기억을 기록하는 보주가 필요하다고 합니다. 크로노맨서 마스터에게 가서 과거의 기억을 기록하는 보주를 받아오세요.	
QUEST_JOBSTEP_20150803_003120	Has tomado prestado el orbe que registra los recuerdos del pasado. Regresa con Vaidotas.	과거의 기억을 기록하는 보주를 빌렸습니다. 바이도타스게 돌아가세요.	QUEST_JOBSTEP_20150729_003059	Acquired the orb that records the memories of the past. Return to the Alchemist Master.	과거의 기억을 기록하는 보주를 얻었습니다. 알케미스트 마스터에게 돌아가세요.	
QUEST_JOBSTEP_20150803_003121	Adquiriste el orbe que registra los recuerdos del pasado. Habla con Vaidotas.	과거의 기억을 기록하는 보주를 구했습니다. 바이도타스와 이야기해보세요.	QUEST_JOBSTEP_20150729_003060	Acquired the orb that records the memories of the past. Talk with the Alchemist Master.	과거의 기억을 기록하는 보주를 구했습니다. 알케미스트 마스터와 이야기해보세요.	
QUEST_JOBSTEP_20150803_003122	Vaidotas quiere que investigues el incidente ocurrido en la Mina de Cristal. Con la esfera de cristal que te entregó el Maestra Cronomante y su capacidad para reflejar el pasado, alcanza una tasa de exploración del 100 % en el primer y segundo distrito de la Mina de Cristal.	바이도타스는 수정광산에서 있었던 사건을 조사하라고 합니다. 크로노맨서 마스터가 준 과거를 비추는 유리보주를 들고 수정광산 1광구와 2광구의 모든 지역의 맵 탐색율 100%를 달성하세요.	QUEST_JOBSTEP_20150729_003062	The Alchemist Master wants you to investigate the incident that occurred in Crystal Mine. With the glass orb that reflects the past which the Chronomancer Master gave to you, accomplish the exploration rate 100% in all regions of the 1st and 2nd district of Crystal Mine.	알케미스트 마스터는 수정광산에서 있었던 사건을 조사하라고 합니다. 크로노맨서 마스터가 준 과거를 비추는 유리보주를 들고 수정광산 1광구와 2광구의 모든 지역의 맵 탐색율 100%를 달성하세요.	
QUEST_JOBSTEP_20150803_003123	Los recuerdos de la Mina de Cristal están grabados en el orbe. Regresa a Vaidotas.	수정광산의 기억을 보주에 기록하였습니다. 바이도타스에게 돌아가세요.	QUEST_JOBSTEP_20150729_003055	The memories of Crystal Mine are recorded enough in the orb. Return to the Chronomancer Master.	수정광산의 기억이 보주에 충분히 기록되었습니다. 크로노맨서 마스터에게 돌아가세요.	
QUEST_JOBSTEP_20150803_003124	Entrega el regalo en secreto al jefe de los scouts.	스카우트 마스터에게 몰래 선물 전달	QUEST_JOBSTEP_20150717_002920	Things to do	할일	
QUEST_JOBSTEP_20150803_003125	El Maestro Renegado quiere darle un regalo sorpresa a la Jefa de Exploradores. Encuentra a la Jefa de Exploradores en la Puerta del Gran Rey y coloca el regalo en secreto en su bolsillo. Parece que esto es bastante importante para él; debieron haber sido muy cercanos en algún momento.	로그 마스터는 한 때 친했던 스카우트 마스터와 소원해진 관계를 아쉬워하며 관계 회복을 위해 몰래 깜짝 선물을 전해주고자 합니다. 대왕의 관문에 있는 스카우트 마스터를 찾아가 뒤에서 몰래 주머니에 선물을 넣어두세요.	QUEST_JOBSTEP_20150717_002920	Things to do	할일	
QUEST_JOBSTEP_20150803_003126	Has logrado colocar el regalo sin ser detectado. Regresa con el Maestro Renegado.	들키지 않고 몰래 선물을 전해주는데 성공했습니다. 로그 마스터에게 돌아가세요.	QUEST_JOBSTEP_20150717_002937	Return to the Rogue Master.	로그 마스터에게 돌아가세요.	
QUEST_JOBSTEP_20150803_003127	Búsqueda de las huellas de Lydia Schaffen	리디아 샤펜에 관한 단서 수색				
QUEST_JOBSTEP_20150803_003128	El Maestro Fletcher quiere que busques el arco que el primer Maestro Fletcher fabricó para Lydia Schaffen. Encuentra el arco en la zona 31_1 del Cañón.	플레쳐 마스터는 초대 플레쳐 마스터가 리디아 샤펜을 위해 만들어 주었다는 화살을 찾고 싶어합니다. 협곡지대 36_1에서 초대 플레쳐 마스터의 화살을 찾아오세요.	QUEST_JOBSTEP_20150717_002920	Things to do	할일	
QUEST_JOBSTEP_20150803_003129	Dáselos al maestro flechero.	플레쳐 마스터와 전달	QUEST_JOBSTEP_20150317_001727	Give them to the Fletcher Master	플레쳐 마스터에게 전달	
QUEST_JOBSTEP_20150803_003130	Has encontrado el arco del primer Maestro Fletcher. Regresa con el actual Maestro Fletcher.	초대 플레쳐 마스터의 화살을 찾았습니다. 플레쳐 마스터에게 돌아가세요.				
QUEST_JOBSTEP_20150908_003131	¡Entreguen el objeto del Maestro de Zapadores a la gente de Klaipeda!	클라페다 사람들에게 새퍼 마스터의 물건을 전하세요!				
QUEST_JOBSTEP_20150908_003132	¡Recoge una donación y entrégala al Maestro Clérigo!	성금을 모아 클레릭 마스터에게 전달하세요!				
QUEST_JOBSTEP_20150908_003133	¡Cura al paciente en la aldea minera de Siauliai!	샤울레이 광산 마을의 환자를 치료하세요!				
QUEST_JOBSTEP_20150908_003134	¡El gato está mostrando interés!	고양이가 관심을 보입니다!				
QUEST_JOBSTEP_20150908_003135	Coloca la Esencia Solar en el lugar que Chapparition estaba custodiando.	채퍼리션이 지키던 자리에 태양의 항아리를 잘 놓아두세요!				
QUEST_JOBSTEP_20150908_003136	Es una caja vacía	빈 상자입니다				
QUEST_JOBSTEP_20150908_003137	Explicando la situación	상황을 전하는 중	QUEST_JOBSTEP_20150729_003023	Telling him the circumstances/TALK/3/TRACK_BEFORE/None	상황을 전하는 중/TALK/3/TRACK_BEFORE/None	
QUEST_JOBSTEP_20150908_003138	Explicando lo que escuchaste	들은 이야기를 전하는 중				
