UI_20150317_000001	{@st41b}Aprende Atributos{nl}de los respectivos maestros de cada clase.{/}	{@st41b}각 클래스 마스터들에게서{nl}특성을 배울 수 있습니다.{/}				
UI_20150317_000002	{@st43}Lista de Atributos {/}	{@st43}특성 목록{/}				
UI_20150317_000003	{@st59}Cerrar{/}	{@st59}특성리스트를 닫습니다{/}				
UI_20150317_000004	{@st43}Aprender Atributos{/}	{@st43}특성 배우기{/}				
UI_20150317_000005	{@st59}Cerrar{/}	{@st59}특성창을 닫습니다{/}				
UI_20150317_000006	{@st41b}Plata{/}	{@st41b}소지금{/}				
UI_20150317_000007	Mis Logros	나의 업적				
UI_20150317_000008	Ranking del Servidor	서버 랭킹				
UI_20150317_000009	{@st59}Un evento inesperado está disponible.{/}	{@st59}돌발이벤트가 있습니다{/}				
UI_20150317_000010	{@st59}Hay un nuevo mensaje de Ayuda{/}	{@st59}도움말이 있습니다{/}				
UI_20150317_000011	{@st41}¿Seguro que quieres fabricar este tipo de flecha?{/}	{@st41}어떤 종류의 화살을 제작하겠습니까?{/}				
UI_20150317_000012	{@st41b}Una vez{/}	{@st41b}한번만{/}				
UI_20150317_000013	{@st41b}Todo{/}	{@st41b}모두{/}				
UI_20150317_000014	{@st41b}Pausa{/}	{@st41b}중단{/}				
UI_20150317_000015	{@st43}Diario de Aventuras{/}	{@st43}모험일지{/}				
UI_20150317_000016	{@st43}Casa de Subastas{/}	{@st43}경매장{/}				
UI_20150317_000017	{@st59}Cerrar{/}	{@st59}경매장을 닫습니다{/}				
UI_20150317_000018	{@st41b}Objetos Vendidos : ×%s, Objetos No Vendidos : ×%s{/}	{@st41b}낙찰물품 : %s개,  유찰물품 : %s개{/}				
UI_20150317_000019	{@st43}{s22}Subasta de Objeto{/}	{@st43}{s22}아이템 경매{/}				
UI_20150317_000020	{@st59}Cerrar{/}	{@st59}퀘스트 정보를 닫습니다{/}				
UI_20150317_000021	Avalest	아베일레스트				
UI_20150317_000022	{@st41b}Tiempo Restante	{@st41b}남은 시간				
UI_20150317_000023	3 horas 16 minutos	3시간 16분				
UI_20150317_000024	{@st41b}Precio Inicial	{@st41b}시작가				
UI_20150317_000025	{@st41b}Pujas	{@st41b}입찰수				
UI_20150317_000026	{@st41b}Precio Actual	{@st41b}현재가				
UI_20150317_000027	{@st41b}Precio de Puja	{@st41b}입찰금				
UI_20150317_000028	{@st41b}Precio Mínimo de Puja desde {@st57}%s{@st41b}de plata{/}	{@st41b}최소 {@st57}%s {@st41b}실버부터 입찰가능{/}				
UI_20150317_000029	{@st41b}Pujar{/}	{@st41b}입찰{/}				
UI_20150317_000030	{@st43b}¡Comprar Ahora!{nl}{img icon_item_silver 20 20}{@st57}%s{/}	{@st43b}바로 구매!{nl}{img icon_item_silver 20 20}{@st57}%s{/}				
UI_20150317_000031	{@st44}Configuración de Permisos{/}	{@st44}권한설정{/}				
UI_20150317_000032	{@st45}Nombre: %s{/}	{@st45}이름:%s{/}				
UI_20150317_000033	{@st45}Almacén de Grupo{/}	{@st45}파티 창고{/}				
UI_20150317_000034	{@st49}Ninguno	{@st49}없음				
UI_20150317_000035	{@st49}Guardar	{@st49}넣기				
UI_20150317_000036	{@st49}Recuperar	{@st49}가져오기				
UI_20150317_000037	{@st45}Encuesta{/}	{@st45}설문{/}				
UI_20150317_000038	{@st49}Crear	{@st49}작성				
UI_20150317_000039	{@st49}Eliminar	{@st49}삭제				
UI_20150317_000040	{@st44}Guardar{/}	{@st44}저장{/}				
UI_20150317_000041	{@st44}Cancelar{/}	{@st44}취소{/}				
UI_20150317_000042	{@st43}{s22}Tienda de Peinados{/}	{@st43}{s22}미용실{/}				
UI_20150317_000043	{@st59}Peinado Anterior{/}	{@st59}이전 머리{/}				
UI_20150317_000044	{@st59}Siguiente Peinado{/}	{@st59}다음 머리{/}				
UI_20150317_000045	{@st41b} Cambiar {s18} (se requieren 100 TP) {/}	{@st41b}변경{s18}(NXP 100 필요){/}				
UI_20150317_000046	{@st59}Cambiar al peinado seleccionado.{/}	{@st59}선택한 헤어로 변경합니다.{/}				
UI_20150317_000047	{@st41}Cancelar	{@st41}해약				
UI_20150317_000048	{@st43}Mercado Negro{/}	{@st43}블랙 마켓{/}				
UI_20150317_000049	Nombre del Libro	책이름				
UI_20150317_000050	{@St59}Detener Lectura{/}	{@st59}독서를 그만둡니다{/}				
UI_20150317_000051	{@st59}Página Anterior{/}	{@st59}이전 페이지{/}				
UI_20150317_000052	{@st59}Página Siguiente{/}	{@st59}다음페이지{/}				
UI_20150317_000053	{@st47}¡%s apareció!	{@st47}%s 등장!!				
UI_20150317_000054	{@st43}Puntuación{/}	{@st43}스코어{/}				
UI_20150317_000055	Daño Recibido	받은 데미지				
UI_20150317_000056	Bono de Técnica	테크닉 보너스				
UI_20150317_000057	Bono de Evasión	회피 보너스				
UI_20150317_000058	Tiempo de Completado	클리어 시간				
UI_20150317_000059	Puntuación Total	총 점수				
UI_20150317_000060	{@st42}Tiempo Transcurrido	{@st42}경과 시간				
UI_20150317_000061	10 minutos	10분				
UI_20150317_000062	10 segundos	10초				
UI_20150317_000063	{@st44}Completado	{@st44}마감하기				
UI_20150317_000064	{@st59}Cerrar{/}	{@st59}자판기를 닫습니다{/}				
UI_20150317_000065	{@st43}Máquina Expendedora de Buffs	{@st43}버프 자판기				
UI_20150317_000066	Nombre de la Máquina Expendedora	자판기 이름				
UI_20150317_000067	{@st43}Registrar	{@st43}등록				
UI_20150317_000068	{@st43}Cancelar	{@st43}취소				
UI_20150317_000069	Máquina Expendedora de Buffs	버프 자판기				
UI_20150317_000070	{@st59}Cerrar	{@st59}버프 자판기를 닫습니다.				
UI_20150317_000071	{@st59}Máquina Expendedora de Buffs{nl} - Puedes pagar plata para recibir buffs de otro jugador.	{@st59}버프 자판기{nl} - 실버를 지불해 해당 플레이어에게 버프 기술을 시전받을 수 있습니다.				
UI_20150317_000072	Menú de Carruaje	마차메뉴				
UI_20150317_000073	{ol}{s22}Desembarcar{/}	{ol}{s22}내리기{/}				
UI_20150317_000074	Lanzando	캐스팅				
UI_20150317_000075	{@st43}Configuración del Juego{/}	{@st43}게임설정{/}				
UI_20150317_000076	{@st64}¡Usa las teclas de flecha para seleccionar una celda!	{@st64}방향키를 입력해 셀을 선택하세요!				
UI_20150317_000077	{@st43}Información de Ascenso {/}	{@st43}전직 정보{/}				
UI_20150317_000078	{@st43}Selecciona una clase	{@st43}클래스 선택				
UI_20150317_000079	Psicoquinesista	사이코키네스스트				
UI_20150317_000080	{@st42}%s Círculo {/}	{@st42}%s 서클{/}				
UI_20150317_000081	Cuántos círculos	몇 서클				
UI_20150317_000082	Muestra una breve descripción de la clase.	클래스에 대한 간단한 설명을 이곳에 표시합니다.				
UI_20150317_000083	{@st41b}Ataque {@sti7}%s{/}	{@st41b}공격력 {@sti7}%s{/}				
UI_20150317_000084	{@st41b}Apoyo {@sti7}%s{/}	{@st41b}보조    {@sti7}%s{/}				
UI_20150317_000085	{@st41b}Dificultad{@sti7}%s{/}	{@st41b}난이도 {@sti7}%s{/}				
UI_20150317_000086	{@st59}Cerrar{/}	{@st59}클래스 정보 창을 닫습니다{/}				
UI_20150317_000087	Alarma de Ascenso	전직 가능 알람				
UI_20150317_000088	{@st43} Ascenso	{@st43}클래스 전직				
UI_20150317_000089	{@sti7}{s14} Personaje {/}	{@sti7}{s14}캐릭터{/}				
UI_20150317_000090	{@sti8}{s14} Clase {/}	{@sti8}{s14}클래스{/}				
UI_20150317_000091	{@st44}Chat{/}	{@st44}채팅{/}				
UI_20150317_000092	Para. WWWWWWWW y 1 más	To. WWWWWWWW 외 1				
UI_20150317_000093	General: /s chat {nl} Grito: /y chat {nl} Grupo: /p chat{nl} Susurro: /w chat del nombre de usuario del personaje	일반 : /s 내용{nl}외침 : /y 내용{nl}파티 : /p 내용{nl}귓속말 : /w 캐릭명 내용				
UI_20150317_000094	{@st41}Todo el Chat{/}	{@st41}일반 대화{/}				
UI_20150317_000095	{@59}Salir{/}	{@59}종료하기{/}				
UI_20150317_000096	{@59}Invitar{/}	{@59}초대하기{/}				
UI_20150317_000097	{@st59}Todo{/}	{@st59}전체{/}				
UI_20150317_000098	{@st59}Normal (chat /s){/}	{@st59}일반  (/s 할말){/}				
UI_20150317_000099	{@st59}Grito (/y chat){/}	{@st59}외침  (/y 할말){/}				
UI_20150317_000100	{@st59}Grupo (/p chat){/}	{@st59}파티  (/p 할말){/}				
UI_20150317_000101	{@st59}Susurro (/w chat del nombre de equipo){/}	{@st59}귓속말   (/w 팀이름 할말){/}				
UI_20150317_000102	{@st59}Ajustar Ventana de Chat{/}	{@st59}채팅창 크기 조절{/}				
UI_20150317_000103	{@st43}{s22}Macro de Chat{/}	{@st43}{s22}채팅 매크로{/}				
UI_20150317_000104	{@st43}Macro{/}	{@st43}매크로{/}				
UI_20150317_000105	{@st59b}Macro {nl} {@st59s} - Cómo usar: {nl} 1. Arrastra un ícono de gesto a cualquiera de las ranuras de gesto de abajo. {nl} 2. Escribe tu frase y guarda. {nl} 3. Usa la tecla de acceso rápido para usar simultáneamente la frase y hacer el gesto. {/}	{@st59b}매크로{nl}{@st59s} - 사용 방법 : {nl} 1. 상단의 제스쳐 아이콘을 하단의 제스쳐 슬롯에 등록{nl} 2. 대화문구 작성 후 저장{nl} 3. 해당 단축키를 사용해서 대사와 동시에 제스쳐 동작{/}				
UI_20150317_000106	{@st59}Cerrar{/}	{@st59}매크로를 닫습니다{/}				
UI_20150317_000107	{@st41b}Guardar{/}	{@st41b}저장{/}				
UI_20150317_000108	{@st59}Guardar{/}	{@st59}등록한 내용을 저장합니다{/}				
UI_20150317_000109	{@st41b}Cancelar{/}	{@st41b}취소{/}				
UI_20150317_000110	{@st59}Cancelar{/}	{@st59}등록한 내용을 취소합니다{/}				
UI_20150317_000111	{@st42}Configuración de Chat	{@st42}채팅 설정				
UI_20150317_000112	{@st42}Transparencia	{@st42}투명도				
UI_20150317_000113	Mostrar Globo de Chat	말풍선 표시				
UI_20150317_000114	Mostrar Gritos Arriba	화면 상단에 외치기 내용 표시				
UI_20150317_000115	{@st43}Lista de Trucos{/}	{@st43}치트리스트{/}				
UI_20150317_000116	{@st42b}Objeto{/}	{@st42b}  아이템  {/}				
UI_20150317_000117	{@st42b}Monstruo{/}	{@st42b}  몬스터  {/}				
UI_20150317_000118	{@st42b}Mover mapa{/}	{@st42b}  맵이동  {/}				
UI_20150317_000119	{@st42b}Orden de Combate{/}	{@st42b}  전투명령  {/}				
UI_20150317_000120	{@st41b}Cerrar{/}	{@st41b}닫기{/}				
UI_20150317_000121	{s16}{b}Crea objetos haciendo clic en el botón Crear o doble clic.	{s16}{b}더블클릭 또는 생성 버튼으로 아이템을 생성할 수 있습니다.				
UI_20150317_000122	{s16}{b}u.	{s16}{b}개				
UI_20150317_000123	{s16}{b}Nv.	{s16}{b}레벨				
UI_20150317_000124	{@st41b}Buscar{/}	{@st41b}검색{/}				
UI_20150317_000125	{s16}{b}Invoca monstruos haciendo clic en el botón Crear o doble clic.	{s16}{b}더블클릭 또는 생성버튼으로 몬스터를 소환할 수 있습니다.				
UI_20150317_000126	{s16}{b}u.	{s16}{b}마리				
UI_20150317_000127	{s16}{b}Selecciona un área deseada.	{s16}{b}원하는 지역을 선택하세요				
UI_20150317_000128	{s18}{b}Ver Minimapa{/}	{s18}{b}미니맵 보기{/}				
UI_20150317_000129	{@st41b}Lista de Herramientas{/}	{@st41b}툴 리스트{/}				
UI_20150317_000130	{@st59b}Colección {nl}{@st59s}- Compra el Mazo de Colección para agregar objetos coleccionables a tu colección. {nl} - La tecla rápida de colección se habilitará al usar el Objeto de Mazo de Colección. {nl} {/}	{@st59b}콜렉션{nl}{@st59s} - 게임내 콜렉션 덱을 구해 아이템을 수집하면 해당 아이템 수집 가능{nl} - 콜렉션 덱 아이템 사용했을 경우 콜렉션 단축키가 활성화{nl}{/}				
UI_20150317_000131	{@st59}Cerrar{/}	{@st59}콜렉션 정보를 닫습니다{/}				
UI_20150317_000132	{@st43}Colección{/}	{@st43}콜렉션{/}				
UI_20150317_000133	{@st43}Aerosol de Color{/}	{@st43}컬러스프레이{/}				
UI_20150317_000134	{@st49}Aerosol de Color{/}	{@st49}컬러스프레이{/}				
UI_20150317_000135	{@st49}Color{/}	{@st49}색상{/}				
UI_20150317_000136	{@st49}Restante{/}	{@st49}잔량{/}				
UI_20150317_000137	{@st49}Pincel{/}	{@st49}브러쉬{/}				
UI_20150317_000138	{@st49}{a END_EDIT_SPRAY}Dibujar{/}{/}	{@st49}{a END_EDIT_SPRAY}그리기{/}{/}				
UI_20150317_000139	{@st49}{a SAVE_EDIT_SPRAY}Guardar{/}{/}	{@st49}{a SAVE_EDIT_SPRAY}저장{/}{/}				
UI_20150317_000140	{@st49}{a LOAD_EDIT_SPRAY}Importar{/}{/}	{@st49}{a LOAD_EDIT_SPRAY}불러오기{/}{/}				
UI_20150317_000141	{@st49}Cerrar{/}	{@st49}닫기{/}				
UI_20150317_000142	{@st43}Adopción de Compañero	{@st43}컴패니언 분양				
UI_20150317_000143	{@st59}Ingresa el nombre de tu compañero recién adoptado {/}	{@st59}분양 받을 컴패니언의 이름을 입력하세요{/}				
UI_20150317_000144	{@st41b}Nombre{/}	{@st41b}이름{/}				
UI_20150317_000145	{@st41b}Precio %s{/}	{@st41b}가격     %s{/}				
UI_20150317_000146	{@st59}Cerrar{/}	{@st59}컴패니엄 분양 창을 닫습니다{/}				
UI_20150317_000147	{@st41b}Adoptar	{@st41b}분양				
UI_20150317_000148	{@st59}Confirmar{/}	{@st59}분양 받을 컴패니언을 결정합니다{/}				
UI_20150317_000149	{@st43}Tienda de Compañeros	{@st43}컴패니언 샵				
UI_20150317_000150	{@st59}Cerrar{/}	{@st59}컴패니언 상점을 닫습니다{/}				
UI_20150317_000151	{@st43}Información de otro personaje{/}{@st42}	{@st43}다른 캐릭터 정보{/} {@st42}				
UI_20150317_000152	{@st59}Cerrar{/}	{@st59}캐릭터 정보를 닫습니다{/}				
UI_20150317_000153	{@st41b}Información	{@st41b}정보				
UI_20150317_000154	{@st41b}Registro	{@st41b}기록				
UI_20150317_000155	Nombre del Equipo	팀이륨				
UI_20150317_000156	Nombre del Personaje	캐릭이륨				
UI_20150317_000157	Círculo {#ffff00}%s{/} %s Nv. {#ffff00}%s{/}	{#ffff00}%s{/}랭크 %s {#ffff00}%s{/}레벨				
UI_20150317_000158	Guerrero	젼샤				
UI_20150317_000159	Índice de Aventura {#ffff00}%s{/} (Rango{#ffff00}%s{/}/%s)	모험지수 {#ffff00}%s{/} ({#ffff00}%s{/}위/%s)				
UI_20150317_000160	Índice de Aventura {#ffff00}%s{/} ({#ffff00}Sin Rango{/})	모험지수 {#ffff00}%s{/} ({#ffff00}Unranked{/})				
UI_20150317_000161	Logros Totales : {#ffff00}%s{/}	업적달성 {#ffff00}%s{/}개				
UI_20150317_000162	Configuración	설정				
UI_20150317_000163	Borra el título de la pestaña para eliminarla.	탭 제목을 지우고 확인하면 탭이 삭제됩니다				
UI_20150317_000164	{@st49}Todo{/}	{@st49}전체{/}				
UI_20150317_000165	{@st49}Sistema{/}	{@st49}시스템{/}				
UI_20150317_000166	{@st49}Hablar{/}	{@st49}대화{/}				
UI_20150317_000167	{@st49}Combate{/}	{@st49}전투{/}				
UI_20150317_000168	{@st49}Objeto{/}	{@st49}아이템{/}				
UI_20150317_000169	{@st43}Créditos{/}	{@st43}크레딧{/}				
UI_20150317_000170	{@st43}Configuración de Fijar Objetivo {/}	{@st43}타겟 고정 설정 중{/}				
UI_20150317_000171	Nombre del NPC	엔피씨이름				
UI_20150317_000172	Comparar	비교				
UI_20150317_000173	Ilustración	일러스트				
UI_20150317_000174	Selecciona una conversación	대화 선택				
UI_20150317_000175	Ayuda de Texto	텍스트 헬프				
UI_20150317_000176	{@st41}Fabricación de Objeto{/}	{@st41}아이템 제조{/}				
UI_20150317_000177	{@st45tw2}Fabricando el objeto...	{@st45tw2}아이템 제작 중...				
UI_20150317_000178	%r segundos	%r 초				
UI_20150317_000179	{@st41}Cancelar{/}	{@st41}취소{/}				
UI_20150317_000180	{@st45tw2}Cantidad{/}	{@st45tw2}수량 {/}				
UI_20150317_000181	{@st45tw2}¿Deseas fabricar este objeto?	{@st45tw2}아이템을 만드시겠습니까?				
UI_20150317_000182	{@st41}Confirmar{/}	{@st41}결정{/}				
UI_20150317_000183	Información de Misión	퀘스트 정보				
UI_20150317_000184	{@st59}Cancelar Comercio{/}	{@st59}거래를취소합니다{/}				
UI_20150317_000185	{@st43}Comercio Personal{/}	{@st43}개인 거래{/}				
UI_20150317_000186	Mi Lista de Comercio	내 거래 목록				
UI_20150317_000187	Plata : %s	실버 : %s				
UI_20150317_000188	Entrar	입력				
UI_20150317_000189	{@st41}Aceptar	{@st41}수락				
UI_20150317_000190	{@st41}Confirmar	{@st41}최종확인				
UI_20150317_000191	Lista de Comercio de Otro Jugador (%s)	상대방(%s) 거래 목록				
UI_20150317_000192	Nombre de Otro Jugador	상대방이름				
UI_20150317_000193	{s18}{ol} {gr gradation1}Evento de región{/}	{s18}{ol}{gr gradation1}필드 이벤트{/}				
UI_20150317_000194	{s20}{ol}¡Derrota a la Tribu Vubbe! ¿Te gustaría unirte?	{s20}{ol}부베족을 물리쳐라! 참가하시겠습니까?				
UI_20150317_000195	{s20}{ol}%s ¿Te gustaría unirte?	{s20}{ol}%s 참가하시겠습니까?				
UI_20150317_000196	{s20}{ol}Participantes : (1/5)	{s20}{ol}참가 인원 : (1/5)				
UI_20150317_000197	{s20}{ol}Participantes : (%s/%s)	{s20}{ol}참가 인원 : (%s/%s)				
UI_20150317_000198	{s20}{ol}La partida comenzará en 1 segundo.	{s20}{ol}1초 후 게임이 시작됩니다.				
UI_20150317_000199	{s20}{ol}La partida comenzará en %s segundos.	{s20}{ol}%s초 후 게임이 시작됩니다.				
UI_20150317_000200	No mostrar esto más para hoy.	오늘 하루 보지 않기.				
UI_20150317_000201	No mostrar los eventos de región.	필드 이벤트를 보지 않습니다.				
UI_20150317_000202	Unirse al Juego	게임 참여				
UI_20150317_000203	Inicia una partida con otros jugadores.	플레이어들과 게임을 시작합니다.				
UI_20150317_000204	Rechazar invitación al juego.	게임 참여를 하지 않습니다.				
UI_20150317_000205	Preajustes de Aspersión	스프레이 프리셋				
UI_20150317_000206	{@st49}Seleccionar{/}	{@st49}선택{/}				
UI_20150317_000207	{@st49}Cancelar{/}	{@st49}취소{/}				
UI_20150317_000208	{@st49}Eliminar{/}	{@st49}삭제{/}				
UI_20150317_000209	Ingresa un nombre de archivo para guardar.	저장할 파일의 이름을 입력합니다.				
UI_20150317_000210	{@st43}Amigos	{@st43}친구				
UI_20150317_000211	{@st59}Cerrar{/}	{@st59}친구 목록를 닫습니다{/}				
UI_20150317_000212	{@st59b}Amigos{nl}{@st59s} - Hazte amigo de otros jugadores en el juego. {nl} - Puedes verificar el estado de tus amigos a través de la pestaña Lista de Amigos. {nl} - En la pestaña Gestionar, puedes invitar, rechazar o bloquear a tus amigos. {/}	{@st59b}친구{nl}{@st59s} - 친구 관계는 계정 사이에 생성{nl} - 목록 탭에서 친구들의 상태 확인/삭제 가능{nl} - 관리 탭에서 초대, 거절, 차단 등의 내용을 확인{/}				
UI_20150317_000213	{@st41b}Mostrar en Línea{/}	{@st41b}접속한 친구만 보기{/}				
UI_20150317_000214	{@st41b}Lista	{@st41b}목록				
UI_20150317_000215	{@st41b}Gestionar	{@st41b}관리				
UI_20150317_000216	{@st41b}Añadir amigo	{@st41b}친구 신청				
UI_20150317_000217	{@st41b}Bloquear	{@st41b}차단				
UI_20150317_000218	{@st59}Buscar{/}	{@st59}검색{/}				
UI_20150317_000219	{@st44}Gremio{/}	{@st44}길드{/}				
UI_20150317_000220	Gremio	길드				
UI_20150317_000221	Lista	명단				
UI_20150317_000222	Noticias	새소식				
UI_20150317_000223	Misión del Gremio	길드미션				
UI_20150317_000224	Miembros en Línea	접속중인 구성원 수				
UI_20150317_000225	{@st44}Crear Gremio{/}	{@st44}길드생성{/}				
UI_20150317_000226	{@st42}Crear{/}	{@st42}생성{/}				
UI_20150317_000227	{@st42}Cerrar{/}	{@st42}닫기{/}				
UI_20150317_000228	{@st42}Todo{/}	{@st42}전체{/}				
UI_20150317_000229	{@st42}Rankings de Hoy{/}	{@st42}오늘랭킹{/}				
UI_20150317_000230	{@st42}Rankings Semanales{/}	{@st42}주간랭킹{/}				
UI_20150317_000231	{@st56}Rango {/}	{@st56}순위{/}				
UI_20150317_000232	{@st56}Puntos{/}	{@st56}점수{/}				
UI_20150317_000233	{@st56}Clase{/}	{@st56}직업{/}				
UI_20150317_000234	{@st56}Nombre {/}	{@st56}이름{/}				
UI_20150317_000235	Página Anterior	이전 페이지				
UI_20150317_000236	Página Siguiente	다음 페이지				
UI_20150317_000237	{@st42}Buscar ID{/}	{@st42}ID 검색{/}				
UI_20150317_000238	Introduce una ID para buscar	입력한 ID를 검색합니다				
UI_20150317_000239	Cerrar el Salón de la Fama	명예의 전당을 닫습니다				
UI_20150317_000240	Introduce una ID para buscar	검색할 ID를 입력합니다				
UI_20150317_000241	{@st59} Resistencia {/}	{@st59}스태미나{/}				
UI_20150317_000242	{@st43}Lista de Ayuda{/}	{@st43}도움말 목록{/}				
UI_20150317_000243	{@st59}Cerrar{/}	{@st59}도움말 목록 창을 닫습니다{/}				
UI_20150317_000244	{@st59b}Lista de Ayuda{nl}{@st59s} - Si necesitas ayuda con algo, siempre puedes leer los Temas de Ayuda. {nl} - Selecciona un tema para ver más información sobre él. {/}	{@st59b}도움말 목록{nl}{@st59s} - 읽었던 도움말들을 목록에서 다시 확인 가능{nl} - 원하는 항목을 선택해서 상세 보기{/}				
UI_20150317_000245	{@st43}{s22}Ayuda{/}	{@st43}{s22}도움말{/}				
UI_20150317_000246	{@st47_b}{b}Temas de Ayuda{/}	{@st47_b}{b}도움말 제목{/}				
UI_20150317_000247	{@st42b}Contenido de Ayuda Simple{/}	{@st42b}심플 도움말내용{/}				
UI_20150317_000248	{@st59}Ver detalles{/}	{@st59}자세하게 보기{/}				
UI_20150317_000249	Por favor ingresa una cantidad	수량을 입력하세요				
UI_20150317_000250	{@st59}Ingresa el contenido{/}	{@st59}내용을 입력합니다{/}				
UI_20150317_000251	{@st41b}Confirmar	{@st41b}확인				
UI_20150317_000252	{@st59}Confirmar {/}	{@st59}입력 내용을 확인합니다{/}				
UI_20150317_000253	{@st41b}Cerrar	{@st41b}닫기				
UI_20150317_000254	{@st59}Cancelar {/}	{@st59}입력을 취소합니다{/}				
UI_20150317_000255	{@st43}Teletransporte{/}	{@st43}워프{/}				
UI_20150317_000256	{@st59}Cerrar{/}	{@st59}워프 창을 닫습니다{/}				
UI_20150317_000257	{@st59b}Teletransporte{nl}{@st59s} - Te permite viajar rápidamente a regiones que ya has visitado. {nl} - La función se activa cuando hay dos o más puntos de teletransporte disponibles. {nl} {/}	{@st59b}워프{nl}{@st59s} - 자신이 방문한 지역으로 워프할 수 있는 시스템{nl} - 워프가 2개이상일때 워프 기능 활성화{nl}{/}				
UI_20150317_000258	{@st41}Ubicación Actual : %s{/}	{@st41}현재 위치 : %s{/}				
UI_20150317_000259	{@st43}{s22}Teletransporte{/}	{@st43}{s22}워프{/}				
UI_20150317_000260	{@st41b}¿Deseas moverte a esta área?{/}	{@st41b}이 지역으로 이동하시겠습니까?{/}				
UI_20150317_000261	¿Qué tal Siauliai?	사울레이 어쩌고				
UI_20150317_000262	Monedas Consumidas : 0	소모 코인 : 0				
UI_20150317_000263	Introducción	인트로				
UI_20150317_000264	{@st43}Inventario{/}	{@st43}인벤토리{/}				
UI_20150317_000265	{@st59}Cerrar{/}	{@st59}인벤토리를 닫습니다{/}				
UI_20150317_000266	{@st59b}Equipo {nl} {@st59s}- Cabello/Traje: Equipo para cambiar la apariencia de un personaje. {nl} - Arma: Puede equipar armas de una o dos manos {nl} (sub-arma/escudo se puede equipar con un arma de una mano) {nl} - Armadura: Torso, Piernas, Guantes, Zapatos. {nl} - Accesorios: Puede equipar 1 Collar y 2 Brazaletes. {nl} {/}	{@st59b}착용장비{nl}{@st59s} - 헤어/코스튬 : 외형 변경 가능 아이템 착용{nl} - 무기 : 한손 장비 및 양손 장비 착용 가능{nl}   (한손 장비 착용시 서브웨폰/방패 착용 가능 ){nl} - 방어구 : 상의, 하의, 장갑, 신발 착용{nl} - 악세서리 : 목걸이 1개, 팔찌 2개 착용{nl}{/}				
UI_20150317_000267	{@st59}Traje de Cabello 1{/}	{@st59}헤어 코스튬1{/}				
UI_20150317_000268	{@st59}Traje de Cabello 2{/}	{@st59}헤어 코스튬2{/}				
UI_20150317_000269	{@st59}Collar{/}	{@st59}목걸이{/}				
UI_20150317_000270	{@st59}Traje{/}	{@st59}코스튬{/}				
UI_20150317_000271	{@st59}Arriba{/}	{@st59}상의{/}				
UI_20150317_000272	{@st59}Guantes{/}	{@st59}장갑{/}				
UI_20150317_000273	{@st59}Abajo{/}	{@st59}하의{/}				
UI_20150317_000274	{@st59}Zapatos{/}	{@st59}신발{/}				
UI_20150317_000275	{@st59}Mano Izquierda{/}	{@st59}왼손{/}				
UI_20150317_000276	{@st59}Mano Derecha{/}	{@st59}오른손{/}				
UI_20150317_000277	{@st59}Brazalete 1{/}	{@st59}팔찌1{/}				
UI_20150317_000278	{@st59}Brazalete 2{/}	{@st59}팔찌2{/}				
UI_20150317_000279	{@st59}Brazalete de Brazo{/}	{@st59}암밴드{/}				
UI_20150317_000280	{@st59}Buscar{/}	{@st59}입력한 이름으로 검색합니다{/}				
UI_20150317_000281	Peso	무게				
UI_20150317_000282	{@st43}Buff de Equipo{/}	{@st43}장비 버프{/}				
UI_20150317_000283	{@st59}Cerrar{/}	{@st59}수리 UI를 닫습니다{/}				
UI_20150317_000284	{@st42}Disponible para Buff	{@st42}버프 가능 장비 목록				
UI_20150317_000285	{@st42}Consumir{/}	{@st42}소모 아이템{/}				
UI_20150317_000286	{@st42}Ejecutar	{@st42}실행				
UI_20150317_000287	{@st42}Objeto Objetivo{/}	{@st42}타겟 아이템{/}				
UI_20150317_000288	{@st59}Anillo 1{/}	{@st59}링1{/}				
UI_20150317_000289	{@st43}Fabricación de Objeto{/}	{@st43}아이템 제작{/}				
UI_20150317_000290	{@st42b}Mostrar Objetos Fabricables{/}	{@st42b}재료가 있는 것만 보기{/}				
UI_20150317_000291	{@st59}Cerrar{/}	{@st59}아이템 제작을 닫습니다{/}				
UI_20150317_000292	{@st43}{s22}Dividir Objeto	{@st43}{s22}아이템 나누기				
UI_20150317_000293	{@st59}Ingresa una cantidad{/}	{@st59}개수를 입력하세요{/}				
UI_20150317_000294	Barra de HP del Monstruo	몬스터 체력게이지				
UI_20150317_000295	{@st44}¡Conjunto de Objetos adquirido!{/}	{@st44}세트 아이템 획득{/}				
UI_20150317_000296	Guerrero de Teclado	키보드 워리어				
UI_20150317_000297	Muertes	킬				
UI_20150317_000298	99 minutos 99 segundos	99분 99초				
UI_20150317_000299	38000 puntos	38000 점				
UI_20150317_000300	Poción de Velocidad Mejorada	향상된 신속의 물약				
UI_20150317_000301	{@st41}Confirmar{/}	{@st41}확 인{/}				
UI_20150317_000302	{@st59b} Diario de Aventuras {nl}{@st59s}- Tu progreso en el juego se registra en el Diario de Aventuras. {nl} - Puedes avanzar tu Índice de Aventura mediante contenidos como: obtener objetos, cazar monstruos, fabricar y explorar mapas.{nl}    Índice de Aventura : El total de todos tus índices. {nl}    Crecimiento : 5 puntos por nivel de personaje y nivel de clase {nl}    Objetos : Equipo : grado X 10 puntos, Libros : 10 puntos, Otros : 1 punto {nl}    Monstruos : 10 puntos por monstruo (50 puntos por Monstruos Jefe) {nl}    Mapas : 1 punto por cada 10% explorado {nl}    Misiones : 1 punto por misión {nl}    Logros : Varía según el logro {nl}    Fabricación : 10 puntos {nl}    Colección : 5 puntos por un mazo y 45 puntos al completarlo {nl} - Puedes recibir recompensas especiales de un NPC en el pueblo según tu Índice de Aventura. {/}	{@st59b}모험일지{nl}{@st59s} - 자신의 진행한 정보가 모험일지에 기록{nl} - 아이템 습득, 몬스터 사냥, 제작, 맵탐험, 콘텐츠 진행으로 모험지수 획득{nl}    모험지수 : 다른 모든 지수의 총 합{nl}    성장 : 레벨 및 직업 레벨당 5점{nl}    아이템 : 장비 : 등급 X 10점, 책 : 10점, 기타 : 1점{nl}    몬스터 : 몬스터당 10점 (보스 : 50점){nl}    지역탐색 : 10%당 1점{nl}    퀘스트 : 퀘스트당 1점{nl}    업적 : 업적별로 다름{nl}    제작법 : 개당 10점{nl}    콜렉션 : 덱 5점 , 완성 45점{nl} - 획득한 모험지수에 따라 마을 NPC에게서 보상 획득{/}				
UI_20150317_000303	{@sti7}{s22}{ds}Logros{/}	{@sti7}{s22}{ds}모험지수 달성도{/}				
UI_20150317_000304	{@st42b}{#22FF22} Top 10% / %s Puntos{/}	{@st42b}{#22FF22}상위 10% / %s점{/}				
UI_20150317_000305	{@st42b} Promedio / %s Puntos {/}	{@st42b}전체 평균 /  %s점{/}				
UI_20150317_000306	1º / %s Puntos	1위 / %s점				
UI_20150317_000307	Rango %s	%s위				
UI_20150317_000308	%s Puntos	%s점				
UI_20150317_000309	Profesión	직업				
UI_20150317_000310	Equipo	팀				
UI_20150317_000311	{@st59}Cerrar{/}	{@st59}모험일지를 닫습니다{/}				
UI_20150317_000312	{@st43}Ranking del Diario de Aventuras{/}	{@st43}모험일지 랭킹{/}				
UI_20150317_000313	{@st43}{s22}Rango   	{@st43}{s22}랭킹				
UI_20150317_000314	{@st43}{s22}Nombre	{@st43}{s22}이름				
UI_20150317_000315	{@st43}{s22}Puntuación	{@st43}{s22}점수				
UI_20150317_000316	{@st41}Detalles{/}	{@st41}상세정보{/}				
UI_20150317_000317	{@st43}Iniciar Fabricación{/}	{@st43}제작시작{/}				
UI_20150317_000318	{@st59}Inicia la fabricación de objeto.{/}	{@st59}아이템 제작을 시작합니다.{/}				
UI_20150317_000319	{@st44}Teclado Numérico{/}	{@st44}키패드{/}				
UI_20150317_000320	{@st42}Límite de tiempo	{@st42}제한 시간				
UI_20150317_000321	{@st56}Eliminación{/}	{@st56}킬{/}				
UI_20150317_000322	{@st56}Sobre-eliminación{/}	{@st56}오버킬{/}				
UI_20150317_000323	{@st56}Disparo{/}	{@st56}피격{/}				
UI_20150317_000324	{@st56}Muerto{/}	{@st56}사망{/}				
UI_20150317_000325	Poder de Hechizo	주문력				
UI_20150317_000326	Defensa	방어력				
UI_20150317_000327	Resistencia Mágica	마법저항력				
UI_20150317_000328	Tasa de Ataque Crítico	치명타율				
UI_20150317_000329	{@st43}Engarce{/}	{@st43}소켓 관리{/}				
UI_20150317_000330	{@st59}Cerrar{/}	{@st59}소켓 관리를 닫습니다{/}				
UI_20150317_000331	Por favor inserta tus objetos	아이템을 올려주세요				
UI_20150317_000332	Potencial	포텐셜				
UI_20150317_000333	Costo de Engarce Adicional : {#ff9933}%s{/}{nl}Costo de Extracción de Gema : {#ff9933}%s{/}	소켓 추가 비용 : {#ff9933}%s{/}{nl}젬 추출 비용 : {#ff9933}%s{/}				
UI_20150317_000334	{@st41b}Añadir ranura	{@st41b}소켓 추가				
UI_20150317_000335	{@st41b}Extraer Gema	{@st41b}젬 추출				
UI_20150317_000336	{@st41}Fabricar{/}	{@st41}제조{/}				
UI_20150317_000337	{@st41}%s %s c/u	{@st41}%s  %s 개				
UI_20150317_000338	Mapa del área	지역 지도				
UI_20150317_000339	Área Explorada : 95.5%	탐사율 : 95.5%				
UI_20150317_000340	{@st45tw}Área Explorada %s% {/}	{@st45tw}탐사율 %s%{/}				
UI_20150317_000341	{@st59}Cerrar{/}	{@st59}지도를 닫습니다 (M){/}				
UI_20150317_000342	{@st41}Mapa{/}	{@st41}지도{/}				
UI_20150317_000343	Shift(limpiar), Ctrl(relleno medio)	시프트(지우기), 컨트롤(중간채우기)				
UI_20150317_000344	{ol}Título	{ol}제목				
UI_20150317_000345	{@st41}Añadir{/}	{@st41}추가{/}				
UI_20150317_000346	{@st41}Eliminar{/}	{@st41}삭제{/}				
UI_20150317_000347	{@st41}Guardar{/}	{@st41}저장{/}				
UI_20150317_000348	{@st41}Automático{/}	{@st41}자동{/}				
UI_20150317_000349	{@st41}Reiniciar{/}	{@st41}초기화{/}				
UI_20150317_000350	{@st59}Establece la cantidad.{/}	{@st59}조각의 개수를 설정합니다.{/}				
UI_20150317_000351	{ol}Grupo	{ol}그룹				
UI_20150317_000352	{ol}Mensaje	{ol}메세지				
UI_20150317_000353	{ol}Sonido	{ol}사운드				
UI_20150317_000354	{@st41}Crear Minimapa{/}	{@st41}미니맵 제작{/}				
UI_20150317_000355	{@st55} Mapa del área	{@st55}지역 지도				
UI_20150317_000356	{@st43}{s22}Mercado{/}	{@st43}{s22}마켓{/}				
UI_20150317_000357	{@st43}{s24}Mercado{/}	{@st43}{s24}마켓{/}				
UI_20150317_000358	{@st42b}Filtro{/}	{@st42b}계열{/}				
UI_20150317_000359	{@st42b}Tipo{/}	{@st42b}타입{/}				
UI_20150317_000360	{@st42b}Nv. Req.{/}	{@st42b}착용 레벨{/}				
UI_20150317_000361	{@st42b}Nv. de Mejora{/}	{@st42b}강화 수치{/}				
UI_20150317_000362	{@st42b}Nombre	{@st42b}이름				
UI_20150317_000363	{@st41b}Recuperar %s	{@st41b}아이템 수령함%s				
UI_20150317_000364	{@st41b}Vender	{@st41b}판매 등록				
UI_20150317_000365	{@st41b}Buscar	{@st41b}검색				
UI_20150317_000366	{@st59}Cerrar{/}	{@st59}마켓 창을 닫습니다{/}				
UI_20150317_000367	{@st42b}Ordenar	{@st42b}보기 순서				
UI_20150317_000368	{@st41b}Comprar	{@st41b}판매중인 아이템				
UI_20150317_000369	{@st43}{s22}Recuperar	{@st43}{s22}아이템 수령함				
UI_20150317_000370	{@st41b}Recuperar Todo	{@st41b}모두 받기				
UI_20150317_000371	{@st41b}Recuperar	{@st41b}아이템 수령함				
UI_20150317_000372	{@st43}{s22}Vender	{@st43}{s22}판매 등록				
UI_20150317_000373	{@st42b}Cantidad	{@st42b}개수				
UI_20150317_000374	{@st42b}Precio	{@st42b}가격				
UI_20150317_000375	{@st42b}Ocultar nombre de los vendedores{/}	{@st42b}판매자 비공개{/}				
UI_20150317_000376	{@st41b}Registrar	{@st41b}등록				
UI_20150317_000377	Moneda de Asedio	공성전 코인				
UI_20150317_000378	Alguien fue asesinado por alguien	누군가누구를처치했습니다.				
UI_20150317_000379	{@st43}Minijuegos{/}	{@st43}미니게임{/}				
UI_20150317_000380	{@st49}Disparar Catapulta{/}	{@st49}투석기발사{/}				
UI_20150317_000381	{@st44}Controlar direcciones{/}	{@st44}방향조절{/}				
UI_20150317_000382	{@st44}Disparar{/}	{@st44}발사{/}				
UI_20150317_000383	Minijuego	미니게임				
UI_20150317_000384	{s18}{ol}{gr gradation1}Minijuego de las escondidas{/}	{s18}{ol}{gr gradation1}얼음 땡 미니게임{/}				
UI_20150317_000385	{s16}¿Te gustaría unirte al minijuego?	{s16}미니게임에 참가하시겠습니까?				
UI_20150317_000386	{s16}Participantes : (0/5)	{s16}참가 인원 : (0/5)				
UI_20150317_000387	{s16}Participantes : (%s /%s)	{s16}참가 인원 : (%s/%s)				
UI_20150317_000388	{s16}El juego comenzará pasado 1 segundo.	{s16}1초 후 게임이 시작됩니다.				
UI_20150317_000389	{s16}El juego comenzará pasado %s segundos.	{s16}%s초 후 게임이 시작됩니다.				
UI_20150317_000390	{@st59}Acercar{/}	{@st59}확대{/}				
UI_20150317_000391	{@st59}Alejar{/}	{@st59}축소{/}				
UI_20150317_000392	{@st59}Mapa (M){/}	{@st59}지도 (M){/}				
UI_20150317_000393	{@st42b} Mapa del área	{@st42b}지역 지도				
UI_20150317_000394	{@st44}Sintetización de objetos{/}	{@st44}아이템 조합기{/}				
UI_20150317_000395	{s16}{#FFcc66}{ol}Por favor selecciona el objeto que deseas crear{/}{/}	{s16}{#FFcc66}{ol}제작할 아이템을 선택하세요{/}{/}				
UI_20150317_000396	{s16}{#FFcc66}{ol}Arrastra los ingredientes a las ranuras	{s16}{#FFcc66}{ol}재료 아이템을 슬롯에 드래그 하세요				
UI_20150317_000397	{@st42}Crear{/}	{@st42}제작{/}				
UI_20150317_000398	{@st42} Cancelar {/}	{@st42}취소{/}				
UI_20150317_000399	Información de %s	%s의 정보				
UI_20150317_000400	Kepa o ...	케파라던가				
UI_20150317_000401	{@st41}{Details}	{@st41}{상세정보}				
UI_20150317_000402	{s20}{#050505}Descripción del Monstruo Descripción del Monstruo Descripción del Monstruo Descripción del Monstruo	{s20}{#050505}몬스터 설명 내용 몬스터 설명 내용 몬스터 설명 내용 몬스터 설명 내용				
UI_20150317_000403	{@st41} Eliminación {/}	{@st41} 킬 {/}				
UI_20150317_000404	{@st41} Sobre-eliminación {/}	{@st41} 오버킬 {/}				
UI_20150317_000405	{@st41} Eliminación Normal {/}	{@st41} 일반킬 {/}				
UI_20150317_000406	{@st41} Área {/}	{@st41} 지역 {/}				
UI_20150317_000407	{@st41} Objeto {/}	{@st41} 아이템 {/}				
UI_20150317_000408	{@st41} Logro {/}	{@st41} 업적 {/}				
UI_20150317_000409	Objeto	대상				
UI_20150317_000410	{@st43}Necronomicón{/}	{@st43}네크로노미콘{/}				
UI_20150317_000411	{@st59}Cerrar{/}	{@st59}네크로노미콘 UI를 닫습니다{/}				
UI_20150317_000412	{@st59}Soy demasiado perezoso para pensar.{/}	{@st59}나는 아무 생각이 없다. 왜냐하면 아무 생각이 없기 때문이다.{/}				
UI_20150317_000413	Criatura Invocada : {#ffcc33}%s{/}	소환체 : {#ffcc33}%s{/}				
UI_20150317_000414	Arpía No Muerta	언데드 하피				
UI_20150317_000415	Habilidad : %s	스킬 : %s				
UI_20150317_000416	Habilidad 1, Habilidad 2	스킬1, 스킬2				
UI_20150317_000417	Fragmentos Requeridos : %s	필요 파편 : %s				
UI_20150317_000418	Bestia 60 / Insecto 20/ Mutante 10	야수 60 / 곤충 20 / 변이 10				
UI_20150317_000419	Número de Fragmentos	파편의 갯수				
UI_20150317_000420	Partes 1	파츠1				
UI_20150317_000421	Partes 2	파츠2				
UI_20150317_000422	Partes 3	파츠3				
UI_20150317_000423	¡Felicidades! Has subido de nivel.	축하합니다! 레벨이 상승하였습니다				
UI_20150317_000424	Alarma de Objeto	아이템알림				
UI_20150317_000425	{@st64}Detalles{/}	{@st64}내용{/}				
UI_20150317_000426	Cómo Jugar	조작 튜토리얼				
UI_20150317_000427	{@st42b}          Mover una vez con cada una de las teclas{/}	{@st42b}캐릭터가 상하좌우 4방향으로  이동합니다{/}				
UI_20150317_000428	{@st42b}       Realiza un ataque básico{/}	{@st42b}캐릭터가 기본 공격을 합니다{/}				
UI_20150317_000429	{@st42b}                Saltar{/}	{@st42b}캐릭터가 제자리 또는 이동시 점프를 합니다{/}				
UI_20150317_000430	{@st42b}  Pulsa dos teclas de dirección para moverte en diagonal.{/}	{@st42b}인접한 방향키 2개를 동시에 입력해 대각선으로 이동합니다{/}				
UI_20150317_000431	Herramienta de Mapa de Niebla	맵 포그 툴				
UI_20150317_000432	Herramienta para matar monstruos	몬스터 죽이기 툴				
UI_20150317_000433	Herramienta para hacer un minimapa	미니맵 만들기 툴				
UI_20150317_000434	Herramienta de diálogo	다이얼로그 툴				
UI_20150317_000435	{@st43}Configuración de GM{/}	{@st43}운영자 설정{/}				
UI_20150317_000436	{@st59}Cerrar{/}	{@st59}파티 정보를 닫습니다{/}				
UI_20150317_000437	{@st59b}Información del Grupo{nl}{@st59s} - Haz clic en el botón Crear Grupo en la parte inferior para crear un grupo. {nl} - Haz clic derecho en otros jugadores para enviar una invitación de grupo. {nl} - Se pueden hacer cambios al grupo en la pestaña Configuración. {nl} - Establece condiciones de búsqueda específicas para miembros del grupo desde la lista de Grupos Públicos.{/}	{@st59b}파티 정보{nl}{@st59s} - 하단의 파티 생성 버튼을 눌러 스스로 파티 생성 가능{nl} - 다른 유저의 캐릭터 위에서 마우스 우클릭으로 파티 초대 가능{nl} - 설정탭에서 현재 파티의 다양한 설정을 실시간으로 조정{nl} - 파티 목록으로 파티원을 구할때 공개 항목에서 조건 설정{/}				
UI_20150317_000438	{@st43}Información del Grupo{/}	{@st43}파티 정보{/}				
UI_20150317_000439	{@st41b}Miembros{/}	{@st41b}구성{/}				
UI_20150317_000440	{@st41b}Evento de Grupo {/}	{@st41b}파티 이벤트{/}				
UI_20150317_000441	{@st41b}Configuración{/}	{@st41b}설정{/}				
UI_20150317_000442	{@st41}Miembros{/}	{@st41}멤버{/}				
UI_20150317_000443	{@st41}Requisitos para unirse a este grupo	{@st41}파티 가입 조건				
UI_20150317_000444	{@st41b}Público	{@st41b}공개				
UI_20150317_000445	{@st41b}Privado	{@st41b}비공개				
UI_20150317_000446	Nivel Deseado                                ~	희망 레벨                                 ~				
UI_20150317_000447	{@st41}Distribución de Botín	{@st41}아이템 분배 규칙				
UI_20150317_000448	{@st41b}Libre para todos	{@st41b}각자 획득				
UI_20150317_000449	{@st41b}Round Robin	{@st41b}순서대로 획득				
UI_20150317_000450	{@st41b}Aleatorio	{@st41b}랜덤하게 분배				
UI_20150317_000451	{@st41}Distribución de EXP	{@st41}경험치 분배 규칙				
UI_20150317_000452	{@st41b}EXP Individual	{@st41b}각자얻기				
UI_20150317_000453	{@st41b}EXP Igual	{@st41b}균등분배				
UI_20150317_000454	{@st41b}Por Nivel	{@st41b}레벨차등				
UI_20150317_000455	{@st41}Compartir Misión	{@st41}퀘스트 공유				
UI_20150317_000456	{@st41b}Usar	{@st41b}사용				
UI_20150317_000457	{@st41b}No Usar	{@st41b}사용안함				
UI_20150317_000458	{@st41b}Crear Grupo	{@st41b}파티 생성				
UI_20150317_000459	{@st43}Lista de Grupos Públicos {/}	{@st43}공개 파티 목록{/}				
UI_20150317_000460	{@st59b}Lista de Grupos Públicos{nl}{@st59s} - Busca un grupo al que quieras unirte viendo los grupos abiertos en tu servidor {nl} - Usa la opción de búsqueda para encontrar un grupo al que quieras unirte{/}	{@st59b}공개 파티 목록{nl}{@st59s} - 서버내 공개된 파티 목록을 확인해서 원하는 파티에 가입{nl} - 검색 옵션 사용으로 원하는 조건의 파티 검색{/}				
UI_20150317_000461	{@st59}Cerrar Lista de Grupos{/}	{@st59}파티목록을 닫습니다{/}				
UI_20150317_000462	Usar Búsqueda	검색 옵션 사용				
UI_20150317_000463	Compartir Misión	퀘스트 공유				
UI_20150317_000464	Distribución de EXP	경험치 분배규칙				
UI_20150317_000465	Distribución de Objetos	아이템 분배규칙				
UI_20150317_000466	{@st43}Invitar	{@st43}초대				
UI_20150317_000467	{@st41b}Invitar{/}	{@st41b}초대{/}				
UI_20150317_000468	{s18}{ol}{gr gradation1}Reglas de PC al Cerrar Sesión{/}	{s18}{ol}{gr gradation1}로그아웃 PC 규칙{/}				
UI_20150317_000469	{ol}Condición para aplicar reglas	{ol}규칙 적용 조건				
UI_20150317_000470	{ol}Acción para aplicar reglas	{ol}규칙 적용 동작				
UI_20150317_000471	Ingresa un nombre para la regla	규칙의 이름을 입력합니다				
UI_20150317_000472	{Gr gradation1}Registro{/}	{gr gradation1}등록{/}				
UI_20150317_000473	Registrar Reglas	규칙을 등록합니다				
UI_20150317_000474	{Gr gradation1}Cancelar{/}	{gr gradation1}취소{/}				
UI_20150317_000475	Cancelar Acción	작업을 취소합니다				
UI_20150317_000476	{@st43}Info del Compañero	{@st43}컴패니언 정보				
UI_20150317_000477	{@st59b}Info del Compañero{nl}{@st59s} - Puedes configurar tu compañero como Activo o en Modo Descanso usando el botón de abajo. {nl} - Se pueden personalizar los atributos y objetos equipados de tu compañero. {/}	{@st59b}컴패니언 정보{nl}{@st59s} - 휴면/활동 버튼으로 컴패니언 넣고 빼기 가능{nl} - 컴패니언의 특성, 아이템 장착으로 커스터마이즈 가능{/}				
UI_20150317_000478	{@st59}Cerrar{/}	{@st59}컴패니언 정보를 닫습니다{/}				
UI_20150317_000479	{@st41b}Nombre : {@sti9}%s{/}	{@st41b}이름 : {@sti9}%s{/}				
UI_20150317_000480	{@sti9}%s{@st41b}Cercanía : {@sti9}%s {@st41b}Nivel{/}	{@sti9}%s{@st41b}과의 친밀도 : {@sti9}%s {@st41b}레벨{/}				
UI_20150317_000481	{@st41b}EXP{/}	{@st41b}경험치{/}				
UI_20150317_000482	{@st41b}Resistencia{/}	{@st41b}스태미나{/}				
UI_20150317_000483	{@st41b}Afinidad{/}	{@st41b}친밀도{/}				
UI_20150317_000484	{@st41b}Atributos e Información	{@st41b}특성 및 정보				
UI_20150317_000485	{@st43}Compañero{/}	{@st43}컴패니언{/}				
UI_20150317_000486	{@st59b}Compañero{nl}{@st59s} - Haz clic en un objeto de la lista para ver más información. {/}	{@st59b}컴패니언{nl}{@st59s} - 목록에서 원하는 항목을 클릭해서 상세 정보 보기{/}				
UI_20150317_000487	{@st59}Cerrar{/}	{@st59}컴패니언을 닫습니다{/}				
UI_20150317_000488	{@st59}Cerrar{/}	{@st59}도움말 창을 닫습니다{/}				
UI_20150317_000489	{@st59}Ayuda{nl} - Ver información detallada y consejos. {nl} - Ver otros temas de la Lista de Ayuda{/}	{@st59}도움말{nl} - 도움말 상세 보기{nl} - 다른 항목을 보려면 도움말 목록에서 선택{/}				
UI_20150317_000490	{@st43}Ayuda{/}	{@st43}도움말{/}				
UI_20150317_000491	Temas de Ayuda	도움말 제목				
UI_20150317_000492	{ol}{#AAAA00}{s16}Tiempo Transcurrido : %s	{ol}{#AAAA00}{s16}진행시간 : %s				
UI_20150317_000493	{@st43}Olla de Veneno{/}	{@st43}포이즌 팟{/}				
UI_20150317_000494	{@st59}Cerrar{/}	{@st59}포이즌 팟 UI를 닫습니다{/}				
UI_20150317_000495	{@st59}Necesita escribir{/}	{@st59}작성 필요{/}				
UI_20150317_000496	Cantidad de Veneno: %s	독의 양 : %s				
UI_20150317_000497	Objetos que se pueden usar para Fabricar veneno	독 제조에 쓰일 수 있는 아이템				
UI_20150317_000498	Seleccionar Todo	전체 선택				
UI_20150317_000499	Haz clic de nuevo para deseleccionar todo	한번 더 클릭시 전체 해제				
UI_20150317_000500	Fabricación	제조				
UI_20150317_000501	mezclar mezclar mix y mezclar	섞고 섞고 돌리고 섞고				
UI_20150317_000502	{@st43}Categoría{/}	{@st43}항목{/}				
UI_20150317_000503	{@st43}Yo{/}	{@st43}나{/}				
UI_20150317_000504	{@st43}Objetivo{/}	{@st43}대상{/}				
UI_20150317_000505	{@st43}Nivel{/}	{@st43}레벨{/}				
UI_20150317_000506	{@st43}Fondos{/}	{@st43}소지금{/}				
UI_20150317_000507	{@st43}Tasa{/}	{@st43}등급{/}				
UI_20150317_000508	{@st43}Proporción JcJ Ganadas/Perdidas{/}	{@st43}PvP승률{/}				
UI_20150317_000509	{@st59}Cerrar{/}	{@st59}창을 닫습니다{/}				
UI_20150317_000510	{@sti5}Cantidad Total de Compra : %s{/}	{@sti5}총 구매 금액 : %s{/}				
UI_20150317_000511	{@sti5}Cantidad Total : %s{/}	{@sti5}총 금액 : %s{/}				
UI_20150317_000512	{@st41b} Comprar	{@st41b}구매				
UI_20150317_000513	{@st43}¡Materiales obtenidos para un objeto fabricable!	{@st43}제작 아이템 재료 획득!				
UI_20150317_000514	{@st43}Magnum Opus{/}	{@st43}마그눔 오푸스{/}				
UI_20150317_000515	{@st41}Eliminar Todo	{@st41}전체 삭제				
UI_20150317_000516	{@st42}Objetivo de Pensión {@stx1}(se requiere %s){/}	{@st42}연금 대상 {@stx1}(%s 소요){/}				
UI_20150317_000517	{@st41}Combinar	{@st41}조합				
UI_20150317_000518	{@st43}Misiones{/}	{@st43}퀘스트{/}				
UI_20150317_000519	{@st59b}Misiones{nl}{@st59s} - Cuando tienes una nueva misión, se agregará al rastreador de misiones. {nl} - Una misión principal se muestra en color amarillo, mientras que una submisión se muestra en azul. {nl} - La flecha en el pie del personaje conduce a la ubicación de tu misión. {nl} - Si completaste una misión, se muestra un ícono de 'Regresar' en el rastreador de misiones. {nl}    (Te teletransporta al NPC de la Misión usando la tecla Retroceso o un clic del mouse) {nl} - Agrega o elimina misiones en el rastreador de misiones marcando o desmarcando la casilla frente al nombre de la misión. {/}	{@st59b}퀘스트{nl}{@st59s} - 퀘스트 획득시 퀘스트 알리미에 등록{nl} - 메인퀘스트는 노란색, 서브퀘스트는 파란색 표시{nl} - 캐릭터 발 밑의 화살표로 퀘스트 위치를 표시{nl} - 퀘스트 완료시 퀘스트 알리미에 돌아가기 아이콘 표시{nl}  (백스페이스나 마우스 클릭으로 완료 NPC로 순간이동){nl} - 퀘스트 알리미에 등록/해제시 퀘스트 이름 앞 체크 선택{/}				
UI_20150317_000520	{@st41b}En Progreso{/}	{@st41b}  진행  {/}				
UI_20150317_000521	{@st41b}Abandonado{/}	{@st41b}  포기  {/}				
UI_20150317_000522	{@st43}{s22}Información de Misión{/}	{@st43}{s22}퀘스트 정보{/}				
UI_20150317_000523	Misión Completada	임무 완료				
UI_20150317_000524	{@st41}Completado{/}	{@st41}완료{/}				
UI_20150317_000525	Info de Progreso de Misión	임무 진행 정보				
UI_20150317_000526	{s18}{ol}Información de Misión	{s18}{ol}퀘스트 정보				
UI_20150317_000527	{s16}Tiempo Restante	{s16}남은 시간				
UI_20150317_000528	Usar objeto de misión	퀘스트 아이템 사용				
UI_20150317_000529	Pista de Misión	퀘스트 힌트				
UI_20150317_000530	{@st41}Confirmar{/}	{@st41}확인{/}				
UI_20150317_000531	{@st43}{s22}Misión Completada{/}	{@st43}{s22}퀘스트 완료{/}				
UI_20150317_000532	{@st41b}Completado{/}	{@st41b}완료{/}				
UI_20150317_000533	{@st41}Aceptar{/}	{@st41}수락{/}				
UI_20150317_000534	{@st41}Rechazar{/}	{@st41}거절{/}				
UI_20150317_000535	{@st44}Volver atrás{/}	{@st44}돌아가기{/}				
UI_20150317_000536	¿A qué misión te gustaría regresar?	어떤 퀘스트로 돌아가시겠습니까?				
UI_20150317_000537	{@st41b}Nombre de la clase de misión{/}	{@st41b}퀘스트 클래스 네임{/}				
UI_20150317_000538	{@st59}Expandir Ranuras{/}	{@st59}슬롯을 확장합니다{/}				
UI_20150317_000539	{@st59}Reducir Ranuras{/}	{@st59}슬롯을 축소합니다{/}				
UI_20150317_000540	{@st59}Invocar Compañero.{/}	{@st59}컴패니언을 소환합니다.{/}				
UI_20150317_000541	{@st44}Menú{/}	{@st44}메뉴{/}				
UI_20150317_000542	{@st60}Selección de Personaje{/}	{@st60}캐릭터선택{/}				
UI_20150317_000543	{@st60}Cerrar Sesión{/}	{@st60}로그아웃{/}				
UI_20150317_000544	{@st60}Salir del Juego{/}	{@st60}게임종료{/}				
UI_20150317_000545	{@st60}Configuración del Juego{/}	{@st60}게임설정{/}				
UI_20150317_000546	{@st60}Volver atrás{/}	{@st60}돌아가기{/}				
UI_20150317_000547	{@st41}Omitir Tutorial{/}	{@st41}튜토리얼 건너뛰기{/}				
UI_20150317_000548	{@st41}Selección de Personaje{/}	{@st41}캐릭터 선택{/}				
UI_20150317_000549	{@st41}Cerrar Sesión{/}	{@st41}로그아웃{/}				
UI_20150317_000550	{@st41}Salir del Juego{/}	{@st41}게임 종료{/}				
UI_20150317_000551	{@st41}Volver atrás{/}	{@st41}돌아가기{/}				
UI_20150317_000552	{@st43}{s22}¡Reúnanse para la incursión!	{@st43}{s22}레이드 소집!				
UI_20150317_000553	{@st41b}Monstruos se acercan a las afueras del castillo del pueblo. Solo tú puedes detenerlos.	{@st41b}도시 외곽 성곽에 몬스터들이 몰려들고 있습니다. 당신만이 문제를 해결할 수 있습니다.				
UI_20150317_000554	{@st43}{s22}Configuración del Juego{/}	{@st43}{s22}게임설정{/}				
UI_20150317_000555	{@sti7}Buscando un grupo de incursión...{/}	{@sti7}레이드파티 검색중..{/}				
UI_20150317_000556	{@st41b}Cancelar participación	{@st41b}참가 취소				
UI_20150317_000557	{@st41b}¡Haré algo al respecto!	{@st41b}제가 해결해보겠습니다!				
UI_20150317_000558	{@st41b}No creo poder ayudar esta vez...	{@st41b}저는 힘들 것 같아요...				
UI_20150317_000559	{@sti7}{s24}Seleccionar Recompensas de Incursión{/}	{@sti7}{s24}레이드 보상 선택{/}				
UI_20150317_000560	{@st42b}Tiempo restante {@st43}%s{@st42b} segundos{/}	{@st42b}남은 시간 {@st43}%s{@st42b} 초{/}				
UI_20150317_000561	{@st41b}Aumentar el número de selecciones	{@st41b}선택 횟수 늘리기				
UI_20150317_000562	{@43b}{s22} Núm. de veces seleccionable : {@st43}%s{/}	{@43b}{s22}선택 가능 횟수 : {@st43}%s{/}				
UI_20150317_000563	shadow_box eliminación provisional	shadow_box 잠정제거				
UI_20150317_000564	{@st43}Ranking{/}	{@st43}랭킹{/}				
UI_20150317_000565	{@st59}Cerrar{/}	{@st59}랭킹창을 닫습니다{/}				
UI_20150317_000566	{@st41}Top 100 de Monstruos Eliminados{/}	{@st41}몬스터 킬 Top 100{/}				
UI_20150317_000567	{@st41}Top 100 de Daño{/}	{@st41}데미지 Top 100{/}				
UI_20150317_000568	{@st41}Top 100 de Dinero{/}	{@st41}머니머니 Top 100{/}				
UI_20150317_000569	{@st41}Top 100 de Subida de Nivel{/}	{@st41}레벨업 Top 100{/}				
UI_20150317_000570	{@st41b}Menú{/}	{@st41b}메뉴{/}				
UI_20150317_000571	{@st43}{s22}Mejorar Objeto{/}	{@st43}{s22}아이템 강화{/}				
UI_20150317_000572	{@st41b}Objeto Seleccionado	{@st41b}대상 아이템				
UI_20150317_000573	{@st41b}Yunque	{@st41b}모루				
UI_20150317_000574	{@st41}{s20}Número de golpes al Yunque :{@st43} %s	{@st41}{s20}모루 타격 횟수 :{@st43} %s				
UI_20150317_000575	{@st41} {s20}Precio : %s	{@st41}{s20}강화 가격 : %s				
UI_20150317_000576	{@st41b}Mejorar{/}	{@st41b}강화 시작{/}				
UI_20150317_000577	{@st59}Iniciar Mejora de Objeto{/}	{@st59}아이템 강화를 시작합니다.{/}				
UI_20150317_000578	{@st59}Cerrar{/}	{@st59}강화를 닫습니다{/}				
UI_20150317_000579	{@st41b}              ¿Mejorar con los {@sti9}×%s{/} objetos seleccionados?{/}	{@st41b}선택한 {@sti9}%s개{/} 아이템으로 강화하시겠습니까?{/}				
UI_20150317_000580	{@st43}Mejora	{@st43}강화				
UI_20150317_000581	{@st44}Mejorar Objeto{/}	{@st44}아이템 강화{/}				
UI_20150317_000582	{s24}{b}{#000000}¡Mejora Completada!	{s24}{b}{#000000}강화 완료!				
UI_20150317_000583	{@st41}Mejorar de Nuevo{/}	{@st41}재강화{/}				
UI_20150317_000584	{@st41}Cerrar{/}	{@st41}닫기{/}				
UI_20150317_000585	{s18}{ol}{gr gradation1}Reparar Equipo{/}	{s18}{ol}{gr gradation1}장비 수리{/}				
UI_20150317_000586	Equipo Equipado	  착용장비  				
UI_20150317_000587	Equipo en el Inventario	  소지장비  				
UI_20150317_000588	{Gr gradation1}Seleccionar Todo{/}	{gr gradation1}전체선택{/}				
UI_20150317_000589	Seleccionar Todo	전체선택				
UI_20150317_000590	{Gr gradation1}Reparar{/}	{gr gradation1}수리{/}				
UI_20150317_000591	{@st43}Reparar{/}	{@st43}수리{/}				
UI_20150317_000592	Lista de objetos reparables	수리 필요 아이템 목록				
UI_20150317_000593	{@st41b}Costo de Reparación{/}	{@st41b}수리 비용{/}				
UI_20150317_000594	{@st41b}Después de la reparación{/}	{@st41b}예상 잔액{/}				
UI_20150317_000595	{@st41b}Reparar{/}	{@st41b}장비 수리{/}				
UI_20150317_000596	Repara el equipo seleccionado.	선택한 장비를 수리합니다.				
UI_20150317_000597	{@st59}Cerrar Reparación de Objeto{/}	{@st59}아이템 정비를 닫습니다{/}				
UI_20150317_000598	{@st43}Refuerzo de Objeto{/}	{@st43}아이템 정비{/}				
UI_20150317_000599	{@st41}Lista de objetos reforzables{/}	{@st41}정비 필요 아이템 목록{/}				
UI_20150317_000600	{@st44}Reforzar el Objeto{/}	{@st44}아이템 정비{/}				
UI_20150317_000601	{@st42}Reforzar{/}	{@st42}정비{/}				
UI_20150317_000602	{@st59}Refuerza con la configuración actual{/}	{@st59}현재 내용으로 정비합니다.{/}				
UI_20150317_000603	{@st59}No Reforzar{/}	{@st59}정비하지 않습니다.{/}				
UI_20150317_000604	{@st44}Reanudar{/}	{@st44}재시작{/}				
UI_20150317_000605	{@st41b}Has quedado {/}{s20}{#cc6600}{ol}incapacitado{/}{@st41b}{/}	{@st41b}당신은 {/}{s20}{#cc6600}{ol}전투 불능 {/}{@st41b}상태가 되었습니다!{/}				
UI_20150317_000606	{@st41b}Reaparecer en el Punto de Reaparición más cercano{/}	{@st41b}가까운 부활지점에서 다시하기{/}				
UI_20150317_000607	{@st41b}Reaparecer aquí (requiere %s TP) {/}	{@st41b}제자리에서 다시하기(NXP %s개 필요){/}				
UI_20150317_000608	{@st41b}Volver a la región{/}	{@st41b}필드로 복귀하기{/}				
UI_20150317_000609	{@st41b}Abandonar misión y reiniciar{/}	{@st41b}퀘스트 포기 후 재시작하기{/}				
UI_20150317_000610	{@st41b}Intentar de nuevo{/}	{@st41b}재도전{/}				
UI_20150317_000611	Santuario de Resurrección (70031)	부활의 성소(70031)				
UI_20150317_000612	Falta el objeto requerido.	아이템이 필요합니다.				
UI_20150317_000613	Accesos rápidos de descanso	휴식 퀵슬롯				
UI_20150317_000614	{@st43}Cuadro de diálogo{/}	{@st43}말풍선{/}				
UI_20150317_000615	Nombre Temporal	임시이름				
UI_20150317_000616	{@st41b} {s18} Espacio de Inventario Insuficiente 	{@st41b}{s18}인벤토리 공간 부족				
UI_20150317_000617	No puedes obtener el objeto porque tu inventario está lleno{nl}Por favor libera espacio en tu inventario.	인벤토리가 가득 차서 아이템을 획득할 수 없습니다.{nl}인벤토리를 정리해 주세요.				
UI_20150317_000618	{@st44}¡Conjunto de Objetos adquirido!{/}	{@st44}세트 아이템 획득!{/}				
UI_20150317_000619	Por favor selecciona un objeto	아이템을 선택해주세요				
UI_20150317_000620	{@st59b} tienda {nl} {@st59s} - Haz clic derecho e ingresa la cantidad para comprar varios {nl} - Doble clic derecho para vender toda la pila de objetos {/}	{@st59b}상점{nl}{@st59s} - 아이템을 대량 구입하려면 마우스 우클릭 후 갯수 입력{nl} - 아이템을 전량 판매하려면 마우스 더블 우클릭으로 이용{/}				
UI_20150317_000621	{@st59}Cerrar{/}	{@st59}상점을 닫습니다{/}				
UI_20150317_000622	{@st59}Primera Página{/}	{@st59}처음 페이지{/}				
UI_20150317_000623	{@st59}Página Siguiente{/}	{@st59}다음 페이지{/}				
UI_20150317_000624	{@st59}Última Página{/}	{@st59}마지막 페이지{/}				
UI_20150317_000625	{@st41b}Reiniciar{/}	{@st41b}비우기{/}				
UI_20150317_000626	{@st59}Reiniciar Carrito de Compras{/}	{@st59}장바구니를 비웁니다{/}				
UI_20150317_000627	{@st41b}Confirmar{/}	{@st41b}정산{/}				
UI_20150317_000628	{@st59}Confirmar Transacción{/}	{@st59}거래를 결정합니다{/}				
UI_20150317_000629	{@st43}Tienda{/}	{@st43}상점{/}				
UI_20150317_000630	{@st41b}Objetos Comprados{/}	{@st41b}구입 아이템{/}				
UI_20150317_000631	{@st41b}Objetos Vendidos{/}	{@st41b}판매 아이템{/}				
UI_20150317_000632	{@st41b}Precio{/}	{@st41b}거래 정산 ▶{/}				
UI_20150317_000633	{@st41b}Balance{/}	{@st41b}예상 잔액 ▶{/}				
UI_20150317_000634	{@st41b}Mis Objetos Vendidos{/}	{@st41b}내가 판매한 아이템{/}				
UI_20150317_000635	{@st41}Ranuras vacías{/}	{@st41}슬롯 비우기{/}				
UI_20150317_000636	{@st43}Total{/}	{@st43}정산{/}				
UI_20150317_000637	{@st41}Liquidar Transacción{/}	{@st41}거래 정산{/}				
UI_20150317_000638	{@st41}Después de la Transacción{/}	{@st41}예상 잔액{/}				
UI_20150317_000639	{@st41}Objetos comprados{/}	{@st41}구입 아이템{/}				
UI_20150317_000640	{@sti1c}Simonía	{@sti1c}시모니				
UI_20150317_000641	{@st41}Habilidades de Fabricación	{@st41}제작 스킬				
UI_20150317_000642	{@st42}Nivel %s{/}	{@st42}레벨 %s{/}				
UI_20150317_000643	Costo	제작 비용				
UI_20150317_000644	Cantidad de la elaboracíon	제작 갯수				
UI_20150317_000645	Se requieren aproximadamente %s segundos	약 %s초 소요				
UI_20150317_000646	{@st41}Fabricar	{@st41}만들기				
UI_20150317_000647	{@st43}Habilidades y Atributos{/}	{@st43}클래스 스킬과 특성{/}				
UI_20150317_000648	{@st59}Cerrar Clases y Habilidades{/}	{@st59}클래스와 스킬을 닫습니다{/}				
UI_20150317_000649	{@st59b}Clases{nl}{@st59s}- Puedes aprender nuevas habilidades haciendo crecer el Círculo de tu clase. {nl} - Puedes elegir entre 3 clases disponibles para avanzar desde tu 1er a 2do ascenso. {nl} - Puedes ascender a la misma clase hasta 3 veces. {nl} - No puedes volver a tu clase anterior una vez que has ascendido a otra clase. {nl} - Debes consumir todos tus Puntos de Habilidad para poder ascender. {nl} - Puedes elegir la misma clase.{nl}{@st59b}Habilidades{nl}{@st59s} - Puedes aumentar el rango de cada habilidad hasta el nivel 5.{nl} - Los atributos aprendidos de tus Maestros se pueden ver debajo de tus habilidades. {/}	{@st59b}클래스{nl}{@st59s} - 클래스의 서클을 성장시켜 해당 클래스의 스킬을 습득{nl} - 1차 직업에서 2차 직업로 전직할 경우 3개 클래스 선택 가능{nl} -  동일한 직업으로 총 3회까지 전직 가능{nl} -  다른 직업으로 전직 시 이전 직업은 전직 불가{nl} -  스킬포인트 모두 소비 시 전직 가능{nl} - 동일한 클래스도 선택 가능{nl}{@st59b}스킬{nl}{@st59s} - 각  랭크별 스킬은 최대 5레벨 증가 가능{nl} - 마스터에게 배운 특성은 스킬 하단에서 확인 가능{/}				
UI_20150317_000650	{@st41b}Aplicar{/}	{@st41b}적용{/}				
UI_20150317_000651	{@st59}Aplicar{/}	{@st59}스킬 포인트를 적용합니다{/}				
UI_20150317_000652	Clérigo	큘레릭				
UI_20150317_000653	{@st59}Cancelar{/}	{@st59}포인트 배분을 취소합니다{/}				
UI_20150317_000654	Aprendiendo {#ff4400}%s (Nv. %s){/}...	{#ff4400}%s (%s레벨){/} 학습 중..				
UI_20150317_000655	Psicoacoso	싸이코해승				
UI_20150317_000656	%s minuto(s) restante(s)	%s분 남음				
UI_20150317_000657	{@st43}Pose{/}	{@st43}포즈{/}				
UI_20150317_000658	{@st59}Cerrar{/}	{@st59}포즈를 닫습니다{/}				
UI_20150317_000659	{@st41}Tablón{/}	{@st41}게시판{/}				
UI_20150317_000660	{@st41}Comerciar{/}	{@st41}거래{/}				
UI_20150317_000661	{@st41}Funciones Sociales{/}	{@st41}사회기능{/}				
UI_20150317_000662	{@st41b}Escribir{/}	{@st41b}글쓰기{/}				
UI_20150317_000663	{@st41}Registrar{/}	{@st41}등록{/}				
UI_20150317_000664	{@st59}Registrar Publicación{/}	{@st59}글을 등록합니다{/}				
UI_20150317_000665	{@st41}Iniciar Mi Página{/}	{@st41}마이페이지 시작{/}				
UI_20150317_000666	{@st59}Publicar Mi Página{/}	{@st59}마이페이지를 외부에 게시합니다{/}				
UI_20150317_000667	{@st59}Registrar Saludos{/}	{@st59}안부를 등록합니다{/}				
UI_20150317_000668	{@st41b}1. Menú{/}	{@st41b}1. 메뉴{/}				
UI_20150317_000669	{@st41}Visitar{/}	{@st41}방문{/}				
UI_20150317_000670	{@st59}Visitar Mi Página{/}	{@st59}마이페이지를 방문합니다{/}				
UI_20150317_000671	{@st41}Vender{/}	{@st41}판매{/}				
UI_20150317_000672	{@st59}Vender Objeto{/}	{@st59}아이템을 판매 합니다{/}				
UI_20150317_000673	{@st43}Vida{/}	{@st43}생 활{/}				
UI_20150317_000674	{@st59}Cerrar{/}	{@st59}생활을 닫습니다{/}				
UI_20150317_000675	{@st41}Ver Todo{/}	{@st41}모두 보기{/}				
UI_20150317_000676	{@st41}Crear Mapa{/}	{@st41}맵 만들기{/}				
UI_20150317_000677	{@st41}%s/min (%s en mano){/}	{@st41}%s/분 (%s 보유){/}				
UI_20150317_000678	Guerrero de Teclado	키보드워리어				
UI_20150317_000679	{@st42}%s{/}{@st42_yellow}Nivel{/}	{@st42}%s{/}{@st42_yellow}레벨{/}				
UI_20150317_000680	{@st41_yellow}Tiempo de Empleo	{@st41_yellow}고용시간				
UI_20150317_000681	{@st43}Graffiti{/}	{@st43}그래피티{/}				
UI_20150317_000682	{@st59}Cerrar{/}	{@st59}스프레이를 닫습니다{/}				
UI_20150317_000683	{@st41b}Consejo : Dibuja una imagen en el marco de abajo{/}	{@st41b}Tip : 아래 액자내에 그림을 그립니다.{/}				
UI_20150317_000684	{@st41b}Colores{/}	{@st41b}색상{/}				
UI_20150317_000685	{@st41b}Cantidad{/}	{@st41b}수량{/}				
UI_20150317_000686	{@st41b}Pincel{/}	{@st41b}브러쉬{/}				
UI_20150317_000687	{@st43}Dibujar{/}	{@st43}그리기{/}				
UI_20150317_000688	{@st59}Dibuja la imagen completada en el suelo.{/}	{@st59}완성한 그림을 바닥에 그립니다.{/}				
UI_20150317_000689	{@st41b}{a SAVE_EDIT_SPRAY}Guardar{/}{/}	{@st41b}{a SAVE_EDIT_SPRAY}저장{/}{/}				
UI_20150317_000690	{@st59}Guardar dibujos{/}	{@st59}그리고 있는 그림을 저장합니다.{/}				
UI_20150317_000691	{@st41b}{a LOAD_EDIT_SPRAY}Cargar{/}{/}	{@st41b}{a LOAD_EDIT_SPRAY}불러오기{/}{/}				
UI_20150317_000692	{@st59}Carga imágenes previamente dibujadas.{/}	{@st59}그렸던 그림을 불러옵니다.{/}				
UI_20150317_000693	{@st59}Color seleccionado 1{/}	{@st59}선택한 색상1{/}				
UI_20150317_000694	{@st59}Color seleccionado 2{/}	{@st59}선택한 색상2{/}				
UI_20150317_000695	{@st59}Lista de Colores{/}	{@st59}색상 목록{/}				
UI_20150317_000696	{@st59}Pincel Seleccionado{/}	{@st59}선택한 브러시{/}				
UI_20150317_000697	{@st59}Pincel 1{/}	{@st59}브러시 1{/}				
UI_20150317_000698	{@st59}Pincel 2{/}	{@st59}브러시 2{/}				
UI_20150317_000699	{@st59}Pincel 3{/}	{@st59}브러시 3{/}				
UI_20150317_000700	{@st59}Pincel 4{/}	{@st59}브러시 4{/}				
UI_20150317_000701	{@st59}Pincel 5{/}	{@st59}브러시 5{/}				
UI_20150317_000702	{@st59}Pincel 6{/}	{@st59}브러시 6{/}				
UI_20150317_000703	{@st49}Personas a las que les gusta esto{/}	{@st49}좋아하는 사람들{/}				
UI_20150317_000704	{s20}{#050505}Describe lo que sea	{s20}{#050505}뭐가되었든 설명				
UI_20150317_000705	{@st41} Todo {/}	{@st41} 전체 {/}				
UI_20150317_000706	{@st41} Grupo {/}	{@st41} 파티 {/}				
UI_20150317_000707	{@st41} Monstruo {/}	{@st41} 몬스터 {/}				
UI_20150317_000708	{@st41b}{#f0dcaa}Puntos de estadísticas restantes ▶ {@st46}%s	{@st41b}{#f0dcaa}남은 스테이터스 포인트 ▶ {@st46}%s				
UI_20150317_000709	{@st59b}Mi Información{nl}{@st59s}- Estado : Usa los puntos que ganaste al subir de nivel para mejorar los 5 atributos de estado. {nl}- Información : Esta es información sobre tu personaje basada en tu estado y equipo actuales. {nl}- Título : Los títulos se pueden obtener logrando logros. {nl} {/}	{@st59b}내 정보{nl}{@st59s} - 스테이터스 : 레벨업으로 얻은 포인트를 사용해서 5가지 능력 강화{nl} - 정보 : 아이템 및 스테이터스 능력치에 따른 캐릭터 능력치 정보{nl} - 칭호 : 업적을 완료했을때 습득가능한 칭호{nl}{/}				
UI_20150317_000710	{@st41b}Info{/}	{@st41b}정보{/}				
UI_20150317_000711	{@st41b}Título{/}	{@st41b}칭호{/}				
UI_20150317_000712	Mostrar Clase	직업 출력				
UI_20150317_000713	Mostrar Nombre del Personaje	캐릭터 이름 출력				
UI_20150317_000714	{@st59}Cambiar Nombre del Personaje{/}	{@st59}캐릭터 이름을 수정합니다{/}				
UI_20150317_000715	{@st41b}Aplicar	{@st41b}적용				
UI_20150317_000716	{@st59}Aplicar{/}	{@st59}스테이터스 분배를 적용합니다{/}				
UI_20150317_000717	{@st41b}Cancelar	{@st41b}취소				
UI_20150317_000718	{@st59}Cancelar{/}	{@st59}스테이터스 분배를 취소합니다{/}				
UI_20150317_000719	Nombre de PC	PC이름				
UI_20150317_000720	{@st41_yellow}Nivel: {@st41}%s{/}	{@st41_yellow}레벨: {@st41}%s{/}				
UI_20150317_000721	{@st41_yellow}Habilidades de Mercenario	{@st41_yellow}용병 스킬				
UI_20150317_000722	{@st43}Efectos de Ataque{/}	{@st43}공격 효과{/}				
UI_20150317_000723	{@st43}Efectos de Defensa{/}	{@st43}방어 효과{/}				
UI_20150317_000724	{@st43}Estadística{/}	{@st43}스탯{/}				
UI_20150317_000725	systemmenu_vertical eliminación provisional	systemmenu_vertical 잠정제거				
UI_20150317_000726	{@st59}Información del Personaje (F1){/}	{@st59}캐릭터 정보 (F1){/}				
UI_20150317_000727	{@st59}Inventario (F2){/}	{@st59}인벤토리 (F2){/}				
UI_20150317_000728	{@st59}Clases y Habilidades (F3){/}	{@st59}클래스와 스킬 (F3){/}				
UI_20150317_000729	{@st59}Diario de Aventuras (F4){/}	{@st59}모험일지 (F4){/}				
UI_20150317_000730	{@st59}Misiones (F5){/}	{@st59}퀘스트 (F5){/}				
UI_20150317_000731	{@st59}Grupo (F6){/}	{@st59}파티 (F6){/}				
UI_20150317_000732	{@st59}Amigos (F7){/}	{@st59}친구 (F7){/}				
UI_20150317_000733	{@st59}Macro (F8) {/}	{@st59}매크로 (F8){/}				
UI_20150317_000734	{@st59}Compañero (F9) {/}	{@st59}컴패니언 (F9){/}				
UI_20150317_000735	{@st59}Ayuda (F10) {/}	{@st59}도움말 (F10){/}				
UI_20150317_000736	{@st59}Menú del Sistema (Esc){/}	{@st59}시스템 메뉴 (Esc){/}				
UI_20150317_000737	{@st59}Necronomicón{/}	{@st59}네크로노미콘{/}				
UI_20150317_000738	Ayuda (F1)	도움말(F1)				
UI_20150317_000739	Contenidos	내용				
UI_20150317_000740	Ver Detalles	상세보기				
UI_20150317_000741	{@st43}Configuración del Juego{/}	{@st43}게임 설정{/}				
UI_20150317_000742	{@st43}Juego{/}	{@st43}게임{/}				
UI_20150317_000743	{@st41b}Mostrar EXP Obtenida{/}	{@st41b}경험치 획득량 표기{/}				
UI_20150317_000744	{@st41b}Mostrar Nombre del Personaje{/}	{@st41b}캐릭터 이름 보기{/}				
UI_20150317_000745	{@st41b}Mostrar Solo Nombre de Equipo{/}	{@st41b}팀 이름만 표시{/}				
UI_20150317_000746	{@st41b}Mostrar Guía de Misión{/}	{@st41b}퀘스트 가이드 표시{/}				
UI_20150317_000747	{@st43}Resolución{/}	{@st43}화면{/}				
UI_20150317_000748	{@st43}Gráficos{/}	{@st43}그래픽{/}				
UI_20150317_000749	{@st41b}Pantalla Completa{/}	{@st41b}전체 화면{/}				
UI_20150317_000750	{@st41b}Modo Ventana{/}	{@st41b}창모드{/}				
UI_20150317_000751	{@st43}Sonido{/}	{@st43}사운드{/}				
UI_20150317_000752	{@st41b}Volumen de Efectos de Sonido (%s){/}	{@st41b}효과음 크기 (%s){/}				
UI_20150317_000753	{@st41b}Volumen de Música (%s){/}	{@st41b}음악 크기 (%s){/}				
UI_20150317_000754	{@st41b}Volumen (%s){/}	{@st41b}사운드 전체 크기 (%s){/}				
UI_20150317_000755	{@st43}{b}Seleccionar Idioma{/}	{@st43}언어 선택{/}				
UI_20150317_000756	{@st59}Cerrar{/}	{@st59}게임 설정창을 닫습니다{/}				
UI_20150317_000757	{@st41b}Modo de Requisito Mín. {/}	{@st41b}최저 사양 모드{/}				
UI_20150317_000758	{@st41b}Ver{/}	{@st41b}보기{/}				
UI_20150317_000759	{@st59}Créditos{/}	{@st59}만든 사람들{/}				
UI_20150317_000760	Ventana de buff objetivo	타겟버프창				
UI_20150317_000761	{@st46}Imagen de IMC	{@st46}IMC님의 그림				
UI_20150317_000762	{@st46}Imagen de %s	{@st46}%s님의 그림				
UI_20150317_000763	{@st46}Me gusta	{@st46}좋아요				
UI_20150317_000764	{@st46}Reportar	{@st46}신고				
UI_20150317_000765	{@st46}Usa protección	{@st46}보존제 사용				
UI_20150317_000766	{@st46}Eliminar Imagen	{@st46}그림 제거				
UI_20150317_000767	Alucinación de Nieve	스노우할레이션				
UI_20150317_000768	Ramo	꽃다발				
UI_20150317_000769	{@st41} Regalos	{@st41}선물				
UI_20150317_000770	Por favor ingresa una cantidad	개수를 입력하세요.				
UI_20150317_000771	{@st53b}%s Victorias %s Derrotas	{@st53b}%s 승 %s 패				
UI_20150317_000772	{@st42}Programación de hoy	{@st42}오늘의 스케쥴				
UI_20150317_000773	{@st53}Hasta el Inicio :	{@st53}시작까지 :				
UI_20150317_000774	{@st53b}Regalos recibidos : ×%s	{@st53b}받은선물 : %s개				
UI_20150317_000775	{@st43b}Enviar regalo a %s{/}	{@st43b}%s님에게 선물{/}				
UI_20150317_000776	{@st55_a}Siguiente partida	{@st55_a}다음 경기				
UI_20150317_000777	{@st53}- Haz clic en el nombre para observar{nl}- Clic derecho para enviar un regalo	{@st53}- 이름을 클릭하여 관전 가능{nl}- 우 클릭으로 선물가능				
UI_20150317_000778	Centrar cámara en mi personaje	카메라를 나의 캐릭터로				
UI_20150317_000779	{@st55_a}¡Felicidades!	{@st55_a}우승을 축하드립니다!				
UI_20150317_000780	{@st42}Cambiar Cámara	{@st42}카메라 전환				
UI_20150317_000781	{@st44}Diario de Aventuras{/}	{@st44}모험일지{/}				
UI_20150317_000782	{@st59}Cambiar Configuración de Vista{/}	{@st59}표시 방식을 변경합니다{/}				
UI_20150317_000783	{@st41}Estadísticas {/}	{@st41} 통계 {/}				
UI_20150317_000784	{@st41}Creación {/}	{@st41} 제조 {/}				
UI_20150317_000785	{@st41}Caza {/}	{@st41} 사냥 {/}				
UI_20150317_000786	{@st41}Ayuda {/}	{@st41} 도움말 {/}				
UI_20150317_000787	{@st44}Página Wiki{/}	{@st44}위키페이지{/}				
UI_20150317_000788	{@st42}Información{/}	{@st42}정보{/}				
UI_20150317_000789	{@st42}Detalles{/}	{@st42}상세{/}				
UI_20150317_000790	{@st42}Combate{/}	{@st42}전투{/}				
UI_20150317_000791	{@st42}Adquirir{/}	{@st42}획득{/}				
UI_20150317_000792	{@st59}Cerrar Página{/}	{@st59}페이지를 닫습니다{/}				
UI_20150317_000793	{@st43}Campo de Batalla	{@st43}배틀 필드				
UI_20150317_000794	{@st59}Cerrar Campo de Batalla.	{@st59}배틀 필드를 닫습니다.				
UI_20150317_000795	(Bronce 3)	(브론즈 3)				
UI_20150317_000796	{@sti8}Puntos adquiribles hoy : {nl}%s{/}	{@sti8}오늘의 획득가능 점수 : {nl}%s{/}				
UI_20150317_000797	{@st41}Tienda de Puntos	{@st41}포인트샵				
UI_20150317_000798	{@st41}Ranking	{@st41}랭킹				
UI_20150317_000799	{@st42}Horario del campo de batalla	{@st42}배틀 필드 일정				
UI_20150317_000800	{@st42}Registros Recientes	{@st42}최근 전적				
UI_20150317_000801	{@st41}Recibir EXP	{@st41}경험치 받기				
UI_20150317_000802	{@st41}Página de PvP	{@st41}PVP페이지				
UI_20150317_000803	{@st41}Buscar	{@st41}검색				
UI_20150317_000804	{@st43}Rankings del Campo de Batalla	{@st43}배틀 필드 랭킹				
UI_20150317_000805	{@st59}Cerrar rankings del Campo de Batalla	{@st59}배틀 필드랭킹을 닫습니다.				
UI_20150317_000806	{@st56}Nombre de Habilidad{/}	{@st56}스킬이름{/}				
UI_20150317_000807	{@st41}Verificar coordenadas{/}	{@st41}좌표 확인{/}				
UI_20150317_000808	{@st41}Buscar{/}	{@st41}찾아가기{/}				
UI_20150317_000809	{@st42b}Gestionar regeneración de monstruos{/}	{@st42b}몬젠 관리{/}				
UI_20150317_000810	{@st42b}Lista de Monstruos{/}	{@st42b}몬스터 리스트{/}				
UI_20150317_000811	{@st42b}Crear UI{/}	{@st42b}UI 제작{/}				
UI_20150317_000812	{@st42b}Niebla del Mapa{/}	{@st42b}맵 포그{/}				
UI_20150317_000813	{@st42b}Crear Mapa{/}	{@st42b}맵 제작{/}				
UI_20150317_000814	{@st42b}Crear Minimapa{/}	{@st42b}미니맵 제작{/}				
UI_20150317_000815	{@st42b}Diálogo {/}	{@st42b}다이얼로그 {/}				
UI_20150317_000816	{@st42b}Cambiar Recompensas de Misión{/}	{@st42b}퀘스트 보상 수정{/}				
UI_20150317_000817	{@st42b}Regeneración de Grupo{/}	{@st42b}그룹젠{/}				
UI_20150317_000818	{@st42b}Establecer ubicación del mapa{/}	{@st42b}맵 위치지정{/}				
UI_20150317_000819	{@st42b}Mapa de habilidades{/}	{@st42b}스킬맵{/}				
UI_20150317_000820	{@st42b}Lista de eventos{/}	{@st42b}이벤트 목록{/}				
UI_20150317_000821	{@st42b}Verificar coordenadas{/}	{@st42b}좌표 확인{/}				
UI_20150317_000822	{@st42b} Verificar ruta de XAC, textura{/}	{@st42b}XAC,텍스쳐경로확인{/}				
UI_20150317_000823	{@st42b}Rendimiento ACTIVADO/DESACTIVADO{/}	{@st42b}퍼포먼스ONOFF{/}				
UI_20150317_000824	Lista de diálogos	대사 리스트				
UI_20150317_000825	Buscar	검색.				
UI_20150317_000826	{@st41}Vista Previa{/}	{@st41}미리보기{/}				
UI_20150317_000827	{@st41}Apagado{/}	{@st41}끄기{/}				
UI_20150317_000828	{@st41}Eliminar{/}	{@st41}제거{/}				
UI_20150317_000829	{@st41}Guardar todo{/}	{@st41}모두저장{/}				
UI_20150317_000830	{@st41}Aplicar imagen{/}	{@st41}그림적용{/}				
UI_20150317_000831	{#FFFFFF}{ds}Seleccionar Evento	 {#FFFFFF}{ds}이벤트선택				
UI_20150317_000832	{#FFFFFF}{ds}Editar Evento	 {#FFFFFF}{ds}이벤트편집				
UI_20150317_000833	{ol}Lista	{ol}리스트				
UI_20150317_000834	El nombre del grupo a guardar	저장할 그룹의 이름				
UI_20150317_000835	{@st42}Crear Nuevo{/}	{@st42}새로만들기{/}				
UI_20150317_000836	{@st41}Regeneración de Grupo{/}	{@st41}그룹젠{/}				
UI_20150317_000837	{@st59}Ingresa el nombre del monstruo a buscar{/}	{@st59}검색할 몬스터의 이름을 입력합니다{/}				
UI_20150317_000838	{@st59}Ingresa un nombre de grupo para guardar{/}	{@st59}저장할 그룹의 이름을 입력합니다{/}				
UI_20150317_000839	{@st41}Nuevo grupo{/}	{@st41}새 그룹{/}				
UI_20150317_000840	Filtrado	필터링				
UI_20150317_000841	{@st59}Ingresa un filtro{/}	{@st59}필터를 입력합니다{/}				
UI_20150317_000842	{ol}Valor de la Propiedad	{ol}속성 값				
UI_20150317_000843	Lista de Clases	클래스리스트				
UI_20150317_000844	Aplicar a XML	XML에 적용				
UI_20150317_000845	{#FFFFFF}{ds}Registro	 {#FFFFFF}{ds}로그				
UI_20150317_000846	{#FFFFFF}{ds}Ver todas las propiedades	 {#FFFFFF}{ds}모든속성보기 				
UI_20150317_000847	Ingresa una palabra clave para buscar	검색어를 입력합니다.				
UI_20150317_000848	Todos los valores de atributo	모든 속성 값				
UI_20150317_000849	{ol}Nombre	{ol}이름				
UI_20150317_000850	{ol}Valor	{ol}값				
UI_20150317_000851	Pícaro	로그				
UI_20150317_000852	{ol}Revisión	{ol}리비전				
UI_20150317_000853	{ol}Pícaro	{ol}로그				
UI_20150317_000854	lista de clases	클래스 리스트				
UI_20150317_000855	Conversión a XML	XML변환				
UI_20150317_000856	{ol}Nombre de la clase	{ol}클래스네임				
UI_20150317_000857	{ol}Nombre de la Propiedad	{ol}속성이름				
UI_20150317_000858	{ol}Valor cambiado	{ol}변경값				
UI_20150317_000859	{ol}Aplicar	{ol}반영				
UI_20150317_000860	Abrir Carpeta	폴더열기				
UI_20150317_000861	Marcar Todo	전체체크				
UI_20150317_000862	Historial	히스토리				
UI_20150317_000863	Valor de Reversión	값롤백				
UI_20150317_000864	{ol}Seleccionar objeto	{ol}아이템 선택				
UI_20150317_000865	Ingresa el nombre que deseas buscar	검색할 이름을 입력합니다.				
UI_20150317_000866	{@st42}Confirmar{/}	{@st42}확인{/}				
UI_20150317_000867	{@st41}Crear UI{/}	{@st41}UI 제작{/}				
UI_20150317_000868	{ol}Marco	{ol}프레임				
UI_20150317_000869	{@st41}Marco{/}	{@st41}프레임{/}				
UI_20150317_000870	{@st41}Botón{/}	{@st41}버튼{/}				
UI_20150317_000871	{@st41}Texto{/}	{@st41}텍스트{/}				
UI_20150317_000872	{@st42b}Normal{img btn_close}	{@st42b}일반{img btn_close}				
UI_20150317_000873	{@st42b}Subasta{img btn_close}	{@st42b}경매{img btn_close}				
UI_20150317_000874	{@st41}Establecer ubicación del mapa{/}	{@st41}맵 위치지정{/}				
UI_20150317_000875	{@st41}Renombrar{/}	{@st41}이름변경{/}				
UI_20150317_000876	{@st59}Ingresa las palabras que deseas filtrar{/}	{@st59}필터링할 내용을 입력합니다{/}				
UI_20150317_000877	{@st41}Crear{/}	{@st41}만들기{/}				
UI_20150317_000878	{@st56}Guardado XML{/}	{@st56}XML저장{/}				
UI_20150317_000879	{@st56}Reiniciar{/}	{@st56}초기화{/}				
UI_20150317_000880	{@st56}Atributo{/}	{@st56}속성{/}				
UI_20150317_000881	{@st56}Valor{/}	{@st56}값{/}				
UI_20150317_000882	{@st42}Contenido{/}	{@st42}내용{/}				
UI_20150317_000883	{@st41}Deshacer{/}	{@st41}되돌리기{/}				
UI_20150317_000884	{@st41}Guardar todo{/}	{@st41}모두 저장{/}				
UI_20150317_000885	{@st41}Abrir XML{/}	{@st41}XML열기{/}				
UI_20150317_000886	{@st42b}Habilidad Fija : 0{/}	{@st42b}고정스킬 : 0{/}				
UI_20150317_000887	{@st42b}Habilidad fija : %s{/}	{@st42b}고정스킬 : %s{/}				
UI_20150317_000888	{@st42b}Seguimiento del mouse{/}	{@st42b}마우스호밍{/}				
UI_20150317_000889	{@st42b}Nombre de habilidad{/}	{@st42b}스킬이름{/}				
UI_20150317_000890	{@st41}Lista de monstruos{/}	{@st41}몬스터 리스트{/}				
UI_20150317_000891	{@st41}Gestor de Rendimiento{/}	{@st41}퍼포먼스매니저{/}				
UI_20150317_000892	{ol}Seleccionar Misión	{ol}퀘스트 선택				
UI_20150317_000893	Ingresa el nombre de la misión a buscar	검색할 퀘스트 이름을 입력합니다.				
UI_20150317_000894	{ol}Seleccionar mapa	{ol}맵 선택				
UI_20150317_000895	Ingresa el nombre del mapa a buscar	검색할 맵의 이름을 입력합니다.				
UI_20150317_000896	{@st42}Mapa actual{/}	{@st42}현재맵{/}				
UI_20150317_000897	{ol}Nombre del mapa	{ol}맵이름				
UI_20150317_000898	{ol}Coordenadas	{ol}좌표				
UI_20150317_000899	{@st41}Cambiar recompensas de misión{/}	{@st41}퀘스트 보상 수정{/}				
UI_20150317_000900	{@st59}Ingresa una misión para buscar{/}	{@st59}검색할 퀘스트를 입력합니다{/}				
UI_20150317_000901	{@st59}Ingresa el objeto que deseas buscar{/}	{@st59}검색할 아이템을 입력합니다{/}				
UI_20150317_000902	{@st42}EXP	{@st42}경험치				
UI_20150317_000903	{ol}Recompensas básicas	{ol}기본 보상				
UI_20150317_000904	{ol}Cantidad	{ol}갯수				
UI_20150317_000905	{ol}Recompensas adicionales	{ol}추가 보상				
UI_20150317_000906	{@st45}Trucos usados frecuentemente	{@st45}자주 사용한 치트				
UI_20150317_000907	{@st41}Mapa de habilidades{/}	{@st41}스킬맵{/}				
UI_20150317_000908	{@st42}Habilidad{/}	{@st42}어빌리티{/}				
UI_20150317_000909	{@st42}Guerrero{/}	{@st42}전사{/}				
UI_20150317_000910	{@st42}Mago{/}	{@st42}위저드{/}				
UI_20150317_000911	{@st42}Arquero{/}	{@st42}궁수{/}				
UI_20150317_000912	{@st42}Monje{/}	{@st42}몽크{/}				
UI_20150317_000913	{@st42}Hechicero{/}	{@st42}소서러{/}				
UI_20150317_000914	{@st41}Habilidad{/}	{@st41}스킬반{/}				
UI_20150317_000915	{@st59}Carga XML{/}	{@st59}xml 로드{/}				
UI_20150317_000916	{@st41}Cargar{/}	{@st41}불러오기{/}				
UI_20150317_000917	{@st59}Guardar como XML{/}	{@st59}xml로 저장{/}				
UI_20150317_000918	{@st59}Reiniciar mapa de Habilidad Abierta{/}	{@st59}열려있는 스킬맵 리셋{/}				
UI_20150317_000919	{@st41}Reiniciar{/}	{@st41}리셋{/}				
UI_20150317_000920	{@st59}Reiniciar todos los mapas de Habilidad{/}	{@st59}모든 스킬맵 리셋{/}				
UI_20150317_000921	{@st41}Reiniciar Todo{/}	{@st41}모두리셋{/}				
UI_20150317_000922	{S18}Eliminar script	{s18}해제스크립트				
UI_20150317_000923	{S18}Argumento de cadena	{s18}문자열 인자				
UI_20150317_000924	{s18}argumento de cadena 1	{s18}숫자1 인자				
UI_20150317_000925	{s18}argumento de cadena 2	{s18}숫자2 인자				
UI_20150317_000926	{s18}Nivel máximo de habilidad	{s18}스킬 최대 레벨				
UI_20150317_000927	{@st59}Eliminar cuadro de tipo de script{/}	{@st59}해제 스크립트 입력창{/}				
UI_20150317_000928	{@st59}Eliminar argumento de script{/}	{@st59}해제 스크립트 인자{/}				
UI_20150317_000929	{@st59}Nivel máximo de habilidad{/}	{@st59}스킬 최대 레벨{/}				
UI_20150317_000930	{@st59}Guardar Propiedad{/}	{@st59}속성 저장{/}				
UI_20150317_000931	{@st41}Guardar Propiedad{/}	{@st41}속성 저장{/}				
UI_20150317_000932	{@st44}Lista de UI{/}	{@st44}UI 목록{/}				
UI_20150317_000933	{ds}Lista de Complementos	{ds}에드온 목록				
UI_20150317_000934	{ds}Lista de fotogramas fijos	{ds}고정프레임 목록				
UI_20150317_000935	{@st42}Lista de UI{/}	{@st42}UI 목록{/}				
UI_20150317_000936	{@st59}mostrar Lista de UI{/}	{@st59}UI 목록을 보여준다{/}				
UI_20150317_000937	{@st42}Ajustar ubicación{/}	{@st42}위치 조절{/}				
UI_20150317_000938	{@st59}Ajustar ubicación{/}	{@st59}위치조절{/}				
UI_20150317_000939	{@st42}Editar Propiedad{/}	{@st42}속성 편집{/}				
UI_20150317_000940	{@st59}Editar propiedad{/}	{@st59}속성편집{/}				
UI_20150317_000941	{@st42}Guardar{/}	{@st42}저장{/}				
UI_20150317_000942	{@st59}Guardar{/}	{@st59}저장{/}				
UI_20150317_000943	{@st44}Editar propiedades de UI{/}	{@st44}UI 속성 편집{/}				
UI_20150317_000944	{@St59}Selección de Personaje{/}	{@st59}캐릭터선택{/}				
UI_20150317_000945	{@St59}Cerrar Sesión{/}	{@st59}로그아웃{/}				
UI_20150317_000946	{@St59}Configuración{/}	{@st59}게임설정{/}				
UI_20150317_000947	{@St59}Salir{/}	{@st59}게임종료{/}				
UI_20150317_000948	{@st43}Configuración del Refugio{/}	{@st43}숙소 설정{/}				
UI_20150317_000949	{@st59}Cerrar{/}	{@st59}숙소 설정을 닫습니다{/}				
UI_20150317_000950	{@St42_b}{s18}{#f5c384}Nombre del Equipo{/}	{@st42_b}{s18}{#f5c384}팀 이름{/}				
UI_20150317_000951	{@st59}Ingresa el nombre del Equipo {/}	{@st59}원하는 팀 이름을 입력하세요{/}				
UI_20150317_000952	{@st59}Guardar Nombre de Equipo{/}	{@st59}팀 이름을 저장합니다{/}				
UI_20150317_000953	Eliminación Provisional	systemmenu_vertical 잠정삭제				
UI_20150317_000954	{@St59}Cerrar{/}	{@st59}배럭 꾸미기를 닫습니다{/}				
UI_20150317_000955	{@St43}Decoración del Refugio{/}	{@st43}배럭 꾸미기{/}				
UI_20150317_000956	{@St41b}Tema{/}	{@st41b}   테마   {/}				
UI_20150317_000957	{@St41b}Organización de Objetos{/}	{@st41b}   물품배치   {/}				
UI_20150317_000958	{@St41b}Nombre	{@st41b}이름				
UI_20150317_000959	{@St41b}Precio	{@st41b}가격				
UI_20150317_000960	{@St41b}Estado	{@st41b}상태				
UI_20150317_000961	{@St44}Nuevo Personaje{/}	{@st44}새 캐릭터{/}				
UI_20150317_000962	{@St41b}{s22}Seleccionar Clase de Personaje{/}	{@st41b}{s22}생성을 원하는 클래스를 선택하세요{/}				
UI_20150317_000963	{@St41b}Regresar{/}	{@st41b}생성 취소{/}				
UI_20150317_000964	{@St59}Regresar a tu Refugio sin crear un personaje	{@st59}캐릭터 생성을 취소합니다{/}				
UI_20150317_000965	Cambiar Personaje	캐릭터선택				
UI_20150317_000966	{@St41}Personaje{/}	{@st41}캐릭터{/}				
UI_20150317_000967	{@St59}Rotar en sentido horario{/}	{@st59}오른쪽으로 회전{/}				
UI_20150317_000968	{@St59}Rotar en sentido antihorario{/}	{@st59}왼쪽으로 회전{/}				
UI_20150317_000969	{@St43b}Rotación de Personaje{/}	{@st43b}캐릭터 회전{/}				
UI_20150317_000970	{@st43}Nombre del Personaje{/}	{@st43}캐릭터 이름{/}				
UI_20150317_000971	Ingresa un nombre{@st59} {/}	{@st59}이름을 입력합니다{/}				
UI_20150317_000972	{@St43b}Elegir Género{/}	{@st43b}성별 선택{/}				
UI_20150317_000973	{@St59}Femenino{/}	{@st59}여성{/}				
UI_20150317_000974	{@St59}Masculino{/}	{@st59}남성{/}				
UI_20150317_000975	{@st43b}Elegir Peinado{/}	{@st43b}헤어 선택{/}				
UI_20150317_000976	{@st59}Peinado 1{/}	{@st59}헤어1{/}				
UI_20150317_000977	{@st59}Peinado 2{/}	{@st59}헤어2{/}				
UI_20150317_000978	{@St59}Peinado 3{/}	{@st59}헤어3{/}				
UI_20150317_000979	{@st59}Peinado 4{/}	{@st59}헤어4{/}				
UI_20150317_000980	{@st59}Peinado 5{/}	{@st59}헤어5{/}				
UI_20150317_000981	{@st59}Peinado 6{/}	{@st59}헤어6{/}				
UI_20150317_000982	{@st59}Peinado 7{/}	{@st59}헤어7{/}				
UI_20150317_000983	{@st59}Peinado 8{/}	{@st59}헤어8{/}				
UI_20150317_000984	{@st59}Peinado 9{/}	{@st59}헤어9{/}				
UI_20150317_000985	{@st59}Peinado 10{/}	{@st59}헤어10{/}				
UI_20150317_000986	{@St43b}Selecciona una clase{/}	{@st43b}클래스 선택{/}				
UI_20150317_000987	{@st59}Espadachín{/}	{@st59}소드맨{/}				
UI_20150317_000988	{@st59}Mago{/}	{@st59}위저드{/}				
UI_20150317_000989	{@st59}Arquero{/}	{@st59}아처{/}				
UI_20150317_000990	{@st59}Clérigo{/}	{@st59}클레릭{/}				
UI_20150317_000991	{@St41b}Visitar Cuartel {/}	{@st41b}배럭방문{/}				
UI_20150317_000992	{@St59}Visitar el Cuartel de otro jugador.{/}	{@st59}다른 사람의 배럭을 방문합니다.{/}				
UI_20150317_000993	{@St41b}Cerrar Sesión{/}	{@st41b}로그아웃{/}				
UI_20150317_000994	{@St59}Ir a la pantalla de inicio de sesión{/}	{@st59}로그인 화면으로 이동합니다{/}				
UI_20150317_000995	{@St41b}Salir del Juego{/}	{@st41b}게임종료{/}				
UI_20150317_000996	{@St59}Salir de Tree of Savior{/}	{@st59}게임을 종료합니다{/}				
UI_20150317_000997	{@st41b}Seleccionar Canal{/}	{@st41b}게임을 시작할 채널을 선택하세요{/}				
UI_20150317_000998	{@st43}Entrar{/}	{@st43}게임 시작{/}				
UI_20150317_000999	{@St59}Iniciar el juego con el personaje seleccionado{/}	{@st59}선택한 캐릭터로 게임을 시작합니다{/}				
UI_20150317_001000	{@St43}{s26}Nombre del Equipo{/}	{@st43}{s26}팀 이름{/}				
UI_20150317_001001	{@st59}Nombre de Equipo{/}	{@st59}팀 이름{/}				
UI_20150317_001002	{@st41b}Cambiar Nombre de Equipo{/}	{@st41b}팀 이름 변경{/}				
UI_20150317_001003	{@st59}Cambiar Nombre de Equipo{/}	{@st59} 팀 이름을 변경합니다{/}				
UI_20150317_001004	{@St41}Compañero{/}	{@st41}컴패니언{/}				
UI_20150317_001005	Arrastre de Chat	채팅 드래그				
UI_20150317_001006	{@St44}Nuevo Nombre de Diálogo{/}	{@st44}새로운 대화창 이름{/}				
UI_20150317_001007	{@St42}Cambiar{/}	{@st42}변경{/}				
UI_20150317_001008	{@St44}Nuevo Nombre de Ventana{/}	{@st44}새로운 창 이름{/}				
UI_20150317_001009	{@St43}{s40}{gr gradation4}Creación de Personaje{/}	{@st43}{s40}{gr gradation4}캐릭터 생성{/}				
UI_20150317_001010	{@St59}Crear un personaje{/}	{@st59}캐릭터를 생성합니다{/}				
UI_20150317_001011	{@St59}Cancelar creación de personaje{/}	{@st59}생성을 취소합니다{/}				
UI_20150317_001012	{@St59}Cerrar{/}	{@st59}팀 이름 입력을 닫습니다{/}				
UI_20150317_001013	{@St59}Crear un equipo con el nombre ingresado{/}	{@st59}입력한 이름으로 팀을 생성합니다{/}				
UI_20150317_001014	{@St43}{s30}{#f0dcaa}¡Ingresa el Nombre de tu Equipo!	{@st43}{s30}{#f0dcaa}팀 이름 입력!				
UI_20150317_001015	{@St41b}El nombre de tu Equipo es un nombre que representa a todos tus personajes.{nl}Este nombre se usará universalmente durante el comercio, ingreso a gremio, conversación y más.{nl}         El Nombre de Equipo se puede cambiar en cualquier momento usando 150 TP.{/}	{@st41b} 팀 이름은 모든 캐릭터를 대표하는 이름입니다.{nl}자유롭게 바꿀 수 있는 팀 이름은 거래, 길드 가입, 대화 등에 사용되는 공용 이름입니다.{/}				
UI_20150317_001016	Cargando fondo	로딩 배경				
UI_20150317_001017	Consejo	팁				
UI_20150317_001018	Consejos del Juego	게임팁				
UI_20150317_001019	Iniciar Sesión	로그인				
UI_20150317_001020	ID de Cuenta	계정				
UI_20150317_001021	{@st59}Ingresa tu ID de Cuenta{/}	{@st59}계정을 입력 하십시오{/}				
UI_20150317_001022	Contraseña	비밀번호				
UI_20150317_001023	{@St59}Ingresa tu contraseña{/}	{@st59}비밀 번호를 입력하십시오{/}				
UI_20150317_001024	{@St43}Entrar{/}	{@st43}게임 접속{/}				
UI_20150317_001025	{@St59}Conectar al servidor seleccionado{/}	{@st59}선택한 서버에 접속합니다{/}				
UI_20150317_001026	{@st41b}Repetir{/}	{@st41b}리플레이{/}				
UI_20150317_001027	{@st41b}Modo Individual{/}	{@st41b}싱글 모드{/}				
UI_20150317_001028	{@St41b}Salir del Juego{/}	{@st41b}게임 종료{/}				
UI_20150317_001029	Guardar	저장				
UI_20150317_001030	{@St59}Si está marcado, tu cuenta se guardará{/}	{@st59}체크하면 계정을 저장합니다{/}				
UI_20150317_001031	Lista de Servidores	서버 목록				
UI_20150317_001032	{@St59}Seleccionar Servidor{/}	{@st59}접속을 원하는 서버를 선택하여 주세요{/}				
UI_20150317_001033	Título de Inicio de Sesión	로그인타이틀				
UI_20150317_001034	[Versión Beta Cerrada]	[클로즈 베타 테스트 버전]				
UI_20150317_001035	Opciones	옵션				
UI_20150317_001036	Rango de Visibilidad	시야거리				
UI_20150317_001037	{S20}{#BBBBBB}Rango de Visibilidad	{s20}{#BBBBBB}시야 거리				
UI_20150317_001038	Rango de Visibilidad :	시야 거리 :				
UI_20150317_001039	Personaje :	캐릭터 :				
UI_20150317_001040	Objetos de Fondo :	배경 오브젝트 :				
UI_20150317_001041	Topografía - Hierba (%) :	지형-풀(%) :				
UI_20150317_001042	Topografía-Árbol (%) :	지형-트리 (%) :				
UI_20150317_001043	Topografía-objetos(%) :	지형-오브젝트(%) :				
UI_20150317_001044	Sombra	섀도우				
UI_20150317_001045	{S20}{#BBBBBB}Mapeo de Sombras	{s20}{#BBBBBB}섀도우맵				
UI_20150317_001046	Activar Mapeo de Sombras	섀도우맵 사용				
UI_20150317_001047	Calidad de Sombra :	섀도우 품질 :				
UI_20150317_001048	Uso de SSAO	SSAO 사용				
UI_20150317_001049	Método SSAO :	SSAO 방식 :				
UI_20150317_001050	Resolución SSAO :	SSAO 해상도 :				
UI_20150317_001051	Reflejo de Agua	물반사				
UI_20150317_001052	{s20}{#BBBBBB}Reflejo de Agua	{s20}{#BBBBBB}물 반사				
UI_20150317_001053	Reflejo de Agua de Personajes	캐릭터 물반사				
UI_20150317_001054	Reflejo de Agua de Fondo	배경 물반사				
UI_20150317_001055	{s20}{#BBBBBB}Configuración de Brillo	{s20}{#BBBBBB}Glow 설정				
UI_20150317_001056	Activar Brillo	Glow 사용				
UI_20150317_001057	{@st41}Ataque{/}	{@st41}공격력{/}				
UI_20150317_001058	{@St41}Defensa{/}	{@st41}방어력{/}				
UI_20150317_001059	{@st41}Apoyo{/}	{@st41}보조{/}				
UI_20150317_001060	{@st41}Dificultad{/}	{@st41}난이도{/}				
UI_20150317_001061	{@st41}Peinado	{@st41}헤 어				
UI_20150317_001062	{@st41}Rotación	{@st41}회 전				
UI_20150317_001063	{@st43}Crear Personaje	{@st43}캐릭터 생성				
UI_20150317_001064	{@st59}Crear Personaje Actual{/}	{@st59}설정대로 캐릭터를 생성합니다{/}				
UI_20150317_001065	{@st41b}Cancelar	{@st41b}선택 취소				
UI_20150317_001066	{@st59}Cancelar Selección de Personaje{/}	{@st59}캐릭터 선택을 취소합니다{/}				
UI_20150317_001067	Información del Personaje	캐릭터정보				
UI_20150317_001068	{@st41}Llevar Conmigo	{@st41}함께하기				
UI_20150317_001069	{@st59}Después de hacer clic en esto, selecciona un personaje para que el compañero te siga{/}	{@st59}클릭후 캐릭터를 선택하면 컴패니언이 따라다닙니다{/}				
UI_20150317_001070	UI de Creación de Objeto	아이템 생성 UI				
UI_20150317_001071	{s24}Nombre :	{s24}이름 : 				
UI_20150317_001072	{s16} FUE :	{s16} 힘 : 				
UI_20150317_001073	{s16} HP :	{s16} 체력 : 				
UI_20150317_001074	{s16} AGI :	{s16} 민첩 : 				
UI_20150317_001075	{s16} VIT :	{s16} 기력 : 				
UI_20150317_001076	{s16} Fuerza :	{s16} 도력 : 				
UI_20150317_001077	{s18} Selección de Clase	{s18} 직업선택				
UI_20150317_001078	{s18} Unión del Camino Correcto	{s18} 정도연맹				
UI_20150317_001079	{s18} Unión del Mal de la Providencia	{s18} 천명마교				
UI_20150317_001080	Hong Moo Moon	홍무문				
UI_20150317_001081	Dae Do Cheon	대도천				
UI_20150317_001082	Espadas de Fuego	화선도				
UI_20150317_001083	Para hwageuk de adenomas	용화극선종				
UI_20150317_001084	Sexo de perforación	천자성				
UI_20150317_001085	Yeonhwagyo	연화교				
UI_20150317_001086	{S16}Género y Apariencia	{s16}성별 및 외모				
UI_20150317_001087	Hombre	남				
UI_20150317_001088	Mujer	여				
UI_20150317_001089	Ajuste de Cabello	머리 조절				
UI_20150317_001090	Ajuste de Teclas	키 조절				
UI_20150317_001091	Ancho de Hombros	어깨 넓이				
UI_20150317_001092	Tamaño de pies y manos	손, 발 크기				
UI_20150317_001093	Tamaño de pecho	가슴 사이즈				
UI_20150317_001094	Tamaño de cintura	허리 사이즈				
UI_20150317_001095	Tamaño de cadera	골반 사이즈				
UI_20150317_001096	{S18} Tamaño de Cabeza	{s18} 머리크기				
UI_20150317_001097	{S14} Ajuste de Altura	{s14} 키 조절				
UI_20150317_001098	{S14} Ancho de Hombros	{s14} 어깨 넓이				
UI_20150317_001099	{S14} Tamaño de pies y manos	{s14} 손, 발 크기				
UI_20150317_001100	{S14} Tamaño de pecho	{s14} 가슴 사이즈				
UI_20150317_001101	{S14} Tamaño de cintura	{s14} 허리 사이즈				
UI_20150317_001102	{S14} Talla Pélvica	{s14} 골반 사이즈				
UI_20150317_001103	Usar Preajuste	미리설정값				
UI_20150317_001104	Aleatorizar	임의설정값				
UI_20150317_001105	Crear Nuevo Personaje	신규 인물 생성				
UI_20150317_001106	Cancelar Creación de Personaje	인물 생성 취소				
UI_20150317_001107	{@St43}{s40}{gr gradation4}Iniciar Juego{/}	{@st43}{s40}{gr gradation4}게임 시작{/}				
UI_20150317_001108	{@St43}{s40}{gr gradation4}Finalizar previsualización{/}	{@st43}{s40}{gr gradation4}미리보기 종료{/}				
UI_20150317_001109	{@St43}{s40}{gr gradation4}Regresar a la Zona{/}	{@st43}{s40}{gr gradation4}존으로돌아가기{/}				
UI_20150317_001110	{@St59}Regresar a la Zona.{/}	{@st59}다시 존으로 들어갑니다.{/}				
UI_20150317_001111	{@St41b}Regresar{/}	{@st41b}돌아가기{/}				
UI_20150317_001112	{@St59}Regresar a Mi Refugio.{/}	{@st59}나의 배럭으로 돌아갑니다.{/}				
UI_20150317_001113	{@St43}{s24}NombreDelRefugio{/}	{@st43}{s24}배럭 이름{/}				
UI_20150317_001114	{@St59}Nombre del Refugio{/}	{@st59}배럭 이름{/}				
UI_20150317_001115	{@st41b}Decorar{/}	{@st41b}꾸미기{/}				
UI_20150317_001116	{@St59}Decorar Refugio{/}	{@st59}배럭 꾸미기{/}				
UI_20150317_001117	{@St41b}Configuración{/}	{@st41b}설  정{/}				
UI_20150317_001118	{@St59}Configuración del Cuartel{/}	{@st59}배럭 설정{/}				
UI_20150317_001119	Marco de Objeto Personalizado	커스터마이즈 아이템 프레임				
UI_20150317_001120	Verde	녹색				
UI_20150317_001121	Densidad	밀도				
UI_20150317_001122	Como HP	체력이라던가				
UI_20150317_001123	{@st59}Accesorios para el Cabello{/}	{@st59}헤어악세서리{/}				
UI_20150317_001124	{@st59}Accesorios Subsidiarios{/}	{@st59}보조악세서리{/}				
UI_20150317_001125	{@St42}Texto{/}	{@st42}텍스트{/}				
UI_20150317_001126	Nombre de contenido básico	기본 콘텐츠 이름				
UI_20150317_001127	Nombre de grupo básico	기본 그룹 이름				
UI_20150317_001128	Nombre de objeto básico	기본 아이템 이름				
UI_20150317_001129	Sr. Kim	김평직				
UI_20150317_001130	Peso : %s	무게 : %s				
UI_20150317_001131	N/D	별별벼려별				
UI_20150317_001132	%s raza	%s 종족				
UI_20150317_001133	N/D	표례스텨(싱뮬형)				
UI_20150317_001134	No Comerciable	거래 불가				
UI_20150317_001135	No se puede mejorar	강화 불가				
UI_20150317_001136	N/D	별별별별				
UI_20150317_001137	Nombre del Objeto	템이름				
UI_20150317_001138	N/D	이 템을 착용하면 어쩌고 저쩌고				
UI_20150317_001139	Nv. y superior	레벨 몇 이상				
UI_20150317_001140	Todos pueden equipar	누구는 장착 가능				
UI_20150317_001141	Engarces Máximos : ×%s	최대 소캣 %s개				
UI_20150317_001142	Nombre del Objeto	아이템 이륨				
UI_20150317_001143	Valor de Venta : %s de plata	상점 판매 가격 : %s 실버				
UI_20150317_001144	Cuánto	얼마				
UI_20150317_001145	{@St42b}Tasa de Exploración Completa de Siauliai{/}	{@st42b}샤울레이 전체 탐사율{/}				
UI_20150317_001146	{@St42b}Área del Bosque del Oeste Explorada{/}	{@st42b}서쪽숲 탐사율{/}				
UI_20150317_001147	{@St18}Objeto{/}	{@st18}아이템{/}				
UI_20150317_001148	{@St18}Mi Ranking{/}	{@st18}내 순위{/}				
UI_20150317_001149	Diamante	다이야				
UI_20150317_001150	Resistencia +9.000	체력 플러스 구천				
UI_20150317_001151	{@St18}Promedio{/}	{@st18}평균{/}				
UI_20150317_001152	{@St42b}{s18}Manufactura{/}	{@st42b}{s18}숙련도{/}				
UI_20150317_001153	{@St55_c}Nombre del Objeto	{@st55_c}아이템 이름				
UI_20150317_001154	{@St55_c}Registros de Notas	{@st55_c}메모 기록				
UI_20150317_001155	{@St59}Ingresa un nombre. Si no ingresas un nombre, se usará el nombre predeterminado.{/}	{@st59}이름을 입력합니다. 입력하지 않을경우 기본이름으로 제작됩니다.{/}				
UI_20150317_001156	{@St59}Introduce una descripción{/}	{@st59}메모를 입력합니다{/}				
UI_20150317_001157	{@St43}Fabricar objetos	{@st43}아이템 제작				
UI_20150317_001158	{@st42b}%s Puntos {/}	{@st42b}%s 점{/}				
UI_20150317_001159	{@st42b}%s{/}	{@st42b}%s 개{/}				
UI_20150317_001160	{@st42b}%s Puntos {/}	{@st42b}%s점{/}				
UI_20150317_001161	{@st42b}%s{/}	{@st42b}%s개{/}				
UI_20150317_001162	{S16}{ol}por precio	{s16}{ol}개당 가격				
UI_20150317_001163	Precio Total : 1	총 가격 :   1				
UI_20150317_001164	{@St41}Ayuda	{@st41}도움말				
UI_20150317_001165	{@St41}Descripción de la Foto	{@st41}사진에 대한 설명				
UI_20150317_001166	{@St41}Registro	{@st41}등록				
UI_20150317_001167	{@St41}Nombre	{@st41}이  름				
UI_20150317_001168	{@St41}Mensaje	{@st41}메세지				
UI_20150317_001169	{@St43}Nombre{/}	{@st43}이  름{/}				
UI_20150317_001170	{@St41b}Mensaje{/}	{@st41b}메세지{/}				
UI_20150317_001171	{@St42b}Iniciar Sesión{/}	{@st42b}로그인{/}				
UI_20150317_001172	{@St41}Crear una nueva conversación	{@st41}새 대화 만들기				
UI_20150317_001173	{@St41}Conversación Completa	{@st41}전체 대화				
UI_20150317_001174	Nombre de la Región	지역이름				
UI_20150317_001175	{@St41}Nombres de Habilidades	{@st41}스킬이름				
UI_20150317_001176	{@St41}Puntos de Atributo	{@st41}특성포인트				
UI_20150317_001177	{@St41}Nombre de la Clase	{@st41}클래스이름				
UI_20150317_001178	Nombre del Personaje	케릭터 이름				
UI_20150317_001179	{@Sti7}Eliminar{/}	{@sti7}삭제{/}				
UI_20150317_001180	Nivel del Personaje	케릭터 레벨				
UI_20150317_001181	{@St42}Compartir Misión{/}	{@st42}퀘스트공유{/}				
UI_20150317_001182	{@St42}Compartir EXP{/}	{@st42}경험치공유{/}				
UI_20150317_001183	Nota del Personaje	케릭터 메모				
UI_20150317_001184	Nivel Promedio de Grupo : {#FFFF00}%s{/}	파티 평균레벨 : {#FFFF00}%s{/}				
UI_20150317_001185	Buscando : {#FFFF00}%s{/}	찾는 파티원 : {#FFFF00}%s{/}				
UI_20150317_001186	Clérigo / Arquero	성직자 / 궁수				
UI_20150317_001187	Compartir Misión : {#FFFF00}%s{/}	퀘스트 공유 : {#FFFF00}%s{/}				
UI_20150317_001188	N/D	사아용				
UI_20150317_001189	Distribución de EXP : {#FFFF00}%s{/}	경험치 분배규칙 : {#FFFF00}%s{/}				
UI_20150317_001190	Equitativamente	규운등 분배				
UI_20150317_001191	Distribución de Objetos : {#FFFF00}%s{/}	아이템 분배규칙 : {#FFFF00}%s{/}				
UI_20150317_001192	Aleatoriamente	래앤덤하게 분배				
UI_20150317_001193	Cómo hacer	어떻게하면내가				
UI_20150317_001194	No ves quién es	누군지모를까				
UI_20150317_001195	{@st41b}Diario de Aventuras Actualizado	{@st41b}모험일지에 등록되었습니다.				
UI_20150317_001196	Objetos de Menú para Misión	퀘스트용 메뉴오브젝트				
UI_20150317_001197	Categorías de Misión	퀘스트의 카테고리				
UI_20150317_001198	Lista de Objetos de Misión	퀘스트의 리스트 오브젝트				
UI_20150317_001199	N/D	퀘스트의 리스트 오브젝트-여기까지는 옛날꺼임				
UI_20150317_001200	Línea usada en el mapa de ruta	로드맵에서 사용하는 라인				
UI_20150317_001201	Ranura de Objeto_Estándar	슬롯 오브젝트_일반용				
UI_20150317_001202	Ranura de Objeto_Ranura de Efectivo	슬롯 오브젝트_캐시슬롯				
UI_20150317_001203	Detalles del Personaje Tipo 1	캐릭터 상세 정보 타입1				
UI_20150317_001204	Detalles del Personaje Tipo 2	캐릭터 상세 정보 타입2				
UI_20150317_001205	Lista de Inventario Tipo 1	인벤토리 리스트 타입1				
UI_20150317_001206	Lista de Inventario Tipo 2	인벤토리 리스트 타입2				
UI_20150317_001207	Tipo de Ranura de Inventario	인벤토리 슬롯 타입				
UI_20150317_001208	Ver detalles del objeto en el Mercado	마켓에서 아이템 보기_디테일				
UI_20150317_001209	Salida del nombre de objeto	아이템 이름 출력				
UI_20150317_001210	Salida del número restante	남아 있는 개수를 출력				
UI_20150317_001211	Salida del Valor	값을 출력				
UI_20150317_001212	Cuando tu lo añades al carro	카트에 담았을 때				
UI_20150317_001213	Salida del valor total	총합을 출력				
UI_20150317_001214	Para salida de objetos	아이템 출력용				
UI_20150317_001215	Salida del precio unitario	단가출력				
UI_20150317_001216	Categoría del objeto	아이템 카테고리				
UI_20150317_001217	Noticias	새 소식				
UI_20150317_001218	{@St42b}Reiniciar{/}	{@st42b}재시작{/}				
UI_20150317_001219	Peltang Stang	펠탕스탕				
UI_20150317_001220	Círculo 99	99 서클				
UI_20150317_001221	Derrota a 8 Vubbe Furiosos	부베 망나니 8마리 처치				
UI_20150317_001222	Información Emergente	툴팁				
UI_20150317_001223	EXP: sad{br}+1 Cristal de Encantamiento (Ataque)	EXP : sad{br}+1 인챈트 크리스탈 (공격)				
UI_20150317_001224	Espada de Aprendiz	어프렌티스 소드				
UI_20150317_001225	Durabilidad de eeparación :	수리 내구도 :				
UI_20150317_001226	Costo de Reparación : 120 de plata	수리비용 : 120 실버				
UI_20150317_001227	Costo de Reparación : %s de plata	수리비용 : %s 실버				
UI_20150317_001228	{@st42b}Número de pujas {@sti7}%s{/}	{@st42b}입찰수 {@sti7}%s{/}				
UI_20150317_001229	{@st42b}Precio Actual {img icon_item_silver 20 20}{@st57}%s{/}	{@st42b}현재가 {img icon_item_silver 20 20}{@st57}%s{/}				
UI_20150317_001230	{@St41}¡Comprar de inmediato! {Img icon_item_silver 20 20}{@st57}%s{/}	{@st41}바로 구매! {img icon_item_silver 20 20}{@st57}%s{/}				
UI_20150317_001231	{@St41b}Recibir objetos{/}	{@st41b}아이템 수령{/}				
UI_20150317_001232	{@st42b} Precio de Puja {img icon_item_silver 20 20}{@st57}%s{/}	{@st42b}입찰금 {img icon_item_silver 20 20}{@st57} %s{/}				
UI_20150317_001233	{@Sti7}Regresar	{@sti7}반환				
UI_20150317_001234	{@St59}Cabeza{/}	{@st59}머리{/}				
UI_20150317_001235	{@St59}Brazalete Izquierdo{/}	{@st59}왼팔찌{/}				
UI_20150317_001236	{@St59}Brazalete Derecho{/}	{@st59}오른팔찌{/}				
UI_20150317_001237	{@St59}Trajes{/}	{@st59}의상{/}				
UI_20150317_001238	{@st59}Anillo 2{/}	{@st59}링2{/}				
UI_20150317_001239	Nombre de la Mascota	펫이름				
UI_20150317_001240	Paquete Chandler	잡화상 묶음				
UI_20150317_001241	Bosque del oeste etc...	서쪽숲등				
UI_20150317_001242	Consumir TP	NXP 소모				
UI_20150317_001243	Nombre de Categoría	카테고리이름				
UI_20150317_001244	Esto es una Ayuda	도움말 입니당				
UI_20150317_001245	{@Sti7}%s Puntos{/}	{@sti7}%s 점{/}				
UI_20150317_001246	{@st41b}%s Puntuación	{@st41b}%s 점수				
UI_20150317_001247	Completar Misión 25	퀘스트 클리어 25개				
UI_20150317_001248	[Sub]Bosque Thron	- [서브] 가시숲				
UI_20150317_001249	{@St42}Objeto Equipado	{@st42}장착 아이템				
UI_20150317_001250	{@St44}Información de Clase de Rango %s{/}	{@st44}%s랭크 클래스 정보{/}				
UI_20150317_001251	Alarma de ascensión	몇차 전직 정보				
UI_20150317_001252	Como Corazón	하트라던가				
UI_20150317_001253	N/D	쇼드뮨				
UI_20150317_001254	Nivel %s	%s 레벨				
UI_20150317_001255	Nota : {#666666}%s	메모 : {#666666}%s				
UI_20150317_001256	Ayase	아야세				
UI_20150317_001257	Relación con %s	%s 님과의 관계 배지				
UI_20150317_001258	{#FFFF33}%s{/} quiere ser tu amigo{/}	{#FFFF33}%s{/} 님이 친구로 초대하였습니다{/}				
UI_20150317_001259	{@St41b}Aceptar	{@st41b}수락				
UI_20150317_001260	{@St41b}Rechazar	{@st41b}거절				
UI_20150317_001261	{@St53b}Cargando tu lista de amigos.	{@st53b}친구 목록을 로딩중입니다.				
UI_20150317_001262	Nivel %s{/}	레벨 %s{/}				
UI_20150317_001263	{@st41} Cancelar	{@st41}취소				
UI_20150317_001264	Por favor añade el buff a vender.	판매할 버프를 등록해주세요.				
UI_20150317_001265	Precio : %s{/}	가격 : %s{/}				
UI_20150317_001266	Cantidad Restante	남은갯수				
UI_20150317_001267	{@St41}Compra	{@st41}구매				
UI_20150317_001268	Cantidad Restante : %s {/}	남은갯수 : %s{/}				
UI_20150317_001269	{@St41}Objeto{/}	{@st41}아이템{/}				
UI_20150317_001270	{@St41b} Nota	{@st41b}메모				
UI_20150317_001271	{@St41b}Fabricar	{@st41b}제작				
UI_20150317_001272	{@St41b}Precio : %s{/}	{@st41b}가격 : %s{/}				
UI_20150317_001273	{@Sti5}Precio : %s{/}	{@sti5}가격 : %s{/}				
UI_20150317_001274	{@Sti9} Misión de Grupo (%s){/}	{@sti9}파티원 퀘스트 (%s){/}				
UI_20150317_001275	{@st41_yellow} Tasa de Exploración: %s% {/}	{@st41_yellow}탐색율 %s%{/}				
UI_20150317_001276	{@st41_yellow} Puntuación: %s {/}	{@st41_yellow}획득점수 %s{/}				
UI_20150317_001277	{@st42b}{b}Tasa de Logro{/}	{@st42b}{b}달성율{/}				
UI_20150317_001278	{@st59}Unirse a Misión de Grupo{/}	{@st59}파티 퀘스트 진행을 수락합니다{/}				
UI_20150317_001279	Ventanas	윈도우				
UI_20150317_001280	Estado	스테이더스				
UI_20150317_001281	Pestaña	탭				
UI_20150317_001282	Objeto de Imagen	이미지아이템				
UI_20150317_001283	Efecto	이펙트				
UI_20150317_001284	Configuración de Controles	컨트롤셋				
UI_20150317_001285	{@St41}Dificultad : %s	{@st41}난이도 : %s				
UI_20150317_001286	{@St42}Tiempo Restante : %s	{@st42}남은 시간 : %s				
UI_20150317_001287	{@St53}Fabricación de Objeto	{@st53}제조 중인 아이템				
UI_20150323_001288	{@st59}Coloca tu objeto aquí{/}	{@st59}아이템을 올려주세요{/}				
UI_20150323_001289	{@st42}Cancelar	{@st42}취 소				
UI_20150323_001290	{@st42}Confirmar	{@st42}확 인				
UI_20150323_001291	{@st43}Briquetado{/}	{@st43}브리케팅{/}				
UI_20150323_001292	Potencial Actual	현재 포텐셜				
UI_20150323_001293	Material Consumible	소비 재료				
UI_20150323_001294	Cantidad a Consumir	소비 갯수				
UI_20150323_001295	Cantidad Disponible	보유 갯수				
UI_20150323_001296	{@sti6}Registro de Transacción	{@sti6}거래 기록				
UI_20150323_001297	{@st43}Campamento Base	{@st43}거점				
UI_20150323_001298	Título del Cartel	간판 제목				
UI_20150323_001299	{@st43}Construir	{@st43}건설				
UI_20150323_001300	{@stc1}Duración del Campamento Base	{@stc1}거점 유지 시간				
UI_20150323_001301	{@stc1}Efecto	{@stc1}효과				
UI_20150323_001302	{@stc1}Materiales y Precio	{@stc1}소비재료 및 비용				
UI_20150323_001303	{@st41b}Campamento Base	{@st41b}거점				
UI_20150323_001304	{@st41b}Registro	{@st41b}로그				
UI_20150323_001305	{@st41b}Renovar	{@st41b}시간 갱신				
UI_20150323_001306	{@st59}Renueva el tiempo de duración.{/}	{@st59}유지 시간을 갱신합니다{/}				
UI_20150323_001307	{@st41b}Duración del Campamento Base	{@st41b}거점 유지 시간				
UI_20150323_001308	{@st41b}Efecto	{@st41b}효과				
UI_20150323_001309	{@st42b}Un Campamento Base tiene una duración de 24h adicionales cuando se renueva. Consume %s plata.	{@st42b}갱신시 24시간 추가 거점이 유지되며 %s실버가 소모됩니다.				
UI_20150323_001310	{@st41b}Almacén Personal	{@st41b}개인 창고				
UI_20150323_001311	{@stc1}Guardar y sacar objetos del almacén cuesta %s de plata.{/}	{@stc1}창고에 물품을 보관하고 찾을시에 %s실버가 소모됩니다.{/}				
UI_20150323_001312	{@st41}{#ffff00}Fijar Objetivo{/}	{@st41}{#ffff00}타겟 고정{/}				
UI_20150323_001313	{@st43}Mesa de Refrigerio	{@st43}배식 테이블				
UI_20150323_001314	{@st41b}Tipo de comida	{@st41b}음식종류				
UI_20150323_001315	{@st41b}Mesa	{@st41b}테이블				
UI_20150323_001316	{@st59}Cerrar{/}	{@st59}배식테이블을 닫습니다{/}				
UI_20150323_001317	{@st43}Grimorio{/}	{@st43}그리모어{/}				
UI_20150323_001318	{@st59}Cerrar{/}	{@st59}그리모어 UI를 닫습니다{/}				
UI_20150323_001319	Mi Habilidad de Invocación	내 소환 스킬				
UI_20150323_001320	Carta Principal	메인 카드				
UI_20150323_001321	Carta Secundaria	보조카드				
UI_20150323_001322	Estadística	스텟				
UI_20150323_001323	CON	콘				
UI_20150323_001324	INT	인트				
UI_20150323_001325	DES	덱스				
UI_20150323_001326	CRT	크리				
UI_20150323_001327	{@st43}Configurar Tienda{/}	{@st43}상점 개설{/}				
UI_20150323_001328	{@st41b}Configuración	{@st41b}설정				
UI_20150323_001329	Precio Unitario	개당 가격				
UI_20150323_001330	{@st41b}Lista de Materiales	{@st41b}재료 목록				
UI_20150323_001331	{@st43}Tostado de Gema{/}	{@st43}젬로스팅{/}				
UI_20150323_001332	{@st59}Cerrar{/}	{@st59}UI를 닫습니다{/}				
UI_20150323_001333	{@st41b}Reparar{/}	{@st41b}손질{/}				
UI_20150323_001334	{@st41b}Registro{/}	{@st41b}로그{/}				
UI_20150323_001335	Precio a recibir	받는 가격				
UI_20150323_001336	{@st59}Coloca una Gema{/}	{@st59}젬을 올려주세요{/}				
UI_20150323_001337	Material Consumible	소비재료				
UI_20150323_001338	Cantidad Restante	남은 갯수				
UI_20150323_001339	{@st42}Cerrar	{@st42}폐점				
UI_20150323_001340	{@st43}Mantenimiento de Arma{/}	{@st43}무기 손질{/}				
UI_20150323_001341	{@st43}Mantenimiento de Equipo{/}	{@st43}장비 손질{/}				
UI_20150323_001342	{@st41b}Precio a recibir	{@st41b}받는 가격				
UI_20150323_001343	{@st41b}Materiales	{@st41b}소비재료				
UI_20150323_001344	{@st43}Reparar{/}	{@st43}수 리{/}				
UI_20150323_001345	{@st41b}Reparar{/}	{@st41b}수리{/}				
UI_20150323_001346	Nivel de Habilidad	스킬레벨				
UI_20150323_001347	{@st41}Número de jugadores para entrar	{@st41}입장가능 인원				
UI_20150323_001348	{@st43}Mazmorra de Objetos	{@st43}아이템 각성 던전				
UI_20150323_001349	{@st41}Materiales Requeridos	{@st41}필요 재료				
UI_20150323_001350	{@st59}Materiales Requeridos{/}	{@st59}필요재료{/}				
UI_20150323_001351	Nivel Recomendado : %s	권장 레벨 : %s				
UI_20150323_001352	{@st43}Modo de Selección de UI{/}	{@st43}UI 선택 모드{/}				
UI_20150323_001353	{@st43}Tienda de Compra	{@st43}매입의뢰상점				
UI_20150323_001354	Nombre de la Tienda	상점 이름				
UI_20150323_001355	{@st41b}Abrir Tienda	{@st41b}상점열기				
UI_20150323_001356	{@st59}Iniciar Tienda de Compra{/}	{@st59}매입의뢰상점을 시작합니다{/}				
UI_20150323_001357	{@st59}Cancelar{/}	{@st59}취소합니다{/}				
UI_20150323_001358	{@st59}Cerrar{/}	{@st59}매입의뢰상점을 닫습니다{/}				
UI_20150323_001359	Solicitar Participación	매입의뢰				
UI_20150323_001360	{@st59}Cerrar Tienda de Compra	{@st59}매입의뢰상점을 닫습니다.				
UI_20150323_001361	{@st59}Tienda de Compra{nl} - Intercambia tus objetos por plata	{@st59}매입의뢰상점{nl} - 내가 가진 물건을 실버로 교환할 수 있습니다.				
UI_20150323_001362	{@st43}Objetos que el comprador desea{/}	{@st43}의뢰자가 원하는 물건{/}				
UI_20150323_001363	{@st43}Objetos en venta	{@st43}판매하고자 하는 물건				
UI_20150323_001364	{@st43}Ganancia Total	{@st43}총 수입				
UI_20150323_001365	{@st41}Vender	{@st41}판매				
UI_20150323_001366	{@st41}Materiales de Alquimia	{@st41}연금 재료				
UI_20150323_001367	{@st41}Resultado de Alquimia {@stx1}(se requiere %s){/}	{@st41}연금 대상 {@stx1}(%s 소요){/}				
UI_20150323_001368	{@st59}Invocar Mascota{/}	{@st59}펫을 소환합니다.{/}				
UI_20150323_001369	{@st41b}Configuración del Personaje{/}	{@st41b}캐릭터 설정{/}				
UI_20150323_001370	{@st59}Grimorio{/}	{@st59}그리모어{/}				
UI_20150323_001371	{@st41b}Aplicar Resplandor{/}	{@st41b}블룸 적용{/}				
UI_20150323_001372	{@st41b}Aplicar Viñeta{/}	{@st41b}비넷팅 적용{/}				
UI_20150323_001373	{@st41b}Aplicar FXAA{/}	{@st41b}FXAA 적용{/}				
UI_20150323_001374	{@st41b}Aplicar RESPLANDOR{/}	{@st41b}GLOW 적용{/}				
UI_20150323_001375	{@st41b}Aplicar Profundidad {/}	{@st41b}Depth 적용{/}				
UI_20150323_001376	{@st41b}Aplicar Suavizado de partículas{/}	{@st41b}SoftParticle 적용{/}				
UI_20150323_001377	{@st43}Almacén Personal{/}	{@st43}개인 창고{/}				
UI_20150323_001378	{@st59}Cerrar Almacén Personal{/}	{@st59}개인 창고를 닫습니다.{/}				
UI_20150323_001379	{@sti6}Guardar y sacar objetos del almacén cuesta %s de plata...{/}	{@sti6}창고에 물품을 보관하고 찾을시에 %s실버가 소모됩니다.{/}				
UI_20150323_001380	{@st59}Alt+Z para cambiar armas{/}	{@st59}Alt+Z로 무기 전환{/}				
UI_20150323_001381	{@st59}Guardar Configuración del Refugio{/}	{@st59}숙소 설정을 저장합니다{/}				
UI_20150323_001382	Cambiar Refugio	숙소 변경				
UI_20150323_001383	{@st59}Cerrar	{@st59}숙소 변경창을 닫습니다.				
UI_20150323_001384	{@st59}Cambiar Refugio{nl} - Cambia el mapa y expande el número de personajes disponibles cambiando tu Refugio. 	{@st59}속소 변경{nl} - 숙소를 변경하여 맵을 변경하고 인원수를 확장합니다.				
UI_20150323_001385	{@st41}Cancelar previsualización	{@st41}미리보기 취소				
UI_20150323_001386	{@st46}Mis TP : %s{/}	{@st46}나의 NXP : %s{/}				
UI_20150323_001387	{@st41b}Cambiar Refugio{/}	{@st41b}숙소 변경{/}				
UI_20150323_001388	{@st59}Decora tu Refugio{/}	{@st59}숙소 꾸미기{/}				
UI_20150323_001389	{@st41b}Configuración del Refugio{/}	{@st41b}숙소 설정{/}				
UI_20150323_001390	{@st59}Cambiar Configuración del Refugio{/}	{@st59}숙소 설정을 변경합니다{/}				
UI_20150323_001391	{@st45ty}Saludo del Personaje{/}	{@st45ty}캐릭터 인사말{/}				
UI_20150323_001392	{@st45ty}Tienda de Compra	{@st45ty}매입의뢰상점				
UI_20150323_001393	{@st41b}Cambiar	{@st41b}변경				
UI_20150323_001394	{@st59}Cambiar Saludo del Personaje{/}	{@st59}캐릭터 인사말을 변경합니다{/}				
UI_20150323_001395	{@st59}Establecer Tienda de Compra{/}	{@st59}매입의뢰상점을 설정합니다{/}				
UI_20150323_001396	Cantidad : %s{/}	구매수량 : %s{/}				
UI_20150323_001397	Buscar objetos para comprar	구입할 아이템 검색				
UI_20150323_001398	Cantidad	구매수량				
UI_20150323_001399	Precio Unitario	개당가격				
UI_20150323_001400	{@sti5}×%s{/}	{@sti5}%s 개{/}				
UI_20150323_001401	{@st41}Comer	{@st41}먹기				
UI_20150323_001402	{@st41}Fabricar	{@st41}제작				
UI_20150323_001403	{@st41}Cantidad	{@st41}제작 갯수				
UI_20150323_001404	{@st41}Material Consumible	{@st41}소비 재료	UI_20150323_001293	Material Consumible	소비 재료	
UI_20150401_001405	{@st59}Cerrar{/}	{@st59}브리케팅을 닫습니다{/}				
UI_20150401_001406	{@st41}Eliminar Campamento Base	{@st41}거점 해체				
UI_20150401_001407	{@st43}[Círculo %s]{/}	{@st43}[%s서클]{/}				
UI_20150401_001408	{@st43}Habilidad{/}	{@st43}스킬{/}				
UI_20150401_001409	{@st43}Consejo de Clase{/}	{@st43}클래스Tip{/}				
UI_20150401_001410	Consejo de Clase	클래스Tip				
UI_20150401_001411	{@st42}{#ffff00}Fijar Objetivo {/}	{@st42}{#ffff00}타겟 고정{/}				
UI_20150401_001412	{@st41}Eliminar Mesa	{@st41}테이블 해체				
UI_20150401_001413	{@st43}Tintura{/}	{@st43}팅크쳐링{/}				
UI_20150401_001414	Ranura Rápida del Controlador	조이스틱 퀵슬롯				
UI_20150401_001415	{@st42}{#ffff00}Modo Teclado{/}	{@st42}{#ffff00}키보드 모드{/}				
UI_20150401_001416	{@st43}Abrir Caja de Ofrendas	{@st43}봉헌함 열기				
UI_20150401_001417	{@st41b}Abrir	{@st41b}열기				
UI_20150401_001418	{@st41b}Caja de Ofrendas	{@st41b}봉헌함				
UI_20150401_001419	{@st41}Nombre de la Caja de Ofrendas	{@st41}봉헌함 이름				
UI_20150401_001420	Pago	지급 금액				
UI_20150401_001421	Ganancia Estimada	예상 수익				
UI_20150401_001422	Fondos	소지금				
UI_20150401_001423	{@st45tw}Detalles de Objeto de Caja de Ofrendas	{@st45tw}봉헌함 물품 상세내용				
UI_20150401_001424	{@st41}Vender Todo	{@st41}일괄 판매				
UI_20150401_001425	{@st43}Caja de Ofrendas	{@st43}봉헌함				
UI_20150401_001426	Oferta	봉헌하기				
UI_20150401_001427	Liquidar Transacción	거래 정산				
UI_20150401_001428	Balance Estimado	예상 잔액				
UI_20150401_001429	{@st45tw}Caja de Ofrendas	{@st45tw}봉헌함				
UI_20150401_001430	{@st41}Vacío	{@st41}비우기				
UI_20150401_001431	{@st43}Lista de usuarios de la zona actual{/}	{@st43}현재 존 유저 목록{/}				
UI_20150401_001432	{@st59}Cerrar{/}	{@st59}운영자 UI리스트를 닫습니다{/}				
UI_20150401_001433	{@st41}Descripción del Grupo :	{@st41}파티 설명 :				
UI_20150401_001434	{s20}Cantidad de Veneno {s28}{b}{#ff6600}%s	{s20}독의 양  {s28}{b}{#ff6600}%s				
UI_20150401_001435	Materiales para Veneno	독 제조용 재료 아이템				
UI_20150401_001436	{@st41b}Seleccionar Todo{/}	{@st41b}전체 선택{/}				
UI_20150401_001437	{@st59}Deselecciona todo haciendo clic de nuevo{/}	{@st59}한번 더 클릭시 전체 해제{/}				
UI_20150401_001438	{@st41b}Fabricar{/}	{@st41b}제조{/}				
UI_20150401_001439	{@st59}Mezclar mezclar girar y mezclar{/}	{@st59}섞고 섞고 돌리고 섞고{/}				
UI_20150401_001440	{@st41b}Logros{/}	{@st41b}업적{/}				
UI_20150401_001441	Color de Peinado	헤어컬러				
UI_20150401_001442	Títulos Disponibles	장착 가능 칭호				
UI_20150401_001443	{@st41b}Modo de interfaz para mando{/}	{@st41b}조이스틱 UI 모드{/}				
UI_20150401_001444	{@st41}{#ffffcc}Nombre	{@st41}{#ffffcc}이름				
UI_20150401_001445	{@st41}{#ffffcc}Precio	{@st41}{#ffffcc}가격				
UI_20150401_001446	{@st41}{#ffffcc}Estado	{@st41}{#ffffcc}상태				
UI_20150401_001447	{@st41b}Cancelar previsualización	{@st41b}미리보기 취소				
UI_20150401_001448	{@st41}{#ffff00}Mis TP : %s{/}	{@st41}{#ffff00}나의 NXP : %s{/}				
UI_20150401_001449	Equipado	착용중				
UI_20150401_001450	Descripción : {#FFFF00}%s{/}	설명 : {#FFFF00}%s{/}				
UI_20150401_001451	Nivel Promedio : {#FFFF00}%s{/}	평균 레벨 : {#FFFF00}%s{/}				
UI_20150401_001452	Condiciones	조건				
UI_20150401_001453	Título: %s	칭호   %s				
UI_20150401_001454	Recompensa: %s	보상   %s				
UI_20150401_001455	{@st42}Cantidad	{@st42}갯수				
UI_20150406_001456	{@st43}Campamento Base	{@st43}베이스 캠프				
UI_20150406_001457	{@st42}Construir	{@st42}건설				
UI_20150406_001458	{@st42}Cancelar	{@st42}취소				
UI_20150406_001459	{@stc1}Duración del Campamento	{@stc1}캠프 유지 시간				
UI_20150406_001460	{@st41b}Campamento Base	{@st41b}베이스캠프				
UI_20150406_001461	{@st41b}Duración del Campamento	{@st41b}캠프 유지 시간				
UI_20150406_001462	{@st42b}Un campamento base tiene una duración de 24h adicionales cuando se renueva.cuesta {nl}%s de plata.	{@st42b}갱신시 24시간 추가 캠프 유지되며{nl} %s실버가 소모됩니다.				
UI_20150406_001463	{@st41}Eliminar Campamento	{@st41}캠프 해체				
UI_20150406_001464	{@st42}Eliminar Mesa	{@st42}테이블 해체				
UI_20150406_001465	{@st59b}Grimorio{nl}{@st59s} - Coloca una carta en el mazo para comenzar a invocar{/}	{@st59b}그리모어{nl}{@st59s} - 카드를 덱에 올리고 소환술을 실행합니다{/}				
UI_20150406_001466	{@st41}Mi Habilidad de Invocación	{@st41}내 소환 스킬				
UI_20150406_001467	{@st41}Estadística	{@st41}스텟				
UI_20150406_001468	{@st41b}Nombre de la Caja de Ofrendas	{@st41b}봉헌함 이름				
UI_20150406_001469	{@st41b}Detalles de la Caja de Ofrendas	{@st41b}봉헌함 물품 상세내용				
UI_20150406_001470	{@st59}Cerrar	{@st59}매입의뢰상점을 닫습니다				
UI_20150406_001471	{@st59b}Tienda de Compra{nl}{@st59s} - Intercambia objetos por plata	{@st59b}매입의뢰상점{nl}{@st59s} - 내가 가진 물건을 실버로 교환할 수 있습니다				
UI_20150406_001472	{@st41b}Objeto Solicitado por Otro Jugador{/}	{@st41b}의뢰자 요청 아이템{/}				
UI_20150406_001473	{@st41b}Objetos Disponibles{/}	{@st41b}판매 등록 아이템{/}				
UI_20150406_001474	{@st41b}Ventas Totales	{@st41b}총 수입				
UI_20150406_001475	{@st41b}Vender	{@st41b}판매				
UI_20150406_001476	{@st59}Vende tu(s) objeto(s).{/}	{@st59}등록한 아이템을 판매합니다{/}				
UI_20150406_001477	{@st59}Cerrar{/}	{@st59}개인 창고를 닫습니다{/}				
UI_20150406_001478	{@st41b}Se cobran %s de plata al guardar y sacar objetos del almacén.{/}	{@st41b}창고에 물품을 보관하고 찾을시에 %s실버가 소모됩니다.{/}				
UI_20150406_001479	{@st41b}Cantidad	{@st41b}갯수				
UI_20150414_001480	{@st42b}La duración de tu campamento puede aumentarse.{nl} Costo: %s de plata.	{@st42b}갱신시 캠프 유지시간이 증가되며{nl} %s실버가 소모됩니다.				
UI_20150414_001481	{@st41b}Tipo {@sti7}%s{/}	{@st41b}타입           {@sti7}%s{/}				
UI_20150414_001482	{@st41b}Dificultad {@sti7}%s{/}	{@st41b}조작난이도 {@sti7}%s{/}				
UI_20150414_001483	{@st59b} Objeto {/}	{@st59b}  아이템  {/}				
UI_20150414_001484	{@st59b} Monstruo {/}	{@st59b}  몬스터  {/}				
UI_20150414_001485	{@st59b} Mover Mapa {/}	{@st59b}  맵이동  {/}				
UI_20150414_001486	{@st59b} Comando de Batalla {/}	{@st59b}  전투명령  {/}				
UI_20150414_001487	{s26}{b}	{s26}{b}개				
UI_20150414_001488	{s26}{b}Nivel	{s26}{b}레벨				
UI_20150414_001489	{@st44}{s26}Nivel	{@st44}{s26}레벨				
UI_20150414_001490	{@st59b}{s26}u.	{@st59b}{s26}마리				
UI_20150414_001491	{@st41b}Cocina	{@st41b}조리				
UI_20150414_001492	{@st41b}Comida	{@st41b}음식				
UI_20150414_001493	{@st42}Eliminar Mesa de Refrigerio	{@st42}배식대 해체				
UI_20150414_001494	{@st41b}Registros{/}	{@st41b}기록{/}				
UI_20150414_001495	{@st41}Descripción del Grupo	{@st41}파티 설명				
UI_20150414_001496	{@st41b}Entrar{/}	{@st41b}입력{/}				
UI_20150414_001497	Nivel de Tostado %s	로스팅 레벨 %s				
UI_20150428_001498	{@st43}Tienda de Compra{/}	{@st43}매입상점{/}				
UI_20150428_001499	{@st41b}Cerrar	{@st41b}마감하기				
UI_20150428_001500	{@st41b}Reporte de Error	{@st41b}버그 제보				
UI_20150428_001501	{@st59}Notifícanos sobre errores y problemas{/}	{@st59}문제가 있는 사항을 알립니다{/}				
UI_20150428_001502	Cuando reportas un error, tu progreso de juego hasta ese punto se enviará a nuestro servidor.{nl}El archivo de repetición será de gran ayuda para resolver el error. ¿Deseas enviarlo?	버그를 제보하시면 현재까지 게임플레이 화면이 서버로 전송됩니다. 전송된 리플레이 파일은 버그 수정에 큰 도움이 됩니다. 전송하시겠습니까?				
UI_20150428_001503	{@st41b}Descripción del error :{/}	{@st41b}버그 내용 :{/}				
UI_20150428_001504	{@st41b}Ingresar una descripción no es obligatorio, pero nos ayudará mucho a analizar el error.	{@st41b}버그 내용은 필수 입력 사항이 아니지만 분석에 도움이 됩니다.				
UI_20150428_001505	{@st41b}Enviar	{@st41b}전송				
UI_20150428_001506	{@st42}{s14}{#ffff00}Fijar Objetivo{/}	{@st42}{s14}{#ffff00}타겟 고정{/}				
UI_20150428_001507	{@st59}Fija tu objetivo sin importar la distancia o dirección	{@st59}거리나 방향 전환에 관계없이 타겟을 고정합니다				
UI_20150428_001508	¡Grupo encontrado!	파티 조건 일치!				
UI_20150428_001509	Ranura Rápida de Descanso del Controlador	조이스틱 휴식 퀵슬롯				
UI_20150428_001510	{@st41b}Modo Descanso	{@st41b}휴식모드				
UI_20150428_001511	Tutorial del Controlador	조이패드 튜토리얼				
UI_20150428_001512	{@st59}Cerrar Tutorial de Controlador(M){/}	{@st59}조이패드 설명을 닫습니다.(M){/}				
UI_20150428_001513	Tutorial de Teclado	키보드 튜토리얼				
UI_20150428_001514	{@st44}Cerrar Sesión{/}	{@st44}로그아웃{/}				
UI_20150428_001515	{@st41b}Dejar Ayudante(Requiere %s TP){/}	{@st41b}헬퍼 남기기(NXP %s개 필요){/}				
UI_20150428_001516	Costo de Adición de Engarce : {#ff9933}%s{/}{nl}Costo de Remoción de Gema : {#ff9933}%s{/}	소켓 추가 비용 : {#ff9933}%s{/}{nl}젬 제거 비용 : {#ff9933}%s{/}				
UI_20150428_001517	{@st41b}Remover Gema	{@st41b}젬 제거				
UI_20150428_001518	{@st42}{s14}{#ffff00}Modo UI{/}	{@st42}{s14}{#ffff00}UI 모드{/}				
UI_20150428_001519	{@st59}Usa teclado o controlador para controlar la UI	{@st59}키보드나 조이패드를 사용해서 UI를 조작합니다				
UI_20150428_001520	Usar Búsqueda de Grupo 	파티원 찾기 기능 사용				
UI_20150428_001521	Cuando se encuentre un personaje que coincida con tus condiciones de grupo {nl}se mostrará el aviso [¡Grupo encontrado!].	찾기 기능을 사용하는 캐릭터 중 조건에 맞는 캐릭터를{nl}만난다면 [파티 조건 일치!] 문구가 표시 됩니다.				
UI_20150428_001522	{@st41}Estilo de Juego{/}	{@st41}플레이 스타일{/}				
UI_20150428_001523	Realizando Misiones	퀘스트 진행				
UI_20150428_001524	Caza	사냥 중심				
UI_20150428_001525	Eventos	이벤트 진행				
UI_20150428_001526	{@st41}Diferencia de Nv.{/}	{@st41}레벨 차이{/}				
UI_20150428_001527	No relacionado	관계없음  /				
UI_20150428_001528	{@st41}Tipo de Clase Deseada{/}	{@st41}원하는 클래스 계열{/}				
UI_20150428_001529	{@st41b}Salir del Grupo	{@st41b}파티 탈퇴				
UI_20150428_001530	{@st59}Buscar por descripción de grupo{/}	{@st59}파티 설명으로 검색합니다{/}				
UI_20150428_001531	{s18}{ol}{gr gradation1}Reglas de Ayudante{/}	{s18}{ol}{gr gradation1}헬퍼 규칙{/}				
UI_20150428_001532	{@st59}Fabricar{/}	{@st59}제조를 실행합니다.{/}				
UI_20150428_001533	{@st45ty}Color de Peinado	{@st45ty}헤어컬러				
UI_20150428_001534	{@st45ty}Título Disponible	{@st45ty}장착 가능 칭호				
UI_20150428_001535	{@st41_yellow}Habilidad de Ayudante	{@st41_yellow}헬퍼 스킬				
UI_20150428_001536	{@st41b}Mostrar Nombres de Otros Personajes{/}	{@st41b}다른 캐릭터 이름 표시{/}				
UI_20150428_001537	{@st43}Modo UI{/}	{@st43}UI 모드{/}				
UI_20150428_001538	{@st41b}Automático{/}	{@st41b}자동{/}				
UI_20150428_001539	{@st41b}Controlador{/}	{@st41b}조이패드{/}				
UI_20150428_001540	{@st41b}Teclado{/}	{@st41b}키보드{/}				
UI_20150428_001541	Controlador	조이패드				
UI_20150428_001542	{@st59}Información del mando{/}	{@st59}조이패드 안내{/}				
UI_20150428_001543	Teclado	키보드				
UI_20150428_001544	{@st59}Información del teclado{/}	{@st59}키보드 안내{/}				
UI_20150428_001545	{@st43}Configuración Gráfica{/}	{@st43}그래픽 설정{/}				
UI_20150428_001546	{@st43}Rendimiento{/}	{@st43}성능 조정{/}				
UI_20150428_001547	{@st41b}Modo de Bajo Rendimiento{/}	{@st41b}저사양모드{/}				
UI_20150428_001548	{@st41b}Ajuste Automático{/}	{@st41b}자동조정{/}				
UI_20150428_001549	{@st41b}No usar{/}	{@st41b}사용안함{/}				
UI_20150428_001550	Preguntas Frecuentes del Juego	게임faq				
UI_20150428_001551	Jugadores : (%s/%s)	인원 : (%s/%s)				
UI_20150428_001552	Al menos Nv. 100 : (%s/%s)	100레벨 이상 : (%s/%s)				
UI_20150511_001553	{@st41}Enlace de Invitación de Grupo	{@st41}파티초대 링크걸기				
UI_20150714_001554	{@st66b}Objetos Vendidos : ×%s / Objetos No Vendidos : ×%s{/}	{@st66b}낙찰물품 : %s개 / 유찰물품 : %s개{/}				
UI_20150714_001555	{@st41b}Registro de Comercio	{@st41b}거래 기록				
UI_20150714_001556	{@st41b}Eliminar Campamento Base	{@st41b}캠프 해체				
UI_20150714_001557	Batallas de Cartas	카드대전				
UI_20150714_001558	{@st64}%s Victoria(s) {/}	{@st64}%s승{/}				
UI_20150714_001559	Selecciona una carta	카드 결정				
UI_20150714_001560	Índice de Aventura:{#ffff00} %s{/} ({#ffff00}Rango: %s{/})	모험지수 {#ffff00}%s{/} ({#ffff00}%s{/}위)				
UI_20150714_001561	{@st66b}¡Me gusta!	{@st66b}좋아요!				
UI_20150714_001562	Me gusta este personaje {#ffff00}%s{/}	이 캐릭터가 좋아요 {#ffff00}%s{/}				
UI_20150714_001563	{@st41b}Eliminar Mesa de Refrigerio	{@st41b}배식대 해체				
UI_20150714_001564	{@st42}Mi Habilidad de Invocación	{@st42}내 소환 스킬				
UI_20150714_001565	{@st42}Estadística	{@st42}스텟				
UI_20150714_001566	{@st42}Ubicación Actual : %s{/}	{@st42}현재 위치 : %s{/}				
UI_20150714_001567	{@st59b}Equipo {nl}{@st59s} - Cabello/Traje: Equipo para cambiar la apariencia de un personaje. {nl} - Arma: Armas de una o dos manos {nl} (sub-arma/escudo se puede equipar con arma de una mano) {nl} - Armadura: Torso, Piernas, Guantes, Zapatos. {nl} - Accesorios: 1 Collar y 2 Brazaletes. {nl} {/}	{@st59b}착용장비{nl}{@st59s} - 헤어/코스튬 : 외형 변경 가능 아이템 착용{nl} - 무기 : 한손 장비 및 양손 장비 착용 가능{nl}   (한손 장비 착용시 서브웨폰/방패 착용 가능 ){nl} - 방어구 : 상의, 하의, 장갑, 신발 착용{nl} - 악세서리 : 목걸이 1개, 팔찌 2개 착용{nl}   (팔찌2는 Alt키로 비교해 보기/장착 가능){/}				
UI_20150714_001568	{@st43}Abrir Tienda %s {/}	{@st43}%s 상점 개설{/}				
UI_20150714_001569	{@st41b}Tostando{/}	{@st41b}로스팅{/}				
UI_20150714_001570	{@st66}Todo	{@st66}전체 선택				
UI_20150714_001571	{@st43}Fabricar Flecha{/}	{@st43}화살제작{/}				
UI_20150714_001572	{@st59}Cerrar{/}	{@st59} UI를 닫습니다{/}				
UI_20150714_001573	{@st66b}Verificar{/}	{@st66b}확인{/}				
UI_20150714_001574	{@st66b}Dejar Ayudante(Requiere %s TP){/}	{@st66b}헬퍼 남기기(NXP %s개 필요){/}				
UI_20150714_001575	Costo de Engarce Adicional : {#000000}%s{/} {nl}Costo de Extracción de Gema : {#000000}%s{/}	소켓 추가 비용 : {#000000}%s{/} {nl}젬 추출 비용 : {#000000}%s{/}				
UI_20150714_001576	{ds}Nivel Recomendado : %s	{ds}권장 레벨 : %s				
UI_20150714_001577	Explorado : 50.0%	탐사율 : 50.0%				
UI_20150714_001578	{@st45tw}[%s% explorado]{/}	{@st45tw}[탐사율 %s%]{/}				
UI_20150714_001579	>>Mostrar Más Info...	>>더 보기..				
UI_20150714_001580	%s (Rango %s)	%s (%s 랭크)				
UI_20150714_001581	Nombre del Trabajo	직업이름				
UI_20150714_001582	{@st41b}Invitar	{@st41b}초대				
UI_20150714_001583	{@st41}Puedes cambiar entre controles de teclado, mando o mouse en el menú del sistema.{nl}	{@st41}조이패드나 마우스 조작을 원할 경우, 시스템 메뉴의 게임 설정에서 선택할 수 있습니다.{/}				
UI_20150714_001584	Cuando encuentres un personaje que coincida con tus condiciones de grupo, {nl}se mostrará el aviso [¡Grupo encontrado!].{nl}También se te recomendará a otros grupos.	조건이 일치하는 캐릭터를 만난다면 [파티 조건 일치!] 문구가 표시 됩니다.{nl}또한 파티원을 구하는 다른 파티에 자주 추천됩니다.				
UI_20150714_001585	{@st42}Estilo de Juego{/}	{@st42}플레이 스타일{/}				
UI_20150714_001586	{@st42}Diferencia de Nv.{/}	{@st42}레벨 차이{/}				
UI_20150714_001587	Cualquiera	관계없음				
UI_20150714_001588	{@st42}Tipo de Clase{/}	{@st42}원하는 클래스 계열{/}				
UI_20150714_001589	{@st42}Nombre del Grupo : %s{/}	{@st42}파티명 : %s{/}				
UI_20150714_001590	{@st42}Descripción{/}	{@st42}파티 설명{/}				
UI_20150714_001591	{@st42}Entrar{/}	{@st42}입력{/}				
UI_20150714_001592	{@st42}Distribución de Objetos	{@st42}아이템 분배 규칙				
UI_20150714_001593	{@st42}Distribución de EXP	{@st42}경험치 분배 규칙				
UI_20150714_001594	EXP Individual	각자얻기				
UI_20150714_001595	EXP Igual	균등분배				
UI_20150714_001596	Por Nivel	레벨차등				
UI_20150714_001597	{@st42}Compartir Misión	{@st42}퀘스트 공유				
UI_20150714_001598	Desactivado	사용안함				
UI_20150714_001599	{@st42}Grupo Público{/}	{@st42}공개 파티 목록에 등록{/}				
UI_20150714_001600	Nivel	희망 레벨				
UI_20150714_001601	{@st42}Usar 'Recomendar Grupo'{/}	{@st42}파티원 추천 기능 사용{/}				
UI_20150714_001602	Por Distancia	거리에 의해				
UI_20150714_001603	Por Clase	직업에 의해				
UI_20150714_001604	Por Nivel	레벨에 의해				
UI_20150714_001605	Por Misión	진행 퀘스트에 의해				
UI_20150714_001606	Por Cercanía	친분에 의해				
UI_20150714_001607	{@st42}Compartir Enlace de Invitación de Grupo	{@st42}파티초대 링크걸기				
UI_20150714_001608	>>Previsualización de grupo...	>>파티 보기..				
UI_20150714_001609	Nombre del Grupo : %s	파티이름 : %s				
UI_20150714_001610	Descripción del Grupo : %s	파티소개 : %s				
UI_20150714_001611	Creado : hace %s	결성시간 : %s 전				
UI_20150714_001612	Miembros del Grupo : %s/5	인원구성 : %s/5				
UI_20150714_001613	Unirse	가입				
UI_20150714_001614	{@st59}Buscar por nombre o descripción de grupo{/}	{@st59}파티 이름 및 설명으로 검색합니다{/}				
UI_20150714_001615	Detalles de Ayuda Simple	심플 도움말내용				
UI_20150714_001616	{@st43}Buzón de Mensajes	{@st43}메세지함				
UI_20150714_001617	{@st41b}Todo	{@st41b}전체				
UI_20150714_001618	{@st41b}Mensajes No Leídos	{@st41b}안읽은 메세지함				
UI_20150714_001619	{@st43}{s22}Elige un personaje para recibir los objetos.{/}	{@st43}{s22}아이템을 수령할 캐릭터를 선택해주세요.{/}				
UI_20150714_001620	{@st41b}Mejorar	{@st41b}강화				
UI_20150714_001621	{@st66}Objetos que requieren reparación	{@st66}수리 필요 아이템 목록				
UI_20150714_001622	{@st43}Simoni	{@st43}시모니				
UI_20150714_001623	{@st59}Aumentar habilidades{/}	{@st59}스킬을 올려주세요{/}				
UI_20150714_001624	{@st59}Cerrar{/}	{@st59}스킬과 특성을 닫습니다{/}				
UI_20150714_001625	{@st43}Habilidades y Atributos{/}	{@st43}스킬과 특성{/}				
UI_20150714_001626	Puntos de estadísticas restantes {nl}{@st46}%s	남은 스테이터스 포인트 {nl}{@st46}%s				
UI_20150714_001627	¡Me gusta! recibidos : %s	내가 받은 좋아요! : %s개				
UI_20150714_001628	{@st66b}Mostrar EXP Obtenida{/}	{@st66b}경험치 획득량 표기{/}				
UI_20150714_001629	{@st66b}Mostrar Nombre del Personaje{/}	{@st66b}캐릭터 이름 보기{/}				
UI_20150714_001630	{@st66b}Mostrar Solo Nombre de Equipo{/}	{@st66b}팀 이름만 표시{/}				
UI_20150714_001631	{@st66b}Mostrar nombres de los jugadores{/}	{@st66b}다른 캐릭터 이름 표시{/}				
UI_20150714_001632	{@st66b}Automático{/}	{@st66b}자동{/}				
UI_20150714_001633	{@st66b}Controlador{/}	{@st66b}조이패드{/}				
UI_20150714_001634	{@st66b}Teclado{/}	{@st66b}키보드{/}				
UI_20150714_001635	{@st66b}Ratón y teclado	{@st66b}마우스				
UI_20150714_001636	{@st66b}Pantalla Completa{/}	{@st66b}전체 화면{/}				
UI_20150714_001637	{@st66b}Modo Ventana{/}	{@st66b}창모드{/}				
UI_20150714_001638	{@st66b}Volumen de Efectos de Sonido (%s){/}	{@st66b}효과음 크기 (%s){/}				
UI_20150714_001639	{@st66b}Volumen de Música (%s){/}	{@st66b}음악 크기 (%s){/}				
UI_20150714_001640	{@st66b}Volumen Total (%s){/}	{@st66b}사운드 전체 크기 (%s){/}				
UI_20150714_001641	{@st66b}Modo Bajo{/}	{@st66b}저사양모드{/}				
UI_20150714_001642	{@st66b}Configuración Automática{/}	{@st66b}자동조정{/}				
UI_20150714_001643	{@st66b}Desactivar{/}	{@st66b}사용안함{/}				
UI_20150714_001644	{@st66b}Aplicar Resplandor{/}	{@st66b}블룸 적용{/}				
UI_20150714_001645	{@st66b}Aplicar Viñeta{/}	{@st66b}비넷팅 적용{/}				
UI_20150714_001646	{@st66b}Aplicar FXAA{/}	{@st66b}FXAA 적용{/}				
UI_20150714_001647	{@st66b}Aplicar Brillo{/}	{@st66b}GLOW 적용{/}				
UI_20150714_001648	{@st66b}Aplicar Profundidad{/}	{@st66b}Depth 적용{/}				
UI_20150714_001649	{@st66b}Aplicar Partícula Suave{/}	{@st66b}SoftParticle 적용{/}				
UI_20150714_001650	{@st66b}Aplicar Textura Alta {/}	{@st66b}고사양 텍스쳐 적용{/}				
UI_20150714_001651	{@st66b}Sincronización Vertical Activada{/}	{@st66b}수직 동기화 켜기{/}				
UI_20150714_001652	{@st66b}Sincronización Vertical Desactivada{/}	{@st66b}수직 동기화 끄기{/}				
UI_20150714_001653	{@st66b} Se cobran %s de plata al guardar y sacar objetos del almacén.{/}	{@st66b}창고에 물품을 보관하고 찾을시에 %s실버가 소모됩니다.{/}				
UI_20150714_001654	¡Le gusto a %s!	%s가 나를 좋아합니다				
UI_20150714_001655	{@st41}Observar	{@st41}관전하기				
UI_20150714_001656	{@st66b}Salir del Modo Espectador	{@st66b}관전 종료				
UI_20150714_001657	Se encontró una partida. ¿Deseas unirte?	게임을 찾았습니다. 참가하시겠습니까?				
UI_20150714_001658	{@st41}Unirse	{@st41}참가				
UI_20150714_001659	{@st41}Rechazar	{@st41}거절				
UI_20150714_001660	Finalizar Partida	경기 종료				
UI_20150714_001661	Muertes	데스				
UI_20150714_001662	Daño	피해량				
UI_20150714_001663	{@st41}Regresar a la Zona	{@st41}존으로 돌아가기				
UI_20150714_001664	{@st41b}Regresando a la Zona en %s segundos...{/}	{@st41b}%s초 후 존으로 이동합니다...{/}				
UI_20150714_001665	{@st59}Abre el Buzón de Mensajes{/}	{@st59}메세지함을 엽니다{/}				
UI_20150714_001666	{@st42}Cambiar Refugio{/}	{@st42}숙소 변경{/}				
UI_20150714_001667	{@st42}Configuración del Refugio{/}	{@st42}숙소 설정{/}				
UI_20150714_001668	{@st65}%s Puntuación{/}	{@st65}%s 점{/}				
UI_20150714_001669	{@st65}×%s{/}	{@st65}%s 개{/}				
UI_20150714_001670	{@st65}% Puntuación{/}	{@st65}%s점{/}				
UI_20150714_001671	{@st65}×%s{/}	{@st65}%s개{/}				
UI_20150714_001672	Descripción de la Imagen	사진에 대한 설명				
UI_20150714_001673	{#000000}%s segundos	{#000000}%s 초				
UI_20150714_001674	{#000000}%s equipado	{#000000}%s 장착				
UI_20150714_001675	Nombre del Grupo : {#2c140c}%s{/}	파티명 : {#2c140c}%s{/}				
UI_20150714_001676	Descripción : {#2c140c}%s{/}	설명 : {#2c140c}%s{/}				
UI_20150714_001677	Nivel Promedio de Grupo : {#2c140c}%s{/}	평균 레벨 :  {#2c140c}%s{/}				
UI_20150714_001678	Buscando : {#2c140c}%s{/}	찾는 파티원 :  {#2c140c}%s{/}				
UI_20150714_001679	Compartir Misión : {#2c140c}%s{/}	퀘스트 공유 :  {#2c140c}%s{/}				
UI_20150714_001680	Distribución de EXP : {#2c140c}%s{/}	경험치 분배규칙 :  {#2c140c}%s{/}				
UI_20150714_001681	Distribución de Objetos : {#2c140c}%s{/}	아이템 분배규칙 :  {#2c140c}%s{/}				
UI_20150714_001682	¿Lo pasaste bien con este grupo?	파티는 즐거우셨나요?				
UI_20150714_001683	{@st42} obtuvo %s por %s	{@st42}%s님이 %s(을)를 드셨습니다				
UI_20150714_001684	{@st42} %s mejoró %s	{@st42}%s님이 %s(을)를 강화하셨습니다.				
UI_20150714_001685	Nota :%s	메모 :%s				
UI_20150714_001686	{@st59}Añade el material en este espacio.{/}	{@st59}재료 아이템을 슬롯에 추가합니다.{/}				
UI_20150714_001687	{@st66b}Precio : %s{/}	{@st66b}가격 : %s{/}				
UI_20150714_001688	Saludo del Personaje	캐릭터 인사말				
UI_20150714_001689	Tienda de Compra	매입의뢰상점				
UI_20150714_001690	×%s	%s 개				
UI_20150714_001691	{@41b}Criterio	{@41b}조건				
UI_20150714_001692	{@st41}Eliminar	{@st41}삭제				
UI_20150714_001693	{@st41}Actualizar	{@st41}새로 고침				
UI_20150717_001694	{#ffff00}%s{/} jugadores les gusta este personaje	이 플레이어가 좋아요 {#ffff00}%s{/}				
UI_20150717_001695	{@st41b}{s56}Este juego es {#0066FF}	{@st41b}{s56}이 게임은 {#0066FF}				
UI_20150717_001696	Clasificado T.	12세 이용가				
UI_20150717_001697	{s40} {nl}Jugar por períodos prolongados puede afectar negativamente tu salud.{/}	{#FFFFFF}입니다.{nl}{s40} {nl}장시간의 게임 이용은 건강을 해칠 수 있습니다.{/}				
UI_20150717_001698	{@st66b}Entrar	{@st66b}입력				
UI_20150717_001699	{@st42}Info de Mi Invocación	{@st42}내 소환수 정보				
UI_20150717_001700	Tu movimiento se ralentiza cuando no tienes suficiente {@st59}STA{/}	{@st59}STA{nl}{@st59s}스태미나가 부족하면 이동이 느려집니다{/}				
UI_20150717_001701	{@st59}Ordena tu inventario{/}	{@st59}인벤토리를 정렬합니다{/}				
UI_20150717_001702	Ordenar	정리				
UI_20150717_001703	{@st59}Cerrar{/}	{@st59}조이패드 설명을 닫습니다.{/}				
UI_20150717_001704	{@st59}Cerrar{/}	{@st59}키보드 설명을 닫습니다.{/}				
UI_20150717_001705	Tutorial de ratón	마우스 튜토리얼				
UI_20150717_001706	{@st59}Cerrar{/}	{@st59}마우스 설명을 닫습니다.{/}				
UI_20150717_001707	Ataque : %s	공격력 : %s				
UI_20150717_001708	Defensa : %s	방어력 : %s				
UI_20150717_001709	FUE : %s	힘 : %s				
UI_20150717_001710	CON : %s	체력 : %s				
UI_20150717_001711	INT : %s	지능 : %s				
UI_20150717_001712	DES : %s	민첩 : %s				
UI_20150717_001713	SPR : %s	정신 : %s				
UI_20150717_001714	{@st42b}Las clases de Espadachín pueden esquivar presionando dos veces la tecla de flecha.{/}	{@st42b}소드맨 계열은 방향을 빠르게 두번 입력하여 질주할 수 있습니다{/}				
UI_20150717_001715	{@st42}Nombre y Descripción del Grupo{/}	{@st42}파티명과 설명{/}				
UI_20150717_001716	{@st42}Insertar Etiqueta de Invitación de Grupo	{@st42}파티 초대 태그 삽입				
UI_20150717_001717	{@st41b}Lista de Grupos Públicos{/}	{@st41b}공개 파티 목록{/}				
UI_20150717_001718	{@st41b}Lista de Personajes Recomendados{/}	{@st41b}추천 캐릭터 목록{/}				
UI_20150717_001719	{@st41b}Recibir Recomendación	{@st41b}추천 받기				
UI_20150717_001720	Esto solo puede ser usado por los líderes de grupo.	파티 리더만 사용 가능한 기능입니다.				
UI_20150717_001721	Debes usar la función de Recomendación de Miembros de Grupo.	파티원 추천 기능을 사용해야 합니다.				
UI_20150717_001722	{@st66b}Nombre de Clase de Misión{/}	{@st66b}퀘스트 클래스 네임{/}				
UI_20150717_001723	{@st59b}Tienda{nl}{@st59s} - Usa Shift + Clic derecho e ingresa una cantidad para comprar/vender varios objetos{nl} - Haz clic derecho dos veces para vender todos los objetos{/}	{@st59b}상점{nl}{@st59s} - 아이템을 여러 개 판매/구매하려면 Shift + 우클릭 후 갯수 입력{nl} - 아이템을 전량 판매하려면 마우스 더블 우클릭으로 이용{/}				
UI_20150717_001724	{@st59}Información del ratón{/}	{@st59}마우스 안내{/}				
UI_20150717_001725	{@st66b}Ordenar	{@st66b}정렬				
UI_20150717_001726	{@st59}Ordena los objetos en tu almacén{/}	{@st59}아이템을 정렬합니다.{/}				
UI_20150717_001727	{@st59}Equipa armas en esta ranura{nl}Presiona Alt+Z para intercambiar armas{/}	{@st59}슬롯에 무기 장착{nl}Alt+Z로 무기 전환{/}				
UI_20150717_001728	Observar a otro personaje	다른사람 시점으로 관전하기				
UI_20150717_001729	{@st41}Campo de Batalla	{@st41}배틀 필드				
UI_20150717_001730	Resultados	결과				
UI_20150717_001731	{@st41}Mover Ahora	{@st41}바로 이동				
UI_20150717_001732	{@st41b}             Un Nombre de Equipo representa a todos tus personajes.{nl}                Es un nombre común usado dentro del juego.{nl}                  (¡Cambiar tu Nombre de Equipo costará TP!){/}	{@st66b} 팀 이름은 모든 캐릭터를 대표하는 이름입니다.{nl}자유롭게 바꿀 수 있는 팀 이름은 거래, 길드 가입, 대화 등에 사용되는 공용 이름입니다.{/}				
UI_20150729_001733	{@st42}Mostrar solo atributos que se pueden aprender{/}	{@st42}학습 가능한 특성만 표시{/}				
UI_20150729_001734	Número de piernas	다리갯수				
UI_20150729_001735	Tecla	키				
UI_20150729_001736	Peso	몸무게				
UI_20150729_001737	{@st43}Tostado de Gema{/}	{@st43}젬 로스팅{/}	UI_20150323_001331	{@st43}Tostado de Gema{/}	{@st43}젬로스팅{/}	
UI_20150729_001738	{@st59b}Fabricación de Objeto{nl}{@st59s} - Un objeto se puede fabricar usando una receta.{nl} - Coloca la receta y los materiales requeridos en la ranura para comenzar a fabricar un objeto. {nl} - Puedes adjuntar un nombre único y una nota al objeto.{/}	{@st59b}아이템 제작{nl}{@st59s} - 레시피 아이템을 입수하면 해당하는 아이템 제작 가능{nl} - 레시피와 재료를 슬롯에 넣은 후 아이템 제작 실행{nl} - 제작하는 아이템에 이름과 메모 기입 가능{/}				
UI_20150729_001739	{@st59}Cerrar Fabricación de Flechas{/}	{@st59}화살제작을 닫습니다.{/}				
UI_20150729_001740	Fragmentos necesarios : Mutante %s / Bestia %s / Planta %s	필요 파편 : 변이 %s개 / 야수 %s개 / 식물 %s개	UI_20150317_000417	Fragmentos Requeridos : %s	필요 파편 : %s	
UI_20150729_001741	{@st42b}         Las clases de Espadachín pueden esprintar                     tocando dos veces una tecla direccional{/}	{@st42b}전사 계열은 방향을 빠르게 두번 입력하여 질주할 수 있습니다{/}	UI_20150717_001714	{@st42b}Las clases de Espadachín pueden esquivar presionando dos veces la tecla de flecha.{/}	{@st42b}소드맨 계열은 방향을 빠르게 두번 입력하여 질주할 수 있습니다{/}	
UI_20150729_001742	{@st41}Configuración de Grupo	{@st41}파티 설정				
UI_20150729_001743	{@st41}Configuración de Reclutamiento de Grupo	{@st41}파티 모집 설정				
UI_20150729_001744	{@st42}Buscar Miembros de Grupo{/}	{@st42}파티원 찾기 기능 사용{/}	UI_20150428_001520	Usar Búsqueda de Grupo 	파티원 찾기 기능 사용	
UI_20150729_001745	Cuando un jugador cumpla los criterios que estableciste, se mostrará el mensaje [¡Coincidencia de Grupo!] en tu pantalla.	조건이 일치하는 플레이어를 만난다면 [파티 조건 일치!] 문구가 표시 됩니다.				
UI_20150729_001746	{@st41b}Lista de Jugadores Recomendados{/}	{@st41b}추천 플레이어 목록{/}	UI_20150717_001718	{@st41b}Lista de Personajes Recomendados{/}	{@st41b}추천 캐릭터 목록{/}	
UI_20150729_001747	{@st41}Información de Atributo	{@st41}특성 및 정보				
UI_20150729_001748	{@st59}Cancelar Mejora{/}	{@st59}강화를 취소합니다{/}				
UI_20150729_001749	{@st59b}Mejora de Gema/Carta{nl}{@st59s} - Selecciona una gema o carta de tu inventario para mejorarla.{nl} - Todos los objetos, a excepción de los objetos de misión, se pueden usar como materiales para mejorar gemas.{nl} (Más efectivo al usar una gema como material){nl} - Las cartas solo se pueden mejorar usando otras cartas.{/}	{@st59b}젬/카드 강화{nl}{@st59s} - 강화할 젬 또는 카드를 인벤토리에서 선택하여 등록{nl} - 퀘스트 아이템을 제외한 모든 아이템을 젬 강화 재료로 사용 가능{nl}   (젬을 재료로 사용했을 때 효율이 가장 높음){nl} - 카드 강화는 다른 카드들로만 재료로 사용 가능{/}				
UI_20150729_001750	{#000000}{s22}Cola del Servidor	{#000000}{s22}서버 입장 대기중				
UI_20150729_001751	{#000000}{s22}El servidor está actualmente lleno. En cola para entrar.	{#000000}{s22}서버 인원이 가득 차 입장 대기 중 입니다.				
UI_20150729_001752	{#000000}{s22}Posición Actual : %s	{#000000}{s22}현재 순위 : %s				
UI_20150729_001753	{@st43}Liga de batallas por equipo	{@st43}팀 배틀 리그				
UI_20150729_001754	{@st59}Cerrar	{@st59}팀 배틀 리그를 닫습니다.				
UI_20150729_001755	{@st42}Horario de liga de batallas por equipo	{@st42}팀 배틀 리그 일정				
UI_20150729_001756	{@st43}Rankings de liga de batallas por equipo	{@st43}팀 배틀 리그 랭킹	UI_20150317_000804	{@st43}Rankings del Campo de Batalla	{@st43}배틀 필드 랭킹	
UI_20150729_001757	{@st59}Cerrar Equipo	{@st59}팀 배틀 리그 랭킹을 닫습니다.	UI_20150317_000805	{@st59}Cerrar rankings del Campo de Batalla	{@st59}배틀 필드랭킹을 닫습니다.	
UI_20150729_001758	Nombre del Equipo	팀 이름				
UI_20150729_001759	{@st41b}Nombre de Habilidad	{@st41b}스킬이름				
UI_20150729_001760	{@st59}Aceptar Misión de Grupo{/}	{@st59}파티 미션 진행을 수락합니다{/}	UI_20150317_001278	{@st59}Unirse a Misión de Grupo{/}	{@st59}파티 퀘스트 진행을 수락합니다{/}	
UI_20150729_001761	{@st59}Eliminar este Ticket{/}	{@st59}해당 티켓을 삭제합니다.{/}				
UI_20150729_001762	Puntuación	점수				
UI_20150729_001763	Entrar a liga de batallas por equipo	팀 배틀 리그 참여				
UI_20150730_001764	{@st56}Mi Rango	{@st56}내 랭킹				
UI_20150730_001765	{@st56}Rango de Eliminaciones	{@st56}킬 랭킹				
UI_20150730_001766	{@st56}Rango de Daño	{@st56}데미지 랭킹				
UI_20150803_001767	General: /s chat{nl}Grito: /y chat {nl}Grupo: /p chat{nl} Susurro: /w chat NombreEquipo	일반 : /s 할말{nl}외침 : /y 할말{nl}파티 : /p 할말{nl}귓속말 : /w 팀이름 할말	UI_20150317_000093	General: /s chat {nl} Grito: /y chat {nl} Grupo: /p chat{nl} Susurro: /w chat del nombre de usuario del personaje	일반 : /s 내용{nl}외침 : /y 내용{nl}파티 : /p 내용{nl}귓속말 : /w 캐릭명 내용	
UI_20150803_001768	{@st66b}Vibración del Controlador{/}	{@st66b}조이패드 진동{/}				
UI_20150803_001769	Se ha encontrado una partida. Por favor espera hasta poder unirte al juego.	게임을 찾았습니다. 잠시 후 게임에 입장합니다.	UI_20150714_001657	Se encontró una partida. ¿Deseas unirte?	게임을 찾았습니다. 참가하시겠습니까?	
UI_20150804_001770	{@st43}{s18}Elige el personaje que recibirá el objeto.{/}	{@st43}{s18}아이템을 수령할 캐릭터를 선택해주세요.{/}				
UI_20150804_001771	Engarces Máximos : %s	최대 소켓 %s개	UI_20150317_001141	Engarces Máximos : ×%s	최대 소캣 %s개	
UI_20150807_001772	{@st41b}Detalles {img red_down_arrow 16 16}	{@st41b}상세 보기 {img red_down_arrow 16 16}				
UI_20150807_001773	{@st41b}Precio :{/}	{@st41b}거래 정산 :{/}	UI_20150317_000632	{@st41b}Precio{/}	{@st41b}거래 정산 ▶{/}	
UI_20150807_001774	{@st41b}Después de Reparar :{/}	{@st41b}예상 잔액 :{/}	UI_20150317_000633	{@st41b}Balance{/}	{@st41b}예상 잔액 ▶{/}	
UI_20150918_001775	Duración del Campamento	캠프 유지 시간				
UI_20150918_001776	Efecto	효과				
UI_20150918_001777	La duración del campamento aumenta al renovarse.{nl}Requiere %s de plata.	갱신시 캠프 유지시간이 증가되며{nl} %s실버가 소모됩니다.				
UI_20150918_001778	Almacén Personal	개인 창고				
UI_20150918_001779	{@st41b}Tipo : {@sti7}%s{/}	{@st41b}타입 : {@sti7}%s{/}				
UI_20150918_001780	{@st41b}Dificultad : {@sti7}%s{/}	{@st41b}조작난이도 : {@sti7}%s{/}				
UI_20150918_001781	{#ffff00}{ol}%s{/}{/} jugadores les gusta este personaje	이 플레이어가 좋아요 {#ffff00}{ol}%s{/}				
UI_20150918_001782	{@st43}Mazmorras Instanciadas	{@st43}인스턴스 던전				
UI_20150918_001783	{@st41}Verificar Ubicación	{@st41}위치 확인				
UI_20150918_001784	{#000000}Nombre de la Mazmorra{/}	{#000000}이름{/}				
UI_20150918_001785	{#000000}Nivel mínimo{/}	{#000000}입장레벨{/}				
UI_20150918_001786	{#000000}Cantidad de Entradas{/}	{#000000}입장 회수{/}				
UI_20150918_001787	{#000000}El número de entradas se reiniciará a las %s.{/}	{#000000}입장 횟수는 %s시에 초기화 됩니다.{/}				
UI_20150918_001788	{img silver 20 20} Precio	{img silver 20 20} 받는 가격				
UI_20150918_001789	Información de grupos cercanos	주변 파티 정보				
UI_20150918_001790	Fragmentos Requeridos : %s 	필요 파편 : %s개	UI_20150729_001740	Fragmentos necesarios : Mutante %s / Bestia %s / Planta %s	필요 파편 : 변이 %s개 / 야수 %s개 / 식물 %s개	
UI_20150918_001791	{@st66b}Vacío	{@st66b}비우기				
UI_20150918_001792	{@st42}Mostrar Grupos Cercanos{/}	{@st42}주변 파티 정보 표시{/}				
UI_20150918_001793	Amistad con {@sti9}%s{@st66b} : {@st66b}Nivel{/} {@sti9}%s {@st66b}	{@sti9}%s{@st66b}과의 친밀도 : {@sti9}%s {@st66b}레벨{/}	UI_20150317_000480	{@sti9}%s{@st41b}Cercanía : {@sti9}%s {@st41b}Nivel{/}	{@sti9}%s{@st41b}과의 친밀도 : {@sti9}%s {@st41b}레벨{/}	
UI_20150918_001794	Amistad	친밀도	UI_20150317_000483	{@st41b}Afinidad{/}	{@st41b}친밀도{/}	
UI_20150918_001795	{@st41b}¡Material obtenido para fabricar objeto!	{@st41b}제작 아이템 재료 획득!				
UI_20150918_001796	{@st66b}¡{s20}Te has quedado {/}{s20}{#cc6600}{ol}Incapacitado para el combate {/}{@st66b}{s20}!{/}	{@st66b}{s20}당신은 {/}{s20}{#cc6600}{ol}전투 불능 {/}{@st66b}{s20}상태가 되었습니다!{/}				
UI_20150918_001797	{@st66b}Reiniciar desde el Punto de Reaparición más cercano{/}	{@st66b}가까운 부활지점에서 다시하기{/}				
UI_20150918_001798	{@st66b}Reiniciar aquí (requiere %s TP){/}	{@st66b}제자리에서 다시하기(NXP %s개 필요){/}	UI_20150317_000607	{@st41b}Reaparecer aquí (requiere %s TP) {/}	{@st41b}제자리에서 다시하기(NXP %s개 필요){/}	
UI_20150918_001799	{@st66b}Volver a la región{/}	{@st66b}필드로 복귀하기{/}				
UI_20150918_001800	{@st66b}Abandonar la misión e intentar de nuevo{/}	{@st66b}퀘스트 포기 후 재시작하기{/}	UI_20150317_000609	{@st41b}Abandonar misión y reiniciar{/}	{@st41b}퀘스트 포기 후 재시작하기{/}	
UI_20150918_001801	{@st66b}Intentar de Nuevo{/}	{@st66b}재도전{/}	UI_20150317_000610	{@st41b}Intentar de nuevo{/}	{@st41b}재도전{/}	
UI_20150918_001802	{@st66b}Objetos Vendidos{/}	{@st66b}내가 판매한 아이템{/}				
UI_20150918_001803	{@st53}Puntos de Ranking : %s	{@st53}랭킹포인트 : %s				
UI_20150918_001804	Total No Comerciable: %s	총 거래 불가: %s개				
UI_20150918_001805	{@st42b}Verificar Diálogo{/}	{@st42b}대사 확인{/}				
UI_20150918_001806	{@st66b}Dar comida a grupo externo{/}	{@st66b}파티원 외 음식 제공{/}				
UI_20150918_001807	{@st41b}Cambiar Título del Cartel	{@st41b}간판이름변경				
UI_20150918_001808	{@sti9}Mi Rango	{@sti9}내 랭킹				
UI_20150918_001809	{@sti9}Rango de Eliminaciones	{@sti9}킬 랭킹				
UI_20150918_001810	{@sti9}Rango de Daño	{@sti9}데미지 랭킹				
UI_20151001_001811	{@st43}Configuración de Teclas{/}	{@st43}키 설정{/}				
UI_20151001_001812	{@st45tw2}Categoría	{@st45tw2}카테고리				
UI_20151001_001813	Acción	액션				
UI_20151001_001814	Restaurar predeterminados	기본값 복원				
UI_20151016_001815	{@st59}El objeto seleccionado será bloqueado{/}	{@st59}선택한 아이템이 잠금 상태가 됩니다.{/}				
UI_20151016_001816	{@st59}Puedes cambiar el tema de tu refugio y previsualizarlo.	{@st59}미리보기로 살펴보고 숙소의 테마를 변경할 수 있습니다. 	UI_20150323_001384	{@st59}Cambiar Refugio{nl} - Cambia el mapa y expande el número de personajes disponibles cambiando tu Refugio. 	{@st59}속소 변경{nl} - 숙소를 변경하여 맵을 변경하고 인원수를 확장합니다.	
UI_20151016_001817	%s Personajes{/}	정원%s명{/}				
UI_20151016_001818	{@st42b}Vista Previa	{@st42b}미리보기				
UI_20151016_001819	{@st42b}Regresar	{@st42b}돌아가기				
UI_20151016_001820	{@st42b}Comprar	{@st42b}구매				
UI_20151016_001821	{@st42b}Usar	{@st42b}적용				
UI_20151016_001822	Nombre y Descripción del Gremio	길드명과 소개글				
UI_20151016_001823	Nombre del Equipo	팀이름				
UI_20151016_001824	Título	직책				
UI_20151016_001825	Aviso	공지사항				
UI_20151022_001826	{@st41}Cola del Servidor	{@st41}서버 입장 대기중				
UI_20151022_001827	{#000000}{s18}El servidor está actualmente lleno. En cola para entrar.	{#000000}{s18}서버 인원이 가득 차 입장 대기 중 입니다.				
UI_20151022_001828	{#000000}{s18}Posición Actual : %s	{@st66b18}현재 순위 : %s				
UI_20151022_001829	{@st66b}Mostrar Efectos de Otros Personajes	{@st66b}다른 캐릭터 이펙트 보기				
UI_20151102_001830	TP	NXP				
UI_20151224_001831	{@st41b}Cambiar{s18}(Requiere 100 TP){/}	{@st41b}변경{s18}(TP 100 필요){/}	UI_20150317_000045	{@st41b} Cambiar {s18} (se requieren 100 TP) {/}	{@st41b}변경{s18}(NXP 100 필요){/}	
UI_20151224_001832	Cantidad a Consumir	소비 개수				
UI_20151224_001833	Cantidad Disponible	보유 개수				
UI_20151224_001834	{@st43}Tienda para venta de magia{/}	{@st43}주문 판매상점{/}	UI_20150428_001498	{@st43}Tienda de Compra{/}	{@st43}매입상점{/}	
UI_20151224_001835	{@st59}Cerrar{/}	{@st59}주문 판매상점을 닫습니다{/}				
UI_20151224_001836	{@st43}Tienda para venta de magia	{@st43}주문 판매상점	UI_20150317_000065	{@st43}Máquina Expendedora de Buffs	{@st43}버프 자판기	
UI_20151224_001837	Tienda para venta de magia	주문 판매상점	UI_20150317_000069	Máquina Expendedora de Buffs	버프 자판기	
UI_20151224_001838	{@st59}Cerrar	{@st59}주문 판매상점을 닫습니다.	UI_20150317_000070	{@st59}Cerrar	{@st59}버프 자판기를 닫습니다.	
UI_20151224_001839	{@st59}Tienda de Venta de Hechizos{nl} - Puedes recibir una habilidad de buff del jugador pagando en plata.	{@st59}주문 판매상점{nl} - 실버를 지불해 해당 플레이어에게 버프 스킬을 받을 수 있습니다.	UI_20150317_000071	{@st59}Máquina Expendedora de Buffs{nl} - Puedes pagar plata para recibir buffs de otro jugador.	{@st59}버프 자판기{nl} - 실버를 지불해 해당 플레이어에게 버프 기술을 시전받을 수 있습니다.	
UI_20151224_001840	{@st41b}Construir	{@st41b}건설				
UI_20151224_001841	{@st41b}Materiales y Precio	{@st41b}소비재료 및 비용				
UI_20151224_001842	{@st66b}Campamento Base	{@st66b}베이스캠프	UI_20150406_001460	{@st41b}Campamento Base	{@st41b}베이스캠프	
UI_20151224_001843	{@st66b}Registros	{@st66b}기록				
UI_20151224_001844	Cantidad de Piernas	다리개수	UI_20150729_001734	Cantidad de Piernas	다리갯수	
UI_20151224_001845	{@st41}Confirmar	{@st41}확인				
UI_20151224_001846	{@st42}Usar{/}	{@st42}사용{/}				
UI_20151224_001847	{@st66b18}※ Las compras hechas con TP no son reembolsables.{/}	{@st66b18}※구매에 사용된 TP는 환불되지 않습니다.{/}				
UI_20151224_001848	{@st59}Gremio  (/g chat){/}	{@st59}길드  (/g 할말){/}				
UI_20151224_001849	{@st59}Gremio   (/g chat){/}	{@st59}길드   (/g 할말){/}				
UI_20151224_001850	{@st42}Tamaño de Texto	{@st42}글자 크기				
UI_20151224_001851	{@st66b}Información	{@st66b}정보	UI_20150317_000153	{@st41b}Información	{@st41b}정보	
UI_20151224_001852	HP de la Estatua de Diosa	여신상HP				
UI_20151224_001853	Ronda	라운드				
UI_20151224_001854	Jugador	플레이어				
UI_20151224_001855	Aliado	아군				
UI_20151224_001856	Enemigo	적군				
UI_20151224_001857	{@st66b}Cocina	{@st66b}조리	UI_20150414_001491	{@st41b}Cocina	{@st41b}조리	
UI_20151224_001858	{@st66b}Comida	{@st66b}음식	UI_20150414_001492	{@st41b}Comida	{@st41b}음식	
UI_20151224_001859	{@st66b}Lista	{@st66b}목록	UI_20150317_000214	{@st41b}Lista	{@st41b}목록	
UI_20151224_001860	{@st66b}Gestionar	{@st66b}관리	UI_20150317_000215	{@st41b}Gestionar	{@st41b}관리	
UI_20151224_001861	{@st59}Cerrar{/}	{@st59}길드 정보를 닫습니다{/}				
UI_20151224_001862	{@st43}Gremio{/}	{@st43}길드{/}				
UI_20151224_001863	{@st41b}Información Básica	{@st41b}기본정보				
UI_20151224_001864	{@st41b}Propiedad	{@st41b}속성				
UI_20151224_001865	Buscando participantes para evento de gremio.	길드이벤트 참가자를 모집하고 있습니다.				
UI_20151224_001866	{@st41b}Mejora y Rango	{@st41b}성장 및 랭크				
UI_20151224_001867	{@st41b}Atributos del Gremio	{@st41b}길드 특성				
UI_20151224_001868	{@st43}Mejorar Gremio{/}	{@st43}길드 성장{/}				
UI_20151224_001869	Cap / Ubicación	채널 / 위치				
UI_20151224_001870	Invocar	소환				
UI_20151224_001871	A Miembro del Gremio	길드원에게 가기				
UI_20151224_001872	Ir	가기				
UI_20151224_001873	{@st43}Historial{/}	{@st43}히스토리{/}				
UI_20151224_001874	{@st59}Cerrar{/}	{@st59}히스토리 정보를 닫습니다.{/}				
UI_20151224_001875	{@st45tw2}Categoría{/}	{@st45tw2}항목{/}				
UI_20151224_001876	{@st45tw2}Valor de Variación{/}	{@st45tw2}변동값{/}				
UI_20151224_001877	{@st45tw2}Tiempo{/}	{@st45tw2}시간{/}				
UI_20151224_001878	{@st45tw2}Recuperar{/}	{@st45tw2}복구{/}				
UI_20151224_001879	{@st66b}Mazmorras{/}	{@st66b}던전{/}				
UI_20151224_001880	{@st66b}Misión del Puesto de Solicitud{/}	{@st66b}의뢰소 미션{/}				
UI_20151224_001881	{@st66b18}Límite de Entrada{/}	{@st66b18}입장 횟수{/}				
UI_20151224_001882	{@st45tw2}Nombre{/}	{@st45tw2}이름{/}				
UI_20151224_001883	{@st45tw2}Nv. de Entrada{/}	{@st45tw2}입장레벨{/}				
UI_20151224_001884	Tiempo Transcurrido : 	검색 시간 : 				
UI_20151224_001885	{@st59}Acercar{/}	{@st59}지도를 확대합니다{/}				
UI_20151224_001886	{@st59}Alejar{/}	{@st59}지도를 축소합니다{/}				
UI_20151224_001887	{@st59}Mostrar último punto de teletransporte{/}	{@st59}마지막 워프 지역을 봅니다{/}				
UI_20151224_001888	{@st59}Mostrar Ubicación Actual{/}	{@st59}현재 위치를 봅니다{/}				
UI_20151224_001889	{@st59}Traje de Cabello 3{/}	{@st59}헤어 코스튬3{/}				
UI_20151224_001890	{@st59}Peinado{/}	{@st59}헤어{/}				
UI_20151224_001891	{@st41b}Cancelar	{@st41b}취 소				
UI_20151224_001892	{@st41b}Confirmar	{@st41b}확 인				
UI_20151224_001893	{@st66b}Tostando{/}	{@st66b}로스팅{/}	UI_20150714_001569	{@st41b}Tostando{/}	{@st41b}로스팅{/}	
UI_20151224_001894	{@st66b}Registros{/}	{@st66b}기록{/}				
UI_20151224_001895	Número restante	남은 개수				
UI_20151224_001896	{@st66b}Mantenimiento{/}	{@st66b}손질{/}	UI_20150323_001333	{@st41b}Reparar{/}	{@st41b}손질{/}	
UI_20151224_001897	{@st66b}Reparar{/}	{@st66b}수리{/}	UI_20150323_001345	{@st41b}Reparar{/}	{@st41b}수리{/}	
UI_20151224_001898	{@st41}Nivel de Habilidad	{@st41}스킬레벨				
UI_20151224_001899	{@st41}Material de Riquezas	{@st41}재물 재료				
UI_20151224_001900	{@st66b}Despedir Ayudante (Requiere %s TP){/}	{@st66b}헬퍼 남기기(TP %s개 필요){/}	UI_20150714_001574	{@st66b}Dejar Ayudante(Requiere %s TP){/}	{@st66b}헬퍼 남기기(NXP %s개 필요){/}	
UI_20151224_001901	{@st66b}Mapa Completo{/}	{@st66b}전체 지도{/}				
UI_20151224_001902	{@st59}Mostrar Mapa Completo{/}	{@st59}전체 지도를 엽니다{/}				
UI_20151224_001903	{ol}Mensaje	{ol}메시지	UI_20150317_000352	{ol}Mensaje	{ol}메세지	
UI_20151224_001904	{@st66b18}Recuperar	{@st66b18}아이템 수령함				
UI_20151224_001905	{@st66b18}Vender	{@st66b18}판매 등록				
UI_20151224_001906	{@st66b18}Comprar	{@st66b18}판매중인 아이템				
UI_20151224_001907	{@st45tw2}Nv.{/}	{@st45tw2}레벨{/}				
UI_20151224_001908	{@st45tw2}Precio Unitario{/}	{@st45tw2}단가{/}				
UI_20151224_001909	{@st45tw2}Cantidad{/}	{@st45tw2}구매개수{/}				
UI_20151224_001910	{@st45tw2}Precio Total{/}	{@st45tw2}총 금액{/}				
UI_20151224_001911	{@st42}Opciones Avanzadas{/}	{@st42}상세옵션{/}				
UI_20151224_001912	{@st65}Nivel{/}	{@st65}레벨{/}				
UI_20151224_001913	{@st65}Nivel de Mejora{/}	{@st65}강화 수치{/}				
UI_20151224_001914	{@st59}Buscar por nombre de objeto y opciones{/}	{@st59}입력한 이름과 작성된 옵션으로 검색합니다{/}				
UI_20151224_001915	{@st65}Menor Primero{/}	{@st65}낮은 가격순{/}				
UI_20151224_001916	{@st65}Mayor Primero{/}	{@st65}높은 가격순{/}				
UI_20151224_001917	{@st45tw2}Cantidad{/}	{@st45tw2}개수{/}				
UI_20151224_001918	{@st45tw2}Tiempo hasta la Recuperación{/}	{@st45tw2}수령 가능 시간{/}				
UI_20151224_001919	{@st66b}Período de Venta y Tarifa de Comisión{/}	{@st66b}판매 등록 시간 및 수수료{/}				
UI_20151224_001920	{@st66}Después de 48 horas, podrás recuperar tu{nl}plata del Mercado, con excepción de los Tokens.	{@st66}토큰 아이템을 제외한 판매 아이템의{nl}정산된 실버는 48시간 후 수령할 수 있습니다.{/}				
UI_20151224_001921	{@st45tw2}Plazo{/}	{@st45tw2}마감 시간{/}				
UI_20151224_001922	{@st45tw2}Tarifa de Comisión{/}	{@st45tw2}판매 완료시 수수료{/}				
UI_20151224_001923	{@st45tw2}Precio Total{/}	{@st45tw2}총금액{/}				
UI_20151224_001924	Precio Límite Máximo{/}	상한가{/}				
UI_20151224_001925	Precio Límite Mínimo{/}	하한가{/}				
UI_20151224_001926	{@st66}Precio Más Bajo del Mercado{/}	{@st66}하위시세{/}				
UI_20151224_001927	{@st66}Precio Más Alto del Mercado{/}	{@st66}상위시세{/}				
UI_20151224_001928	%s (Cap %s)	%s (%s 채널)				
UI_20151224_001929	Número de Fragmentos	파편의 개수				
UI_20151224_001930	{@st66b}Abrir	{@st66b}열기	UI_20150401_001417	{@st41b}Abrir	{@st41b}열기	
UI_20151224_001931	{@st66b}Caja de Ofrendas	{@st66b}봉헌함	UI_20150401_001418	{@st41b}Caja de Ofrendas	{@st41b}봉헌함	
UI_20151224_001932	{@st66b}Miembros{/}	{@st66b}구성{/}	UI_20150317_000439	{@st41b}Miembros{/}	{@st41b}구성{/}	
UI_20151224_001933	{@st66b}Evento de Grupo{/}	{@st66b}파티 이벤트{/}	UI_20150317_000440	{@st41b}Evento de Grupo {/}	{@st41b}파티 이벤트{/}	
UI_20151224_001934	{@st66b}Configuración{/}	{@st66b}설정{/}				
UI_20151224_001935	{@st42b}Guardar{/}	{@st42b}저장{/}				
UI_20151224_001936	{@st41}Nombre y Descripción del Grupo{/}	{@st41}파티명과 설명{/}				
UI_20151224_001937	Mostrar Grupos Cercanos	주변 파티 정보 표시	UI_20150918_001792	{@st42}Mostrar Grupos Cercanos{/}	{@st42}주변 파티 정보 표시{/}	
UI_20151224_001938	Grupo Público	공개 파티 목록에 등록				
UI_20151224_001939	Diferencia de Nv.	레벨 차이				
UI_20151224_001940	Usar 'Recomendar Grupo'	파티원 추천 기능 사용				
UI_20151224_001941	{@st66b}Insertar Etiqueta de Invitación de Grupo	{@st66b}파티 초대 태그 삽입				
UI_20151224_001942	Misión Competitiva	경쟁 미션				
UI_20151224_001943	Unidad	단위				
UI_20151224_001944	{@st41b}Entrar	{@st41b}가입	UI_20150714_001613	Unirse	가입	
UI_20151224_001945	{@st66b}Lista de Grupos Públicos{/}	{@st66b}공개 파티 목록{/}	UI_20150717_001717	{@st41b}Lista de Grupos Públicos{/}	{@st41b}공개 파티 목록{/}	
UI_20151224_001946	{@st66b}Lista de Jugadores Recomendados{/}	{@st66b}추천 플레이어 목록{/}	UI_20150729_001746	{@st41b}Lista de Jugadores Recomendados{/}	{@st41b}추천 플레이어 목록{/}	
UI_20151224_001947	Vida	수명				
UI_20151224_001948	{@st43}Buzón de Mensajes	{@st43}메시지함				
UI_20151224_001949	{@st66b}Todo	{@st66b}전체				
UI_20151224_001950	{@st66b}No Leído	{@st66b}안읽은 메시지함	UI_20150714_001618	{@st41b}Mensajes No Leídos	{@st41b}안읽은 메세지함	
UI_20151224_001951	{@st59b}Misiones{nl}{@st59s} - Cuando tienes una nueva misión, se agregará a la ventana de misiones.{nl} - Una misión principal se muestra en color amarillo, mientras que una submisión se muestra en azul.{nl} - La flecha en el pie de tu personaje conduce a la ubicación de tu misión{nl} - Se muestra un ícono de 'Regresar' en la ventana de misiones cuando se completa una misión{nl}  (Te teletransporta al NPC de la Misión usando la tecla Retroceso o un clic del mouse){nl} - Agrega o elimina misiones en la ventana de misiones marcando o desmarcando la casilla frente al nombre de la misión{/}	{@st59b}퀘스트{nl}{@st59s} - 퀘스트 획득시 퀘스트 지령창에 등록{nl} - 메인퀘스트는 노란색, 서브퀘스트는 파란색 표시{nl} - 캐릭터 발 밑의 화살표로 퀘스트 위치를 표시{nl} - 퀘스트 완료시 퀘스트 지령창에 돌아가기 아이콘 표시{nl}  (백스페이스나 마우스 클릭으로 완료 NPC로 순간이동){nl} - 퀘스트 지령창에 등록/해제시 퀘스트 이름 앞 체크 선택{/}	UI_20150317_000519	{@st59b}Misiones{nl}{@st59s} - Cuando tienes una nueva misión, se agregará al rastreador de misiones. {nl} - Una misión principal se muestra en color amarillo, mientras que una submisión se muestra en azul. {nl} - La flecha en el pie del personaje conduce a la ubicación de tu misión. {nl} - Si completaste una misión, se muestra un ícono de 'Regresar' en el rastreador de misiones. {nl}    (Te teletransporta al NPC de la Misión usando la tecla Retroceso o un clic del mouse) {nl} - Agrega o elimina misiones en el rastreador de misiones marcando o desmarcando la casilla frente al nombre de la misión. {/}	{@st59b}퀘스트{nl}{@st59s} - 퀘스트 획득시 퀘스트 알리미에 등록{nl} - 메인퀘스트는 노란색, 서브퀘스트는 파란색 표시{nl} - 캐릭터 발 밑의 화살표로 퀘스트 위치를 표시{nl} - 퀘스트 완료시 퀘스트 알리미에 돌아가기 아이콘 표시{nl}  (백스페이스나 마우스 클릭으로 완료 NPC로 순간이동){nl} - 퀘스트 알리미에 등록/해제시 퀘스트 이름 앞 체크 선택{/}	
UI_20151224_001952	{@st66b}  En Progreso  {/}	{@st66b}  진행  {/}	UI_20150317_000520	{@st41b}En Progreso{/}	{@st41b}  진행  {/}	
UI_20151224_001953	{@st66b}  Abandonado  {/}	{@st66b}  포기  {/}	UI_20150317_000521	{@st41b}Abandonado{/}	{@st41b}  포기  {/}	
UI_20151224_001954	{@st66b}Resucitar con el Cristal de Alma{/}	{@st66b}소울 크리스탈로 부활하기{/}				
UI_20151224_001955	{@st59b}Tienda{nl}{@st59s} - Usa Shift + Clic derecho para ingresar una cantidad para vender/comprar varios objetos{nl} - Haz clic derecho dos veces para vender todos los objetos{/}	{@st59b}상점{nl}{@st59s} - 아이템을 여러 개 판매/구매하려면 Shift + 우클릭 후 개수 입력{nl} - 아이템을 전량 판매하려면 마우스 더블 우클릭으로 이용{/}	UI_20150717_001723	{@st59b}Tienda{nl}{@st59s} - Usa Shift + Clic derecho e ingresa una cantidad para comprar/vender varios objetos{nl} - Haz clic derecho dos veces para vender todos los objetos{/}	{@st59b}상점{nl}{@st59s} - 아이템을 여러 개 판매/구매하려면 Shift + 우클릭 후 갯수 입력{nl} - 아이템을 전량 판매하려면 마우스 더블 우클릭으로 이용{/}	
UI_20151224_001956	Cantidad	제작 개수				
UI_20151224_001957	{@st42}%s Beneficios{/}	{@st42}%s 헤택{/}				
UI_20151224_001958	¿Deseas usar este %s?{/}	%s 아이템을 사용하시겠습니까?{/}				
UI_20151224_001959	Este objeto desaparecerá de tu inventario{nl}Reinicia todos tus Puntos de Habilidad.	사용한 아이템은 인벤토리에서 사라지며{nl}전체 스킬 포인트가 초기화 됩니다.{/}				
UI_20151224_001960	{@st41}Usar	{@st41}사용				
UI_20151224_001961	{@st59b}Clases{nl}{@st59s}- Puedes aprender nuevas habilidades haciendo crecer el Círculo de tu clase. {nl} - Puedes elegir entre 3 clases disponibles para avanzar desde tu 1er a 2do ascenso. {nl} - Puedes ascender a la misma clase hasta 3 veces. {nl} - No puedes volver a tu clase anterior una vez que has ascendido a otra clase. {nl} - Debes consumir todos tus Puntos de Habilidad para poder ascender. {nl} - Puedes elegir la misma clase.{nl}{@st59b}Habilidades{nl}{@st59s} - Puedes aumentar el rango de cada habilidad hasta el nivel 5.{nl} - Los atributos aprendidos de tus Maestros se pueden ver debajo de tus habilidades. {/}	{@st59b}클래스{nl}{@st59s} - 클래스의 서클을 성장시켜 해당 클래스의 스킬을 습득{nl} - 1차 직업에서 2차 직업로 전직할 경우 3개 클래스 선택 가능{nl} - 동일한 직업으로 총 3회까지 전직 가능{nl} - 동일한 클래스도 선택 가능{nl}{@st59b}스킬{nl}{@st59s} - 각 랭크별 스킬은 최대 5레벨 증가 가능{nl} - 마스터에게 배운 특성은 스킬 하단에서 확인 가능{/}	UI_20150317_000649	{@st59b}Clases{nl}{@st59s}- Puedes aprender nuevas habilidades haciendo crecer el Círculo de tu clase. {nl} - Puedes elegir entre 3 clases disponibles para avanzar desde tu 1er a 2do ascenso. {nl} - Puedes ascender a la misma clase hasta 3 veces. {nl} - No puedes volver a tu clase anterior una vez que has ascendido a otra clase. {nl} - Debes consumir todos tus Puntos de Habilidad para poder ascender. {nl} - Puedes elegir la misma clase.{nl}{@st59b}Habilidades{nl}{@st59s} - Puedes aumentar el rango de cada habilidad hasta el nivel 5.{nl} - Los atributos aprendidos de tus Maestros se pueden ver debajo de tus habilidades. {/}	{@st59b}클래스{nl}{@st59s} - 클래스의 서클을 성장시켜 해당 클래스의 스킬을 습득{nl} - 1차 직업에서 2차 직업로 전직할 경우 3개 클래스 선택 가능{nl} -  동일한 직업으로 총 3회까지 전직 가능{nl} -  다른 직업으로 전직 시 이전 직업은 전직 불가{nl} -  스킬포인트 모두 소비 시 전직 가능{nl} - 동일한 클래스도 선택 가능{nl}{@st59b}스킬{nl}{@st59s} - 각  랭크별 스킬은 최대 5레벨 증가 가능{nl} - 마스터에게 배운 특성은 스킬 하단에서 확인 가능{/}	
UI_20151224_001962	{@st66b}Información{/}	{@st66b}정보{/}				
UI_20151224_001963	{@st66b}Logros{/}	{@st66b}업적{/}	UI_20150401_001440	{@st41b}Logros{/}	{@st41b}업적{/}	
UI_20151224_001964	{@st66b}Configuración del Personaje{/}	{@st66b}캐릭터 설정{/}				
UI_20151224_001965	{@st59}Colección (F11){/}	{@st59}콜렉션 (F11){/}				
UI_20151224_001966	{@st66b}Configuración de Teclas	{@st66b}키 설정				
UI_20151224_001967	{@st42}Duración: %s{/}	{@st42}사용기간 : %s{/}				
UI_20151224_001968	Elimina el %s de{nl}tu inventario, otorgando beneficios para %s{nl}en este %s.{/}	사용한 %s 인벤토리에서 사라지며{nl}%s동안 현재 %s에만 적용됩니다.{/}				
UI_20151224_001969	Elimina el %s{nl}de tu inventario y lo aplica a este %s.{/}	사용한 %s 인벤토리에서{nl}사라지며 현재 %s에만 적용됩니다.{/}				
UI_20151224_001970	La duración de tu Token se puede ver en la Configuración del Personaje.	캐릭터 설정창에서 잔여시간을 확인하실 수 있습니다.{/}				
UI_20151224_001971	{@st59}Cerrar{/}	{@st59}TP SHOP을 닫습니다{/}				
UI_20151224_001972	{@st43}{s18}Vista Previa y Compra	{@st43}{s18}미리보기 및 구매				
UI_20151224_001973	Vista Previa	미리보기				
UI_20151224_001974	TP de Objetos Equipados	착용 품목 TP				
UI_20151224_001975	{@st49}Comprar Objeto Equipado{/}	{@st49}이대로 구매하기{/}				
UI_20151224_001976	Bolsa de Compras	장바구니				
UI_20151224_001977	TP Disponible	보유중인 TP				
UI_20151224_001978	TP de Bolsa de Compras	장바구니 TP				
UI_20151224_001979	TP Restante	잔여 TP				
UI_20151224_001980	{@st49}Confirmar Compra{/}	{@st49}구매 확정{/}				
UI_20151224_001981	{@st66b}Expandir Almacén	{@st66b}창고 확장				
UI_20151224_001982	{@st59}Expandir Almacén{/}	{@st59}창고를 확장합니다{/}				
UI_20151224_001983	{@st42b}Área{/}	{@st42b}지역{/}				
UI_20151224_001984	{@st59}Abrir Mapa{/}	{@st59}지도를 엽니다{/}				
UI_20151224_001985	Número	{ol}개수				
UI_20151224_001986	{@st43}Cambiar Nombre de Equipo{/}	{@st43}팀명 변경{/}				
UI_20151224_001987	{@st59}Cambiar Nombre de Equipo{/}	{@st59}팀명을 변경합니다{/}				
UI_20151224_001988	{@st59}Cancelar{/}	{@st59}팀명 변경을 취소합니다{/}				
UI_20151224_001989	{@st66b18}Cambiar Nombre de Equipo{/}	{@st66b18}팀명 변경{/}				
UI_20151224_001990	{@st66b18}Cambiar Refugio{/}	{@st66b18}숙소 변경{/}				
UI_20151224_001991	{@st66}Un cambio de Nombre de Equipo cuesta 150 TP{/}	{@st66}※팀명 변경시 150TP가 소모됩니다.{/}				
UI_20151224_001992	{@st59}Ingresa un nombre{/}	{@st59}원하시는 이름을 입력하세요{/}				
UI_20151224_001993	{@st41b}TP Gratis{/}	{@st41b}무료 TP{/}				
UI_20151224_001994	{@st59}Cerrar{/}	{@st59}숙소 꾸미기를 닫습니다{/}	UI_20150317_000954	{@St59}Cerrar{/}	{@st59}배럭 꾸미기를 닫습니다{/}	
UI_20151224_001995	{@st43}Decoración del Refugio{/}	{@st43}숙소 꾸미기{/}	UI_20150317_000955	{@St43}Decoración del Refugio{/}	{@st43}배럭 꾸미기{/}	
UI_20151224_001996	{@st41b}Visita al Refugio{/}	{@st41b}숙소방문{/}				
UI_20151224_001997	{@st59}Visita los refugios de otros jugadores.{/}	{@st59}다른 사람의 숙소를 방문합니다.{/}				
UI_20151224_001998	{@st41b}Buzón de Mensajes{/}	{@st41b}메시지{/}				
UI_20151224_001999	{@st59}Abrir el Buzón de Mensajes{/}	{@st59}메시지함을 엽니다{/}	UI_20150714_001665	{@st59}Abre el Buzón de Mensajes{/}	{@st59}메세지함을 엽니다{/}	
UI_20151224_002000	{@st42}Personaje{/}	{@st42}캐릭터{/}				
UI_20151224_002001	{@st42}TP Gratis{/}	{@st42}무료TP{/}				
UI_20151224_002002	{@st42}TP de Evento{/}	{@st42}이벤트TP{/}				
UI_20151224_002003	{@st41b}Créditos{/}	{@st41b}크레디트{/}				
UI_20151224_002004	{@st59}Créditos{/}	{@st59}크레디트{/}				
UI_20151224_002005	{@st42}Productor y Director{/}{nl}{@st41b}{s22}Seyong Kim{nl} {nl}{@st42}Director de Arte{nl}{@st41b}{s22}Jeongwon An (MAGGI){nl} {nl}{@st42}Diseñador de Arte{nl}{@st41b}{s22}Mina Kim{nl}Heajin Sung{nl}Minkyong Kang{nl}Junhyuck Park{nl}Jinyoung Bae{nl}Hyosun Shin{nl}Sehee Park{nl} {nl}{@st42}Programador Senior{nl}{@st41b}{s22}Sanghyup Shin{nl} {nl}{@st42}Programador de Investigación{nl}{@st41b}{s22}Jaehoon Jung{nl} {nl}{@st42}Programador{nl}{@st41b}{s22}Young Choi{nl}Seongbae Han{nl}Bora Kim{nl}YongGyun Lee{nl}Minkyu Kim{/}	{@st42}프로듀서 겸 디렉터{/}{nl}{@st41b}{s22}김세용{nl} {nl}{@st42}아트 디렉터{nl}{@st41b}{s22}안정원{nl} {nl}{@st42}아트 디자이너{nl}{@st41b}{s22}김민아{nl}성혜진{nl}강민경{nl}박준혁{nl}배진영{nl}신효선{nl}박세희{nl} {nl}{@st42}책임 프로그래머{nl}{@st41b}{s22}신상협{nl} {nl}{@st42}선임 프로그래머{nl}{@st41b}{s22}정재훈{nl} {nl}{@st42}프로그래머{nl}{@st41b}{s22}최영{nl}한성배{nl}김보라{nl}이용균{nl}김민규{/}				
UI_20151224_002006	{@st42}Diseñador de Sistema de Batalla{nl}{@st41b}{s22}Girak Choi{nl}{nl}P.J. Kim{nl} {nl}{@st42}Diseñador de Niveles{nl}{@st41b}{s22}Hongseok Ra{nl} {nl}{@st42}Director de Guion{nl}{@st41b}{s22}Seungjo Lee{nl} {nl}{@st42}Animador Principal{nl}{@st41b}{s22}Sujin Lee{nl} {nl}{@st42}Animador{nl}{@st41b}{s22}Seunghyeon Myeong{nl}Minwoo Park{nl}Sookyung Kim{nl}Dongjin Kim{nl}Mijin Kim{nl} {nl}{@st42}Efectos / SFX{nl}{@st41b}{s22}Hyejin Jung{nl} {nl}{@st42}Diseñador de Personajes{nl}{@st41b}{s22}Jiae Park{nl}Junwon Hwang{nl}Subum Lee{nl}Dami Kim{/}	{@st42}전투기획{nl}{@st41b}{s22}최기락{nl}김평직{nl}김현일{nl} {nl}{@st42}레벨 디자이너{nl}{@st41b}{s22}라홍석{nl} {nl}{@st42}연출 감독{nl}{@st41b}{s22}이승조{nl} {nl}{@st42}리드 애니메이터{nl}{@st41b}{s22}이수진{nl} {nl}{@st42}애니메이터{nl}{@st41b}{s22}명승현{nl}박민우{nl}김수경{nl}신동진{nl}김미진{nl} {nl}{@st42}이펙트 / SFX{nl}{@st41b}{s22}정혜진{nl} {nl}{@st42}캐릭터 디자이너{nl}{@st41b}{s22}박지애{nl}황준원{nl}이수범{nl}김담이{/}				
UI_20151224_002007	{@st42}Diseñador de Fondos{nl}{@st41b}{s22}Roch{nl}Rendering Studio Corp.{nl}Lisa Lee{nl}Dongho Kang{nl}JIN{nl}Yeonew{nl}Moje{nl}Hyunjung Lee{nl} {nl}{@st42}Gerente de Diseño de Contenido{nl}{@st41b}{s22}Choungsu Lee{nl} {nl}{@st42}Diseñador de Contenido{nl}{@st41b}{s22}Ujeong Son{nl}Wonjong Lee{nl}Orange Smith{nl}Jihyun Moon{nl}Jeongsu Kim{nl}Donghun Choe{nl}Seungyoung Jin{nl}Ginyi Lee{nl}Jongwook Moon{nl} {nl}{@st42}Guionista{nl}{@st41b}{s22}Seion Kim{nl} {nl}{@st42}Supervisor de Construcción de Mundo{nl}{@st41b}{s22}Martynas Siauciunas Kacinskas{nl}Kristina Kudriasova{/}	{@st42}배경 그래픽 디자이너{nl}{@st41b}{s22}장세명{nl}(주)렌더링{nl}이윤선{nl}강동호{nl}이남진{nl}연유경{nl}장용덕{nl}이현정{nl} {nl}{@st42}컨텐츠 기획 매니저{nl}{@st41b}{s22}이청수{nl} {nl}{@st42}컨텐츠 기획자{nl}{@st41b}{s22}손우정{nl}이원종{nl}정현진{nl}문지현{nl}김정수{nl}최동훈{nl}진승영{nl}이긴이{nl}문종욱{nl} {nl}{@st42}시나리오 라이터{nl}{@st41b}{s22}김세연{nl} {nl}{@st42}설정 감수{nl}{@st41b}{s22}마르티나스{nl}크리스티나{/}				
UI_20151224_002008	{@st42}Director de Sonido{nl}{@st41b}{s22}sevin{nl} {nl}{@st42}Director General de Sonido{nl}{@st41b}{s22}MIGHT{nl} {nl}{@st42}Diseñador de Sonido{nl}{@st41b}{s22}VIKCO{nl} {nl}{@st42}Gerente UX/UI{nl}{@st41b}{s22}Gilyong Lee{nl} {nl}{@st42}Diseñador de UI{nl}{@st41b}{s22}Jooyeon Seo{nl} {nl}{@st42}DBA{nl}{@st41b}{s22}Manju Han{nl} {nl}{@st42}Gerente de Control de Calidad{nl}{@st41b}{s22}Yonghyun Kim{nl} {nl}{@st42}Control de Calidad{nl}{@st41b}{s22}Yonghyun Ahn{nl}Eunyoung Park{nl}Mancheol No{nl}Eunyeong Lee{nl}Yebin Lheem{nl}Jaesoon Jang{nl}Jisu Park{/}	{@st42}음향감독{nl}{@st41b}{s22}곽동일{nl} {nl}{@st42}선임 사운드 디자이너{nl}{@st41b}{s22}정희록{nl} {nl}{@st42}사운드 디자이너{nl}{@st41b}{s22}박선태{nl} {nl}{@st42}UX/UI 매니저{nl}{@st41b}{s22}이길용{nl} {nl}{@st42}UI 디자이너{nl}{@st41b}{s22}서주연{nl} {nl}{@st42}데이터 베이스{nl}{@st41b}{s22}한만주{nl} {nl}{@st42}QA 매니저{nl}{@st41b}{s22}김용현{nl} {nl}{@st42}QA{nl}{@st41b}{s22}안용현{nl}박은영{nl}노만철{nl}이은영{nl}임예빈{nl}장재순{nl}박지수{/}				
UI_20151224_002009	{@st42}Director de Publicación Global{nl}{@st41b}{s22}Moojin Shin{nl} {nl}{@st42}Localización{nl}{@st41b}{s22}Jay{nl}Shawn{nl}Jenny{nl}John{nl} {nl}{@st42}Soporte Técnico{nl}{@st41b}{s22}Kangwoo Kim{nl}Wanjae Lee{nl}Sunyong Lee{nl}Sungkie Park{/}	{@st42}운영본부장{nl}{@st41b}{s22}신무진{nl} {nl}{@st42}해외 현지화{nl}{@st41b}{s22}신정호{nl}변성흠{nl}성명선{nl}김준영{nl} {nl}{@st42}기술 지원{nl}{@st41b}{s22}김강우{nl}이완재{nl}이선용{nl}박성기{/}				
UI_20151224_002010	Selecciona una ciudad de inicio	시작 도시 선택				
UI_20151224_002011	{@st44}Klaipeda	{@st44}클라페다				
UI_20151224_002012	{@st59s}Un Aldea Minera que ha progresado gracias a la Mina de Cristal.{nl}Esta ciudad recibió daños menores durante el Medzio Diena.{/}	{@st59s}수정광산을 중심으로 발전한 광업도시,{nl}신수의 날에 가장 경미한 피해를 입었다.{/}				
UI_20151224_002013	{@st44}Orsha	{@st44}오르샤				
UI_20151224_002014	{@st59s}Intentamos protegernos confiando en el castillo gigante durante el Medzio Diena.{nl}Pero el terrible desastre incluso engulló el castillo.{/}	{@st59s}신수의 날에 거대한 성곽에 의지해 재앙을 막아보려 했지만,{nl}재앙은 그 성곽마저도 삼켜버렸다.{/}				
UI_20151224_002015	{@st59}Regresa a mi Refugio.{/}	{@st59}나의 숙소로 돌아갑니다.{/}	UI_20150317_001112	{@St59}Regresar a Mi Refugio.{/}	{@st59}나의 배럭으로 돌아갑니다.{/}	
UI_20151224_002016	{@st43}{s24}Nombre del Refugio{/}	{@st43}{s24}숙소 이름{/}	UI_20150317_001113	{@St43}{s24}NombreDelRefugio{/}	{@st43}{s24}배럭 이름{/}	
UI_20151224_002017	{@st59}Nombre del Refugio{/}	{@st59}숙소 이름{/}	UI_20150317_001114	{@St59}Nombre del Refugio{/}	{@st59}배럭 이름{/}	
UI_20151224_002018	{@st59}Configuración del Refugio{/}	{@st59}숙소 설정{/}	UI_20150317_001118	{@St59}Configuración del Cuartel{/}	{@st59}배럭 설정{/}	
UI_20151224_002019	{@st42}Número de resets	{@st42}초기화 횟수				
UI_20151224_002020	{@st41}Mensaje	{@st41}메시지				
UI_20151224_002021	{@st59}Mostrar Diálogo de Misión{/}	{@st59}퀘스트 대사 보기{/}				
UI_20151224_002022	{@st59}Abandonar Misión{/}	{@st59}퀘스트 포기{/}				
UI_20151224_002023	{@st49}Vista Previa{/}	{@st49}미리보기{/}				
UI_20151224_002024	{@st49}Añadir{/}	{@st49}담기{/}				
UI_20151224_002025	%s comió un %s.	%s님이 %s(을)를 드셨습니다	UI_20150714_001683	{@st42} obtuvo %s por %s	{@st42}%s님이 %s(을)를 드셨습니다	
UI_20151224_002026	Cantidad Restante	남은개수				
UI_20151224_002027	Cantidad Restante : %s{/}	남은개수 : %s{/}	UI_20150317_001268	Cantidad Restante : %s {/}	남은갯수 : %s{/}	
UI_20151224_002028	{@st41}Comprar{/}	{@st41}구매{/}				
UI_20151224_002029	{@st45tw2}Puntos{/}	{@st45tw2}점수{/}				
UI_20151224_002030	Ascendente por Nombre	이름 올림차순{/}				
UI_20151224_002031	Descendente por Nombre	이름 내림차순{/}				
UI_20151224_002032	Por Fecha	최근 날짜순{/}				
UI_20151224_002033	{@st42}Beneficios de Token{/}	{@st42}토큰 혜택{/}				
UI_20151224_002034	{@st66b}Cambiar Título del Cartel	{@st66b}간판이름변경				
UI_20151224_002035	{@st41b}Comer	{@st41b}먹기				
UI_20151224_002036	{@st41b}Número	{@st41b}개수	UI_20150406_001479	{@st41b}Cantidad	{@st41b}갯수	
UI_20151224_002037	Jardín en Efectivo %s{/}	캐쉬정원%s명{/}				
UI_20151224_002038	Mostrar en Línea	접속인원만 보기				
UI_20151224_002039	Entrada a la reunión	아지트 입장				
UI_20151224_002040	Permitir solo miembros del gremio	길드원만 입장				
UI_20151224_002041	Registros de Guerra	전쟁 전적				
UI_20151224_002042	Lista de Guerras del Gremio	전쟁 길드 목록				
UI_20151224_002043	Tiempo Restante	남은 전쟁 시간				
UI_20151224_002044	Torre Disponible	타워 보유 목록				
UI_20151224_002045	Mejorar Gremio	길드 성장				
UI_20151224_002046	Rango de Contribución	기여도 랭크				
UI_20151224_002047	Habilidades e Información del Gremio	길드 스킬 및 정보				
UI_20151224_002048	{@st42}%s Beneficios{/}	{@st42}%s 혜택적용{/}				
UI_20151224_002049	Beneficios	혜택				
UI_20160224_002050	Almacén de Equipo	팀 창고				
UI_20160224_002051	{@st59}Cerrar{/}	{@st59}팀 창고를 닫습니다{/}				
UI_20160224_002052	Puedes guardar objetos comerciables, pero al costo de 1 Potencial.{nl}Retirar del Almacén de Equipo reducirá tus{nl}comercios restantes en 1 sin importar la cantidad de objetos que saques.	거래가 가능한 아이템만 보관할 수 있으며, 포텐셜 1이 감소합니다.{nl}팀 창고에서 아이템을 꺼낼 때는 아이템 갯수에 관계없이 거래 가능횟수가 1 차감됩니다.				
UI_20160224_002053	Recuperar Objeto	아이템 수령				
UI_20160224_002054	General : /s (chat){nl}Grito : /y (chat){nl}Grupo : /p (chat){nl}Susurro : /w Nombre de Equipo (chat){nl}Responder : /r (chat){nl} {nl}Se puede alternar con la tecla Tab	일반 : /s 할말{nl}외침 : /y 할말{nl}파티 : /p 할말{nl}귓속말 : /w 팀이름 할말{nl}답신 : /r 할말{nl} {nl}Tab키로 전환 가능	UI_20150803_001767	General: /s chat{nl}Grito: /y chat {nl}Grupo: /p chat{nl} Susurro: /w chat NombreEquipo	일반 : /s 할말{nl}외침 : /y 할말{nl}파티 : /p 할말{nl}귓속말 : /w 팀이름 할말	
UI_20160224_002055	{@59}Cerrar{/}	{@59}닫기{/}				
UI_20160224_002056	Desafío	도전				
UI_20160224_002057	Por favor selecciona para proceder	진행 여부를 선택하세요				
UI_20160224_002058	{@st63_yellow}Abandonado :{/}	{@st63_yellow}포기 :{/}				
UI_20160224_002059	Recibir una recompensa y salir.	보상을 획득하고 퇴장합니다.				
UI_20160224_002060	{@st63_yellow}Desafío :{/}	{@st63_yellow}도전 :{/}				
UI_20160224_002061	Moviéndose al siguiente piso	다음층으로 이동				
UI_20160224_002062	{@st43}Coleccionista de Reliquias{/}	{@st43}유물 수집상{/}				
UI_20160224_002063	{@st59}Cerrar{/}	{@st59}유물 수집상을 닫습니다{/}				
UI_20160224_002064	{@st59b}Intercambiar Objetos{nl}{@st59s} - Permite intercambiar objetos obtenidos de la Torre de la Tierra{nl} - El intercambio comienza tras insertar los ingredientes del objeto en la ranura.{nl}{/}	{@st59b}아이템 교환{nl}{@st59s} - 대지의 탑에서 아이템을 입수하여 교환 가능{nl} - 아이템 재료를 슬롯에 넣은 후 교환 실행{nl}{/}				
UI_20160224_002065	F	층				
UI_20160224_002066	{@st59}Cerrar{/}	{@st59}큐브 획득 창을 닫습니다.{/}				
UI_20160224_002067	{@st59}Coloca un accesorio{/}	{@st59}악세서리를 올려주세요{/}				
UI_20160224_002068	{@st66b}Abrir una vez más cuesta plata.{/}	{@st66b}실버를 사용해서 1회 더 열 수 있습니다. {/}				
UI_20160224_002069	{@st66b}(Hasta dos veces para usuarios con beneficios de Token){/}	{@st66b}토큰 혜택 적용시 2회까지 가능합니다.{/}				
UI_20160224_002070	{@st41b}Has excedido el número de veces permitido.{/}	{@st41b}횟수를 모두 소진하였습니다.{/}				
UI_20160224_002071	{@st66b}Info Básica	{@st66b}기본정보	UI_20151224_001863	{@st41b}Información Básica	{@st41b}기본정보	
UI_20160224_002072	{@st66b}Propiedad	{@st66b}속성	UI_20151224_001864	{@st41b}Propiedad	{@st41b}속성	
UI_20160224_002073	El maestro del gremio está buscando participantes para el Evento de Gremio.	길드 마스터가 길드 이벤트 참가자를 모집하고 있습니다.				
UI_20160224_002074	{@st63_yellow}Miembros :{/}	{@st63_yellow}인원 :{/}				
UI_20160224_002075	{@st63}%s participantes (Inicio de Sesión %s){/}	{@st63}%s명 참여 (로그인 %s명중){/}				
UI_20160224_002076	{@st63_yellow}Ubicación :{/}	{@st63_yellow}위치 :{/}				
UI_20160224_002077	Bosque de Cobalto	코발트숲				
UI_20160224_002078	{@st63_yellow}Objetivo :{/}	{@st63_yellow}목표 :{/}				
UI_20160224_002079	{@st43}Gremio Nv. %s{/}	{@st43}길드 Lv. %s{/}				
UI_20160224_002080	{@st66b}Mejora y Rango	{@st66b}성장 및 랭크	UI_20151224_001866	{@st41b}Mejora y Rango	{@st41b}성장 및 랭크	
UI_20160224_002081	{@st66b}Atributos del Gremio	{@st66b}길드 특성	UI_20151224_001867	{@st41b}Atributos del Gremio	{@st41b}길드 특성	
UI_20160224_002082	Almacén del Gremio	길드 보관함				
UI_20160224_002083	{@st59}Cerrar{/}	{@st59}길드 보관함을 닫습니다{/}				
UI_20160224_002084	* El maestro de gremio puede enviar objetos a los miembros del gremio.{nl}* Los objetos se pueden recoger a través del Buzón de Mensajes.	* 이 아이템은 길드 마스터가 길드원에게 양도할 수 있고, 그 아이템은{nl}수령한 길드원에게 귀속됩니다.{nl}* 아이템은 메시지함에서 수령할 수 있습니다.				
UI_20160224_002085	{@st41b}Encantar	{@st41b}마법 부여				
UI_20160224_002086	{@st41b}Pergamino de Encantamiento{/}	{@st41b}마법 부여 스크롤{/}				
UI_20160224_002087	{@st59}Cerrar{/}	{@st59}마법 부여 스크롤 창을 닫습니다.{/}				
UI_20160224_002088	{@st66b}Consume 1 Pergamino de Encantamiento{/}	{@st66b}마법부여 스크롤 1개가 소비됩니다.{/}				
UI_20160224_002089	{@st42b}Pergaminos Actuales  : %s{/}	{@st42b}현재 스크롤 보유 개수 : %s개{/}				
UI_20160224_002090	{@st66b}Misiones{/}	{@st66b}의뢰소{/}	UI_20151224_001880	{@st66b}Misión del Puesto de Solicitud{/}	{@st66b}의뢰소 미션{/}	
UI_20160224_002091	{@st66b}Convento Saalus{/}	{@st66b}살러스 수녀원{/}				
UI_20160224_002092	{@st66b}Torre de la Tierra{/}	{@st66b}대지의 탑{/}				
UI_20160224_002093	{@st59b}Mazmorras Instanciadas{nl}{@st59s}Contenido donde tu grupo debe lograr ciertos objetivos en zonas instanciadas independientes.{nl}Puedes crear un grupo antes de entrar o buscar automáticamente un grupo para desafiar una mazmorra.{nl} - Mazmorras : Entra hablando con el NPC de entrada a la mazmorra en cada zona de nivel respectiva.{nl} - Misiones : Entra hablando con los Recepcionistas del Puesto de Mercenarios en Fedimian.{nl} - Misión del Convento Saalus : Entra hablando con la Hermana Lhasa en el Convento Saalus.{nl}{/}	{@st59b}인스턴스 던전{nl}{@st59s}독립된 인스턴스 존에서 목표 달성을 위해 파티 단위로 진행하는 콘텐츠입니다.{nl}입장 전에 파티를 구성해 도전하거나 자동으로 파티를 찾아 도전할 수 있습니다.{nl} - 던전 : 각 레벨 대의 존에서 던전 입장  NPC를 통해 입장{nl} - 의뢰소 미션 : 페디미안 용병 의뢰소 접수원을 통해 입장{nl} - 살러스 수녀원 미션 : 살러스 수녀원에서 수녀 라사를 통해 입장{nl}{/}				
UI_20160224_002094	{@st59}Cerrar{/}	{@st59}인스턴스 던전을 닫습니다{/}				
UI_20160224_002095	{@st59}Mostrar/No mostrar{/}	{@st59}보이기/안보이기{/}				
UI_20160224_002096	{@st45tw2}Tiempo en Cola{/}	{@st45tw2}대기 시간{/}				
UI_20160224_002097	Puja	입찰	ETC_20150317_002986	Unirse	참가	
UI_20160224_002098	Tiempo de Puja Restante	남은 입찰 시간				
UI_20160224_002099	Dado de Objeto	아이템 주사위				
UI_20160224_002100	{@st42}%s Beneficios{/}	{@st42}%s 혜택{/}				
UI_20160224_002101	Este objeto desaparecerá de tu inventario{nl}y todos los %s se reiniciarán.{/}	사용한 아이템은 인벤토리에서 사라지며{nl}전체 %s가 초기화 됩니다.{/}	UI_20151224_001959	Este objeto desaparecerá de tu inventario{nl}Reinicia todos tus Puntos de Habilidad.	사용한 아이템은 인벤토리에서 사라지며{nl}전체 스킬 포인트가 초기화 됩니다.{/}	
UI_20160224_002102	El tiempo restante se puede ver en la Configuración del Personaje.{/}	캐릭터 정보창에서 잔여시간을 확인하실 수 있습니다.{/}				
UI_20160224_002103	Recuperando datos.	데이터를 받는 중 입니다.				
UI_20160224_002104	{@st66b}Ranking{/}	{@st66b}랭킹{/}				
UI_20160224_002105	{@st66b}Observar	{@st66b}관전하기				
UI_20160224_002106	{@st41b}Dejar de Observar	{@st41b}관전 종료				
UI_20160224_002107	Equipo Azul	블루팀				
UI_20160224_002108	Equipo Rojo	레드팀				
UI_20160224_002109	{@59}Mostrar en una nueva ventana{/}	{@59}새 창으로 보기{/}				
UI_20160224_002110	Diario de Aventuras Actualizado	모험일지에 등록되었습니다.				
UI_20160224_002111	{@st41}Intercambiar	{@st41}교환				
UI_20160224_002112	Ven al alegre reino	행복한 나라로 오세요				
UI_20160224_002113	Horario de batallas por equipo	팀 배틀 리그 일정				
UI_20160224_002114	Registros Recientes	최근 전적				
UI_20160224_002115	{@st45tw2}Categoría{/}	{@st45tw2}유형{/}				
UI_20160224_002116	{@st41c}%s{/}	{@st41c}%s명{/}				
UI_20160224_002117	{@st41c}%sm{/}	{@st41c}%s분{/}				
UI_20160224_002118	El Tirador del Templo está reuniendo a los Vubbes de vuelta a la Mina de Cristal, ahora libre del dominio de Mirtis.{nl}Derrota al Tirador del Templo y ayuda a que la Mina de Cristal vuelva a ser segura.	미르티스 지배가 사라진 수정광산에 템플슈터가 부베들을 다시 불러들이고 있습니다.{nl}템플슈터를 처치하고 수정광산이 다시 안전해지도록 도와주세요.				
UI_20160224_002119	{@st41c}Capítulo %s{/}	{@st41c}%s장{/}				
UI_20160224_002120	Nombre y Clase	이름 및 클래스				
UI_20160224_002121	{@st41b}Actualizar	{@st41b}새로 고침				
UI_20160224_002122	Ver Historial Reciente	최근 열린 관람 목록				
UI_20160224_002123	Observar	관전하기				
UI_20160224_002124	{#000000}%s S{/}	{#000000}%s 승{/}				
UI_20160224_002125	{@st66b}Tienda de Puntos	{@st66b}포인트샵				
UI_20160224_002126	Puntos Diarios	일일 획득 포인트				
UI_20160224_002127	Puntos Comprados	현재 구매 포인트				
UI_20160224_002128	Registros	전적				
UI_20160224_002129	Almacén	보관함				
UI_20160224_002130	Rango %s	%s 위				
UI_20160224_002131	Derrotas : %s	처치횟수 : %s				
UI_20160224_002132	Daño : %s	대미지 : %s				
UI_20160224_002133	Cantidad máxima de buffs aumentada	최대 버프 적용 개수 증가				
UI_20160310_002134	{@st65}Daño: %s{/}	{@st65}피해량 %s{/}				
UI_20160310_002135	{@st65}{s12}Logro{/}	{@st65}{s12}달성{/}				
UI_20160310_002136	{#16120e}Logro{/}	{#16120e}달성{/}				
UI_20160310_002137	Número: %s	횟수 : %s	UI_20160224_002131	Derrotas : %s	처치횟수 : %s	
UI_20160310_002138	Daño: %s	피해량 : %s	UI_20160224_002132	Daño : %s	대미지 : %s	
UI_20160310_002139	{@sti9}Ranking de Eliminaciones	{@sti9}처치 랭킹	UI_20150918_001809	{@sti9}Rango de Eliminaciones	{@sti9}킬 랭킹	
UI_20160310_002140	{@sti9}Ranking de Daño	{@sti9}피해 랭킹	UI_20150918_001810	{@sti9}Rango de Daño	{@sti9}데미지 랭킹	
UI_20160317_002141	1 entrada extra de instancia para misiones y mazmorras	미션,던전 1회 추가입장				
UI_20160317_002142	2 entradas extra de instancia para misiones y mazmorras	미션,던전 2회 추가입장	UI_20160317_002141	1 entrada extra de instancia para misiones y mazmorras	미션,던전 1회 추가입장	
UI_20160323_002143	{@st41} Info de Mi Invocación	{@st41}내 소환수 정보				
UI_20160323_002144	{@st41} Ranking de Batallas del Gremio{/}	{@st43}길드배틀랭킹{/}				
UI_20160323_002145	Ranking de Batallas del Gremio	길드배틀랭킹				
UI_20160323_002146	{@st59}Cerrar	{@st59}길드배틀랭킹을 닫습니다.				
UI_20160323_002147	{@st66b} Clasificación en Tiempo Real	{@st66b}실시간 순위				
UI_20160323_002148	{@st66b} Clasificación Semanal	{@st66b}주간 순위{/}				
UI_20160323_002149	{@st66b} Clasificación General{/}	{@st66b}역대 순위{/}				
UI_20160323_002150	Mi Ranking de Gremio	내 길드 순위				
UI_20160323_002151	{@sti1}Ubicación de %s{/}	{@sti1}%s 위{/}				
UI_20160323_002152	Clasificación de la Semana Pasada	지난 주간 순위				
UI_20160323_002153	1º	1위				
UI_20160323_002154	Lista de Recompensas del Gremio	길드 보상 목록				
UI_20160323_002155	{@st41}Criatura Invocada : {#ffcc33}%s{/}	{@st41}소환체 : {#ffcc33}%s{/}				
UI_20160323_002156	{@st41}Fragmentos Requeridos : %s	{@st41}필요 파편 : %s개				
UI_20160323_002157	ATQ : {@st41b}%s	공격력 : {@st41b}%s				
UI_20160323_002158	DEF : {@st41b}%s	방어력 : {@st41b}%s				
UI_20160323_002159	FUE : {@st41b}%s	힘 : {@st41b}%s				
UI_20160323_002160	CON : {@st41b}%s	체력 : {@st41b}%s				
UI_20160323_002161	INT : {@st41b}%s	지능 : {@st41b}%s				
UI_20160323_002162	DES : {@st41b}%s	민첩 : {@st41b}%s				
UI_20160323_002163	SPR : {@st41b}%s	정신 : {@st41b}%s				
UI_20160323_002164	{@st42}Color de Peinado{/}	{@st42}헤어컬러{/}				
UI_20160323_002165	{@st42}Títulos Disponibles{/}	{@st42}장착 가능 칭호{/}	UI_20150401_001442	Títulos Disponibles	장착 가능 칭호	
UI_20160323_002166	Información del equipo	팀 정보				
UI_20160323_002167	{@st66b}Cambiar Refugio{/}	{@st66b}숙소 변경{/}	UI_20150714_001666	{@st42}Cambiar Refugio{/}	{@st42}숙소 변경{/}	
UI_20160323_002168	{@st43}{s26}Nivel de Equipo %s{/}	{@st43}{s26}팀 레벨  %s{/}				
UI_20160323_002169	{@st66b} Información  de equipo	{@st66b}팀 정보				
UI_20160323_002170	{#2c140c}Nivel Promedio : %s{/}	{#2c140c}평균레벨 : %s{/}				
UI_20160323_002171	{@st41b}Unirse	{@st41b}참가				
UI_20160323_002172	{@st42} Saludos de Personaje{/}	{@st42}캐릭터 인사말{/}				
UI_20160323_002173	[Servidor] Nombre del Gremio	[서버] 길드명				
UI_20160323_002174	Registro / Puntuación	전적 / 점수				
UI_20160323_002175	[Creado: hace %s]	[결성: %s 전]				
UI_20160411_002176	{@st66b}Usar Vibración de Cámara{/}	{@st66b}카메라 진동 사용{/}				
UI_20160425_002177	{@st42}Si ambos lados usan Tokens,{nl}las propiedades de comercio del arma{nl}no cambiarán.{/}	{@st42}양쪽 모두 토큰 혜택을 적용받는다면{nl}무기 아이템의 거래 속성은{nl}변경되지 않습니다.{/}				
UI_20160425_002178	{@st66b}Aplicar Efecto de Fondo	{@st66b} 환경 이펙트 적용				
UI_20160425_002179	{@st66b}Aplicar Partes Muertas	{@st66b} 데드 파츠 적용				
UI_20160425_002180	{@st66b}Aplicar Siluetas de Personaje	{@st66b} 캐릭터 실루엣 적용				
UI_20160426_002181	{/}¿Deseas eliminar a tu {b}{s20}Compañero{/}{s43}{@st43}%s{/}{/}{b}{s20}?{/}	{/}{b}{s20}컴패니언{/}{s43}{@st43}%s{/}{/}{b}{s20}을 정말 삭제하시겠습니까?{/}				
UI_20160426_002182	{/}{b}{s20}No se puede recuperar después de eliminarlo.{/}	{/}{b}{s20}삭제가 완료된 이후엔 복구되지 않습니다.{/}				
UI_20160426_002183	{/}{b}{s20}Compañero{/}{s43}{@st43}%s{/}	{/}{b}{s20}컴패니언{/}{s43}{@st43}%s{/}				
UI_20160426_002184	{/}Eliminando en {b}{s20}%s segundos.{/}	{/}{b}{s20}%s초후 삭제 됩니다.{/}				
UI_20160426_002185	{s18}{ol}{#ffffcc}No{/}	{s18}{ol}{#ffffcc}아니오{/}				
UI_20160426_002186	{s18}{ol}{#ffffcc}Cancelar{/}	{s18}{ol}{#ffffcc}취소{/}				
UI_20160509_002187	Solo los usuarios con Token tienen acceso al Almacén de Equipo. Los objetos comerciables se pueden guardar aquí.	토큰을 구매한 유저만 이용가능하며, 거래가 가능한 아이템을 보관할 수 있습니다.				
UI_20160520_002188	Comprar TP	TP충전				
UI_20160520_002189	{@st42}Compra de TP	{@st42}TP충전				
UI_20160520_002190	{@st43}{s22}Objeto de Inventario de Steam	{@st43}{s22}스팀 인벤토리 아이템				
UI_20160520_002191	{@st45tw2}Compra de TP{/}	{@st45tw2}TP구매{/}				
UI_20160520_002192	TP Otorgado	지급 TP				
UI_20160520_002193	{@st49}Usar{/}	{@st49}사용{/}				
UI_20160520_002194	{@st42}Guerra de Gremios	{@st42}길드 전쟁				
UI_20160520_002195	Declarar Neutral	중립 선언				
UI_20160603_002196	{@st66b}Velocidad de Control de Habilidad (%s){/}	{@st66b}스킬조작 속도 (%s){/}				
UI_20160613_002197	{@st42}Si ambas partes usan Tokens,{nl}los objetos de equipo comerciables no se volverán no comerciables.{nl}{#FFFF00}Los consumibles y materiales se volverán{nl}no comerciables sin importar el uso de Token.{/}	{@st42}양쪽 모두 토큰 혜택을 적용받는다면 {nl}장비 아이템의 거래 속성은 변경되지 않습니다.{nl}{#FFFF00}소비나 재료 아이템은 토큰여부와 상관없이 {nl}거래불가로 옵션이 조정됩니다.{/}	UI_20160425_002177	{@st42}Si ambos lados usan Tokens,{nl}las propiedades de comercio del arma{nl}no cambiarán.{/}	{@st42}양쪽 모두 토큰 혜택을 적용받는다면{nl}무기 아이템의 거래 속성은{nl}변경되지 않습니다.{/}	
UI_20160617_002198	{@st59}Cerrar{/}	{@st59}제작 UI를 닫습니다.{/}	UI_20150729_001739	{@st59}Cerrar Fabricación de Flechas{/}	{@st59}화살제작을 닫습니다.{/}	
UI_20160617_002199	{@st43}{s22}Nivel de Equipo %s{/}	{@st43}{s22}팀 레벨  %s{/}				
UI_20160622_002200	{@st41}Reportar{/}	{@st41}신고{/}				
UI_20160622_002201	Reporta un objeto sospechoso de ser usado en un comercio problemático.	증여 거래로 의심되는 아이템을 신고합니다.				
UI_20160711_002202	{@st42}Objeto{/}	{@st42}아이템{/}				
UI_20160711_002203	{@st42}{img silver 20 20} Cantidad Guardada{/}	{@st42}{img silver 20 20} 보관금액{/}				
UI_20160711_002204	{@st66b}{img in_arrow 20 20}Dentro	{@st66b}{img in_arrow 20 20}입금				
UI_20160711_002205	{@st59}Realiza un depósito.{/}	{@st59}입금 합니다.{/}				
UI_20160711_002206	{@st66b}{img chul_arrow 20 20}Fuera	{@st66b}{img chul_arrow 20 20}출금				
UI_20160711_002207	{@st59}Realiza un retiro.{/}	{@st59}출금 합니다.{/}				
UI_20160711_002208	{@st42b}{img silver 20 20} Cantidad{/}	{@st42b}{img silver 20 20} 금액{/}				
UI_20160711_002209	Cola de Espera Actual :	현재 대기 인원 : 				
UI_20160711_002210	Recibiendo información.	정보를 받아오고 있습니다.				
UI_20160718_002211	Minimizar Chat	채팅창 간략화				
UI_20160718_002212	Desplazamiento Forzado del Chat	채팅스크롤 강제 하단 이동				
UI_20160718_002213	{@st43}Tienda de Evento{/}	{@st43}이벤트 상점{/}				
UI_20160718_002214	{@st59}Cerrar{/}	{@st59}이벤트 상점을 닫습니다{/}	UI_20160224_002063	{@st59}Cerrar{/}	{@st59}유물 수집상을 닫습니다{/}	
UI_20160718_002215	{@st41}Estadística	{@st41}스탯	UI_20150406_001467	{@st41}Estadística	{@st41}스텟	
UI_20160718_002216	{@st59}GvG Regional	{@st59}통합 길드배틀				
UI_20160718_002217	{@st43}Rankings Regionales GvG	{@st43}통합 길드배틀랭킹{/}				
UI_20160718_002218	Rankings Regionales GvG	통합 길드배틀랭킹	UI_20160323_002145	Ranking de Batallas del Gremio	길드배틀랭킹	
UI_20160718_002219	{@st59}Cerrar	{@st59}통합 길드배틀랭킹을 닫습니다.	UI_20160323_002146	{@st59}Cerrar	{@st59}길드배틀랭킹을 닫습니다.	
UI_20160718_002220	{@st59b}GvG Regional{nl}{@st59s} - Las recompensas se otorgan semanalmente y los rankings se reiniciarán.{nl}- Consulta la Lista de Recompensas para más detalles.{nl}{/}	{@st59b}통합 길드배틀{nl}{@st59s} - 매주 보상이 지급되며 랭킹이 초기화 됩니다.{nl}- 보상 내역은 보상 목록을 참조하세요.{nl}{/}	UI_20160224_002064	{@st59b}Intercambiar Objetos{nl}{@st59s} - Permite intercambiar objetos obtenidos de la Torre de la Tierra{nl} - El intercambio comienza tras insertar los ingredientes del objeto en la ranura.{nl}{/}	{@st59b}아이템 교환{nl}{@st59s} - 대지의 탑에서 아이템을 입수하여 교환 가능{nl} - 아이템 재료를 슬롯에 넣은 후 교환 실행{nl}{/}	
UI_20160718_002221	{@st66b}Rango %s{/}	{@st66b}%s 위{/}				
UI_20160718_002222	{@sti8}{s18}{ds}Participantes (%s){/}	{@sti8}{s18}{ds}참여한 길드원 (%s){/}				
UI_20160718_002223	{@st41}Rechazado{/}	{@st41}거절한 길드원{/}				
UI_20160718_002224	{@st66d}%s participando (De %s conectados){/}	{@st66d}%s명 참여 (로그인 %s명중){/}				
UI_20160718_002225	{@st41}Mover a la Zona	{@st41}바로 존으로 이동				
UI_20160718_002226	{@st46}Resultados de Batalla del Gremio{/}	{@st46}길드 대전 결과{/}				
UI_20160718_002227	{@st45tw2}Duración de la Batalla{/}	{@st45tw2}대전 시간{/}				
UI_20160718_002228	{@st43b}HP de la Torre del Gremio{/}	{@st43b}길드 타워 HP{/}				
UI_20160718_002229	{@sti9}Cantidad Total de Eliminaciones{/}	{@sti9}총 킬 카운트{/}				
UI_20160718_002230	{@stz1}Cantidad Total de Muertes{/}	{@stz1}총 데스 카운트{/}				
UI_20160718_002231	{@sti1c}Registro{/}	{@sti1c}전적{/}				
UI_20160718_002232	{@sti6}%s V {@sti7}%s D{/}	{@sti6}%s승 {@sti7}%s패{/}				
UI_20160718_002233	{@sti9}%s V {@sti6}%s D{/}	{@sti9}%s승 {@sti6}%s패{/}				
UI_20160718_002234	{@st45tw2}Rango de Eliminaciones	{@st45tw2}킬 랭킹3				
UI_20160718_002235	{@st45tw2}Nombre	{@st45tw2}이름				
UI_20160718_002236	{@st45tw2}Eliminaciones	{@st45tw2}킬				
UI_20160718_002237	{@st45tw2}Muertes	{@st45tw2}데스				
UI_20160718_002238	{@st59}Lente{/}	{@st59}렌즈{/}				
UI_20160718_002239	{@st41}Material de Sacrificio	{@st41}제물 재료				
UI_20160718_002240	{@st66b}Mostrar Efectos de Otros Personajes{/}	{@st66b}다른 캐릭터 이펙트 보기{/}	UI_20151022_001829	{@st66b}Mostrar Efectos de Otros Personajes	{@st66b}다른 캐릭터 이펙트 보기	
UI_20160718_002241	{@st66b}Aplicar Efectos de Fondo{/}	{@st66b}배경 이펙트 적용{/}	UI_20160425_002178	{@st66b}Aplicar Efecto de Fondo	{@st66b} 환경 이펙트 적용	
UI_20160718_002242	{@st59}Muestra efectos de fondo y gráficos.{/}	{@st59}배경 그래픽의 환경 이펙트를 표시합니다.{/}				
UI_20160718_002243	{@st66b}Aplicar Partes Muertas de Monstruos Pequeños y Medianos	{@st66b}소형 및 중형 몬스터 데드파츠 적용{/}	UI_20160425_002179	{@st66b}Aplicar Partes Muertas	{@st66b} 데드 파츠 적용	
UI_20160718_002244	{@st59}Muestra partes muertas de monstruos derrotados.{/}	{@st59}몬스터 처치시 파편을 표시합니다.{/}				
UI_20160718_002245	{@st66b}Mostrar Siluetas de Personaje{/}	{@st66b}캐릭터 실루엣 적용{/}	UI_20160425_002180	{@st66b}Aplicar Siluetas de Personaje	{@st66b} 캐릭터 실루엣 적용	
UI_20160718_002246	{@st59}Los personajes ocultos detrás del fondo se muestran en siluetas.{/}	{@st59}캐릭터가 배경 뒤에 있을 때 실루엣으로 표시합니다.{/}				
UI_20160718_002247	¿Usar %s?{/}	%s 을 사용하시겠습니까?{/}	UI_20151224_001958	¿Deseas usar este %s?{/}	%s 아이템을 사용하시겠습니까?{/}	
UI_20160718_002248	No se puede Usar : %s	사용제한 : %s				
UI_20160718_002249	Día Hora Minuto Segundo	일시분초				
UI_20160718_002250	{@st42b}Siauliai{/}	{@st42b}샤울레이{/}				
UI_20160718_002251	{#000000}Puntuación{/}	{#000000}점수{/}				
UI_20160718_002252	{#000000}%s Puntos{/}	{#000000}%s 점{/}				
UI_20160718_002253	Rankings Regionales GvG	통합 길드 배틀 순위				
UI_20160811_002254	{@st66b18}※ El objeto se consume cuando cambias de nombre.{/}	{@st66b18}※이름을 변경하면 아이템이 소모됩니다.{/}				
UI_20160811_002255	{@st42}Mostrar Notificaciones de Inicio de Sesión	{@st42}접속 알림 표시				
UI_20160811_002256	{@white_16_ol}Miembro del Gremio{/}	{@white_16_ol}길드원{/}				
UI_20160811_002257	{@white_16_ol}Amigo{/}	{@white_16_ol}친구{/}				
UI_20160811_002258	{@st66d}{s18}{#FFFF18}[%s]{/}{nl}{@st66d}{s18}{#FFFFFF}Al retirarlo, se perderá una estrella.{/}	{@st66d}{s18}{#FFFF18}[ %s ]{/} {@st66d}{s18}{#FFFFFF} 제거 시{nl}카드 레벨이 한단계 하락합니다.{/}				
UI_20160811_002259	{@st66b}Efecto Removible{/}	{@st66b}제거 되는 효과{/}				
UI_20160811_002260	Ninguno.	없음.				
UI_20160811_002261	{@st41b}Desequipar{/}	{@st41b}해제하기{/}				
UI_20160811_002262	{img icon_item_tospoint 24 24}{@st41b}Consume 5 TP{nl}Desequipar carta sin pérdida de estrella{/}	{img icon_item_tospoint 24 24}{@st41b}5TP 소모{nl}별 감소없이 카드 해제하기{/}				
UI_20160811_002263	{@st41b}Confirmar	{@st41b}최종확인				
UI_20160811_002264	{@st42}Mis Objetos de Comercio{/}	{@st42}내 거래 목록{/}				
UI_20160811_002265	{@st42}Sus Objetos de Comercio{/}	{@st42}상대방 거래 목록{/}				
UI_20160811_002266	{@st66b}Si ambos lados usan Tokens,{nl}las propiedades de comercio del equipo no cambian.{nl}Los consumibles y materiales se volverán no comerciables{nl}sin importar el uso de Tokens.{/}	{@st66b}거래 시 유저가 모두 토큰을 사용 중 이라면{nl}장비 아이템의 속성 변경이 없습니다.{nl}소비나 재료 아이템은 토큰여부와 상관없이 거래불가입니다.{/}				
UI_20160811_002267	Emparejamiento por Token	토큰일치				
UI_20160811_002268	{@st42}El objeto en cuestión se volverá no comerciable después del comercio{/}	{@st42}거래 후 장비 아이템 거래 불가{/}				
UI_20160811_002269	{@st42}El objeto en cuestión permanecerá comerciable después del comercio{/}	{@st42}거래 후 장비 아이템 거래 가능{/}				
UI_20160811_002270	{@st41b}Comerciar	{@st41b}거래				
UI_20160811_002271	{@st41b}No	{@st41b}아니오				
UI_20160811_002272	{@st66d}Las propiedades del objeto no cambiarán{nl}ya que ambos lados usan Tokens.{/}	{@st66d}거래 대상 양측이 모두 토큰 사용으로{nl}아이템 속성이 변경되지 않습니다.{/}				
UI_20160811_002273	{@st66d}Las propiedades del objeto cambiarán{nl}ya que ambos lados no usan Tokens.{/}	{@st66d}거래 대상 양측이 모두 토큰 사용하지 않아{nl}아이템 속성이 변경 됩니다.{/}				
UI_20160811_002274	{@st42}Lista de objetos que se volverán no comerciables después del comercio{/}	{@st42}거래 속성이 변경되는 아이템 목록{/}				
UI_20160811_002275	{@st66b}{s20}Tu personaje está actualmente en {/}{s20}{#770000}combate{@st66b}{s20}.{/}	{@st66b}{s20}캐릭터가 현재 {/}{s20}{#770000}전투 중{@st66b}{s20}입니다.{/}				
UI_20160811_002276	{@st66b}Cancelar{/}	{@st66b}취소{/}				
UI_20160811_002277	{@st66b}Clasificación en Tiempo Real	{@st66b}주간 실시간 랭킹	UI_20160323_002147	{@st66b} Clasificación en Tiempo Real	{@st66b}실시간 순위	
UI_20160811_002278	{@st66b}Clasificación de Temporada Anterior{/}	{@st66b}전 시즌 랭킹{/}	UI_20160323_002148	{@st66b} Clasificación Semanal	{@st66b}주간 순위{/}	
UI_20160811_002279	Clasificación de la Semana Anterior	지난 주간 랭킹				
UI_20160811_002280	20 x 300 Vales de TP	300TP 교환권 20장				
UI_20160811_002281	Recibir Recompensas	보상 받기				
UI_20160811_002282	{@sti1c}Rankings Semanales{/}	{@sti1c}주간 전적{/}				
UI_20160811_002283	{@st66b}Defensa Cuesta Arriba{/}	{@st66b}업힐 디펜스{/}				
UI_20160811_002284	Nivel en orden ascendente{/}	레벨 오름차순{/}				
UI_20160811_002285	Nivel en orden descendente{/}	레벨 내림차순{/}				
UI_20160811_002286	{img %s 12 12}{/} {@st66b}{s18}Carta de Monstruo{/}	{img %s 12 12}{/} {@st66b}{s18}몬스터 카드{/}				
UI_20160811_002287	Trascender Objeto	아이템 초월				
UI_20160811_002288	Trascendencia	초월				
UI_20160811_002289	{@st59b}Trascender Objeto{nl}{@st59s}- Otra forma de mejorar el rendimiento del objeto además del yunque{nl}- Objetos que pueden trascender : Armas, armaduras y accesorios{nl}- Tasa de Éxito de Trascendencia = Ingredientes Usados / Máximo de Ingredientes Requeridos{nl}- Aumenta la Etapa de Trascendencia en 1 al tener éxito (Máximo de 10 Etapas){nl}- Disminuye la Etapa de Trascendencia en 1 al fallar (Sin pérdida de Potencial){nl}- Los objetos trascendidos no se pueden comerciar{/}	{@st59b}아이템 초월{nl}{@st59s}- 모루 강화와는 다른 아이템 성능 강화{nl}- 초월 가능 장비 : 무기, 방어구, 장신구{nl}- 초월 성공 확률 = 넣은 재료 개수 / 최대 필요 재료 개수{nl}- 성공 시, 초월이 1단계 상승(최대 10단계){nl}- 실패 시, 초월이 -1단계 하락(포텐셜은 감소되지 않음){nl}- 초월시킨 장비는 거래 제한으로 변경됨{/}				
UI_20160811_002290	{@st42}Etapa %s{/}	{@st42}%s단계{/}				
UI_20160811_002291	Extraer Gema Bendita	축복석 추출				
UI_20160811_002292	{@st59b}Extraer Gema Bendita{nl}{@st59s}- Extrae Gema Bendita de objetos trascendidos{nl}- Requisitos de Extracción : Martillo de Desmantelamiento{nl}- Recuperarás algunas de las Gemas Benditas usadas para la Trascendencia aunque el objeto será destruido. {nl}- No puedes hacer esto en la Etapa 0 de Trascendencia.{/}	{@st59b}축복석 추출{nl}{@st59s}- 초월아이템에서 축복석 추출{nl}- 축복석 추출 재료 : 분해의 망치{nl}- 축복석 추출시 해당 아이템은 제거되지만, 사용된 축복석의 일부를 되돌려 받을 수 있습니다. {nl}- 초월 0단계에서는 사용할 수 없습니다.{/}				
UI_20160811_002293	Resultados de Extracción	축복석 추출 결과				
UI_20160811_002294	Extraer Objeto	아이템 추출				
UI_20160811_002295	{@st59b}Extraer Objeto{nl}{@st59s}- Elimina los efectos trascendentales de un objeto trascendido{nl}- Requisitos de Extracción : Vara de Hechizo{/}	{@st59b}아이템 추출{nl}{@st59s}- 초월아이템에서 초월효과 제거{nl}- 아이템 추출 재료 : 마력 흡수침{/}				
UI_20160811_002296	Resultados de Extracción de Objeto	아이템 추출 결과				
UI_20160811_002297	Nombre del (Paquete) en venta	판매 아이템 (패키지) 이름				
UI_20160811_002298	{@st67}{s18} ※ Solo puedes comprar 1 producto por cuenta.{/}	{@st67}{s18}   ※ 본 상품은 계정 당 1회만 구매 가능합니다.{/}				
UI_20160811_002299	{@st67}{s18} ※ El Paquete y todos los objetos incluidos no son comerciables.{/}	{@st67}{s18}   ※ 패키지 포함 구성물은 모두 거래가 불가능합니다.{/}				
UI_20160811_002300	{@st66d}{s20}Comprar {/}	{@st66d}{s20}구매 {/}				
UI_20160811_002301	{@st66d}{s20}Cancelar{/}	{@st66d}{s20}취소{/}				
UI_20160811_002302	{@st67}{s26}Los objetos no se pueden reembolsar.{/}	{@st67}{s26}구매가 확정되면 되돌릴 수 없습니다.{/}				
UI_20160811_002303	{@st66d}{s26}Confirmar Compra{/}	{@st66d}{s26}구매확정{/}				
UI_20160811_002304	{@st66d}{s26}No{/}	{@st66d}{s26}아니오{/}				
UI_20160811_002305	{@st66d}{s26}Derecho a Cancelar{/}	{@st66d}{s26}청약철회{/}				
UI_20160811_002306	{@st59}Ver ubicaciones de mazmorra sugeridas{/}	{@st59}추천 던전 위치를 봅니다{/}				
UI_20160811_002307	{@st41}Refugio %s (%s/%s){/}	{@st41}숙소%s (%s/%s){/}				
UI_20160811_002308	{@st59}Mover al Refugio.	{@st59}숙소를 이동합니다.				
UI_20160811_002309	{@st59}Por favor selecciona un servidor.{/}	{@st59}유라테(시즌 서버) 서버는 10/20까지 운영되는 이벤트 서버입니다.{nl}자세한 내용은 홈페이지 공지사항을 참고해주세요.{nl}바카리네, 라이마, 제미나, 가비야 서버는 바이보라 서버로 통합되었습니다.{/}	UI_20150317_001032	{@St59}Seleccionar Servidor{/}	{@st59}접속을 원하는 서버를 선택하여 주세요{/}	
UI_20160811_002310	{@st59}Por favor selecciona un servidor.{nl}Los servidores Vakarine, Laima, Zemyna, Gabija se fusionaron en el servidor Vaivora.{/}	{@st59}접속을 원하는 서버를 선택하여 주세요.{nl}바카리네, 라이마, 제미나, 가비야 서버가 바이보라 서버로 통합되었습니다.{/}	UI_20150317_001032	{@St59}Seleccionar Servidor{/}	{@st59}접속을 원하는 서버를 선택하여 주세요{/}	
UI_20160811_002311	{@st66b}Mover a otro refugio	{@st66b}숙소 이동				
UI_20160811_002312	{@st59}Mover Refugio.{/}	{@st59}숙소를 이동시킵니다.{/}				
UI_20160811_002313	{@st59}Eliminar Compañero	{@st59}컴패니언 삭제				
UI_20160811_002314	Te sientes mejor.	기분 좋아진다.				
UI_20160811_002315	Tipo Alfombra	장판형				
UI_20160811_002316	{@st42b}{s16}Cargar{/}	{@st42b}{s16}충전하기{/}				
UI_20160811_002317	{@st66b}{s16}Vista Previa{/}	{@st66b}{s16}미리보기{/}				
UI_20160811_002318	{@st42b}{s16}Agregar{/}	{@st42b}{s16}담기{/}				
UI_20160811_002319	No Aprendido	미습득				
UI_20160811_002320	* Al combatir	* 대전 시				
UI_20160811_002321	{@st66d}Arma Equipada	{@st66d}착용 무기				
UI_20161005_002322	Cambiar Apariencia	외형 변경				
UI_20161005_002323	{@st45tw2}Arma de Material{/}	{@st45tw2}재료 무기{/}				
UI_20161005_002324	{@st43}Encantar Armadura{/}	{@st43}인챈트 아머{/}				
UI_20161005_002325	{@st66b}Encantar{/}	{@st66b}마법부여{/}				
UI_20161005_002326	{@st59}Cerrar{/}	{@st59}코스튬 마법부여 UI를 닫습니다{/}				
UI_20161005_002327	{img silver 20 20}Precio	받는 가격{img silver 20 20}				
UI_20161005_002328	Nombre de la Tienda	 상점 이름				
UI_20161005_002329	{@st66b}Tienda{/}	{@st66b}상점{/}				
UI_20161005_002330	{img silver 20 20}Precio	받는 가격{img silver 20 20} 				
UI_20161005_002331	{@st41b}Confirmar	{@st41b}결정				
UI_20161005_002332	{@st41b}Cerrar	{@st41b}폐점				
UI_20161005_002333	{img squaier_buff 24 24}24 horas{/}	{img squaier_buff 24 24}24시간 지속{/}				
UI_20161005_002334	{@st66b}Detalles	{@st66b}상세정보	UI_20160224_002072	{@st66b}Propiedad	{@st66b}속성	
UI_20161005_002335	{@st66b}Guerra	{@st66b}전쟁				
UI_20161005_002336	{@st43}Info de Homúnculo{/}	{@st43}호문쿨루스 정보{/}				
UI_20161005_002337	Duración	생명시간				
UI_20161005_002338	{@st66b}Ataque Físico{/}	{@st66b}물리공격력{/}				
UI_20161005_002339	{@st66b}Ataque Mágico{/}	{@st66b}마법공격력{/}				
UI_20161005_002340	{@st66b}Defensa Física{/}	{@st66b}물리방어력{/}				
UI_20161005_002341	{@st66b}Defensa Mágica{/}	{@st66b}마법방어력{/}				
UI_20161005_002342	{@st42}Configuración de Habilidad{/}	{@st42}스킬 설정{/}				
UI_20161005_002343	{@st66b}Se pueden establecer hasta cuatro habilidades de IA de Homúnculo.{nl}Una vez aplicada, la habilidad establecida no se puede cambiar.{/}	{@st66b}호문쿨루스 AI스킬은 4개까지 설정 가능하며,{nl} 한번 설정한 스킬은 변경되지 않습니다.{/}				
UI_20161005_002344	Nombre{/}	이름{/}				
UI_20161005_002345	Configuración{/}	설정{/}				
UI_20161005_002346	{@st59}Cerrar{/}	{@st59}호문쿨루스 정보 UI를 닫습니다{/}				
UI_20161005_002347	{@st66d}No puedes revertir esto cuando se aplica la habilidad.{nl}¿Deseas continuar?{/}	{@st66d}한번 적용된 스킬은 변경하실 수 없습니다.{nl}진행하시겠습니까?{/}				
UI_20161005_002348	Un vale de hechizo que derrota{nl}monstruos rápidamente dentro de una mazmorra instanciada.	인스턴스 던전의 몬스터를 {nl}빠르게 처치할 수 있는 주문서 입니다.				
UI_20161005_002349	Vale de Completado de Instancia	인스턴스 던전 소탕권{/}				
UI_20161005_002350	Advertencia	주의사항				
UI_20161005_002351	Los monstruos derrotados por el pilar de luz{nl}no se registrarán en el Diario de Aventuras, y{nl}los objetos caerán cerca del pilar de luz.{nl}Ten en cuenta la posible pérdida de objetos.{nl}El vale usado desaparecerá al instante{nl}y solo puede usarse dentro de mazmorras instanciadas.{/}	 빛기둥에 죽은 몬스터는 모험일지에 기록되지{nl}않을 수 있으며, 빛기둥 주변에서 아이템이 떨어지게{nl}되어, 유실 가능성에 유의해 주시기 바랍니다.{nl}사용한 소탕권은 즉시 사라지며, 해당회차 인스턴스{nl}던전에서만 적용됩니다.{/}				
UI_20161005_002352	¿Deseas usar el Vale de Completado de Instancia?{/}	인스턴스 던전 소탕권을 사용하시겠습니까?{/}				
UI_20161005_002353	{@st59b}Extracción de Gemas Benditas{nl}{@st59s}- Extrae una Gema Bendita de un objeto trascendido{nl}- Requisitos de Extracción : Martillo de Desmantelamiento{nl}- Recuperarás algunas de las Gemas Benditas usadas para la Trascendencia aunque el objeto será destruido.{nl}  : Se devolverá la Tasa de Éxito Actual / 40% de la cantidad de Gemas Benditas. {nl}- No puedes usar esto cuando tu objeto está en la Etapa 0 de Trascendencia.{/}	{@st59b}축복석 추출{nl}{@st59s}- 초월아이템에서 축복석 추출{nl}- 축복석 추출 재료 : 분해의 망치{nl}- 축복석 추출시 해당 아이템은 제거되지만, 사용된 축복석의 일부를 되돌려 받을 수 있습니다. {nl}   : 현재까지 성공 / 실패에 사용된 축복석의 40%를 돌려받습니다. {nl}- 초월 0단계에서는 사용할 수 없습니다.{/}	UI_20160811_002292	{@st59b}Extraer Gema Bendita{nl}{@st59s}- Extrae Gema Bendita de objetos trascendidos{nl}- Requisitos de Extracción : Martillo de Desmantelamiento{nl}- Recuperarás algunas de las Gemas Benditas usadas para la Trascendencia aunque el objeto será destruido. {nl}- No puedes hacer esto en la Etapa 0 de Trascendencia.{/}	{@st59b}축복석 추출{nl}{@st59s}- 초월아이템에서 축복석 추출{nl}- 축복석 추출 재료 : 분해의 망치{nl}- 축복석 추출시 해당 아이템은 제거되지만, 사용된 축복석의 일부를 되돌려 받을 수 있습니다. {nl}- 초월 0단계에서는 사용할 수 없습니다.{/}	
UI_20161005_002354	Misión Fallida	미션 실패				
UI_20161005_002355	Todos los jugadores han sido incapacitados.	모든 플레이어가 전투 불능 상태가 되었습니다.				
UI_20161005_002356	Confirmar salida de la torre.	확인을 누르시면 탑 밖으로 이동합니다.				
UI_20161005_002357	{@st43b}{s20}Confirmar{/}	{@st43b}{s20}확인{/}				
UI_20161005_002358	{@st41}Ataque Automático	{@st41}자동 공격 활성화				
UI_20161005_002359	{s16}{#000000}Amigos en Línea %s/%s{/}	{s16}{#000000}접속중인 친구 %s/%s{/}				
UI_20161005_002360	{@st43}Ir con Amigo{/}	{@st43}친구에게 가기{/}				
UI_20161005_002361	{@st43}Portal	{@st43}포탈				
UI_20161005_002362	{@st41b}Guardar Posición	{@st41b}위치 저장				
UI_20161005_002363	{@st59}Cerrar{/}	{@st59}포탈 UI를 닫습니다.{/}				
UI_20161005_002364	{@st66b}Portales Guardados: %s/%s{/}	{@st66b}포탈 저장 개수 %s/%s{/}				
UI_20161005_002365	{@st43}Fabricar Libro de Hechizos	{@st43}스펠북 제작				
UI_20161005_002366	{@st43}Tienda de Cambio de Género{/}	{@st43}스위치 젠더 상점{/}				
UI_20161005_002367	{@st66b}Cambiar{/}	{@st66b}변환{/}				
UI_20161005_002368	{@st59}Cerrar{/}	{@st59}스위치 젠더 UI를 닫습니다{/}				
UI_20161005_002369	{img silver 20 20}Precio 	받는 가격 {img silver 20 20} 				
UI_20161005_002370	{@st41b}Abrir	{@st41b}열 기				
UI_20161005_002371	Antes{/}	현재{/}				
UI_20161005_002372	Después{/}	변경 후{/}				
UI_20161005_002373	{@st66d}Cambiar Género{/}	{@st66d}성별 변경{/}				
UI_20161005_002374	Advertencia{/}	주의 사항{/}				
UI_20161005_002375	Retira todo tu equipo equipado antes de continuar{nl}Tus trajes de clase cambiarán con tu género{/}	모든 장비 해제 한 뒤에 전환 가능{nl}기본 직업별 코스튬은 성별 자동 변경{/}				
UI_20161005_002376	{@st67}Todos los objetos premium que eran específicos de género{nl}ya no serán equipables{/}	{@st67}기존 성별에 맞게 구매한 유료코스튬은{nl}성별 변환 후, 장착 불가{/}				
UI_20161005_002377	Estadística	능력치				
UI_20161005_002378	{@st66d}{s30}La página web llegó a su fin. {nl} Por favor, presiona Cerrar.{/}	{@st66d}{s30}웹 페이지가 끝났습니다. {nl} 닫기를 눌러주세요.{/}				
UI_20161005_002379	Ver desde el Punto de Vista del Jugador	플레이어 시점 보기				
UI_20161005_002380	Todos los Personajes	총 캐릭터				
UI_20161005_002381	{@st66e}%s{nl}Cambiar de %s a {@st66d_y}%s{/}	{@st66e}%s{nl} %s에서 {@st66d_y}%s{/}으로 변경{/}				
UI_20161005_002382	{@st66b}Reiniciar{/}	{@st66b}재시작{/}				
UI_20161005_002383	{@st66d_y}%s{/}	{@st66d_y}%s의{/}				
UI_20161005_002384	Opción Seleccionada:{nl}%s	선택 옵션:{nl}%s				
UI_20161005_002385	Atributos e Info del Gremio	길드 특성 및 정보				
UI_20161005_002386	{@st66b}Guardar	{@st66b}저장				
UI_20161005_002387	{@st42}Tablón de Mensaje de Una Línea - Publica hasta 3 Veces Al Día.{/}	{@st42}한줄 게시판 - 하루 3회 입력가능합니다.{/}				
UI_20161005_002388	{@st42}Registros	{@st42}전적				
UI_20161005_002389	Rangos GvG	길드 배틀 랭킹				
UI_20161005_002390	{@st66e}Forjar (%s/%s){/}	{@st66e}포지(%s/%s){/}				
UI_20161005_002391	{@st66e}Cargador de Escudo (%s/%s){/}	{@st66e}실드 차져(%s/%s){/}				
UI_20161005_002392	{@st45tw2}Solo Miembros del Gremio{/}	{@st45tw2}길드원만 입장{/}				
UI_20161005_002393	{@st42}Se requiere aprender [%s].{/}	{@st42}[%s]을 배워야 합니다.{/}				
UI_20161005_002394	{@st66b}Coordenadas{/}	{@st66b}좌표{/}				
UI_20161005_002395	{@st42b}Abrir Portal	{@st42b}포탈 열기				
UI_20161005_002396	{@st66b}Tiempo de Reutilización de Portal{/}	{@st66b}포탈 재사용 대기시간{/}				
UI_20161010_002397	{@st66d_y}{s20}Todo{/}	{@st66d_y}{s20}총{/}				
UI_20161107_002398	{@st43}Lista de Intercambio{/}	{@st43}교환 목록{/}				
UI_20161107_002399	{@st41b}Medallas : {/}	{@st41b}총 소비 메달 : {/}				
UI_20161107_002400	{@st41b}Total de Medallas Obtenidas : {/}	{@st41b}총 획득 메달 : {/}				
UI_20161107_002401	¿Deseas gastar medallas por los objetos?	메달을 위 아이템으로 교환하시겠습니까?				
UI_20161107_002402	Una vez intercambiado, no puedes revertirlo.	교환 시 원래의 아이템으로 되돌릴 수 없습니다.				
UI_20161107_002403	¿Deseas intercambiar el objeto por medalla?	해당 아이템을 메달로 교환하시겠습니까?				
UI_20161107_002404	Intercambiar de vuelta lo comprado por medalla puede causar alguna pérdida debido a la tasa de intercambio.	구매한 아이템을 메달로 재교환 시 교환율의 불이익이 발생할 수 있습니다.				
UI_20161107_002405	{@st43}{s24}Tienda de TP	{@st43}{s24}TP상점				
UI_20161107_002406	{@st43}{s24}NOTICIAS{/}	{@st43}{s24}신상품{/}				
UI_20161107_002407	  {img Nexon_cash_mark 30 30} Poseído{/}{/}	  보유중인{img Nexon_cash_mark 30 30}{/}{/}				
UI_20161107_002408	{@st66d}{s20}Recargar Cartera de Steam{/}	{@st66d}{s20}넥슨캐시 충전{/}				
UI_20161107_002409	{@st66d}{s18}Vista Previa/Compra{/}	{@st66d}{s18}미리보기 및 구매{/}				
UI_20161107_002410	{@st66d}Reiniciar Vista Previa{/}	{@st66d}미리보기 초기화{/}				
UI_20161107_002411	{@st66d}Finalizar Compra{/}	{@st66d}구매 확정{/}				
UI_20161107_002412	  TP Actual{/}	  보유중인 TP{/}				
UI_20161107_002413	  TP Restante{/}	  잔여 TP{/}				
UI_20161107_002414	{@st66d}Intercambiar por Medalla{/}	{@st66d}메달로 교환하기{/}				
UI_20161107_002415	{@st66d}Intercambiar por Objeto{/}	{@st66d}아이템으로{nl} 교환하기{/}				
UI_20161107_002416	  Medallas Actuales{/}	  보유중인 메달{/}				
UI_20161107_002417	  Medallas Restantes{/}	  잔여 메달{/}				
UI_20161107_002418	Precio de Medalla	장바구니 메달				
UI_20161107_002419	{@st66b}Compra de TP{/}	{@st66b}TP 구매{/}				
UI_20161107_002420	{@st66b}Tienda de Intercambio{/}	{@st66b}리사이클 상점{/}				
UI_20161107_002421	Intercambiar objetos por medallas	보유중인 아이템을 메달로 교환				
UI_20161107_002422	Intercambiar medallas por objetos	보유중인 메달을 아이템으로 교환				
UI_20161107_002423	Comprables	구매가능 목록				
UI_20161107_002424	Vendibles	판매가능 목록				
UI_20161107_002425	{@st66d}{s18}Top 5 Más Vendidos{/}	{@st66d}{s18}인기 아이템 Top5{/}				
UI_20161107_002426	{@st55_b} Ingresa una palabra clave.{/}	{@st55_b}  검색어를 입력하세요.{/}				
UI_20161107_002427	TP Comprable	 TP 구매				
UI_20161107_002428	{@st66d}{s18}Oferta Especial{/}	{@st66d}{s18}특별판매{/}				
UI_20161107_002429	{@st66d}Comprar{/}	{@st66d}구매 하기{/}				
UI_20161107_002430	{@st66d}{s18}Almacén de Efectivo{/}	{@st66d}{s18}캐시 창고{/}				
UI_20161107_002431	{@st43d}{s18}- Solo se puede usar cuando la compra del objeto se finaliza.{nl} -Haz clic derecho para finalizar la compra.{nl}- El objeto comprado estará en el inventario de tu personaje.{nl}- Los objetos en el Almacén de Efectivo se pueden reembolsar dentro de los 7 días posteriores a la compra.{/}	{@st43d}{s18}- 캐시 창고의 아이템을 구매 확정해야만 사용 할 수 있습니다.{nl}- 구매 확정은 마우스 우클릭을 통해 가능합니다.{nl}- 구매 확정한 상품은 캐릭터 인벤토리로 이동됩니다.{nl}- 캐시창고에 보관된 아이템은 구입 후 7일 이내에 청약철회를 할 수 있습니다.{/}				
UI_20161107_002432	{@st67}{s18}Una compra no se puede revertir una vez finalizada.{/}	{@st67}{s18}구매가 확정되면 되돌릴 수 없습니다.{/}				
UI_20161107_002433	{@st66d}{s18}Sí{/}	{@st66d}{s18}구매확정{/}	UI_20160811_002303	{@st66d}{s26}Confirmar Compra{/}	{@st66d}{s26}구매확정{/}	
UI_20161107_002434	{@st66d}{s18}No{/}	{@st66d}{s18}아니오{/}	UI_20160811_002304	{@st66d}{s26}No{/}	{@st66d}{s26}아니오{/}	
UI_20161107_002435	{@st66}{s18}Derecho a Cancelar{/}	{@st66}{s18}청약철회{/}	UI_20160811_002305	{@st66d}{s26}Derecho a Cancelar{/}	{@st66d}{s26}청약철회{/}	
UI_20161107_002436	{@st42b}{s16}Comprar{/}	{@st42b}{s16}구매하기{/}	UI_20160811_002316	{@st42b}{s16}Cargar{/}	{@st42b}{s16}충전하기{/}	
UI_20161107_002437	{@st42}{s16} Costo de Medalla {/}{img icon_item_recyclemedal 20 20}{/}	{@st42}{s16}  소모메달 {/}{img icon_item_recyclemedal 20 20}{/}				
UI_20161107_002438	{@st42}{s16} Medalla Obtenida {/}{img icon_item_recyclemedal 20 20}{/}	{@st42}{s16}  획득메달 {/}{img icon_item_recyclemedal 20 20}{/}				
UI_20161107_002439	Poseído: %s	보유 수량 : %s				
UI_20161107_002440	{@st42b}{s16}Comprar{/}	{@st42b}{s16}구매{/}				
UI_20161107_002441	{@st42b}{s16}Intercambiar por Medalla{/}	{@st42b}{s16}메달로 교환{/}				
UI_20161107_002442	Medalla Consumida	소비 메달				
UI_20161107_002443	Medalla Obtenida	획득 메달				
UI_20161108_002444	{@st43}¡%s obtenido!{/}	{@st43}%s 획득!{/}				
UI_20161108_002445	{@st42b}Abrir Cubo Bendito de la Diosa X %s	{@st42b}축복받은 여신의 큐브 X %s 열기				
UI_20161108_002446	{@st42b}Abrir Cubo Secreto de Leticia X %s	{@st42b}레티샤의 비밀 큐브 X %s 열기				
UI_20161108_002447	{@st41}Abrir Cubo de Compensación	{@st41}보상 큐브 열기				
UI_20161108_002448	{@st59}Cerrar{/}	{@st59}창을 닫습니다.{/}				
UI_20161108_002449	{@st66b}Podría obtener algo misterioso{nl}al abrirse.{/}	{@st66b}사용하면 무언가 알 수 없는 것을{nl}획득할 수 있을 것 같습니다.{/}				
UI_20161121_002450	{@st41}Reinicio de Entradas : 06:00 AM Todos los Días{/}	{@st41}입장 횟수 초기화 : 매일 6시{/}				
UI_20161121_002451	Nombre/Ubicación	이름/위치				
UI_20161121_002452	Nivel de Entrada	입장레벨				
UI_20161121_002453	Cantidad de Entradas	입장 횟수				
UI_20161121_002454	Entrar a la Mazmorra	던전 입장				
UI_20161121_002455	%s/%s	%s/%s회				
UI_20161121_002456	Equipo Principal Obtenible	대표 획득 장비				
UI_20161121_002457	{@st66b}Emparejamiento Automático{nl}Reingresar	{@st66b}자동매칭{nl}재입장				
UI_20161121_002458	Reingresando a la ubicación previamente emparejada.	이전에 매칭된 곳으로 입장합니다.				
UI_20161121_002459	Emparejamiento Automático	자동매칭				
UI_20161121_002460	Monstruo Principal	대표 등장 몬스터				
UI_20161121_002461	Esperando la participación de los miembros del grupo.{nl}Se enviará un mensaje a los jugadores en el rango de nivel apropiado.	파티원의 참여를 기다립니다.{nl}레벨대가 맞는 파티원에게는 메세지가 전송됩니다.				
UI_20161121_002462	Emparejamiento Automático{nl}con Grupo	파티원과 자동매칭				
UI_20161121_002463	Emparejamiento Automático con{nl}Miembros Actuales	현재 모인 멤버로 자동매칭				
UI_20161121_002464	{@st41b}Entrar Ahora	{@st41b}바로입장				
UI_20161121_002465	Cola de Espera Total: %s	총 대기인원: %s명				
UI_20161121_002466	Esperando la participación de los miembros del grupo.	파티원의 참여를 기다리고 있습니다.				
UI_20161121_002467	{@st66b}Cancelar Cola	{@st66b}매칭 취소				
UI_20161121_002468	Entrando ahora...	잠시 후 이동				
UI_20161121_002469	{@st59}Cerrar el Mensaje.{/}	{@st59}메세지를 닫습니다.{/}				
UI_20161214_002470	{@st43}Identificar{/}	{@st43}감정{/}				
UI_20161214_002471	{@st59}Cerrar{/}	{@st59}감정 UI를 닫습니다{/}				
UI_20161214_002472	{@st66}Lista de Objetos Identificables	{@st66}감정 필요 아이템 목록				
UI_20161214_002473	{@st41b}Costo de Identificación{/}	{@st41b}감정 비용{/}				
UI_20161214_002474	{@st41b}Identificar{/}	{@st41b}감정 하기{/}				
UI_20161214_002475	Nombre	이름을 지어주세요				
UI_20161214_002476	{@st43}Tienda de Compañeros	{@st43}컴패니언 상점	UI_20150317_000149	{@st43}Tienda de Compañeros	{@st43}컴패니언 샵	
UI_20161214_002477	{@st66b}Adoptar{/}	{@st66b}분양{/}				
UI_20161214_002478	{@st66b}Comida para Mascota{/}	{@st66b}먹이{/}				
UI_20161214_002479	{img icon_item_silver 20 20}{@st41b}Continuar {/}{img white_right_arrow 15 18}	{img icon_item_silver 20 20}{@st41b}거래 정산 {/}{img white_right_arrow 15 18}				
UI_20161214_002480	{img icon_item_silver 20 20}{@st41b}Fondo Restante {/}{img white_right_arrow 15 18}	{img icon_item_silver 20 20}{@st41b}예상 잔액 {/}{img white_right_arrow 15 18}				
UI_20161214_002481	{@st66b}Completado{/}	{@st66b}비우기{/}				
UI_20161214_002482	{@st41b}Continuar {/}{img white_right_arrow 15 18}	{@st41b}거래 정산 {/}{img white_right_arrow 15 18}				
UI_20161214_002483	{@st41b}Fondo Restante {/}{img white_right_arrow 15 18}	{@st41b}예상 잔액 {/}{img white_right_arrow 15 18}				
UI_20161214_002484	Las cartas de Nivel 1 no consumen 5TP.	1레벨 카드는 5TP가 소모되지 않습니다.				
UI_20161214_002485	{@st66b}Clasificación en Tiempo Real	{@st66b}실시간 랭킹	UI_20160811_002277	{@st66b}Clasificación en Tiempo Real	{@st66b}주간 실시간 랭킹	
UI_20161214_002486	Clasificación de la Última Temporada	지난 시즌 랭킹	UI_20160811_002279	Clasificación de la Semana Anterior	지난 주간 랭킹	
UI_20161214_002487	Aumenta la EXP/Tasa de Caída{nl}hasta 3 veces consumiendo{nl}el contador de entradas y{nl}Tokens Multiplicadores de Mazmorra Instanciada.	던전 입장 소비 횟수와{nl} 인스턴스 던전 배수 토큰 아이템을{nl}소모한 만큼{nl}경험치/아이템드랍률을{nl} 최대 3배까지 증가시킵니다.				
UI_20161214_002488	{@st41b}Activar Modo de Multiplicación	{@st41b}배수모드 발동				
UI_20161214_002489	{@st41b}Cancelar Modo de Multiplicación	{@st41b}배수모드 취소				
UI_20161214_002490	Número de Modo de Multiplicación	배수모드 적용 개수				
UI_20161214_002491	Por favor, espera.	잠시 후 이동됩니다				
UI_20161214_002492	{@st66b}Equipo{/}	{@st66b}장비{/}				
UI_20161214_002493	{@st66b}Objeto{/}	{@st66b}아이템{/}				
UI_20161214_002494	{@st59b}Trascendencia de Objeto{nl}{@st59s}- Mejora el rendimiento de un objeto de una forma diferente a la mejora con yunque{nl}- Trascendibles : Arma, Armadura, Accesorio{nl}- Probabilidad de Trascendencia = Cantidad de Ingredientes / Mínimo Requerido{nl}- Si tiene éxito, el nivel de Trascendencia aumenta en 1(Máx. 10){nl}- Si falla, el nivel de Trascendencia junto con el potencial disminuye en 1(El nivel de Trascendencia no baja de 1){nl}- Los Objetos Trascendidos No se Pueden Comerciar{/}	{@st59b}아이템 초월{nl}{@st59s}- 모루 강화와는 다른 아이템 성능 강화{nl}- 초월 가능 장비 : 무기, 방어구, 장신구{nl}- 초월 성공 확률 = 넣은 재료 개수 / 최대 필요 재료 개수{nl}- 성공 시, 초월이 1단계 상승(최대 10단계){nl}- 실패 시, 초월과 포텐셜이 1단계 하락(초월은 1단계 이하로 떨어지지 않음){nl}- 초월시킨 장비는 거래 제한으로 변경됨{/}	UI_20160811_002289	{@st59b}Trascender Objeto{nl}{@st59s}- Otra forma de mejorar el rendimiento del objeto además del yunque{nl}- Objetos que pueden trascender : Armas, armaduras y accesorios{nl}- Tasa de Éxito de Trascendencia = Ingredientes Usados / Máximo de Ingredientes Requeridos{nl}- Aumenta la Etapa de Trascendencia en 1 al tener éxito (Máximo de 10 Etapas){nl}- Disminuye la Etapa de Trascendencia en 1 al fallar (Sin pérdida de Potencial){nl}- Los objetos trascendidos no se pueden comerciar{/}	{@st59b}아이템 초월{nl}{@st59s}- 모루 강화와는 다른 아이템 성능 강화{nl}- 초월 가능 장비 : 무기, 방어구, 장신구{nl}- 초월 성공 확률 = 넣은 재료 개수 / 최대 필요 재료 개수{nl}- 성공 시, 초월이 1단계 상승(최대 10단계){nl}- 실패 시, 초월이 -1단계 하락(포텐셜은 감소되지 않음){nl}- 초월시킨 장비는 거래 제한으로 변경됨{/}	
UI_20161214_002495	{@st59b}Extracción de Gema Bendita{nl}{@st59s}- Extrae Gemas Benditas de objetos Trascendidos{nl}- Ingrediente para Extracción de Gema Bendita : Martillo de Desmantelamiento{nl}- Se puede reembolsar una parte de las Gemas Benditas usadas en el objeto. {nl}   : Dependiendo del nivel de trascendencia actual y el potencial restante, la tasa de reembolso es mínimo 20% a máximo 90%. {nl}- No se puede usar en el Nivel de Trascendencia 0.{/}	{@st59b}축복석 추출{nl}{@st59s}- 초월아이템에서 축복석 추출{nl}- 축복석 추출 재료 : 분해의 망치{nl}- 축복석 추출시 해당 아이템은 제거되지만, 사용된 축복석의 일부를 되돌려 받을 수 있습니다. {nl}   : 현재 초월 단계와 잔여 포텐셜에 따라 최소 20% ~ 최대 90%의 초월석을 돌려받습니다. {nl}- 초월 0단계에서는 사용할 수 없습니다.{/}	UI_20161005_002353	{@st59b}Extracción de Gemas Benditas{nl}{@st59s}- Extrae una Gema Bendita de un objeto trascendido{nl}- Requisitos de Extracción : Martillo de Desmantelamiento{nl}- Recuperarás algunas de las Gemas Benditas usadas para la Trascendencia aunque el objeto será destruido.{nl}  : Se devolverá la Tasa de Éxito Actual / 40% de la cantidad de Gemas Benditas. {nl}- No puedes usar esto cuando tu objeto está en la Etapa 0 de Trascendencia.{/}	{@st59b}축복석 추출{nl}{@st59s}- 초월아이템에서 축복석 추출{nl}- 축복석 추출 재료 : 분해의 망치{nl}- 축복석 추출시 해당 아이템은 제거되지만, 사용된 축복석의 일부를 되돌려 받을 수 있습니다. {nl}   : 현재까지 성공 / 실패에 사용된 축복석의 40%를 돌려받습니다. {nl}- 초월 0단계에서는 사용할 수 없습니다.{/}	
UI_20161214_002496	{@st66b}Guardar{/}	{@st66b}강화 저장{/}				
UI_20161214_002497	{@st66b}Mostrar Daño de Otros Personajes	{@st66b}다른 캐릭터 대미지 보기				
UI_20161214_002498	{@st59}Por favor selecciona un servidor.{/}	{@st59}유라테 - 시즌 서버가 아우슈리네 서버로 통합되었습니다.{nl}자세한 내용은 홈페이지 공지사항을 참고해주세요.{nl}바카리네, 라이마, 제미나, 가비야 서버는 7/14(목) 바이보라 서버로 통합되었습니다.{/}	UI_20160811_002309	{@st59}Por favor selecciona un servidor.{/}	{@st59}유라테(시즌 서버) 서버는 10/20까지 운영되는 이벤트 서버입니다.{nl}자세한 내용은 홈페이지 공지사항을 참고해주세요.{nl}바카리네, 라이마, 제미나, 가비야 서버는 바이보라 서버로 통합되었습니다.{/}	
UI_20161214_002499	{@st59}Graba FPS y activa la Repetición.{/}	{@st59}리플레이를 실행하며 프레임당 수행시간을 파일로 기록합니다.{/}				
UI_20161214_002500	Actual	현재				
UI_20161214_002501	Máx.	최대				
UI_20161214_002502	{@st66b}Aprender	{@st66b}배우기				
UI_20161214_002503	{img white_right_arrow 24 24}{@st66d_y} Costo Total{/}	{img white_right_arrow 24 24}{@st66d_y} 총 강화 소비 비용{/}				
UI_20161214_002504	{@brown_16}Participación de Gremio{/}	{@brown_16}길드 참여{/}				
UI_20161214_002505	{@black_18_b}Diario{/}	{@black_18_b}일간{/}				
UI_20161214_002506	{@black_18_b}Semanal (Se reinicia cada lunes){/}	{@black_18_b}주간(월요일마다 초기화){/}				
UI_20161214_002507	{@brown_16}Participación Individual{/}	{@brown_16}개인 참여{/}				
UI_20161214_002508	Autoridad del Gremio	길드 권한				
UI_20161221_002509	¿Usar el Vale de Reinicio de Rango?	랭크 초기화 아이템을 사용하시겠습니까?{/}				
UI_20161221_002510	El objeto desaparecerá de tu{nl}inventario y tus elecciones de Rango se reiniciarán.	사용한 아이템은 인벤토리에서 사라지며{nl}전체 랭크가 초기화 됩니다.{/}				
UI_20161221_002511	{@st66d_y}Condiciones y Precauciones{/}	{@st66d_y}조건 및 주의 사항{/}				
UI_20161221_002512	{@st58}Sin Objetos Equipados{/}	{@st59}장비 장착 상태{/}				
UI_20161221_002513	{@st59}Sin Aprendizaje de Atributo en Progreso{/}	{@st59}특성 습득 대기 상태{/}				
UI_20161221_002514	{@st59}Sin Compañeros Siguiendo{/}	{@st59}컴패니언 동행{/}				
UI_20161221_002515	{@st59}Personaje en la Ciudad{/}	{@st59}마을{/}				
UI_20161221_002516	{@st59}Sin Habilidades de Tienda en Uso{/}	{@st59}상점 스킬 운영{/}				
UI_20161221_002517	{@st59}Sin Fabricación en Progreso{/}	{@st59}제작 중{/}				
UI_20161221_002518	{@st59}Sin Personaje Maestro del Gremio Templario{/}	{@st59}템플러 직업을 가진 길드 마스터 캐릭터{/}				
UI_20161221_002519	* Las Cartas de Monstruo equipadas serán{nl}removidas automáticamente sin penalización alguna.	* 착용 중인 몬스터 카드는 제약없이 자동으로 해제됩니다.				
UI_20161221_002520	* Los niveles de atributo obtenidos antes del reinicio{nl}se pueden volver a aprender sin costo después del reinicio.	* 초기화 전 올린 특성의 레벨은{nl}초기화 후 다시 올릴 경우 실버가 소모되지 않습니다.				
UI_20161221_002521	* Cartas de EXP equivalentes al último Rango alcanzado{nl}	* 마지막 달성한 				
UI_20161221_002522	Nivel de Clase 15	클래스 15레벨				
UI_20161221_002523	se entregará a tu inventario.	을 확인해 {nl} 그에 해당하는 클래스 경험치 카드를 인벤토리로 지급합니다.				
UI_20161221_002524	* Los trajes específicos de clase recibidos{nl}por ascenso de Rango serán eliminados.	* 전직 시 지급된 직업별 코스튬은 반환됩니다.				
UI_20161221_002525	* Volverás al cuartel tras usar el Vale.	* 초기화 후엔 캐릭터 선택창으로 돌아갑니다.				
UI_20170117_002526	{@st66b}Optimización (Beta){/}	{@st66b}최적화(Beta){/}				
UI_20170117_002527	{@st59}Función ACTIVAR/DESACTIVAR para procesamiento multihilo optimizado.{/}	{@st59}최적화(Beta) 를 적용합니다.{/}				
UI_20170313_002528	Transacción	거래일시				
UI_20170313_002529	Depósito	입금				
UI_20170313_002530	Retiro	출금				
UI_20170313_002531	Restante	잔액				
UI_20170313_002532	Identifica el equipo seleccionado.	선택한 장비를 감정합니다.				
UI_20170313_002533	{@st66b}Identificación{/}	{@st66b}감정{/}				
UI_20170313_002534	{@st66b}Materiales{/}	{@st66b}소비재료{/}				
UI_20170313_002535	Nombre del Objeto	아이템 이름				
UI_20170313_002536	{@st43}Falsificación{/}	{@st43}모조품{/}				
UI_20170313_002537	{@st41b}Cambiar	{@st41b}변경하기				
UI_20170313_002538	{@st68b}{s18}Colección{/}	{@st68b}{s18}콜렉션 상태{/}				
UI_20170313_002539	{@st68b}Completado(%s){/}	{@st68b}완성(%s){/}				
UI_20170313_002540	{@st68b}Nuevo(%s){/}	{@st68b}미확인(%s){/}				
UI_20170313_002541	{@st68b}Incompleto(%s){/}	{@st68b}미완성(%s){/}				
UI_20170313_002542	{@st66b}Ver Todos los Efectos{/}	{@st66b}총 효과보기{/}				
UI_20170313_002543	{@st59}Ver el total de efectos obtenidos.{/}	{@st59}총 효과를 출력 합니다.{/}				
UI_20170313_002544	{@st59}Busca el nombre de una colección o efecto.{/}	{@st59}콜렉션 이름 또는 효과로 검색 합니다.{/}				
UI_20170313_002545	{@st68b}{s18}Completado(%s){/}	{@st68b}{s18}완성(%s){/}				
UI_20170313_002546	{@st59}Cerrar la imagen.{/}	{@st59}이미지를 닫습니다{/}				
UI_20170313_002547	{@st59}Cerrar la ventana del objeto.{/}	{@st59}아이템 획득 창을 닫습니다.{/}				
UI_20170313_002548	{@st41b}%s {nl}¡Has obtenido un objeto!	{@st41b}%s {nl}아이템을 획득 하셨습니다!				
UI_20170313_002549	{@st59}Reexpande tu Almacén del Gremio.{/}	{@st59}길드 보관함을 새로 갱신합니다.{/}				
UI_20170313_002550	Solo se puede usar en mazmorras instanciadas y misiones de mercenario.	인던과 의뢰소 미션에만 사용 가능합니다.				
UI_20170313_002551	{@st66}Equipado	{@st66}장착중 선택				
UI_20170313_002552	{@st59b}Extracción de Gema Bendita{nl}{@st59s}- Extrae Gemas Benditas de objetos trascendidos.{nl}- Materiales necesarios: Martillo de Desmantelamiento.{nl}- Extraer Gemas Benditas eliminará el objeto, pero conservará parte de las gemas. {nl}   : Recibirás entre 20% y 90% de las Gemas Benditas, dependiendo de la etapa de trascendencia del objeto y el potencial actual. {nl}- Tu objeto debe estar trascendido a al menos la etapa 2 para poder extraer las gemas.{/}	{@st59b}축복석 추출{nl}{@st59s}- 초월아이템에서 축복석 추출{nl}- 축복석 추출 재료 : 분해의 망치{nl}- 축복석 추출시 해당 아이템은 제거되지만, 사용된 축복석의 일부를 되돌려 받을 수 있습니다. {nl}   : 현재 초월 단계와 잔여 포텐셜에 따라 최소 20% ~ 최대 90%의 초월석을 돌려받습니다. {nl}- 추출은 초월 2단계이상부터 사용할 수 있습니다.{/}	UI_20161214_002495	{@st59b}Extracción de Gema Bendita{nl}{@st59s}- Extrae Gemas Benditas de objetos Trascendidos{nl}- Ingrediente para Extracción de Gema Bendita : Martillo de Desmantelamiento{nl}- Se puede reembolsar una parte de las Gemas Benditas usadas en el objeto. {nl}   : Dependiendo del nivel de trascendencia actual y el potencial restante, la tasa de reembolso es mínimo 20% a máximo 90%. {nl}- No se puede usar en el Nivel de Trascendencia 0.{/}	{@st59b}축복석 추출{nl}{@st59s}- 초월아이템에서 축복석 추출{nl}- 축복석 추출 재료 : 분해의 망치{nl}- 축복석 추출시 해당 아이템은 제거되지만, 사용된 축복석의 일부를 되돌려 받을 수 있습니다. {nl}   : 현재 초월 단계와 잔여 포텐셜에 따라 최소 20% ~ 최대 90%의 초월석을 돌려받습니다. {nl}- 초월 0단계에서는 사용할 수 없습니다.{/}	
UI_20170313_002553	¡¡Exploración del Mapa Completa!!	!! 맵 탐사 완료 !!				
UI_20170313_002554	{@st41b}Colección{/}	{@st41b}콜렉션{/}				
UI_20170313_002555	{@st66b}[%s]{nl}Pieza obtenida.{/}	{@st66b}[%s]{nl}조각 획득{/}				
UI_20170313_002556	{@st59}Cerrar ventana.{/}	{@st59}합성창을 닫습니다{/}				
UI_20170313_002557	{@st41b}¿Combinar las {@sti9}%s insignias seleccionadas{/}?{/}	{@st41b}선택한 {@sti9}%s개{/} 아이템으로 합성하시겠습니까?{/}				
UI_20170313_002558	{@st59b}Combinar Insignias{nl}{@st59s} - Selecciona las insignias de tu inventario.{nl}{/}	{@st59b}증표 합성{nl}{@st59s} - 합성할 증표를 인벤토리에서 선택하여 등록{nl}{/}				
UI_20170313_002559	{@st41b}Combinar	{@st41b}합성				
UI_20170313_002560	{@st66b}Objetos a Reparar	{@st66b}수리 필요 아이템 목록				
UI_20170313_002561	{@st66b}Usar Efectos de Caída de Objeto	{@st66b}아이템 드랍 이펙트 사용				
UI_20170313_002562	{@st66d}Objeto de [Falsificación] del Tasador{nl}Tiempo Restante %s	{@st66d}감정사 [모조품] 아이템{nl}   남은 유지시간 %s				
UI_20170313_002563	1m30s	1분30초				
UI_20170313_002564	{@st59}Reiniciar Misión{/}	{@st59}퀘스트 재시작{/}				
UI_20170313_002565	{@st59}Registra el objeto en la colección.{/}	{@st59}콜렉션 아이템을 등록합니다.{/}				
UI_20170313_002566	Brazalete de Defensa Mágica	마법방어 팔찌				
UI_20170313_002567	Mi Objeto	내 아이템				
UI_20170313_002568	Tasador %s	감정사 %s				
UI_20170313_002569	Al{nl}cambiar de equipo	장비{nl}교체시				
UI_20170313_002570	No hay objetos equipados en el Tasador.	감정사가 착용 중인 아이템이 없습니다				
UI_20170313_002571	Inversión	투자				
UI_20170330_002572	{@st59}Shift + Tab para Alternar{/}	{@st59}Shift + Tab 으로 전환{/}				
UI_20170330_002573	{@st59}Chat de Grupo{/}	{@st59}그룹 채팅{/}				
UI_20170330_002574	{@st59}Lista de Chat de Grupo{/}	{@st59}그룹 채팅 리스트{/}				
UI_20170330_002575	{@st59}Configuración de Chat{/}	{@st59}채팅 설정{/}				
UI_20170330_002576	{@st59}Agregar Ventana de Chat{/}	{@st59}기본 채팅 창 추가{/}				
UI_20170330_002577	{@st59}Doble clic para Minimizar/Maximizar{/}	{@st59}더블클릭으로 접기/펴기{/}				
UI_20170330_002578	{@59}Invitar{/}	{@59}초대{/}				
UI_20170330_002579	{@59}Configuración{/}	{@59}설정{/}				
UI_20170330_002580	{@59}Lista de Miembros{/}	{@59}참여자 목록{/}				
UI_20170330_002581	{@st66d}Lista de Chat	{@st66d}채팅 목록				
UI_20170330_002582	{@st66b}Amigos	{@st66b}친구				
UI_20170330_002583	{@st66b}Grupos	{@st66b}그룹				
UI_20170330_002584	{@st66e}Crear Nuevo Chat de Grupo	{@st66e}새 그룹채팅방 생성				
UI_20170330_002585	{@st59}Cerrar Lista de Chat{/}	{@st59}채팅 목록을 닫습니다{/}				
UI_20170330_002586	{@st42}Configuración de Grupo	{@st42}그룹 설정				
UI_20170330_002587	{@st42}Configuración de Color	{@st42}색 설정				
UI_20170330_002588	{@st66}OK	{@st66}확인				
UI_20170330_002589	{@st66}Salir de la Sala	{@st66}방 나가기				
UI_20170330_002590	{@st66b}Pestañas	{@st66b}탭				
UI_20170330_002591	{@st66b}Pantalla	{@st66b}화면				
UI_20170330_002592	{@st66}Transparencia	{@st66}투명도				
UI_20170330_002593	{@st66}Mostrar Globos de Diálogo	{@st66}말풍선 표시				
UI_20170330_002594	{@st66}Mostrar Chat de Grito Arriba	{@st66}화면 상단에 외치기 내용 표시				
UI_20170330_002595	{@st66}Tamaño de Fuente	{@st66}글자 크기				
UI_20170330_002596	{@st66b}Mostrar Mensaje de Inicio de Sesión	{@st66b}접속 알림 표시				
UI_20170330_002597	{@st66}Miembros del Gremio{/}	{@st66}길드원{/}				
UI_20170330_002598	{@st66}Amigos{/}	{@st66}친구{/}				
UI_20170330_002599	{@st66b}Si ambos jugadores del comercio son usuarios de Token,{nl}el equipo comerciable, consumibles,{nl}gemas y otros objetos permanecerán comerciables.{/}	{@st66b}거래 시 유저가 모두 토큰을 사용 중 이라면{nl}장비, 소모품, 기타, 카드, 젬 아이템의 속성 변경이 없습니다.{/}	UI_20160811_002266	{@st66b}Si ambos lados usan Tokens,{nl}las propiedades de comercio del equipo no cambian.{nl}Los consumibles y materiales se volverán no comerciables{nl}sin importar el uso de Tokens.{/}	{@st66b}거래 시 유저가 모두 토큰을 사용 중 이라면{nl}장비 아이템의 속성 변경이 없습니다.{nl}소비나 재료 아이템은 토큰여부와 상관없이 거래불가입니다.{/}	
UI_20170330_002600	{s18}Objetos con Fecha de Caducidad	{s18}기간제 아이템 목록				
UI_20170330_002601	Objeto(s) cercanos a la fecha de caducidad. ¿Cerrar?	곧 기간이 만료됩니다. 종료하시겠습니까?				
UI_20170330_002602	{@st43}{s20}Objetos Caducados{/}	{@st43}{s20}기간제 지난 아이템 일괄 삭제 목록{/}				
UI_20170330_002603	{s17}¿Eliminar todos los objetos de arriba?	{s17}위의 아이템을 일괄 삭제 하겠습니까?				
UI_20170330_002604	Objetos de Botín Principales	대표 획득 아이템				
UI_20170330_002605	{@st41b}Emparejar de 2 a 4 Jugadores{/}	{@st41b}4인 이하 입장{/}				
UI_20170330_002606	{@st41b}Emparejar de 2 a 4 Jugadores	{@st41b}4인 이하 입장				
UI_20170330_002607	{@st59}Eliminar Objetos Caducados{/}	{@st59}기간이 지난 아이템을 삭제합니다{/}				
UI_20170330_002608	{@st45tw2}Objetos Comprados{/}	{@st45tw2}구매 개수{/}				
UI_20170330_002609	{@st45tw2}Objetos Vendidos{/}	{@st45tw2}판매 완료 개수{/}				
UI_20170330_002610	{@st45tw2}Cantidad{/}	{@st45tw2}금액{/}				
UI_20170330_002611	{@st45tw2}Vendido{/}	{@st45tw2}판매 완료{/}				
UI_20170330_002612	{@st45tw2}Comprado{/}	{@st45tw2}구매 완료{/}				
UI_20170330_002613	{@st45tw2}Cancelado{/}	{@st45tw2}판매 취소{/}				
UI_20170330_002614	{@st45tw2}Otros{/}	{@st45tw2}기타{/}				
UI_20170330_002615	{@st42}Unirse	{@st42}참석하기				
UI_20170330_002616	{@st42}Cerrar	{@st42}닫기				
UI_20170330_002617	{@st59}Cerrar Buzón de Mensajes{/}	{@st59}메시지 함을 닫습니다{/}	UI_20150317_000017	{@st59}Cerrar{/}	{@st59}경매장을 닫습니다{/}	
UI_20170330_002618	{#62100c}Objetos no comerciables: %s	{#62100c}거래불가 개수 : %s개	UI_20150918_001804	Total No Comerciable: %s	총 거래 불가: %s개	
UI_20170330_002619	Comercio	거래 옵션				
UI_20170330_002620	Tienda	상점				
UI_20170330_002621	Personal	개인				
UI_20170330_002622	Comercio	거래{nl} 옵션				
UI_20170330_002623	%s Descripción del Objeto %s	%s 로 아이템 설명 %s				
UI_20170330_002624	{@59}Crear Etiqueta de Invitación{/}	{@59}초대 태그 생성{/}				
UI_20170330_002625	{@59}Salir{/}	{@59}나가기{/}				
UI_20170330_002626	%s objetos enviados.	%s개 지급되었습니다.				
UI_20170330_002627	Objeto	아이템명				
UI_20170330_002628	Fecha de Expiración	기간만료				
UI_20170330_002629	Plata de mercado recuperable instantáneamente	마켓 판매금 즉시 수령				
UI_20170330_002630	Registro Permitido Fuera de Precio Máx./Mín.	마켓 상/하한가 관계없이 물품 등록 가능				
UI_20170330_002631	Movible mediante Almacén de Equipo	팀 창고 이용 가능				
UI_20170418_002632	{@st66} * Si la lista de compras no aparece correctamente debido a un error temporal, intenta hacer clic en el botón Recuperar Todo para recibir el objeto.{/}	{@st66}일시적인 오류로 구매 내역이 표시되지 않을 경우, 전체 수령 버튼을 클릭하여 수령을 시도해 보시기 바랍니다.{/}				
UI_20170418_002633	{@st68}Cargar{/}	{@st68}새로고침				
UI_20170418_002634	{@st68}Reclamar{/}	{@st68}전체수령				
UI_20170418_002635	Puntos Requeridos	필요 포인트				
UI_20170419_002636	{@st66b}Ver Más{/}	{@st66b}친구 더 보기{/}				
UI_20170419_002637	Haz clic para ver más info del amigo.	클릭하면 더 많은 친구 정보를 볼 수 있습니다				
UI_20170419_002638	Acepto ser emparejado en un grupo de 2 a 4 jugadores.	4인 이하로 매칭될 수 있는 데에 동의합니다.				
UI_20170420_002639	Mis puntos:	내 특성 포인트 :				
UI_20170420_002640	{@st66b}Comprar Puntos de Atributo	{@st66b}특성 포인트 구매				
UI_20170420_002641	{@st66d}Comprar Puntos de Atributo	{@st66d}특성 포인트 구매				
UI_20170420_002642	Tasa de Compra	구매 비율				
UI_20170420_002643	Puede Comprar	구매 가능 포인트				
UI_20170420_002644	Ingresa la cantidad de puntos a comprar.	구매하실 포인트를 입력하세요.				
UI_20170420_002645	Cantidad Gastada	소비 소지금				
UI_20170420_002646	Cantidad Restante	잔여 소지금				
UI_20170420_002647	{@st66b}Comprar	{@st66b}구매				
UI_20170420_002648	{@st66b}Cancelar	{@st66b}취소				
UI_20170420_002649	Puedes guardar objetos comerciables.{nl}El almacenamiento de plata está disponible para usuarios con Token.	거래가 가능한 아이템을 보관할 수 있습니다.{nl}실버 보관은 토큰을 구매한 유저만 이용 가능합니다.				
UI_20170420_002650	{@st41b}Este cubo no se puede volver a abrir.{/}	{@st41b}한번 더 열기를 할 수 없는 큐브입니다.{/}				
UI_20170420_002651	{@st41}Abrir Cubo de Traje	{@st41}코스튬 큐브  열기				
UI_20170420_002652	{@st66b}Usar para obtener un traje.{/}	{@st66b}코스튬을 얻을 수 있습니다.{/}				
UI_20170510_002653	* Tras el reinicio, recibirás puntos de atributo{nl}equivalentes al nivel de tus atributos previo al reinicio.	* 초기화 전 올린 특성의 레벨은{nl}초기화 후 특성 포인트를 돌려드립니다.				
UI_20170510_002654	* Las Cartas de EXP de Clase equivalentes al último Nivel de Clase{nl}que alcanzaste se enviarán a tu inventario.	* 마지막 달성한 클래스 레벨을 확인해 {nl} 그에 해당하는 클래스 경험치 카드를 인벤토리로 지급합니다.				
UI_20170615_002655	{@st42b}Abrir Cubo Secreto de Leticia X %s	{@st42b}레티샤 큐브 X %s 열기	UI_20161108_002446	{@st42b}Abrir Cubo Secreto de Leticia X %s	{@st42b}레티샤의 비밀 큐브 X %s 열기	
UI_20170615_002656	{@st43}{s22}Cubo de Receta{/}	{@st43}{s22}레시피 큐브{/}				
UI_20170615_002657	{@st41}Selecciona una receta y confirma{/}	{@st41}레시피를 선택 후 확인을 눌러주세요{/}				
UI_20170615_002658	{@st41b}Recibir{/}	{@st41b}받기{/}				
UI_20170726_002659	{@st66b}Configuración de Grupo	{@st66b}그룹 설정				
UI_20170726_002660	{@st66b}Configuración de Color	{@st66b}색 설정				
UI_20170726_002661	{@st66d}Si al menos un jugador no es usuario de Token,{nl}después del comercio el objeto se volverá no comerciable.{/}	{@st66d}한 명 이라도 토큰을 사용하지 않으면{nl} 교환 후 아이템이 거래 불가 상태가 됩니다.{/}	UI_20160811_002273	{@st66d}Las propiedades del objeto cambiarán{nl}ya que ambos lados no usan Tokens.{/}	{@st66d}거래 대상 양측이 모두 토큰 사용하지 않아{nl}아이템 속성이 변경 됩니다.{/}	
UI_20170726_002662	{@st42b}Iniciar{/}	{@st42b}시작{/}				
UI_20170726_002663	Para empezar a pescar, selecciona tu cebo.	낚시를 시작합니다. 사용할 미끼를 올려주세요.				
UI_20170726_002664	Coloca tu cebo aquí.	미끼를 올려주세요				
UI_20170726_002665	Cerrar la Caja de Aparejos.	살림통을 닫습니다.				
UI_20170726_002666	{@st43}Caja de Aparejos{/}	{@st43}살림통{/}				
UI_20170726_002667	{@sti1}Objetos{/}	{@sti1}아이템{/}				
UI_20170726_002668	{@st42b}Recibir Objetos{/}	{@st42b}아이템 수령{/}				
UI_20170726_002669	{@st42b}Detener Pesca{/}	{@st42b}낚시 종료{/}				
UI_20170726_002670	{@sti1}Ciclos de Pesca{/}	{@sti1}낚시 횟수{/}				
UI_20170726_002671	{@st43}Ranking de Pesca{/}	{@st43}낚시 랭킹{/}				
UI_20170726_002672	{@st59}Cerrar Ranking de Pesca.{/}	{@st59}낚시 랭킹 창을 닫습니다.{/}				
UI_20170726_002673	Puntos	낚시 포인트				
UI_20170726_002674	Puedes moverte a la ubicación deseada.	거점 이동을 할 수 있습니다.				
UI_20170726_002675	{nl}Las entradas diarias se cuentan de manera diferente para cada tipo de mazmorra. 	{nl}각 던전은 카테고리별로 입장 횟수가 카운트 됩니다. 				
UI_20170726_002676	{@st59}Cerrar Mazmorras Instanciadas.{/}	{@st59}인스턴스 던전 창을 닫습니다{/}				
UI_20170726_002677	{@st43}Mazmorras Instanciadas{/}	{@st43}인스턴스 던전{/}				
UI_20170726_002678	Nombre	던전 이름				
UI_20170726_002679	Una entrada diaria adicional otorgada a usuarios con Token.	토큰 혜택으로 1회 추가 입장 가능합니다.				
UI_20170726_002680	Nivel de Entrada	입장 레벨				
UI_20170726_002681	Dificultad	난이도				
UI_20170726_002682	Orden	별				
UI_20170726_002683	{@st66b}Por nivel: ascendente{/}	{@st66b}레벨 오름차순{/}				
UI_20170726_002684	{@st66b}Por nivel: descendente{/}	{@st66b}레벨 내림차순{/}				
UI_20170726_002685	{@st66b}Las entradas diarias se reinician cada día a las %s.{/}	{@st66b}입장 횟수는 매일 %s시에 초기화 됩니다.{/}				
UI_20170726_002686	{@st43}{s22}Ver Ubicación{/}	{@st43}{s22}던전 위치 보기{/}				
UI_20170726_002687	{@st59}Cerrar Ubicación.{/}	{@st59}던전 위치 보기 창을 닫습니다{/}				
UI_20170726_002688	{@st43}NOTICIAS{/}	{@st43}이벤트 안내{/}				
UI_20170726_002689	{@st66b}Haz clic en un banner para ir al anuncio del evento.{/}	{@st66b}배너를 클릭하면 해당 이벤트 페이지로 이동합니다{/}				
UI_20170726_002690	{@st59}Cerrar Eventos.{/}	{@st59}이벤트 안내 UI를 닫습니다{/}				
UI_20170726_002691	{@st59}Intercambiar Equipo.{/}	{@st59}해당 번호로 장비를 교환합니다{/}				
UI_20170726_002692	Abrir Banner de Evento	이벤트 배너를 엽니다				
UI_20170726_002693	{@st66b}Mostrar Núm. de Fragmentos{/}	{@st66b}메인 화면에 파편의 개수 표시하기{/}				
UI_20170726_002694	{@st42}Fragmentos del Necronomicón{/}	{@st42}네크로노미콘 파편의 개수{/}				
UI_20170726_002695	{@st66b}Mostrar Cantidad de Veneno{/}	{@st66b}메인 화면에 독의 양 표시하기{/}				
UI_20170726_002696	{s20}Veneno	{s20}독의 양				
UI_20170726_002697	{@st42}Veneno en Olla de Veneno{/}	{@st42}포이즌 팟의 독의 양{/}				
UI_20170726_002698	{@st59}Caja de Aparejos{/}	{@st59}낚시 살림통{/}				
UI_20170726_002699	{@st59}Info de Mazmorra (F10){/}	{@st59}던전 정보(F10){/}				
UI_20170726_002700	{@st66b}Ver Info Básica del Personaje{/}	{@st66b}캐릭터 기본 정보 보기{/}				
UI_20170726_002701	{@st66b}Mostrar HP/SP Bajo el Personaje{/}	{@st66b}캐릭터 아래에 HP, SP 표시{/}				
UI_20170726_002702	{@st66b}Usar multihilo (Beta){/}	{@st66b}멀티스레드 사용(Beta){/}				
UI_20170726_002703	{@st59}Aplica actualización multihilo (Beta).{/}	{@st59}멀티스레드 업데이트(Beta)를 적용합니다.{/}				
UI_20170726_002704	{@st66d}{s18}Cubos de TP{/}	{@st66d}{s18}유료 확률형 아이템{/}				
UI_20170726_002705	{@st43d}{s18}Consulta nuestro sitio web oficial para ver las listas de objetos contenidos en los Cubos de TP.{/}	{@st43d}{s18}- 홈페이지 하단의 확률형 아이템 목록 메뉴에서 구성품과 확률을 확인 할 수 있습니다.{/}				
UI_20170726_002706	{@st41}Selecciona y confirma.{/}	{@st41}선택 후 확인을 눌러주세요{/}				
UI_20170726_002707	{@st59}Ayuda{/}	{@st59}도움말{/}				
UI_20170726_002708	Días/Horas/Minutos	일시분				
UI_20170726_002709	{@st59}Nuevo{/}	{@st59}신규{/}				
UI_20170726_002710	{@st59}Cerrando Pronto{/}	{@st59}종료 임박{/}				
UI_20170726_002711	{@st59}Período de Intercambio{/}	{@st59}교환 기간{/}				
UI_20170726_002712	{@st66b}Recibir Recompensas	{@st66b}보상 받기				
UI_20170901_002713	{@st59}Alas{/}	{@st59}날개{/}				
UI_20170912_002714	{@st43b}Diario de Aventuras	{@st43b}모험 일지				
UI_20170912_002715	{@st59}Ranking del Diario de Aventuras	{@st59}모험일지 랭킹{/}				
UI_20170912_002716	{@st59}Ranking de la Liga de Batalla de Equipos{/}	{@st59}팀배틀리그 랭킹{/}				
UI_20170912_002717	{@st59}Ranking de Defensa Cuesta Arriba{/}	{@st59}업힐디펜스 랭킹{/}				
UI_20170912_002718	{@st59}Principal{/}	{@st59}메인{/}				
UI_20170912_002719	{@st59}Monstruos{/}	{@st59}몬스터{/}				
UI_20170912_002720	{@st59}Objetos{/}	{@st59}아이템{/}				
UI_20170912_002721	{@st59}Fabricación{/}	{@st59}제작{/}				
UI_20170912_002722	{@st59}Vida{/}	{@st59}생활{/}				
UI_20170912_002723	{@st59}Mazmorras{/}	{@st59}던전{/}				
UI_20170912_002724	{@st59}Crecimiento{/}	{@st59}성장{/}				
UI_20170912_002725	{@st59}Exploración{/}	{@st59}탐험{/}				
UI_20170912_002726	Equipo	팀명				
UI_20170912_002727	Personaje	캐릭명				
UI_20170912_002728	{img test_cooltime 24 24}Los puntos se reinician el día 1 de cada mes.{/}	{img test_cooltime 24 24} 매월 1일마다 점수가 초기화됩니다.{/}				
UI_20170912_002729	{@st41b}Rangos Superiores	{@st41b}상위 랭킹				
UI_20170912_002730	{@st41b}Mis Rangos Más Cercanos	{@st41b}내 주변 랭킹				
UI_20170912_002731	{@st43b}Total %s Puntos	{@st43b}총 획득 점수 %s점				
UI_20170912_002732	{@st66b}Más Monstruos	{@st66b}몬스터 더 보기				
UI_20170912_002733	{@st66d_y}%s Puntos / {/}{@st42}%s Puntos{/}	{@st66d_y}%s점 / {/}{@st42}%s점{/}				
UI_20170912_002734	Derrotado	처치횟수				
UI_20170912_002735	{@st41b}Área	{@st41b}서식지역				
UI_20170912_002736	Descripción	설명문				
UI_20170912_002737	Subcategoría	하위 카테고리				
UI_20170912_002738	{@st66b}Más Objetos	{@st66b}아이템 더 보기				
UI_20170912_002739	Atributos	관련 특성				
UI_20170912_002740	Ventas	총 매출				
UI_20170912_002741	{@st66b}Más	{@st66b}더 보기				
UI_20170912_002742	Nombre A-Z	이름 올림차 순				
UI_20170912_002743	Nombre Z-A	이름 내림차 순				
UI_20170912_002744	%s Peces Capturados	물고기를 낚은 횟수  %s번				
UI_20170912_002745	Completados	클리어 횟수				
UI_20170912_002746	Ubicación	던전위치				
UI_20170912_002747	%s	%s번				
UI_20170912_002748	Puntos de Clase %s	클래스 점수  %s점				
UI_20170912_002749	Nivel de Equipo %s	팀 레벨 %s				
UI_20170912_002750	Exploración	탐험				
UI_20170912_002751	%s % Explorado	총 탐사율 %s %				
UI_20170912_002752	Nv. Rec.	- 권장레벨				
UI_20170912_002753	Exploración	- 탐색율				
UI_20170912_002754	Tipo	종류				
UI_20170912_002755	Puntos de Adquisición %s	획득 점수 %s 점				
UI_20170912_002756	Puntos de Adquisición %s	획득점수 %s점				
UI_20170912_002757	Estado	상태				
UI_20170912_002758	SPR +6	정신 +6				
UI_20170912_002759	Ranking del Diario de Aventuras	모험일지 랭킹				
UI_20170912_002760	{@st66d_y}%s{/} Batallas {@st66d_y}%s{/} Victorias {@st66d_y}%s{/} Derrotas	{@st66d_y}%s{/} 전 {@st66d_y}%s{/} 승 {@st66d_y}%s{/} 패				
UI_20170912_002761	%s Puntos	%s 점				
UI_20170912_002762	{@st59}Participación{/}	{@st59}참여{/}				
UI_20170912_002763	Ranking de Defensa Cuesta Arriba	업힐디펜스 랭킹				
UI_20170912_002764	Puntos Totales	누적 포인트				
UI_20170912_002765	{@st66b}Tienda de Puntos{/}	{@st66b}포인트샵{/}				
UI_20170912_002766	{@st66b}Exploración de Mapa	{@st66b}맵탐사				
UI_20170912_002767	{@st66b}Misiones/Logros	{@st66b}퀘스트/업적				
UI_20170912_002768	{@st66b}Colección	{@st66b}콜렉션				
UI_20170912_002769	{@st66b}Tiendas Personales	{@st66b}개인 상점				
UI_20170912_002770	{@st66b}Pesca	{@st66b}낚시				
UI_20170912_002771	{@st59}Espadachín{/}	{@st59}소드맨 계열{/}				
UI_20170912_002772	{@st59}Mago{/}	{@st59}위자드 계열{/}				
UI_20170912_002773	{@st59}Arquero{/}	{@st59}아처 계열{/}				
UI_20170912_002774	{@st59}Clérigo{/}	{@st59}클레릭 계열{/}				
UI_20170912_002775	{@st66b}Observar{/}	{@st66b}관전하기{/}				
UI_20170912_002776	Área: %s	지역:%s				
UI_20170912_002777	Área	지역 이름				
UI_20170912_002778	{@st42}{s18}Mi Lista de Personajes	{@st42}{s18}완료한 내 캐릭터 목록				
UI_20170912_002779	[%s] Lista de Recompensas	[%s] 보상리스트				
UI_20170912_002780	ⓘ Recoge tus recompensas en las Alas de Vaivora.	ⓘ 바이보라 날개에게서 보상 아이템을 획득하실 수 있습니다.				
UI_20170912_002781	Recuperar Todo	모두 받기				
UI_20170912_002782	Alerta de Guerras Territoriales	콜로니전 알람 메세지				
UI_20170912_002783	Punto Tomado Por Última Vez Por	현재 점령 중인 길드				
UI_20170912_002784	Puntos Actuales	점령 포인트 현황				
UI_20170912_002785	Mi Gremio	내 길드				
UI_20170912_002786	{@st66d}Regresa a una ciudad en {s20}%s segundos.{/}	{@st66d}{s20}%s초 후에 도시로 귀환됩니다.{/}				
UI_20170912_002787	{@st66d}Regresar a la ciudad{/}	{@st66d}도시 귀환{/}				
UI_20170912_002788	{@st43}{s20}Protegiendo Gremio{/}	{@st43}{s20}점령길드{/}				
UI_20170912_002789	Protegiendo Gremio	점령 길드 이름				
UI_20170912_002790	{@st41_red}Efecto Removible{/}	{@st41_red}제거 되는 효과{/}				
UI_20170912_002791	{@st43}Intercambiar Artefacto{/}	{@st43}유물 교환{/}				
UI_20170912_002792	{@st59}Cerrar Intercambiar Artefacto{/}	{@st59}유물 교환을 닫습니다{/}				
UI_20170912_002793	{@st41b}Intercambiar	{@st41b}교환				
UI_20170912_002794	Para empezar a pescar, selecciona tu cebo.	낚시를 시작합니다. 사용할 미끼를 선택해주세요.	UI_20170726_002663	Para empezar a pescar, selecciona tu cebo.	낚시를 시작합니다. 사용할 미끼를 올려주세요.	
UI_20170912_002795	{@st43b}{s22}Caja de Aparejos Etapa %s{/}	{@st43b}{s22}%s 단계 살림통{/}				
UI_20170912_002796	{@st66d_y}{s22}Caja de Aparejos Etapa %s{/}	{@st66d_y}{s22}%s 단계 살림통{/}				
UI_20170912_002797	Máx. %s ranuras{nl}Pescado %s vez(veces)	최대 %s칸{nl}낚시 횟수 %s회				
UI_20170912_002798	{img icon_item_tpBox_30 30 30}{@st43b}{s18}Mejora de %s TP{/}	{img icon_item_tpBox_30 30 30}{@st43b}{s18}%s TP 업그레이드{/}				
UI_20170912_002799	{@st43}Imagen %s{/}	{@st43}이미지 %s{/}				
UI_20170912_002800	Registrar	등록				
UI_20170912_002801	{@st59b}Ingresar imagen{nl}{@st59s}- Busca una imagen y regístrala{nl}- Actualiza para renovar la lista, luego selecciona la imagen	{@st59b}이미지 등록{nl}{@st59s}-폴더 열기 버튼을 통해 폴더에 이미지를 등록{nl}-새로고침을 통해 리스트를 갱신, 선택 후 확인				
UI_20170912_002802	{@st66b}{s18}Abrir carpeta	{@st66b}{s18}폴더 열기				
UI_20170912_002803	Abre la carpeta que contiene la imagen.	이미지 등록된 폴더를 열어줍니다.				
UI_20170912_002804	Actualizar la lista.	리스트를 갱신합니다.				
UI_20170912_002805	{@st41b}{nl}Confirmar	{@st41b}{nl}확인				
UI_20170912_002806	{@st41b}{nl}Cancelar	{@st41b}{nl}취소				
UI_20170912_002807	{@st43}Gremio	{@st43}길드				
UI_20170912_002808	Maestro del Gremio	길드 마스터				
UI_20170912_002809	Fundado	길드 개설일				
UI_20170912_002810	Miembros	길드원				
UI_20170912_002811	%s/%s	%s/%s명				
UI_20170912_002812	Fondos	길드 자금				
UI_20170912_002813	{@st66}Noticias	{@st66}공지				
UI_20170912_002814	{@st66}Notas	{@st66}소개글				
UI_20170912_002815	Noticias	공지글				
UI_20170912_002816	Notas	소개글				
UI_20170912_002817	Miembro {img %s 13 13}	길드원{img %s 13 13}				
UI_20170912_002818	Nivel {img %s 13 13}	레벨{img %s 13 13}				
UI_20170912_002819	Posición {img %s 13 13}	직위{img %s 13 13}				
UI_20170912_002820	Contribución	기여도				
UI_20170912_002821	{@st66b}{s18}Autoridades{/}	{@st66b}{s18}길드 권한{/}				
UI_20170912_002822	%s en línea      %s desconectados	온라인 %s명      오프라인 %s명				
UI_20170912_002823	Mostrar en línea	접속 인원만 보기				
UI_20170912_002824	{@st41b}Invitar	{@st41b}길드 초대				
UI_20170912_002825	{@st66d_y}{s18}Nivel de Gremio{/}	{@st66d_y}{s18}길드 레벨{/}				
UI_20170912_002826	{@st43b}{s18}Torre del Gremio(%s/1){/}	{@st43b}{s18}길드 타워 (%s/1){/}				
UI_20170912_002827	Beneficios	길드 혜택				
UI_20170912_002828	Beneficios del gremio actualizados al nivel actual de la Torre del Gremio Templario.	현재 템플러의 길드 타워 레벨로 길드 혜택을 갱신합니다.				
UI_20170912_002829	Puntos de Atributo: %s	특성 포인트: %s				
UI_20170912_002830	ⓘ La mejora del gremio solo está disponible dentro de la Torre del Gremio.	ⓘ 길드 성장은 길드 타워에서만 가능합니다.				
UI_20170912_002831	{@st43b}{s18}Objetos del Gremio{/}	{@st43b}{s18}길드 아이템{/}				
UI_20170912_002832	{@st43b}{s18}Fondos del Gremio{/}	{@st43b}{s18}길드 자금{/}				
UI_20170912_002833	Nota	비고				
UI_20170912_002834	{img icon_item_silver 24 24} Cantidad	{img icon_item_silver 24 24} 금액				
UI_20170912_002835	{img in_arrow 20 20}{@st66b}{s18}Depositar  {/}	{img in_arrow 20 20}{@st66b}{s18}입금  {/}				
UI_20170912_002836	ⓘ Este objeto puede ser distribuido a los miembros del gremio por el maestro de gremio, después de lo cual queda vinculado a cada personaje que lo recibe.{nl}ⓘ Para recibir el objeto, revisa el Buzón de Mensajes de tu refugio.	ⓘ 이 아이템은 길드 마스터가 길드원에게 양도할 수 있고, 그 아이템은 수령한 길드원에게 귀속됩니다.{nl}ⓘ 아이템은 메세지 함에서 수령 가능합니다.				
UI_20170912_002837	{@st43b}{s18}Guerras de Gremio{/}	{@st43b}{s18}길드 전쟁{/}				
UI_20170912_002838	Alerta de Estado Neutral Cancelado	중립 해제 알람				
UI_20170912_002839	La alerta se muestra a partir de 1 día antes de que se cancele la neutralidad.{nl}Solo el Maestro del Gremio puede cambiar esta opción.	중립 선언이 해제되기 1일 전부터 맵에 입장할 때마다 알람 메세지가 나옵니다.{nl}길드 마스터만 옵션 변경을 할 수 있습니다.				
UI_20170912_002840	ⓘ Las Torres del Gremio destruidas en guerras se pueden reconstruir después de 24 horas.{nl}ⓘ Las declaraciones de guerra se pueden hacer en la torre del gremio oponente.{nl}ⓘ La guerra comienza 1 hora después de haber sido declarada.{nl}ⓘ Después de declarar guerra, tu gremio no se puede disolver hasta que termine la guerra.{nl}ⓘ No puedes declarar una guerra sin una Torre del Gremio.	ⓘ 길드 전쟁 도중 부숴진 길드 타워는 24시간 이후에 다시 세울 수 있습니다.{nl}ⓘ 전쟁 선포는 상대 길드 타워를 통해 선포 할 수 있습니다.{nl}ⓘ 전쟁 선포 후, 1시간 후에 전쟁이 시작됩니다.{nl}ⓘ 전쟁 선포를 하면, 전쟁이 끝날 때까지 길드 해산을 할 수 없습니다.{nl}ⓘ 길드타워가 없으면 전쟁 선포를 할 수 없습니다.				
UI_20170912_002841	{@st43b}{s18}Guerras Territoriales del Gremio{/}	{@st43b}{s18}길드 콜로니전{/}				
UI_20170912_002842	Qué son las Guerras Territoriales	길드 콜로니전이란				
UI_20170912_002843	Estado	참가 여부				
UI_20170912_002844	No Participando	미참가				
UI_20170912_002845	ⓘ Los gremios con Puntos tomados participan automáticamente.{nl}ⓘ Después de establecer el estado a  	ⓘ 스팟 점령 길드는 참가로 고정됩니다.{nl}ⓘ 참가 여부 옵션을 				
UI_20170912_002846	, no puedes transferir la posición de Maestro del Gremio.{nl}ⓘ Solo un Maestro del Gremio Templario puede cambiar el estado de participación.{nl}ⓘ Esta opción solo se puede cambiar hasta 5 minutos antes de que comiencen las Guerras Territoriales, o hasta 1 minuto después de que terminen.{nl}ⓘ El estado de participación se puede cambiar independientemente de si tu gremio tiene torre o no.	로 변경 시, 길드 마스터 위임이 불가능합니다.{nl}ⓘ 참가 여부 옵션은 템플러 클래스를 가진 길드 마스터만 변경할 수 있습니다.{nl}ⓘ 참가 여부 옵션은 길드 콜로니전 시작 5분 전 부터 종료 1분 후까지 변경할 수 없습니다.{nl}ⓘ 참가 여부 옵션은 길드 타워의 설치 유무와 상관없이 변경할 수 있습니다.				
UI_20170912_002847	{@st43b}{s18}Beneficios Puntuales{/}	{@st43b}{s18}점령 혜택{/}				
UI_20170912_002848	Áreas de Punto	점령 지역				
UI_20170912_002849	Grado	지역 등급				
UI_20170912_002850	Recompensa de Plata (%)	지급 실버(%)				
UI_20170912_002851	Recompensas de Punto	점령보상				
UI_20170912_002852	ⓘ Las recompensas de Punto son %s cada semana.{nl}ⓘ Las recompensas incluyen  	ⓘ 점령 보상은 매주 %s됩니다.{nl}ⓘ 점령 보상금은 전 주 마켓 수수료 중에서 				
UI_20170912_002853	de tus tarifas de Mercado de la semana anterior.{nl}ⓘ Las recompensas puntuales se entregan como Barras de Cobre.{nl}ⓘ La cantidad máxima posible de recompensa es de %s cien millones de Plata.{nl}ⓘ Consulta nuestro sitio web oficial para más información.	만큼 지급됩니다.{nl}ⓘ 점령 보상금은 동괴로 환산되어 지급됩니다.{nl}ⓘ 점령 보상금으로 지급되는 실버는 상한선이 존재하며, 상한선은 %s억입니다.{nl}ⓘ Beta에 지급되는 점령 보상 및 지급 일정은 위에 명시된 내용과 다를 수 있으며, 홈페이지 내 공지사항을 통해 확인 바랍니다.				
UI_20170912_002854	Martes 06:00	화요일 06:00				
UI_20170912_002855	{@st43b}{s18}Emblema del Gremio{/}	{@st43b}{s18}길드 엠블럼{/}				
UI_20170912_002856	{@st41b}{nl}Imagen %s{/}	{@st41b}{nl}이미지 %s{/}				
UI_20170912_002857	ⓘ El primer emblema se puede registrar gratis.{nl}ⓘ Cambiar el emblema cuesta %s0,000 de Plata.{nl}ⓘ Tu imagen debe tener el tamaño %s y estar en formato %s.{nl}ⓘ El nombre del archivo debe estar compuesto solo de caracteres alfanuméricos.{nl}ⓘ El uso de imágenes problemáticas puede resultar en restricciones.	ⓘ 길드 엠블럼의 최초 등록은 무료입니다.{nl}ⓘ 길드 엠블럼 변경시 %s만 실버가 사용됩니다.{nl}ⓘ 길드 엠블럼은 %s 크기의 %s 파일만 등록 가능합니다.{nl}ⓘ 파일 이름이 영문과 숫자로 이루어진 파일만 등록 가능합니다.{nl}ⓘ 문제 있는 이미지 사용 시 제재가 있을 수 있습니다.				
UI_20170912_002858	{@st43b}{s18}Configuración de Entrada al Punto de Encuentro{/}	{@st43b}{s18}아지트 입장 설정{/}				
UI_20170912_002859	Permitir Externos	외부인 입장 가능				
UI_20170912_002860	{@st43b}{s18}Noticias del Gremio{/}	{@st43b}{s18}길드 공지{/}				
UI_20170912_002861	{@st66}{s18}Registrar{/}	{@st66}{s18}등록{/}				
UI_20170912_002862	{@st43b}{s18}Notas del Gremio{/}	{@st43b}{s18}길드 소개글{/}				
UI_20170912_002863	{@st43b}{s18}Tablón de Mensaje de Una Línea{/}	{@st43b}{s18}한 줄 게시판{/}				
UI_20170912_002864	Máx. 25 caracteres permitidos.	최대 25자 까지 가능합니다.				
UI_20170912_002865	ⓘ Puedes publicar en el Tablón de Mensaje de Una Línea 3 veces al día.	ⓘ 한 줄 게시판은 하루 3회 등록 가능합니다.				
UI_20170912_002866	Información del Gremio	길드 정보				
UI_20170912_002867	Guerras	전쟁				
UI_20170912_002868	Guerras Territoriales	콜로니전				
UI_20170912_002869	{@st43}Enviar Objetos	{@st43}아이템 보내기				
UI_20170912_002870	Enviando	전달 개수				
UI_20170912_002871	Restante	잔여 개수				
UI_20170912_002872	Nombre del Equipo {img %s 13 13}	팀명 {img %s 13 13}				
UI_20170912_002873	Cantidad	수량				
UI_20170912_002874	{@st41b}{nl}Enviar	{@st41b}{nl}보내기				
UI_20170912_002875	{@st42b}{s20}Continuar Comprando	{@st42b}{s20}연속 구매				
UI_20170912_002876	{@st42b}{s20}Cerrar	{@st42b}{s20}닫기				
UI_20170912_002877	{@st66}Cerrar	{@st66}닫기	UI_20150317_000253	{@st41b}Cerrar	{@st41b}닫기	
UI_20170912_002878	{@st59}Intercambiar Equipo (Alt+Z){/}	{@st59}해당 번호로 장비를 교환합니다(Alt+Z){/}				
UI_20170912_002879	{img monsterbtn_image 29 28}{@st66b}{s16}Cartas de Monstruo{/}	{img monsterbtn_image 29 28}{@st66b}{s16}몬스터 카드{/}				
UI_20170912_002880	{@st59}Abrir Ventana de Cartas de Monstruo{/}	{@st59}몬스터 카드창을 엽니다{/}				
UI_20170912_002881	{@st43}{s22}Cubo Secreto de Leticia{/}	{@st43}{s22}레티샤 시크릿 큐브{/}				
UI_20170912_002882	Nombre del Cubo	큐브 이름이다				
UI_20170912_002883	{nl}{img %s 40 40}{@st42b}{s20}Cubos  	{nl}{img %s 40 40}{@st42b}{s20}큐브 개봉  				
UI_20170912_002884	ⓘ Consulta el sitio web oficial y las descripciones de objetos para más información.	ⓘ확률성 아이템의 확률은 공식 홈페이지에서 확인할 수 있습니다.				
UI_20170912_002885	{@st43}Equipar Cartas de Monstruo{/}	{@st43}몬스터 카드 장착{/}				
UI_20170912_002886	{@st59}Cerrar Equipar Cartas de Monstruo{/}	{@st59}몬스터 카드 장착 UI를 닫습니다{/}				
UI_20170912_002887	{@st59}Solo Maestro del Gremio Templario en el Equipo{/}	{@st59}팀내 유일한 템플러 직업을 가진 길드 마스터 캐릭터{/}				
UI_20170912_002888	{@st66b}Reaparecer en ciudad cercana (30 segundos){/}	{@st66b}가까운 도시에서 부활하기 (30초){/}				
UI_20170912_002889	{@st66b}Mostrar Nombre del Grupo{/}	{@st66b}파티 이름 표시{/}				
UI_20170912_002890	{@st66b}Material de Receta Obtenido{/}	{@st66b}레시피 재료 획득 시 팝업{/}				
UI_20170912_002891	{@st43}Configuración de PvP{/}	{@st43}PVP 설정{/}				
UI_20170912_002892	{@st66b}Escala de Fuente de Daño (%s){/}	{@st66b}대미지 폰트 스케일 (%s){/}				
UI_20170912_002893	{@st66b}Mostrar Rango de Casilla{/}	{@st66b}장판 범위 표시{/}				
UI_20170912_002894	{@st66b}Usar Efectos de Ataque	{@st66b}타격 효과 사용				
UI_20170912_002895	{@st66b}El nombre de tu Equipo representa a todos tus personajes y se usa en comercio, Gremios, chat, etc.{nl}Cambiar el nombre de Equipo consume 150 TP, así que elígelo con cuidado.{/}	{@st66b}팀 이름은 모든 캐릭터를 대표하는 이름이며, 거래, 길드 가입, 대화 등에 사용되는 공용 이름입니다.{nl}팀 이름 변경에는 150TP가 소모되니 신중히 입력해 주세요.{/}	UI_20150717_001732	{@st41b}             Un Nombre de Equipo representa a todos tus personajes.{nl}                Es un nombre común usado dentro del juego.{nl}                  (¡Cambiar tu Nombre de Equipo costará TP!){/}	{@st66b} 팀 이름은 모든 캐릭터를 대표하는 이름입니다.{nl}자유롭게 바꿀 수 있는 팀 이름은 거래, 길드 가입, 대화 등에 사용되는 공용 이름입니다.{/}	
UI_20170912_002896	{@st41}%s Puntos	{@st41}%s 점수				
UI_20170912_002897	Texto	텍스트				
UI_20170912_002898	Cant.	몇				
UI_20170912_002899	{@st66b}Rango %s	{@st66b}%s위				
UI_20170912_002900	{@st66b}%s Puntos	{@st66b}%s점				
UI_20170912_002901	Mapas	맵				
UI_20170912_002902	Tipo	타입				
UI_20170912_002903	Tipo de Objeto	아이템 타입				
UI_20170912_002904	Última Adquisición	가장 최근에 획득한 방법				
UI_20170912_002905	Ubicación	획득처				
UI_20170912_002906	N/D	별별별				
UI_20170912_002907	Nombre de la Tienda	상점명				
UI_20170912_002908	Ventas	매출				
UI_20170912_002909	Atributo	특성명				
UI_20170912_002910	Nombre del Pez	물고기 이름				
UI_20170912_002911	Total %s Veces Completado	총 %s번 클리어				
UI_20170912_002912	Área	지역 네임				
UI_20170912_002913	Mapa	맵네임				
UI_20170912_002914	Ingresa el nombre del personaje o equipo.	검색하실 캐릭터 이름 또는 팀 이름을 입력하세요				
UI_20170912_002915	Nombre	이름이다				
UI_20170912_002916	Misión	퀘스트이름				
UI_20170912_002917	%s	%s개				
UI_20170912_002918	Título	칭호이름				
UI_20170912_002919	N/D	뭐라뭐라				
UI_20170912_002920	Recompensa	보상템				
UI_20170912_002921	+1 recompensa adicional de las Misiones Saalus	살러스 수녀원 미션 완료 보상 +1				
UI_20170925_002922	{img icon_item_tospoint 24 24}{@st41b}Consume 0 TP{nl}Desequipar carta sin pérdida de estrella{/}	{img icon_item_tospoint 24 24}{@st41b}0TP 소모{nl}별 감소없이 카드 해제하기{/}	UI_20160811_002262	{img icon_item_tospoint 24 24}{@st41b}Consume 5 TP{nl}Desequipar carta sin pérdida de estrella{/}	{img icon_item_tospoint 24 24}{@st41b}5TP 소모{nl}별 감소없이 카드 해제하기{/}	
UI_20170925_002923	Cola de Espera Total: %s	총 대기인원: %s	UI_20161121_002465	Cola de Espera Total: %s	총 대기인원: %s명	
UI_20170925_002924	Recibiendo información.	정보를 요청 중 입니다.				
UI_20171128_002925	Cerrar UI.	출석 UI를 닫습니다.				
UI_20171128_002926	Verificar Período	출석 체크 기간				
UI_20171128_002927	* Las recompensas diarias de asistencia se envían automáticamente una vez al día al inventario del primer personaje que accede al juego.{nl}* Pergamino de Encantamiento (14 Días).{nl}* Las recompensas solo se pueden recibir durante el período de control de asistencia. Después de este período, no se enviarán más recompensas.{nl}	* 출석 보상은 1일 1회, 당일 첫 접속한 캐릭터 인벤토리로 자동 지급됩니다.{nl}* 마법 부여 스크롤(14일)을 제외한 모든 아이템은 팀 창고로 이동할 수 있습니다.{nl}* 출석 체크 기간 동안에만 출석 보상을 받을 수 있으며, 기간 경과 시 더 이상 지급되지 않습니다.{nl}				
UI_20171128_002928	{@st66b18}※ Los cambios de nombre con TP no son reembolsables.{/}	{@st66b18}※이름 변경에 사용된 TP는 환불되지 않습니다.{/}	UI_20151224_001847	{@st66b18}※ Las compras hechas con TP no son reembolsables.{/}	{@st66b18}※구매에 사용된 TP는 환불되지 않습니다.{/}	
UI_20171128_002929	Tamaño%s	크기: %s				
UI_20171128_002930	{@st42b}Confirmar	{@st42b}확인				
UI_20171128_002931	Actualizar Almacén del Gremio.	현재 길드 보관함을 갱신합니다.				
UI_20171128_002932	ⓘ Las recompensas de Punto son %s cada semana.{nl}ⓘ Las recompensas incluyen  	ⓘ 점령 보상은 매주 %s 지급됩니다.{nl}ⓘ 점령 보상금은 전 주 마켓 수수료 중에서 	UI_20170912_002852	ⓘ Las recompensas de Punto son %s cada semana.{nl}ⓘ Las recompensas incluyen  	ⓘ 점령 보상은 매주 %s됩니다.{nl}ⓘ 점령 보상금은 전 주 마켓 수수료 중에서 	
UI_20171128_002933	de tus tarifas de Mercado de la semana anterior.{nl}ⓘ Las recompensas puntuales se entregan como objetos de Guerra de Gremios.{nl}ⓘ La cantidad máxima posible de recompensa es de %s cien millones de Plata.{nl}ⓘ Consulta nuestro sitio web oficial para más información.	만큼 지급됩니다.{nl}ⓘ 점령 보상금은 콜로니전 기념 주화로 환산되어 지급됩니다.{nl}ⓘ 점령 보상금으로 지급되는 실버는 상한선이 존재하며, 상한선은 %s억입니다.{nl}ⓘ Beta에 지급되는 점령 보상 및 지급 일정은 위에 명시된 내용과 다를 수 있으며, 홈페이지 내 공지사항을 통해 확인 바랍니다.	UI_20170912_002853	de tus tarifas de Mercado de la semana anterior.{nl}ⓘ Las recompensas puntuales se entregan como Barras de Cobre.{nl}ⓘ La cantidad máxima posible de recompensa es de %s cien millones de Plata.{nl}ⓘ Consulta nuestro sitio web oficial para más información.	만큼 지급됩니다.{nl}ⓘ 점령 보상금은 동괴로 환산되어 지급됩니다.{nl}ⓘ 점령 보상금으로 지급되는 실버는 상한선이 존재하며, 상한선은 %s억입니다.{nl}ⓘ Beta에 지급되는 점령 보상 및 지급 일정은 위에 명시된 내용과 다를 수 있으며, 홈페이지 내 공지사항을 통해 확인 바랍니다.	
UI_20171128_002934	Emparejamiento Automático%s	자동매칭%s				
UI_20171128_002935	{@st41b}Entrar Ahora%s	{@st41b}바로입장%s				
UI_20171128_002936	{@st43}{#ffcc33}{s24}Completado	{@st43}{#ffcc33}{s24}클리어				
UI_20171128_002937	{@ST43}Completado : 	{@st43}{s24}달성률 : 				
UI_20171128_002938	{@st43b}{s18}Recompensas recibidas	{@st43b}{s18}획득 보상				
UI_20171128_002939	{@st66d_y}Recompensa de Efecto Multiplicador x	{@st66d_y}배수권 효과 보상 x				
UI_20171128_002940	{img icon_item_silver 24 24} Plata	{img icon_item_silver 24 24} 실버				
UI_20171128_002941	{img icon_item_cube3 25 25} Cubo	{img icon_item_cube3 25 25} 큐브				
UI_20171128_002942	{img test_indun_exp 30 15} EXP	{img test_indun_exp 30 15} 경험치				
UI_20171128_002943	{img test_indun_exp 30 15} EXP de Clase	{img test_indun_exp 30 15} 클래스 경험치				
UI_20171128_002944	{@st41b}Regresar	{@st41b}돌아가기				
UI_20171128_002945	Regresar al mapa de entrada.	입장 지역으로 돌아갑니다.				
UI_20171128_002946	Tasa de Logro	인던 달성률				
UI_20171128_002947	{@st59}Traje Especial{/}	{@st59}스페셜 코스튬{/}				
UI_20171128_002948	{@st43}Desmontar Objeto{/}	{@st43}아이템 분해{/}				
UI_20171128_002949	{@st43}{#ffcc33}Desmantelamiento Completado{/}	{@st43}{#ffcc33}분해 완료{/}				
UI_20171128_002950	{@st41b}Costo de Desmantelamiento{/}	{@st41b}분해 비용{/}				
UI_20171128_002951	{@st41b}Desmantelar Objetos{/}	{@st41b}분해 하기{/}				
UI_20171128_002952	Nueva Identificación de Objeto	아이템 재감정				
UI_20171128_002953	Reidentificar Objeto	재감정 하기				
UI_20171128_002954	{@st43b}{s18}Coloca el objeto que deseas mejorar.	{@st43b}{s18}아이템을 올려주세요				
UI_20171128_002955	{@st43b}{s18}Opción Actual	{@st43b}{s18}현재 옵션				
UI_20171128_002956	{@st43b}{s18}Antes del Cambio	{@st43b}{s18}변경 전				
UI_20171128_002957	{@st43b}{s18}Después del Cambio	{@st43b}{s18}변경 후				
UI_20171128_002958	{@st43b}{s18}Material	{@st43b}{s18}재료				
UI_20171128_002959	{@st59}Cambiar Nombre del Compañero{/}	{@st59}컴패니언 이름을 수정합니다{/}				
UI_20171128_002960	{@st43}Tienda de Portales{/}	{@st43}포탈 상점{/}				
UI_20171128_002961	{@st59}Cerrar UI de Tienda de Portal{/}	{@st59}포탈 상점 UI를 닫습니다{/}				
UI_20171128_002962	Cantidad de Portales Seleccionados %s/%s 	선택한 포탈 개수 %s/%s 개				
UI_20171128_002963	{@st59}Cerrar UI de Tienda de Portal Colocado{/}	{@st59}포탈 상점 등록 UI를 닫습니다{/}				
UI_20171128_002964	¿Deseas deshacer tu último ascenso?{/}	마지막 전직을 취소하고 되돌리시겠습니까?{/}				
UI_20171128_002965	Si deshaces tu ascenso de clase actual, el ascenso se deshará y tu EXP de clase actual desaparecerá.{/}	현재 클래스의 전직을 취소하고 전직 이전으로 되돌아가며{nl}클래스 경험치는 사라집니다.{/}				
UI_20171128_002966	* El descenso de rango solo se puede usar una vez en el mismo rango.{nl}No se puede usar repetidamente.	* 랭크 다운은 동일한 랭크에서 한 번만 사용할 수 있으며{nl}연속해서 사용할 수 없습니다.				
UI_20171128_002967	* Además, el descenso de rango no se puede usar en un rango inferior{nl}a uno en el que ya se haya usado.	* 마지막으로 랭크 다운을 사용한 랭크보다 낮은 랭크에서는{nl}이용이 불가능 합니다.				
UI_20171128_002968	* Las Habilidades y Atributos de los círculos de clase eliminados o ajustados{nl}se convertirán de nuevo en puntos.	* 초기화로 인해 삭제 또는 서클이 내려가는 클래스는{nl}스킬과 특성을 초기화 후 포인트로 반환됩니다.				
UI_20171128_002969	* Los trajes específicos de clase recibidos mediante el ascenso de rango{nl}se eliminarán si la clase se elimina por completo.	* 초기화로 인해 클래스가 완전히 삭제되는 경우에는{nl}전직 시 지급된 직업별 코스튬이 제거됩니다.				
UI_20171128_002970	* Volverás al cuartel tras confirmar.	* 초기화 후에는 캐릭터 선택창으로 돌아갑니다.				
UI_20171128_002971	{@st59}Info de Rango{/}	{@st59}랭크 정보{/}				
UI_20171128_002972	{@st66b}Simplificar Efectos de Buff{/}	{@st66b}버프 이펙트 간소화{/}				
UI_20171128_002973	{@st66b}Simplificar Modelos{/}	{@st66b}모델 간소화{/}				
UI_20171128_002974	{@st59}Verificar Recompensa de Asistencia{/}	{@st59}출석 보상 확인{/}				
UI_20171128_002975	Regresando a la clase anterior.	해당 클래스를 이전으로 되돌립니다.				
UI_20171128_002976	Nombre del mapa	맵이름				
UI_20171128_002977	{@st42b}Usar	{@st42b}이용하기				
UI_20171128_002978	Cantidad de Consumo del Objeto de Entrada a Mazmorra de Incursión -2	레이드 던전 입장 아이템 소모 개수 -2				
UI_20180108_002979	{@st59}Traje de Efecto{/}	{@st59}이펙트 코스튬{/}				
UI_20180115_002980	{@st66b}{s16}*Los objetos permanecen comerciables solo cuando quedan comercios restantes.{/}{/}	{@st66b}{s16}*잔여 거래 가능 횟수가 있어야만, {nl}거래한 아이템의 속성이 그대로 유지됩니다.{/}{/}	UI_20170330_002599	{@st66b}Si ambos jugadores del comercio son usuarios de Token,{nl}el equipo comerciable, consumibles,{nl}gemas y otros objetos permanecerán comerciables.{/}	{@st66b}거래 시 유저가 모두 토큰을 사용 중 이라면{nl}장비, 소모품, 기타, 카드, 젬 아이템의 속성 변경이 없습니다.{/}	
UI_20180115_002981	{s16}{@st66b}*{/}{@st66d_y}Sin Comercios Restantes{/}{@st66b} significa que {/} {@st66d_y}todos los objetos comerciados{nl}ya no se pueden comerciar ni transferir mediante el Almacén de Equipo{/}{@st66b}.{/}{/}	{s16}{@st66b}*{/}{@st66d_y}거래 가능 횟수 0{/}{@st66b} 상태에서는{/} {@st66d_y}거래한 모든 아이템이{nl} 팀 창고 이동 및 거래가 불가능{/}{@st66b}해집니다.{/}{/}				
UI_20180115_002982	{s16}{@st66b}*{/}{@st66d_y}Los Tokens de Evento ofrecen 0 comercios.{nl}{/} {@st66b}Asegúrate de verificar el conteo antes de comerciar.{/}{/}	{s16}{@st66b}*{/}{@st66d_y}증정용 토큰에는 거래 가능 횟수가 없습니다.{nl}{/} {@st66b}거래 시 주의해 주세요.{/}{/}				
UI_20180115_002983	{@st66d_y}Los objetos se volverán no comerciables{/}	{@st66d_y}거래 후 모든 아이템 팀 창고 이동 및 거래 불가{/}	UI_20160811_002268	{@st42}El objeto en cuestión se volverá no comerciable después del comercio{/}	{@st42}거래 후 장비 아이템 거래 불가{/}	
UI_20180115_002984	{@st42}Los objetos permanecen comerciables y se pueden guardar en el almacén de equipo{/}	{@st42}거래 후 모든 아이템 팀 창고 이동 및 거래 가능{/}	UI_20160811_002269	{@st42}El objeto en cuestión permanecerá comerciable después del comercio{/}	{@st42}거래 후 장비 아이템 거래 가능{/}	
UI_20180115_002985	{@st66d}Los siguientes objetos se volverán{nl}  {@st66d_y}no comerciables (Comercio NO, Almacén de Equipo NO){/}.{/}	{@st66d}아래 아이템이{nl}  {@st66d_y}팀 창고 이동 및 거래 불가{/} 상태가 됩니다.{/}	UI_20170726_002661	{@st66d}Si al menos un jugador no es usuario de Token,{nl}después del comercio el objeto se volverá no comerciable.{/}	{@st66d}한 명 이라도 토큰을 사용하지 않으면{nl} 교환 후 아이템이 거래 불가 상태가 됩니다.{/}	
UI_20180115_002986	{@st42}Objetos No Comerciables (Comercio NO, Almacén de Equipo NO){/}	{@st42}팀 창고 이동 및 거래 속성이 변경되는 아이템 목록{/}	UI_20160811_002274	{@st42}Lista de objetos que se volverán no comerciables después del comercio{/}	{@st42}거래 속성이 변경되는 아이템 목록{/}	
UI_20180208_002987	{@st59}Cerrar{/}	{@st59}전직 정보 창을 닫습니다{/}	UI_20150317_000086	{@st59}Cerrar{/}	{@st59}클래스 정보 창을 닫습니다{/}	
UI_20180208_002988	Objeto Adquirido	획득 아이템				
UI_20180208_002989	Servidor	서버				
UI_20180208_002990	Nombre del Personaje	캐릭터명				
UI_20180208_002991	Razón	사유				
UI_20180208_002992	{@st43}{s24}Reportar Jugador Problemático	{@st43}{s24}불량유저 신고				
UI_20180208_002993	{@st41b}Reportar	{@st41b}신고				
UI_20180208_002994	Reportar.	신고합니다.				
UI_20180208_002995	Cancelar.	취소합니다.				
UI_20180208_002996	{@st59b}Trascendencia de Objeto{nl}{@st59s}- Mejora el rendimiento de un objeto de una forma diferente a la mejora con yunque{nl}- Trascendibles : Arma, Armadura, Accesorio{nl}- Probabilidad de Trascendencia = Cantidad de Materiales / Máximo Requerido{nl}- Si tiene éxito, el nivel de Trascendencia aumenta en 1 (máx. 10){nl}- Si falla, el nivel de Trascendencia junto con el potencial disminuyen en 1 (El nivel de Trascendencia no baja de 1){nl}- Los objetos trascendidos no se pueden comerciar{/}	{@st59b}아이템 초월{nl}{@st59s}- 모루 강화와는 다른 아이템 성능 강화{nl}- 초월 가능 장비 : 무기, 방어구, 장신구{nl}- 초월 성공 확률 = 넣은 재료 개수 / 최대 필요 재료 개수{nl}- 성공 시, 초월이 1단계 상승(최대 10단계){nl}- 실패 시, 초월과 포텐셜이 1단계 하락(초월은 1단계 이하로 떨어지지 않음){nl}- 초월시킨 장비는 거래 속성이 팀 창고 이동 및 거래 불가로 변경됨{/}	UI_20161214_002494	{@st59b}Trascendencia de Objeto{nl}{@st59s}- Mejora el rendimiento de un objeto de una forma diferente a la mejora con yunque{nl}- Trascendibles : Arma, Armadura, Accesorio{nl}- Probabilidad de Trascendencia = Cantidad de Ingredientes / Mínimo Requerido{nl}- Si tiene éxito, el nivel de Trascendencia aumenta en 1(Máx. 10){nl}- Si falla, el nivel de Trascendencia junto con el potencial disminuye en 1(El nivel de Trascendencia no baja de 1){nl}- Los Objetos Trascendidos No se Pueden Comerciar{/}	{@st59b}아이템 초월{nl}{@st59s}- 모루 강화와는 다른 아이템 성능 강화{nl}- 초월 가능 장비 : 무기, 방어구, 장신구{nl}- 초월 성공 확률 = 넣은 재료 개수 / 최대 필요 재료 개수{nl}- 성공 시, 초월이 1단계 상승(최대 10단계){nl}- 실패 시, 초월과 포텐셜이 1단계 하락(초월은 1단계 이하로 떨어지지 않음){nl}- 초월시킨 장비는 거래 제한으로 변경됨{/}	
UI_20180208_002997	Probabilidad de Éxito de Trascendencia 100%	초월 성공률 100%				
UI_20180208_002998	* La Trascendencia puede fallar si la tasa de éxito no es del 100%.{nl}El Potencial se reduce tras un fallo.	* 초월 성공률이 100%가 아닐 경우 실패 할 수도 있습니다. {nl}실패시 포텐셜이 소모됩니다.				
UI_20180208_002999	Extraer Fragmento Bendito	축복받은 조각 추출				
UI_20180208_003000	{@st59b}Extraer Fragmento Bendito{nl}{@st59s}- Extrae Fragmento Bendito de un objeto Trascendido{nl}- Material para Extraer: Martillo de Desmantelamiento.{nl}- Extraer Fragmentos Benditos eliminará el objeto, pero conservará parte de la Piedra Bendita como Fragmentos Benditos.{nl} :Se puede devolver el 90% de la Piedra Bendita usada para trascender.{nl}- Tu objeto debe estar trascendido a al menos la etapa 2 para poder extraer los fragmentos.{/}	{@st59b}축복받은 조각 추출{nl}{@st59s}- 초월아이템에서 축복받은 조각 추출{nl}- 축복받은 조각 추출 재료 : 분해의 망치{nl}- 축복받은 조각 추출시 해당 아이템은 제거되지만, 사용된 축복석의 일부를 축복받은 조각으로 되돌려 받을 수 있습니다. {nl}   : 초월에 사용된 축복석의 90%를 환급 받을 수 있습니다.{nl}- 추출은 초월 2단계이상부터 사용할 수 있습니다.{/}	UI_20170313_002552	{@st59b}Extracción de Gema Bendita{nl}{@st59s}- Extrae Gemas Benditas de objetos trascendidos.{nl}- Materiales necesarios: Martillo de Desmantelamiento.{nl}- Extraer Gemas Benditas eliminará el objeto, pero conservará parte de las gemas. {nl}   : Recibirás entre 20% y 90% de las Gemas Benditas, dependiendo de la etapa de trascendencia del objeto y el potencial actual. {nl}- Tu objeto debe estar trascendido a al menos la etapa 2 para poder extraer las gemas.{/}	{@st59b}축복석 추출{nl}{@st59s}- 초월아이템에서 축복석 추출{nl}- 축복석 추출 재료 : 분해의 망치{nl}- 축복석 추출시 해당 아이템은 제거되지만, 사용된 축복석의 일부를 되돌려 받을 수 있습니다. {nl}   : 현재 초월 단계와 잔여 포텐셜에 따라 최소 20% ~ 최대 90%의 초월석을 돌려받습니다. {nl}- 추출은 초월 2단계이상부터 사용할 수 있습니다.{/}	
UI_20180208_003001	Resultado de Extracción de Fragmento Bendito	축복받은 조각 추출 결과	UI_20160811_002293	Resultados de Extracción	축복석 추출 결과	
UI_20180208_003002	{@st43b}{s18}Efecto Aplicado{/}	{@st43b}{s18}적용효과{/}				
UI_20180208_003003	{@st43b}{s20}Efecto Aplicado{/}	{@st43b}{s20}적용효과{/}				
UI_20180208_003004	{@st59}Mostrar Opción de Aplicar Carta de Monstruo{/}	{@st59}몬스터 카드 적용 옵션을 봅니다{/}				
UI_20180208_003005	*No puedes descender de rango si tienes{nl}Cartas de Rango o Cartas de EXP de Clase sin usar.	* 초기화 후 사용하지 않은 랭크 카드, 클래스 경험치 복구 카드가{nl} 있을 경우 랭크 다운을 할 수 없습니다.				
UI_20180208_003006	*Los atributos comunes como el Cambio de Arma también se reiniciarán,{nl}y se devolverán los puntos de atributo.	* 초기화 시 무기 스왑과 같은 공용 특성도 초기화 되며,{nl}이때 투자한 특성 포인트는 반환됩니다.				
UI_20180208_003007	{@st43}{s22}Agregar Engarce{/}	{@st43}{s22}소켓 추가{/}				
UI_20180208_003008	{@st59}Cancelar{/}	{@st59}사용을 취소합니다{/}				
UI_20180208_003009	{@st41}{s20}Engarces Actuales:{@st43} %s / {@st43}%s	{@st41}{s20}현재 소켓 현황 :{@st43} %s / {@st43}%s				
UI_20180208_003010	{@st41}{s20}Precio de Nuevo Engarce: %s	{@st41}{s20}소켓 추가 가격 : %s				
UI_20180208_003011	{@st41b}Agregar Engarce{/}	{@st41b}소켓 추가{/}				
UI_20180208_003012	{@st59}Agregar Engarce.{/}	{@st59}소켓을 추가 합니다.{/}				
UI_20180208_003013	{@st59}Info de Ascenso{/}	{@st59}전직 정보{/}				
UI_20180208_003014	{@st66b}Mostrar Nombre de Objeto Caído{/}	{@st66b}드롭 아이템 이름 표시{/}				
UI_20180320_003015	{img icon_item_silver 24 24}{@st41b}Consume %s de Plata{nl}Desequipar carta sin disminución de nivel{/}	{img icon_item_silver 24 24}{@st41b}%s실버 소모{nl}레벨 감소없이 카드 해제하기{/}	UI_20170925_002922	{img icon_item_tospoint 24 24}{@st41b}Consume 0 TP{nl}Desequipar carta sin pérdida de estrella{/}	{img icon_item_tospoint 24 24}{@st41b}0TP 소모{nl}별 감소없이 카드 해제하기{/}	
UI_20180320_003016	Las cartas de Nivel 1 no consumen Plata.	1레벨 카드는 실버가 소모되지 않습니다.	UI_20161214_002484	Las cartas de Nivel 1 no consumen 5TP.	1레벨 카드는 5TP가 소모되지 않습니다.	
UI_20180320_003017	Reclutando participantes para misión de gremio.	길드 퀘스트 참가자를 모집하고 있습니다.	UI_20160224_002073	El maestro del gremio está buscando participantes para el Evento de Gremio.	길드 마스터가 길드 이벤트 참가자를 모집하고 있습니다.	
UI_20180320_003018	{@st43}Mejorar Carta Leyenda{/}	{@st43}레전드 카드 강화{/}				
UI_20180320_003019	{@st43b}{#ffba00}{s20}Tasa de Éxito[%s%]{/}	{@st43b}{#ffba00}{s20}성공확률 [%s%]{/}				
UI_20180320_003020	{@st43b}{s17}{#ffba00}Aumenta el Nivel de Carta [{img star_mark 20 20}] en +1 al tener éxito.{/}	{@st43b}{s17}{#ffba00}  성공 시 카드의 레벨[★]이 +1 증가합니다.{/}				
UI_20180320_003021	{@st43b}{s20}Tasa de Fallo [%s%]{/}	{@st43b}{s20}실패확률 [%s%]{/}				
UI_20180320_003022	{@st43b}{s17}Las cartas de relleno se eliminarán y el nivel de la Carta Leyenda no cambiará.{/}	{@st43b}{s17}  실패 시 제물 카드가 소멸되며, 레전드 카드의 레벨은 유지됩니다.{/}				
UI_20180320_003023	{@st43b}{#898989}{s20}Tasa de Destrucción[%s%]{/}	{@st43b}{#898989}{s20}파괴확률 [%s%]{/}				
UI_20180320_003024	{@st43b}{#898989}{s17}La Carta Leyenda y las cartas de relleno se eliminarán tras la destrucción.{/}	{@st43b}{#898989}{s17}  파괴 시 레전드 카드와 제물 카드가 소멸됩니다.{/}				
UI_20180320_003025	{@st59}Cerrar{/}	{@st59}레전드 카드 강화 UI를 닫습니다{/}				
UI_20180320_003026	Tiempo restante	남은 참가 시간	UI_20160224_002098	Tiempo de Puja Restante	남은 입찰 시간	
UI_20180320_003027	Adquirir aleatorio	랜덤 획득	UI_20160224_002099	Dado de Objeto	아이템 주사위	
UI_20180320_003028	{@st59}Tiendas Personales{/}	{@st59}개인 상점{/}				
UI_20180320_003029	{@st59}Pesca{/}	{@st59}낚시{/}				
UI_20180320_003030	Busca el nombre del monstruo y presiona Enter	몬스터 이름 검색 후 엔터				
UI_20180320_003031	{@st66b}Ver más	{@st66b}더보기				
UI_20180320_003032	Cant. a agregar (cantidad)	추가할 양(count)				
UI_20180320_003033	Busca el nombre del objeto y presiona Enter	아이템 이름 검색 후 엔터				
UI_20180320_003034	Busca el objeto a fabricar y presiona Enter	제작할 아이템 이름 검색 후 엔터				
UI_20180320_003035	Busca el nombre de la mazmorra instanciada y presiona Enter	인던 이름 검색 후 엔터				
UI_20180320_003036	{@st42}Automático	{@st42}자동				
UI_20180320_003037	{@st42}Agregar	{@st42}추가				
UI_20180320_003038	{@st42}Enviar	{@st42}전송				
UI_20180320_003039	{@st42}Reiniciar	{@st42}초기화				
UI_20180320_003040	No se pudo iniciar el juego.	게임 시작에 실패했습니다.				
UI_20180320_003041	(Código de Error: %s)	(에러 코드: %s)				
UI_20180320_003042	{img notice_br_reason 16 16}{@st99w16}Razón	{img notice_br_reason 16 16}{@st99w16} 발생 원인				
UI_20180320_003043	Esta podría ser la razón.{nl}Esta también podría ser la razón.	원인은 이것 때문일 수 있습니다.{nl}원인은 이것 때문일 수도 있습니다.				
UI_20180320_003044	{img notice_br_solution 16 16}{@st99w16}Solución	{img notice_br_solution 16 16}{@st99w16} 해결 방법				
UI_20180320_003045	Prueba esto.{nl}Prueba eso.	이렇게 해보십시오.{nl}저렇게 해보십시오.				
UI_20180320_003046	{@st68}Verificar	{@st68}확인				
UI_20180402_003047	{img notice_br_link 16 16}{@st99w16}Enlace Relacionado	{img notice_br_link 16 16}{@st99w16} 관련 링크				
UI_20180409_003048	{@st66b}Dibujar Sombra	{@st66b}그림자 그리기				
UI_20180413_003049	{@st43b}{s18}Beneficios (Próximamente){/}	{@st43b}{s18}점령 혜택(준비중){/}	UI_20170912_002847	{@st43b}{s18}Beneficios Puntuales{/}	{@st43b}{s18}점령 혜택{/}	
UI_20180413_003050	ⓘ Por favor consulta nuestro sitio web oficial en treeofsavior.com para más información sobre las recompensas y beneficios de las Guerras Territoriales durante el período de prueba beta.	ⓘ Beta로 진행되는 길드 콜로니전의 점령 혜택은 홈페이지 내 공지사항을 통해 확인 바랍니다.				
UI_20180418_003051	{@st47}{s18}Ver Equipo Procesado	{@st47}{s18}가공된 장비 보기				
UI_20180418_003052	{@st42}Títulos Equipables [%s]{/}	{@st42}장착 가능한 칭호 [%s]{/}				
UI_20180418_003053	{@st42}{#00fec5}Etapa Actual del Buff de Título	{@st42}{#00fec5}현재 칭호 버프 단계				
UI_20180418_003054	{@st42}Títulos Necesarios para la Siguiente Etapa	{@st42}다음단계까지 필요한 칭호{/}				
UI_20180418_003055	{@st42b}Etapa %s{/}	{@st42b}%s단계{/}				
UI_20180418_003056	{@st66b}Ver Efectos de la Siguiente Etapa{/}	{@st66b}다음단계 효과 보기{/}				
UI_20180418_003057	{@st59}Cerrar ventana de pergamino de trascendencia.{/}	{@st59}초월 스크롤 창을 닫습니다.{/}	UI_20161108_002448	{@st59}Cerrar{/}	{@st59}창을 닫습니다.{/}	
UI_20180418_003058	{@st41}{s20}Pergamino de Trascendencia{/}	{@st41}{s20}초월 스크롤{/}				
UI_20180418_003059	Valor de Trascendencia: %s	초월 수치: %s				
UI_20180418_003060	Tasa de Éxito: %s%	성공 확률: %s%				
UI_20180418_003061	{@st66}No se puede usar con objetos de equipo trascendidos.{nl}Usarlo cambiará el objeto a la Etapa de Trascendencia %s.{/}	{@st66}이미 초월된 장비에는 사용할 수 없으며{nl}사용시 %s초월로 변경됩니다.{/}				
UI_20180418_003062	{@st41b}{s20}Trascendencia	{@st41b}{s20}초월				
UI_20180418_003063	{@st41b}{s20}Confirmar	{@st41b}{s20}확인				
UI_20180426_003064	{@st59}Atrás{/}	{@st59}등 코스튬{/}				
UI_20180517_003065	Predeterminado	디폴트				
UI_20180517_003066	{@st66b}Comunidad{/}	{@st66b}커뮤니티{/}				
UI_20180517_003067	{@st66b}Info del Gremio{/}	{@st66b}길드 정보{/}				
UI_20180517_003068	{@st66b}Almacén{/}	{@st66b}보관함{/}				
UI_20180517_003069	{@st66b}Guerras{/}	{@st66b}전투{/}				
UI_20180517_003070	{@st41b}Escribir	{@st41b}글 작성				
UI_20180517_003071	{@st66b}Maestro{/}	{@st66b}마스터{/}				
UI_20180517_003072	{@st66b}Nombre del Maestro del Gremio aquí{/}	{@st66b}길드 마스터 이름 여기{/}				
UI_20180517_003073	{@st66b}Miembros{/}	{@st66b}인원{/}				
UI_20180517_003074	{@st66b}Fundado{/}	{@st66b}개설일{/}				
UI_20180517_003075	{@st66b}Fondos{/}	{@st66b}자금{/}				
UI_20180517_003076	{@st66b}Fondos del gremio aquí{/}	{@st66b}길드 자금 여기{/}				
UI_20180517_003077	Posición {img %s 13 13}	직급{img %s 13 13}				
UI_20180517_003078	%s en línea, %s desconectados	온라인 %s명    오프라인 %s명				
UI_20180517_003079	{@st43b}{s18}Guerras{/}	{@st43b}{s18}길드 전쟁 {/}				
UI_20180517_003080	Alerta de Cancelación Neutral	중립 해제 알림				
UI_20180517_003081	{@st66b}Promoción del Gremio{/}	{@st66b}홍보{/}				
UI_20180517_003082	{@st66b}Roles y Autoridades{/}	{@st66b}직급과 권한{/}				
UI_20180517_003083	{@st66b}Solicitudes{/}	{@st66b}가입 신청{/}				
UI_20180517_003084	{@st43b}{s18}Configuración de Rol	{@st43b}{s18}직급 설정				
UI_20180517_003085	Roles	직급				
UI_20180517_003086	Autoridades	권한				
UI_20180517_003087	{@st42}Gestión del Gremio{/}	{@st42}길드 운영{/}				
UI_20180517_003088	{@st42}Fondos del Gremio{/}	{@st42}길드 자본{/}				
UI_20180517_003089	{@st42}Comunidad del Gremio{/}	{@st42}길드 커뮤니티{/}				
UI_20180517_003090	{@st42}Contenidos{/}	{@st42}컨텐츠{/}				
UI_20180517_003091	{@st41b}{s16}Agregar	{@st41b}{s16}추가				
UI_20180517_003092	{@st41b}{s16}Eliminar	{@st41b}{s16}삭제				
UI_20180517_003093	{@st41b}{s16}Guardar	{@st41b}{s16}저장				
UI_20180517_003094	{@st43b}{s18}Otorgar Rol	{@st43b}{s18}직급 부여				
UI_20180517_003095	Nivel del Pers.	캐릭터 레벨				
UI_20180517_003096	Personajes Totales	캐릭터 수				
UI_20180517_003097	{@st41b}{s16}Aceptar	{@st41b}{s16}수락				
UI_20180517_003098	{@st41b}{s16}Rechazar	{@st41b}{s16}거절				
UI_20180517_003099	{@st43b}{s18}Emblema{/}	{@st43b}{s18}엠블럼{/}				
UI_20180517_003100	Importante	유의사항				
UI_20180517_003101	{@st41b}{s16}Registrar	{@st41b}{s16}등록				
UI_20180517_003102	{@st43b}{s18}Bandera{/}	{@st43b}{s18}배너{/}				
UI_20180517_003103	ⓘ Tu imagen debe tener el tamaño %s y estar en formato PNG (24 bit o 32 bit).{nl}ⓘ El nombre del archivo debe estar compuesto solo de caracteres alfanuméricos.{nl}ⓘ El uso de imágenes problemáticas puede resultar en restricciones.	ⓘ 길드 배너는 %s 크기의 PNG(24bit/32bit)파일만 등록 가능합니다.{nl}ⓘ 파일 이름이 영문과 숫자로 이루어진 파일만 등록 가능합니다.{nl}ⓘ 문제 있는 이미지 사용 시 제재가 있을 수 있습니다.				
UI_20180517_003104	Permitir Externos	아지트 외부인 입장 가능				
UI_20180517_003105	Promocionar Gremio	길드 홍보 공개				
UI_20180517_003106	{@st43b}{s18}Portada{/}	{@st43b}{s18}홍보 이미지{/}				
UI_20180517_003107	ⓘ Tu imagen debe tener el tamaño %s y estar en formato PNG (24 bit o 32 bit).{nl}ⓘ El nombre del archivo debe estar compuesto solo de caracteres alfanuméricos.{nl}ⓘ El uso de imágenes problemáticas puede resultar en restricciones.	ⓘ 길드 홍보 페이지는 %s 크기의 PNG(24bit/32bit)파일만 등록 가능합니다.{nl}ⓘ 파일 이름이 영문과 숫자로 이루어진 파일만 등록 가능합니다.{nl}ⓘ 문제 있는 이미지 사용 시 제재가 있을 수 있습니다.				
UI_20180517_003108	1024 de ancho y 768-3840 de largo	가로 1024, 세로 768~3840				
UI_20180517_003109	{@st41b}{s16}Vista Previa	{@st41b}{s16}미리보기				
UI_20180517_003110	{@st43b}{s18}Texto de Portada{/}	{@st43b}{s18}홍보글{/}				
UI_20180517_003111	{@st66b}Registrar	{@st66b}등록				
UI_20180517_003112	{@st64}Gremio	{@st64}길드				
UI_20180517_003113	{@st43}{s22}Más Info{/}	{@st43}{s22}길드 상세정보{/}				
UI_20180517_003114	{@st43}Info del Gremio	{@st43}길드 정보				
UI_20180517_003115	{@st66}Info	 {@st66}정보				
UI_20180517_003116	{@st66}Portada	 {@st66}홍보 페이지				
UI_20180517_003117	{@st43}Introducción	{@st43}소개글				
UI_20180517_003118	{s18}Nombre{/}	{s18}이름{/}				
UI_20180517_003119	{s18}Gremio	{s18}길드				
UI_20180517_003120	{@s18}Maestro{/}	{@s18}마스터{/}				
UI_20180517_003121	{@s18}Fundado{/}	{@s18}개설일{/}				
UI_20180517_003122	{@s18}Nivel de Gremio{/}	{@s18}길드 레벨{/}				
UI_20180517_003123	{@s18}Estado{/}	{@s18}모집 상태{/}				
UI_20180517_003124	{@s18}Reclutando{/}	{@s18}모집중{/}				
UI_20180517_003125	{@st41}Solicitar Ingreso	{@st41}가입 신청				
UI_20180517_003126	{@s18}Miembros{/}	{@s18}인원{/}				
UI_20180517_003127	{@s18}Nivel Promedio{/}	{@s18}평균 레벨{/}				
UI_20180517_003128	{@s18}Texto de Portada{/}	{@s18}홍보글{/}				
UI_20180517_003129	{@s18}El texto de introducción de tu gremio va aquí.{/}	{@s18}이곳에 길드 소개글이 들어갑니다{/}				
UI_20180517_003130	{@s18}Miembros{/}	{@s18}길드원{/}				
UI_20180517_003131	{@st43}Escribir{/}	{@st43}글 작성{/}				
UI_20180517_003132	{@st41b}Escribir	{@st41b}작성				
UI_20180517_003133	{@st43}Escribir	{@st43}글 작성				
UI_20180517_003134	{@st43}Solicitantes	{@st43}길드 가입 신청자				
UI_20180517_003135	Nivel de Equipo: %s {nl}Personajes: %s {nl}Rango del Diario de Aventuras: %s {nl}Nivel del Personaje Solicitante: %s {nl} {nl}Mensaje	팀 레벨 : %s {nl}캐릭터 수 : %s {nl}모험일지 랭킹 : %s {nl}신청한 캐릭터 레벨 : %s {nl} {nl}전하는 말				
UI_20180517_003136	{@st43}{s22}Nueva UI{/}	{@st43}{s22}새 UI{/}				
UI_20180517_003137	{@st42}Nombre del Gremio{/}	{@st42}길드 이름{/}				
UI_20180517_003138	{@st42}Mensaje{/}	{@st42}전하는 말{/}				
UI_20180517_003139	Mensaje	전하는 말				
UI_20180517_003140	Puedes solicitar ingreso a un gremio incluso sin ingresar un mensaje.{nl}ⓘ La siguiente información se muestra automáticamente al gremio cuando envías la solicitud:{nl} - Nombre del equipo{nl} - Nivel del equipo{nl} - Núm. de personajes{nl} - Nivel del personaje solicitante{nl} - Ranking del Diario de Aventuras{nl}	이 없어도 가입 신청이 가능합니다{nl}ⓘ 길드 가입 신청 시 아래 정보가 자동으로 길드에 제공 됩니다{nl} - 팀 이름{nl} - 팀 레벨{nl} - 캐릭터 수{nl} - 신청한 캐릭터 레벨{nl} - 모험일지 랭킹{nl}				
UI_20180517_003141	{@st41}Enviar Solicitud	{@st41}길드 가입 보내기				
UI_20180517_003142	{@st43}{s22}Promoción del Gremio{/}	{@st43}{s22}길드 홍보{/}				
UI_20180517_003143	{@st43}Tablón de Promoción del Gremio	{@st43}길드 홍보 게시판				
UI_20180517_003144	{@st59}Nivel de Gremio{/}	{@st59}길드 레벨{/}				
UI_20180517_003145	{@st59}Actividad{/}	{@st59}활성화 점수{/}				
UI_20180517_003146	{@st59}Nivel Promedio de Equipo{/}	{@st59}평균 팀레벨{/}				
UI_20180517_003147	{@st59}Solicitantes{/}	{@st59}가입 신청자수{/}				
UI_20180517_003148	{@st59}Guerras Territoriales{/}	{@st59}콜로니전{/}				
UI_20180517_003149	{@st43}Registro de Solicitudes	{@st43}길드 가입 신청 내역				
UI_20180517_003150	Fecha	요청일				
UI_20180517_003151	Estado	읽음 상태				
UI_20180517_003152	{@st66b}Las entradas diarias se reinician cada lunes a las %s (hora del servidor).{/}	{@st66b}입장 횟수는 매주 월요일 %s시에 초기화 됩니다.{/}				
UI_20180517_003153	Equipar Ichor	아이커 장착				
UI_20180517_003154	Equipar	장착				
UI_20180517_003155	{@st43b}{s18}Estadísticas Actuales	{@st43b}{s18}적용 옵션				
UI_20180517_003156	{@st43b}{s18}Estadísticas de Equipo	{@st43b}{s18}장착 옵션				
UI_20180517_003157	Kit de Extracción	추출 키트				
UI_20180517_003158	Extraer Ichor	아이커 추출				
UI_20180517_003159	Extraer	추출				
UI_20180517_003160	{s22}El objeto fue destruido.	{s22}아이템이 파괴되었습니다.				
UI_20180517_003161	{@st43b}{s18}Potencial	{@st43b}{s18}포텐셜				
UI_20180517_003162	{@st43b}{s18}Opciones Extraídas	{@st43b}{s18}추출 옵션				
UI_20180517_003163	Desmantelar Objeto Leyenda	레전드 아이템 분해				
UI_20180517_003164	Desmantelar	분해				
UI_20180517_003165	Aplicar Estadísticas de Conjunto	세트 옵션 부여				
UI_20180517_003166	{@st43}Fabricar Equipo Leyenda{/}	{@st43}레전드 장비 제작{/}				
UI_20180517_003167	{@st59}Cerrar UI de fabricación de objeto Leyenda.{/}	{@st59}레전드 아이템 제작 UI를 닫습니다{/}				
UI_20180517_003168	{@st42b}Ver solo objetos equipables	{@st42b}착용 가능한 목록만 보기				
UI_20180517_003169	{@st43b}{s15}{#ffbf11}Diferencia de Puntos	{@st43b}{s15}{#ffbf11}점수차				
UI_20180517_003170	{@st43b}{s16}%s Puntos	{@st43b}{s16}%s 포인트				
UI_20180517_003171	Insignias [%s] Obtenidas	증표 [ %s 개] 획득				
UI_20180517_003172	{@st66d}{s20}Regresando en %s segundos.{/}	{@st66d}{s20}%s초 후에 귀환됩니다.{/}				
UI_20180517_003173	{@st66d}Regresar{/}	{@st66d}귀환{/}				
UI_20180517_003174	Si deshaces tu ascenso de clase actual,{nl}el ascenso se deshará y{nl}{@st66d_y}tu EXP de clase actual desaparecerá.{/}{/}	현재 클래스의 전직을 취소하고 전직 이전으로 되돌아가며{nl}{@st66d_y}클래스 경험치는 사라집니다.{/}{/}	UI_20171128_002965	Si deshaces tu ascenso de clase actual, el ascenso se deshará y tu EXP de clase actual desaparecerá.{/}	현재 클래스의 전직을 취소하고 전직 이전으로 되돌아가며{nl}클래스 경험치는 사라집니다.{/}	
UI_20180517_003175	{@st45tw2}Condiciones y Precauciones{/}	{@st45tw2}조건 및 주의 사항{/}				
UI_20180517_003176	{@st66b}Reaparecer en la Torre del Gremio{/}	{@st66b}길드 타워에서 부활하기{/}				
UI_20180517_003177	{@st59}Promoción del Gremio (Alt + R){/}	{@st59}길드 홍보 (Alt + R){/}				
UI_20180517_003178	{@st66b}Selección Automática de Celda{/}	{@st66b}자동 셀 선택{/}				
UI_20180517_003179	{@st66b}Velocidad de Movimiento de Celda (%s){/}	{@st66b}셀 이동 속도 (%s){/}				
UI_20180517_003180	{@st43}Lista de Compras{/}	{@st43}구매 목록{/}				
UI_20180517_003181	{@st66d_y}{s18}[Objetos por Probabilidad]	{@st66d_y}{s18}[확률형 아이템]				
UI_20180517_003182	{@st66d}{s18}[Objetos sin Probabilidad]	{@st66d}{s18}[비확률형 아이템]				
UI_20180517_003183	{img impossible_red 17 17}Restricciones de Equipo	{img impossible_red 17 17} 착용 제한				
UI_20180517_003184	{img impossible_yellow 17 17}Solo Una Compra	{img impossible_yellow 17 17} 구매 횟수 1회 제한				
UI_20180517_003185	{img icon_item_tpBox_30 36 36}Se consumirán %s TP.	{img icon_item_tpBox_30 36 36}%s TP가 소모됩니다.				
UI_20180517_003186	Mensaje de Probabilidad	확률형 메세지				
UI_20180517_003187	{@st66b}Sí{/}	{@st66b}예{/}				
UI_20180517_003188	{@st66b}No{/}	{@st66b}아니오{/}				
UI_20180517_003189	{@st66w}Mostrar todas las pestañas{/}	{@st66w}모든 맵 표시{/}				
UI_20180517_003190	{@st66b}En el juego, tu personaje y nombres de equipo se mostrarán así:{nl} 	{@st66b}인 게임에서 캐릭터 이름, 팀 이름 배치 순서는 아래 이미지와 같이{nl}예) 	UI_20170912_002895	{@st66b}El nombre de tu Equipo representa a todos tus personajes y se usa en comercio, Gremios, chat, etc.{nl}Cambiar el nombre de Equipo consume 150 TP, así que elígelo con cuidado.{/}	{@st66b}팀 이름은 모든 캐릭터를 대표하는 이름이며, 거래, 길드 가입, 대화 등에 사용되는 공용 이름입니다.{nl}팀 이름 변경에는 150TP가 소모되니 신중히 입력해 주세요.{/}	
UI_20180517_003191	NombrePersonaje NombreEquipo	캐릭터이름 팀이름				
UI_20180517_003192	.{nl}{img exemple_img_teamname}{nl}El nombre de tu Equipo representa a todos tus personajes y se usa en comercio, Gremios, chat, etc.{nl}Cambiar el nombre de Equipo consume 150 TP, así que elígelo con cuidado.{/}	 순서로 배치됩니다.{nl}{img exemple_img_teamname}{nl}팀 이름은 모든 캐릭터를 대표하는 이름이며, 거래, 길드 가입, 대화 등에 사용되는 공용 이름입니다.{nl}팀 이름 변경에는 150TP가 소모되니 신중히 입력해 주세요.{/}				
UI_20180517_003193	N/D	{@st59}유라테 - 시즌 서버가 아우슈리네 서버로 통합되었습니다.{nl}바카리네, 라이마, 제미나, 가비야 - 바이보라 서버로 통합되었습니다.{/}	UI_20161214_002498	{@st59}Por favor selecciona un servidor.{/}	{@st59}유라테 - 시즌 서버가 아우슈리네 서버로 통합되었습니다.{nl}자세한 내용은 홈페이지 공지사항을 참고해주세요.{nl}바카리네, 라이마, 제미나, 가비야 서버는 7/14(목) 바이보라 서버로 통합되었습니다.{/}	
UI_20180517_003194	N/D	{@st59}접속을 원하는 서버를 선택하여 주세요.{nl}유라테 - 시즌 서버가 아우슈리네 서버로 통합되었습니다.{nl}바카리네, 라이마, 제미나, 가비야 - 바이보라 서버로 통합되었습니다.{/}	UI_20160811_002310	{@st59}Por favor selecciona un servidor.{nl}Los servidores Vakarine, Laima, Zemyna, Gabija se fusionaron en el servidor Vaivora.{/}	{@st59}접속을 원하는 서버를 선택하여 주세요.{nl}바카리네, 라이마, 제미나, 가비야 서버가 바이보라 서버로 통합되었습니다.{/}	
UI_20180517_003195	{@st41b}{s14}{#ffffff}Normal	{@st41b}{s14}{#ffffff}노말				
UI_20180517_003196	{@st41b}{s14}{#0e7fe8}Mágico	{@st41b}{s14}{#0e7fe8}매직				
UI_20180517_003197	{@st41b}{s14}{#a124d0}Raro	{@st41b}{s14}{#a124d0}레어				
UI_20180517_003198	{@st41b}{s14}{#d92400}Único	{@st41b}{s14}{#d92400}유니크				
UI_20180517_003199	{@st41b}{s14}{#ffa800}Leyenda	{@st41b}{s14}{#ffa800}레전드				
UI_20180517_003200	No se puede trascender	초월 불가				
UI_20180517_003201	No se puede extraer	추출 불가				
UI_20180517_003202	No se pueden extraer engarces	소켓 추출 불가				
UI_20180517_003203	Arma Principal	주무기				
UI_20180517_003204	Armadura	갑옷				
UI_20180517_003205	Abajo	바지				
UI_20180517_003206	{@st41b}{s18}Conjunto de Objetos	{@st41b}{s18}아이템 세트				
UI_20180517_003207	{@st41b}{s16}Establecer Estadísticas	{@st41b}{s16}세트 옵션				
UI_20180517_003208	Intercambiar	교환				
UI_20180517_003209	{@st66d}Nombre del Jugador{/}	{@st66d}유저이름{/}				
UI_20180517_003210	{@st66}{s18}Escribir{/}	{@st66}{s18}작성{/}				
UI_20180517_003211	Peso: %s	무게: %s				
UI_20180517_003212	Personajes Totales 	캐릭터 수 				
UI_20180517_003213	Quiero unirme	가입시켜주세요				
UI_20180517_003214	Clase del Personaje	캐릭터 직업				
UI_20180517_003215	Contribución del Personaje	캐릭터 기여				
UI_20180517_003216	Ranuras de Almacén de Equipo +30	팀 창고 +30칸 증가				
UI_20180523_003217	{@st41_yellow}{s70}Victoria 	{@st41_yellow}{s70}승리				
UI_20180523_003218	{@st41_yellow}{s70}Derrota	{@st41_yellow}{s70}패배				
UI_20180528_003219	{s30}Importante	{s30}주의				
UI_20180528_003220	{@st41b}{img icon_button_warning 36 36}Sí	{@st41b}{img icon_button_warning 36 36}예				
UI_20180629_003221	{@st41d}               Refugio	{@st41d}               숙소				
UI_20180629_003222	{@st66d}{s20}%s {@st66d_y}{s20}%s{@st66b}{s18}{nl}¿Cambiar Refugio?	{@st66d}{s20}%s {@st66d_y}{s20}%s{@st66b}{s18}의{nl}숙소를 이동하겠습니까?				
UI_20180629_003223	{@st66b}Sí	{@st66b}예				
UI_20180629_003224	{@st66b}No	{@st66b}아니오				
UI_20180629_003225	{@st43}Peluquería (M)	{@st43}바버샵(남)				
UI_20180629_003226	{@st43}Peluquería (F)	{@st43}바버샵(여)				
UI_20180629_003227	{@st43}Boutique (M)	{@st43}부티크(남)				
UI_20180629_003228	{@st43}Boutique (F)	{@st43}부티크(여)				
UI_20180629_003229	{@st43}Peluquería - Pelucas (M)	{@st43}바버샵 - 가발(남)				
UI_20180629_003230	{@st43}Peluquería - Pelucas (F)	{@st43}바버샵 - 가발(여)				
UI_20180629_003231	{@st43}Boutique - Cubos	{@st43}부티크 - 패키지				
UI_20180629_003232	{@st43}Peluquería - Lentes	{@st43}바버샵 - 렌즈				
UI_20180629_003233	Ver solo objetos equipables	착용 가능한 물품만 보기				
UI_20180629_003234	Seleccionar Color	컬러 선택				
UI_20180629_003235	{img barbershop_scissors_pic 41 36}{@st66b}Selecciona un peinado para ver la lista de colores.{/}	{img barbershop_scissors_pic 41 36}{@st66b}헤어 선택 시 염색 리스트가 표시 됩니다.{/}				
UI_20180629_003236	{@st43b}{s20}Vista Previa y Compra{/}	{@st43b}{s20}미리보기 및 구매{/}				
UI_20180629_003237	{@st59}Pelucas{/}	{@st59}가발{/}				
UI_20180629_003238	{@st59}Pelucas y Tintes{/}	{@st59}가발 염색약{/}				
UI_20180629_003239	{@st59}Juguetes{/}	{@st59}장난감{/}				
UI_20180629_003240	{@st66}{s18}Probarse{/}	{@st66}{s18}입어보기{/}				
UI_20180629_003241	{@st41b}{s17}Trajes de Cabello	{@st41b}{s17}헤어 코스튬				
UI_20180629_003242	Puedes ocultar/mostrar todos tus trajes de cabello equipados actualmente.	캐릭터가 착용 중인 헤어 코스튬 모두를 보이기/안보이기 할 수 있습니다.				
UI_20180629_003243	   TP Actual{/}	   보유중인 TP{/}				
UI_20180629_003244	   TP Restante{/}	   잔여 TP{/}				
UI_20180629_003245	Usando Actualmente	입어보기 목록				
UI_20180629_003246	{@st59}Cerrar la lista.{/}	{@st59}입어보기 목록을 닫습니다{/}				
UI_20180629_003247	{@st66b}TP Actual	{@st66b}소지 TP				
UI_20180629_003248	{@st66b}Lista de Compras	{@st66b}물품 가격				
UI_20180629_003249	{@st66}- Cupones de Cabello	{@st66}-헤어 쿠폰				
UI_20180629_003250	{@st66}- Cupones de Tinte	{@st66}-염색 쿠폰				
UI_20180629_003251	{@st66b}{#a70000}Total	{@st66b}{#a70000}결제 TP				
UI_20180629_003252	{@st66}{s18}¿Comprar todos los objetos listados?	{@st66}{s18}위 아이템을 구매하시겠습니까?				
UI_20180629_003253	{ol}Abrir lista de cupones.	{ol}쿠폰 리스트를 엽니다.				
UI_20180629_003254	{@st66b}TP Restante	{@st66b}잔여 TP				
UI_20180629_003255	{@st66d}A la Tienda{/}	{@st66d}샵으로{/}				
UI_20180629_003256	{@st66d}Comprar{/}	{@st66d}구매{/}				
UI_20180629_003257	{s17}Lista de Cupones	{s17}쿠폰 목록				
UI_20180629_003258	{@st66b}Usar	{@st66b}사용				
UI_20180629_003259	{@st43}Libro de Cupones de Peluquería	{@st43}바버샵 쿠폰북				
UI_20180629_003260	Intercambiar Sellos	스탬프로 아이템 교환				
UI_20180629_003261	※{b}{ol}{#c21917}Los sellos se consumen al intercambiarlos.{/}{/}{/}{nl}Cada tipo de cupón consume una cantidad diferente de sellos.	※{b}{ol}{#c21917}아이템 교환 시 스탬프가 소모{/}{/}{/}되며,{nl}소모되는 스탬프의 개수는 아이템에 따라 다르게 소모됩니다.				
UI_20180629_003262	{img barbershop_couponbook_stamp 30 30} %s sellos	{img barbershop_couponbook_stamp 30 30} %s 개 소지				
UI_20180629_003263	{@st59}Cerrar UI de apariencia de arma.{/}	{@st59}무기 외형 변환 UI를 닫습니다{/}				
UI_20180629_003264	{@st43}Cambiar Apariencia de Arma{/}	{@st43}무기 외형 변환{/}	UI_20150323_001291	{@st43}Briquetado{/}	{@st43}브리케팅{/}	
UI_20180629_003265	{@st66b}Potencial Actual	{@st66b}현재 포텐셜				
UI_20180629_003266	{@st42}Extraer Materiales	{@st42}외형 추출 소재 무기				
UI_20180629_003267	{@st42}Arma a Extraer	{@st42}외형 추출할 무기	UI_20150323_001293	Material Consumible	소비 재료	
UI_20180629_003268	{@st42}Mantener Potencial	{@st42}포텐셜 소실 방지				
UI_20180629_003269	{img silver 20 20}Precio	{img silver 20 20}가격				
UI_20180629_003270	Si no se marca, el Potencial de tu objeto se reducirá.{nl}No consume Plata.	포텐셜 소실 방지 체크 해제시 포텐셜이 감소합니다.{nl} 실버는 소모되지 않습니다.				
UI_20180629_003271	Por favor registra un núcleo o un arma cuya apariencia deseas conservar.	코어 또는 외형추출 할 무기와 동일한 아이템을 넣어주세요.				
UI_20180629_003272	{@st43b}{s20}OK	{@st43b}{s20}확 인				
UI_20180629_003273	Actualizar tablón de mensajes.	한줄게시판을 업데이트합니다.				
UI_20180629_003274	Tienda de Despertar	각성 상점 개설				
UI_20180629_003275	{@st42}Cerrar Tienda	{@st42}폐 점				
UI_20180629_003276	{@st42}Despertar	{@st42}각 성				
UI_20180629_003277	Material	재료이름				
UI_20180629_003278	{@st42}Abrir Tienda	{@st42}개 설				
UI_20180629_003279	{@st41d}{b}{ol}{s14}{img icon_item_silver 22 22} Plata Adquirida: %s%s	{@st41d}{b}{ol}{s14}{img icon_item_silver 22 22}실버를 획득했습니다 : %s%s				
UI_20180629_003280	{#fde43f}{b}{ol}{s14}EXP de Personaje Adquirida: %s	{#fde43f}{b}{ol}{s14}캐릭터 경험치를 획득했습니다 : %s				
UI_20180629_003281	{#fde43f}{b}{ol}{s14}EXP de Clase Adquirida: %s	{#9def5a}{b}{ol}{s14}클래스 경험치를 획득했습니다 : %s				
UI_20180629_003282	Lupa de Artesano	장인의 돋보기				
UI_20180629_003283	Reidentificar	재감정				
UI_20180629_003284	{@st66}{s16}{nl}Seleccionar	{@st66}{s16}{nl}선택				
UI_20180629_003285	{@st41b}{s18}Lupas Actuales: %s	{@st41b}{s18}현재 돋보기 보유 개수: %s개				
UI_20180629_003286	{@st66}{s18}Consume Lupa de Artesano x%s.	{@st66}{s18}장인의 돋보기 %s개가 소비됩니다.				
UI_20180629_003287	Lupa Misteriosa	신비한 돋보기				
UI_20180629_003288	{@st66}{s18}Consume Lupa Misteriosa x%s.	{@st66}{s18}신비한 돋보기 %s개가 소비됩니다.				
UI_20180629_003289	{@st43}Lista{/}	{@st43}패키지 리스트{/}				
UI_20180629_003290	Cantidad	구매 수량				
UI_20180629_003291	{@st41b}{s16}{nl}Agregar al Carrito	{@st41b}{s16}{nl}담기				
UI_20180629_003292	{s22}%s derrotado	{s22}%s 처치				
UI_20180629_003293	{s22}%s puntos	{s22}%s 점				
UI_20180629_003294	{s26}%s Insignias	{s26}증표 [ %s 개] 획득				
UI_20180629_003295	Ranking	랭킹 이름				
UI_20180629_003296	{@st66b}Semana Pasada 	{@st66b}지난 주 				
UI_20180629_003297	{@st59}Ver el ranking de la semana pasada.{/}	{@st59}저번 주 랭킹을 보여줍니다{/}				
UI_20180629_003298	{@st66b}Esta Semana 	{@st66b}이번 주 				
UI_20180629_003299	{@st59}Ver el ranking de esta semana. Actualizado cada hora.{/}	{@st59}이번 주 랭킹을 보여줍니다. 1시간마다 갱신됩니다.{/}				
UI_20180629_003300	{@st59}Cerrar ranking de mazmorra en solitario.{/}	{@st59}1인던전 순위표를 닫습니다{/}				
UI_20180629_003301	Ranking de Remanentes de Bernice	베르니케의 파편 순위				
UI_20180629_003302	{@st66d}Recompensas	{@st66d}보상안내				
UI_20180629_003303	{@st66b}Los 10 mejores jugadores del ranking reciben un{nl}{#003997}"Quemador de Incienso Dimensional"{/} por el ranking de la semana anterior.{nl}Los jugadores que participaron durante la semana reciben un conjunto de{nl}{#003997}"Pociones Dimensionales"{/} según su puntuación.{nl} {nl}{s13}La semana comienza cada lunes a las 06:00 (hora del servidor).	{@st66b}랭킹 TOP 10 구원자분들에게는{nl}{#003997} "차원의 향로"{/}아이템을 전 시즌 랭킹 보상으로 지급하며 시즌에 참여한 구원자 분들께는 자신의 기록에 비례한 수량의{nl}{#003997} "차원의 포션"{/}{nl}을 보상으로 지급합니다.{nl} {nl}{s13}시즌은 매주 월요일 06시에 초기화 됩니다				
UI_20180629_003304	{@st66b}Espadachín	{@st66b}전사				
UI_20180629_003305	{@st66b}Mago	{@st66b}마법사				
UI_20180629_003306	{@st66b}Arquero	{@st66b}궁수				
UI_20180629_003307	{@st66b}Clérigo	{@st66b}성직자				
UI_20180629_003308	{@st66d}Reclamar Recompensas de la Semana Pasada	{@st66d}지난 주 보상 받기				
UI_20180629_003309	Nombre del Gremio	길드명				
UI_20180629_003310	Árbol de Clase	직업 트리				
UI_20180629_003311	Etapa Más Alta	최고 스테이지				
UI_20180629_003312	Monstruos Derrotados	몬스터 처치 수				
UI_20180629_003313	Etapa Más Alta: %s	최고 기록 스테이지 : %s 스테이지				
UI_20180629_003314	Más Monstruos Derrotados: %s	최고 기록 처치 몬스터 수 : %s 마리				
UI_20180629_003315	Ranking Más Alto: %s	최고 기록 랭킹 : %s				
UI_20180629_003316	Etapa Actual: %s	현재 스테이지 : %s 스테이지				
UI_20180629_003317	Monstruos Derrotados: %s	처치 몬스터 수 : %s 마리				
UI_20180629_003318	Ranking Actual: %s	현재 기록 랭킹 : %s				
UI_20180629_003319	{@st66b}{s16}Todo	{@st66b}{s16}전체				
UI_20180629_003320	{@st66b}{s16}Espadachín	{@st66b}{s16}전사				
UI_20180629_003321	{@st66b}{s16}Mago	{@st66b}{s16}마법사				
UI_20180629_003322	{@st66b}{s16}Arquero	{@st66b}{s16}궁수				
UI_20180629_003323	{@st66b}{s16}Clérigo	{@st66b}{s16}성직자				
UI_20180629_003324	Regresando pronto al pueblo.	잠시후 마을로 돌아갑니다				
UI_20180629_003325	{@st42}{s18}{nl}Regresar{nl}	{@st42}{s18}{nl}돌아가기{nl}				
UI_20180629_003326	Tinte de Peluca	가발 염색				
UI_20180629_003327	Cant. Actual	소지 개수				
UI_20180629_003328	Importante {img tip_questionmark 20 20}	주의 사항 {img tip_questionmark 20 20}				
UI_20180629_003329	Por favor desequipa primero todo tu equipo.{nl}Los trajes de clase básicos cambian de género automáticamente.{/}{nl}{@st67}{#fe7e00}{b}Los trajes premium con género{nl}ya no le quedarán a tu personaje después del cambio de género.{/}	모든 장비 해제 한 뒤에 전환 가능{nl}기본 직업별 코스튬은 성별 자동 변경{/}{nl}{@st67}{#fe7e00}{b}기존 성별에 맞게 구매한 유료코스튬은{nl}성별 변환 후, 장착 불가{/}				
UI_20180629_003330	{@st66b}Ver Solo Nombre de Equipo{/}	{@st66b}팀 이름만 보기{/}				
UI_20180629_003331	{@st66b}Ver Nombre del Grupo{/}	{@st66b}파티 이름 보기{/}				
UI_20180629_003332	{@st66b}Ver Nombres de Otros Personajes{/}	{@st66b}다른 캐릭터 이름 보기{/}				
UI_20180629_003333	{@st66b}Ver HP/SP Bajo los Personajes{/}	{@st66b}캐릭터 아래에 HP, SP 보기{/}				
UI_20180629_003334	{@st66b}Ver Nombres de Objetos Caídos{/}	{@st66b}드롭 아이템 이름 보기{/}				
UI_20180629_003335	{@st66b}Ver Alertas de Plata Adquirida{/}	{@st66b}획득한 실버량 보기{/}				
UI_20180629_003336	{@st66b}Ver Alertas de EXP Adquirida{/}	{@st66b}획득한 경험치 보기{/}				
UI_20180629_003337	{@st66b}Ver Nombres de Invocación del Grupo{/}	{@st66b}파티원 소환물 이름 보기{/}				
UI_20180629_003338	{@st66b}Ver Rango de Casilla{/}	{@st66b}장판 범위 보기{/}				
UI_20180629_003339	{@st66b}Volumen de Flauta (%s){/}	{@st66b}피리 연주 크기 (%s){/}				
UI_20180629_003340	{@st66b}Escuchar Flautas de Otros Personajes{/}	{@st66b}다른 캐릭터 피리 연주 듣기{/}				
UI_20180629_003341	{@st59}Desmarca si no quieres escuchar las flautas de otros personajes.{/}	{@st59}다른 캐릭터의 피리 연주를 듣지 않으려면 체크를 해제해주세요.{/}				
UI_20180629_003342	{@st66b}Ver Datos de Fotogramas (FPS){/}	{@st66b}성능 수치(FPS) 보기{/}				
UI_20180629_003343	{@st59}Muestra los fps actuales.{/}	{@st59}성능 수치를 표시합니다{/}				
UI_20180629_003344	{@st66b}Premium{/}	{@st66b}프리미엄{/}	UI_20161005_002329	{@st66b}Tienda{/}	{@st66b}상점{/}	
UI_20180629_003345	{@st66b}Cosmético{/}	{@st66b}꾸미기{/}				
UI_20180629_003346	{@st43}Entrar a la Peluquería{/}	{@st43}뷰티 샵으로 이동{/}				
UI_20180629_003347	{s14}Prueba de Peluquería	{s14}뷰티샵 테스트				
UI_20180629_003348	Cámara Fija	카메라 고정				
UI_20180629_003349	Cancelar Cámara Fija	카메라 고정 해제				
UI_20180629_003350	Abrir Tienda de Cabello (F)	헤어샵 열기(여)				
UI_20180629_003351	Abrir Tienda de Cabello (M)	헤어샵 열기(남)				
UI_20180629_003352	Lista de Tienda de Cabello (F)	헤어샵 목록(여)				
UI_20180629_003353	Lista de Tienda de Cabello (M)	헤어샵 목록(남)				
UI_20180629_003354	Vista Previa de Equipo_TODO	미리보기 장착_ALL				
UI_20180629_003355	Vista Previa de Equipo_Cabello	미리보기 장착_Hair				
UI_20180629_003356	Vista Previa de Equipo_Traje	미리보기 장착_Costume				
UI_20180629_003357	Abrir Tienda de Trajes (F)	코스튬샵 열기(여)				
UI_20180629_003358	Abrir Tienda de Trajes (M)	코스튬샵 열기(남)				
UI_20180629_003359	Lista de Tienda de Trajes (F)	코스튬샵 목록(여)				
UI_20180629_003360	Lista de Tienda de Trajes (M)	코스튬샵 목록(남)				
UI_20180629_003361	Abrir Lista Simple	간소화 목록 열기				
UI_20180629_003362	Configuración de Objeto de Lista Simple	간소화 목록 아이템 설정				
UI_20180629_003363	Abrir Tienda de Pelucas (F)	가발샵 열기(여)				
UI_20180629_003364	Abrir Tienda de Pelucas (M)	가발샵 열기(남)				
UI_20180629_003365	Lista de Tienda de Pelucas (F)	가발샵 목록(여)				
UI_20180629_003366	Lista de Tienda de Pelucas (M)	가발샵 목록(남)				
UI_20180629_003367	Abrir Otros	기타샵 열기				
UI_20180629_003368	Lista de Otros	기타샵 목록				
UI_20180629_003369	Prueba de Compra	구매 테스트				
UI_20180629_003370	{@st66}{nl}Eliminar Personaje	{@st66}{nl}캐릭터 삭제				
UI_20180629_003371	{@st66}{nl}Mover Refugio	{@st66}{nl}숙소 이동				
UI_20180629_003372	{@st66}{nl}Nuevo Personaje	{@st66}{nl}새 캐릭터 만들기				
UI_20180629_003373	No se puede transferir apariencia	외형 변경 불가				
UI_20180629_003374	Básico{/}	기본{/}	UI_20151016_001817	%s Personajes{/}	정원%s명{/}	
UI_20180629_003375	{#003997}{b}Etapa Completada: %s	{#003997}{b}클리어 스테이지: %s				
UI_20180629_003376	{ol}Agregar al Carrito	{ol}장바구니에 담기				
UI_20180629_003377	Objetos Actuales	소지 중인 아이템				
UI_20180629_003378	{@st41b}{S16}%s% de Descuento	{@st41b}{S16}%s% 할인 쿠폰				
UI_20180629_003379	{@st41b}{s16}{nl}Intercambiar	{@st41b}{s16}{nl}교환				
UI_20180704_003380	Por favor registra un Material de Apariencia de Arma o un objeto equivalente.	무기 외형 변환 소재 또는 외형추출 할 무기와 동일한 아이템을 넣어주세요.	UI_20180629_003271	Por favor registra un núcleo o un arma cuya apariencia deseas conservar.	코어 또는 외형추출 할 무기와 동일한 아이템을 넣어주세요.	
UI_20180723_003381	{@st42}{s20}Recompensas de Victoria	{@st42}{s20}점령 보상				
UI_20180723_003382	Fecha de Toma	점령일				
UI_20180723_003383	Recompensas de Victoria	점령 보상				
UI_20180723_003384	ⓘ Las recompensas de victoria se aplican 1 hora después del final de cada sesión de GTW.{nl}ⓘ Solo el Maestro del Gremio puede recuperar estas recompensas. Los objetos se envían a tu Almacén del Gremio.	ⓘ 점령 보상 목록은 콜로니전 종료 후 1시간 뒤에 갱신됩니다.{nl}ⓘ 보상 수령은 길드마스터만 가능하며, 수령된 아이템은 길드 보관함으로 이동됩니다.				
UI_20180723_003385	{@st41b}{s16}Recompensas de Victoria	{@st41b}{s16}점령 보상				
UI_20180723_003386	{@st42}{s16}Recibir	{@st42}{s16}받기				
UI_20180809_003387	{@st41b}Abrir Vale	{@st41b}이용권을 사용하여 개봉하기				
UI_20180827_003388	{@st59}Mensajes del Sistema{/}	{@st59}시스템 메시지{/}				
UI_20180827_003389	{@st59}Mensajes de Combate{/}	{@st59}전투 메시지{/}				
UI_20180827_003390	{@st42}{s18}Configuración de Chat	{@st42}{s18}채팅 설정				
UI_20180827_003391	Pantalla	화면				
UI_20180827_003392	Ver alertas de inicio de sesión	접속 알림 표시				
UI_20180827_003393	Configuración de mensajes de combate	전투 메시지 설정				
UI_20180827_003394	Daño recibido	입은 피해				
UI_20180827_003395	Daño infligido	가한 피해				
UI_20180827_003396	Uso de habilidad	스킬 사용				
UI_20180827_003397	Muerte/reaparición	사망/부활				
UI_20180827_003398	Muerte/reaparición de grupo	파티원의 사망/부활				
UI_20180827_003399	Nivel máx. de personaje	최고 캐릭터 레벨				
UI_20180827_003400	{@st59}Solicita los datos de ranura rápida de nuevo.{/}	{@st59}퀵슬롯 정보를 다시 요청합니다.{/}				
UI_20180827_003401	{@st66b18}Recuperar	{@st66b18}완료				
UI_20180827_003402	{@st66b18}Vender	{@st66b18}판매				
UI_20180827_003403	{@st66b18}Comprar	{@st66b18}구매				
UI_20180827_003404	{@st66b}{s18}Categoría	{@st66b}{s18}카테고리				
UI_20180827_003405	{@st66b}{s18}Nombre{/}	{@st66b}{s18}이름{/}				
UI_20180827_003406	{@st66b}{s18}Nivel{/}	{@st66b}{s18}레벨{/}				
UI_20180827_003407	{@st66b}{s18}Precio{/}	{@st66b}{s18}단가{/}				
UI_20180827_003408	{@st66b}{s18}Cantidad{/}	{@st66b}{s18}구매 개수{/}				
UI_20180827_003409	{@st66b}{s18}Cantidad Total{/}	{@st66b}{s18}총 금액{/}				
UI_20180827_003410	{@st66b}{s18}Estadísticas{/}	{@st66b}{s18}능력치{/}				
UI_20180827_003411	{@st66b}{s18}Engarces{/}	{@st66b}{s18}소켓{/}				
UI_20180827_003412	{@st66b}{s18}Potencial{/}	{@st66b}{s18}포텐셜{/}				
UI_20180827_003413	{@st66b}{s18}Cantidad{/}	{@st66b}{s18}금액{/}				
UI_20180827_003414	{@st66b}{s18}Estadísticas de Encantamiento{/}	{@st66b}{s18}인챈트 옵션{/}				
UI_20180827_003415	{@st66b}{s18}Nivel de Tostado{/}	{@st66b}{s18}로스팅 레벨{/}				
UI_20180827_003416	{@st66b}{s18}EXP{/}	{@st66b}{s18}경험치{/}				
UI_20180827_003417	{@st66b}{s18}Cantidad{/}	{@st66b}{s18}구매개수{/}				
UI_20180827_003418	{@st66b}{s18}Materiales{/}	{@st66b}{s18}제작 재료{/}				
UI_20180827_003419	{@st43b}{s18}Detalles{/}	{@st43b}{s18}상세옵션{/}				
UI_20180827_003420	{@st66b}{s18}Cantidad Total{/}	{@st66b}{s18}총금액{/}				
UI_20180827_003421	{@st66b}{s18}Período de Espera{/}	{@st66b}{s18}대기 시간{/}				
UI_20180827_003422	{@st66b}{s18}Estado{/}	{@st66b}{s18}상태{/}				
UI_20180827_003423	¿Recuperar {#002d93}Plata{/}{/} de la venta de {#8e0000}[%s%s] x%s{/}{/}? Total:{#8e0000}%s{/}{/}	{#8e0000}[%s%s]{/}{/}아이템 {#8e0000}[%s개]{/}{/}의{nl}판매금액 {#002d93}%s실버{/}{/}를 수령하겠습니까?				
UI_20180827_003424	{@st41b}Recibir	{@st41b}받기				
UI_20180827_003425	¿Recuperar {#8e0000}[%s%s]{/} {#8e0000}x[%s]{/}?	{#8e0000}[%s%s]{/}아이템 {#8e0000}[%s개]{/} 를 수령하겠습니까?				
UI_20180827_003426	¿Recuperar todos los objetos?	아이템을 모두 수령하겠습니까?				
UI_20180827_003427	{@st41b}Lista de Objetos	{@st41b}수령 목록				
UI_20180827_003428	Por favor registra un objeto.	아이템을 등록해주세요.				
UI_20180827_003429	{@st66d}Registrar Objeto	{@st66d}아이템 등록				
UI_20180827_003430	{@st66b}Precio Máx.{/}	{@st66b}상한가▲{/}				
UI_20180827_003431	{@st66b}Precio Mín.{/}	{@st66b}하한가▼{/}				
UI_20180827_003432	{@st66b}Precio Más Bajo{/}	{@st66b}현재 최저 가격{/}				
UI_20180827_003433	{@st66b}{s14}(%s de Plata por unidad)	{@st66b}{s14}(개당 %s실버)				
UI_20180827_003434	{@st66}Tarifas de registro:	{@st66}등록 수수료:				
UI_20180827_003435	{@st66}Precio total:	{@st66}총 판매 가격:				
UI_20180827_003436	{@st66}Tarifas de mercado:	{@st66}수수료:				
UI_20180827_003437	{@st66}Cantidad final:	{@st66}최종 수령금:				
UI_20180827_003438	{@st66}%s Día(s): %s% del precio del objeto	{@st66}%s일: 판매 가격의 %s% 실버				
UI_20180827_003439	{@st66}{s14}La plata obtenida al vender objetos (excepto Tokens){nl}se puede recuperar del Mercado después de 48 horas.{/}	{@st66}{s14}토큰 아이템을 제외한 판매 아이템의{nl}정산된 실버는 48시간 후 수령할 수 있습니다.{/}				
UI_20180827_003440	{@st66b}{s18}Tarifas{/}	{@st66b}{s18}수수료{/}				
UI_20180827_003441	{@st66b}{s18}Tiempo Restante{/}	{@st66b}{s18}남은 시간{/}				
UI_20180827_003442	{ds}{b}{#ffefd6}30 min: {#fe7e00}100 PUNTOS	{ds}{b}{#ffefd6}30분:{#fe7e00}100 POINT				
UI_20180827_003443	Compras (%s/%s){/}	구매 횟수 (%s/%s){/}				
UI_20180827_003444	{@st42}{s20}Especial %s	{@st42}{s20}PC방 %s				
UI_20180827_003445	{@st66b}Recompensas especiales entregadas a tu inventario.	{@st66b}PC방 접속보상이{nl}인벤토리로 지급됩니다.				
UI_20180827_003446	{@st42b}{s16}Recibir{/}	{@st42b}{s16}받기{/}				
UI_20180827_003447	{@st42b}{s16}Cancelar{/}	{@st42b}{s16}취소{/}				
UI_20180827_003448	{@st42}{s22}Puntos Popo{@st42}	{@st42}{s22}PC방				
UI_20180827_003449	{@st59}Recupera los objetos de nuevo.{/}	{@st59}수령에 실패한 아이템을 다시 수령합니다.{/}				
UI_20180827_003450	{img test_cooltime 25 25}{s18}Los puntos se reiniciarán en %s día(s), %s hora(s), %s minuto(s).{/}	{img test_cooltime 25 25}{s18}포인트 초기화까지 %s일 %s시간 %s분 남았습니다.{/}				
UI_20180827_003451	{@st66b}Principal{/}	{@st66b}메인{/}				
UI_20180827_003452	{@st66b}Tienda de Puntos{/}	{@st66b}포인트 샵{/}				
UI_20180827_003453	{@st66b}Alquiler de Equipo PP{/}	{@st66b}PC방 장비 대여{/}				
UI_20180827_003454	{@st66b}Información{/}	{@st66b}안내{/}				
UI_20180827_003455	{s14}※ Puedes acumular un máximo de 20,000 puntos, que se reinician cada 3 meses (1 de enero, abril, julio y octubre a las 06:00, hora del servidor).	{s14}※최대 20000포인트까지 누적되며, 매 분기(1,4,7,10월 1일 06시)마다 초기화 됩니다.				
UI_20180827_003456	{s14}{@st42}Puntos de hoy: %s	{s14}{@st42}오늘 획득한 포인트: %s				
UI_20180827_003457	Recompensas de Inicio de Sesión	접속 보상				
UI_20180827_003458	{s14}{@st42}Tiempo total de inicio de sesión: %s hr %s min	{s14}{@st42}누적 접속 시간: %s시간 %s분				
UI_20180827_003459	No hay eventos en curso.	진행중인 이벤트가 없습니다				
UI_20180827_003460	{@st66b}   Regular{/}	{@st66b}   일반 상품{/}				
UI_20180827_003461	{@st66b}   Rotacional{/}	{@st66b}   로테이션 상품{/}				
UI_20180827_003462	{@st66b}   Evento{/}	{@st66b}   이벤트 상품{/}				
UI_20180827_003463	Objetos Disponibles	구입가능 목록				
UI_20180827_003464	※ Productos actualizados cada 3 meses (día 1 de enero, abril, julio y octubre).	※매 분기마다(1,4,7,10월 1일) 상품이 갱신됩니다.				
UI_20180827_003465	{@st66b}   Armas{/}	{@st66b}   무기{/}				
UI_20180827_003466	{@st66b}   Armadura{/}	{@st66b}   방어구{/}				
UI_20180827_003467	Objetos para Alquiler	대여가능 목록				
UI_20180827_003468	Términos y Condiciones	약관 안내				
UI_20180827_003469	{s18}Ver temporizador de pantalla principal	{s18}메인화면에서 타이머 표시하기				
UI_20180827_003470	{@st66b}Reverberación ACTIVADA/DESACTIVADA{/}	{@st66b}잔향효과 ON/OFF{/}				
UI_20180827_003471	{@st59}Marca para aplicar reverberación.{/}	{@st59}잔향효과를 적용하려면 체크해 주세요.{/}				
UI_20180827_003472	{@st66b}Activar Ilustraciones Animadas	{@st66b}아이템 움직이는 일러스트 켜기				
UI_20180827_003473	¿Usar objeto?	 아이템을{nl} 사용하시겠습니까?{/}				
UI_20180827_003474	Se eliminará de %s y se aplicará solo a %s.{/}	사용한 %s {nl}인벤토리에서 사라지며 현재 %s에만 적용됩니다.{/}				
UI_20180827_003475	Activar Ilustraciones Animadas	움직이는 일러스트 켜기				
UI_20180827_003476	{@st41b}Comprar{/}	{@st41b}구매{/}				
UI_20180827_003477	Buscar materiales de fabricación.	제작서에 필요한 재료를 검색합니다.				
UI_20180827_003478	{#002d93}Plata{/}{/} de {#8e0000}[%s %s] x%s{/}{/}: {#8e0000}[%s]{/}{/}	{#8e0000}[%s%s]{/}{/}아이템 {#8e0000}[%s개]{/}{/}의{nl}수령금액 {#002d93}%s실버{/}{/}				
UI_20180827_003479	{#8e0000}[%s%s]{/} {#8e0000}x[%s]{/}	{#8e0000}[%s%s]{/} 아이템 {#8e0000}[%s개]{/}				
UI_20180827_003480	1 día, 23 horas	1일23시간				
UI_20180827_003481	No Comerciable	거래불가				
UI_20180827_003482	{@st42b}{s16}Vista Previa{/}	{@st42b}{s16}미리보기{/}				
UI_20181017_003483	{@st43}Probar objetos temáticos	{@st43}테마 상품 입어보기				
UI_20181017_003484	Inserta el equipo al que deseas cambiarle la apariencia.	외형을 변경할 장비를 올려주세요.				
UI_20181017_003485	{@st68}{s16}Lista{/}	{@st68}{s16}목록{/}				
UI_20181017_003486	{@st41b}Eliminar	{@st41b}삭제	ETC_20150317_001649	Eliminar	삭제	
UI_20181017_003487	{@st59}Equipo{/}	{@st59}장비{/}				
UI_20181017_003488	{@st66b}Apariencia{/}	{@st66b}외형{/}				
UI_20181017_003489	{@st59}Apariencia{/}	{@st59}외형{/}				
UI_20181017_003490	{@st59}Tinte de Cabello{/}	{@st59}염색{/}				
UI_20181017_003491	{@st59}Ver Todo{/}	{@st59}모두 보기{/}				
UI_20181017_003492	{@st59}Consumibles{/}	{@st59}소비{/}				
UI_20181017_003493	{@st59}Recetas{/}	{@st59}제작서{/}				
UI_20181017_003494	{@st59}Cartas{/}	{@st59}카드{/}				
UI_20181017_003495	{@st59}Materiales{/}	{@st59}재료{/}				
UI_20181017_003496	{@st59}Gemas{/}	{@st59}젬{/}				
UI_20181017_003497	{@st59}Premium{/}	{@st59}프리미엄{/}				
UI_20181017_003498	{@st59}Opción de filtro de objetos ACTIVADA/DESACTIVADA{/}	{@st59}아이템 필터 옵션 켜기/끄기{/}				
UI_20181017_003499	{@st41b}Etapa %s	{@st41b}%s단계				
UI_20181017_003500	{@st43}Opciones de Inventario{/}	{@st43}인벤토리 옵션{/}				
UI_20181017_003501	{@st43b}{s18}Grado del Equipo{/}	{@st43b}{s18}장비 등급{/}				
UI_20181017_003502	{@st43b}{s18}Tipo de Equipo{/}	{@st43b}{s18}장비 타입{/}				
UI_20181017_003503	{@st43b}{s18}Grupo de Cartas{/}	{@st43b}{s18}카드 그룹{/}				
UI_20181017_003504	{@st43b}{s18}Tipo de Material{/}	{@st43b}{s18}재료 종류{/}				
UI_20181017_003505	{@st43b}{s18}Grupo de Gemas{/}	{@st43b}{s18}젬 그룹{/}				
UI_20181017_003506	{@st66b}Todos los Grados{/}	{@st66b}모든 등급{/}				
UI_20181017_003507	{@st66b}Normal{/}	{@st66b}일반{/}				
UI_20181017_003508	{@st66b}Magia{/}	{@st66b}매직{/}				
UI_20181017_003509	{@st66b}Raro{/}	{@st66b}레어{/}				
UI_20181017_003510	{@st66b}Único{/}	{@st66b}유니크{/}				
UI_20181017_003511	{@st66b}Leyenda{/}	{@st66b}레전드{/}				
UI_20181017_003512	{@st66b}Mostrar solo objetos mejorados/trascendidos{/}	{@st66b}강화, 초월된 장비만 보기{/}				
UI_20181017_003513	{@st66b}Mostrar solo objetos no identificados{/}	{@st66b}미감정 장비만 보기{/}				
UI_20181017_003514	{@st66b}Todas las Cartas{/}	{@st66b}모든 카드{/}				
UI_20181017_003515	{@st66b}Cartas Rojas{/}	{@st66b}레드 카드{/}				
UI_20181017_003516	{@st66b}Cartas Azules{/}	{@st66b}블루 카드{/}				
UI_20181017_003517	{@st66b}Cartas Verdes{/}	{@st66b}그린 카드{/}				
UI_20181017_003518	{@st66b}Cartas Púrpura{/}	{@st66b}퍼플 카드{/}				
UI_20181017_003519	{@st66b}Cartas Leyenda{/}	{@st66b}레전드 카드{/}				
UI_20181017_003520	{@st66b}Otras Cartas{/}	{@st66b}기타 카드{/}				
UI_20181017_003521	{@st66b}Todos los Tipos{/}	{@st66b}모든 종류{/}				
UI_20181017_003522	{@st66b}Misión{/}	{@st66b}퀘스트{/}				
UI_20181017_003523	{@st66b}Otros{/}	{@st66b}기타{/}				
UI_20181017_003524	{@st66b}Colección{/}	{@st66b}컬렉션{/}				
UI_20181017_003525	{@st66b}Para Equipo{/}	{@st66b}장비 성장{/}				
UI_20181017_003526	{@st66b}Minerales{/}	{@st66b}광물{/}				
UI_20181017_003527	{@st66b}Todas las Gemas{/}	{@st66b}모든 젬{/}				
UI_20181017_003528	{@st66b}Gemas Rojas{/}	{@st66b}레드 젬{/}				
UI_20181017_003529	{@st66b}Gemas Azules{/}	{@st66b}블루 젬{/}				
UI_20181017_003530	{@st66b}Gemas Amarillas{/}	{@st66b}옐로우 젬{/}				
UI_20181017_003531	{@st66b}Gemas Verdes{/}	{@st66b}그린 젬{/}				
UI_20181017_003532	{@st66b}Gemas Blancas{/}	{@st66b}화이트 젬{/}				
UI_20181017_003533	{@st66b}Gemas de Monstruo{/}	{@st66b}몬스터 젬{/}				
UI_20181017_003534	Reiniciar	리셋				
UI_20181017_003535	{@st43}Regresar	{@st43}뒤로가기				
UI_20181017_003536	{@st43}Empezar de Nuevo	{@st43}다시하기				
UI_20181017_003537	{@st59}Cerrar opciones de búsqueda{/}	{@st59}검색 옵션 창을 닫습니다{/}				
UI_20181017_003538	Guarda tus opciones de búsqueda de categoría actuales.{nl}Las opciones no especificadas no se guardarán.	현재 카테고리 검색 옵션을 저장합니다.{nl}값을 입력하지 않은 설정들은 저장되지 않습니다.				
UI_20181017_003539	Nombre de Guardado	저장 이름				
UI_20181017_003540	{@st66d}Guardar Opciones	{@st66d}옵션 저장				
UI_20181017_003541	{@st41d}Guardar	{@st41d}저장				
UI_20181017_003542	Importar opciones de categoría.	카테고리 옵션을 불러옵니다.				
UI_20181017_003543	{@st66d}Importar Opciones	{@st66d}옵션 불러오기				
UI_20181017_003544	Límite de Comercio	거래 한도				
UI_20181017_003545	Encantar Joyas	인챈트 쥬얼				
UI_20181017_003546	Estadísticas de Encantamiento	인챈트 옵션 부여				
UI_20181017_003547	{@st41b}{s18}Joyas de Encantamiento Actuales: %s	{@st41b}{s18}현재 인챈트 쥬얼 보유 개수: %s개				
UI_20181017_003548	{@st66}{s18}{b}Consume %s Joya(s) de Encantamiento.	{@st66}{s18}{b}인챈트 쥬얼 %s개가 소비됩니다.				
UI_20181017_003549	{@st59}Establecer Clase Principal{/}	{@st59}대표 클래스 설정{/}				
UI_20181017_003550	{@st59}Caja de Aparejos (Alt + F){/}	{@st59}낚시 살림통 (Alt + F){/}				
UI_20181017_003551	{@st59}Habilidades y Atributos (F3){/}	{@st59}스킬과 특성 (F3){/}				
UI_20181017_003552	Objetos Usados	사용 아이템				
UI_20181017_003553	Título       %s	칭호       %s	UI_20150401_001453	Título: %s	칭호   %s	
UI_20181017_003554	Recompensa       %s	보상       %s	UI_20150401_001454	Recompensa: %s	보상   %s	
UI_20181017_003555	{@sti7}{s26}Encuentra Tu Clase	{@sti7}{s26}클래스 선택 가이드				
UI_20181017_003556	{@st43b}Iniciar	{@st43b}시작				
UI_20181017_003557	{@st43}1º	{@st43}1위				
UI_20181017_003558	{@st43}2º	{@st43}2위				
UI_20181017_003559	{@st43}3º	{@st43}3위				
UI_20181017_003560	Rango de Nivel	레벨 범위				
UI_20181017_003561	Normal	노멀				
UI_20181017_003562	Buscar Objeto	아이템 검색				
UI_20181017_003563	Mostrar solo objetos no identificados	미감정 아이템만 보기				
UI_20181017_003564	Ocultar objetos no identificados	미감정 아이템 제외해서 보기				
UI_20181017_003565	Configuración Avanzada	세부 설정				
UI_20181017_003566	Valor	수치 범위				
UI_20181017_003567	{@st66}{s16}Agregar Estadística	{@st66}{s16}옵션 추가				
UI_20181017_003568	Grupo de Estadísticas	옵션 그룹				
UI_20181017_003569	{@st66}{s16}Guardar	{@st66}{s16}저장				
UI_20181017_003570	Guardar configuración de búsqueda.	검색 설정을 저장합니다.				
UI_20181017_003571	{@st66}{s16}Importar	{@st66}{s16}불러오기				
UI_20181017_003572	Importar configuración de búsqueda.	검색 설정을 불러옵니다.				
UI_20181017_003573	Reiniciar configuración de búsqueda.	검색 설정을 초기화합니다.				
UI_20181017_003574	Nivel del Objeto	아이템 레벨				
UI_20181017_003575	Nivel de Tostado	로스팅 레벨				
UI_20181017_003576	Eliminar Estadística	옵션 삭제				
UI_20181017_003577	Nombre de Guardado de Configuración	설정 저장 이름				
UI_20181017_003578	Eliminar Configuración	설정 삭제				
UI_20181017_003579	Rango de Comercio	거래 등급 안내				
UI_20181017_003580	Nv. de Personaje %s	캐릭터 레벨 %s				
UI_20181017_003581	Equipo con %s+ días de antigüedad	팀 생성 %s일 이상				
UI_20181017_003582	%s Revelaciones obtenidas	계시 %s개 획득				
UI_20190104_003583	{@st66d}Extraer Puntos de Atributo	{@st66d}특성 포인트 추출				
UI_20190104_003584	{@st59s}Consume 100,000 de plata para extraer 1,000 puntos de atributo{nl} a un solo Pergamino de Puntos de Atributo.	{@st59s}100,000실버를 소비하여 특성 포인트 1000당{nl}특성 포인트 스크롤 1개로 추출합니다.				
UI_20190104_003585	Tarifa	수수료				
UI_20190104_003586	%s Plata	%s 실버				
UI_20190104_003587	Pergaminos Extraídos	추출할 특성 포인트 스크롤				
UI_20190104_003588	Cantidad Gastada	소비 실버				
UI_20190104_003589	Puntos Extraídos	추출 특성 포인트				
UI_20190104_003590	Puntos Restantes	잔여 특성 포인트				
UI_20190104_003591	{@st66b}Extraer	{@st66b}추출				
UI_20190104_003592	Efectos de Colección	컬렉션 효과				
UI_20190104_003593	{@st59}Árbol de Explorador{/}	{@st59}스카우트 계열{/}				
UI_20190104_003594	{@st41b}Costo de Identificación{/} %s	{@st41b}감정 비용{/}%s				
UI_20190104_003595	{@st59}Muñeca{/}	{@st59}인형{/}				
UI_20190104_003596	{img silver 20 20}Precio %s	{img silver 20 20}가격 %s				
UI_20190104_003597	{@st44}Lista de Clases{/}	{@st44}클래스 목록{/}				
UI_20190104_003598	{@st43}Info de Clase Actual	{@st43}현재 클래스 정보				
UI_20190104_003599	{@st43}Cambiar Árbol de Clase {img testquesten_button 30 30}	{@st43}클래스 변경 {img testquesten_button 30 30}				
UI_20190104_003600	La cantidad máxima de puntos que se puede ganar se reinicia cada lunes a las 06:00, hora del servidor.{nl}Los puntos se pueden ganar de la siguiente manera:{nl} {nl}- Conectarse al juego: 10 puntos (5 puntos adicionales para jugadores en un gremio y jugadores bajo efectos de Token){nl} - Pesca exitosa: 1 punto por captura{nl}- Misión del Convento Saalus: 15 puntos{nl}- Incursión Leyenda: 20 puntos{nl} (Excepto en la Torre de la Tierra, donde se ganan 5 puntos cada 5 niveles){nl}- Misión de Defensa Cuesta Arriba: 10 puntos{nl}- Incursión Única: 20 puntos{nl}- Mazmorra de Nivel: 10 puntos{nl}- Misión del Puesto de Mercenarios: 10 puntos{nl}- Misión Diaria: 10 puntos	획득 가능한 포인트량은 매주 월요일 6시에 초기화됩니다.{nl}포인트는 아래의 방법으로 획득할 수 있습니다.{nl} {nl}- 접속: 10 포인트 (PC방 접속 중, 길드 가입 중, 토큰 적용 중일 시 각 5 포인트 추가 획득){nl}- 낚시 성공: 1회 당 1 포인트{nl}- 살러스 수녀원 미션: 15 포인트{nl}- 레전드 레이드: 20 포인트{nl}  (단, 대지의 탑은 5층 단위로 5점씩 지급됩니다.){nl}- 업힐 디펜스 미션: 10 포인트{nl}- 유니크 레이드: 20 포인트{nl}- 레벨 던전: 10 포인트{nl}- 의뢰소 미션: 10 포인트{nl}- 일일 퀘스트: 10 포인트				
UI_20190104_003601	{@st42}Puntos Semanales{/} {@st66d_y}(%s/%s){/}	{@st42}주간획득 포인트{/} {@st66d_y}(%s/%s){/}				
UI_20190104_003602	{@st43}Avanzar	{@st43}전직하기				
UI_20190104_003603	{@st66d_y}{#ffa800}Ratio de Crecimiento de Estadística	{@st66d_y}{#ffa800}스탯 성장 비율				
UI_20190104_003604	{@st42}{#FFCC66}FUE	{@st42}{#FFCC66}힘				
UI_20190104_003605	{@st42}{#FFCC66}CON	{@st42}{#FFCC66}체력				
UI_20190104_003606	{@st42}{#FFCC66}INT	{@st42}{#FFCC66}지능				
UI_20190104_003607	{@st42}{#FFCC66}SPR	{@st42}{#FFCC66}정신				
UI_20190104_003608	{@st42}{#FFCC66}DES	{@st42}{#FFCC66}민첩				
UI_20190104_003609	{@st43}Información de Clase{/}	{@st43}클래스 정보{/}				
UI_20190104_003610	Cerrar el modo de cambio de clase.	클래스 변경 모드를 종료합니다.				
UI_20190104_003611	{@st43}Selecciona una clase y haz clic en el botón Avanzar.	{@st43}변경 할 클래스를 선택한 후에 전직하기 버튼을 눌러주세요.				
UI_20190104_003612	{@st66b18}※ El TP u objetos usados para cambios de nombre no se pueden reembolsar.{/}	{@st66b18}※이름 변경에 사용된 TP 또는 아이템은 환불되지 않습니다.{/}				
UI_20190104_003613	{@st59b}Colección {nl}{@st59s}- Compra el Mazo de Colección para agregar objetos coleccionables a tu colección. {nl} - La tecla rápida de colección se habilitará al usar el Objeto de Mazo de Colección. {nl} {/}	{@st59b}컬렉션{nl}{@st59s} - 게임내 컬렉션 덱을 구해 아이템을 수집하면 해당 아이템 수집 가능{nl} - 컬렉션 덱 아이템 사용했을 경우 컬렉션 단축키가 활성화{nl}{/}	UI_20150317_000130	{@st59b}Colección {nl}{@st59s}- Compra el Mazo de Colección para agregar objetos coleccionables a tu colección. {nl} - La tecla rápida de colección se habilitará al usar el Objeto de Mazo de Colección. {nl} {/}	{@st59b}콜렉션{nl}{@st59s} - 게임내 콜렉션 덱을 구해 아이템을 수집하면 해당 아이템 수집 가능{nl} - 콜렉션 덱 아이템 사용했을 경우 콜렉션 단축키가 활성화{nl}{/}	
UI_20190104_003614	{@st59}Cerrar{/}	{@st59}컬렉션 정보를 닫습니다{/}	UI_20150317_000131	{@st59}Cerrar{/}	{@st59}콜렉션 정보를 닫습니다{/}	
UI_20190104_003615	{@st43}Colección{/}	{@st43}컬렉션{/}	UI_20150317_000132	{@st43}Colección{/}	{@st43}콜렉션{/}	
UI_20190104_003616	{@st68b}{s18}Colección{/}	{@st68b}{s18}컬렉션 상태{/}	UI_20170313_002538	{@st68b}{s18}Colección{/}	{@st68b}{s18}콜렉션 상태{/}	
UI_20190104_003617	{@st59}Busca el nombre de una colección o efecto.{/}	{@st59}컬렉션 이름 또는 효과로 검색 합니다.{/}	UI_20170313_002544	{@st59}Busca el nombre de una colección o efecto.{/}	{@st59}콜렉션 이름 또는 효과로 검색 합니다.{/}	
UI_20190104_003618	ⓘ Las listas de recompensas se actualizan 1 hora después de cada sesión.{nl}ⓘ Las recompensas solo pueden ser reclamadas por el maestro de gremio. Los objetos reclamados se envían al almacén del gremio.{nl}ⓘ Las sesiones de prueba beta no ofrecen recompensas.	ⓘ 점령 보상 목록은 콜로니전 종료 후 1시간 뒤에 갱신됩니다.{nl}ⓘ 보상 수령은 길드마스터만 가능하며, 수령된 아이템은 길드 보관함으로 이동됩니다.{nl}ⓘ Beta로 진행되는 길드 콜로니전에서는 점령 보상이 지급되지 않습니다.	UI_20180723_003384	ⓘ Las recompensas de victoria se aplican 1 hora después del final de cada sesión de GTW.{nl}ⓘ Solo el Maestro del Gremio puede recuperar estas recompensas. Los objetos se envían a tu Almacén del Gremio.	ⓘ 점령 보상 목록은 콜로니전 종료 후 1시간 뒤에 갱신됩니다.{nl}ⓘ 보상 수령은 길드마스터만 가능하며, 수령된 아이템은 길드 보관함으로 이동됩니다.	
UI_20190104_003619	{s6} {nl}{/}{@st41d}{img colony_point_pic 24 24}Puntos Actuales{nl}{/}	{s6} {nl}{/}{@st41d}{img colony_point_pic 24 24}포인트 현황{nl}{/}				
UI_20190104_003620	{s6} {nl}{/}{@st41d}{img colony_deploy_pic 24 24}Posiciones{/}	{s6} {nl}{/}{@st41d}{img colony_deploy_pic 24 24}배치 현황{/}				
UI_20190104_003621	Utilidades	유틸형				
UI_20190104_003622	Disuasores	이동 방지형				
UI_20190104_003623	Puntos Actuales	점령 포인트				
UI_20190104_003624	Efectos	적용 효과				
UI_20190104_003625	{@st42}{s20}Beneficios de Victoria	{@st42}{s20}점령 혜택				
UI_20190104_003626	{@st66b}Ajustar Tasa de Impuesto{/}	{@st66b}세율 조정{/}				
UI_20190104_003627	{@st66b}Recaudación de Impuestos{/}	{@st66b}세금 징수{/}				
UI_20190104_003628	Ciudades Objetivo	세율 적용 도시				
UI_20190104_003629	Tasa de Impuesto	세율				
UI_20190104_003630	Día de Pago	지급일				
UI_20190104_003631	Ciudades en Recolección	세금 징수 도시				
UI_20190104_003632	Período de Asignación Restante	남은 분배 기간				
UI_20190104_003633	Impuesto	세금				
UI_20190104_003634	Asignación de Impuestos	세금 분배				
UI_20190104_003635	Recuperar Impuesto	세금 수령				
UI_20190104_003636	Suma Asignada	분배 금액				
UI_20190104_003637	{@st66b}Importante{/}	{@st66b}유의사항{/}				
UI_20190104_003638	{@st66b}Bienes Gravables{/}	{@st66b}세율 적용 항목{/}				
UI_20190104_003639	{@st66b}Registros{/}	{@st66b}세금 상세 이력{/}				
UI_20190104_003640	{@st42}{s20}Asignación de Impuestos	{@st42}{s20}세금 분배				
UI_20190104_003641	Suma Actual	현재 금액				
UI_20190104_003642	Enviando	보낼 금액				
UI_20190104_003643	Fondos Restantes	잔여 금액				
UI_20190104_003644	Equipo: %s	팀명 %s				
UI_20190104_003645	Cantidad	금액				
UI_20190104_003646	{@st42}{s16}Enviar	{@st42}{s16}보내기				
UI_20190104_003647	{@st42}{s20}Recuperar Impuestos	{@st42}{s20}세금 수령				
UI_20190104_003648	Período Restante	남은 수령 기간				
UI_20190104_003649	{@st42}{s20}Lista de Portales	{@st42}{s20}워프 목록				
UI_20190104_003650	Estado Actual	점령 현황				
UI_20190104_003651	{img icon_item_silver 20 20}{@st41b}Continuar {/}{img white_right_arrow 15 18} %s	{img icon_item_silver 20 20}{@st41b}거래 정산 {/}{img white_right_arrow 15 18} %s				
UI_20190104_003652	{@st41b}Objetos Comprados{/} %s	{@st41b}구입 아이템{/} %s				
UI_20190104_003653	{@st41b}Total de vales gastados: {/}	{@st41b}총 소비 교환권 : {/}				
UI_20190104_003654	¿Deseas usar los vales para intercambiarlos por objetos?	교환권을 위 아이템으로 교환하시겠습니까?				
UI_20190104_003655	Puedes agregar objetos al Taller de Alquimia para usar en habilidades.	연금공방에 아이템을 등록하여 스킬을 사용할 수 있습니다.				
UI_20190104_003656	{@st43}Taller de Alquimia	{@st43}연금공방				
UI_20190104_003657	Registra objetos para consumir con la habilidad Combustión.	컴버스천 스킬 사용시 소모될 재료를 등록해주세요.				
UI_20190104_003658	Registra pociones de HP para consumir con la habilidad Rociar Poción de HP.	스프링클 HP 포션 스킬 사용시 소모될 HP 포션을 등록해주세요.				
UI_20190104_003659	Registra pociones de SP para consumir con la habilidad Rociar Poción de SP.	스프링클 SP 포션 스킬 사용시 소모될 SP 포션을 등록해주세요.				
UI_20190104_003660	{@st63}Recibe la recompensa y sal.{/}	{@st63}보상을 획득하고 퇴장합니다.{/}				
UI_20190104_003661	{@st63}Mover al siguiente piso{/}	{@st63}다음층으로 이동{/}				
UI_20190104_003662	{@st66b}{s16}* Los objetos permanecerán comerciables después de ser comerciados{nl}solo si no poseen restricciones de comercio actuales.{/}{/}	{@st66b}{s16}*무제한 거래 가능 상태 이어야만, {nl}거래한 아이템의 속성이 그대로 유지됩니다.{/}{/}	UI_20180115_002980	{@st66b}{s16}*Los objetos permanecen comerciables solo cuando quedan comercios restantes.{/}{/}	{@st66b}{s16}*잔여 거래 가능 횟수가 있어야만, {nl}거래한 아이템의 속성이 그대로 유지됩니다.{/}{/}	
UI_20190104_003663	{s16}{@st66b}*{/}{@st66d_y}Restricciones de Comercio{/}{@st66b} significa que {/} {@st66d_y}todos los objetos comerciados{nl}ya no se pueden comerciar ni transferir mediante el Almacén de Equipo{/}{@st66b}.{/}{/}	{s16}{@st66b}*{/}{@st66d_y}무제한 거래 불가{/}{@st66b} 상태에서는{/} {@st66d_y}거래한 모든 아이템이{nl} 팀 창고 이동 및 거래가 불가능{/}{@st66b}해집니다.{/}{/}	UI_20180115_002981	{s16}{@st66b}*{/}{@st66d_y}Sin Comercios Restantes{/}{@st66b} significa que {/} {@st66d_y}todos los objetos comerciados{nl}ya no se pueden comerciar ni transferir mediante el Almacén de Equipo{/}{@st66b}.{/}{/}	{s16}{@st66b}*{/}{@st66d_y}거래 가능 횟수 0{/}{@st66b} 상태에서는{/} {@st66d_y}거래한 모든 아이템이{nl} 팀 창고 이동 및 거래가 불가능{/}{@st66b}해집니다.{/}{/}	
UI_20190104_003664	{s16}{@st66b}*{/}{@st66d_y}Los Tokens de Evento no eliminan las restricciones de comercio.{nl}{/} {@st66b}Por favor tenlo en cuenta.{/}{/}	{s16}{@st66b}*{/}{@st66d_y}증정용 토큰으로는 무제한 거래 상태가 될 수 없습니다.{nl}{/} {@st66b}거래 시 주의해 주세요.{/}{/}	UI_20180115_002982	{s16}{@st66b}*{/}{@st66d_y}Los Tokens de Evento ofrecen 0 comercios.{nl}{/} {@st66b}Asegúrate de verificar el conteo antes de comerciar.{/}{/}	{s16}{@st66b}*{/}{@st66d_y}증정용 토큰에는 거래 가능 횟수가 없습니다.{nl}{/} {@st66b}거래 시 주의해 주세요.{/}{/}	
UI_20190104_003665	{@st66d}Los objetos de abajo quedarán{nl}  {@st66d_y}vinculados al personaje.{nl}Almacén de Equipo NO, Comercio Personal NO, Mercado NO{/}	{@st66d}아래 아이템은{nl}  {@st66d_y}캐릭터에게 귀속됩니다.{nl}팀 창고 이동, 개인 및 마켓 거래 불가{/}	UI_20180115_002985	{@st66d}Los siguientes objetos se volverán{nl}  {@st66d_y}no comerciables (Comercio NO, Almacén de Equipo NO){/}.{/}	{@st66d}아래 아이템이{nl}  {@st66d_y}팀 창고 이동 및 거래 불가{/} 상태가 됩니다.{/}	
UI_20190104_003666	Intercambiar Artefacto	유물 교환				
UI_20190104_003667	Beneficios de Token	토큰 혜택				
UI_20190104_003668	{s18}Por caducar pronto.	{s18}곧 기간이 만료됩니다.	UI_20170330_002600	{s18}Objetos con Fecha de Caducidad	{s18}기간제 아이템 목록	
UI_20190104_003669	{s18}¿Seguro que quieres cerrar?	{s18}그래도 종료 하시겠습니까?	UI_20170330_002601	Objeto(s) cercanos a la fecha de caducidad. ¿Cerrar?	곧 기간이 만료됩니다. 종료하시겠습니까?	
UI_20190104_003670	{@st66b}Mejorar	{@st66b}업그레이드				
UI_20190104_003671	{@st66b}Almacén Compartido{/}	{@st66b}공용 창고{/}				
UI_20190104_003672	ⓘ Los gremios que defienden un Punto se establecen automáticamente como participantes.{nl}ⓘ Solo el Maestro del Gremio puede cambiar la configuración de participación de un gremio, y una vez establecida  	ⓘ 스팟 점령 길드는 참가로 고정됩니다.{nl}ⓘ 참가 여부 옵션은 길드 마스터만 변경할 수 있으며, 	UI_20170912_002845	ⓘ Los gremios con Puntos tomados participan automáticamente.{nl}ⓘ Después de establecer el estado a  	ⓘ 스팟 점령 길드는 참가로 고정됩니다.{nl}ⓘ 참가 여부 옵션을 	
UI_20190104_003673	, el rol de Maestro del Gremio no podrá transferirse.{nl}ⓘ La configuración de participación solo se puede cambiar hasta 5 minutos antes de que comiencen las Guerras Territoriales, o 1 minuto después de que terminen.{nl}ⓘ Se pueden cambiar independientemente de si tu gremio tiene torre o no.{nl}ⓘ Los miembros de gremio que abandonaron su gremio anterior hace menos de 14 días no pueden participar en la GTW.	로 변경 시 길드 마스터 위임이 불가능합니다.{nl}ⓘ 참가 여부 옵션은 길드 콜로니전 시작 5분 전 부터 종료 1분 후까지 변경할 수 없습니다.{nl}ⓘ 참가 여부 옵션은 길드 타워의 설치 유무와 상관없이 변경할 수 있습니다.{nl}ⓘ 이전 길드 탈퇴일을 기점으로 14일 미만인 길드원은 길드 콜로니전에 참가할 수 없습니다.	UI_20170912_002846	, no puedes transferir la posición de Maestro de Gremio.{nl}ⓘ Solo un Maestro de Gremio Templario puede cambiar el estado de participación.{nl}ⓘ Esta opción solo se puede cambiar hasta 5 minutos antes de que comiencen las Guerras Territoriales, o hasta 1 minuto después de que terminen.{nl}ⓘ El estado de participación se puede cambiar independientemente de si tu gremio tiene torre o no.	로 변경 시, 길드 마스터 위임이 불가능합니다.{nl}ⓘ 참가 여부 옵션은 템플러 클래스를 가진 길드 마스터만 변경할 수 있습니다.{nl}ⓘ 참가 여부 옵션은 길드 콜로니전 시작 5분 전 부터 종료 1분 후까지 변경할 수 없습니다.{nl}ⓘ 참가 여부 옵션은 길드 타워의 설치 유무와 상관없이 변경할 수 있습니다.	
UI_20190104_003674	{@st41b}{s16}Beneficios de Victoria	{@st41b}{s16}점령 혜택	UI_20180723_003385	{@st41b}{s16}Recompensas de Victoria	{@st41b}{s16}점령 보상	
UI_20190104_003675	Impuesto de Ciudad	도시 세율				
UI_20190104_003676	Impuesto de Ciudad {img tip_questionmark 20 20}	징수될 도시 세금{img tip_questionmark 20 20}				
UI_20190104_003677	Impuesto de Mercado {img tip_questionmark 20 20}	징수될 마켓 세금{img tip_questionmark 20 20}				
UI_20190104_003678	ⓘ Los gremios que tomaron un Punto pueden usar el botón de Beneficios de Victoria para ajustar las tasas de impuesto de la ciudad y recaudar impuestos.	ⓘ 점령 길드는 점령 혜택 버튼을 통해 도시의 세율 조정 및 세금 징수가 가능합니다	UI_20180413_003050	ⓘ Por favor consulta nuestro sitio web oficial en treeofsavior.com para más información sobre las recompensas y beneficios de las Guerras Territoriales durante el período de prueba beta.	ⓘ Beta로 진행되는 길드 콜로니전의 점령 혜택은 홈페이지 내 공지사항을 통해 확인 바랍니다.	
UI_20190104_003679	{@st43b}{s18}Objetos{/}	{@st43b}{s18}아이템{/}				
UI_20190104_003680	{@st66b}Millaje del Gremio: %s{/}	{@st66b}길드 마일리지:%s{/}				
UI_20190104_003681	{@st66b}{s18}Recuperar Objetos{/}	{@st66b}{s18}아이템 수령{/}				
UI_20190104_003682	{@st43b}{s18}Registros de Transacciones{/}	{@st43b}{s18}입고/출고 내역{/}				
UI_20190104_003683	{@st66b}Mostrar solo depósitos	{@st66b}입고만 보기				
UI_20190104_003684	{@st66b}Mostrar solo retiros	{@st66b}출고만 보기				
UI_20190104_003685	{@st41d}3 horas       	{@st41d}3시간       				
UI_20190104_003686	{@st41d}10 horas       	{@st41d}10시간       				
UI_20190104_003687	{@st41d}1 día       	{@st41d}1일       				
UI_20190104_003688	{@st41d}3 días       	{@st41d}3일       				
UI_20190104_003689	{@st41d}7 días       	{@st41d}7일       				
UI_20190104_003690	{@st41d}1 mes       	{@st41d}1개월       				
UI_20190104_003691	{@st41d}2 meses       	{@st41d}2개월       				
UI_20190104_003692	{@st41d}3 meses       	{@st41d}3개월       				
UI_20190104_003693	ⓘ Cada depósito/retiro equivale a 20 de millaje.{nl}ⓘ El millaje se acumula cuando los miembros del gremio inician sesión, y al participar en misiones de gremio y Guerras Territoriales.	ⓘ 입고/출고 시 마일리지 20 차감 됩니다. {nl}ⓘ마일리지는 길드원 로그인, 길드 퀘스트, 콜로니전 참여를 통해서 적립됩니다.				
UI_20190104_003694	Consultar miembros en línea con autoridad para aceptar solicitudes	가입 승인 직급이 있는 접속한 길드원 표시				
UI_20190104_003695	Mostrar solo gremios reclutando	가입 가능한 길드만 보기				
UI_20190104_003696	Omitir animación de cubo	큐브 애니메이션 스킵				
UI_20190104_003697	{@st43}{s20}Uso de Equipo{/}	{@st43}{s20}팀 이용 현황{/}				
UI_20190104_003698	Ranking	랭킹 정보				
UI_20190104_003699	{@st43}Noticias{/}	{@st43}뉴스{/}	UI_20170726_002688	{@st43}NOTICIAS{/}	{@st43}이벤트 안내{/}	
UI_20190104_003700	{@st59}Sellos{/}	{@st59}인장{/}				
UI_20190104_003701	{@st41b}Costo de Desmantelamiento{/}%s	{@st41b}분해 비용{/}%s				
UI_20190104_003702	{@st66d_y}Inserta una Piedra de Despertar.{/}	{@st66d_y}각성석을 추가해주세요.{/}				
UI_20190104_003703	Nombre del Objeto Piedra de Despertar	각성석 아이템 이름				
UI_20190104_003704	{@st66b}* Reidentificar un objeto mantiene el número de estadísticas y los grupos (colores) a los que pertenecen. Solo pueden cambiar las estadísticas particulares y sus valores.{/}	{@st66b}* 재감정시 옵션 그룹(색상)과 옵션 개수는 유지되며, {nl}세부 옵션과 옵션 수치만 변경됩니다.{/}				
UI_20190104_003705	{@st43}Mejorar Sello	{@st43}인장 강화				
UI_20190104_003706	{@st66d_y}{b}Sello Principal	{@st66d_y}{b}주 옵션 인장				
UI_20190104_003707	{@st43b}{s18}{b}Material	{@st43b}{s18}{b}재료 인장				
UI_20190104_003708	Nombre del Objeto	주 옵션 인장 아이템의 이름				
UI_20190104_003709	{@st68b}{b}Probabilidad Base: %s%	{@st68b}{b}기본 확률: %s%				
UI_20190104_003710	{@st66d_y}Amplificación de Piedra Mágica + %s%	{@st66d_y}마정석 증폭 + %s%				
UI_20190104_003711	{@st43}{s20}%s% de Probabilidad de Éxito	{@st43}{s20}성공률 %s%				
UI_20190104_003712	{@st42}Mejora	{@st42}강화				
UI_20190104_003713	{@st42}Piedra Mágica	{@st42}마정석				
UI_20190104_003714	{img silver_pic 24 24} Precio {img white_right_arrow 16 16} %s	{img silver_pic 24 24} 가격 {img white_right_arrow 16 16} %s				
UI_20190104_003715	El objeto ha sido destruido.	아이템이 파괴 되었습니다.				
UI_20190104_003716	{@st42}OK	{@st42}확인				
UI_20190104_003717	Costo de Engarce Extra %s : {#000000}%s{/} {nl}Costo de Extracción de Gema %s : {#000000}%s{/}	소켓 추가 비용 %s : {#000000}%s{/} {nl}젬 추출 비용 %s : {#000000}%s{/}	UI_20150714_001575	Costo de Engarce Adicional : {#000000}%s{/} {nl}Costo de Extracción de Gema : {#000000}%s{/}	소켓 추가 비용 : {#000000}%s{/} {nl}젬 추출 비용 : {#000000}%s{/}	
UI_20190104_003718	{@st59}Cerrar el mapa.{/}	{@st59}지도를 닫습니다{/}				
UI_20190104_003719	%s{@st42}{s14}{#ffff00}Cancelar (Tecla de Salto){/}	%s{@st42}{s14}{#ffff00}취소(점프 키){/}				
UI_20190104_003720	{@st41b}Colección{/}	{@st41b}컬렉션{/}	UI_20170313_002554	{@st41b}Colección{/}	{@st41b}콜렉션{/}	
UI_20190104_003721	{s20}¿Cambiar árboles de clase?{/}	{s20}계열 변경을 하시겠습니까?{/}				
UI_20190104_003722	* Tras el cambio de árbol de clase, recibirás puntos de atributo{nl}equivalentes al nivel de tus atributos previo al cambio.	* 계열 변경 전 올린 특성의 레벨은{nl}계열 변경 후 특성 포인트를 돌려드립니다.				
UI_20190104_003723	* Las Cartas de EXP de Clase equivalentes al último Nivel de Clase{nl}que alcanzaste se enviarán a tu inventario.	* 마지막 달성한 클래스 레벨을 확인해 그에 해당하는 {nl} 클래스 경험치 카드를 인벤토리로 지급합니다.				
UI_20190104_003724	* Volverás al cuartel tras cambiar de árbol de clase.	* 계열 변경 후엔 캐릭터 선택창으로 돌아갑니다.				
UI_20190104_003725	* No puedes cambiar de árbol de clase{nl}si tienes Cartas de Recuperación de EXP sin usar en tu inventario.	* 사용하지 않은 클래스 경험치 복구카드가 {nl} 있을 경우 계열 변경을 할 수 없습니다.				
UI_20190104_003726	¿Seguro que quieres cambiar a la clase seleccionada?{/}	선택하신 클래스를 변경하시겠습니까?{/}				
UI_20190104_003727	Tu clase cambiará a la clase recién seleccionada{nl}y se consumirán {@st66d_y}Puntos de Cambio de Clase.{/}{/}	해당 클래스의 전직을 취소하고 선택한 클래스로 변경되며{nl}{@st66d_y}클래스 변경 포인트가 소모됩니다.{/}{/}				
UI_20190104_003728	* Las habilidades y atributos de las clases eliminadas{nl}se devolverán como puntos.	* 변경으로 인해 삭제 되는 클래스는 스킬과{nl}특성을 초기화 후 포인트로 반환됩니다.				
UI_20190104_003729	* Cambiar de clase eliminará los trajes de clase{nl}de las clases a las que habías avanzado previamente.	* 클래스 변경을 진행하면 기존에 전직했던{nl} 클래스의 코스튬이 제거됩니다.				
UI_20190104_003730	* Volverás a tu Refugio tras confirmar.	* 변경 후에는 캐릭터 선택창으로 돌아갑니다.				
UI_20190104_003731	* Los atributos comunes también se reiniciarán,{nl}y se devolverán los puntos de atributo.	* 변경 시 공용 특성도 초기화 되며,{nl}이때 투자한 특성 포인트는 반환됩니다.				
UI_20190104_003732	{@st41b}Costo de Reparación{/} %s	{@st41b}수리 비용{/} %s				
UI_20190104_003733	{@st66b}%sResucitar con un Cristal Misterioso%s{/}	{@st66b}%s신비한 크리스탈로 부활하기%s{/}				
UI_20190104_003734	{@st42}{s20}Habilidades y Atributos	{@st42}{s20}스킬과 특성				
UI_20190104_003735	{@st43}Fabricar Pergamino	{@st43}주문서 제작	UI_20161005_002365	{@st43}Fabricar Libro de Hechizos	{@st43}스펠북 제작	
UI_20190104_003736	{s18}¿Seguro que quieres usar %s?{/}	{s18}%s 아이템을 사용하시겠습니까?{/}				
UI_20190104_003737	Este objeto desaparecerá de tu inventario{nl}y %s se reiniciará.{/}	사용한 아이템은 인벤토리에서 사라지며{nl}%s가 초기화 됩니다.{/}				
UI_20190104_003738	{@st66b}Ranking General 	{@st66b}통합 랭킹 				
UI_20190104_003739	{@st59}Mostrar ranking general{/}	{@st59}초기화되지 않는 통합 랭킹을 보여줍니다{/}				
UI_20190104_003740	{@st66b}Los 3 mejores jugadores del ranking por árbol de clase reciben un{nl}{#003997} "Quemador de Incienso Dimensional"{/}por el ranking de la semana anterior. Todos los jugadores que participaron durante la semana reciben un conjunto de{nl}{#003997} "Pociones Dimensionales"{/}{nl}según su puntuación.{nl} {nl}{s13}La semana comienza cada lunes a las 06:00 (hora del servidor).{nl} {nl}{s13}{#8e0000}Los jugadores que llegan al top 3 de más de un árbol de clase reciben solo las recompensas correspondientes a su ranking más alto.{nl} {nl}Cuando un jugador es excluido de un ranking de árbol de clase por entradas múltiples, el jugador siguiente ocupa su lugar en ese ranking.	{@st66b}직업군별 랭킹 TOP 3 구원자분들에게는{nl}{#003997} "차원의 향로"{/}아이템을 전 시즌 랭킹 보상으로 지급하며 시즌에 참여한 구원자 분들께는 자신의 기록에 비례한 수량의{nl}{#003997} "차원의 포션"{/}{nl}을 보상으로 지급합니다.{nl} {nl}{s13}시즌은 매주 월요일 06시에 초기화 됩니다{nl} {nl}{s13}{#8e0000}각 직업군 TOP3 순위에 오른 구원자분이 다른 직업군 TOP3 순위에도 오른 경우 가장 높은 순위의 보상 1회만 받게 됩니다.{nl} {nl}위와 같은 상황에서 제외된 구원자분을 대신하여 해당 직업군의 다음 순위의 구원자분이 랭킹 보상을 지급받게 됩니다.	UI_20180629_003303	{@st66b}Los 10 mejores jugadores del ranking reciben un{nl}{#003997}"Quemador de Incienso Dimensional"{/} por el ranking de la semana anterior.{nl}Los jugadores que participaron durante la semana reciben un conjunto de{nl}{#003997}"Pociones Dimensionales"{/} según su puntuación.{nl} {nl}{s13}La semana comienza cada lunes a las 06:00 (hora del servidor).	{@st66b}랭킹 TOP 10 구원자분들에게는{nl}{#003997} "차원의 향로"{/}아이템을 전 시즌 랭킹 보상으로 지급하며 시즌에 참여한 구원자 분들께는 자신의 기록에 비례한 수량의{nl}{#003997} "차원의 포션"{/}{nl}을 보상으로 지급합니다.{nl} {nl}{s13}시즌은 매주 월요일 06시에 초기화 됩니다	
UI_20190104_003741	{@st66b}Explorador	{@st66b}스카우트				
UI_20190104_003742	{@st66b}{s16}Explorador	{@st66b}{s16}스카우트				
UI_20190104_003743	{@st59b}Mi Información{nl}{@st59s}- Estadísticas: Subir de nivel mejora tus 5 estadísticas básicas. {nl}- Información: Esta es información sobre tu personaje basada en tus estadísticas y equipo actuales. {nl}- Título: Los títulos se pueden obtener logrando logros. {nl} {/}	{@st59b}내 정보{nl}{@st59s} - 스테이터스 : 레벨업으로 증가하는 5가지 능력{nl} - 정보 : 아이템 및 스테이터스 능력치에 따른 캐릭터 능력치 정보{nl} - 칭호 : 업적을 완료했을때 습득가능한 칭호{nl}{/}	UI_20150317_000709	{@st59b}Mi Información{nl}{@st59s}- Estado : Usa los puntos que ganaste al subir de nivel para mejorar los 5 atributos de estado. {nl}- Información : Esta es información sobre tu personaje basada en tu estado y equipo actuales. {nl}- Título : Los títulos se pueden obtener logrando logros. {nl} {/}	{@st59b}내 정보{nl}{@st59s} - 스테이터스 : 레벨업으로 얻은 포인트를 사용해서 5가지 능력 강화{nl} - 정보 : 아이템 및 스테이터스 능력치에 따른 캐릭터 능력치 정보{nl} - 칭호 : 업적을 완료했을때 습득가능한 칭호{nl}{/}	
UI_20190104_003744	{@st66b}Comparar Equipo{/}	{@st66b}장비 비교하기{/}				
UI_20190104_003745	{@st66b}Mostrar nombres de gremio y equipo en GTW{/}	{@st66b}콜로니전 길드 이름, 팀 이름 보기{/}				
UI_20190104_003746	{@st66b}Mostrar trajes de efecto en GTW{/}	{@st66b}콜로니전 이펙트 코스튬 효과 켜기{/}				
UI_20190104_003747	{@st68b}{@st43b}{s18}{img clock_3 25 25}Tiempo Restante: %s{/}{/}	{@st68b}{@st43b}{s18}{img clock_3 25 25}남은 상점이용시간 : %s{/}{/}				
UI_20190104_003748	99 Días 99 Horas 99 Minutos	99일 99시간 99분				
UI_20190104_003749	  Vales de Intercambio disponibles{/}	  보유중인 교환권{/}				
UI_20190104_003750	  Vales de Intercambio Restantes{/}	  잔여 교환권{/}				
UI_20190104_003751	Vale de Intercambio a usar	장바구니 교환권				
UI_20190104_003752	{@st66b}Intercambio de Trajes{/}	{@st66b}계열 코스튬 교환{/}				
UI_20190104_003753	{@st66b}Tienda de Jugador Novato{/}	{@st66b}신규유저 전용상점{/}				
UI_20190104_003754	{@st66b}Tienda de Jugador que Regresa{/}	{@st66b}복귀유저 전용상점{/}				
UI_20190104_003755	Intercambia tus Vales de Intercambio{nl}por un traje	보유 중인 교환권을 {nl}코스튬으로 교환				
UI_20190104_003756	{@st66}Usar para aplicar la Etapa de Trascendencia %s.{/}	{@st66}사용 시 %s초월로 변경됩니다.{/}				
UI_20190104_003757	{@st41}Horizontal (%s){/}	{@st41}가로 (%s){/}				
UI_20190104_003758	{@st41}Vertical (%s){/}	{@st41}세로 (%s){/}				
UI_20190104_003759	{@st41}Acercar/Alejar Zoom (%s){/}	{@st41}확대/축소 (%s){/}				
UI_20190104_003760	{@st41}Cámara Horizontal (%s){/}	{@st41}카메라 가로 (%s){/}				
UI_20190104_003761	{@st41}Cámara Vertical (%s){/}	{@st41}카메라 세로 (%s){/}				
UI_20190104_003762	{s16}Ver información del objeto	{s16}아이템 툴팁 보기				
UI_20190104_003763	{b}Estadísticas Especializadas	{b}특화 능력치				
UI_20190104_003764	{@st66d}Falsificación	{@st66d}모조품				
UI_20190104_003765	{#00fec5}{ol}Cambio de Árbol de Clase (disponible por 30 días){/}	{#00fec5}{ol}계열 변경 가능(1월 24일까지){/}				
UI_20190104_003766	SIN Despertar	각성 불가				
UI_20190104_003767	{@st42}{s16} Vale de Intercambio {/}{/}{img icon_item_exchange_costumeCoupon 32 32}{/}	{@st42}{s16}  소모 교환권 {/}{img icon_item_exchange_costumeCoupon 32 32}{/}				
UI_20190104_003768	Vale Gastado	소비 교환권				
UI_20190104_003769	Mostrar objetos en venta.	판매 목록에 포함시킵니다.				
UI_20190104_003770	Vender	판매하기				
UI_20190104_003771	{img white_right_arrow 24 24}{@st66d_y} Costo Total{/} %s	{img white_right_arrow 24 24}{@st66d_y} 총 강화 소비 비용{/} %s				
UI_20190104_003772	{@41b}Completado	{@41b}달성도				
UI_20190104_003773	{@st59}Registra el objeto en la colección.{/}	{@st59}컬렉션 아이템을 등록합니다.{/}	UI_20170313_002565	{@st59}Registra el objeto en la colección.{/}	{@st59}콜렉션 아이템을 등록합니다.{/}	
UI_20190104_003774	Área de Punto	점령지역이름				
UI_20190104_003775	Ciudad	도시이름				
UI_20190104_003776	{@sti7}{s30}{ds}Encuentra Tu Clase	{@sti7}{s30}{ds}클래스 선택 가이드				
UI_20190104_003777	{@st66d_y}¿Quieres saber qué clase es la ideal para ti?{/}{nl}                                                                         ¡Haz la prueba y descubre qué clases{nl}se adaptan mejor a tu estilo de juego!	{@st66d_y}어떤 직업을 골라야할지 고민된다면?{/}{nl}                                                                         적성검사를통해 내 플레이타입에{nl}맞는 직업 순위를 알아보세요!				
UI_20190104_003778	{@st41b}{s16}Mover	{@st41b}{s16}이동				
UI_20190104_003779	{s16}{b}{ol}{ds}Detalles >>	{s16}{b}{ol}{ds}자세히 보기>>				
UI_20190104_003780	Nombre de la Clase	직업 이름				
UI_20190104_003781	Cambia la clase seleccionada.	해당 클래스를 변경합니다.				
UI_20190104_003782	Puedes cambiar a una clase requerida para una de tus clases actuales.	특정 클래스의 선행 직업인 경우 변경할 수 없습니다.				
UI_20190104_003783	Nombre del Miembro del Grupo	파티원이름이에요				
UI_20190104_003784	{@st43b}{s18}Skills	{@st43b}{s18}스킬				
UI_20190104_003785	Puntos de Habilidad:        %s/%s	스킬 포인트:        %s/%s				
UI_20190104_003786	Atributos Relacionados	연결 특성				
UI_20190104_003787	{@st43b}{s18}Atributos	{@st43b}{s18}특성				
UI_20190104_003788	{@st41d}Cancelar	{@st41d}취소				
UI_20190104_003789	Puntos de Atributo	특성 포인트				
UI_20190104_003790	Extraer Puntos de Atributo	특성 포인트 추출				
UI_20190104_003791	{@st66}Extraer	{@st66}추출				
UI_20190104_003792	Comprar Puntos de Atributo	특성 포인트 구매				
UI_20190104_003793	{@st66}Comprar	{@st66}구매				
UI_20190104_003794	{@st42}{s16}Aplicar	{@st42}{s16}적용				
UI_20190104_003795	{@st42}{s16}Asignar	{@st42}{s16}분배				
UI_20190104_003796	{@st41d}Recibir	{@st41d}받기				
UI_20190104_003797	{@st41b}{s16}Sí	{@st41b}{s16}예				
UI_20190104_003798	{@st41b}{s16}No	{@st41b}{s16}아니오				
UI_20190104_003799	Tiempo de Token Restante: {#FF0000}%s{/}	남은 토큰 시간 : {#FF0000}%s{/}				
UI_20190112_003800	{@st66}{s16}Extraer	{@st66}{s16}추출				
UI_20190112_003801	{@st66}{s16}Comprar	{@st66}{s16}구매				
UI_20190201_003802	{@st66b}Ajustar Tasas de Tarifa{/}	{@st66b}적립요율 조정{/}	UI_20190104_003626	{@st66b}Ajustar Tasa de Impuesto{/}	{@st66b}세율 조정{/}	
UI_20190201_003803	{@st66b}Distribución de Fondos{/}	{@st66b}적립금 분배{/}	UI_20190104_003627	{@st66b}Recaudación de Impuestos{/}	{@st66b}세금 징수{/}	
UI_20190201_003804	Ciudad Aplicable	적립요율 적용 도시	UI_20190104_003628	Ciudades Objetivo	세율 적용 도시	
UI_20190201_003805	Tasa de Tarifa	적립요율	UI_20190104_003629	Tasa de Impuesto	세율	
UI_20190201_003806	Ciudad en Recolección	적립금 누적 도시	UI_20190104_003631	Ciudades en Recolección	세금 징수 도시	
UI_20190201_003807	Fondos de Tarifa	적립금	UI_20190104_003633	Impuesto	세금	
UI_20190201_003808	Distribución de Fondos	적립금 분배				
UI_20190201_003809	Recuperar Fondos	적립금 수령				
UI_20190201_003810	{@st66b}Objetos Aplicables{/}	{@st66b}적립요율 적용 항목{/}	UI_20190104_003638	{@st66b}Bienes Gravables{/}	{@st66b}세율 적용 항목{/}	
UI_20190201_003811	{@st66b}Registros de Fondos{/}	{@st66b}적립금 상세 이력{/}	UI_20190104_003639	{@st66b}Registros{/}	{@st66b}세금 상세 이력{/}	
UI_20190201_003812	{@st42}{s20}Distribución de Fondos	{@st42}{s20}적립금 분배				
UI_20190201_003813	{@st42}{s20}Recuperar Fondos	{@st42}{s20}적립금 수령	UI_20190104_003647	{@st42}{s20}Recuperar Impuestos	{@st42}{s20}세금 수령	
UI_20190201_003814	Tasa de Tarifa de Ciudad	도시 적립요율	UI_20190104_003675	Impuesto de Ciudad	도시 세율	
UI_20190201_003815	Fondos de Tarifa de Ciudad{img tip_questionmark 20 20}	도시 적립금{img tip_questionmark 20 20}	UI_20190104_003676	Impuesto de Ciudad {img tip_questionmark 20 20}	징수될 도시 세금{img tip_questionmark 20 20}	
UI_20190201_003816	Fondos de Tarifa de Mercado{img tip_questionmark 20 20}	마켓 적립금{img tip_questionmark 20 20}	UI_20190104_003677	Impuesto de Mercado {img tip_questionmark 20 20}	징수될 마켓 세금{img tip_questionmark 20 20}	
UI_20190201_003817	ⓘ Los gremios que toman un Área de Punto pueden acceder a la página de beneficios para ajustar las tasas de tarifa de la ciudad y recuperar los fondos de tarifa.	ⓘ 점령 길드는 점령 혜택 버튼을 통해 도시의 적립요율 조정 및 적립금 수령이 가능합니다	UI_20190104_003678	ⓘ Los gremios que tomaron un Punto pueden usar el botón de Beneficios de Victoria para ajustar las tasas de impuesto de la ciudad y recaudar impuestos.	ⓘ 점령 길드는 점령 혜택 버튼을 통해 도시의 세율 조정 및 세금 징수가 가능합니다	
UI_20190223_003818	* Las recompensas de asistencia solo se pueden recibir una vez al día y se envían automáticamente al inventario del primer personaje con el que inicies sesión.{nl}* Las recompensas solo se pueden recibir durante el período del evento y ya no se enviarán cuando este finalice.{nl}	* 출석 보상은 1일 1회, 당일 첫 접속한 캐릭터 인벤토리로 자동 지급됩니다.{nl}* 출석 체크 기간 동안에만 출석 보상을 받을 수 있으며, 기간 경과 시 더 이상 지급되지 않습니다.{nl}	UI_20171128_002927	* Las recompensas diarias de asistencia se envían automáticamente una vez al día al inventario del primer personaje que accede al juego.{nl}* Pergamino de Encantamiento (14 Días).{nl}* Las recompensas solo se pueden recibir durante el período de control de asistencia. Después de este período, no se enviarán más recompensas.{nl}	* 출석 보상은 1일 1회, 당일 첫 접속한 캐릭터 인벤토리로 자동 지급됩니다.{nl}* 마법 부여 스크롤(14일)을 제외한 모든 아이템은 팀 창고로 이동할 수 있습니다.{nl}* 출석 체크 기간 동안에만 출석 보상을 받을 수 있으며, 기간 경과 시 더 이상 지급되지 않습니다.{nl}	
UI_20190223_003819	{@st59}Eliminar el campamento{/}	{@st59}캠프를 해제합니다{/}				
UI_20190223_003820	{@st59}Cerrar UI de apariencia de equipo.{/}	{@st59}장비 외형 초기화 UI를 닫습니다{/}				
UI_20190223_003821	{@st43}Reiniciar Apariencia de Equipo{/}	{@st43}장비 외형 초기화{/}				
UI_20190223_003822	{@st43b}{s22}Antes{/}	{@st43b}{s22}변경 전{/}				
UI_20190223_003823	{@st66d_y}{s22}Después{/}	{@st66d_y}{s22}변경 후{/}				
UI_20190223_003824	{@st43b}{s18}Reiniciar{/}{/}	{@st43b}{s18}초기화 하기{/}{/}				
UI_20190223_003825	{@st41}Partes de Cadáver requeridas: %s	{@st41}필요 사체 파편 : %s개	UI_20160323_002156	{@st41}Fragmentos Requeridos : %s	{@st41}필요 파편 : %s개	
UI_20190223_003826	Número de Partes de Cadáver	사체 파편의 개수	UI_20151224_001929	Número de Fragmentos	파편의 개수	
UI_20190223_003827	{@st66b}Mostrar Núm. de Partes de Cadáver{/}	{@st66b}메인 화면에 사체 파편의 개수 표시하기{/}	UI_20170726_002693	{@st66b}Mostrar Núm. de Fragmentos{/}	{@st66b}메인 화면에 파편의 개수 표시하기{/}	
UI_20190223_003828	{@st42}Número de Partes de Cadáver{/}	{@st42}사체 파편 개수{/}	UI_20170726_002694	{@st42}Fragmentos del Necronomicón{/}	{@st42}네크로노미콘 파편의 개수{/}	
UI_20190223_003829	{@st59}Colección (F11){/}	{@st59}컬렉션 (F11){/}				
UI_20190223_003830	{@st66b}Ver HP de Invocación del Grupo{/}	{@st66b}파티원 소환물 체력 보기{/}				
UI_20190223_003831	Botón	버튼				
UI_20190409_003832	{@st66b}Consume %s x1.{/}	{@st66b}%s 1개가 소비됩니다.{/}				
UI_20190419_003833	Kit de Transmutación	연성 키트				
UI_20190419_003834	Transmutación de Ichor	아이커 연성				
UI_20190419_003835	Transmutar	연성				
UI_20190419_003836	{@st43b}{s18}Tasa de Éxito de Transmutación: %s%	{@st43b}{s18}연성 성공 확률 : %s%				
UI_20190419_003837	{@st43b}{s18}Estadísticas de Ichor	{@st43b}{s18}아이커 옵션				
UI_20190419_003838	{s14}※ Puedes acumular un máximo de 20,000 puntos, que se reinician cada 3 meses (1 de enero, abril, julio y octubre a las 00:00, hora del servidor).	{s14}※최대 20000포인트까지 누적되며, 매 분기(1,4,7,10월 1일 00시)마다 초기화 됩니다.	UI_20180827_003455	{s14}※ Puedes acumular un máximo de 20,000 puntos, que se reinician cada 3 meses (1 de enero, abril, julio y octubre a las 06:00, hora del servidor).	{s14}※최대 20000포인트까지 누적되며, 매 분기(1,4,7,10월 1일 06시)마다 초기화 됩니다.	
UI_20190419_003839	{@st66d}Regresar a la Ciudad{/}	{@st66d}마을로 돌아가기{/}				
UI_20190419_003840	{@st43}{s26}Insignias Adquiridas: %s	{@st43}{s26}습득 증표 : %s 개 획득				
UI_20190419_003841	{@st66d_y}{s22}Bono de Ranking + %s Insignias	{@st66d_y}{s22}랭킹 보너스 증표 + %s				
UI_20190419_003842	{@st66b}Ranking{/}	{@st66b}순위{/}				
UI_20190419_003843	{@st66b}Nombre del Equipo{/}	{@st66b}팀명{/}				
UI_20190419_003844	{@st66b}Puntos{/}	{@st66b}점수{/}				
UI_20190419_003845	{@st66b}Regresando a la Meseta de Vedas. (30 segundos){/}	{@st66b}잠시 후 베다 고원으로 귀환됩니다. (30초){/}				
UI_20190419_003846	Este objeto desaparecerá de tu inventario y{nl}%s se reiniciará.%s{/}	사용한 아이템은 인벤토리에서 사라지며{nl}%s가 초기화 됩니다.%s{/}	UI_20190104_003737	Este objeto desaparecerá de tu inventario{nl}y %s se reiniciará.{/}	사용한 아이템은 인벤토리에서 사라지며{nl}%s가 초기화 됩니다.{/}	
UI_20190419_003847	{@st66b}Los 3 mejores jugadores del ranking por árbol de clase reciben un{nl}{#003997}"Quemador de Incienso Dimensional"{/} por el ranking de la semana anterior.{nl}Los jugadores que participaron durante la semana reciben un conjunto de{nl}{#003997}"Monedas de Remanentes de Bernice"{/} según su puntuación.{nl} {nl}{s13}La semana comienza cada lunes a las 06:00 (hora del servidor).{nl} {nl}{s13}{#8e0000}Los jugadores en el top 3 de varios árboles de clase reciben solo las recompensas correspondientes a su puntuación más alta.{nl} {nl}Si eso sucede, el siguiente jugador en la fila del árbol de clase correspondiente asciende al top 3 y recibe las recompensas.	{@st66b}직업군별 랭킹 TOP 3 구원자분들에게는{nl}{#003997} "차원의 향로"{/}아이템을 전 시즌 랭킹 보상으로 지급하며 시즌에 참여한 구원자 분들께는 자신의 기록에 비례한 수량의{nl}{#003997} "베르니케 파편 주화"{/}{nl}을 보상으로 지급합니다.{nl} {nl}{s13}시즌은 매주 월요일 06시에 초기화 됩니다{nl} {nl}{s13}{#8e0000}각 직업군 TOP3 순위에 오른 구원자분이 다른 직업군 TOP3 순위에도 오른 경우 가장 높은 순위의 보상 1회만 받게 됩니다.{nl} {nl}위와 같은 상황에서 제외된 구원자분을 대신하여 해당 직업군의 다음 순위의 구원자분이 랭킹 보상을 지급받게 됩니다.	UI_20190104_003740	{@st66b}Los 3 mejores jugadores del ranking por árbol de clase reciben un{nl}{#003997} "Quemador de Incienso Dimensional"{/}por el ranking de la semana anterior. Todos los jugadores que participaron durante la semana reciben un conjunto de{nl}{#003997} "Pociones Dimensionales"{/}{nl}según su puntuación.{nl} {nl}{s13}La semana comienza cada lunes a las 06:00 (hora del servidor).{nl} {nl}{s13}{#8e0000}Los jugadores que llegan al top 3 de más de un árbol de clase reciben solo las recompensas correspondientes a su ranking más alto.{nl} {nl}Cuando un jugador es excluido de un ranking de árbol de clase por entradas múltiples, el jugador siguiente ocupa su lugar en ese ranking.	{@st66b}직업군별 랭킹 TOP 3 구원자분들에게는{nl}{#003997} "차원의 향로"{/}아이템을 전 시즌 랭킹 보상으로 지급하며 시즌에 참여한 구원자 분들께는 자신의 기록에 비례한 수량의{nl}{#003997} "차원의 포션"{/}{nl}을 보상으로 지급합니다.{nl} {nl}{s13}시즌은 매주 월요일 06시에 초기화 됩니다{nl} {nl}{s13}{#8e0000}각 직업군 TOP3 순위에 오른 구원자분이 다른 직업군 TOP3 순위에도 오른 경우 가장 높은 순위의 보상 1회만 받게 됩니다.{nl} {nl}위와 같은 상황에서 제외된 구원자분을 대신하여 해당 직업군의 다음 순위의 구원자분이 랭킹 보상을 지급받게 됩니다.	
UI_20190419_003848	{@st66b}Objetivo Automático de Habilidad{/}	{@st66b}스킬 위치 지정 타겟팅{/}				
UI_20190611_003849	{@st43}{s22}Ver Ubicación{/}	{@st43}{s22}위치 보기{/}				
UI_20190611_003850	{@st59}Cerrar Ubicación{/}	{@st59}위치 보기 창을 닫습니다{/}				
UI_20190611_003851	{img NOTICE_Dm_! 30 30}{@st43}{s16}Limitación de Habilidad{/}	{img NOTICE_Dm_! 30 30}{@st43}{s16}스킬 제한{/}				
UI_20190611_003852	{@st59}Inserta el Abrasivo{/}	{@st59}연마재를 올려주세요{/}				
UI_20190611_003853	{@st66d_y}Inserta el Abrasivo de Despertar.{/}	{@st66d_y}각성 연마재를 추가해주세요.{/}				
UI_20190611_003854	Nombre del Objeto Abrasivo de Despertar	각성 연마재 아이템 이름				
UI_20190611_003855	Desequipar Ichor	아이커 장착 해제				
UI_20190611_003856	Desequipar	장착 해제				
UI_20190611_003857	{@st43}{s20}Info de Desmantelamiento	{@st43}{s20}분해 상세정보				
UI_20190611_003858	{@st41b}Ordenar por Nivel	{@st41b}레벨별 분류				
UI_20190611_003859	{@st66b}  Lista de Misiones  {/}	{@st66b}  퀘스트 목록  {/}				
UI_20190611_003860	{@st66b}  Completado  {/}	{@st66b}  완료  {/}				
UI_20190611_003861	{@st66b}Disponible{/}	{@st66b}시작 가능{/}				
UI_20190611_003862	{@st66b}En Progreso{/}	{@st66b}진행중{/}				
UI_20190611_003863	{@st66b}Abandonado{/}	{@st66b}포기{/}				
UI_20190611_003864	{@st59}Buscar por Nombre de Misión o Ubicación.{/}	{@st59}퀘스트 이름 또는 지역 이름으로 검색 합니다.{/}				
UI_20190611_003865	{s18}{b}{ol}{ds}Todos los Niveles	{s18}{b}{ol}{ds}모든 레벨				
UI_20190611_003866	{s18}{b}{ol}{ds}Recomendado	{s18}{b}{ol}{ds}적정 레벨				
UI_20190611_003867	{s18}{b}{ol}{ds}Configuración de Visualización de Misión {img option_icon 21 21}	{s18}{b}{ol}{ds}퀘스트 표시 설정 {img option_icon 21 21}				
UI_20190611_003868	{@st66}CONSEJO. Puedes registrar hasta 5 Misiones para mostrarlas en la pantalla del juego.	{@st66}TIP. 퀘스트 알림은 5개까지 등록할 수 있습니다.				
UI_20190611_003869	{img quest_detail_pic1 24 24}{@st41b}Ubicación{/}	{img quest_detail_pic1 24 24}{@st41b}위치{/}				
UI_20190611_003870	{img quest_detail_pic2 24 24}{@st41b}Resumen{/}	{img quest_detail_pic2 24 24}{@st41b}개요{/}				
UI_20190611_003871	{img quest_detail_pic3 24 24}{@st41b}Objetivo{/}	{img quest_detail_pic3 24 24}{@st41b}목표{/}				
UI_20190611_003872	{img quest_detail_pic4 24 24}{@st41b}Recompensa{/}	{img quest_detail_pic4 24 24}{@st41b}보상{/}				
UI_20190611_003873	{img quest_detail_pic4 24 24}{@st41b}Selecciona una Recompensa{/}	{img quest_detail_pic4 24 24}{@st41b}선택 보상{/}				
UI_20190611_003874	Nombre de Misión	퀘스트 제목				
UI_20190611_003875	Nivel 1	1 레벨				
UI_20190611_003876	{@st43b}{s16}Lista de Misiones	{@st43b}{s16}퀘스트 목록				
UI_20190611_003877	{ol}Todas las Misiones	{ol}모든 퀘스트				
UI_20190611_003878	{ol}Misiones Principales	{ol}메인 퀘스트				
UI_20190611_003879	{ol}Submisiones	{ol}서브 퀘스트				
UI_20190611_003880	{ol}Misiones Repetibles	{ol}반복 퀘스트				
UI_20190611_003881	{ol}Misiones de Grupo	{ol}파티 퀘스트				
UI_20190611_003882	{ol}Misiones de Insignia Hethran	{ol}증표 퀘스트				
UI_20190611_003883	{ol}Misiones de Seguimiento	{ol}추적 퀘스트				
UI_20190611_003884	{@st66b}Transparencia de Ventana de Misión{%s}{/}	{@st66b}지령창 배경 투명도 (%s){/}				
UI_20190611_003885	{@st59}Mostrar Misión al Grupo{/}	{@st59}파티원에게 노출{/}				
UI_20190611_003886	{@st59}Verificar Ubicación de Misión{/}	{@st59}퀘스트 위치 확인{/}				
UI_20190611_003887	Nombre del Objeto	아이템 명				
UI_20190611_003888	Nombre del Objeto de Encantamiento	인첸트 아이템 명				
UI_20190611_003889	{@st43}{s16}Limita el uso de ciertas habilidades.{/}	{@st43}{s16}특정 종류의 스킬 사용을 일정 부분 제한합니다.{/}				
UI_20190612_003890	{s16}{b}{ol}{ds} Todos los Niveles	{s16}{b}{ol}{ds}모든 레벨				
UI_20190612_003891	{s16}{b}{ol}{ds}Recomendado	{s16}{b}{ol}{ds}적정 레벨				
UI_20190612_003892	{s16}{b}{ol}{ds}Configuración de Visualización de Misión {img option_icon 21 21}	{s16}{b}{ol}{ds}퀘스트 표시 설정 {img option_icon 21 21}				
UI_20190612_003893	{s16}{ol} Todas las Misiones	{s16}{ol}모든 퀘스트	UI_20190611_003877	{ol}Todas las Misiones	{ol}모든 퀘스트	
UI_20190612_003894	{s16}{ol} Misiones Principales	{s16}{ol}메인 퀘스트	UI_20190611_003878	{ol}Misiones Principales	{ol}메인 퀘스트	
UI_20190612_003895	{s16}{ol} Submisiones	{s16}{ol}서브 퀘스트	UI_20190611_003879	{ol}Submisiones	{ol}서브 퀘스트	
UI_20190612_003896	{s16}{ol} Misiones Repetibles	{s16}{ol}반복 퀘스트	UI_20190611_003880	{ol}Misiones Repetibles	{ol}반복 퀘스트	
UI_20190612_003897	{s16}{ol} Misiones de Grupo	{s16}{ol}파티 퀘스트	UI_20190611_003881	{ol}Misiones de Grupo	{ol}파티 퀘스트	
UI_20190612_003898	{s16}{ol} Misiones de Insignia Hethran	{s16}{ol}증표 퀘스트	UI_20190611_003882	{ol}Misiones de Insignia Hethran	{ol}증표 퀘스트	
UI_20190612_003899	{s16}{ol} Misiones de Seguimiento	{s16}{ol}추적 퀘스트	UI_20190611_003883	{ol}Misiones de Seguimiento	{ol}추적 퀘스트	
UI_20190621_003900	{@st66b}Los conteos de comercio de objetos y límites de entrada se reiniciarán durante el mantenimiento semanal programado.{/}	{@st66b}탈트 및 실버 입장 횟수는 매주 화요일 점검 시에 초기화 됩니다.{/}				
UI_20190621_003901	{@st43}{s22}Cubo de Victoria{/}	{@st43}{s22}이벤트: 승부 큐브{/}	UI_20170912_002881	{@st43}{s22}Cubo Secreto de Leticia{/}	{@st43}{s22}레티샤 시크릿 큐브{/}	
UI_20190802_003902	{@st42}{s20}Liga de Retadores	{@st42}{s20}챌린저스 리그				
UI_20190802_003903	{@st42}{s20}Liga de Campeones	{@st42}{s20}챔피언스 리그	UI_20190201_003812	{@st42}{s20}Distribución de Fondos	{@st42}{s20}적립금 분배	
UI_20190802_003904	{@st41b}{s16}{b}Campeones	{@st41b}{s16}{b}챔피언스 리그				
UI_20190802_003905	{@st41b}{s16}{b}Retadores	{@st41b}{s16}{b}챌린저스 리그				
UI_20190802_003906	Liga Regional	지역 리그				
UI_20190802_003907	Desequipar Ichor (Fijo)	아이커 장착 해제(고정옵션)				
UI_20190802_003908	{@st43b}{s18}Estadísticas de Ichor (Fijo)	{@st43b}{s18}아이커 옵션(고정옵션)	UI_20190419_003837	{@st43b}{s18}Estadísticas de Ichor	{@st43b}{s18}아이커 옵션	
UI_20190802_003909	Desequipar Ichor (Aleatorio)	아이커 장착 해제(랜덤옵션)				
UI_20190802_003910	{@st43b}{s18}Estadísticas de Ichor (Aleatorio)	{@st43b}{s18}아이커 옵션(랜덤옵션)				
UI_20190802_003911	Haz clic en confirmar para regresar.	확인을 누르시면 원래 지역으로 이동합니다.	UI_20161005_002356	Confirmar salida de la torre.	확인을 누르시면 탑 밖으로 이동합니다.	
UI_20190802_003912	{@st42b}Puedes esquivar tocando dos veces una tecla direccional{/}	{@st42b}방향키를 빠르게 두번 입력하여 질주할 수 있습니다{/}	UI_20150729_001741	{@st42b}         Las clases de Espadachín pueden esprintar                     tocando dos veces una tecla direccional{/}	{@st42b}전사 계열은 방향을 빠르게 두번 입력하여 질주할 수 있습니다{/}	
UI_20190802_003913	{@st41b}{s18}Joyas de Encantamiento %s Actuales: %s	{@st41b}{s18}현재 %s 인챈트 쥬얼 보유 개수: %s개	UI_20181017_003547	{@st41b}{s18}Joyas de Encantamiento Actuales: %s	{@st41b}{s18}현재 인챈트 쥬얼 보유 개수: %s개	
UI_20190802_003914	{@st66}{s18}{b}Consume %sx %s Joya(s) de Encantamiento.	{@st66}{s18}{b} %s 인챈트 쥬얼 %s개가 소비됩니다.	UI_20181017_003548	{@st66}{s18}{b}Consume %s Joya(s) de Encantamiento.	{@st66}{s18}{b}인챈트 쥬얼 %s개가 소비됩니다.	
UI_20190802_003915	No se puede desmantelar	분해 불가				
UI_20190802_003916	Liga Regional	지역리그				
UI_20190802_003917	{@st42}{s16}Recuperar	{@st42}{s16}수령				
UI_20190828_003918	{@st66b}Partes Muertas	{@st66b}데드 파츠 적용				
UI_20190828_003919	{@st66b}Efectos de Caída de Objeto{/}	{@st66b}아이템 드랍 이펙트 사용{/}				
UI_20191024_003920	{@st43}{s22}El Maestro del Grimorio{/}	{@st43}{s22}그리모어를 찢어라{/}				
UI_20191024_003921	{@st59b}Info de Monstruo{nl}{@st59s} - Puedes ver los monstruos en tu posesión en la pestaña Info de Monstruo.{nl} - Los monstruos que deseas usar deben estar registrados en la ranura principal, lo cual se puede hacer moviendo los monstruos desde la lista de abajo manteniendo presionado y arrastrando con el botón derecho.{nl} - Todos los monstruos poseen un Grado y un Potencial.{nl}[Grado]{nl}   - Muestra el nivel de poder del monstruo.{nl}   - Los grados se dividen en Normal, Mágico y Leyenda, lo que afecta el rendimiento del monstruo en batalla.{nl}[Grado de Evolución]{nl}   - Todos los monstruos pueden evolucionar un máximo de dos veces. Una evolución aumenta el número de habilidades disponibles y las estadísticas del monstruo.{nl}   - Todos los monstruos comienzan con un Grado de Evolución de 1 Estrella y pueden evolucionar hasta un máximo de 3 Estrellas.{/}{nl}{@st59b}Venta{nl}{@st59s} - También puedes vender los monstruos en tu posesión en la pestaña Info de Monstruo.{nl} - Puedes ganar Moneda Antigua [Evento] vendiendo tus monstruos y la cantidad de monedas ganadas varía según el Grado de tu monstruo.{nl} - Monedas Ganadas{nl}   - Normal: 0, Mágico: 1{nl}   - Único: 2, Leyenda 3{nl}   * La cantidad de monedas ganadas es independiente del Grado de Evolución del monstruo.{/}{nl}{@st59b}Fusión{nl}{@st59s} - Puedes fusionar 3 monstruos de Grado idéntico para obtener un monstruo aleatorio del mismo Grado.{nl} - También hay un 5% de probabilidad de obtener un monstruo de grado superior al fusionar los monstruos.{/}{nl}{@st59b}Evolución{nl}{@st59s} - Puedes usar 3 monstruos idénticos para evolucionar a tu monstruo.{nl} - La evolución solo funciona al usar 3 monstruos idénticos del mismo Grado de Evolución y dará como resultado 1 monstruo idéntico con un Grado de Evolución +1.{nl} - El nivel del monstruo resultante será idéntico al del monstruo con el nivel más alto.{/}	{@st59b}몬스터 정보{nl}{@st59s} - 보유 중인 몬스터를 몬스터 정보 탭을 통해 확인할 수 있습니다.{nl} - 사용할 몬스터는 상단의 메인 슬롯에 등록을 해야 하며, 하단의 몬스터 목록에서 우 클릭하여 옮길수 있습니다.{nl} - 몬스터는 진화 등급과 등급의 속성을 가지고 있습니다.{nl} [등급]{nl}   - 몬스터 고유의 성능 등급을 나타냅니다.{nl}   - 등급은 노말/매직/유니크/레전드로 구별되며, 등급에 따라 몬스터 성능에 차등이 있습니다.{nl} [진화 등급]{nl}   - 모든 몬스터는 두 번의 진화가 가능하며, 진화 시 사용 스킬 개수와 스탯이 증가합니다.{nl}   - 모든 몬스터는 최초 1성으로 시작하며, 3성까지 진화가 가능합니다.{/}{nl}{@st59b}판매{nl}{@st59s} - 보유 중인 몬스터를 몬스터 정보 탭의 판매 버튼을 통해 판매할 수 있습니다.{nl} - 몬스터 판매 시 [이벤트] 고대 주화를 획득하며, 등급에 따라 획득하는 주화의 개수가 다릅니다.{nl} - 판매 시 획득 주화 개수{nl}   - 노말 : 0개, 매직 : 1개{nl}   - 유니크 : 2개, 레전드 : 3개{nl}   * 진화 등급에 영향받지 않습니다.{/}{nl}{@st59b}합성{nl}{@st59s} - 동일한 등급의 몬스터 3개를 소모하여 동일한 등급의 랜덤한 몬스터를 획득할 수 있습니다.{nl} - 5% 확률로 1단계 높은 등급의 몬스터를 획득할 수 있습니다.{/}{nl}{@st59b}진화{nl}{@st59s} - 동일한 몬스터 3개를 소모하여 몬스터를 진화시킬 수 있습니다.{nl} - 진화는 동일한 진화 등급의 몬스터로만 가능하며, 진화 시 1단계 높은 진화 등급의 몬스터를 획득합니다.{nl} - 진화 시 3개의 몬스터 중 가장 높은 몬스터의 레벨로 등장합니다.{/}				
UI_20191024_003922	{@st66b}{s16}Info de Monstruo.{/}	{@st66b}{s16}몬스터 정보{/}				
UI_20191024_003923	Muestra la información de los monstruos registrados.	등록된 몬스터의 정보를 확인할 수 있습니다.				
UI_20191024_003924	{@st66b}{s16}Fusión{/}	{@st66b}{s16}합성{/}				
UI_20191024_003925	Te permite fusionar dos monstruos de igual grado para producir un nuevo monstruo aleatorio del mismo grado.{nl}5% de probabilidad de producir un monstruo de grado +1.	동일한 등급의 몬스터로 동일한 등급의 랜덤한 몬스터를 획득할 수 있습니다.{nl} 5%확률로 한 등급이 높은 몬스터가 등장합니다.				
UI_20191024_003926	{@st66b}{s16}Evolucionar{/}	{@st66b}{s16}진화{/}				
UI_20191024_003927	Se pueden usar 3 monstruos idénticos de grado idéntico para evolucionar un monstruo.	진화 등급이 같은 동일한 몬스터 3개로 해당 몬스터를 진화시킬 수 있습니다.				
UI_20191024_003928	Se producirá una sinergia cuando haya 2 o más monstruos de especie o propiedad idéntica en tu ranura principal.{nl}Esta sinergia solo tiene efecto dentro de la mazmorra [Evento] Remanentes de Bernice.	메인 슬롯의 몬스터 중 동일한 종족, 속성이 2개체이상 있을 경우, 조합 시너지가 발생합니다.{nl}해당 조합 시너지는 [이벤트] 베르니케의 파편 던전에서만 적용됩니다.				
UI_20191024_003929	{@st59}Organizar lista de monstruos.{/}	{@st59}몬스터 리스트를 정렬합니다.{/}				
UI_20191024_003930	{@st42b}{s18}Monstruo: %s/%s	{@st42b}{s18}몬스터 보유 수: %s/%s				
UI_20191024_003931	{@st42b}{s16}Tiempo Restante{/}	{@st42b}{s16}남은 시간{/}				
UI_20191024_003932	{@st42b}{s16}Monstruo (%s/%s){/}	{@st42b}{s16}남은 몬스터(%s/%s){/}				
UI_20191024_003933	{@st42b}{s14}Recompensa de Primera Completación{/}	{@st42b}{s14}첫 클리어 보상{/}				
UI_20191024_003934	{@st42b}{s14}Debuff de Etapa{/}	{@st42b}{s14}Stage 디버프{/}				
UI_20191024_003935	{@st42b}{s14}Rendirse{/}	{@st42b}{s14}포기하기{/}				
UI_20191024_003936	{@st59}Minimizar Reproductor de Música{/}	{@st59}BGM 플레이어를 최소화합니다{/}				
UI_20191024_003937	{@st59}Cerrar Reproductor de Música{/}	{@st59}BGM 플레이어를 닫습니다{/}				
UI_20191024_003938	{@st59}Reproducir Música{/}	{@st59}음악을 재생합니다{/}				
UI_20191024_003939	{@st59}Pista Anterior{/}	{@st59}이전 음악 재생{/}				
UI_20191024_003940	{@st59}Siguiente Pista{/}	{@st59}다음 음악 재생{/}				
UI_20191024_003941	Tiempo de Reproducción de Música	음악 재생 시간				
UI_20191024_003942	{@st59}Cambiar Skin{/}	{@st59}스킨 변경{/}				
UI_20191024_003943	{@st59}Reproducir Pista Aleatoria{/}	{@st59}랜덤 음악 재생{/}				
UI_20191024_003944	{@st59}Repetir{/}	{@st59}반복 재생{/}				
UI_20191024_003945	{@st59}Buscar Lista de Reproducción{/}	{@st59}전체목록 검색{/}				
UI_20191024_003946	{@st59}Maximizar Reproductor de Música{/}	{@st59}BGM 플레이어를 최대화합니다{/}				
UI_20191024_003947	Categoría	분야				
UI_20191024_003948	{@st48}%s Beneficios{/}	{@st48}%s 혜택{/}				
UI_20191024_003949	Todos los personajes conectados al juego reciben una bonificación que{nl}{@st66d_y}aumenta la EXP obtenida al derrotar monstruos en +200%{/} durante 1 hora.	월드 내 접속중인 전체 캐릭터 대상으로{nl}{@st66d_y}몬스터 처치 시 경험치 200% 증가{/} 버프가 1시간동안 적용됩니다.				
UI_20191024_003950	Otorga la bonificación {@st66d_y}+1000 probabilidad de saqueo{/}{nl}y la bonificación {@st66d_y}Compañero Grande{/} durante 24 horas a los jugadores cercanos. 	피자 아이템을 사용한 캐릭터 대상으로{nl}{@st66d_y}주변 루팅 찬스 +1000 증가{/} 버프와{nl}{@st66d_y}컴패니언 크기 증가{/} 버프가 24시간 동안 적용됩니다. 				
UI_20191024_003951	Pasa el mouse sobre el texto para ver la información detallada del buff.{/}	텍스트 선택시 버프 내용이 상세하게 표시됩니다.{/}				
UI_20191024_003952	{/}{nl}¿Usar objeto?{/}	{/}{nl}아이템을 사용하시겠습니까?{/}				
UI_20191024_003953	Se eliminará de %s{nl}y se aplicará solo a {@st66d_y}%s{/}.{/}	사용한 %s {nl}인벤토리에서 사라지며 현재 {@st66d_y}%s{/}에만 적용됩니다.{/}				
UI_20191024_003954	{@st43}{s22}Gracia de la Diosa	{@st43}{s22}여신의 가호				
UI_20191024_003955	{@st41b}{s16}Tiempo Restante %s min %s seg	{@st41b}{s16}남은 시간 %s분 %s초				
UI_20191024_003956	{@st41b}{s16}x1	{@st41b}{s16}1회				
UI_20191024_003957	{@st41b}{s16} Plata	{@st41b}{s16} 돈				
UI_20191024_003958	{@st43}{s24}Ofrenda	{@st43}{s24}봉헌				
UI_20191024_003959	{@st43}{s24}Confirmar	{@st43}{s24}확인				
UI_20191024_003960	{@st66b}Expandir Punto de Encuentro	{@st66b}아지트 확장				
UI_20191024_003961	{@st66b}Info del Punto de Encuentro{/}	{@st66b}아지트 정보{/}				
UI_20191024_003962	Nivel de Expansión del Punto de Encuentro del Gremio	길드 아지트 확장 단계				
UI_20191024_003963	{@st42}{s22}{#ffd739}Nv. %s{/}{/}{/}	{@st42}{s22}{#ffd739}%s 단계{/}{/}{/}				
UI_20191024_003964	Nv. y Info de Expansión del Punto de Encuentro del Gremio	길드 아지트 확장 단계 및 정보				
UI_20191024_003965	{@st41b}{s18}Nv. 1: %s{/}{/}	{@st41b}{s18}1 단계 : %s{/}{/}				
UI_20191024_003966	{@st41b}{s18}Nv. 2: %s{/}{/}	{@st41b}{s18}2 단계 : %s{/}{/}				
UI_20191024_003967	{@st41b}{s18}Nv. 3: %s{/}{/}	{@st41b}{s18}3 단계 : %s{/}{/}				
UI_20191024_003968	{@st41b}{s18}Nv. 4: %s{/}{/}	{@st41b}{s18}4 단계 : %s{/}{/}				
UI_20191024_003969	{@st41b}{s18}Nv. 5: %s{/}{/}	{@st41b}{s18}5 단계 : %s{/}{/}				
UI_20191024_003970	Info de Instalación de Vivienda del Gremio	길드 하우징 시설 정보				
UI_20191024_003971	Contribución y Millaje	기여도 및 길드 마일리지 관리				
UI_20191024_003972	[Convertir Contribución a Millaje de Gremio]{nl}- Ratio de conversión de 1 (Contribución de Gremio) : 1 (Millaje de Gremio).{nl} {nl}[Convertir Millaje de Gremio a Contribución]{nl}- Ratio de conversión de 10 (Millaje de Gremio) : 1 (Contribución de Gremio){nl}- Esta función solo puede ser usada por el Maestro del Gremio.{nl} {nl}[Distribuir Contribución a Miembros]{nl}- Ratio de distribución de 1 (Mi Contribución): 1 (Contribución del Miembro){nl}- Esta función solo puede ser usada por el Maestro del Gremio.	[내 기여도를 길드 마일리지로 전환]{nl}- 1(길드 기여도) : 1(길드 마일리지)의 비율로 기여도가 길드 마일리지로 전환됩니다.{nl} {nl}[길드 마일리지를 기여도로 전환]{nl}- 10(길드 마일리지) : 1(길드 기여도)의 비율로 길드 마일리지가 기여도로 전환됩니다.{nl}- 해당 기능은 길드 마스터만 이용이 가능합니다.{nl} {nl}[길드원에게 기여도 분배]{nl}- 1(내 기여도) : 1(길드원 기여도)의 비율로 기여도를 길드원에게 분배할 수 있습니다.{nl}- 해당 기능은 길드 마스터만 이용이 가능합니다.				
UI_20191024_003973	{@st42}{s18}Millaje de Gremio: %s{/}{/}	{@st42}{s18}길드 마일리지 : %s{/}{/}				
UI_20191024_003974	{@st42}{s18}Mi Contribución: %s{/}{/}	{@st42}{s18}내 기여도 : %s{/}{/}				
UI_20191024_003975	{@st42}{s18}Intercambiar Puntos de Contribución por Millaje de Gremio{/}{/}	{@st42}{s18}내 기여도를 길드 마일리지로 전환하기{/}{/}				
UI_20191024_003976	{@st42}{s18}Intercambiar Millaje de Gremio por Puntos de Contribución{/}{/}	{@st42}{s18}길드 마일리지를 기여도로 전환하기{/}{/}				
UI_20191024_003977	{@st42}{s18}Distribuir Puntos de Contribución a Miembros del Gremio{/}{/}	{@st42}{s18}길드원에게 기여도 분배하기{/}{/}				
UI_20191024_003978	Puntos de Vivienda del Gremio	길드 하우징 포인트 정보				
UI_20191024_003979	Puedes comprar Objetos e Instalaciones de Vivienda de Gremio usando Puntos de Vivienda.{nl}- Los Puntos de Vivienda se pueden obtener usando Millaje de Gremio en la proporción 5 (Millaje de Gremio) : 1 (Punto de Vivienda).{nl}- Los Puntos de Vivienda solo se pueden comprar cuando tu Gremio haya alcanzado el Nv. de Expansión de Gremio 2 o superior.{nl}- Se pueden instalar Talleres de Fabricación para aumentar el máximo de Puntos de Vivienda que puedes poseer.	하우징 포인트를 통해 길드 하우징 물품 및 시설을 구매할 수 있습니다.{nl}- 5(길드 마일리지) : 1(하우징 포인트) 비율로 각 하우징 포인트를 마일리지로 구매할 수 있습니다.{nl}- 길드 아지트 확장 단계가 2단계 이상인 경우에만 하우징 포인트 구매가 가능합니다.{nl}- 제작 공방소를 증축하여 각 하우징 포인트의 최대치를 늘릴 수 있습니다.				
UI_20191024_003980	{@st42}{s16}Idea{#ffd739}(+%s){/}{/}{/}	{@st42}{s16}독창성{#ffd739}(+%s){/}{/}{/}				
UI_20191024_003981	{@st42}{s16}Funcionalidad{#ffd739}(+%s){/}{/}{/}	{@st42}{s16}기능성{#ffd739}(+%s){/}{/}{/}				
UI_20191024_003982	{@st42}{s16}Creatividad{#ffd739}(+%s){/}{/}{/}	{@st42}{s16}예술성{#ffd739}(+%s){/}{/}{/}				
UI_20191024_003983	{@st42}{s16}Economía{#ffd739}(+%s){/}{/}{/}	{@st42}{s16}경제성{#ffd739}(+%s){/}{/}{/}				
UI_20191024_003984	{@st42}{s16}{#ff0000}Costo de Millaje de Gremio (%s){/}{/}{/}	{@st42}{s16}{#ff0000}차감 길드 마일리지 (%s){/}{/}{/}				
UI_20191024_003985	{@st42}{s16}{#ffd739}Millaje Restante Estimado: %s{/}{/}{/}	{@st42}{s16}{#ffd739}예상 잔여 마일리지 : %s{/}{/}{/}				
UI_20191024_003986	{@st42}{s18}Cancelar{/}	{@st42}{s18}취소{/}				
UI_20191024_003987	{@st42}{s18}Guardar{/}	{@st42}{s18}저장{/}				
UI_20191024_003988	ⓘ Los retiros/depósitos consumirán 20 de Millaje.{nl}ⓘ El millaje se gana cada vez que un miembro del Gremio inicia sesión o se completan ciertos contenidos del juego por los Miembros del Gremio (por ej. Modo Desafío Nv. 5, Incursión Única e Incursiones Leyenda).{nl}ⓘ Cada miembro puede acumular un máximo de 100 de Millaje completando contenidos del juego y este límite máximo se reinicia cada lunes a las 06:00 AM hora del servidor.	ⓘ 입고/출고 시 마일리지 20 차감 됩니다. {nl}ⓘ마일리지는 길드원 로그인, 특정 콘텐츠 이용(챌린지 5단계 이상, 유니크 레이드, 레전드 레이드 클리어)을 통해서 적립됩니다.{nl}ⓘ특정 콘텐츠 이용을 통한 마일리지 적립은 길드원별 주간 100 까지 누적 적립 가능하며, 누적 적립은 매주 월요일 오전 6시에 초기화 됩니다.	UI_20190104_003693	ⓘ Cada depósito/retiro equivale a 20 de millaje.{nl}ⓘ El millaje se acumula cuando los miembros del gremio inician sesión, y al participar en misiones de gremio y Guerras Territoriales.	ⓘ 입고/출고 시 마일리지 20 차감 됩니다. {nl}ⓘ마일리지는 길드원 로그인, 길드 퀘스트, 콜로니전 참여를 통해서 적립됩니다.	
UI_20191024_003989	{@st42}Vivienda{/}	{@st42}하우징{/}				
UI_20191024_003990	{@st66d}Distribuir Puntos de Contribución	{@st66d}기여도 분배				
UI_20191024_003991	Puntos de Contribución Distribuidos	분배할 기여도				
UI_20191024_003992	Puntos de Contribución Restantes	잔여 기여도				
UI_20191024_003993	Mis Puntos de Contribución	내 기여도				
UI_20191024_003994	{@st42b}{s16}Nombre de Equipo %s	{@st42b}{s16}팀명 %s				
UI_20191024_003995	{@st42b}{s16}Contribución	{@st42b}{s16}기여도				
UI_20191024_003996	{@st66b}Distribuir	{@st66b}분배				
UI_20191024_003997	{@st66d}Intercambiar %s	{@st66d}%s 전환				
UI_20191024_003998	Millaje del Gremio	길드 마일리지				
UI_20191024_003999	Tasa de Intercambio	전환 비율				
UI_20191024_004000	%s Disponible para Intercambio	전환 가능한 %s				
UI_20191024_004001	Ingresa la cantidad de %s a intercambiar.	전환할 %s를 입력하세요.				
UI_20191024_004002	%s Costo	소비 %s				
UI_20191024_004003	%s Restante	잔여 %s				
UI_20191024_004004	{@st66b}Intercambiar	{@st66b}전환				
UI_20191024_004005	{@st43}{s22}Desmantelar Tomo Místico	{@st43}{s22}신비한 서 분해				
UI_20191024_004006	Desmantelamiento Completado	분해 완료				
UI_20191024_004007	{@st41b}{s18}Desmantelar	{@st41b}{s18}분해 하기				
UI_20191024_004008	{@st41b}{s18}Confirmar	{@st41b}{s18}확인				
UI_20191024_004009	{@st43}{s22}Fabricar Tomo Místico	{@st43}{s22}신비한 서 제작				
UI_20191024_004010	{@st41b}{s18}Gema Bendita de la Diosa	{@st41b}{s18}여신의 축복석				
UI_20191024_004011	{@st41b}{s18}Fabricar	{@st41b}{s18}제작 하기				
UI_20191024_004012	{@st43}Salir del Modo de Edición{/}	{@st43}편집모드 취소{/}				
UI_20191024_004013	{@st43}{#97f72f}{s20}Instalar	{@st43}{#97f72f}{s20}설치				
UI_20191024_004014	{@st43}{#97f72f}{s20}Rotar	{@st43}{#97f72f}{s20}회전				
UI_20191024_004015	{@st66b}{s18}¿Desinstalar?	{@st66b}{s18}철거 하시겠습니까?				
UI_20191024_004016	Mobiliario	가구				
UI_20191024_004017	{@st66b}{s18}Fondos Actuales: {@st66d_y}%s	{@st66b}{s18}소지 길드 자금 :{@st66d_y}%s				
UI_20191024_004018	{@st66b}{s18}Fondos Restantes: {ol}{s18}{#ec0000}%s	{@st66b}{s18}소비 길드 자금 :{ol}{s18}{#ec0000}%s				
UI_20191024_004019	{@st66b}{s18}Ya no podrás usar las funciones relacionadas con el objeto de vivienda después de desinstalarlo, y el objeto desinstalado regresará al inventario.	{@st66b}{s18}해당 하우징 물품을 철거하면 관련 기능을 이용할 수 없으며, 철거된 물품은 아이템 창으로 이동합니다.				
UI_20191024_004020	{@st59b}Laboratorio{nl}{@st59s}	{@st59b}연구소{nl}{@st59s}				
UI_20191024_004021	Laboratorio	연구소				
UI_20191024_004022	{@st66b}{s18}¿Mejorar?	{@st66b}{s18}증축 하시겠습니까?				
UI_20191024_004023	Contra enemigos de tipo Bestia	야수형 대상 강화				
UI_20191024_004024	{ol}{ds}{b}{s16}Nivel Máximo de Investigación de Habilidad %s	{ol}{ds}{b}{s16}스킬 연구 최대 레벨 %s				
UI_20191024_004025	{@st66b}{s18}Fondos Actuales: {@st66d_y}%s	{@st66b}{s18}소지 길드 자금 : {@st66d_y}%s				
UI_20191024_004026	{@st66b}{s18}Costo de Fondos: {ol}{s18}{#ec0000}%s	{@st66b}{s18}소비 길드 자금 : {ol}{s18}{#ec0000}%s				
UI_20191024_004027	{@st66b}{s18}Millaje Actual: {@st66d_y}%s	{@st66b}{s18}소지 길드 마일리지 : {@st66d_y}%s				
UI_20191024_004028	{@st66b}{s18}Costo de Millaje: {ol}{s18}{#ec0000}%s	{@st66b}{s18}소비 길드 마일리지 : {ol}{s18}{#ec0000}%s				
UI_20191024_004029	{@st43}Tienda de Vivienda	{@st43}하우징 상점				
UI_20191024_004030	{@st59}Cerrar Tienda de Vivienda{/}	{@st59}하우징 상점을 닫습니다{/}				
UI_20191024_004031	{@st66b}Paisajismo	{@st66b}조경				
UI_20191024_004032	{@st66b}Instalaciones	{@st66b}시설				
UI_20191024_004033	{@st66b}Empleo	{@st66b}계약서				
UI_20191024_004034	{@st59}Vivienda{/}	{@st59}하우징{/}				
UI_20191024_004035	{@st66b}{s18}Tipo{/}	{@st66b}{s18}종류{/}				
UI_20191024_004036	{@st59}Reproductor de Música{/}	{@st59}BGM 플레이어{/}				
UI_20191024_004037	{@st66b}Pestaña 1	{@st66b}텝1				
UI_20191024_004038	{@st66b}Pestaña 2	{@st66b}텝2				
UI_20191024_004039	{@st43b}{s16}Solo Objetivos de Misión	{@st43b}{s16}미션 목표만 보기				
UI_20191024_004040	* Los atributos ya invertidos{nl}se reembolsarán como Puntos de Atributo tras el cambio de Árbol de Clase.{nl}(Las Artes aprendidas también se reiniciarán.{nl}Los Puntos de Atributo se reembolsarán pero los Tomos Místicos no.)	* 계열 변경 전 올린 특성의 레벨은{nl}계열 변경 후 특성 포인트를 돌려드립니다.{nl}(아츠도 초기화 되며, 특성 포인트는 복구되지만,{nl}신비한 서는 복구되지 않습니다.)				
UI_20191024_004041	* Las clases eliminadas por este cambio{nl}tendrán sus atributos y habilidades devueltos como puntos.{nl}{#FF1122}Las Artes no se reinician con el cambio de clase.{nl}Recuerda usar una Poción de Reinicio de Artes antes de cambiar de clase.{/}	* 변경으로 인해 삭제 되는 클래스는 스킬과{nl}특성을 초기화 후 포인트로 반환됩니다.{nl}{#FF1122}클래스 변경으로는 아츠가 초기화 되지 않습니다.{nl}변경 전에 해당 클래스의 아츠 초기화 포션을 먼저{nl}사용하신 후 클래스를 변경하시기 바랍니다.{/}	UI_20190104_003728	* Las habilidades y atributos de las clases eliminadas{nl}se devolverán como puntos.	* 변경으로 인해 삭제 되는 클래스는 스킬과{nl}특성을 초기화 후 포인트로 반환됩니다.	
UI_20191024_004042	{@st66b}Mantener UI de Habilidad Objetivo{/}	{@st66b}대상 지정 스킬 UI 유지{/}				
UI_20191024_004043	{@st66b}Aplicar Efecto de Fondo	{@st66b}환경 이펙트 적용				
UI_20191024_004044	{@st66b}Aplicar Siluetas de Personaje	{@st66b}캐릭터 실루엣 적용				
UI_20191024_004045	{@st41b}{img icon_button_warning 36 36}Confirmar	{@st41b}{img icon_button_warning 36 36}확인				
UI_20191024_004046	Nivel de Gremio Requerido para Expansión	확장에 필요한 길드 레벨				
UI_20191024_004047	Fondos de Gremio Requeridos para Expansión	확장에 필요한 길드 자금				
UI_20191024_004048	Millaje de Gremio Requerido para Expansión	확장에 필요한 길드 마일리지				
UI_20191024_004049	{@st41b}{s18}Nv. 1: %s{/}{/}{/}	{@st41b}{s18}1 단계 : %s{/}{/}{/}				
UI_20191024_004050	{@st41b}{s18}Nv. 2: %s{/}{/}{/}	{@st41b}{s18}2 단계 : %s{/}{/}{/}				
UI_20191024_004051	{@st41b}{s18}Nv. 3: %s{/}{/}{/}	{@st41b}{s18}3 단계 : %s{/}{/}{/}				
UI_20191024_004052	{@st41b}{s18}Nv. 4: %s{/}{/}{/}	{@st41b}{s18}4 단계 : %s{/}{/}{/}				
UI_20191024_004053	{@st41b}{s18}Nv. 5: %s{/}{/}{/}	{@st41b}{s18}5 단계 : %s{/}{/}{/}				
UI_20191024_004054	Expandir Punto de Encuentro	아지트 확장				
UI_20191024_004055	Aumenta la eficacia de combate contra Humanoides	인간형 대상 강화				
UI_20191024_004056	{#5e4e3f}{s16}Investiga armas que sean efectivas contra{nl}monstruos de tipo Planta.	{#5e4e3f}{s16}식물형 타입의 몬스터에게 효과적인{nl}무기 연구를 진행합니다.				
UI_20191024_004057	{#5ae2e7}{@st43}{s16}Daño +0.4% por Nivel de Buff	{#5ae2e7}{@st43}{s16}버프 레벨당 +0.4% 대미지 증가				
UI_20191024_004058	Lista	목록				
UI_20191024_004059	Rotar	회전				
UI_20191024_004060	{@st42b}{s16}Vender{/}	{@st42b}{s16}판매{/}				
UI_20191024_004061	Misión	미션 내용				
UI_20191024_004062	{@st42b}{s14}{#ffffff}Normal	{@st42b}{s14}{#ffffff}노말				
UI_20191024_004063	{@st42b}{s14}{#0e7fe8}Mágico	{@st42b}{s14}{#0e7fe8}매직				
UI_20191024_004064	{@st42b}{s14}{#d92400}Único	{@st42b}{s14}{#d92400}유니크				
UI_20191024_004065	{@st42b}{s14}{#ffa800}Leyenda	{@st42b}{s14}{#ffa800}레전드				
UI_20191104_004066	Comercios Personales Ilimitados	개인 거래 무제한				
UI_20200129_004067	{@st42}%s {@st42}Objeto{/}	{@st42}%s {@st42}아이템{/}				
UI_20200129_004068	Almacén	기본 창고				
UI_20200129_004069	{@st66b}Expansión de Almacén	{@st66b}기본 창고 확장				
UI_20200129_004070	{@st59}Expande el Almacén Básico{/}	{@st59}기본 창고를 확장합니다{/}				
UI_20200129_004071	Selecciona los objetos a combinar	합성할 아이템을 올려주세요				
UI_20200129_004072	Aumento de Experiencia	경험치 증가				
UI_20200129_004073	Subir de Nivel	레벨 증가				
UI_20200129_004074	{@st43}{s22}Combinar Arca	{@st43}{s22}아크 합성				
UI_20200129_004075	{@st59b}Combinar Arca{@st59s}{nl}- Selecciona el Arca para agregar EXP o Nivel	{@st59b}아크 합성{@st59s}{nl}- 경험치 증가 또는 레벨 증가 할 아크를 등록				
UI_20200129_004076	{@st43}{s20}Combinar	{@st43}{s20}합성				
UI_20200129_004077	{img icon_item_silver 24 24} {@st41b}%s Costo{/}	{img icon_item_silver 24 24} {@st41b}%s 비용{/}				
UI_20200129_004078	{img icon_item_silver 24 24} {@st41b}Balance Estimado{/}	{img icon_item_silver 24 24} {@st41b}예상 잔액{/}				
UI_20200129_004079	Coloca un Arca para transferir.	이전할 아이템을 올려주세요				
UI_20200129_004080	{@st59b}Transferencia de Arca@st59s}{nl}- Coloca un Arca para transferir{nl} - Coloca un Arca para recibir	{@st59b}아크 이전{@st59s}{nl}- 이전 할 아크 등록 {nl} - 이전 받을 아크 등록				
UI_20200129_004081	Transferir	이전				
UI_20200129_004082	Coloca un objeto para transferir las estadísticas.	옵션을 이전할 아이템을 올려주세요				
UI_20200129_004083	{img icon_item_silver 24 24} {@st41b}Costo de Transferencia{/}%s	{img icon_item_silver 24 24} {@st41b}이전 비용{/}%s				
UI_20200129_004084	{@st43}Peluquería - Piel	{@st43}바버샵 - 스킨				
UI_20200129_004085	{@st59}Skin{/}	{@st59}스킨{/}				
UI_20200129_004086	{@st66}- Cupones de Piel	{@st66}-스킨 쿠폰				
UI_20200129_004087	{@st43}{s22}Bendición de la Diosa	{@st43}{s22}여신의 축복				
UI_20200129_004088	{@st43}{s20}Confirmar	{@st43}{s20}확인				
UI_20200129_004089	La cantidad máxima de puntos que se puede ganar se reinicia cada lunes a las 06:00, hora del servidor.{nl}Los puntos se pueden ganar de la siguiente manera:{nl} {nl}- Conectarse al juego: 10 puntos (5 puntos adicionales para jugadores en un gremio y jugadores bajo efectos de Token){nl} - Pesca exitosa: 1 punto por captura{nl} - Incursión Leyenda: 20 puntos{nl} (Excepto en la Torre de la Tierra, donde se ganan 5 puntos cada 5 niveles){nl}- Misión de Defensa Cuesta Arriba: 10 puntos{nl}- Incursión Única: 20 puntos{nl}- Mazmorra de Nivel: 10 puntos{nl}- Misión Diaria: 10 puntos	획득 가능한 포인트량은 매주 월요일 6시에 초기화됩니다.{nl}포인트는 아래의 방법으로 획득할 수 있습니다.{nl} {nl}- 접속: 10 포인트 (PC방 접속 중, 길드 가입 중, 토큰 적용 중일 시 각 5 포인트 추가 획득){nl}- 낚시 성공: 1회 당 1 포인트{nl}- 레전드 레이드: 20 포인트{nl}  (단, 대지의 탑은 5층 단위로 5점씩 지급됩니다.){nl}- 업힐 디펜스 미션: 10 포인트{nl}- 유니크 레이드: 20 포인트{nl}- 레벨 던전: 10 포인트{nl}- 일일 퀘스트: 10 포인트	UI_20190104_003600	La cantidad máxima de puntos que se puede ganar se reinicia cada lunes a las 06:00, hora del servidor.{nl}Los puntos se pueden ganar de la siguiente manera:{nl} {nl}- Conectarse al juego: 10 puntos (5 puntos adicionales para jugadores en un gremio y jugadores bajo efectos de Token){nl} - Pesca exitosa: 1 punto por captura{nl}- Misión del Convento Saalus: 15 puntos{nl}- Incursión Leyenda: 20 puntos{nl} (Excepto en la Torre de la Tierra, donde se ganan 5 puntos cada 5 niveles){nl}- Misión de Defensa Cuesta Arriba: 10 puntos{nl}- Incursión Única: 20 puntos{nl}- Mazmorra de Nivel: 10 puntos{nl}- Misión del Puesto de Mercenarios: 10 puntos{nl}- Misión Diaria: 10 puntos	획득 가능한 포인트량은 매주 월요일 6시에 초기화됩니다.{nl}포인트는 아래의 방법으로 획득할 수 있습니다.{nl} {nl}- 접속: 10 포인트 (PC방 접속 중, 길드 가입 중, 토큰 적용 중일 시 각 5 포인트 추가 획득){nl}- 낚시 성공: 1회 당 1 포인트{nl}- 살러스 수녀원 미션: 15 포인트{nl}- 레전드 레이드: 20 포인트{nl}  (단, 대지의 탑은 5층 단위로 5점씩 지급됩니다.){nl}- 업힐 디펜스 미션: 10 포인트{nl}- 유니크 레이드: 20 포인트{nl}- 레벨 던전: 10 포인트{nl}- 의뢰소 미션: 10 포인트{nl}- 일일 퀘스트: 10 포인트	
UI_20200129_004090	{s18}Contenidos	{s18}내용				
UI_20200129_004091	{@st66}Las comidas solo se ofrecen al anfitrión y a los miembros del grupo del anfitrión.	{@st66}배식 테이블의 음식은 기본적으로 나와 나의 파티원에게 제공됩니다.				
UI_20200129_004092	{@s18}Nivel de Punto de Encuentro{/}	{@s18}아지트 레벨{/}				
UI_20200129_004093	{@st41}Vista Previa	{@st41}미리보기				
UI_20200129_004094	{@st43}%s F{/}	{@st43}%s층{/}				
UI_20200129_004095	{@st43}Función{/}	{@st43}기능{/}				
UI_20200129_004096	{@st41}Salir del Modo de Edición{/}	{@st41}편집모드 취소{/}				
UI_20200129_004097	{@st41}Subir/Bajar Escaleras{/}	{@st41}위층, 아래층 이동{/}				
UI_20200129_004098	{@st42b}Desmantelar Todo{/}	{@st42b}모두 철거하기{/}				
UI_20200129_004099	{@st42b}Ver Fondo{/}	{@st42b}배경 변경{/}				
UI_20200129_004100	{@st42b}Abrir Página{/}	{@st42b}페이지 열기{/}				
UI_20200129_004101	{@43b}{s22}Ver Fondo{/}{/}	{@43b}{s22}배경 변경{/}{/}				
UI_20200129_004102	{@43b}{s22}Página{/}{/}	{@43b}{s22}페이지{/}{/}				
UI_20200129_004103	{@43b}{s22}Cargar Página{/}{/}	{@43b}{s22}페이지 불러오기{/}{/}				
UI_20200129_004104	{@st66b}{s18}El objeto de vivienda no existe.{nl}{nl}No se puede cargar la página.	{@st66b}{s18}다음의 하우징 물품이 존재하지 않아{nl}{nl}페이지를 불러올 수 없습니다.				
UI_20200129_004105	{@st66b}{s18}Lista	{@st66b}{s18}목록				
UI_20200129_004106	{@st66b}{s18}Por favor verifica si hay objetos de vivienda{nl}{nl}colocados o guardados en los siguientes lugares.{nl}{nl}1. Área de objetos de vivienda{nl}{nl}2. Inventario	{@st66b}{s18}다음의 경로에 하우징 물품이 배치되어 있거나,{nl}{nl}존재하는지 확인해 주세요.{nl}{nl}1. 하우징 배치 구역{nl}{nl}2. 인벤토리				
UI_20200129_004107	{@st66b}{s18}Los siguientes objetos de vivienda serán desmantelados al cargar la página.	{@st66b}{s18}페이지를 불러올 경우, 현재 배치된 하우징 물품 중 다음의 물품들이 철거됩니다.				
UI_20200129_004108	{@st66b}{s18}¿Proceder con el desmontaje y cargar la página?	{@st66b}{s18}철거를 진행하고 페이지를 불러오시겠습니까?				
UI_20200129_004109	{@st43}Controles de Vista Previa{/}	{@st43}미리보기 조작키{/}				
UI_20200129_004110	{@st41}Salir{/}	{@st41}나가기{/}				
UI_20200129_004111	{@st41}Mover Pantalla{/}	{@st41}화면 이동{/}				
UI_20200129_004112	{@st41}Ver Altura{/}	{@st41}상하 이동{/}				
UI_20200129_004113	Disponible solo en Mazmorra Instanciada.	인던에만 사용 가능합니다.	UI_20170313_002550	Solo se puede usar en mazmorras instanciadas y misiones de mercenario.	인던과 의뢰소 미션에만 사용 가능합니다.	
UI_20200129_004114	* Bonificación de daño adicional otorgada a un grupo con 4 o menos salvadores.{nl}* Aumento del 50% de daño por salvador y 200% para entrada en solitario.{/}	* 5인 미만인 경우 추가 대미지 버프가 제공됩니다.{nl}* 5인 미만인 경우 1명당 50%씩 증가하여, 1인으로 진행하는 경우 대미지가 200%증가합니다.				
UI_20200129_004115	{@st59}Arca{/}	{@st59}아크{/}				
UI_20200129_004116	Equipo	기본 획득				
UI_20200129_004117	Bono de Trascendencia	초월 장비 보너스				
UI_20200129_004118	Total	총 획득				
UI_20200129_004119	Encantar	인챈트				
UI_20200129_004120	{@st43}Transferencia de Objeto %s	{@st43}아이템 %s 이전				
UI_20200129_004121	{@st41b}{s18}%s Transferencia	{@st41b}{s18}%s 이전				
UI_20200129_004122	{@st43b}{s18}Transferir Estadísticas	{@st43b}{s18}이전 옵션				
UI_20200129_004123	Lupa Detallada de Sandra	산드라의 미세 감정 돋보기				
UI_20200129_004124	{@st66}{s18}Consume Lupa Detallada de Sandra x%s.	{@st66}{s18}산드라의 미세 감정 돋보기 %s개가 소비됩니다.				
UI_20200129_004125	Lupa de Sandra	산드라의 감정 돋보기				
UI_20200129_004126	{@st66}{s18}Consume Lupa de Sandra x%s.	{@st66}{s18}산드라의 감정 돋보기 %s개가 소비됩니다.				
UI_20200129_004127	{@st66b18}Pestaña de Recuperación de Mercado	{@st66b18}수령함				
UI_20200129_004128	{@st66d_y}{s16}Bendición de la Diosa	{@st66d_y}{s16}여신의 축복				
UI_20200129_004129	{@st41b}Salir{/}	{@st41b}나가기{/}				
UI_20200129_004130	{@st43}Buzón de Mensajes(%s/%s)	{@st43}메시지함(%s/%s)				
UI_20200129_004131	{@st66}Consejo. Desplázate hacia abajo para cargar más datos.	{@st66}TIP. 스크롤을 내리면 남은 목록을 요청합니다.				
UI_20200129_004132	{@st66}     Consejo 1. Las Recompensas del Episodio se pueden obtener una vez por equipo.                                      {nl}     Consejo 2. Todas las submisiones se desbloquean para otros personajes{nl}                  al reclamar las recompensas del Episodio 10.	{@st66}TIP 1. 에피소드 보상은 팀당 1회만 받을 수 있습니다.                                      {nl}TIP 2. 에피소드 10 클리어 보상 획득 시,{nl}             모든 캐릭터의 서브 퀘스트가 개방됩니다.				
UI_20200129_004133	{@st66b}Episodio{/}	{@st66b}에피소드{/}				
UI_20200129_004134	{@st66b}Lista de Misiones{/}	{@st66b}퀘스트 목록{/}	UI_20190611_003859	{@st66b}  Lista de Misiones  {/}	{@st66b}  퀘스트 목록  {/}	
UI_20200129_004135	{@st66b}Completado{/}	{@st66b}완료{/}	UI_20190611_003860	{@st66b}  Completado  {/}	{@st66b}  완료  {/}	
UI_20200129_004136	{@st43}{s22}Recompensas del Episodio{/}	{@st43}{s22}에피소드 보상{/}				
UI_20200129_004137	{@st59}Cerrar info de Recompensas del Episodio.{/}	{@st59}에피소드 보상 정보를 닫습니다.{/}				
UI_20200129_004138	Recompensas del Episodio	에피소드 클리어 보상				
UI_20200129_004139	Episodio	에피소드				
UI_20200129_004140	Nombre del Episodio	에피소드 이름				
UI_20200129_004141	{@st41b}Yunque a Usar	{@st41b}대상 모루				
UI_20200129_004142	{@st42b}Ninguno	{@st42b}없음	ETC_20150317_002003	Ninguno	없음	
UI_20200129_004143	{@st42}Globo de Diálogo del Personaje	{@st42}캐릭터 말풍선				
UI_20200129_004144	Misión de Emergencia	돌발 퀘스트				
UI_20200129_004145	Cambiar a Modo Minimizado.	최소화 모드로 전환합니다.				
UI_20200129_004146	Cancelar la Misión de Emergencia actual.	돌발 퀘스트를 취소합니다.				
UI_20200129_004147	{img test_cooltime 20 20}{@st43}{s16}Tiempo Limitado - %s	{img test_cooltime 20 20}{@st43}{s16}제한시간 - %s				
UI_20200129_004148	{@st66b}Activar Ajuste de Nitidez de Efecto	{@st66b}이펙트 선명도 조절 사용				
UI_20200129_004149	{@st66b}Ocultar efectos de letras	{@st66b}글자 이펙트 보이지 않기				
UI_20200129_004150	{@st66b}Nitidez de Efecto de Mi Personaje(%s){/}	{@st66b}내 캐릭터 이펙트 선명도(%s){/}				
UI_20200129_004151	{@st66b}Nitidez de Efecto de Otros Personajes(%s){/}	{@st66b}다른 캐릭터 이펙트 선명도(%s){/}				
UI_20200129_004152	{@st66b}Nitidez de Efecto de Monstruo Jefe(%s){/}	{@st66b}보스 몬스터 이펙트 선명도(%s){/}				
UI_20200129_004153	{@st42b}{ds}{s18}Mostrar todo el mapa{/}	{@st42b}{ds}{s18}모든 맵 표시{/}	UI_20180517_003189	{@st66w}Mostrar todas las pestañas{/}	{@st66w}모든 맵 표시{/}	
UI_20200129_004154	{@st42b}{ds}{s18}{#FF5E00}Ver todas las Estatuas de Diosa{/}	{@st42b}{ds}{s18}{#FF5E00}미확인 여신상 표시{/}				
UI_20200129_004155	{@st59}Atajo{/}	{@st59}바로가기{/}				
UI_20200129_004156	{@st59}Completado{/}	{@st59}완료{/}				
UI_20200129_004157	{@42b}{s20}Página %s{/}{/}	{@42b}{s20}%s번 페이지{/}{/}				
UI_20200129_004158	{@st59}Ingresa un título{/}	{@st59}타이틀을 입력해주세요{/}				
UI_20200129_004159	{@st59}Vista Previa{nl}Se reinicia al salir del modo de edición o al presionar el botón Vista Previa.	{@st59}미리보기{nl}미리보기 버튼을 한번 더 누르거나{nl}편집 모드를 종료하시면 원래 상태로 돌아갑니다.				
UI_20200129_004160	{@st59}Eliminar	{@st59}삭제				
UI_20200129_004161	{@st42b}Guardar{/}	{@st42b}저장하기{/}				
UI_20200129_004162	{@st42b}Cargar{/}	{@st42b}불러오기{/}				
UI_20200129_004163	Almacén de Equipo +30, activa almacenamiento adicional	팀 창고 +30칸 증가, 추가 창고 활성화				
UI_20200206_004164	Monedas Recolectadas	코인 획득 현황				
UI_20200206_004165	Lista de Misiones de Recorrido de Sellos	스탬프 투어 미션 목록				
UI_20200206_004166	Lista de Misiones de Contenido	콘텐츠 미션 목록				
UI_20200206_004167	{@st43b}{s22}Monedas de Ruleta de Diosa	{@st43b}{s22}여신의 룰렛 코인				
UI_20200206_004168	{@st66b}{s18}Estado de Adquisición	{@st66b}{s18}획득 현황				
UI_20200206_004169	{@st66b}{s18}Sellos	{@st66b}{s18}스탬프				
UI_20200206_004170	{@st66b}{s18}Contenidos	{@st66b}{s18}콘텐츠				
UI_20200206_004171	Título de la Pestaña	탭 제목				
UI_20200206_004172	Instrucciones	안내 내용				
UI_20200206_004173	{@st66d_y}{s16}Monedas de Ruleta de Diosa	{@st66d_y}{s16}여신의 룰렛 코인				
UI_20200207_004174	Diario de Sellos	스탬프 수첩				
UI_20200218_004175	Actualizar	판매목록 갱신				
UI_20200320_004176	{@st43}{s16}Daño de Habilidad{/}	{@st43}{s16}스킬 대미지{/}				
UI_20200320_004177	{@st43}{s16}Cantidad Total de Daño{/}	{@st43}{s16}총 대미지{/}				
UI_20200320_004178	{@st42b}{ds}{s14}Tiempo Restante{/}	{@st42b}{ds}{s14}남은 시간{/}				
UI_20200320_004179	{@st42b}Ver los que tienen Cantidad de Intercambios restante{/}	{@st42b}교환 횟수가 남은 것만 보기{/}				
UI_20200320_004180	{@st42b}Abrir Tienda	{@st42b}상점 열기				
UI_20200320_004181	{nl}Muestra la ubicación y entradas restantes de cada contenido.	{nl}각 콘텐츠의 입장 위치 및 횟수를 확인할 수 있습니다.	UI_20170726_002675	{nl}Las entradas diarias se cuentan de manera diferente para cada tipo de mazmorra. 	{nl}각 던전은 카테고리별로 입장 횟수가 카운트 됩니다. 	
UI_20200320_004182	{@st43}Tablón de Estado de Contenidos{/}	{@st43}콘텐츠 현황판{/}	UI_20170726_002677	{@st43}Mazmorras Instanciadas{/}	{@st43}인스턴스 던전{/}	
UI_20200320_004183	{@st66b}Incursión Semanal de Jefe	{@st66b}주간 보스 레이드				
UI_20200320_004184	Tipo Espadachín	소드맨 계열				
UI_20200320_004185	Tipo Mago	위자드 계열				
UI_20200320_004186	Tipo de Explorador	스카우트 계열				
UI_20200320_004187	{@st66b}{s16}Ranking	{@st66b}{s16}순위				
UI_20200320_004188	{@st66b}{s16}Equipo	{@st66b}{s16}팀명				
UI_20200320_004189	{@st66b}{s16}Daño Máx. en 1 intento	{@st66b}{s16}1회 최고 대미지				
UI_20200320_004190	Muestra la Información del Patrón Semanal	주간 패턴 정보를 표시합니다.				
UI_20200320_004191	Información de Combate	전투 정보				
UI_20200320_004192	{@st66b}{s16}Recompensa de Rango de Tipo	{@st66b}{s16}계열 순위 보상				
UI_20200320_004193	{@st66b}{s16} Recompensa de Daño Total	{@st66b}{s16}누적 대미지 보상				
UI_20200320_004194	{s16}{ol}{#FFFFFF}Entrar(%s/%s)	{s16}{ol}{#FFFFFF}입장하기(%s/%s)				
UI_20200320_004195	{s16}{ol}{#FFFFFF}Modo de Práctica	{s16}{ol}{#FFFFFF}연습모드				
UI_20200320_004196	Tasa de Logro 	달성률	UI_20171128_002946	Tasa de Logro	인던 달성률	
UI_20200320_004197	{img monsterbtn_image 29 28}{@st66b}{s14}  Álbum de Cartas{/}	{img monsterbtn_image 29 28}{@st66b}{s16}  카드첩{/}	UI_20170912_002879	{img monsterbtn_image 29 28}{@st66b}{s16}Cartas de Monstruo{/}	{img monsterbtn_image 29 28}{@st66b}{s16}몬스터 카드{/}	
UI_20200320_004198	{@st59}Abrir Álbum de Cartas{/}	{@st59}카드첩을 엽니다{/}				
UI_20200320_004199	Lupa Perfecta de Sandra	산드라의 완벽한 돋보기				
UI_20200320_004200	{@st66}{s18}Consume %s Lupa Perfecta de Sandra.	{@st66}{s18}산드라의 완벽한 돋보기 %s개가 소비됩니다.				
UI_20200320_004201	Lupa Definitiva de Sandra	산드라의 궁극의 돋보기				
UI_20200320_004202	{@st66}{s18}Consume %s Lupa Definitiva de Sandra.	{@st66}{s18}산드라의 궁극의 돋보기 %s개가 소비됩니다.				
UI_20200320_004203	{@st59}Mostrar Opción de Aplicar Álbum de Cartas{/}	{@st59}카드첩 적용 옵션을 봅니다{/}				
UI_20200320_004204	{@st43}Equipar Cartas de Álbum{/}	{@st43}카드첩 카드 장착{/}	UI_20170912_002885	{@st43}Equipar Cartas de Monstruo{/}	{@st43}몬스터 카드 장착{/}	
UI_20200320_004205	{@st59}Cerrar{/}	{@st59}카드첩 카드 장착 UI를 닫습니다{/}				
UI_20200320_004206	{@st43}Lista de Recompensas{/}	{@st43}보상 리스트{/}				
UI_20200320_004207	{s16}{ol}{#FFFFFF}Recibir Recompensa	{s16}{ol}{#FFFFFF}보상 받기				
UI_20200320_004208	{s16}{ol}{#FFFFFF}Verificar	{s16}{ol}{#FFFFFF}확인				
UI_20200320_004209	{@st59}Tablón de Estado de Contenidos(F10){/}	{@st59}콘텐츠 현황판(F10){/}	UI_20170726_002699	{@st59}Info de Mazmorra (F10){/}	{@st59}던전 정보(F10){/}	
UI_20200320_004210	{@st66b}Usar Luz Diurna	{@st66b}데이라이트 적용				
UI_20200320_004211	{@st66b}Ver Emoticón de Movimiento en el chat	{@st66b}채팅창 모션 이모티콘 켜기				
UI_20200320_004212	{@st43b}{s20}Información de Patrón Semanal	{@st43b}{s20}주간 패턴 정보				
UI_20200320_004213	{@st59}Cerrar{/}	{@st59}주간 패턴 정보 창을 닫습니다{/}				
UI_20200320_004214	{@st43}{s18}Rango %s	{@st43}{s18}%s위				
UI_20200320_004215	{@st43}{s18}Rango %s ~ Rango %s	{@st43}{s18}%s위 ~ %s위				
UI_20200320_004216	{@st43}{s22}Lista de Recompensas	{@st43}{s22}보상 목록				
UI_20200320_004217	{s16}{ol}{#FFFFFF}Recuperar Todo	{s16}{ol}{#FFFFFF}모두 받기				
UI_20200320_004218	Cambiar Propiedad del Objeto	아이템 프로퍼티 변경				
UI_20200320_004219	Propiedad	프로퍼티				
UI_20200320_004220	Valor Actual	현재 값				
UI_20200320_004221	Valor Cambiado	변경 값				
UI_20200320_004222	{@st59}Cerrar{/}	{@st59}아이템 프로퍼티 변경 UI를 닫습니다{/}				
UI_20200320_004223	{@st42}Cambiar	{@st42}변 경				
UI_20200320_004224	{@st43}Truco: Propiedad de Objeto{/}	{@st43}치트 : 아이템 프로퍼티{/}				
UI_20200320_004225	{@st41b}Trascender{/}	{@st41b}초월{/}				
UI_20200320_004226	{@st41b}Mejorar{/}	{@st41b}강화{/}				
UI_20200320_004227	{@st41b}Nivel{/}	{@st41b}레벨{/}				
UI_20200320_004228	{@st41b}Ranura	{@st41b}슬롯				
UI_20200320_004229	{@st41b}Rojo	{@st41b}레드				
UI_20200320_004230	{@st41b}Azul	{@st41b}블루				
UI_20200320_004231	{@st41b}Amarillo	{@st41b}옐로				
UI_20200320_004232	{@st41b}Verde	{@st41b}그린				
UI_20200320_004233	{@st43}Truco: Opción Aleatoria{/}	{@st43}치트 : 랜덤 옵션{/}				
UI_20200320_004234	Opción 1	1번 옵션				
UI_20200320_004235	Opción 2	2번 옵션				
UI_20200320_004236	Opción 3	3번 옵션				
UI_20200320_004237	Opción 4	4번 옵션				
UI_20200320_004238	Opción 5	5번 옵션				
UI_20200320_004239	Opción 6	6번 옵션				
UI_20200320_004240	Cambio por lotes a Opción 1	1번 옵션으로 일괄 변경합니다				
UI_20200320_004241	{@st43}Truco: Ichor Fijo{/}	{@st43}치트 : 고정 아이커{/}				
UI_20200320_004242	Seleccionar Conjunto	세트 선택				
UI_20200320_004243	Seleccionar Objeto	아이템 선택				
UI_20200320_004244	Opción Seleccionada	선택 옵션				
UI_20200320_004245	Opción Existente	기존 옵션				
UI_20200320_004246	No se puede Encantar	인챈트 불가				
UI_20200320_004247	Rango de Tipo	계열 등수				
UI_20200320_004248	{@st43}{s14}{ol}{ds}Rango %s (Top %s%)	{@st43}{s14}{ol}{ds}%s위 (상위 %s%)				
UI_20200320_004249	Mejor Puntuación de Intento	도전 1회 최고 점수				
UI_20200320_004250	Daño Acumulado	누적 대미지				
UI_20200320_004251	{@st43}{s18}{ol}{ds}Rango %s	{@st43}{s18}{ol}{ds}%s위				
UI_20200320_004252	{@st66b}{s16}Muro de Fuego	{@st66b}{s16}불장벽				
UI_20200429_004253	{@st42b}{ol}{s20}Girar la Ruleta (%s/%s)	{@st42b}{ol}{s20}룰렛 돌리기 (%s/%s)				
UI_20200429_004254	Requiere 10 Monedas de Ruleta de Diosa.	10개의 코인이 소모됩니다.				
UI_20200429_004255	Consultar la Lista de Recompensas	획득 가능한 아이템 확인하기				
UI_20200429_004256	{@st43b}{s22}Objetos Disponibles de la Ruleta de Diosa	{@st43b}{s22}여신의 룰렛 획득 가능 아이템				
UI_20200429_004257	{@st66b}{s16}* Los objetos disponibles cambiarán a medida que aumente el número acumulado de giros.	{@st66b}{s16}* 누적 이용 횟수에 따라 획득 가능 아이템 등급이 바뀝니다.				
UI_20200514_004258	Aplicar Filtro	필터 적용				
UI_20200514_004259	{@st59}Cerrar UI de Asistente{/}	{@st59}어시스터 UI를 닫습니다{/}				
UI_20200514_004260	{@st43}{s22}Gabinete del Asistente{/}	{@st43}{s22}어시스터 보관함{/}				
UI_20200514_004261	{@st59b}Info del Asistente{nl}{@st59s} - Puedes ver los Asistentes en tu posesión en la pestaña Info del Asistente.{nl} - Los Asistentes que deseas usar deben estar registrados en la ranura principal, lo cual se puede hacer moviendo los Asistentes desde la lista de abajo manteniendo presionado y arrastrando con el botón derecho.{nl} - Todos los Asistentes poseen un Grado y un Potencial.{nl}[Grado]{nl} - Muestra el nivel de poder del Asistente.{nl} - Los grados se dividen en Normal, Mágico, Único y Leyenda, lo que afecta el rendimiento del Asistente en batalla.{nl}[Grado de Evolución]{nl} - Todos los Asistentes pueden evolucionar un máximo de dos veces. Una evolución aumenta el número de habilidades disponibles y las estadísticas del Asistente.{nl} - Todos los Asistentes comienzan con un Grado de Evolución de 1 Estrella y pueden evolucionar hasta un máximo de 3 Estrellas.{/}{nl}{@st59b}Fusión{nl}{@st59s} - Puedes fusionar 3 del mismo Grado para obtener un Asistente aleatorio del mismo Grado.{nl} - También hay un 5% de probabilidad de obtener un Asistente de grado superior al fusionar los Asistentes.{/}{nl}{@st59b}Evolución{nl}{@st59s} - Puedes usar 3 Asistentes idénticos para evolucionar a tu Asistente.{nl} - La evolución solo funciona al usar 3 Asistentes idénticos del mismo Grado de Evolución y dará como resultado 1 Asistente idéntico con un Grado de Evolución +1.{nl} - El nivel del Asistente resultante será idéntico al del Asistente con el nivel más alto.{/}	{@st59b}어시스터 정보{nl}{@st59s} - 보유 중인 어시스터를 어시스터 정보 탭을 통해 확인할 수 있습니다.{nl} - 사용할 어시스터는 상단의 메인 슬롯에 등록을 해야 하며, 하단의 어시스터 목록에서 우 클릭하여 옮길수 있습니다.{nl} - 어시스터는 진화 등급과 등급의 속성을 가지고 있습니다.{nl} [등급]{nl}   - 어시스터 고유의 성능 등급을 나타냅니다.{nl}   - 등급은 노말/매직/유니크/레전드로 구별되며, 등급에 따라 어시스터 성능에 차등이 있습니다.{nl} [진화 등급]{nl}   - 모든 어시스터는 두 번의 진화가 가능하며, 진화 시 사용 스킬 개수와 스탯이 증가합니다.{nl}   - 모든 어시스터는 최초 1성으로 시작하며, 3성까지 진화가 가능합니다.{/}{nl}{@st59b}합성{nl}{@st59s} - 동일한 등급의 어시스터 3개를 소모하여 동일한 등급의 랜덤한 어시스터를 획득할 수 있습니다.{nl} - 5% 확률로 1단계 높은 등급의 어시스터를 획득할 수 있습니다.{/}{nl}{@st59b}진화{nl}{@st59s} - 동일한 어시스터 3개를 소모하여 어시스터를 진화시킬 수 있습니다.{nl} - 진화는 동일한 진화 등급의 어시스터로만 가능하며, 진화 시 1단계 높은 진화 등급의 어시스터를 획득합니다.{nl} - 진화 시 3개의 어시스터 중 가장 높은 어시스터의 레벨로 등장합니다.{/}				
UI_20200514_004262	{@st59}Cerrar Gabinete del Asistente{/}	{@st59}어시스터 보관함을 닫습니다{/}				
UI_20200514_004263	{@st66b}{s16}Info del Asistente{/}	{@st66b}{s16}어시스터 정보{/}				
UI_20200514_004264	{@st42b}{s18}Pasiva	{@st42b}{s18}패시브 효과				
UI_20200514_004265	{@st42b}{s18}Costo: %s/%s	{@st42b}{s18}코스트: %s/%s				
UI_20200514_004266	{@st59}Organizar lista de Asistentes.{/}	{@st59}어시스터 리스트를 정렬합니다.{/}				
UI_20200514_004267	{@st59}Álbum de Cartas de Asistente{/}	{@st59}어시스터 카드첩{/}				
UI_20200514_004268	{@st42b}{s18}Asistente: %s/%s	{@st42b}{s18}보유 수: %s/%s				
UI_20200514_004269	{@st42}{#7AE4FF}Artes Actuales{/}{/}	{@st42}{#7AE4FF}보유중인 아츠{/}{/}				
UI_20200514_004270	{@st43b}{s20}Lista de Compañeros 	{@st43b}{s20}컴패니언 목록				
UI_20200514_004271	- Por Inicio de Sesión: Organiza según el orden de inicio de sesión más reciente.{nl}- Por Más Reciente: Organiza según el orden de amigo agregado o modificado más recientemente.{nl}- Por Nombre de Equipo: Organiza el nombre de equipo en orden alfabético.	- 접속순 : 가장 최근 접속한 순서로 정렬합니다.{nl}- 최신순 : 가장 최근에 추가, 수정한 친구 순서로 정렬합니다.{nl}- 팀명순 : 팀명을 가나다순으로 정렬합니다.				
UI_20200514_004272	{@st43b}{s22}Ruleta de Diosa	{@st43b}{s22}여신의 룰렛				
UI_20200514_004273	{@st42b}{s24}Has obtenido la cantidad de hoy.{nl}La cantidad diaria se reiniciará al día siguiente a las 6 AM EST	{@st42b}{s24}일일 획득량을 모두 획득하셨습니다.{nl}다음날 오전 06시에 초기화 됩니다.				
UI_20200514_004274	[Convertir Contribución a Millaje de Gremio]{nl}- Ratio de conversión de 1 (Contribución de Gremio) : 1 (Millaje de Gremio).{nl} {nl}[Convertir Millaje de Gremio a Contribución]{nl}- Ratio de conversión de 10 (Millaje de Gremio) : 1 (Contribución de Gremio){nl}- Esta función solo puede ser usada por el Maestro del Gremio.{nl} {nl}[Distribuir Contribución a Miembros]{nl}- Ratio de distribución de 1 (Mi Contribución): 1 (Contribución del Miembro){nl}- Esta función solo puede ser usada por el Maestro del Gremio.	[내 기여도를 길드 마일리지로 전환]{nl}- 1(길드 기여도) : 1(길드 마일리지)의 비율로 기여도가 길드 마일리지로 전환됩니다.{nl} {nl}[길드 마일리지를 기여도로 전환]{nl}- 10(길드 마일리지) : 1(길드 기여도)의 비율로 길드 마일리지가 기여도로 전환됩니다.{nl}- 해당 기능은 길드 마스터만 이용이 가능합니다.{nl} {nl}[길드원에게 기여도 분배]{nl}- 1(내 기여도) : 1(길드원 기여도)의 비율로 기여도를 길드원에게 분배할 수 있습니다.{nl}- 해당 기능은 길드 마스터만 이용이 가능합니다.{nl} {nl}[길드 기여도 획득 방법 및 점수]{nl}- 길드 콜로니전 참여 : 200{nl}- 길드 퀘스트 참여 : 30{nl}- 길드 성장 : 탈트, 길드 퀘스트 보상 주화 등을 통해 성장에 기여한 수치에 따라 다름{nl}- 길드 자금 입금 : 5,000 실버당 기여도 1 획득{nl}- 길드 아지트 레이드 참여 : 길드 레벨과 공헌 등급에 따라 다르며 최대 120까지 획득 가능	UI_20191024_003972	[Convertir Contribución a Millaje de Gremio]{nl}- Ratio de conversión de 1 (Contribución de Gremio) : 1 (Millaje de Gremio).{nl} {nl}[Convertir Millaje de Gremio a Contribución]{nl}- Ratio de conversión de 10 (Millaje de Gremio) : 1 (Contribución de Gremio){nl}- Esta función solo puede ser usada por el Maestro del Gremio.{nl} {nl}[Distribuir Contribución a Miembros]{nl}- Ratio de distribución de 1 (Mi Contribución): 1 (Contribución del Miembro){nl}- Esta función solo puede ser usada por el Maestro del Gremio.	[내 기여도를 길드 마일리지로 전환]{nl}- 1(길드 기여도) : 1(길드 마일리지)의 비율로 기여도가 길드 마일리지로 전환됩니다.{nl} {nl}[길드 마일리지를 기여도로 전환]{nl}- 10(길드 마일리지) : 1(길드 기여도)의 비율로 길드 마일리지가 기여도로 전환됩니다.{nl}- 해당 기능은 길드 마스터만 이용이 가능합니다.{nl} {nl}[길드원에게 기여도 분배]{nl}- 1(내 기여도) : 1(길드원 기여도)의 비율로 기여도를 길드원에게 분배할 수 있습니다.{nl}- 해당 기능은 길드 마스터만 이용이 가능합니다.	
UI_20200514_004275	{@st42b}Vacío{/}	{@st42b}비우기{/}				
UI_20200514_004276	{@st42b}Tienda de Mobiliario	{@st42b}가구 상점				
UI_20200514_004277	{@st42b}Cambiar Página{/}	{@st42b}페이지 변경{/}				
UI_20200514_004278	Instalar	설치				
UI_20200514_004279	{@st43b}{s26}Tablón de Vivienda Privada	{@st43b}{s26}개인 하우징 게시판				
UI_20200514_004280	Actualizar	새로고침				
UI_20200514_004281	Casa Recomendada	추천 하우스				
UI_20200514_004282	Casa de Amigo	친구의 하우스				
UI_20200514_004283	Casa de Miembro del Gremio	길드원의 하우스				
UI_20200514_004284	Mi Casa	마이 하우스				
UI_20200514_004285	Buscar por Nombre de Equipo 	팀명으로 검색해 보세요				
UI_20200514_004286	Título de la Publicación	게시글 제목				
UI_20200514_004287	Nombre de Equipo del Autor	작성자 팀 이름				
UI_20200514_004288	{@st41b}{s16}Mover a Vivienda	{@st41b}{s16}하우징으로 이동				
UI_20200514_004289	Editar Publicación	게시글을 편집합니다				
UI_20200514_004290	Editar	편집				
UI_20200514_004291	{@st43b}{s20}Info Social	{@st43b}{s20}소셜 정보				
UI_20200514_004292	{@st42b}{s18}{ds}Visitantes Acumulados : %s	{@st42b}{s18}{ds}누적 방문자 : %s				
UI_20200514_004293	{@st42b}{s18}{ds}Visitantes Hoy : %s	{@st42b}{s18}{ds}금일 방문자 : %s				
UI_20200514_004294	{@st42b}{s18}{ds}Me gusta : %s	{@st42b}{s18}{ds}좋아요 : %s				
UI_20200514_004295	{@st42b}{s18}{ds}Mensaje : %s	{@st42b}{s18}{ds}한줄 메세지 : %s				
UI_20200514_004296	{@st43b}{s20}Opción: Abrir vivienda privada al público	{@st43b}{s20}개인 하우징 공개 옵션				
UI_20200514_004297	{@st43b}{s20}Info de Punto	{@st43b}{s20}포인트 정보				
UI_20200514_004298	{@st42b}{s18}{ds}Vivienda Privada : Grado %s 	{@st42b}{s18}{ds}개인 하우징 : %s단계				
UI_20200514_004299	{@st42b}{s18}{ds}Punto de Colocación: %s	{@st42b}{s18}{ds}배치 포인트 : %s				
UI_20200514_004300	{@st42b}{s18}{ds}Punto de Vivienda Privada : %s	{@st42b}{s18}{ds}개인 하우징 포인트 : %s				
UI_20200514_004301	{@st43b}{s26}Editar Publicación	{@st43b}{s26}게시글 편집				
UI_20200514_004302	{@st43b}{s22}Título	{@st43b}{s22}제목				
UI_20200514_004303	Por favor ingresa un título	제목을 입력하세요				
UI_20200514_004304	{@st43b}{s22}Vista Previa en Miniatura{/}	{@st43b}{s22}썸네일 미리보기{/}				
UI_20200514_004305	ⓘ Se pueden subir archivos PNG (24bit/32bit) de tamaño %s.{nl}ⓘ Solo se pueden subir archivos con letras en inglés o números. {nl}ⓘ Las imágenes controvertidas pueden ser restringidas.{nl}ⓘ Sube Miniaturas subiendo archivos o Película.	ⓘ %s 크기의 PNG(24bit/32bit)파일만 등록 가능합니다.{nl}ⓘ 파일 이름이 영문과 숫자로 이루어진 파일만 등록 가능합니다.{nl}ⓘ 문제 있는 이미지 사용 시 제재가 있을 수 있습니다.{nl}ⓘ 썸네일은 직접 파일을 등록하거나 촬영하기를 통해 등록 가능합니다.				
UI_20200514_004306	{@st41b}{s16}{ol}Película	{@st41b}{s16}{ol}촬영하기				
UI_20200514_004307	{@st41b}{s16}{ol}Importar	{@st41b}{s16}{ol}불러오기				
UI_20200514_004308	{@st43b}{s22}Mensaje	{@st43b}{s22}한줄 메세지				
UI_20200514_004309	Por favor ingresa contenido	내용을 입력하세요				
UI_20200514_004310	ⓘ El Tablón de Vivienda Privada solo se puede modificar o publicar un máximo de 5 veces por día.  (Reinicio : 00:00 AM EST)	ⓘ 개인 하우징 게시판은 1일 최대 5회 수정 및 등록할 수 있습니다. (초기화 : 00시)				
UI_20200514_004311	{@st41b}{s16}{ol}Escribir	{@st41b}{s16}{ol}작성하기				
UI_20200514_004312	{@st66b}Ranking de Contenidos	{@st66b}콘텐츠 랭킹				
UI_20200514_004313	{@st66b}{s16}Tiempo de Completado	{@st66b}{s16}클리어 시간				
UI_20200514_004314	{@st66b}{s16}Nombre del Gremio	{@st66b}{s16}길드 명				
UI_20200514_004315	{@st66b}{s16}Nombre del Miembro del Grupo	{@st66b}{s16}파티원 명				
UI_20200514_004316	Ranura	슬롯				
UI_20200514_004317	{@st66}{s18}Se usará %s %s.	{@st66}{s18}%s %s개가 소비됩니다.				
UI_20200514_004318	Crear Arca	아크 제작				
UI_20200514_004319	Fabricar Ingrediente Especial	특수 재료 제작				
UI_20200514_004320	Coloca el objeto a convertir	전환할 아이템을 올려주세요				
UI_20200514_004321	{@st43}Convertir Ingredientes Leyenda	{@st43}레전드 재료 전환				
UI_20200514_004322	Convertir	전환				
UI_20200514_004323	{@st59b}Ingresar imagen{nl}{@st59s}- Busca una imagen y regístrala{nl}- Actualiza para renovar la lista, luego selecciona la imagen{nl}-Se pueden mostrar un máximo de 10 imágenes.	{@st59b}이미지 등록{nl}{@st59s}-폴더 열기 버튼을 통해 폴더에 이미지를 등록{nl}-새로고침을 통해 리스트를 갱신, 선택 후 확인{nl}-최대 10개의 이미지만 표시됩니다.	UI_20170912_002801	{@st59b}Ingresar imagen{nl}{@st59s}- Busca una imagen y regístrala{nl}- Actualiza para renovar la lista, luego selecciona la imagen	{@st59b}이미지 등록{nl}{@st59s}-폴더 열기 버튼을 통해 폴더에 이미지를 등록{nl}-새로고침을 통해 리스트를 갱신, 선택 후 확인	
UI_20200514_004324	{@st66d_y}{s16}Ruleta de Diosa	{@st66d_y}{s16}여신의 룰렛				
UI_20200514_004325	{@st59b}Info del Compañero{nl}{@st59s} - Puedes configurar tu compañero como Activo o en Modo Descanso usando el botón de abajo. {nl} - Se pueden personalizar los atributos y objetos equipados de tu compañero.{nl} - Los compañeros en el refugio se pueden invocar y desinvocar con el botón Lista de Compañeros{nl} - No aplica a Compañeros de tipo Volador en la Lista de Compañeros{nl} - Al entrar al refugio después de invocar compañeros desde el refugio de otro número, dejas de estar acompañado por el compañero{nl} - Cuando el ícono del compañero está en la ranura rápida, solo es posible invocar al compañero (Desinvocar en la UI de Info del Compañero){nl} - Desinvoca compañeros terrestres con Shift+R (No aplica a Compañeros de tipo Volador){/} 	{@st59b}컴패니언 정보{nl}{@st59s} - 휴면/활동 버튼으로 컴패니언 넣고 빼기 가능{nl} - 컴패니언의 특성, 아이템 장착으로 커스터마이즈 가능{nl} - 컴패니언 목록 버튼으로 숙소에있는 컴패니언 소환, 소환해제 가능{nl} - 컴패니언 목록 리스트에 공중형 컴패니언은 적용되지 않음{nl} - 게임 내에서 다른 번호 숙소에 있는 컴패니언을 소환했을 때, 숙소에 입장하면 컴패니언과 동행 상태가 아니게 됨{nl} - 컴패니언 아이콘이 퀵 슬롯에 등록된 상태에서는 컴패니언 소환만 가능 (소환 해제는 컴패니언 정보 UI에서 가능){nl} - Shift+R 단축키로 지상형 컴패니언을 소환 해제할 수 있음 (공중형 컴패니언은 제외){/}	UI_20150317_000477	{@st59b}Info del Compañero{nl}{@st59s} - Puedes configurar tu compañero como Activo o en Modo Descanso usando el botón de abajo. {nl} - Se pueden personalizar los atributos y objetos equipados de tu compañero. {/}	{@st59b}컴패니언 정보{nl}{@st59s} - 휴면/활동 버튼으로 컴패니언 넣고 빼기 가능{nl} - 컴패니언의 특성, 아이템 장착으로 커스터마이즈 가능{/}	
UI_20200514_004326	{@st59b}Lista de Compañeros{/}	{@st59b}컴패니언 목록{/}				
UI_20200514_004327	{@st41b}{s16}Cancelar	{@st41b}{s16}취소				
UI_20200514_004328	{@st41b}{s16}Captura de Pantalla	{@st41b}{s16}캡처				
UI_20200514_004329	{@st43}Truco: Encantar o Despertar{/}	{@st43}치트 : 인챈트 및 각성{/}				
UI_20200514_004330	Encantar Joya	인챈트 주얼				
UI_20200514_004331	Establecer Estadísticas	세트 옵션				
UI_20200514_004332	{@st42b}{s16}Eliminar{/}	{@st42b}{s16}제거{/}				
UI_20200514_004333	{@st42b}{s16}Atajo{/}	{@st42b}{s16}바로가기{/}				
UI_20200514_004334	{img icon_item_silver 24 24} Costo de Fabricación{/}%s	{img icon_item_silver 24 24} 제작 비용{/}%s				
UI_20200514_004335	No hay lista para mostrar.	표시할 목록이 없습니다.				
UI_20200514_004336	Nombre de Categoría	카테고리 이름				
UI_20200514_004337	Nombre de Equipo Blah Blah	팀 이름 블라 블라				
UI_20200514_004338	{@st66b}{s16}Costo	{@st66b}{s16}코스트				
UI_20200514_004339	{@st66b}{s16}Pasiva Original{/}	{@st66b}{s16}고유 패시브{/}				
UI_20200514_004340	{@st43b}{s18}Efecto Pasivo	{@st43b}{s18}패시브 효과				
UI_20200514_004341	{@st42b}{s14}{ds}◆Pasiva Original	{@st42b}{s14}{ds}◆고유 패시브				
UI_20200514_004342	{@st42b}{s14}{ds}◆Pasiva de Combinación	{@st42b}{s14}{ds}◆조합 패시브				
UI_20200609_004343	{@st66d_y}{s16}Recorrido de Sellos	{@st66d_y}{s16}스탬프 투어	UI_20200514_004324	{@st66d_y}{s16}Ruleta de Diosa	{@st66d_y}{s16}여신의 룰렛	
UI_20200710_004344	{@st43}Peluca de Bolsillo (Masculina)	{@st43}디자인 컷(남)				
UI_20200710_004345	{@st43}Peluca de Bolsillo (Femenina)	{@st43}디자인 컷(여)				
UI_20200710_004346	La cantidad máxima de puntos que se puede ganar se reinicia cada lunes a las 06:00, hora del servidor.{nl}Los puntos se pueden ganar de la siguiente manera:{nl} {nl}- Conectarse al juego: 10 puntos (5 puntos adicionales para jugadores en un gremio y jugadores bajo efectos de Token){nl} - Pesca exitosa: 1 punto por captura{nl} - Incursión Leyenda: 20 puntos{nl} (Excepto en la Torre de la Tierra, donde se ganan 5 puntos cada 5 niveles){nl}- Misión de Defensa Cuesta Arriba: 10 puntos{nl}- Incursión Única: 20 puntos{nl}- Mazmorra de Nivel: 10 puntos{nl}- Misión Diaria: 10 puntos{nl}- Liga de Batalla de Equipos : 50 puntos (Otorgados al finalizar sin importar el resultado)	획득 가능한 포인트량은 매주 월요일 6시에 초기화됩니다.{nl}포인트는 아래의 방법으로 획득할 수 있습니다.{nl} {nl}- 접속: 10 포인트 (PC방 접속 중, 길드 가입 중, 토큰 적용 중일 시 각 5 포인트 추가 획득){nl}- 낚시 성공: 1회 당 1 포인트{nl}- 레전드 레이드: 20 포인트{nl}  (단, 대지의 탑은 5층 단위로 5점씩 지급됩니다.){nl}- 업힐 디펜스 미션: 10 포인트{nl}- 유니크 레이드: 20 포인트{nl}- 레벨 던전: 10 포인트{nl}- 일일 퀘스트: 10 포인트{nl}- 팀 배틀리그 : 50 포인트 (종료 후 승패에 관계없이 지급)	UI_20200129_004089	La cantidad máxima de puntos que se puede ganar se reinicia cada lunes a las 06:00, hora del servidor.{nl}Los puntos se pueden ganar de la siguiente manera:{nl} {nl}- Conectarse al juego: 10 puntos (5 puntos adicionales para jugadores en un gremio y jugadores bajo efectos de Token){nl} - Pesca exitosa: 1 punto por captura{nl} - Incursión Leyenda: 20 puntos{nl} (Excepto en la Torre de la Tierra, donde se ganan 5 puntos cada 5 niveles){nl}- Misión de Defensa Cuesta Arriba: 10 puntos{nl}- Incursión Única: 20 puntos{nl}- Mazmorra de Nivel: 10 puntos{nl}- Misión Diaria: 10 puntos	획득 가능한 포인트량은 매주 월요일 6시에 초기화됩니다.{nl}포인트는 아래의 방법으로 획득할 수 있습니다.{nl} {nl}- 접속: 10 포인트 (PC방 접속 중, 길드 가입 중, 토큰 적용 중일 시 각 5 포인트 추가 획득){nl}- 낚시 성공: 1회 당 1 포인트{nl}- 레전드 레이드: 20 포인트{nl}  (단, 대지의 탑은 5층 단위로 5점씩 지급됩니다.){nl}- 업힐 디펜스 미션: 10 포인트{nl}- 유니크 레이드: 20 포인트{nl}- 레벨 던전: 10 포인트{nl}- 일일 퀘스트: 10 포인트	
UI_20200710_004347	{@st66b18}Nombre Disponible.{nl}※El TP y el objeto usados no se reembolsan.{/}	{@st66b18}사용 가능한 이름입니다.{nl}※이름 변경에 사용된 TP 또는 아이템은 환불되지 않습니다.{/}				
UI_20200710_004348	{@st66b18}Nombre Disponible.{nl}※El objeto se consume al cambiar el nombre.{/}	{@st66b18}사용 가능한 이름입니다.{nl}※이름을 변경하면 아이템이 소모됩니다.{/}				
UI_20200710_004349	Título	타이틀				
UI_20200710_004350	{@st41b}{s16}Costo 1 Vez	{@st41b}{s16}1회 비용				
UI_20200710_004351	{@st43}{s20}1 Vez	{@st43}{s20}1회				
UI_20200710_004352	{@st41b}{s16}Por favor ingresa el número de intentos	{@st41b}{s16}시도할 횟수를 입력해 주세요				
UI_20200710_004353	{@st43}{s20}Continuar	{@st43}{s20}연속				
UI_20200710_004354	{@st43}{s20}Detener	{@st43}{s20}중단				
UI_20200710_004355	%s Actual:{@st66d_y}%s{/}	보유 %s:{@st66d_y}%s{/}				
UI_20200710_004356	{@st41b}{s16}Por favor ingresa el número de la oferta	{@st41b}{s16}봉헌할 횟수를 입력해 주세요				
UI_20200710_004357	{@st43}{s24}Ofrenda Continua	{@st43}{s24}연속 봉헌				
UI_20200710_004358	{@st43}{s24}Detener	{@st43}{s24}중단				
UI_20200710_004359	{@st42b}Tablón de Vivienda Personal{/}	{@st42b}개인 하우징 게시판{/}				
UI_20200710_004360	{@st41b}Vista Previa de Objeto{/}	{@st41b}미리보기 아이템{/}				
UI_20200710_004361	Tienda de Vivienda	하우징 샵				
UI_20200710_004362	{@st66b}{s20}Comprar	{@st66b}{s20}구매				
UI_20200710_004363	{@st66}-Mobiliario	{@st66}-가구				
UI_20200710_004364	{@st66}-Vista Previa	{@st66}-미리보기				
UI_20200710_004365	{@st66}-Descuentos de Vale	{@st66}-상품권 할인				
UI_20200710_004366	{@st66}No hay vales disponibles.{/}	{@st66}사용 가능한 상품권이 없습니다.{/}				
UI_20200710_004367	{@st66b}{s20}Venta	{@st66b}{s20}판매				
UI_20200710_004368	Al liquidar, se organizarán los muebles de vista previa.	정산 시, 미리보기 가구들이 배치됩니다.				
UI_20200710_004369	{@st66}Estado de Organización	{@st66}배치 여부				
UI_20200710_004370	{@st42}  Automático  {/}	{@st42}  자동  {/}				
UI_20200710_004371	{@st66d}Cancelar{/}	{@st66d}취소{/}				
UI_20200710_004372	{@st66d}Liquidar{/}	{@st66d}정산{/}				
UI_20200710_004373	Equipar Ichor	아이커 일괄 장착				
UI_20200710_004374	Desequipar Ichor (Fijo)	아이커 일괄 장착 해제(고정옵션)				
UI_20200710_004375	Desequipar Ichor (Aleatorio)	아이커 일괄 장착 해제(랜덤옵션)				
UI_20200710_004376	{@st66b}Batalla de Bloqueo	{@st66b}봉쇄전				
UI_20200710_004377	{@st66b}{s16}Nombre del Gremio	{@st66b}{s16}길드명				
UI_20200710_004378	{@st66b}{s16}Tiempo	{@st66b}{s16}시간				
UI_20200710_004379	Información del Jefe	보스 정보				
UI_20200710_004380	Info de Batalla de Bloqueo 	봉쇄전 정보				
UI_20200710_004381	{nl}{s18}Sobre la Batalla de Bloqueo{/}{nl} {nl}[Autoridad para Participar]{nl}Solo los Gremios que asediaron un territorio en GTW pueden participar en la batalla.{nl}*Misión de Gremio: Participa automáticamente al avanzar con el Ser Antiguo{nl} {nl}[Ranking de Batalla en la Guarida de Sulivinas]{nl} Los rankings de Batalla en la Guarida de Sulivinas se cuentan hasta el valor decimal para que el gremio más rápido en completar el contenido{nl}quede clasificado más alto. {nl} {nl}[Recibir recompensas de Batalla en la Guarida de Sulivinas]{nl} Las recompensas de Batalla en la Guarida de Sulivinas se otorgarán después de las 7 PM del domingo, y el maestro de gremio autorizado{nl}puede	{nl}{s18}봉쇄전 도움말{/}{nl} {nl}[봉쇄전 참여 권한]{nl}봉쇄전은 길드 콜로니전 스팟 점령 길드만 참여가능합니다.{nl}*길드 퀘스트 : 고대의 존재를 진행할 경우 자동으로 참여{nl} {nl}[봉쇄전 순위 정산]{nl} 봉쇄전 순위는 소숫점까지 계산되어 가장 빨리 콘텐츠를{nl}클리어한 길드가 높은 순위에 랭크되는 방식으로 진행됩니다.{nl} {nl}[봉쇄전 보상 수령]{nl} 봉쇄전 보상 수령은 일요일 오후 7시 이후, 길드 마스터 권한이 있는{nl}플레이어가 				
UI_20200710_004382	obténlos mediante pestaña.	탭을 통해 획득할 수 있습니다.				
UI_20200710_004383	{s16}{ol}{#FFFFFF}Mover	{s16}{ol}{#FFFFFF}이동				
UI_20200710_004384	Moviéndose a la entrada.	입장 위치로 이동합니다.				
UI_20200710_004385	{s16}{ol}{#FFFFFF}Recibir recompensas	{s16}{ol}{#FFFFFF}보상 수령				
UI_20200710_004386	Solo puede ser usado por el Maestro del Gremio.{nl}Las recompensas se enviarán automáticamente al almacén del gremio.	길드 마스터만 이용 가능합니다.{nl}수령한 보상은 길드 보관함으로 지급됩니다.				
UI_20200710_004387	{@st47}{s18}Cantidad de Equipo Desmantelado: %s/%s	{@st47}{s18}분해 장비 수: %s/%s				
UI_20200710_004388	* Los atributos comunes también se reiniciarán,{nl}se devolverá un total de {#FF0000}%s{/} puntos de atributo.{nl}Puntos de Atributo tras el reembolso: {#FF0000}%s{/}+{#FF0000}%s{/}	* 변경 시 공용 특성도 초기화 되며,{nl}총 {#FF0000}%s{/}의 특성 포인트가 환급됩니다.{nl}환급 후 특성 포인트: {#FF0000}%s{/}+{#FF0000}%s{/}				
UI_20200710_004389	{@st66b}{s18}Sistema{/}	{@st66b}{s18}시스템{/}				
UI_20200710_004390	{@st66b}{s18}Gráfico{/}	{@st66b}{s18}그래픽{/}				
UI_20200710_004391	{@st66b}Fijar Objetivo a Objetos Neutrales Cercanos por Adelantado{/}	{@st66b}근처의 중립 오브젝트 우선 타겟{/}				
UI_20200710_004392	{@st43}Control{/}	{@st43}조작{/}				
UI_20200710_004393	{@st43}Común{/}	{@st43}공통{/}				
UI_20200710_004394	{@st43}Guerras Territoriales del Gremio{/}	{@st43}콜로니전{/}				
UI_20200710_004395	{@st66b}Tamaño de Info de HP de Otro Personaje en GTW{/}	{@st66b}콜로니전 다른 캐릭터 체력 정보 크기{/}				
UI_20200710_004396	{@st66b}Ver buff del Personaje en GTW{/}	{@st66b}콜로니전 캐릭터 버프 보기{/}				
UI_20200710_004397	{@st66b}Ver Más Grande{/}	{@st66b}크게 보기{/}				
UI_20200710_004398	{@st66b}Ver Más Pequeño{/}	{@st66b}작게 보기{/}				
UI_20200710_004399	{@st66b}Activar la Alarma de Batalla GTW{/}	{@st66b}콜로니전 전투 알람 켜기{/}				
UI_20200710_004400	{@st66b}Ver Nombre del Gremio de GTW{/}	{@st66b}콜로니전 길드명 보기{/}				
UI_20200710_004401	{@st66b}Ver Nombre de Equipo de GTW{/}	{@st66b}콜로니전 팀명 보기{/}				
UI_20200710_004402	{@st66b}Ver Emblema del Gremio Hostil de GTW{/}	{@st66b}콜로니전 적대 길드 엠블럼 일괄 보기{/}				
UI_20200710_004403	{@st66b}Ver Mi Personaje{/}	{@st66b}내 캐릭터 보기{/}				
UI_20200710_004404	{@st66b}Ver Personaje del Grupo{/}	{@st66b}파티 캐릭터 보기{/}				
UI_20200710_004405	{@st66b}Ver Personaje de Miembros del Gremio{/}	{@st66b}길드원 캐릭터 보기{/}				
UI_20200710_004406	{@st66b}Ver Personaje Hostil{/}	{@st66b}적대 캐릭터 보기{/}				
UI_20200710_004407	{@st66b}Ver rango de habilidad del Jefe	{@st66b}보스 스킬 범위 보기				
UI_20200710_004408	{s18}Por favor ingresa la siguiente frase {nl}[%s]	{s18}다음 문구를 입력해 주세요{nl}[%s]				
UI_20200710_004409	{@st66b18}Nombre disponible. {nl}※El TP usado no se reembolsa{/}	{@st66b18}사용 가능한 이름입니다. {nl}※구매에 사용된 TP는 환불되지 않습니다.{/}				
UI_20200710_004410	{@st59}Vista Previa	{@st59}미리보기				
UI_20200710_004411	{@st43}{s15}{ol}{ds}Rango %s	{@st43}{s15}{ol}{ds}%s위				
UI_20200710_004412	Sin Registros	기록 없음				
UI_20200710_004413	{@st43b}{s16}Estadísticas Actuales	{@st43b}{s16}적용 옵션				
UI_20200710_004414	{@st43b}{s16}Estadísticas de Equipo	{@st43b}{s16}장착 옵션				
UI_20200710_004415	{@st43b}{s16}Estadísticas de Ichor	{@st43b}{s16}아이커 옵션				
UI_20200710_004416	Puede equipar/desequipar Ichor	아이커 일괄 장착/해제 가능				
UI_20200727_004417	{@st66b18}Nombre usable.{nl}¿Deseas crear?{/}	{@st66b18}사용 가능한 이름입니다.{nl}생성하시겠습니까?{/}				
UI_20200727_004418	Costo de Engarce Extra %s : {@st66d_y}%s{/} {nl}Costo de Extracción de Gema %s : {@st66d_y}%s{/}	소켓 추가 비용 %s : {@st66d_y}%s{/} {nl}젬 추출 비용 %s : {@st66d_y}%s{/}	UI_20190104_003717	Costo de Engarce Extra %s : {#000000}%s{/} {nl}Costo de Extracción de Gema %s : {#000000}%s{/}	소켓 추가 비용 %s : {#000000}%s{/} {nl}젬 추출 비용 %s : {#000000}%s{/}	
UI_20200805_004419	{@st66b}{s20} %s{nl} se puede usar para recibir varias recompensas.	{@st66b}{s20} %s를{nl}사용해 다양한 보상을 획득하세요.				
UI_20200805_004420	{@st66b}{s20}Grado Actual Adquirible	{@st66b}{s20}현재 획득 가능 등급				
UI_20200805_004421	{@st41}Abrir %s	{@st41}%s 개봉				
UI_20200805_004422	{@st66b}{s16}Número Total Abierto : %s%s	{@st66b}{s16}누적 개봉 횟 수 : %s%s				
UI_20200805_004423	{@st66b}{s16}Restante %s x%s	{@st66b}{s16}남은 %s %s개				
UI_20200805_004424	{@st42b}{s20}Objeto Adquirible	{@st42b}{s20}획득 가능 아이템				
UI_20200805_004425	{@st66b}Recompensa Adquirible{/}	{@st66b}획득 가능 보상{/}				
UI_20200805_004426	{@st66b}Recompensa de Cantidad Total de Aperturas	{@st66b}누적 개봉 보상				
UI_20200805_004427	{@st66b}{s16}* La Recompensa de Cantidad Total de Aperturas se otorga automáticamente.	{@st66b}{s16}* 누적 개봉 보상은 자동 지급됩니다.				
UI_20200805_004428	{@st66b}{s18}TOSventure	{@st66b}{s18}트캉스				
UI_20200805_004429	Evento TOSventure	트캉스 이벤트				
UI_20200805_004430	{@st41b}Eliminar Equipo{/}	{@st41b}팀 삭제{/}				
UI_20200805_004431	{@st59}Solicita eliminar el equipo.{/}	{@st59}팀 삭제를 요청합니다.{/}				
UI_20200805_004432	Por favor ingresa la siguiente frase	다음 문구를 입력해 주세요				
UI_20200826_004433	{@st66b}Recibir Recompensas{/}	{@st66b}보상 받기{/}				
UI_20200826_004434	{@st59}El Asistente seleccionado será bloqueado{/}	{@st59}선택한 어시스터가 잠금 상태가 됩니다.{/}				
UI_20200826_004435	Desmantelar Arca 	아크 분해				
UI_20200826_004436	{@st43b}{s18}Coloca el objeto que deseas desmantelar	{@st43b}{s18}분해할 아이템을 올려주세요				
UI_20200826_004437	{@st43b}{s18}Desmantelamiento completado	{@st43b}{s18}분해가 완료되었습니다				
UI_20200826_004438	{@st41b}{s18}Combinar	{@st41b}{s18}합성				
UI_20200826_004439	La cantidad máxima de puntos que se puede ganar se reinicia cada lunes a las 6AM, hora del servidor.{nl}Los puntos se pueden ganar de la siguiente manera:{nl} {nl}- Inicio de sesión: 10 puntos (5 puntos adicionales para jugadores en un gremio y jugadores bajo efectos de token){nl}- Pesca exitosa: 1 punto por captura.{nl}- Incursión Leyenda: 35 puntos{nl}* Nido de Velcoffer: 100 puntos{nl}* Torre de la Tierra: 25 puntos cada 5 niveles){nl}- Misión de Defensa Cuesta Arriba: 10 puntos{nl}- Incursión Única: 20 puntos{nl}- Mazmorra de Nivel: 10 puntos{nl}(Los puntos se pueden omitir al salir justo después de completar la Mazmorra de Nivel.){nl} -  Misión Diaria: 10 puntos{nl}- Liga de Batalla de Equipos : 50 puntos (Otorgados sin importar victoria o derrota)	획득 가능한 포인트량은 매주 월요일 6시에 초기화됩니다.{nl}포인트는 아래의 방법으로 획득할 수 있습니다.{nl} {nl}- 접속 : 10 포인트 (PC방 접속 중, 길드 가입 중, 토큰 적용 중일 시 각 5 포인트 추가 획득){nl}- 낚시 성공 : 1회 당 1 포인트{nl}- 레전드 레이드 : 35 포인트{nl}*벨코퍼의 둥지 : 100 포인트{nl}*대지의 탑 : 5층 단위로 25 포인트{nl}- 업힐 디펜스 미션 : 10 포인트{nl}- 유니크 레이드 : 20 포인트{nl}- 레벨 던전 : 10 포인트{nl}(레벨 던전을 클리어하여 빠르게 퇴장했을 경우, 포인트 지급이 누락될 수 있습니다.){nl}- 일일 퀘스트 : 10 포인트{nl}- 팀 배틀리그 : 50 포인트 (종료 후 승패에 관계없이 지급)	UI_20200710_004346	La cantidad máxima de puntos que se puede ganar se reinicia cada lunes a las 06:00, hora del servidor.{nl}Los puntos se pueden ganar de la siguiente manera:{nl} {nl}- Conectarse al juego: 10 puntos (5 puntos adicionales para jugadores en un gremio y jugadores bajo efectos de Token){nl} - Pesca exitosa: 1 punto por captura{nl} - Incursión Leyenda: 20 puntos{nl} (Excepto en la Torre de la Tierra, donde se ganan 5 puntos cada 5 niveles){nl}- Misión de Defensa Cuesta Arriba: 10 puntos{nl}- Incursión Única: 20 puntos{nl}- Mazmorra de Nivel: 10 puntos{nl}- Misión Diaria: 10 puntos{nl}- Liga de Batalla de Equipos : 50 puntos (Otorgados al finalizar sin importar el resultado)	획득 가능한 포인트량은 매주 월요일 6시에 초기화됩니다.{nl}포인트는 아래의 방법으로 획득할 수 있습니다.{nl} {nl}- 접속: 10 포인트 (PC방 접속 중, 길드 가입 중, 토큰 적용 중일 시 각 5 포인트 추가 획득){nl}- 낚시 성공: 1회 당 1 포인트{nl}- 레전드 레이드: 20 포인트{nl}  (단, 대지의 탑은 5층 단위로 5점씩 지급됩니다.){nl}- 업힐 디펜스 미션: 10 포인트{nl}- 유니크 레이드: 20 포인트{nl}- 레벨 던전: 10 포인트{nl}- 일일 퀘스트: 10 포인트{nl}- 팀 배틀리그 : 50 포인트 (종료 후 승패에 관계없이 지급)	
UI_20200826_004440	Combinar Vaivora	바이보라 합성				
UI_20200826_004441	{@st66b}{s16}- Combina 3 armas Vaivora para obtener un arma Vaivora aleatoria.{nl}- No se puede combinar equipo Vaivora Transmutado.	{@st66b}{s16}- 3개의 바이보라 무기를 합성하여 무작위 바이보라 무기를 획득합니다. {nl} - 연성된 바이보라 장비는 합성이 불가능 합니다.				
UI_20200826_004442	{@st41b}{s20} Usar Token de Multiplicación	{@st41b}{s20}배수 토큰 사용				
UI_20200826_004443	{@st43}Tienda	{@st43}상점				
UI_20200826_004444	{img icon_item_pvpmine_2 30 30}{@st41b}Objeto Comprado{/} %s	{img icon_item_pvpmine_2 30 30}{@st41b}구입 아이템{/} %s	UI_20190104_003652	{@st41b}Objetos Comprados{/} %s	{@st41b}구입 아이템{/} %s	
UI_20200826_004445	{img icon_item_pvpmine_2 30 30}{@st41b}Balance Estimado ->{/}	{img icon_item_pvpmine_2 30 30}{@st41b}예상 잔액 ▶{/}	UI_20150317_000633	{@st41b}Balance{/}	{@st41b}예상 잔액 ▶{/}	
UI_20200826_004446	{#001100}{s18}Puedes solicitar unirte.	{#001100}{s18}가입을 신청할 수 있습니다.				
UI_20200826_004447	Disponible %s veces	%s회 가능				
UI_20200826_004448	Veces de entrada	입장 시간				
UI_20200826_004449	%sBatallas %sVictorias %sDerrotas	%s전 %s승 %s패				
UI_20200826_004450	{@st43b}{s18}Opción Transferida	{@st43b}{s18}이전되는 옵션	UI_20200129_004122	{@st43b}{s18}Transferir Estadísticas	{@st43b}{s18}이전 옵션	
UI_20200826_004451	{@st43b}{s18}Opción Eliminada	{@st43b}{s18}삭제되는 옵션				
UI_20200826_004452	{@st66b}Mapa del Mundo{/}	{@st66b}월드맵{/}				
UI_20200826_004453	{@st59}Abrir Mapa del Mundo.{/}	{@st59}월드맵을 엽니다.{/}				
UI_20200826_004454	{@st41b}{%s}Potencial %s	{@st41b}{%s}포텐셜 %s				
UI_20200826_004455	{@st66b}Resucitar en el punto de inicio{/}	{@st66b}시작 지점에서 부활하기{/}				
UI_20200826_004456	{@st66b}Los 3 mejores jugadores del ranking por árbol de clase reciben un{nl}{#003997}"Quemador de Incienso Dimensional"{/} por el ranking de la semana anterior.{nl}Los jugadores que participaron durante la semana reciben un conjunto de{nl}{#003997}"Monedas de Remanentes de Bernice"{/} según su puntuación.{nl} {nl}{s13}La semana comienza cada lunes a las 06:00 (hora del servidor).{nl} {nl}{s13}{#8e0000}Los jugadores en el top 3 de varios árboles de clase reciben solo las recompensas correspondientes a su puntuación más alta.{nl} {nl}Si eso sucede, el siguiente jugador en la fila del árbol de clase correspondiente asciende al top 3 y recibe las recompensas.{nl} {nl}Completar el piso anterior y derrotar 0 monstruos en el siguiente piso se basará en la misma puntuación. En este caso, las cuentas que entraron al ranking más rápido se cuentan como prioridad.	{@st66b}직업군별 랭킹 TOP 3 구원자분들에게는{nl}{#003997} "차원의 향로"{/}아이템을 전 시즌 랭킹 보상으로 지급하며 시즌에 참여한 구원자 분들께는 자신의 기록에 비례한 수량의{nl}{#003997} "베르니케 파편 주화"{/}{nl}을 보상으로 지급합니다.{nl} {nl}{s13}시즌은 매주 월요일 06시에 초기화 됩니다{nl} {nl}{s13}{#8e0000}각 직업군 TOP3 순위에 오른 구원자분이 다른 직업군 TOP3 순위에도 오른 경우 가장 높은 순위의 보상 1회만 받게 됩니다.{nl} {nl}위와 같은 상황에서 제외된 구원자분을 대신하여 해당 직업군의 다음 순위의 구원자분이 랭킹 보상을 지급받게 됩니다.{nl} {nl}이전 층 클리어와 다음 층 0마리 처치는 같은 스코어로 기준됩니다. 이 경우 더 빠르게 랭킹에 진입한 계정이 우선순위로 집계됩니다.	UI_20190419_003847	{@st66b}Los 3 mejores jugadores del ranking por árbol de clase reciben un{nl}{#003997}"Quemador de Incienso Dimensional"{/} por el ranking de la semana anterior.{nl}Los jugadores que participaron durante la semana reciben un conjunto de{nl}{#003997}"Monedas de Remanentes de Bernice"{/} según su puntuación.{nl} {nl}{s13}La semana comienza cada lunes a las 06:00 (hora del servidor).{nl} {nl}{s13}{#8e0000}Los jugadores en el top 3 de varios árboles de clase reciben solo las recompensas correspondientes a su puntuación más alta.{nl} {nl}Si eso sucede, el siguiente jugador en la fila del árbol de clase correspondiente asciende al top 3 y recibe las recompensas.	{@st66b}직업군별 랭킹 TOP 3 구원자분들에게는{nl}{#003997} "차원의 향로"{/}아이템을 전 시즌 랭킹 보상으로 지급하며 시즌에 참여한 구원자 분들께는 자신의 기록에 비례한 수량의{nl}{#003997} "베르니케 파편 주화"{/}{nl}을 보상으로 지급합니다.{nl} {nl}{s13}시즌은 매주 월요일 06시에 초기화 됩니다{nl} {nl}{s13}{#8e0000}각 직업군 TOP3 순위에 오른 구원자분이 다른 직업군 TOP3 순위에도 오른 경우 가장 높은 순위의 보상 1회만 받게 됩니다.{nl} {nl}위와 같은 상황에서 제외된 구원자분을 대신하여 해당 직업군의 다음 순위의 구원자분이 랭킹 보상을 지급받게 됩니다.	
UI_20200826_004457	{@st66b}Valor Decimal de Reutilización (%s){/}	{@st66b}재사용 대기시간 소수점 (%s){/}				
UI_20200826_004458	{@st66b} Ver el rango del círculo mágico del Jefe	{@st66b}보스 마법진 범위 보기	UI_20200710_004407	{@st66b}Ver rango de habilidad del Jefe	{@st66b}보스 스킬 범위 보기	
UI_20200826_004459	{@st43}Intercambio de Sellos 	{@st43}인장 교환				
UI_20200826_004460	{@st66d_y}{b}Sello de Intercambio	{@st66d_y}{b}교환 인장				
UI_20200826_004461	Nombre del objeto Sello de Intercambio	교환 인장 아이템의 이름				
UI_20200826_004462	{@st42}Material	{@st42}재료				
UI_20200826_004463	{@st42}Intercambiar	{@st42}교환				
UI_20200826_004464	Desmantelar Equipo de Diosa/Dios Demonio	여신/마신 장비 분해				
UI_20200826_004465	{@st66b}{s16}- Obtén 1 Arquenium al desmantelar equipo de Diosa/Dios Demonio.	{@st66b}{s16}- 여신/마신 장비 분해 시 아케늄 1개를 획득합니다.				
UI_20200826_004466	Transmutador de Vaivora	바이보라 연성제				
UI_20200826_004467	Transmutación de Vaivora	바이보라 연성				
UI_20200826_004468	Selecciona el objeto para transmutación	연성할 아이템을 올려주세요				
UI_20200826_004469	{@st41b}{s18}Transmutación	{@st41b}{s18}연성				
UI_20200826_004470	{@st100cream_24}Territorio	{@st100cream_24}콜로니				
UI_20200826_004471	{@st101lightbrown_16}Liga de Campeones	{@st101lightbrown_16}챔피언스 리그				
UI_20200826_004472	{@st101lightbrown_16}Liga de Retadores	{@st101lightbrown_16}챌린저스 리그				
UI_20200826_004473	Cerrar ventana del Territorio del Gremio.	콜로니 정보창을 닫습니다.				
UI_20200826_004474	Consulta la ubicación del Territorio del Gremio en esta área.	해당 콜로니 지역의 위치를 확인합니다.				
UI_20200826_004475	{img worldmap2_spot_btn 28 28} {@st101lightbrown_16}Ver Ubicación del Mapa	{img worldmap2_spot_btn 28 28} {@st101lightbrown_16}맵 위치 보기				
UI_20200826_004476	Consultar la Info del Territorio del Gremio.	콜로니 정보를 확인합니다.				
UI_20200826_004477	{@st101lightbrown_16}Territorio	{@st101lightbrown_16}콜로니				
UI_20200826_004478	Consultar la Ayuda.	도움말을 확인합니다.				
UI_20200826_004479	{@st101lightbrown_16}Ayuda	{@st101lightbrown_16}도움말				
UI_20200826_004480	Busca las regiones.	검색어로 지역을 검색합니다.				
UI_20200826_004481	Cerrar el mapa.	지도를 닫습니다.				
UI_20200826_004482	{@st100white_16}{s20}Marcador	{@st100white_16}{s20}즐겨찾기				
UI_20200826_004483	{@st106_lbr}{s16}Sin mapa registrado	{@st106_lbr}{s16}등록된 맵이 없습니다				
UI_20200826_004484	{@st101lightbrown_16}Viaje por Token	{@st101lightbrown_16}토큰 이동				
UI_20200826_004485	Cerrar el Minimapa.	미니맵을 닫습니다.				
UI_20200826_004486	{@st100brown_16}Misión{/}	{@st100brown_16}퀘스트{/}				
UI_20200826_004487	{@st100brown_16}Monstruo{/}	{@st100brown_16}몬스터{/}				
UI_20200826_004488	{@st100brown_16}No hay Misiones para mostrar.{/}	{@st100brown_16}표시할 퀘스트가 없습니다.{/}				
UI_20200826_004489	{@st100white_16}Mostrar todo el mapa	{@st100white_16}모든 맵 표시				
UI_20200826_004490	{@st100orange_16}Mostrar Estatuas de Diosa{nl}No Descubiertas	{@st100orange_16}미확인 여신상 표시				
UI_20200826_004491	{@st100white_16}Si haces clic en la región mientras mantienes presionada la tecla shift, puedes usar el Viaje por Token.	{@st100white_16}키보드의 쉬프트 키를 누른 상태에서 지역을 클릭하면 토큰 이동을 이용할 수 있습니다.				
UI_20200826_004492	{@st42}TP Premium{/}	{@st42}프리미엄TP{/}				
UI_20200826_004493	No se puede extraer Ichor	아이커 추출 불가				
UI_20200826_004494	No se puede extraer transferencia de apariencia	외형 변경 추출 불가				
UI_20200826_004495	No se puede aplicar transferencia de apariencia	외형 변경 적용 불가				
UI_20200826_004496	Importar la ubicación de mi personaje.	내 캐릭터의 위치를 불러옵니다.				
UI_20200826_004497	{@st104gold_14}Protegiendo Gremio	{@st104gold_14}점령길드				
UI_20200826_004498	{@st104gold_14}Ciudad Aplicable	{@st104gold_14}적립요율 적용 도시				
UI_20200826_004499	{@st104gold_14}Tasa de Tarifa	{@st104gold_14}적용중인 적립요율				
UI_20200826_004500	Costo de Estatua de Diosa Gratis/Viaje de Token Disponible	여신상 비용 면제 및 월드맵 토큰 이동 가능				
UI_20200902_004501	Desmantelar Objetos Especiales	특수 아이템 분해				
UI_20200902_004502	{@st66b}Arca{/}	{@st66b}아크{/}				
UI_20200902_004503	{@st59}Desmantelar Arca{/}	{@st59}아크 분해{/}				
UI_20200902_004504	{@st66b}Diosa/Dios Demonio{/}	{@st66b}여신/마신{/}				
UI_20200902_004505	{@st59}Desmantelar Equipo de Diosa/Dios Demonio{/}	{@st59}여신/마신 장비 분해{/}				
UI_20200902_004506	{@st66b}Piedra de Arco{/}	{@st66b}아키스톤{/}				
UI_20200902_004507	{@st59}Desmantelar Piedra de Arco{/}	{@st59}아키스톤 분해{/}				
UI_20200902_004508	{@st66b}Accesorios{/}	{@st66b}액세서리{/}				
UI_20200902_004509	{@st59}Desmantelar Accesorios de Karaliene{/}	{@st59}카랄리엔 액세서리 분해{/}				
UI_20200902_004510	{img silver_pic 24 24} Precio	{img silver_pic 24 24} 가격				
UI_20200902_004511	- Obtén la Piedra de Arco usada como material al desmantelar el Arca.	- 아크 분해 시 재료로 사용된 아키스톤을 획득합니다.				
UI_20200902_004512	Resultado de la votación de la semana pasada.	지난 주 투표 결과 입니다.				
UI_20200902_004513	{@st42b}{s24}Importando información	{@st42b}{s24}정보를 불러오는 중입니다.				
UI_20200902_004514	{img worldmap2_spot_btn 28 28} {@st101lightbrown_16}Ver Ubicación del Área	{img worldmap2_spot_btn 28 28} {@st101lightbrown_16}지역 위치 보기	UI_20200826_004475	{img worldmap2_spot_btn 28 28} {@st101lightbrown_16}Ver Ubicación del Mapa	{img worldmap2_spot_btn 28 28} {@st101lightbrown_16}맵 위치 보기	
UI_20200902_004515	{@st106_lbr}{s16}Sin área registrada	{@st106_lbr}{s16}등록된 지역이 없습니다				
UI_20200902_004516	{@st100white_16}Haciendo clic en el Marcador mientras mantienes presionada la tecla shift, puedes usar el Viaje por Token.	{@st100white_16}키보드의 쉬프트 키를 누른 상태에서 즐겨찾기를 클릭하면 토큰 이동을 이용할 수 있습니다.				
UI_20200902_004517	{@st100white_16}Mostrar toda el área	{@st100white_16}모든 지역 표시				
UI_20200902_004518	Votar	투표하기				
UI_20201012_004519	Ruleta de Evento	이벤트 룰렛				
UI_20201012_004520	Monedas Actuales en Posesión	현재 보유 코인 개수				
UI_20201012_004521	{@st43}{s24}Dibujar	{@st43}{s24}뽑기				
UI_20201030_004522	{@st66b}Plata{/}	{@st66b}실버{/}				
UI_20201030_004523	{@st66b}Puntos de Atributo{/}	{@st66b}특성 포인트{/}				
UI_20201030_004524	Puntos de Atributo Consumidos	소비 특성 포인트				
UI_20201030_004525	{ds}{b}{#ffefd6}Insignia de Merc. (Semana)	{ds}{b}{#ffefd6}용병단 증표(주간)				
UI_20201030_004526	{@st59}Ver los detalles sobre la Colección de Trajes.{/}	{@st59}코스튬 컬렉션 정보를 엽니다.{/}				
UI_20201030_004527	{@st43b}{s24}Colección de Trajes{/}	{@st43b}{s24}코스튬 컬렉션{/}				
UI_20201030_004528	{@st59}Cerrar la Colección de Trajes{/}	{@st59}코스튬 컬렉션을 닫습니다{/}				
UI_20201030_004529	{@st66b}{s16}Ver Todos los Efectos{/}	{@st66b}{s16}총 효과보기{/}				
UI_20201030_004530	{@st41b}Cambiar Puntos	{@st41b}포인트 변환				
UI_20201030_004531	Número de Objeto Actual	현재 보유 아이템 개수	UI_20201012_004520	Monedas Actuales en Posesión	현재 보유 코인 개수	
UI_20201030_004532	{@st66b}Incursión{/}	{@st66b}레이드{/}				
UI_20201030_004533	{@st66b}Ataque Conjunto	{@st66b}보스 협동전				
UI_20201030_004534	{s16}{ol}{#FFFFFF}Entrar	{s16}{ol}{#FFFFFF}입장하기				
UI_20201030_004535	{@st66d}Seleccionar Clase	{@st66d}클래스 선택				
UI_20201030_004536	{@st41b}Puntos Actuales: %s{/}	{@st41b}현재 포인트: %s{/}				
UI_20201030_004537	{@st41b}Puntos Obtenidos: {#ec0000}%s{/}{/}	{@st41b}획득 포인트: {#ec0000}%s{/}{/}				
UI_20201030_004538	{@st41b}Puntos Totales: {@st66d_y}%s{/}{/}	{@st41b}총 포인트: {@st66d_y}%s{/}{/}				
UI_20201030_004539	{@st41b}Cambiar{/}	{@st41b}변환{/}				
UI_20201030_004540	{@st59}Cambiar a Puntos.{/}	{@st59}포인트로 변환합니다.{/}				
UI_20201030_004541	{@st45tw2}El número máximo de objetos que puedes revisar es %s.	{@st45tw2}확인 가능한 아이템 개수는 최대 %s개 입니다.				
UI_20201030_004542	{@st41b}Punto de Compra	{@st41b}포인트 구매				
UI_20201030_004543	{@st43}{s22}Tentación del Dios Demonio	{@st43}{s22}마신의 유혹				
UI_20201030_004544	{@st41b}{s16}%s. %s ~ %s. %s	{@st41b}{s16}%s월 %s일 ~ %s월 %s일				
UI_20201030_004545	{@st43}{s24}Contribuir	{@st43}{s24}헌납				
UI_20201030_004546	{@st41b}{s16}Por favor ingresa el número de contribución	{@st41b}{s16}헌납할 횟수를 입력해 주세요				
UI_20201030_004547	{@st43}{s24}Contribución Continua	{@st43}{s24}연속 헌납				
UI_20201030_004548	{@st66b}Mostrar cantidad semanal de adquisición de Insignia de Mercenario{/}	{@st66b}용병단 증표 주간 획득량 표시{/}				
UI_20201030_004549	Desactivar alertas de inicio de sesión	접속 알림 끄기				
UI_20201030_004550	Rango de Clase	클래스 순위	UI_20200320_004247	Rango de Tipo	계열 등수	
UI_20201030_004551	{@st66b}{s16}Daño Acumulado 	{@st66b}{s16}누적 대미지				
UI_20201103_004552	Ranking de Contenidos	콘텐츠 랭킹				
UI_20201103_004553	Batalla de Bloqueo	봉쇄전				
UI_20201228_004554	%s día(s) o más desde el día en que se creó el Equipo    	팀생성 %s일 이상	UI_20181017_003581	Equipo con %s+ días de antigüedad	팀 생성 %s일 이상	
UI_20201228_004555	Completar Episodio 12-1    	에피소드 12-1 클리어				
UI_20201228_004556	%s día(s) o más desde el día en que se compró el TP premium      	최초 유료 TP 구매 이력으로 %s일 이상				
UI_20210104_004557	{@st66b}{s20} %s{nl} se puede usar para recibir varias recompensas.	{@st66b}{s20} %s을(를){nl}사용해 다양한 보상을 획득하세요.				
UI_20210104_004558	{@st66b}{s16}{#ff0000}Solo personajes con Nv.400 o superior{nl}pueden abrir.	{@st66b}{s16}{#ff0000}Lv.400 이상의 캐릭터만{nl}이용할 수 있습니다.				
UI_20210115_004559	{@st66b}Consumido :{/}	{@st66b}소비 재화 :{/}				
UI_20210115_004560	{@st43}Punto de Contenidos{/}	{@st43}콘텐츠 포인트{/}				
UI_20210115_004561	La cantidad máxima de puntos que se puede ganar se reinicia cada lunes a las 6AM, hora del servidor.{nl}Los puntos se pueden ganar de la siguiente manera:{nl} {nl}- Inicio de sesión: 10 puntos (5 puntos adicionales para jugadores en un gremio y jugadores bajo efectos de token){nl}- Pesca exitosa: 1 punto por captura.{nl}- Incursión Leyenda: 35 puntos{nl}* Nido de Velcoffer: 100 puntos{nl}* Torre de la Tierra: 25 puntos cada 5 niveles){nl}- Misión de Defensa Cuesta Arriba: 10 puntos{nl}- Incursión Única: 20 puntos{nl}- Mazmorra de Nivel: 10 puntos{nl}(Los puntos se pueden omitir al salir justo después de completar la Mazmorra de Nivel.){nl} -  Misión Diaria: 10 puntos{nl}- Liga de Batalla de Equipos : 50 puntos (Otorgados sin importar victoria o derrota){nl}- Mazmorra Res Sacrae: Emparejamiento Automático : 20 puntos{nl}- Mazmorra Res Sacrae: Emparejamiento Automático (Difícil) : 30 puntos{nl}- Mazmorra Res Sacrae: Desafío : 50 puntos	획득 가능한 포인트량은 매주 월요일 6시에 초기화됩니다.{nl}포인트는 아래의 방법으로 획득할 수 있습니다.{nl} {nl}- 접속 : 10 포인트 (PC방 접속 중, 길드 가입 중, 토큰 적용 중일 시 각 5 포인트 추가 획득){nl}- 낚시 성공 : 1회 당 1 포인트{nl}- 레전드 레이드 : 35 포인트{nl}*벨코퍼의 둥지 : 100 포인트{nl}*대지의 탑 : 5층 단위로 25 포인트{nl}- 업힐 디펜스 미션 : 10 포인트{nl}- 유니크 레이드 : 20 포인트{nl}- 레벨 던전 : 10 포인트{nl}(레벨 던전을 클리어하여 빠르게 퇴장했을 경우, 포인트 지급이 누락될 수 있습니다.){nl}- 일일 퀘스트 : 10 포인트{nl}- 팀 배틀리그 : 50 포인트 (종료 후 승패에 관계없이 지급){nl}- 성물 던전: 자동 매칭 : 20 포인트{nl}- 성물 던전: 자동 매칭(Hard) : 30 포인트{nl}- 성물 던전: 도전 모드 : 50 포인트	UI_20200826_004439	La cantidad máxima de puntos que se puede ganar se reinicia cada lunes a las 6AM, hora del servidor.{nl}Los puntos se pueden ganar de la siguiente manera:{nl} {nl}- Inicio de sesión: 10 puntos (5 puntos adicionales para jugadores en un gremio y jugadores bajo efectos de token){nl}- Pesca exitosa: 1 punto por captura.{nl}- Incursión Leyenda: 35 puntos{nl}* Nido de Velcoffer: 100 puntos{nl}* Torre de la Tierra: 25 puntos cada 5 niveles){nl}- Misión de Defensa Cuesta Arriba: 10 puntos{nl}- Incursión Única: 20 puntos{nl}- Mazmorra de Nivel: 10 puntos{nl}(Los puntos se pueden omitir al salir justo después de completar la Mazmorra de Nivel.){nl} -  Misión Diaria: 10 puntos{nl}- Liga de Batalla de Equipos : 50 puntos (Otorgados sin importar victoria o derrota)	획득 가능한 포인트량은 매주 월요일 6시에 초기화됩니다.{nl}포인트는 아래의 방법으로 획득할 수 있습니다.{nl} {nl}- 접속 : 10 포인트 (PC방 접속 중, 길드 가입 중, 토큰 적용 중일 시 각 5 포인트 추가 획득){nl}- 낚시 성공 : 1회 당 1 포인트{nl}- 레전드 레이드 : 35 포인트{nl}*벨코퍼의 둥지 : 100 포인트{nl}*대지의 탑 : 5층 단위로 25 포인트{nl}- 업힐 디펜스 미션 : 10 포인트{nl}- 유니크 레이드 : 20 포인트{nl}- 레벨 던전 : 10 포인트{nl}(레벨 던전을 클리어하여 빠르게 퇴장했을 경우, 포인트 지급이 누락될 수 있습니다.){nl}- 일일 퀘스트 : 10 포인트{nl}- 팀 배틀리그 : 50 포인트 (종료 후 승패에 관계없이 지급)	
UI_20210115_004562	{@st43}{s20}Usar Combinar (por equipo){/}{nl}{s8} {/}{nl}{@st66b}{s20}%s/%s	{@st43}{s20}합성 이용(팀당){/}{nl}{s8} {/}{nl}{@st66b}{s20}%s/%s				
UI_20210115_004563	{@st66b}Vaivora{/}	{@st66b}바이보라{/}				
UI_20210115_004564	{@st59}Desmantelar Vaivora{/}	{@st59}바이보라 분해{/}				
UI_20210115_004565	{@st66d}{s18}{#FFFF18}[ %s ]{/} {@st66d}{s18}{#FFFFFF}Desequipar.{/}	{@st66d}{s18}{#FFFF18}[ %s ]{/} {@st66d}{s18}{#FFFFFF}장착을 해제합니다.{/}				
UI_20210115_004566	{@st66b}{s16}Número Total Abierto : %s%s	{@st66b}{s16}누적 개봉 횟수 : %s%s	UI_20200805_004422	{@st66b}{s16}Número Total Abierto : %s%s	{@st66b}{s16}누적 개봉 횟 수 : %s%s	
UI_20210115_004567	{@st43}Cambiar Tipo de Arma{/}	{@st43}무기 계열 변경{/}				
UI_20210115_004568	{@st59}Cerrar el Cambio de Tipo de Arma{/}	{@st59}무기 계열 변경을 닫습니다{/}				
UI_20210115_004569	Objeto a transformar	변형시킬 아이템 입니다.				
UI_20210115_004570	{@st43}Fabricar Carta de Giltine{/}	{@st43}길티네 카드 제작{/}				
UI_20210115_004571	{@st59}Se requiere Carta de Boruta Nv10.{/}	{@st59}보루타 카드 10성이 필요합니다.{/}				
UI_20210115_004572	{@st59}Se requiere una Carta Leyenda Nv10 distinta a la Carta de Boruta.{/}	{@st59}보루타 카드를 제외한 레전드 카드 10성이 필요합니다.{/}				
UI_20210115_004573	{@st100white_16}Consume todos los objetos de abajo y obtén {@st204_purple}{s17}[Nv10] Carta de Giltine{/}{/}{@st100white_16}. {nl} {nl} - {@st100white_16}{@st66d_y}{s17}Vislumbre del Caos{/}{/}  x10{nl} {nl} - {@st59}{@st66d_y}{s17}[Nv10] Carta de Boruta{/}{/}{@st100white_16}x1{nl} {nl} - {@st204_green}Aleatorio{/}{/}{@st66d_y}{s17}[Nv10] Carta Leyenda{/}{/}{@st100white_16}x1{/}{/}	{@st100white_16}아래 아이템을 모두 소모하여 {@st204_purple}{s17}[LV10] 길티네 카드{/}{/}{@st100white_16}를 획득합니다. {nl} {nl} - {@st100white_16}{@st66d_y}{s17}혼돈의 편린{/}{/}  10개{nl} {nl} - {@st59}{@st66d_y}{s17}[LV10] 보루타 카드{/}{/}{@st100white_16}1개{nl} {nl} - {@st204_green}임의의 {/}{/}{@st66d_y}{s17}[LV10] 레전드 카드{/}{/}{@st100white_16}1개{/}{/}				
UI_20210115_004574	{@st59}Cerrar.{/}	{@st59}길티네 카드 제작 UI를 닫습니다.{/}				
UI_20210115_004575	{@st43b}{s24}Siguiendo a la Diosa	{@st43b}{s24}여신 추종				
UI_20210115_004576	{img NOTICE_Dm_! 30 30}{@st43}{s16}Límite de Entrada{/}	{img NOTICE_Dm_! 30 30}{@st43}{s16}입장 제한{/}				
UI_20210115_004577	Información de Patrón	패턴 정보				
UI_20210115_004578	Área de Aparición	등장 지역				
UI_20210115_004579	{@st66b}Boruta{/}	{@st66b}보루타{/}				
UI_20210115_004580	Batalla en la Guarida de Sulivinas	보루타 봉쇄전				
UI_20210115_004581	{@st66b}Giltine{/}	{@st66b}길티네{/}				
UI_20210115_004582	{nl}{s18}Sobre la Batalla de Bloqueo{/}{nl} {nl}[Autoridad para Participar]{nl}Solo los Gremios que asediaron un territorio en GTW pueden participar en la batalla.{nl}*Misión de Gremio: Participa automáticamente al avanzar con el Ser Antiguo(Boruta)/Santuario Demoníaco(Giltine){nl} {nl}[Ranking de Batalla de Bloqueo]{nl} Los rankings de Batalla de Bloqueo se cuentan hasta el valor decimal para que el gremio más rápido en completar el contenido{nl}quede clasificado más alto. {nl} {nl}[Recibir recompensas de Batalla de Bloqueo]{nl} Las recompensas de Batalla de Bloqueo se otorgarán después de las 7 PM del domingo, y el maestro de gremio autorizado{nl}puede	{nl}{s18}봉쇄전 도움말{/}{nl} {nl}[봉쇄전 참여 권한]{nl}봉쇄전은 길드 콜로니전 스팟 점령 길드만 참여가능합니다.{nl}*길드 퀘스트 : 고대의 존재(보루타)/마신의 성소(길티네)를 진행할 경우 자동으로 참여{nl} {nl}[봉쇄전 순위 정산]{nl} 봉쇄전 순위는 소숫점까지 계산되어 가장 빨리 콘텐츠를{nl}클리어한 길드가 높은 순위에 랭크되는 방식으로 진행됩니다.{nl} {nl}[봉쇄전 보상 수령]{nl} 봉쇄전 보상 수령은 일요일 오후 7시 이후, 길드 마스터 권한이 있는{nl}플레이어가 	UI_20200710_004381	{nl}{s18}Sobre la Batalla de Bloqueo{/}{nl} {nl}[Autoridad para Participar]{nl}Solo los Gremios que asediaron un territorio en GTW pueden participar en la batalla.{nl}*Misión de Gremio: Participa automáticamente al avanzar con el Ser Antiguo{nl} {nl}[Ranking de Batalla en la Guarida de Sulivinas]{nl} Los rankings de Batalla en la Guarida de Sulivinas se cuentan hasta el valor decimal para que el gremio más rápido en completar el contenido{nl}quede clasificado más alto. {nl} {nl}[Recibir recompensas de Batalla en la Guarida de Sulivinas]{nl} Las recompensas de Batalla en la Guarida de Sulivinas se otorgarán después de las 7 PM del domingo, y el maestro de gremio autorizado{nl}puede	{nl}{s18}봉쇄전 도움말{/}{nl} {nl}[봉쇄전 참여 권한]{nl}봉쇄전은 길드 콜로니전 스팟 점령 길드만 참여가능합니다.{nl}*길드 퀘스트 : 고대의 존재를 진행할 경우 자동으로 참여{nl} {nl}[봉쇄전 순위 정산]{nl} 봉쇄전 순위는 소숫점까지 계산되어 가장 빨리 콘텐츠를{nl}클리어한 길드가 높은 순위에 랭크되는 방식으로 진행됩니다.{nl} {nl}[봉쇄전 보상 수령]{nl} 봉쇄전 보상 수령은 일요일 오후 7시 이후, 길드 마스터 권한이 있는{nl}플레이어가 	
UI_20210115_004583	{@st59}Res Sacrae{/}	{@st59}성물{/}				
UI_20210115_004584	{@st59}Personalización de Res Sacrae{/}	{@st59}성물 관리{/}				
UI_20210115_004585	{@st59}Verifica si hay Estadísticas en el Equipo Leyenda{/}	{@st59}레전드 장비 옵션 유무 확인{/}				
UI_20210115_004586	{@st59}Verificar Estado de Punto de Contenidos{/}	{@st59}콘텐츠 포인트 현황을 확인합니다.{/}				
UI_20210115_004587	{@st43}Mejorar Carta Avanzada{/}	{@st43}고급 카드 강화{/}	UI_20180320_003018	{@st43}Mejorar Carta Leyenda{/}	{@st43}레전드 카드 강화{/}	
UI_20210115_004588	Tasa de Éxito	성공확률				
UI_20210115_004589	{@st43b}{s17}Las cartas de relleno se eliminarán y el nivel de la Carta Avanzada no cambiará.{/}	{@st43b}{s17}  실패 시 제물 카드가 소멸되며, 강화 대상 카드의 레벨은 유지됩니다.{/}				
UI_20210115_004590	{@st43b}{#898989}{s17}La Carta Avanzada y las cartas de relleno se eliminarán tras la destrucción.{/}	{@st43b}{#898989}{s17}  파괴 시 강화 대상 카드와 제물 카드가 소멸됩니다.{/}				
UI_20210115_004591	{@st59}Cerrar UI de Mejorar Carta Avanzada{/}	{@st59}고급 카드 강화 UI를 닫습니다{/}	UI_20180320_003025	{@st59}Cerrar{/}	{@st59}레전드 카드 강화 UI를 닫습니다{/}	
UI_20210115_004592	{@sti1c}{s14}Tiempo Restante{/}	{@sti1c}{s14}남은 시간{/}				
UI_20210115_004593	{@sti1c}{s14}Tasa de Logro 	{@sti1c}{s14}달성률				
UI_20210115_004594	{@sti1c}{s14}Información de Patrón	{@sti1c}{s14}패턴 정보				
UI_20210115_004595	{@st66b}Misión Res Sacrae{/}	{@st66b}성물 퀘스트{/}				
UI_20210115_004596	{@st43}{s22}Info de Recompensa{/}	{@st43}{s22}보상 정보{/}				
UI_20210115_004597	{@st59}Cerrar.{/}	{@st59}성물 퀘스트 보상 정보를 닫습니다.{/}				
UI_20210115_004598	Info de Recompensa	보상 정보				
UI_20210115_004599	Nombre de Misión	퀘스트 이름				
UI_20210115_004600	{@st41}{s18}No mostrar mensaje de mejora en +5 o superior	{@st41}{s18}5강 이상 강화 메세지 더이상 보지 않기				
UI_20210115_004601	{@st41}{s18}No mostrar mensaje de uso de vale	{@st41}{s18}쿠폰 사용 메세지 더이상 보지 않기				
UI_20210115_004602	{@st201}[Cargar RP]{/}{/} Consume {@st66d_y}{s17}Ectonita{/}{/}para recuperar Puntos de Res Sacrae (RP). {nl}{@st201}[EXP]{/}{/} {@st66d_y}Aumenta la EXP de Res Sacrae consumiendo {s17}Aliento de Poder Purificado{/}{/}.{nl}{@st201}[Engarce]{/}{/} Equipa/Retira {@st66d_y}{s17}Gema Res Sacrae{/}{/} en el equipo Res Sacrae.	{@st201}[마력 충전]{/}{/} {@st66d_y}{s17}엑토나이트{/}{/}를 소비하여 마력(RP)을 회복합니다. {nl}{@st201}[경험치]{/}{/} {@st66d_y}{s17}정화된 권능의 숨결{/}{/}을 소비하여 성물의 경험치를 올립니다.{nl}{@st201}[소켓]{/}{/} 성물에{@st66d_y}{s17}성물 젬{/}{/}을 장착/해제 할 수 있습니다.				
UI_20210115_004603	{@st66b}Cargar RP{/}	{@st66b}마력 충전{/}				
UI_20210115_004604	{@st59}Cargar RP{/}	{@st59}마력 충전{/}				
UI_20210115_004605	{@st66b}EXP{/}	{@st66b}경험치{/}				
UI_20210115_004606	{@st59}Ganar EXP{/}	{@st59}경험치 증가{/}				
UI_20210115_004607	{@st66b}Engarce{/}	{@st66b}소켓{/}				
UI_20210115_004608	{@st59}Gestión de Engarces{/}	{@st59}소켓 관리{/}				
UI_20210115_004609	Objeto Consumido	소모 아이템				
UI_20210115_004610	RP	마력				
UI_20210115_004611	Purificar Aliento de Poder	권능의 숨결 정화				
UI_20210115_004612	{@st59}Consume ingredientes y una cierta cantidad de plata para purificar {@st66d_y}{s18}Aliento de Poder{/}{/}.{/}{nl} {nl}{@st66d_y}{s18}Aliento de Poder{/}{/}{@st59} x10 se puede intercambiar por {@st204_green}{s18}Aliento de Poder Purificado{/}{@st59} x1.{nl} {nl}Se requieren ingredientes cada vez que se purifica 1 {@st204_green}{s18}Aliento de Poder{/}{@st59},{nl}y se puede seleccionar y consumir uno de los siguientes objetos como ingrediente.{nl} {nl}Lista de Objetos{nl} - {@st204_purple}Página de Tomo Místico{/} {s16} x2{nl}  - {@st204_purple}Practonium{/} {s16} x2{nl}  - {@st204_purple}Piedra Mágica{/} {s16} x2{nl}  - {@st204_purple}Fragmento Bendito{/} {s16} x20{nl}  - {@st204_purple}Gema Bendita de la Diosa{/} {s16} x2{nl}  - {@st204_purple}Objeto de Valor Quemado de Tel Harsha{/} {s16} x1{nl}  - {@st204_purple}Corazón Refinado de Glacia{/} {s16} x1{nl}  - {@st204_purple}Polvo de Talco de Polilla Refinado{/} {s16} x1{nl}	{@st59}보유한 재료 아이템과 일정량의 실버를 소모하여 {@st66d_y}{s18}권능의 숨결{/}{/}을 정화합니다.{/}{nl} {nl}{@st66d_y}{s18}권능의 숨결{/}{/}{@st59} 10개로{@st204_green}{s18}정화된 권능의 숨결{/}{@st59}  1개를 획득할 수 있습니다.{nl} {nl}{@st204_green}{s18}정화된 권능의 숨결{/}{@st59}  1개를 정화할 때 마다 재료가 필요하며,{nl}다음 아이템 목록 중 한 종류를 선택하여 정화 재료로 소비할 수 있습니다.{nl} {nl}재료 아이템 목록{nl} - {@st204_purple}신비한 서 낱장{/} {s16} 2개{nl}  - {@st204_purple}프락토늄{/} {s16} 2개{nl}  - {@st204_purple}마정석{/} {s16} 2개{nl}  - {@st204_purple}축복받은 조각{/} {s16} 20개{nl}  - {@st204_purple}여신의 축복석{/} {s16} 2개{nl}  - {@st204_purple}그을린 텔하르샤의 의장품{/} {s16} 1개{nl}  - {@st204_purple}정제된 글레이시어 심장{/} {s16} 1개{nl}  - {@st204_purple}정제된 모스 탈크 파우더{/} {s16} 1개{nl}				
UI_20210115_004613	{@st202}Cupón de Descuento ->{/}	{@st202}할인 쿠폰 ▶{/}				
UI_20210115_004614	{@st202}Consumir Aliento de Poder ->{/}	{@st202}권능의 숨결 소모 ▶{/}				
UI_20210115_004615	{@st202}Aliento de Poder Purificado ->{/}	{@st202}정화된 권능의 숨결 ▶{/}				
UI_20210115_004616	{@st202}Precio ->{/}	{@st202}가격 ▶{/}				
UI_20210115_004617	{@st202}Balance ->{/}	{@st202}예상 잔액 ▶{/}				
UI_20210115_004618	Purificar	정화				
UI_20210115_004619	{@st59}Purificar Aliento de Poder{/}	{@st59}권능의 숨결 정화{/}				
UI_20210115_004620	{@st59}Verificar{/}	{@st59}확인{/}				
UI_20210115_004621	Gema Res Sacrae	성물 젬				
UI_20210115_004622	{@st201}[Mejorar]{/}{/} Intenta mejorar la Gema Res Sacrae consumiendo {@st66d_y}{s16}Carbón Prisma{/}{/}, Gema Bendita de la Diosa, y plata.{nl}Todos los ingredientes se consumen sin importar éxito o fallo.{nl}El nivel de la Gema Res Sacrae aumenta en 1 cuando la mejora tiene éxito.{nl}No se puede mejorar si el nivel de la Gema Res Sacrae equipable es menor que el nivel resultante tras tener éxito en la mejora.{nl} {nl}{@st201}[Combinar]{/}{/} Intenta combinar consumiendo {@st66d_y}{s16}Carbón Prisma{/}{/}, Gema Bendita de la Diosa, y plata.{nl}Todos los ingredientes se consumen sin importar éxito o fallo.{nl}Puedes obtener una Gema Res Sacrae Nv.1 aleatoria cuando la combinación tenga éxito.{nl} {nl}{@st201}[Transferir]{/}{/} Transfiere el nivel de una Gema Res Sacrae de nv.2 o superior a otra gema.{nl}El nivel de la gema transferida se iguala al de la gema usada como ingrediente.{nl}La Gema Res Sacrae usada como ingrediente será destruida.{nl} {nl}{@st201}[Desmantelar]{/}{/}Desmantela la Gema Res Sacrae y obtén una cantidad aleatoria de {@st66d_y}{s16}Carbón Prisma{/}{/}.{nl}Se otorgará más {@st66d_y}{s16}Carbón Prisma{/}{/} al desmantelar una gema Res Sacrae de Diosa.{nl}Solo se pueden desmantelar Gemas Res Sacrae Nv.1.	{@st201}[강화]{/}{/} {@st66d_y}{s16}프리즘 콜{/}{/}, 여신의 축복석, 실버를 소비하여 성물 젬 강화를 시도합니다.{nl}강화 시도 시 재료는 모두 소비되며 확률에 따라 성공하거나 실패합니다.{nl}성공 시 성물 젬의 레벨이 1 상승합니다.{nl}강화 목표 레벨보다 성물의 장착 가능 성물 젬 레벨이 낮으면 강화할 수 없습니다.{nl} {nl}{@st201}[합성]{/}{/} {@st66d_y}{s16}프리즘 콜{/}{/}, 여신의 축복석, 실버를 소비하여 합성을 시도합니다.{nl}합성 시도 시 재료는 모두 소비되며 확률에 따라 성공하거나 실패합니다.{nl}성공 시 레벨 1 무작위 성물 젬을 획득할 수 있습니다.{nl} {nl}{@st201}[이전]{/}{/} 레벨 2 이상인 성물 젬의 레벨을 다른 성물 젬으로 이전할 수 있습니다.{nl}이전 받은 성물 젬은 이전에 사용된 성물 젬과 동일한 레벨로 변경됩니다.{nl}이전에 사용된 성물 젬은 소멸합니다.{nl} {nl}{@st201}[분해]{/}{/}성물 젬을 분해하여 무작위 수량의 {@st66d_y}{s16}프리즘 콜{/}{/}을 획득합니다.{nl}가디스 등급 성물 젬 분해 시 더 많은 {@st66d_y}{s16}프리즘 콜{/}{/}을 획득합니다.{nl}분해는 1 레벨 성물 젬만 가능합니다.				
UI_20210115_004623	{@st66b}Mejorar{/}	{@st66b}강화{/}				
UI_20210115_004624	{@st59}Consume ingrediente y una cierta cantidad de plata e intenta mejorar la Gema Res Sacrae.{/}	{@st59}재료와 일정량의 실버를 소모하여 성물 젬의 강화를 시도합니다.{/}				
UI_20210115_004625	{@st66b}Combinar{/}	{@st66b}합성{/}				
UI_20210115_004626	{@st59}Consume ingrediente y una cierta cantidad de plata para obtener una nueva Gema Res Sacrae.{/}	{@st59}재료와 일정량의 실버를 소모하여 새로운 성물 젬 아이템을 획득합니다.{/}				
UI_20210115_004627	{@st66b}Transferir{/}	{@st66b}이전{/}				
UI_20210115_004628	{@st59}Transfiere el nivel de la gema Res Sacrae a otra gema.{/}	{@st59}성물 젬의 레벨을 다른 젬으로 이전합니다.{/}				
UI_20210115_004629	{@st66b}Desmantelar{/}	{@st66b}분해{/}				
UI_20210115_004630	{@st59}Desmantela la Gema Res Sacrae y obtén ingredientes.{/}	{@st59}성물 젬을 분해하여 재료 아이템을 획득합니다.{/}				
UI_20210115_004631	{@st202}Plata Requerida ->{/}	{@st202}소모 비용 ▶{/}				
UI_20210115_004632	{@st59}Da suministros de ayuda o consumibles principales para aumentar la Tasa de Reputación{/}{nl} {nl}Los consumibles principales son los siguientes{nl}  - Objeto de Valor Quemado de Tel Harsha : 20{nl}  - Corazón Refinado de Glacia : 20{nl}  - Polvo de Talco de Polilla Refinado : 20{nl}  - Brikynita : 5{nl}  - Piedra Mágica : 5{nl}  - Página de Tomo Místico : 5{nl}  - Practonium : 5{nl}  - Gema Bendita de la Diosa : 5	{@st59}구호 물품 또는 주요 재화를 증여하여 명성도를 올릴 수 있습니다.{/}{nl}　{nl}주요 재화 교환 정보{nl}  - 그을린 텔하르샤의 의장품 : 20{nl}  - 정제된 글레이시어의 심장 : 20{nl}  - 정제된 모스 탈크 파우더 : 20{nl}  - 브리키나이트 : 5{nl}  - 마정석 : 5{nl}  - 신비한 서 낱장 : 5{nl}  - 프락토늄 : 5{nl}  - 여신의 축복석 : 5				
UI_20210115_004633	{@st66b}Consumibles principales{/}	{@st66b}주요 재화{/}				
UI_20210115_004634	{@st66b}Suministros de Ayuda{/}	{@st66b}구호 물품{/}				
UI_20210115_004635	{@st43}Recaudar Suministros de Ayuda{/}	{@st43}구호 물품 조달{/}				
UI_20210115_004636	{@st41b}Puntos Actuales: %s {#ffff00}/ MÁX : %s{/}{/}	{@st41b}현재 포인트: %s {#ffff00}/ MAX : %s{/}{/}				
UI_20210115_004637	{@st41b}Puntos Obtenidos: %s{/}	{@st41b}획득 포인트: %s{/}				
UI_20210115_004638	{@st41b}Puntos Después de Dar: %s {#ffff00}/ MÁX : %s{/}{/}	{@st41b}증여 후 포인트: %s {#ffff00}/ MAX : %s{/}{/}				
UI_20210115_004639	{@st41b}Dar{/}	{@st41b}증여{/}				
UI_20210115_004640	{@st59}Tienda de Reconstrucción del Reino.{nl}Puedes desbloquear los objetos en la tienda ganando Tasa de Reputación.	{@st59}왕국 재건단 상점입니다.{nl}명성도를 쌓아 상점 품목을 해금할 수 있습니다.				
UI_20210115_004641	{@st41b}Estanque Lemprasa{/}	{@st41b}렘파라사 연못{/}				
UI_20210115_004642	{@st41b}Siguiente Paso{/}	{@st41b}다음 단계{/}				
UI_20210115_004643	Gran Hombre	위인				
UI_20210115_004644	Leyenda	전설				
UI_20210115_004645	{@st59}Recaudar Suministros de Ayuda{/}	{@st59}구호 물품 조달{/}				
UI_20210115_004646	{@st43}Tienda de Reconstrucción del Reino{/}	{@st43}왕국 재건단 상점{/}				
UI_20210115_004647	{@st41b}Objetos Comprados{/}	{@st41b}구입 아이템{/} 				
UI_20210115_004648	{@st41b}Monedas Poseídas ->{/}	{@st41b}보유 주화 ▶{/}				
UI_20210115_004649	Buff de Grupo	파티 버프				
UI_20210115_004650	{@sti1c}{s18}Selección Completada	{@sti1c}{s18}선택완료				
UI_20210115_004651	Buff Individual	개인 버프				
UI_20210115_004652	{@st41b}{s16}Multi.	{@st41b}{s16}배수				
UI_20210115_004653	{@st66b}Reputación{/}	{@st66b}명성{/}				
UI_20210115_004654	{@st43b}{s18}Estado Total de Reputación	{@st43b}{s18}전체 명성도 달성 현황				
UI_20210115_004655	{@st41b}Todavía no hay Reputación abierta.{/}	{@st41b}열려있는 명성이 아직 없습니다.{/}				
UI_20210115_004656	{@st66b}Ver UI del Tutorial{/}	{@st66b}튜토리얼 UI 보기{/}				
UI_20210115_004657	{@st66b}Límite Máximo de Fotogramas(%s){/}	{@st66b}최대 프레임 제한(%s){/}				
UI_20210115_004658	{@st66b} Invocación Translúcida (excepto la tuya y la del enemigo)	{@st66b}소환수 반투명화(자신, 적대 소환수 제외)				
UI_20210115_004659	Pergamino de Trascendencia	초월 스크롤				
UI_20210115_004660	{@st59}Guía{/}	{@st59}가이드{/}				
UI_20210115_004661	{@st59}Misión : Principiante{/}	{@st59}미션 : 초급{/}				
UI_20210115_004662	{@st59}Misión : Intermedia{/}	{@st59}미션 : 중급{/}				
UI_20210115_004663	{@st59}Misión : Avanzada{/}	{@st59}미션 : 고급{/}				
UI_20210115_004664	Continúa la guía correspondiente al hacer clic.	클릭시 해당 가이드를 실행 합니다.				
UI_20210115_004665	Transmutación de Diosa/Dios Demonio	여신/마신 연성				
UI_20210115_004666	{@st66d_y}{b}Material Principal	{@st66d_y}{b}주 재료				
UI_20210115_004667	Material secundario	보조 재료				
UI_20210115_004668	El valor de Transmutación del Material Secundario no es 0	보조 재료의 연성 수치가 0 이 아닙니다				
UI_20210115_004669	- El valor de Transmutación puede aumentarse en +1 mediante la Transmutación, y el material de Transmutación desaparecerá.{nl}- Cuando el valor de Transmutación alcance el MÁXIMO, el material principal, el material secundario y el material de Transmutación desaparecerán, y se obtendrá un objeto de nivel superior.	- 연성을 통해 주 재료의 연성 수치를 +1 또는 낮은 확률로 +2 증가시킬 수 있으며, 연성 재료는 소멸됩니다.{nl}- 연성 수치가 MAX치에 도달하면 주 재료, 보조 재료, 연성 재료가 모두 소멸되고 상위 레벨의 아이템을 획득하게 됩니다.{nl}- 매우 낮은 확률로 연성 대성공을 할 수 있습니다. 주 재료, 보조 재료, 연성 재료가 모두 소멸되고 상위 레벨의 아이템을 즉시 획득하게 됩니다.				
UI_20210115_004670	{@st42}Material de Transmutación	{@st42}연성 재료				
UI_20210115_004671	{@st42}{s20}Plata necesaria	{@st42}{s20}필요 실버				
UI_20210115_004672	{@st41b}{s14}{#009999}Diosa	{@st41b}{s14}{#009999}가디스				
UI_20210115_004673	{#FFFF00}{ol}{s12}0 segundos	{#FFFF00}{ol}{s12}0초				
UI_20210115_004674	Nivel Res Sacrae	장착 가능 성물 레벨				
UI_20210115_004675	{@st59}Verificar Info de Recompensa{/}	{@st59}보상 정보 확인{/}				
UI_20210115_004676	nombreequipomax8letras	팀명최대여덟글자				
UI_20210115_004677	%s : %s	%s : %s개				
UI_20210115_004678	{@st41}Renovar	{@st41}갱신				
UI_20210115_004679	{@sti1c}{s16}Engarce de Gema Cian Vacío{/}{/}	{@sti1c}{s16}빈 시안 젬 소켓{/}{/}				
UI_20210115_004680	Gema Cian	시안 젬				
UI_20210115_004681	[Aliento de Poder Purificado]	[정화된 권능의 숨결]				
UI_20210115_004682	Registrar Objeto	아이템을 등록해 주세요				
UI_20210115_004683	[Ectonita]	[엑토나이트]				
UI_20210115_004684	{@st43}{s16}La entrada solo es posible cuando se cumplen las condiciones y el objeto de cierto grado.{/}	{@st43}{s16}특정 등급 이상의 아이템과 조건을 만족해야 입장이 가능합니다.{/}				
UI_20210128_004685	Estado de Progreso de Misión de Reputación	명성 퀘스트 진행 현황				
UI_20210128_004686	Misión Semanal	주간 퀘스트				
UI_20210128_004687	{@st59}Se puede verificar el Estado de Progreso de la Misión de Reputación del equipo.{nl} {nl}La misión Semanal/Diaria no se puede progresar con otros personajes hasta el reinicio si hay un personaje que ya completó la misión.{/}	{@st59}팀의 명성 퀘스트 진행 현황을 확인할 수 있습니다.{nl}　{nl}주간/일일 퀘스트는 여러 캐릭터로 진행하더라도 퀘스트를 완료한 캐릭터가 있다면 초기화가 될 때까지 다른 캐릭터로 진행할 수 없습니다.{/}				
UI_20210128_004688	{@st59}La Misión Semanal se reinicia cada lunes a las 6 AM.{nl}Se reinicia sin importar si se completó la misión semanal, y se seleccionan 2 misiones aleatoriamente cada semana.{/}	{@st59}주간 퀘스트는 매주 월요일 오전 06:00에 초기화됩니다.{nl}주간 퀘스트는 완료 여부와 상관없이 초기화되며 매주 2개의 퀘스트가 무작위로 선정됩니다.{/}				
UI_20210128_004689	{@st59}La Misión Diaria que ha sido completada se reinicia cada 6 AM.{nl}La Misión Diaria que aún no se ha completado antes del reinicio se transfiere al día siguiente.{/}	{@st59}일일 퀘스트는 완료된 퀘스트에 한하여 매일 오전 06:00에 초기화됩니다.{nl}초기화 이전에 완료하지 않은 일일 퀘스트는 다음 날로 이관됩니다.{/}				
UI_20210128_004690	{@st59}La Misión Repetible no se reinicia y se puede jugar sin límites.{nl}Solo se puede progresar 1 Misión Repetible a la vez, así que ten cuidado al seleccionar.{/}	{@st59}반복 퀘스트는 초기화 되지 않으며 횟수 제한 없이 이용할 수 있습니다.{nl}반복 퀘스트는 1개의 퀘스트만 선택해 진행할 수 있으니 신중히 진행해야 합니다.{/}				
UI_20210128_004691	{@st59}Verifica el Estado de Progreso de la Misión de Reputación.{/}	{@st59}명성 퀘스트 진행 현황을 확인합니다.{/}				
UI_20210201_004692	{@st59}Información{/}	{@st59}정보{/}				
UI_20210201_004693	{@st59}Logro{/}	{@st59}업적{/}				
UI_20210201_004694	{@st59}Configuración del Personaje{/}	{@st59}캐릭터 설정{/}				
UI_20210201_004695	{@st59}Reputación{/}	{@st59}명성{/}				
UI_20210208_004696	{@st59}Episodio{/}	{@st59}에피소드{/}				
UI_20210208_004697	{@st59}Lista de Misiones{/}	{@st59}퀘스트 목록{/}				
UI_20210208_004698	{@st59}Misión Res Sacrae{/}	{@st59}성물 퀘스트{/}				
UI_20210208_004699	{@st59}No mostrar mensaje de mejora en +5 o superior{/}	{@st59}5강 이상 강화 메세지 더이상 보지 않기{/}				
UI_20210209_004700	{@st59}No mostrar mensaje de mejora en +5 o superior	{@st59}5강 이상 강화 메세지 더이상 보지 않기				
UI_20210209_004701	{@st59}No mostrar mensaje de uso de vale	{@st59}쿠폰 사용 메세지 더이상 보지 않기				
UI_20210216_004702	Completar Episodio 12-1    	에피소드12-1 클리어.	UI_20201228_004555	Completar Episodio 12-1    	에피소드 12-1 클리어	
UI_20210216_004703	%s día(s) o más desde el día en que se compró el TP premium      	최초 유료 TP 구매 이력으로 %s일 이상.	UI_20201228_004556	%s día(s) o más desde el día en que se compró el TP premium      	최초 유료 TP 구매 이력으로 %s일 이상	
UI_20210318_004704	{@st59}Expandir Gabinete del Asistente{/}	{@st59}어시스터 보관함 확장{/}				
UI_20210318_004705	La cantidad máxima de puntos que se puede ganar se reinicia cada lunes a las 6 AM, hora del servidor.{nl}Los puntos se pueden ganar de la siguiente manera:{nl} {nl}- Conectarse al juego: 10 puntos (5 puntos adicionales para jugadores en un gremio y jugadores bajo efectos de token){nl} - Pesca exitosa: 1 punto por captura.{nl}- Incursión Leyenda: 35 puntos{nl}{nl}*Nido de Velcoffer : 100 puntos{nl}*Torre de la Tierra : 25 puntos cada 5º piso{nl}- Misión de Defensa Cuesta Arriba: 10 puntos{nl}- Incursión Única: 20 puntos{nl}- Mazmorra de Nivel: 10 puntos{nl}(Los puntos se pueden omitir al salir justo después de completar la Mazmorra de Nivel.){nl}- Misión Diaria: 10 puntos{nl}- Liga de Batalla de Equipos : 50 puntos (Otorgados sin importar victoria o derrota){nl}- Incursión Res Sacrae: Emparejamiento Automático: 20 puntos{nl}- Incursión Res Sacrae: Emparejamiento Automático (Difícil) : 30 puntos	획득 가능한 포인트량은 매주 월요일 6시에 초기화됩니다.{nl}포인트는 아래의 방법으로 획득할 수 있습니다.{nl} {nl}- 접속 : 10 포인트 (PC방 접속 중, 길드 가입 중, 토큰 적용 중일 시 각 5 포인트 추가 획득){nl}- 낚시 성공 : 1회 당 1 포인트{nl}- 레전드 레이드 : 35 포인트{nl}*벨코퍼의 둥지 : 100 포인트{nl}*대지의 탑 : 5층 단위로 25 포인트{nl}- 업힐 디펜스 미션 : 10 포인트{nl}- 유니크 레이드 : 20 포인트{nl}- 레벨 던전 : 10 포인트{nl}(레벨 던전을 클리어하여 빠르게 퇴장했을 경우, 포인트 지급이 누락될 수 있습니다.){nl}- 일일 퀘스트 : 10 포인트{nl}- 팀 배틀리그 : 50 포인트 (종료 후 승패에 관계없이 지급){nl}- 성물 레이드: 자동 매칭 : 20 포인트{nl}- 성물 레이드: 자동 매칭(Hard) : 30 포인트	UI_20210115_004561	La cantidad máxima de puntos que se puede ganar se reinicia cada lunes a las 6AM, hora del servidor.{nl}Los puntos se pueden ganar de la siguiente manera:{nl} {nl}- Inicio de sesión: 10 puntos (5 puntos adicionales para jugadores en un gremio y jugadores bajo efectos de token){nl}- Pesca exitosa: 1 punto por captura.{nl}- Incursión Leyenda: 35 puntos{nl}* Nido de Velcoffer: 100 puntos{nl}* Torre de la Tierra: 25 puntos cada 5 niveles){nl}- Misión de Defensa Cuesta Arriba: 10 puntos{nl}- Incursión Única: 20 puntos{nl}- Mazmorra de Nivel: 10 puntos{nl}(Los puntos se pueden omitir al salir justo después de completar la Mazmorra de Nivel.){nl} -  Misión Diaria: 10 puntos{nl}- Liga de Batalla de Equipos : 50 puntos (Otorgados sin importar victoria o derrota){nl}- Mazmorra Res Sacrae: Emparejamiento Automático : 20 puntos{nl}- Mazmorra Res Sacrae: Emparejamiento Automático (Difícil) : 30 puntos{nl}- Mazmorra Res Sacrae: Desafío : 50 puntos	획득 가능한 포인트량은 매주 월요일 6시에 초기화됩니다.{nl}포인트는 아래의 방법으로 획득할 수 있습니다.{nl} {nl}- 접속 : 10 포인트 (PC방 접속 중, 길드 가입 중, 토큰 적용 중일 시 각 5 포인트 추가 획득){nl}- 낚시 성공 : 1회 당 1 포인트{nl}- 레전드 레이드 : 35 포인트{nl}*벨코퍼의 둥지 : 100 포인트{nl}*대지의 탑 : 5층 단위로 25 포인트{nl}- 업힐 디펜스 미션 : 10 포인트{nl}- 유니크 레이드 : 20 포인트{nl}- 레벨 던전 : 10 포인트{nl}(레벨 던전을 클리어하여 빠르게 퇴장했을 경우, 포인트 지급이 누락될 수 있습니다.){nl}- 일일 퀘스트 : 10 포인트{nl}- 팀 배틀리그 : 50 포인트 (종료 후 승패에 관계없이 지급){nl}- 성물 던전: 자동 매칭 : 20 포인트{nl}- 성물 던전: 자동 매칭(Hard) : 30 포인트{nl}- 성물 던전: 도전 모드 : 50 포인트	
UI_20210318_004706	{#ff0000}%s segundos restantes	{#ff0000}%s초 남았습니다				
UI_20210318_004707	{@st41b}Recibir Recompensa	{@st41b}보상 수령				
UI_20210318_004708	{@st59}Has recibido todas las recompensas.(Excluye la recompensa según el progreso de la misión){/}	{@st59}획득 가능한 보상을 모두 받습니다.(퀘스트 진행도에 따른 보상은 제외){/}				
UI_20210318_004709	{@st44}{s22}Res Sacrae{/}{/}	{@st44}{s22}성물{/}{/}				
UI_20210318_004710	{@st59}Consume ingredientes y una cierta cantidad de plata para purificar {@st66d_y}{s18}Aliento de Poder{/}{/}.{/}{nl} {nl}{@st66d_y}{s18}Aliento de Poder{/}{/}{@st59} x10 se puede intercambiar por {@st204_green}{s18}Aliento de Poder Purificado{/}{@st59} x1.{nl} {nl}Se requieren ingredientes cada vez que se purifica 1 {@st204_green}{s18}Aliento de Poder{/}{@st59},{nl}y se puede seleccionar y consumir uno de los siguientes objetos como ingrediente.{nl} {nl}Lista de Objetos{nl} - {@st204_purple}Página de Tomo Místico{/} {s16} x2{nl} - {@st204_purple}Practonium{/} {s16} x2{nl} - {@st204_purple}Piedra Mágica{/} {s16} x2{nl} - {@st204_purple}Fragmento Bendito{/} {s16} x20{nl} - {@st204_purple}Gema Bendita de la Diosa{/} {s16} x2{nl} - {@st204_purple}Objeto de Valor Quemado de Tel Harsha{/} {s16} x1{nl} - {@st204_purple}Corazón Refinado de Glacia{/} {s16} x1{nl} - {@st204_purple}Polvo de Talco de Polilla Refinado{/} {s16} x1{nl}  - {@st204_purple}Purificador de Aliento de Poder{/} {s16} x1	{@st59}보유한 재료 아이템과 일정량의 실버를 소모하여 {@st66d_y}{s18}권능의 숨결{/}{/}을 정화합니다.{/}{nl} {nl}{@st66d_y}{s18}권능의 숨결{/}{/}{@st59} 10개로{@st204_green}{s18}정화된 권능의 숨결{/}{@st59}  1개를 획득할 수 있습니다.{nl} {nl}{@st204_green}{s18}정화된 권능의 숨결{/}{@st59}  1개를 정화할 때 마다 재료가 필요하며,{nl}다음 아이템 목록 중 한 종류를 선택하여 정화 재료로 소비할 수 있습니다.{nl} {nl}재료 아이템 목록{nl} - {@st204_purple}신비한 서 낱장{/} {s16} 2개{nl}  - {@st204_purple}프락토늄{/} {s16} 2개{nl}  - {@st204_purple}마정석{/} {s16} 2개{nl}  - {@st204_purple}축복받은 조각{/} {s16} 20개{nl}  - {@st204_purple}여신의 축복석{/} {s16} 2개{nl}  - {@st204_purple}그을린 텔하르샤의 의장품{/} {s16} 1개{nl}  - {@st204_purple}정제된 글레이시어 심장{/} {s16} 1개{nl}  - {@st204_purple}정제된 모스 탈크 파우더{/} {s16} 1개{nl}  - {@st204_purple}권능의 숨결 정화제{/} {s16} 1개	UI_20210115_004612	{@st59}Consume ingredientes y una cierta cantidad de plata para purificar {@st66d_y}{s18}Aliento de Poder{/}{/}.{/}{nl} {nl}{@st66d_y}{s18}Aliento de Poder{/}{/}{@st59} x10 se puede intercambiar por {@st204_green}{s18}Aliento de Poder Purificado{/}{@st59} x1.{nl} {nl}Se requieren ingredientes cada vez que se purifica 1 {@st204_green}{s18}Aliento de Poder{/}{@st59},{nl}y se puede seleccionar y consumir uno de los siguientes objetos como ingrediente.{nl} {nl}Lista de Objetos{nl} - {@st204_purple}Página de Tomo Místico{/} {s16} x2{nl}  - {@st204_purple}Practonium{/} {s16} x2{nl}  - {@st204_purple}Piedra Mágica{/} {s16} x2{nl}  - {@st204_purple}Fragmento Bendito{/} {s16} x20{nl}  - {@st204_purple}Gema Bendita de la Diosa{/} {s16} x2{nl}  - {@st204_purple}Objeto de Valor Quemado de Tel Harsha{/} {s16} x1{nl}  - {@st204_purple}Corazón Refinado de Glacia{/} {s16} x1{nl}  - {@st204_purple}Polvo de Talco de Polilla Refinado{/} {s16} x1{nl}	{@st59}보유한 재료 아이템과 일정량의 실버를 소모하여 {@st66d_y}{s18}권능의 숨결{/}{/}을 정화합니다.{/}{nl} {nl}{@st66d_y}{s18}권능의 숨결{/}{/}{@st59} 10개로{@st204_green}{s18}정화된 권능의 숨결{/}{@st59}  1개를 획득할 수 있습니다.{nl} {nl}{@st204_green}{s18}정화된 권능의 숨결{/}{@st59}  1개를 정화할 때 마다 재료가 필요하며,{nl}다음 아이템 목록 중 한 종류를 선택하여 정화 재료로 소비할 수 있습니다.{nl} {nl}재료 아이템 목록{nl} - {@st204_purple}신비한 서 낱장{/} {s16} 2개{nl}  - {@st204_purple}프락토늄{/} {s16} 2개{nl}  - {@st204_purple}마정석{/} {s16} 2개{nl}  - {@st204_purple}축복받은 조각{/} {s16} 20개{nl}  - {@st204_purple}여신의 축복석{/} {s16} 2개{nl}  - {@st204_purple}그을린 텔하르샤의 의장품{/} {s16} 1개{nl}  - {@st204_purple}정제된 글레이시어 심장{/} {s16} 1개{nl}  - {@st204_purple}정제된 모스 탈크 파우더{/} {s16} 1개{nl}	
UI_20210318_004711	{@st66b}Escuchar Música de Otros Personajes{/}	{@st66b}다른 캐릭터 연주 듣기{/}	UI_20180629_003340	{@st66b}Escuchar Flautas de Otros Personajes{/}	{@st66b}다른 캐릭터 피리 연주 듣기{/}	
UI_20210318_004712	{@st66b}Optimizar Velocidad de Actualización{/}	{@st66b}업데이트 속도 최적화{/}				
UI_20210318_004713	{@st59}Controla la velocidad de actualización de objetos dinámicos según el rendimiento. El personaje y monstruo pueden verse desconectados.{/}	{@st59}동적 오브젝트의 업데이트 속도를 성능에 따라 조절합니다. 캐릭터와 몬스터가 끊겨 보일 수 있습니다.{/}				
UI_20210318_004714	{@st41b}{s18}  Ichor Aleatorio	{@st41b}{s18}  랜덤 아이커				
UI_20210318_004715	{@st41b}{s18}  Ichor Fijo	{@st41b}{s18}  고정 아이커				
UI_20210326_004716	Regresando a la entrada en un momento.	잠시 후 입구로 돌아갑니다.	ETC_20161005_025547	¡Regresarás a la entrada en 10 segundos!	60초 후 입구로 돌아갑니다.	
UI_20210326_004717	{@st66b}Volumen de Instrumento(%s){/}	{@st66b}연주 크기 (%s){/}	UI_20180629_003339	{@st66b}Volumen de Flauta (%s){/}	{@st66b}피리 연주 크기 (%s){/}	
UI_20210326_004718	{@st59}Desmarca si no quieres escuchar los instrumentos de otros personajes tocando.{/}	{@st59}다른 캐릭터의 연주를 듣지 않으려면 체크를 해제해주세요.{/}	UI_20180629_003341	{@st59}Desmarca si no quieres escuchar las flautas de otros personajes.{/}	{@st59}다른 캐릭터의 피리 연주를 듣지 않으려면 체크를 해제해주세요.{/}	
UI_20210412_004719	{@st59}Consume ingredientes y una cierta cantidad de plata para purificar {@st66d_y}{s18}Aliento de Poder{/}{/}.{/}{nl} {nl}{@st66d_y}{s18}Aliento de Poder{/}{/}{@st59} x10 se puede intercambiar por {@st204_green}{s18}Aliento de Poder Purificado{/}{@st59} x1.{nl} {nl}Se requieren ingredientes cada vez que se purifica 1 {@st204_green}{s18}Aliento de Poder{/}{@st59},{nl}y se puede seleccionar y consumir uno de los siguientes objetos como ingrediente.{nl} {nl}Lista de Objetos{nl} - {@st204_purple}Página de Tomo Místico{/} {s16} x2{nl} - {@st204_purple}Practonium{/} {s16} x2{nl} - {@st204_purple}Piedra Mágica{/} {s16} x2{nl} - {@st204_purple}Fragmento Bendito{/} {s16} x20{nl} - {@st204_purple}Gema Bendita de la Diosa{/} {s16} x2{nl} - {@st204_purple}Objeto de Valor Quemado de Tel Harsha{/} {s16} x1{nl} - {@st204_purple}Corazón Refinado de Glacia{/} {s16} x1{nl} - {@st204_purple}Polvo de Talco de Polilla Refinado{/} {s16} x1{nl} - {@st204_purple}Purificador de Aliento de Poder{/} {s16} x1{nl} - {@st204_purple}[Evento] Purificador de Aliento de Poder{/} {s16} x1	{@st59}보유한 재료 아이템과 일정량의 실버를 소모하여 {@st66d_y}{s18}권능의 숨결{/}{/}을 정화합니다.{/}{nl} {nl}{@st66d_y}{s18}권능의 숨결{/}{/}{@st59} 10개로{@st204_green}{s18}정화된 권능의 숨결{/}{@st59}  1개를 획득할 수 있습니다.{nl} {nl}{@st204_green}{s18}정화된 권능의 숨결{/}{@st59}  1개를 정화할 때 마다 재료가 필요하며,{nl}다음 아이템 목록 중 한 종류를 선택하여 정화 재료로 소비할 수 있습니다.{nl} {nl}재료 아이템 목록{nl} - {@st204_purple}신비한 서 낱장{/} {s16} 2개{nl}  - {@st204_purple}프락토늄{/} {s16} 2개{nl}  - {@st204_purple}마정석{/} {s16} 2개{nl}  - {@st204_purple}축복받은 조각{/} {s16} 20개{nl}  - {@st204_purple}여신의 축복석{/} {s16} 2개{nl}  - {@st204_purple}그을린 텔하르샤의 의장품{/} {s16} 1개{nl}  - {@st204_purple}정제된 글레이시어 심장{/} {s16} 1개{nl}  - {@st204_purple}정제된 모스 탈크 파우더{/} {s16} 1개{nl}  - {@st204_purple}권능의 숨결 정화제{/} {s16} 1개{nl}  - {@st204_purple}[이벤트] 권능의 숨결 정화제{/} {s16} 1개	UI_20210318_004710	{@st59}Consume ingredientes y una cierta cantidad de plata para purificar {@st66d_y}{s18}Aliento de Poder{/}{/}.{/}{nl} {nl}{@st66d_y}{s18}Aliento de Poder{/}{/}{@st59} x10 se puede intercambiar por {@st204_green}{s18}Aliento de Poder Purificado{/}{@st59} x1.{nl} {nl}Se requieren ingredientes cada vez que se purifica 1 {@st204_green}{s18}Aliento de Poder{/}{@st59},{nl}y se puede seleccionar y consumir uno de los siguientes objetos como ingrediente.{nl} {nl}Lista de Objetos{nl} - {@st204_purple}Página de Tomo Místico{/} {s16} x2{nl} - {@st204_purple}Practonium{/} {s16} x2{nl} - {@st204_purple}Piedra Mágica{/} {s16} x2{nl} - {@st204_purple}Fragmento Bendito{/} {s16} x20{nl} - {@st204_purple}Gema Bendita de la Diosa{/} {s16} x2{nl} - {@st204_purple}Objeto de Valor Quemado de Tel Harsha{/} {s16} x1{nl} - {@st204_purple}Corazón Refinado de Glacia{/} {s16} x1{nl} - {@st204_purple}Polvo de Talco de Polilla Refinado{/} {s16} x1{nl}  - {@st204_purple}Purificador de Aliento de Poder{/} {s16} x1	{@st59}보유한 재료 아이템과 일정량의 실버를 소모하여 {@st66d_y}{s18}권능의 숨결{/}{/}을 정화합니다.{/}{nl} {nl}{@st66d_y}{s18}권능의 숨결{/}{/}{@st59} 10개로{@st204_green}{s18}정화된 권능의 숨결{/}{@st59}  1개를 획득할 수 있습니다.{nl} {nl}{@st204_green}{s18}정화된 권능의 숨결{/}{@st59}  1개를 정화할 때 마다 재료가 필요하며,{nl}다음 아이템 목록 중 한 종류를 선택하여 정화 재료로 소비할 수 있습니다.{nl} {nl}재료 아이템 목록{nl} - {@st204_purple}신비한 서 낱장{/} {s16} 2개{nl}  - {@st204_purple}프락토늄{/} {s16} 2개{nl}  - {@st204_purple}마정석{/} {s16} 2개{nl}  - {@st204_purple}축복받은 조각{/} {s16} 20개{nl}  - {@st204_purple}여신의 축복석{/} {s16} 2개{nl}  - {@st204_purple}그을린 텔하르샤의 의장품{/} {s16} 1개{nl}  - {@st204_purple}정제된 글레이시어 심장{/} {s16} 1개{nl}  - {@st204_purple}정제된 모스 탈크 파우더{/} {s16} 1개{nl}  - {@st204_purple}권능의 숨결 정화제{/} {s16} 1개	
UI_20210412_004720	No se puede Combinar/Transferir Arca	아크 합성/이전 불가				
UI_20210518_004721	, el rol de Maestro del Gremio no podrá transferirse.{nl}ⓘ La configuración de participación solo se puede cambiar hasta 5 minutos antes de que comiencen las Guerras Territoriales, o 1 minuto después de que terminen.{nl}ⓘ Se pueden cambiar independientemente de si tu gremio tiene torre o no.{nl}ⓘ Los miembros de gremio que abandonaron su gremio anterior hace menos de 7 días no pueden participar en la GTW.	로 변경 시 길드 마스터 위임이 불가능합니다.{nl}ⓘ 참가 여부 옵션은 길드 콜로니전 시작 5분 전 부터 종료 1분 후까지 변경할 수 없습니다.{nl}ⓘ 참가 여부 옵션은 길드 타워의 설치 유무와 상관없이 변경할 수 있습니다.{nl}ⓘ 이전 길드 탈퇴일을 기점으로 7일 미만인 길드원은 길드 콜로니전에 참가할 수 없습니다.	UI_20190104_003673	, el rol de Maestro de Gremio no podrá transferirse.{nl}ⓘ La configuración de participación solo se puede cambiar hasta 5 minutos antes de que comiencen las Guerras Territoriales, o 1 minuto después de que terminen.{nl}ⓘ Se pueden cambiar independientemente de si tu gremio tiene torre o no.{nl}ⓘ Los miembros de gremio que abandonaron su gremio anterior hace menos de 14 días no pueden participar en la GTW.	로 변경 시 길드 마스터 위임이 불가능합니다.{nl}ⓘ 참가 여부 옵션은 길드 콜로니전 시작 5분 전 부터 종료 1분 후까지 변경할 수 없습니다.{nl}ⓘ 참가 여부 옵션은 길드 타워의 설치 유무와 상관없이 변경할 수 있습니다.{nl}ⓘ 이전 길드 탈퇴일을 기점으로 14일 미만인 길드원은 길드 콜로니전에 참가할 수 없습니다.	
UI_20210518_004722	{@st59}Da suministros de ayuda o consumibles principales para aumentar la Tasa de Reputación{/}{nl} {nl}Los consumibles principales son los siguientes{nl}  - Objeto de Valor Quemado de Tel Harsha : 20{nl}  - Corazón Refinado de Glacia : 20{nl}  - Polvo de Talco de Polilla Refinado : 20{nl}  - Brikynita : 5{nl}  - Piedra Mágica : 5{nl}  - Página de Tomo Místico : 5{nl}  - Practonium : 5{nl}  - Gema Bendita de la Diosa : 5{nl}  - [Evento] Cupón de Reputación : 5 : 5	{@st59}구호 물품 또는 주요 재화를 증여하여 명성도를 올릴 수 있습니다.{/}{nl}　{nl}주요 재화 교환 정보{nl}  - 그을린 텔하르샤의 의장품 : 20{nl}  - 정제된 글레이시어의 심장 : 20{nl}  - 정제된 모스 탈크 파우더 : 20{nl}  - 브리키나이트 : 5{nl}  - 마정석 : 5{nl}  - 신비한 서 낱장 : 5{nl}  - 프락토늄 : 5{nl}  - 여신의 축복석 : 5{nl}  - [이벤트] 명성 증가 쿠폰 : 5 : 5	UI_20210115_004632	{@st59}Da suministros de ayuda o consumibles principales para aumentar la Tasa de Reputación{/}{nl} {nl}Los consumibles principales son los siguientes{nl}  - Objeto de Valor Quemado de Tel Harsha : 20{nl}  - Corazón Refinado de Glacia : 20{nl}  - Polvo de Talco de Polilla Refinado : 20{nl}  - Brikynita : 5{nl}  - Piedra Mágica : 5{nl}  - Página de Tomo Místico : 5{nl}  - Practonium : 5{nl}  - Gema Bendita de la Diosa : 5	{@st59}구호 물품 또는 주요 재화를 증여하여 명성도를 올릴 수 있습니다.{/}{nl}　{nl}주요 재화 교환 정보{nl}  - 그을린 텔하르샤의 의장품 : 20{nl}  - 정제된 글레이시어의 심장 : 20{nl}  - 정제된 모스 탈크 파우더 : 20{nl}  - 브리키나이트 : 5{nl}  - 마정석 : 5{nl}  - 신비한 서 낱장 : 5{nl}  - 프락토늄 : 5{nl}  - 여신의 축복석 : 5	
UI_20210518_004723	{@st66}No se puede obtener un reembolso después de recibir el TP.{nl}Para más detalles, consulta la Política de Reembolso de Steam y las Preguntas Frecuentes del sitio web de Steam.{/}	{@st66}TP를 획득한 후에는 환불이 불가능합니다.{nl}자세한 내용은 Steam의 환불 정책 및 공식 사이트의 FAQ를 참조하세요.{/}				
UI_20210518_004724	{@st59}Controla la velocidad de actualización del personaje y monstruo según el rendimiento. El personaje y monstruo pueden verse desconectados.{/}	{@st59}캐릭터와 몬스터의 업데이트 속도를 성능에 따라 조절합니다. 끊겨 보일 수 있습니다.{/}				
UI_20210518_004725	- El valor de Transmutación puede aumentarse en +1, y el material de Transmutación desaparece.{nl}- Cuando el valor de Transmutación alcance el MÁXIMO, el material principal, el material secundario y el material de Transmutación desaparecerán, y se obtendrá un objeto de nivel superior.	- 연성을 통해 주 재료의 연성 수치를 +1 증가시킬 수 있으며, 연성 재료는 소멸됩니다.{nl}- 연성 수치가 MAX치에 도달하면 주 재료, 보조 재료, 연성 재료가 모두 소멸되고 상위 레벨의 아이템을 획득하게 됩니다.				
UI_20210518_004726	Intercambiar Arma Vaivora [Nv4]	[Lv4] 바이보라 무기 교환				
UI_20210518_004727	Material Principal	주 재료				
UI_20210518_004728	{@st41b}{s18}Intercambiar	{@st41b}{s18}교환				
UI_20210518_004729	{@st42b}{s15}{b}{#FFFFFF}Límite de Uso : %s{/}{/}{/}{/}	{@st42b}{s15}{b}{#FFFFFF}사용제한 : %s{/}{/}{/}{/}	UI_20160718_002248	No se puede Usar :	사용제한 : %s	
UI_20210614_004730	{@st41b}{s18}  Opción	{@st41b}{s18}  옵션				
UI_20210809_004731	Mejorar Gema Aether	에테르 젬 강화				
UI_20210809_004732	{@st59}Mejora la {@st66d_y}{s18}Gema Aether/}{/} en el inventario o equipada en el engarce del equipo de rango Diosa.{/}{nl} {nl}{@st66d_y}Dependiendo del {@st59}nivel de la {s18}Gema Aether{/} y la {@st204_purple}{s18}etapa completada, la tasa de éxito de mejora difiere{/}{@st59}.{nl}{@st66d_y}{s18}Gema Aether{/}{@st59} se puede mejorar hasta un máximo de 5 veces y no hay costo al mejorar la gema.{nl}Al mejorarse, la estadística(FUE, INT, DES, SPR, CON) de {@st66d_y}{s18}Gema Aether{/}{@st59} aumenta en 2 por cada nivel.{nl} {nl}※ Puedes obtener la Gema Aether de la Caza de Recompensas.	{@st59}착용 중인 가디스 장비 소켓에 장착 중이거나, 인벤토리에 보유 중인 {@st66d_y}{s18}에테르 젬{/}{/}을 강화합니다.{/}{nl} {nl}{@st66d_y}{s18}에테르 젬{/}{@st59}의 레벨과 {@st204_purple}{s18}클리어 스테이지 단계에 따라 강화 성공 확률이 차등 적용{/}{@st59}됩니다.{nl}{@st66d_y}{s18}에테르 젬{/}{@st59} 강화는 최대 5회까지 진행 가능하며, 젬 강화에 소모되는 비용이 없습니다.{nl}강화 시 1레벨당 각 {@st66d_y}{s18}에테르 젬{/}{@st59}의 지정된 능력치(힘, 지능, 민첩, 정신, 체력)가 +2 상승합니다.{nl} {nl}※ 에테르 젬은 바운티 헌트를 통해 획득할 수 있습니다.				
UI_20210809_004733	Selecciona gema	젬을 선택하세요				
UI_20210809_004734	Nombre de la Gema	젬이름				
UI_20210809_004735	Completar Etapa - 14	클리어 스테이지 - 14층				
UI_20210809_004736	Probabilidad de Éxito 100%	성공률 100%				
UI_20210809_004737	{@st59}Mejorar la Gema Aether del objeto equipado{/}	{@st59}장착된 아이템의 에테르 젬을 강화합니다{/}				
UI_20210809_004738	{@st59}Mejorar la gema Aether guardada en el inventario{/}	{@st59}인벤토리에 보유한 에테르 젬을 강화합니다{/}				
UI_20210809_004739	Sobre Leyenda	레전드 이상				
UI_20210809_004740	{@st41b}{s20}Usar Orden	{@st41b}{s20}지령서 사용				
UI_20210809_004741	Caza de Recompensas	바운티 헌트				
UI_20210809_004742	Cancelar Caza de Recompensas.	바운티 헌트를 취소합니다.				
UI_20210809_004743	La cantidad máxima de puntos que se puede ganar se reinicia cada lunes a las 6 AM, hora del servidor.{nl}Los puntos se pueden ganar de la siguiente manera:{nl} {nl}- Conectarse al juego: 10 puntos (5 puntos adicionales para jugadores en un gremio y jugadores bajo efectos de token){nl} - Pesca exitosa: 1 punto por captura.{nl}- Incursión Leyenda: 35 puntos{nl}{nl}*Nido de Velcoffer : 100 puntos{nl}*Torre de la Tierra : 25 puntos cada 5º piso{nl}- Misión de Defensa Cuesta Arriba: 10 puntos{nl}- Mazmorra de Nivel: 10 puntos{nl}(Los puntos se pueden omitir al salir justo después de completar la Mazmorra de Nivel.){nl}- Misión Diaria: 10 puntos{nl}- Liga de Batalla de Equipos : 50 puntos (Otorgados sin importar victoria o derrota){nl}- Incursión Res Sacrae: Emparejamiento Automático: 20 puntos{nl}- Incursión Res Sacrae: Emparejamiento Automático (Difícil) : 30 puntos	획득 가능한 포인트량은 매주 월요일 6시에 초기화됩니다.{nl}포인트는 아래의 방법으로 획득할 수 있습니다.{nl} {nl}- 접속 : 10 포인트 (PC방 접속 중, 길드 가입 중, 토큰 적용 중일 시 각 5 포인트 추가 획득){nl}- 낚시 성공 : 1회 당 1 포인트{nl}- 레전드 레이드 : 35 포인트{nl}*벨코퍼의 둥지 : 100 포인트{nl}*대지의 탑 : 5층 단위로 25 포인트{nl}- 업힐 디펜스 미션 : 10 포인트{nl}- 레벨 던전 : 10 포인트{nl}(레벨 던전을 클리어하여 빠르게 퇴장했을 경우, 포인트 지급이 누락될 수 있습니다.){nl}- 일일 퀘스트 : 10 포인트{nl}- 팀 배틀리그 : 50 포인트 (종료 후 승패에 관계없이 지급){nl}- 성물 레이드: 자동 매칭 : 20 포인트{nl}- 성물 레이드: 자동 매칭(Hard) : 30 포인트	UI_20210318_004705	La cantidad máxima de puntos que se puede ganar se reinicia cada lunes a las 6 AM, hora del servidor.{nl}Los puntos se pueden ganar de la siguiente manera:{nl} {nl}- Conectarse al juego: 10 puntos (5 puntos adicionales para jugadores en un gremio y jugadores bajo efectos de token){nl} - Pesca exitosa: 1 punto por captura.{nl}- Incursión Leyenda: 35 puntos{nl}{nl}*Nido de Velcoffer : 100 puntos{nl}*Torre de la Tierra : 25 puntos cada 5º piso{nl}- Misión de Defensa Cuesta Arriba: 10 puntos{nl}- Incursión Única: 20 puntos{nl}- Mazmorra de Nivel: 10 puntos{nl}(Los puntos se pueden omitir al salir justo después de completar la Mazmorra de Nivel.){nl}- Misión Diaria: 10 puntos{nl}- Liga de Batalla de Equipos : 50 puntos (Otorgados sin importar victoria o derrota){nl}- Incursión Res Sacrae: Emparejamiento Automático: 20 puntos{nl}- Incursión Res Sacrae: Emparejamiento Automático (Difícil) : 30 puntos	획득 가능한 포인트량은 매주 월요일 6시에 초기화됩니다.{nl}포인트는 아래의 방법으로 획득할 수 있습니다.{nl} {nl}- 접속 : 10 포인트 (PC방 접속 중, 길드 가입 중, 토큰 적용 중일 시 각 5 포인트 추가 획득){nl}- 낚시 성공 : 1회 당 1 포인트{nl}- 레전드 레이드 : 35 포인트{nl}*벨코퍼의 둥지 : 100 포인트{nl}*대지의 탑 : 5층 단위로 25 포인트{nl}- 업힐 디펜스 미션 : 10 포인트{nl}- 유니크 레이드 : 20 포인트{nl}- 레벨 던전 : 10 포인트{nl}(레벨 던전을 클리어하여 빠르게 퇴장했을 경우, 포인트 지급이 누락될 수 있습니다.){nl}- 일일 퀘스트 : 10 포인트{nl}- 팀 배틀리그 : 50 포인트 (종료 후 승패에 관계없이 지급){nl}- 성물 레이드: 자동 매칭 : 20 포인트{nl}- 성물 레이드: 자동 매칭(Hard) : 30 포인트	
UI_20210809_004744	{@st66b}{s16}- Combina 3 armas Vaivora para obtener un arma Vaivora aleatoria.{nl}- No se puede combinar equipo Vaivora Transmutado.{nl} - Se otorga 1 [Piedra de Origen Vaivora] cada vez que se combina Vaivora. Puedes seleccionar y obtener 1 arma Vaivora Única con 5 Piedras de Origen Vaivora.	{@st66b}{s16}- 3개의 바이보라 무기를 합성하여 무작위 바이보라 무기를 획득합니다. {nl} - 연성된 바이보라 장비는 합성이 불가능 합니다.{nl} - 바이보라 합성 이용 1회 마다 [바이보라 근원석] 아이템을 1개 획득합니다. 바이보라 근원석 5개로 원하는 바이보라 유니크 무기 1개를 선택하여 획득할 수 있습니다.	UI_20200826_004441	{@st66b}{s16}- Combina 3 armas Vaivora para obtener un arma Vaivora aleatoria.{nl}- No se puede combinar equipo Vaivora Transmutado.	{@st66b}{s16}- 3개의 바이보라 무기를 합성하여 무작위 바이보라 무기를 획득합니다. {nl} - 연성된 바이보라 장비는 합성이 불가능 합니다.	
UI_20210809_004745	{s16}¿Seguro que quieres usar %s?{/}	{s16}%s 아이템을 사용하시겠습니까?{/}				
UI_20210809_004746	{@st43}Extraer Propiedad Luciferie{/}	{@st43}루시페리 속성 추출{/}				
UI_20210809_004747	{@st59}Cerrar{/}	{@st59}루세피리 속성 추출창을 닫습니다{/}				
UI_20210809_004748	Extraer Propiedad Luciferie	루시페리 속성 추출				
UI_20210809_004749	Obtén 2 pergaminos con propiedades guardadas al extraer el valor de Mejora/Trascendencia/Potencial del Accesorio Luciferie.{nl}*La propiedad del objeto extraído se vuelve 0.	루시페리 계열 액세서리의 강화/초월/포텐셜 속성 수치를 추출하여 속성이 저장된 스크롤 2장을 획득합니다.{nl}*추출된 아이템의 모든 속성은 0이 됩니다.				
UI_20210809_004750	{@st41b}Extraer	{@st41b}추출				
UI_20210809_004751	{@st59}Cerrar{/}	{@st59}설치 UI를 닫습니다{/}	UI_20150317_000064	{@st59}Cerrar{/}	{@st59}자판기를 닫습니다{/}	
UI_20210809_004752	{@st66}Las comidas en la Mesa de Refrigerio se ofrecen básicamente al grupo y a los miembros del gremio.	{@st66}배식 테이블의 음식은 기본적으로 파티원과 길드원에게 제공됩니다.				
UI_20210809_004753	{@st43}Copiar Nivel de Carta de Diosa{/}	{@st43}여신 카드 레벨 복사{/}				
UI_20210809_004754	Por favor coloca la carta a copiar. 	복사할 카드를 올려주세요				
UI_20210809_004755	Por favor coloca la carta objetivo. 	대상 카드를 올려주세요				
UI_20210809_004756	{@st59}Cerrar{/}	{@st59}여신 카드 복사를 닫습니다{/}				
UI_20210809_004757	Copiar Nivel de Carta de Diosa	여신 카드 레벨 복사				
UI_20210809_004758	{@st41b}Copiar	{@st41b}복사				
UI_20210809_004759	Gestión de Equipo de Diosa	가디스 장비 관리				
UI_20210809_004760	{@st61}{s24}Gestión de Equipo de Diosa{/}{s18}{nl} {nl}{s20}Forjar{nl} {s18}- Mejorar : Puedes intentar mejorar usando {#ffff11}Ingredientes del equipo y el Token de Diosa como ingrediente básico{/}, y {#ffff11}aumentar la probabilidad de mejora usando Ayuda de Mejora como ingrediente adicional.{nl}El valor de mejora no disminuye al fallar y la Probabilidad Ajustada aumenta según el número total de fallos.{nl}(La Probabilidad Ajustada se reinicia cuando la mejora tiene éxito.){nl}  - Encantar : Aplica estadísticas de encantamiento usando la Joya de Encantamiento de Diosa con el nivel de equipo apropiado.{nl}  - Trascendencia : Aumenta la etapa de trascendencia del equipo consumiendo Gema Bendita de la Diosa. La etapa máxima de Trascendencia es 10. {nl}  - Evolucionar : Usa {#22aaff}Token de Diosa, Gema Bendita de la Diosa, Ingrediente del equipo, y Piedra de Evolución con el nivel de equipo apropiado{/} para evolucionar el arma de rango Diosa{nl}(Sin embargo, las armaduras no pueden evolucionar y la etapa de Trascendencia del arma de rango Diosa a evolucionar debe ser 10.){nl}El {#22aaff}ataque básico del arma aumenta un 5% al evolucionar{/} y el efecto de evolución se aplica a la apariencia del arma.{nl} {nl}{s20}Grabar{nl} {s18}- Guardar Grabado : Puedes guardar la estadística aleatoria del equipo de rango Diosa equipado en el grabado.{nl}{#ffff11}Se usa la Piedra de Grabado del nivel de equipo apropiado{/} para guardar el grabado y se requiere al menos una piedra por intento.{nl}  - Aplicar Grabado : Aplica el grabado guardado al equipo actual. Se consume Token de Diosa al aplicar el grabado.{nl}. - Ichor : Puedes guardar el Ichor de Estadística Aleatoria de Armadura Nv.430 como grabado. Esto se guardará con 100% de probabilidad y {#ffff11}el ichor de estadística aleatoria guardado será destruido{/}.{nl} {nl}{s20}Engarce{nl}{s18}  - Armadura : Se pueden abrir 2 engarces normales. Se consume Token de Diosa para abrir un engarce normal.{nl}. - Arma: Se pueden abrir 2 engarces normales y 1 engarce de Gema Aether.{nl}Se consume Token de Diosa para abrir un engarce normal y el engarce de Gema Aether se puede abrir con un nivel de equipo apropiado	{@st61}{s24}가디스 장비 관리 시스템{/}{s18}{nl} {nl}{s20}재련{nl} {s18}- 강화 : {#ffff11}장비의 제작 재료와 여신의 증표를 기본 재료{/}로 강화를 시도할 수 있으며, {#ffff11}추가 재료로 강화 보조제를 사용하여 강화 확률을 상승{/}시킬 수 있습니다.{nl}강화 실패시 강화 수치가 하락하지 않으며, 누적 실패 횟수에 따른 확률 보정이 증가합니다.{nl}(누적 실패에 따른 확률 보정은 강화 성공시 초기화됩니다.){nl}  - 인챈트 : 장비 레벨에 맞는 가디스 인챈트 쥬얼을 사용하여 인챈트 옵션을 부여할 수 있습니다.{nl}  - 초월 : 여신의 축복석을 사용하여 해당 장비의 초월 단계를 증가시킬 수 있습니다. 초월 단계는 10이 최대입니다. {nl}  - 진화 : {#22aaff}여신의 증표, 여신의 축복석, 장비의 제작 재료, 장비 레벨에 맞는 진화석{/}을 사용하여 가디스 등급 무기를 진화시킵니다{nl}(단, 방어구는 진화할 수 없으며, 진화하려는 가디스 등급 무기는 초월 단계가 10이어야 합니다.){nl}{#22aaff}진화 시 무기의 기본 공격력의 5%가 상승{/}하며, 무기 외형에 진화 이펙트가 추가됩니다.{nl} {nl}{s20}각인{nl} {s18}- 각인 저장 : 장착하고 있는 가디스 등급 장비의 랜덤 옵션을 각인에 저장합니다.{nl}각인 저장에는 {#ffff11}장비 레벨에 맞는 각인석이 사용{/}되며, 저장 시도마다 최소 1개를 필요로 합니다.{nl}  - 각인 부여 : 저장된 각인을 장착 중인 장비에 부여합니다. 각인 부여 시 여신의 증표가 소모됩니다.{nl}  - 아이커 : Lv.430 방어구 랜덤 옵션 아이커를 각인에 저장합니다. 100%확률로 저장되며 {#ffff11}저장 시 랜덤 옵션 아이커는 소멸{/}합니다.{nl} {nl}{s20}소켓 관리{nl}{s18}  - 방어구 : 총 2개의 일반 소켓을 개방할 수 있습니다. 일반 소켓 개방에는 여신의 증표가 소모됩니다.{nl}  - 무기 : 총 2개의 일반 소켓과 1개의 에테르 젬 소켓을 개방할 수 있습니다.{nl}일반 소켓 개방에는 여신의 증표가 소모되며, 에테르 젬 소켓은 장비 레벨에 알맞는 				
UI_20210809_004761	Llave de Engarce de Gema Aether	에테르 젬 소켓 열쇠				
UI_20210809_004762	.{nl} {nl}{s20}Crear{nl} {s18}- Crea equipo de rango Diosa con ingredientes obtenidos de la incursión de la Diosa.{nl} {nl}{s20}Sucesión{nl} {s18}- Crea equipo de rango Diosa usando equipo de rango Leyenda Nv.440 como ingrediente.{nl}Puedes transferir parcialmente el valor de mejora y encantamiento al equipo de rango Diosa según la etapa de mejora y trascendencia del equipo de rango Leyenda usado como ingrediente.{nl} {nl}{s20}Cambio de Tipo{nl} {s18}- Usando un nivel de equipo apropiado 	로 개방할 수 있습니다.{nl} {nl}{s20}제작{nl} {s18}- 가디스 레이드에서 획득한 재료로 가디스 장비를 제작할 수 있습니다.{nl} {nl}{s20}계승{nl} {s18}- Lv.440 레전드 등급 장비를 재료로 가디스 장비를 제작합니다.{nl}제작 시 레전드 등급 장비의 강화, 초월 단계에 따라 강화, 인챈트 옵션 수치를 일부 이전할 수 있습니다.{nl} {nl}{s20}계열 변경{nl} {s18}- 장비 레벨에 맞는 				
UI_20210809_004763	Tomo de Cambio de Tipo de Equipo	장비 계열 변경의 서				
UI_20210809_004764	como ingrediente, puedes cambiar el equipo a otro tipo con el mismo nivel y rango.	를 재료로 동일 레벨, 등급의 다른 장비로 변경할 수 있습니다.				
UI_20210809_004765	{@st59}Forjar{/}	{@st59}재련{/}				
UI_20210809_004766	{@st59}Grabar{/}	{@st59}각인{/}				
UI_20210809_004767	{@st59}Sucesión{/}	{@st59}계승{/}				
UI_20210809_004768	{@st59}Cambio de tipo{/}	{@st59}계열 변경{/}				
UI_20210809_004769	{@st66b}Mejorar	{@st66b}강화				
UI_20210809_004770	{@st66b}Encantar	{@st66b}인챈트				
UI_20210809_004771	{@st66b}Trascender	{@st66b}초월				
UI_20210809_004772	{@st66b}Evolucionar	{@st66b}진화				
UI_20210809_004773	Continúa con el Tutorial de Mejora.	강화 튜토리얼을 진행할 수 있습니다.				
UI_20210809_004774	Continúa con el Tutorial de Encantamiento.	인챈트 튜토리얼을 진행할 수 있습니다.				
UI_20210809_004775	Ingrediente de Mejora	강화 재료				
UI_20210809_004776	Ingrediente Adicional	추가 재료				
UI_20210809_004777	{@st42}{s20}Ayuda de Mejora (%s / %s){/}{/}	{@st42}{s20}강화 보조제 (%s / %s){/}{/}				
UI_20210809_004778	{@st42}{s20}Ayuda de Mejora Premium (%s / %s){/}{/}	{@st42}{s20}프리미엄 강화 보조제 (%s / %s){/}{/}				
UI_20210809_004779	{@st42}{s24}Probabilidad Ajustada por Fallo:{/}{/}	{@st42}{s24}누적 실패 보정:{/}{/}				
UI_20210809_004780	{@st42}{s24}Tasa de Éxito:{/}{/}	{@st42}{s24}성공 확률:{/}{/}				
UI_20210809_004781	{@st41b}{s18}Omitir Ventana de Confirmación{/}{/}	{@st41b}{s18}확인 창 생략{/}{/}				
UI_20210809_004782	{@st43b}{s18}Estadística Actualmente Aplicada	{@st43b}{s18}현재 적용중인 옵션				
UI_20210809_004783	{@st43b}{s18}Resultado	{@st43b}{s18}결과				
UI_20210809_004784	{@st43b}{s18}Coloca aquí la Joya de Encantamiento de Diosa	{@st43b}{s18}가디스 인챈트 쥬얼을 올려주세요				
UI_20210809_004785	{@st41b}{s18}Número actual de %s: %s	{@st41b}{s18}현재 %s 보유 개수: %s개				
UI_20210809_004786	{@st66}{s18}{b} Se consumirán %s x%s.	{@st66}{s18}{b} %s %s개가 소비됩니다.				
UI_20210809_004787	{@st41}{s22}%s Etapa{/}	{@st41}{s22}%s단계{/}				
UI_20210809_004788	{@st45}{s20}Tiempo de Expansión Restante : {#FF0000}%s{/}{/}{/}	{@st45}{s20}남은 확장 시간 : {#FF0000}%s{/}{/}{/}				
UI_20210809_004789	{@st41b}{s18}Cambiar Nombre	{@st41b}{s18}이름 변경				
UI_20210809_004790	{@st59}Cambiar Nombre del Conjunto de Grabado{/}	{@st59}각인 세트 이름을 변경합니다{/}				
UI_20210809_004791	Seleccionar Todo	모두 선택				
UI_20210809_004792	{@st66b}Guardar Grabado	{@st66b}각인 저장				
UI_20210809_004793	{@st66b}Aplicar Grabado	{@st66b}각인 부여				
UI_20210809_004794	{@st66b}Ichor	{@st66b}아이커				
UI_20210809_004795	{@sti1c}{s18} - Se requiere al menos una Piedra de Grabado para intentar guardar el grabado,{nl}y {#1199bb}la probabilidad de éxito aumenta un 5% por cada Piedra de Grabado{/}.{nl} {nl}  - No puedes guardar el grabado si la estadística aleatoria que intentas guardar y la ya guardada son iguales.{/}	{@sti1c}{s18} - 최소 1개의 각인석을 사용해야 각인 저장을 시도할 수 있으며,{nl}{#1199bb}각인석 1개당 성공 확률이 5% 상승{/}합니다,{nl} {nl}  - 저장 하려는 랜덤 옵션과 동일한 랜덤 옵션이 해당 부위에 저장되어 있다면 각인 저장을 시도할 수 없습니다.{/}				
UI_20210809_004796	A Guardar	저장할 옵션				
UI_20210809_004797	Guardado Actualmente	현재 저장된 옵션				
UI_20210809_004798	{@st42}{s24}Probabilidad de Ahorro de Grabado: {/}{s34}%s{/}{s24}%{/}{s18} (%s% + %s%){/}{/}	{@st42}{s24}각인 저장 확률: {/}{s34}%s{/}{s24}%{/}{s18} (%s% + %s%){/}{/}				
UI_20210809_004799	Guardar Grabado	각인 저장				
UI_20210809_004800	Aplicar Grabado	각인 적용				
UI_20210809_004801	{@sti1c}{s18} - Solo se puede guardar como grabado {#aa9911}el Ichor de Estadística Aleatoria de Armadura Nv.430{/}.{nl} {nl}  - No se requiere Piedra de Grabado al guardar {#aa991}el Ichor de Estadística Aleatoria de Armadura Nv.430{/} y se guarda con 100% de probabilidad.{/}	{@sti1c}{s18} - {#aa9911}Lv.430 방어구 랜덤 옵션 아이커{/}만 각인에 저장할 수 있습니다.{nl} {nl}  -{#aa991}Lv.430 방어구 랜덤 옵션 아이커{/}를 각인에 저장할 때에는 각인석이 필요하지 않으며, 100% 확률로 저장 됩니다.{/}				
UI_20210809_004802	{@st42}{s24}Probabilidad de Ahorro de Grabado: {/}{s34}%s{/}{s24}%{/}{/}	{@st42}{s24}각인 저장 확률: {/}{s34}%s{/}{s24}%{/}{/}				
UI_20210809_004803	{@st42}{s24}Requerido ->{/}	{@st42}{s24}소모 비용 ▶{/}				
UI_20210809_004804	Engarce Normal	일반 소켓				
UI_20210809_004805	Abrir Engarce	소켓 개방				
UI_20210809_004806	El Engarce de Gema Aether se puede abrir usando una Llave de Engarce.	에테르 젬 소켓 개방은 소켓 열쇠 아이템을 통해 가능합니다.				
UI_20210809_004807	Engarce de Gema Aether	에테르 젬 소켓				
UI_20210809_004808	Engarce de Armadura	방어구 소켓				
UI_20210809_004809	- Se puede abrir un máximo de 2 engarces en las armaduras.{nl} {nl}  - Las gemas de habilidad se pueden equipar en el engarce normal de la armadura.{nl} {nl}  - Solo se aplica un efecto cuando se equipan 2 gemas de habilidad del mismo efecto.	 - 방어구에는 최대 2개의 일반 소켓을 개방할 수 있습니다.{nl} {nl}  - 방어구의 일반 소켓에 장착 가능한 젬은 스킬 젬입니다.{nl} {nl}  - 동일한 스킬의 스킬 젬을 2개 이상 장착 해도 1개의 효과만 적용됩니다.				
UI_20210809_004810	Engarce de Arma	무기 소켓				
UI_20210809_004811	- Se pueden abrir un máximo de 2 engarces normales y 1 engarce Aether en las armas.{nl} {nl}  - Las gemas de color se pueden equipar en el engarce normal del arma.{nl} {nl}  - Gema de Color: Roja, Azul, Amarilla, Verde, Gema Blanca.{nl} {nl}  - La Gema de Color debe tostarse primero para poder equiparse.{nl} {nl}  - La gema Aether se puede equipar en el engarce de gema Aether y para abrir este engarce se requiere un nivel de equipo apropiado	 - 무기에는 최대 2개의 일반 소켓과 1개의 에테르 젬 소켓을 개방할 수 있습니다.{nl} {nl}  - 무기의 일반 소켓에 장착 가능한 젬은 컬러 젬입니다.{nl} {nl}  - 컬러 젬의 종류로는 레드, 블루, 옐로우, 그린, 화이트가 있습니다.{nl} {nl}  - 컬러 젬을 장착하기 위해서는 우선 젬 로스팅을 해야 합니다.{nl} {nl}  - 에테르 젬 소켓에는 에테르 젬을 장착할 수 있으며, 에테르 젬 소켓을 개방하기 위해서는 장비 레벨에 맞는 				
UI_20210809_004812	Lista de Fabricación	제작 목록				
UI_20210809_004813	Tipo de Equipo	장비 종류				
UI_20210809_004814	Categoría de Equipo	장비 타입				
UI_20210809_004815	{@st42}Mostrar Objetos Fabricables{/}	{@st42}재료가 있는 것만 보기{/}				
UI_20210809_004816	{@st42}Mostrar Objetos Equipables	{@st42}착용 가능한 목록만 보기				
UI_20210809_004817	{@st42}{s20}Colocar Objeto{/}{/}	{@st42}{s20}아이템을 올려주세요{/}{/}				
UI_20210809_004818	Espada de Vasilisa	바실리사 소드				
UI_20210809_004819	{@sti1c}{s18} - Solo se puede suceder equipo de Nv.440 o superior y etapa de Trascendencia 8 o superior.{nl} {nl}  - Se transferirán 2/3 de la [Mejora] y [Estadística de Encantamiento] al suceder equipo con valor de Mejora +11 o superior y etapa de Trascendencia 10.{nl}{#11cc88} ※ El valor máximo de mejora transferido al suceder rango Leyenda Nv.440 es +14.{nl} ※ Se otorgará Ayuda de Mejora (No comerciable) a quienes sucedan rango Leyenda Nv.440 con valor de mejora +21 o superior. {nl}{/}{/}	{@sti1c}{s18} - 초월 단계 8이상의 Lv.440이상 장비만 계승이 가능합니다.{nl} {nl}  - 강화 수치가 +11이상, 초월 단계가 10인 장비는 계승 시 [강화], [인챈트 옵션]이 2/3만큼 이전됩니다.{nl}{#11cc88} ※Lv.440 레전드 등급 계승 시 이전되는 강화 수치는 최대 +14입니다.{nl} ※Lv.440 레전드 등급 계승 시 강화 수치가 +21을 초과하는 장비는 강화 보조제(거래불가)가 지급됩니다. {nl}{/}{/}				
UI_20210809_004820	{@st42}{s20}Objeto para Suceder{/}{/}	{@st42}{s20}계승 대상 아이템{/}{/}				
UI_20210809_004821	Vara de Vasilisa	바실리사 로드				
UI_20210809_004822	{@st42}{s26}{#ff1212}El personaje no puede equipar este equipo.{/}{/}	{@st42}{s26}{#ff1212}해당 캐릭터가 장착할 수 없는 장비입니다.{/}{/}				
UI_20210809_004823	Sucesión de Equipo	장비 계승				
UI_20210809_004824	Selecciona el objeto de la lista de abajo.	아래 목록에서 원하는 아이템을 선택해 주세요				
UI_20210809_004825	{@sti1c}{s18} - Para cambiar el tipo de equipo, necesitas un nivel de equipo apropiado	{@sti1c}{s18} - 장비 계열 변경에는 해당 장비 레벨에 맞는 				
UI_20210809_004826	es requerido.{nl} {nl}  - Todas las estadísticas excepto la estadística de despertar se transfieren al cambiar el tipo de equipo.{nl}(La estadística de despertar aplicada al equipo se elimina al cambiar el tipo.){nl} {nl}  - La propiedad de comercio no cambia cuando se cambia el tipo de arma.{/}	가 필요합니다.{nl} {nl}  - 장비 계열 변경 시 각성 옵션을 제외한 모든 옵션이 이전됩니다.{nl}(아이템에 부여된 각성 옵션은 계열 변경 시 사라집니다.){nl} {nl}  - 장비 계열 변경 시 거래 속성이 변경되지 않습니다.{/}				
UI_20210809_004827	{@st42}{s20}Objeto Intercambiado{/}{/}	{@st42}{s20}변경 대상 아이템{/}{/}				
UI_20210809_004828	{@st66b}Se otorga uno de los objetos listados en la [Lista de Objetos]{nl}según cada probabilidad.	{@st66b}사용 시 각 확률에 따라 [확률형 아이템 목록]에{nl}안내된 구성 아이템 중 1종을 획득할 수 있습니다.{/}				
UI_20210809_004829	{nl}{@st42b}{s15}Lista de Objetos por Probabilidad	{nl}{@st42b}{s15}확률형 아이템 목록				
UI_20210809_004830	{@st43}{s24}Taller de Vivienda	{@st43}{s24}하우징 공방				
UI_20210809_004831	{@st43}{s24}Tablón de Estado de Consumibles{/}	{@st43}{s24}재화 생산 현황판{/}				
UI_20210809_004832	{@st59}Cerrar{/}	{@st59}하우징 공방을 닫습니다{/}				
UI_20210809_004833	{@st66b}Consumible{/}	{@st66b}재화{/}				
UI_20210809_004834	Reputación de Fabricación	명성도 생산				
UI_20210809_004835	{s17}Tiempo Restante para Recibir Bienes : %s día(s) %s hora(s) %s minuto(s)	{s17}재화 수령까지 남은 시간 : %s일 %s시간 %s분				
UI_20210809_004836	{s17}Tiempo Restante para Recibir Bienes : Completado	{s17}재화 수령까지 남은 시간 : 완료				
UI_20210809_004837	{s17}Efecto Aplicado - %s	{s17}적용 중인 효과 - %s				
UI_20210809_004838	Cupón	쿠폰				
UI_20210809_004839	Recibir los bienes	재화 수령				
UI_20210809_004840	Información del Mapa	맵 정보				
UI_20210809_004841	{@sti1c}{s14}Misión	{@sti1c}{s14}미션				
UI_20210809_004842	{@sti1c}{s14}Patrón del Mapa	{@sti1c}{s14}맵 패턴				
UI_20210809_004843	Puntuación	스코어				
UI_20210809_004844	{@st66b}Debido al cálculo del ranking, no puedes entrar de 00:00 a 06:00 el lunes.{nl}{s13}{#FF0000}※ El ranking solo se registra desde Emparejamiento Automático.{/}{/}{/}	{@st66b}랭킹 집계로 인해 월요일 00:00 ~ 06:00시 사이에는 입장이 불가능합니다.{nl}{s13}{#FF0000}※ 랭킹은 자동매칭을 통해서만 등록이 가능합니다.{/}{/}{/}				
UI_20210809_004845	{@st66b}Marcador	{@st66b}즐겨찾기	UI_20151224_001879	{@st66b}Mazmorras{/}	{@st66b}던전{/}	
UI_20210809_004846	{s22}Contenido	{s22}내용				
UI_20210809_004847	{s18}{#ff9900}{ol}Detalles	{s18}{#ff9900}{ol}설명				
UI_20210809_004848	{@st59}Almacén de Equipo{/}	{@st59}장비 보관함{/}				
UI_20210809_004849	{@st59}Gestión de Equipo de Diosa{/}	{@st59}가디스 장비 관리{/}				
UI_20210809_004850	{@st59}Misión{/}	{@st59}퀘스트{/}				
UI_20210809_004851	{@st41b}{s17}Etapa %s	{@st41b}{s17}%s단계				
UI_20210809_004852	Cupón Gratis	무료 쿠폰				
UI_20210809_004853	{@st202}Mantener objeto registrado y no mostrar ventana de confirmación	{@st202}등록된 아이템 유지 및 확인 창 띄우지 않기				
UI_20210809_004854	{@st41b}{s18}No mostrar ventana de confirmación{/}{/}	{@st41b}{s18}확인 창 띄우지 않기{/}{/}				
UI_20210809_004855	{@st43}{s24}Almacén de Equipo	{@st43}{s24}장비 보관함				
UI_20210809_004856	{@st59}Cerrar{/}	{@st59}장비 보관함을 닫습니다{/}				
UI_20210809_004857	{@st59}Arma{/}	{@st59}무기{/}				
UI_20210809_004858	{@st59}Armadura{/}	{@st59}방어구{/}				
UI_20210809_004859	{@st59}Accesorio{/}	{@st59}악세사리{/}				
UI_20210809_004860	Continúa con el Tutorial de Vaivora.	바이보라 튜토리얼을 진행할 수 있습니다.				
UI_20210809_004861	Continúa con el Tutorial de Galimive.	갈리미베 튜토리얼을 진행할 수 있습니다.				
UI_20210809_004862	{@st66b}{s16}Otros	{@st66b}{s16}기타				
UI_20210809_004863	{s14}Todo se activa al registrar uno de los mismos tipos de accesorio.{/}	{s14}같은 종류의 악세사리 중 하나만 선택하여 등록해도 모두 활성화됩니다.{/}				
UI_20210809_004864	Registra el ingrediente haciendo clic derecho en el inventario.	인벤토리에서 우클릭을 통해 재료를 등록할 수 있습니다.				
UI_20210809_004865	El objeto creado quedará vinculado al personaje.	생성된 아이템은 캐릭터에 귀속됩니다.				
UI_20210809_004866	{img icon_item_silver 24 24} Costo : %s	{img icon_item_silver 24 24} 비용 : %s				
UI_20210809_004867	{st20}%s Objeto	{st20}%s 시 아이템				
UI_20210809_004868	[Nv2] Guantes de Cuero de Rumpelstiltskin - Apostador Imprudente	[lv2] 럼펠스틸스킨 레더 글로브- 레클리스 겜블러				
UI_20210809_004869	{@st43b}{s16}Estadísticas	{@st43b}{s16}옵션				
UI_20210809_004870	{nl}{@st42b}{s20}Lista de Objetos obtenidos por probabilidad	{nl}{@st42b}{s20}확률형 아이템 목록				
UI_20210809_004871	Costo de Engarce %s : {@st66d_y}%s{/}	소켓 추가 비용 %s : {@st66d_y}%s{/}				
UI_20210809_004872	{@st202}{s16}Ranking{/}	{@st202}{s16}순위{/}				
UI_20210809_004873	{@st202}{s16}Equipo{/}	{@st202}{s16}팀명{/}				
UI_20210809_004874	{@st202}{s16}Puntuación{/}	{@st202}{s16}스코어{/}				
UI_20210809_004875	Consultar Recompensas de Temporada	시즌별 보상 확인				
UI_20210809_004876	{@st201}[Mejorar]{/}{/} Intenta mejorar la Gema Res Sacrae consumiendo {@st66d_y}{s16}Carbón Prisma{/}{/}, Gema Bendita de la Diosa, y plata.{nl}Todos los ingredientes se consumen sin importar éxito o fallo.{nl}El nivel de la Gema Res Sacrae aumenta en 1 cuando la mejora tiene éxito.{nl}No se puede mejorar si el nivel de la Gema Res Sacrae equipable es menor que el nivel resultante tras tener éxito en la mejora.{nl} {nl}{@st201}[Combinar]{/}{/} Consume 3 Gemas Res Sacrae Nv.1 del{nl}mismo rango y tipo(Cian, Magenta, Negro) {@st66d_y}{s16}Carbón Prisma{/}{/}.{nl} {nl}Puedes obtener 1 gema de Rango Leyenda del mismo tipo(Cian, Magenta, Negro){nl}con un 98% de probabilidad al combinar Gema Res Sacrae de Rango Leyenda.{nl}Puedes obtener 1 gema de Rango Diosa del mismo tipo con un 2% de probabilidad.{nl} {nl}Siempre se otorgará 1 Fragmento de Gema Res Sacrae del mismo tipo{nl}y puedes seleccionar y obtener 1 Gema Res Sacrae de Rango Diosa del mismo tipo con 15 Fragmentos de Gema Res Sacrae.{nl} {nl}Todos los ingredientes se consumen y se obtienen 15 Fragmentos de Gema Res Sacrae al combinar Gema Res Sacrae de Rango Diosa.{nl} {nl}{@st201}[Transferir]{/}{/} Transfiere el nivel de una Gema Res Sacrae de nv.2 o superior a otra gema.{nl}El nivel de la gema transferida se iguala al de la gema usada como ingrediente.{nl}La Gema Res Sacrae usada como ingrediente será destruida.{nl} {nl}{@st201}[Desmantelar]{/}{/}Desmantela la Gema Res Sacrae y obtén {@st66d_y}{s16}Carbón Prisma{/}{/} en una cantidad determinada por probabilidad.{nl}Se otorgará más {@st66d_y}{s16}Carbón Prisma{/}{/} al desmantelar una gema Res Sacrae de Diosa.{nl}Solo se pueden desmantelar Gemas Res Sacrae Nv.1.	{@st201}[강화]{/}{/} {@st66d_y}{s16}프리즘 콜{/}{/}, 여신의 축복석, 실버를 소비하여 성물 젬 강화를 시도합니다.{nl}강화 시도 시 재료는 모두 소비되며 확률에 따라 성공하거나 실패합니다.{nl}성공 시 성물 젬의 레벨이 1 상승합니다.{nl}강화 목표 레벨보다 성물의 장착 가능 성물 젬 레벨이 낮으면 강화할 수 없습니다.{nl} {nl}{@st201}[합성]{/}{/} {@st66d_y}{s16}프리즘 콜{/}{/}과 같은 등급, 같은 종류(시안, 마젠타, 블랙)의{nl} 1레벨 성물 젬 3개를 모두 소비하여 성물 젬 합성을 시도합니다.{nl} {nl}레전드 등급 성물 젬 합성 시 98% 확률로 같은 종류(시안, 마젠타, 블랙)의{nl}레전드 등급 성물 젬을 균등 확률로 1개 획득합니다.{nl}2% 확률로 같은 종류의 가디스 등급 성물 젬을 균등 확률로 1개 획득합니다.{nl} {nl}또한 같은 종류의 성물 젬 파편 1개를 고정 획득하며{nl}성물 젬 파편 15개를 모아 같은 종류의 가디스 등급 성물 젬을 1개 선택하여 획득할 수 있습니다.{nl} {nl}가디스 등급 성물 젬 합성 시 재료를 모두 소비하고 성물 젬 파편 15개를 획득합니다.{nl} {nl}{@st201}[이전]{/}{/} 레벨 2 이상인 성물 젬의 레벨을 다른 성물 젬으로 이전할 수 있습니다.{nl}이전 받은 성물 젬은 이전에 사용된 성물 젬과 동일한 레벨로 변경됩니다.{nl}이전에 사용된 성물 젬은 소멸합니다.{nl} {nl}{@st201}[분해]{/}{/}성물 젬을 분해하여 각 확률에 따라 정해진 수량의 {@st66d_y}{s16}프리즘 콜{/}{/}을 획득합니다.{nl}가디스 등급 성물 젬 분해 시 더 많은 {@st66d_y}{s16}프리즘 콜{/}{/}을 획득합니다.{nl}분해는 1 레벨 성물 젬만 가능합니다.	UI_20210115_004622	{@st201}[Mejorar]{/}{/} Intenta mejorar la Gema Res Sacrae consumiendo {@st66d_y}{s16}Carbón Prisma{/}{/}, Gema Bendita de la Diosa, y plata.{nl}Todos los ingredientes se consumen sin importar éxito o fallo.{nl}El nivel de la Gema Res Sacrae aumenta en 1 cuando la mejora tiene éxito.{nl}No se puede mejorar si el nivel de la Gema Res Sacrae equipable es menor que el nivel resultante tras tener éxito en la mejora.{nl} {nl}{@st201}[Combinar]{/}{/} Intenta combinar consumiendo {@st66d_y}{s16}Carbón Prisma{/}{/}, Gema Bendita de la Diosa, y plata.{nl}Todos los ingredientes se consumen sin importar éxito o fallo.{nl}Puedes obtener una Gema Res Sacrae Nv.1 aleatoria cuando la combinación tenga éxito.{nl} {nl}{@st201}[Transferir]{/}{/} Transfiere el nivel de una Gema Res Sacrae de nv.2 o superior a otra gema.{nl}El nivel de la gema transferida se iguala al de la gema usada como ingrediente.{nl}La Gema Res Sacrae usada como ingrediente será destruida.{nl} {nl}{@st201}[Desmantelar]{/}{/}Desmantela la Gema Res Sacrae y obtén una cantidad aleatoria de {@st66d_y}{s16}Carbón Prisma{/}{/}.{nl}Se otorgará más {@st66d_y}{s16}Carbón Prisma{/}{/} al desmantelar una gema Res Sacrae de Diosa.{nl}Solo se pueden desmantelar Gemas Res Sacrae Nv.1.	{@st201}[강화]{/}{/} {@st66d_y}{s16}프리즘 콜{/}{/}, 여신의 축복석, 실버를 소비하여 성물 젬 강화를 시도합니다.{nl}강화 시도 시 재료는 모두 소비되며 확률에 따라 성공하거나 실패합니다.{nl}성공 시 성물 젬의 레벨이 1 상승합니다.{nl}강화 목표 레벨보다 성물의 장착 가능 성물 젬 레벨이 낮으면 강화할 수 없습니다.{nl} {nl}{@st201}[합성]{/}{/} {@st66d_y}{s16}프리즘 콜{/}{/}, 여신의 축복석, 실버를 소비하여 합성을 시도합니다.{nl}합성 시도 시 재료는 모두 소비되며 확률에 따라 성공하거나 실패합니다.{nl}성공 시 레벨 1 무작위 성물 젬을 획득할 수 있습니다.{nl} {nl}{@st201}[이전]{/}{/} 레벨 2 이상인 성물 젬의 레벨을 다른 성물 젬으로 이전할 수 있습니다.{nl}이전 받은 성물 젬은 이전에 사용된 성물 젬과 동일한 레벨로 변경됩니다.{nl}이전에 사용된 성물 젬은 소멸합니다.{nl} {nl}{@st201}[분해]{/}{/}성물 젬을 분해하여 무작위 수량의 {@st66d_y}{s16}프리즘 콜{/}{/}을 획득합니다.{nl}가디스 등급 성물 젬 분해 시 더 많은 {@st66d_y}{s16}프리즘 콜{/}{/}을 획득합니다.{nl}분해는 1 레벨 성물 젬만 가능합니다.	
UI_20210809_004877	{@st202}No mostrar ventana de confirmación	{@st202}확인 창 띄우지 않기				
UI_20210809_004878	{@st59}Da suministros de ayuda o consumibles principales para aumentar la Tasa de Reputación{/}{nl} {nl}Los consumibles principales son los siguientes{nl}  - Objeto de Valor Quemado de Tel Harsha : 20{nl}  - Corazón Refinado de Glacia : 20{nl}  - Polvo de Talco de Polilla Refinado : 20{nl}  - Brikynita : 5{nl}  - Piedra Mágica : 5{nl}  - Página de Tomo Místico : 5{nl}  - Practonium : 5{nl}  - Gema Bendita de la Diosa : 5{nl}  - [Evento] Cupón de Reputación : 5 : 5{nl}  - [Taller de Vivienda] Vale de Aumento de Reputación : 5 : 5	{@st59}구호 물품 또는 주요 재화를 증여하여 명성도를 올릴 수 있습니다.{/}{nl}　{nl}주요 재화 교환 정보{nl}  - 그을린 텔하르샤의 의장품 : 20{nl}  - 정제된 글레이시어의 심장 : 20{nl}  - 정제된 모스 탈크 파우더 : 20{nl}  - 브리키나이트 : 5{nl}  - 마정석 : 5{nl}  - 신비한 서 낱장 : 5{nl}  - 프락토늄 : 5{nl}  - 여신의 축복석 : 5{nl}  - [이벤트] 명성 증가 쿠폰 : 5 : 5{nl}  - [하우징공방] 명성 증가 쿠폰 : 5 : 5	UI_20210518_004722	{@st59}Da suministros de ayuda o consumibles principales para aumentar la Tasa de Reputación{/}{nl} {nl}Los consumibles principales son los siguientes{nl}  - Objeto de Valor Quemado de Tel Harsha : 20{nl}  - Corazón Refinado de Glacia : 20{nl}  - Polvo de Talco de Polilla Refinado : 20{nl}  - Brikynita : 5{nl}  - Piedra Mágica : 5{nl}  - Página de Tomo Místico : 5{nl}  - Practonium : 5{nl}  - Gema Bendita de la Diosa : 5{nl}  - [Evento] Cupón de Reputación : 5 : 5	{@st59}구호 물품 또는 주요 재화를 증여하여 명성도를 올릴 수 있습니다.{/}{nl}　{nl}주요 재화 교환 정보{nl}  - 그을린 텔하르샤의 의장품 : 20{nl}  - 정제된 글레이시어의 심장 : 20{nl}  - 정제된 모스 탈크 파우더 : 20{nl}  - 브리키나이트 : 5{nl}  - 마정석 : 5{nl}  - 신비한 서 낱장 : 5{nl}  - 프락토늄 : 5{nl}  - 여신의 축복석 : 5{nl}  - [이벤트] 명성 증가 쿠폰 : 5 : 5	
UI_20210809_004879	{@st66b}{s20}Resurrección: {s20}{#cc6600}{ol}%s{/}{@st66b}{s20} segundo(s) restante(s).	{@st66b}{s20}부활까지 {s20}{#cc6600}{ol}%s{/}{@st66b}{s20}초 남았습니다.				
UI_20210809_004880	Pergamino de Mejora	강화 스크롤				
UI_20210809_004881	Trascendencia Guardada: %s	저장된 초월 수치: %s				
UI_20210809_004882	Mejora Guardada: %s	저장된 강화 수치: %s				
UI_20210809_004883	Potencial Guardado: %s	저장된 포텐셜 수치: %s				
UI_20210809_004884	{@st66}Usar para aplicar %s TRA %s MEJ %s Potencial.{/}	{@st66}사용 시 %s초월 %s강 %s포텐셜로 변경됩니다.{/}				
UI_20210809_004885	{s20} Trascendencia:%s, Mejora:%s, Potencial:%s{/}	{s20} 초월:%s, 강화:%s, 포텐셜:%s{/}				
UI_20210809_004886	{@st66b}{s18}* La Tentación del Dios Demonio es un contenido probabilístico usado con plata.{nl}* Se consumen 50,000 de plata por intento y puedes obtener un traje nuevo mensual{nl}    o punto de Tentación del Dios Demonio por probabilidad.	{@st66b}{s18}* 마신의 유혹은 실버로 이용하는 확률형 콘텐츠입니다.{nl}* 회당 5만 실버가 소모되며, 확률에 따라 월별 신규 코스튬이나{nl}    마신의 유혹 포인트를 획득할 수 있습니다.				
UI_20210809_004887	{@st66b}[Recompensa de Completado]{nl}Mejora la {#003997}"Gema Aether"{/} a través del NPC Kupole que aparece al completar.{nl}La Tasa de Mejora aumenta cuanto más alta es la etapa.{nl} {nl}[Recompensa de Temporada]{nl}{@st66b}Los 3 mejores jugadores del ranking por árbol de clase reciben un{nl}{#003997} "Quemador de Incienso Dimensional"{/}por el ranking de la semana anterior. Todos los jugadores que participaron durante la semana reciben un conjunto de{nl}{#003997} "Insignia de Mercenario"{/}{nl}según su puntuación.{nl} {nl}{s13}La semana comienza cada lunes a las 06:00 (hora del servidor).{nl}{nl}{s13}{#003997}La entrada está limitada de 5 a 6 AM cada lunes{/}{nl} {nl}{s13}{#8e0000}Los jugadores que llegan al top 3 de más de un árbol de clase reciben solo las recompensas correspondientes a su ranking más alto.{nl} {nl}Cuando un jugador es excluido de un ranking de árbol de clase por entradas múltiples, el jugador siguiente ocupa su lugar en ese ranking.	{@st66b}[클리어 보상]{nl}클리어 시 생성되는 큐폴 NPC를 통해 {#003997}"에테르 젬"{/}을 강화할 수 있습니다.{nl}스테이지가 높을 수록 강화 확률이 증가합니다.{nl} {nl}[시즌 보상]{nl}직업군별 랭킹 TOP 3 구원자분들에게는{nl}{#003997} "차원의 향로"{/}아이템을 전 시즌 랭킹 보상으로 지급하며 시즌에 참여한 구원자 분들께는 자신의 기록에 비례한 수량의{nl}{#003997} "용병단 증표"{/}{nl}를 보상으로 지급합니다.{nl} {nl}{s13}시즌은 매주 월요일 06시에 초기화 됩니다{nl}{nl}{s13}{#003997}매주 월요일 05시~06시 입장이 제한됩니다{/}{nl} {nl}{s13}{#8e0000}각 직업군 TOP3 순위에 오른 구원자분이 다른 직업군 TOP3 순위에도 오른 경우 가장 높은 순위의 보상 1회만 받게 됩니다.{nl} {nl}위와 같은 상황에서 제외된 구원자분을 대신하여 해당 직업군의 다음 순위의 구원자분이 랭킹 보상을 지급받게 됩니다.				
UI_20210809_004888	Tiempo de Completado	클리어 타임				
UI_20210809_004889	Mejor Tiempo de Completado Registrado : %s	최고 기록 클리어 타임 : %s	UI_20180629_003314	Más Monstruos Derrotados: %s	최고 기록 처치 몬스터 수 : %s 마리	
UI_20210809_004890	Tiempo de Completado de Derrota : %s	처치 클리어 타임 : %s	UI_20180629_003317	Monstruos Derrotados: %s	처치 몬스터 수 : %s 마리	
UI_20210809_004891	{@st66b}Mostrar Ventana Emergente de Objeto Obtenido{/}	{@st66b}아이템 획득 팝업창 보기{/}				
UI_20210809_004892	{@st66b}Mostrar mensaje de Objeto Obtenido{/}	{@st66b}아이템 획득 메시지 보기{/}				
UI_20210809_004893	{@st66b}Carga Automática de Res Sacrae(RP){/}	{@st66b}성물(마력) 자동충전{/}				
UI_20210809_004894	{@st66b}Usar Lanzamiento/Canalización Automático	{@st66b}캐스팅/채널링 자동 시전 사용				
UI_20210809_004895	{@st66b}FPS Máximos (%s){/}	{@st66b}최대 FPS (%s){/}				
UI_20210809_004896	{@st66b}FPS Máximos en Segundo Plano (%s){/}	{@st66b}백그라운드 최대 FPS (%s){/}				
UI_20210809_004897	{@sti1c}{s16}Listo({/}{/}{s16}%s{/}{@sti1c}{s16}/%s)	{@sti1c}{s16}준비 완료 ({/}{/}{s16}%s{/}{@sti1c}{s16}/%s)				
UI_20210809_004898	{@st103green_16}Mejorar	{@st103green_16}강화				
UI_20210809_004899	{@st103green_16}Propiedad	{@st103green_16}속성				
UI_20210809_004900	{@st103green_16}Buff	{@st103green_16}버프				
UI_20210809_004901	{@st44}{s18}Propiedad{/}	{@st44}{s18}속성{/}				
UI_20210809_004902	{#FFFF00}※ Puedes cambiar la propiedad en la etapa de preparación.{/}{nl}Consume 3000 puntos al cambiar de propiedad.{nl}(No consume propiedad al cambiar de propiedad desde sin propiedad al principio.){nl} {nl}Información de Compatibilidad (Aplica al atacar){nl}Compatible : Daño Final {img hero_icon_up 11 10}  / Probabilidad de Golpe Crítico {img hero_icon_up 11 10}{nl}Incompatible : Daño Final {img hero_icon_down 11 10} / Probabilidad de Golpe Crítico {img hero_icon_down 11 10} / Precisión {img hero_icon_down 11 10} / Penetración de Bloqueo {img hero_icon_down 11 10}{nl} {nl}{img hero_icon_Blessed 20 20} : {img hero_icon_Default 20 20} {img hero_icon_up 11 10} {img hero_icon_Corrupted 20 20} {img hero_icon_up 11 10} {img hero_icon_Neutral 20 20} {img hero_icon_down 11 10} {img hero_icon_Chaos 20 20} {img hero_icon_down 11 10}{nl}{img hero_icon_Neutral 20 20} : {img hero_icon_Default 20 20} {img hero_icon_up 11 10} {img hero_icon_Blessed 20 20} {img hero_icon_up 11 10} {img hero_icon_Corrupted 20 20} {img hero_icon_down 11 10} {img hero_icon_Chaos 20 20} {img hero_icon_down 11 10}{nl}{img hero_icon_Corrupted 20 20} : {img hero_icon_Default 20 20} {img hero_icon_up 11 10} {img hero_icon_Neutral 20 20} {img hero_icon_up 11 10} {img hero_icon_Blessed 20 20} {img hero_icon_down 11 10} {img hero_icon_Chaos 20 20} {img hero_icon_down 11 10}{nl}{img hero_icon_Default 20 20} : TODOS {img hero_icon_down 11 10}{nl}{img hero_icon_Chaos 20 20} : TODOS {img hero_icon_up 11 10}{nl} {nl}{#FFFF00}[Sin efecto aplicado contra la misma propiedad]{/}	{#FFFF00}※ 준비 단계에서 속성을 변경 할 수 있습니다.{/}{nl}속성 변경 시에는 3000 포인트를 소모합니다.{nl}(최초 무속성에서 속성을 변경 시에는 포인트를 소모하지 않습니다.){nl} {nl}상성 정보(공격 시 적용){nl}상성 : 최종 대미지 {img hero_icon_up 11 10}  / 치명타 발생 확률 {img hero_icon_up 11 10}{nl}역상성 : 최종 대미지 {img hero_icon_down 11 10} / 치명타 발생 {img hero_icon_down 11 10} / 명중 {img hero_icon_down 11 10} / 블록 관통 {img hero_icon_down 11 10}{nl} {nl}{img hero_icon_Blessed 20 20} : {img hero_icon_Default 20 20} {img hero_icon_up 11 10} {img hero_icon_Corrupted 20 20} {img hero_icon_up 11 10} {img hero_icon_Neutral 20 20} {img hero_icon_down 11 10} {img hero_icon_Chaos 20 20} {img hero_icon_down 11 10}{nl}{img hero_icon_Neutral 20 20} : {img hero_icon_Default 20 20} {img hero_icon_up 11 10} {img hero_icon_Blessed 20 20} {img hero_icon_up 11 10} {img hero_icon_Corrupted 20 20} {img hero_icon_down 11 10} {img hero_icon_Chaos 20 20} {img hero_icon_down 11 10}{nl}{img hero_icon_Corrupted 20 20} : {img hero_icon_Default 20 20} {img hero_icon_up 11 10} {img hero_icon_Neutral 20 20} {img hero_icon_up 11 10} {img hero_icon_Blessed 20 20} {img hero_icon_down 11 10} {img hero_icon_Chaos 20 20} {img hero_icon_down 11 10}{nl}{img hero_icon_Default 20 20} : ALL {img hero_icon_down 11 10}{nl}{img hero_icon_Chaos 20 20} : ALL {img hero_icon_up 11 10}{nl} {nl}{#FFFF00}[동일 속성은 끼리는 변화 없음]{/}				
UI_20210809_004903	{@st202}{s16}  Ranura Vacía	{@st202}{s16}  빈 슬롯				
UI_20210809_004904	{@st44}{s18}Buff{/}	{@st44}{s18}버프{/}				
UI_20210809_004905	Lista de buffs en tu posesión.{nl}Solo se puede aplicar un buff a la vez.{nl}No debes aplicar el buff para venderlo o combinarlo.{nl}Compra/combina buff o mejora el buff en tu posesión desde la Tienda de Buffs.{nl}{#FFFF00}※ Puedes intercambiar, comprar, mejorar o vender los buffs en cualquier momento durante Heroic Tale.{/}	보유하고 있는 버프 목록입니다.{nl}버프는 동시에 한 개만 적용할 수 있습니다.{nl}버프를 판매하거나 조합하기 위해서는 적용을 해제해야 합니다.{nl}버프 상점을 열어 버프를 구매하거나 조합할 수 있으며 보유하고 있는 버프를 업그레이드 할 수 있습니다.{nl}{#FFFF00}※ 버프의 교체, 구매, 업그레이드, 판매는 영웅담 진행 중 언제든지 가능합니다.{/}				
UI_20210809_004906	{@sti1c}{s16}Tienda de Buffs	{@sti1c}{s16}버프 상점				
UI_20210809_004907	Nombre del Buff	버프명				
UI_20210809_004908	Combinación	조합				
UI_20210809_004909	{@st44}{s24}Tienda de Buffs{/}	{@st44}{s24}버프 상점{/}				
UI_20210809_004910	En la tienda de buffs, puedes comprar/combinar buffs o mejorar el buff que ya tienes.{nl}Se consumen 1000 puntos para mejorar un buff.{nl}También se consumen puntos al combinar el buff en la tienda de inmediato.{nl}Se devuelve el 20% de los puntos consumidos en el buff al vender ese buff a la tienda de buffs.{nl} {nl}{img mouseclick_left 40 40} : Comprar Buff{nl}{img mouseclick_right 40 40} : Registrar Combinación de Buff en la Ranura (Lista de tienda y buffs en posesión disponibles){nl}{img hero_btn_up 40 40} : Mejorar Buff{nl}{img hero_btn_del 40 40} : Vender Buff	버프 상점에서 버프를 구매하거나 조합 할 수 있으며 보유하고 있는 버프를 업그레이드 할 수 있습니다.{nl}버프 업그레이드에는 1000 포인트를 사용합니다.{nl}상점의 버프를 바로 조합에 사용할 경우 구매와 마찬가지로 포인트를 소모합니다.{nl}버프 판매 시 해당 버프에 사용한 포인트의 20%를 돌려받습니다.{nl} {nl}{img mouseclick_left 40 40}　: 버프 구매{nl}{img mouseclick_right 40 40}　: 버프 조합 슬롯에 등록(상점 목록, 보유 중인 버프 모두 가능){nl}{img hero_btn_up 40 40}　: 버프 업그레이드 버튼{nl}{img hero_btn_del 40 40}　: 버프 판매 버튼				
UI_20210809_004911	{@sti1c}{s18}Buff en Posesión{/}	{@sti1c}{s18}보유 버프{/}				
UI_20210809_004912	Fórmula	조합식				
UI_20210809_004913	{@sti1c}{s18}Combinación de Buff{/}	{@sti1c}{s18}버프 조합{/}				
UI_20210809_004914	{@sti1c}{s18}Lista de Buffs{/}	{@sti1c}{s18}버프 목록{/}				
UI_20210809_004915	{@st44}{s24}Combinación de Buff{/}	{@st44}{s24}버프 조합{/}				
UI_20210809_004916	Consulta la Fórmula de Combinación del buff.{nl}Coloca el mouse encima para ver la información del buff.	버프 조합식을 확인 할 수 있습니다.{nl}마우스 오버 시 해당 버프의 정보를 확인할 수 있습니다.				
UI_20210809_004917	{@sti1c}{s18}Cupón de Puntos{/}	{@sti1c}{s18}포인트 쿠폰{/}				
UI_20210809_004918	Puedes usar ciertos puntos para obtener el doble de los puntos usados con un 50% de probabilidad.{nl}{#FF0000}El botón TODO DENTRO solo se puede usar una vez.{/}{nl}{#FFFF00}※ Los cupones de puntos solo se pueden usar durante la etapa de preparación.{/}	일정 포인트를 사용해 50% 확률로 사용한 포인트의 2배를 획득 할 수 있습니다.{nl}{#FF0000}ALL IN 버튼은 한 번만 사용할 수 있습니다.{/}{nl}{#FFFF00}※ 포인트 쿠폰은 준비 단계에서만 사용 가능합니다.{/}				
UI_20210809_004919	{@st202}{s16}Tasa de Éxito:50%{/}	{@st202}{s16}성공확률:50%{/}				
UI_20210809_004920	{@st43b}{s20}Monstruo Principal	{@st43b}{s20}대표 등장 몬스터				
UI_20210809_004921	{@st59}Cerrar{/}	{@st59}대표 등장 몬스터 창을 닫습니다{/}				
UI_20210809_004922	{img blue_type} Agregar Estadística	{img blue_type} 옵션을 추가하세요.				
UI_20210809_004923	{@st44}{s18}Mejorar{/}	{@st44}{s18}강화{/}				
UI_20210809_004924	{#FFFF00}※ Puedes mejorar el equipo en la etapa de preparación.{/}{nl}Se aplica una estadística aleatoria al equipo al agregar una estadística.{nl}La habilidad del equipo con estadística agregada también mejora.{nl} {nl}Tarifa de adición de Estadística N.º1 : 2500 puntos{nl}Tarifa de adición de Estadística N.º2 : 5000 puntos{nl}Tarifa de cambio de estadística : 5000 puntos	{#FFFF00}※ 준비 단계에서 장비 아이템을 강화할 수 있습니다.{/}{nl}옵션을 추가하면 장비에 랜덤 옵션을 부여합니다.{nl}옵션을 부여한 장비는 장비의 성능도 함께 강화됩니다.{nl} {nl}1번 옵션 추가 비용 : 2500 포인트{nl}2번 옵션 추가 비용 : 5000 포인트{nl}옵션 변경 비용 : 5000 포인트				
UI_20210809_004925	{@st44}{s18}Récord Más Alto :	{@st44}{s18}최고 기록 :				
UI_20210809_004926	{@st44}{s18}Puntuación Total :	{@st44}{s18}총 스코어 :				
UI_20210809_004927	{@sti1c}{s18}Punto Restante	{@sti1c}{s18}남은 포인트				
UI_20210809_004928	{@sti1c}{s18}Completar Etapa	{@sti1c}{s18}스테이지 클리어				
UI_20210809_004929	{@sti1c}{s18}Derrotar Jefe	{@sti1c}{s18}보스 처치				
UI_20210809_004930	{@sti1c}{s18}Misión	{@sti1c}{s18}미션				
UI_20210809_004931	{@sti1c}{s18}Tiempo de Juego	{@sti1c}{s18}플레이 타임				
UI_20210809_004932	{@sti1c}{s18}Número de muertes	{@sti1c}{s18}죽은 횟수				
UI_20210809_004933	Regresando a la entrada en un momento...	잠시 후 입구로 돌아갑니다...				
UI_20210809_004934	{@sti1c}{s24}Confirmar	{@sti1c}{s24}확인				
UI_20210809_004935	{@st43}{s22}Poción de Reinicio de Habilidad de Clase{/}	{@st43}{s22}클래스 스킬 초기화 포션{/}				
UI_20210809_004936	{@st41}Reinicia las habilidades de la clase seleccionada.{/}	{@st41}선택한 클래스의 스킬을 초기화합니다.{/}				
UI_20210809_004937	{@st41b}Reiniciar{/}	{@st41b}초기화{/}				
UI_20210809_004938	{@st43}{s22}Poción de Reinicio de Atributo de Clase{/}	{@st43}{s22}클래스 특성 초기화 포션{/}				
UI_20210809_004939	{@st41}Reinicia el atributo de la clase seleccionada.	{@st41}선택한 클래스의 특성을 초기화합니다.{/}				
UI_20210809_004940	{@st61}{s18}Cerrar{/}	{@st61}{s18}튜토리얼을 종료합니다{/}				
UI_20210809_004941	{@st61}{s18}Siguiente Paso{/}	{@st61}{s18}다음 단계로 넘어갑니다{/}				
UI_20210809_004942	{@st41_green}{s16} [Heroic Tale]{/}{/} {@st41b}{s18}Estadística de mejora de equipo	{@st41_green}{s16} [영웅담]{/}{/} {@st41b}{s18}장비 강화 옵션				
UI_20210809_004943	{#5e4e3f}{s16} Activa la Puerta del Santuario Desconocido ubicada en Klaipeda	{#5e4e3f}{s16} 클라페다에 위치한 미지의 성역 관문을 활성화 합니다 				
UI_20210809_004944	Lindo.	귀엽습니다.				
UI_20210809_004945	{@st202}{s16}Equipo	{@st202}{s16}팀명				
UI_20210809_004946	{@st202}{s16}Nombre del Gremio	{@st202}{s16}길드명				
UI_20210809_004947	Fabricar Insignia de Mercenario	용병단 증표 생산				
UI_20210809_004948	Fondo: Buscando en el Taller del Adivino 	배경 : 점섬술사의 공방 구인				
UI_20210809_004949	Fabricar Moneda de Evento [Evento] de Verano	[이벤트]여름 이벤트 주화 생산				
UI_20210809_004950	Cantidad Producida : %s / %s	생산량 : %s / %s				
UI_20210809_004951	Luz Steam Punk	스팀 펑크 전등				
UI_20210809_004952	Punto de Reputación	명성포인트				
UI_20210809_004953	Ubicación del Equipo	장착 위치				
UI_20210809_004954	Nombre del Ingrediente	재료명				
UI_20210809_004955	{@st42}{s18}Actual{/}{/}	{@st42}{s18}현재 보유량{/}{/}				
UI_20210809_004956	Expandir Engarce	소켓 확장				
UI_20210809_004957	{@st42}{s22}Consumir %s ->{/}	{@st42}{s22}소모 %s ▶{/}				
UI_20210809_004958	Nombre de la Comida	음식 이름				
UI_20210809_004959	Efecto de la Comida	음식 효능				
UI_20210809_004960	{@st42}Aplicar Aumento de Insignia de Mercenario{/}	{@st42}용병단 증표 부스트 혜택 적용{/}				
UI_20210809_004961	Límite de Adquisición Semanal {img green_up_arrow 14 14}%s	주간 획득량 제한 {img green_up_arrow 14 14}%s				
UI_20210809_004962	Ganancia de 1 vez de Defensa Cuesta Arriba {img green_up_arrow 14 14}%s	업힐 디펜스 1회 획득량 {img green_up_arrow 14 14}%s				
UI_20210809_004963	Ganancia de 1 Punto de Colapso Dimensional {img green_up_arrow 14 14}%s	차원 붕괴 지점 1회 획득량 {img green_up_arrow 14 14}%s				
UI_20210809_004964	Ganancia de Remanentes de Bernice {img green_up_arrow 14 14}%s	베르니케 파편 던전 획득량 {img green_up_arrow 14 14}%s				
UI_20210809_004965	Ganancia de Recompensa de 500K de Daño de Incursión de Jefe Semanal {img green_up_arrow 14 14}%s	주간 보스 레이드 500K 대미지 보상 획득량 {img green_up_arrow 14 14}%s				
UI_20210809_004966	Ganancia de caza de campo {img green_up_arrow 14 14}%s%	필드 사냥시 획득량 {img green_up_arrow 14 14}%s%				
UI_20210809_004967	Tiempo Restante : {#FF0000}%s{/}	남은 시간 : {#FF0000}%s{/}				
UI_20210809_004968	{@st43}{s16}La entrada solo es posible cuando se cumplen el Puntaje de Equipo y los requisitos.{/}	{@st43}{s16}기어 스코어 이상 및 특정 조건에 만족해야 입장이 가능합니다.{/}				
UI_20210820_004969	{@st66b}Debido al cálculo del ranking, no puedes entrar de 00:00 a 06:00 el sábado.{nl}{s13}{#FF0000}※ El ranking solo se registra al completar Emparejamiento Automático.{/}{/}{/}	{@st66b}랭킹 집계로 인해 토요일 00:00 ~ 06:00시 사이에는 입장이 불가능합니다.{nl}{s13}{#FF0000}※ 랭킹은 자동매칭을 통해서만 등록이 가능합니다.{/}{/}{/}	UI_20210809_004844	{@st66b}Debido al cálculo del ranking, no puedes entrar de 00:00 a 06:00 el lunes.{nl}{s13}{#FF0000}※ El ranking solo se registra desde Emparejamiento Automático.{/}{/}{/}	{@st66b}랭킹 집계로 인해 월요일 00:00 ~ 06:00시 사이에는 입장이 불가능합니다.{nl}{s13}{#FF0000}※ 랭킹은 자동매칭을 통해서만 등록이 가능합니다.{/}{/}{/}	
UI_20210906_004970	{@st66b}{s16}- Combina 3 Visiones Vaivora para obtener una Visión Vaivora aleatoria.{nl}- No se pueden combinar Visiones Vaivora de [Nv2] o superior.{nl} - Se otorga 1 [Piedra de Origen Vaivora] cada vez que se combina Vaivora. Puedes seleccionar y obtener 1 Visión Vaivora con 5 Piedras de Origen Vaivora.	{@st66b}{s16}- 3개의 바이보라 비전을 합성하여 무작위 바이보라 비전을 획득합니다. {nl} - [Lv2] 이상의 바이보라 비전은 합성이 불가능 합니다.{nl} - 바이보라 합성 이용 1회 마다 [바이보라 근원석] 아이템을 1개 획득합니다. 바이보라 근원석 5개로 원하는 바이보라 비전 1개를 선택하여 획득할 수 있습니다.	UI_20210809_004744	{@st66b}{s16}- Combina 3 armas Vaivora para obtener un arma Vaivora aleatoria.{nl}- No se puede combinar equipo Vaivora Transmutado.{nl} - Se otorga 1 [Piedra de Origen Vaivora] cada vez que se combina Vaivora. Puedes seleccionar y obtener 1 arma Vaivora Única con 5 Piedras de Origen Vaivora.	{@st66b}{s16}- 3개의 바이보라 무기를 합성하여 무작위 바이보라 무기를 획득합니다. {nl} - 연성된 바이보라 장비는 합성이 불가능 합니다.{nl} - 바이보라 합성 이용 1회 마다 [바이보라 근원석] 아이템을 1개 획득합니다. 바이보라 근원석 5개로 원하는 바이보라 유니크 무기 1개를 선택하여 획득할 수 있습니다.	
UI_20210913_004971	Pergamino de Subida de Nivel de Arca	아크 레벨업 스크롤				
UI_20210913_004972	{@st66}Usar para aplicar Nv.%s.{/}	{@st66}사용 시 %s레벨로 변경됩니다.{/}				
UI_20210913_004973	{@st59}Accesorios{/}	{@st59}액세서리{/}	UI_20210809_004859	{@st59}Accesorio{/}	{@st59}악세사리{/}	
UI_20210913_004974	{s14}Todo se activa al registrar uno de los mismos tipos de accesorio.{/}	{s14}같은 종류의 액세서리 중 하나만 선택하여 등록해도 모두 활성화됩니다.{/}	UI_20210809_004863	{s14}Todo se activa al registrar uno de los mismos tipos de accesorio.{/}	{s14}같은 종류의 악세사리 중 하나만 선택하여 등록해도 모두 활성화됩니다.{/}	
UI_20210913_004975	{@st43}{s22}Vale de Registro de Objeto{/}	{@st43}{s22}아이템 개방권{/}				
UI_20210913_004976	{@st41}Registra el tipo de objeto seleccionado en el almacén de equipo.{/}	{@st41}선택한 종류의 아이템을 보관함에서 활성화 시킵니다.{/}				
UI_20210913_004977	{@st41b}Seleccionar{/}	{@st41b}선택{/}				
UI_20210927_004978	{@st202}{s16}Probabilidad Básica{/}{/}	{@st202}{s16}기본 확률{/}{/}				
UI_20210927_004979	{@st202}{s16}Probabilidad Ajustada por Fallo{/}{/}	{@st202}{s16}누적 실패 보정{/}{/}				
UI_20210927_004980	{@st202}{s16}Probabilidad de Éxito{/}{/}	{@st202}{s16}성공 확률{/}{/}				
UI_20210927_004981	{@st202}Ingrediente Extra -> (%s% de probabilidad ajustada en fallo){/}	{@st202}추가 재료 ▶ (실패 시 확률 %s% 보정){/}				
UI_20211021_004982	{@st59}Cerrar la ventana de Cambio de Personaje{/}	{@st59}캐릭터 교체창을 닫습니다{/}				
UI_20211021_004983	{@st59b}Cambio de Personaje{nl}{@st59s} - Puedes cambiar al personaje previamente registrado.{nl} - Solo se puede cambiar un personaje Nv.460.{nl} - Haz clic en el botón completar después de seleccionar el personaje para cambiar de personaje.{nl} - Solo puedes cambiar de personaje 1 vez.{/}	{@st59b}캐릭터 교체{nl}{@st59s} - 미리 등록한 캐릭터를 교체할 수 있습니다.{nl} - 교체 가능한 캐릭터는 Lv.460 인 캐릭터만 가능합니다.{nl} - 캐릭터 선택후 선택 완료 버튼 클릭시 캐릭터 교체가 이루어집니다.{nl} - 캐릭터 교체는 1회만 가능합니다.{/}				
UI_20211021_004984	{@st43}Cambio de Personaje{/}	{@st43}캐릭터 교체{/}				
UI_20211021_004985	{@st41b}Cambio de Personaje	{@st41b}캐릭터 교체				
UI_20211021_004986	{@st43}Registrar Personaje a Cambiar{/}	{@st43}교체 캐릭터 등록{/}				
UI_20211021_004987	{@st61}{s18}Cómo registrar el personaje a cambiar{/}{nl} - La lista de personajes que puedes registrar aparece al hacer clic en la ranura vacía{nl} - Haz clic en el personaje que deseas de la lista para registrarlo{nl}{nl} {nl}{@st61}{s18}Cómo eliminar el personaje{/}{nl} - Elimina haciendo clic en el botón 	{@st61}{s18}교체 캐릭터 등록 방법{/}{nl} - 빈 슬롯을 클릭하면 등록 가능한 캐릭터 목록이 등장{nl} - 캐릭터 목록 중, 원하는 캐릭터를 선택하여 등록{nl}{nl} {nl}{@st61}{s18}교체 캐릭터 해제 방법{/}{nl} - 등록된 캐릭터의 슬롯 우측 상단의 				
UI_20211021_004988	en la parte superior derecha de la ranura del personaje registrado.{nl}{nl} {nl}{@st61}{s18}Lista de personajes que aparecen en la lista de intercambio de personajes{/}{nl} - Personaje de Nv.460 o superior{nl}{#ff0000}*Cuando el personaje registrado no ha cumplido la condición de participación de la Liga de Batalla de Equipos, {nl}cambiar de personaje durante la Liga de Batalla de Equipos no está disponible.{/}{nl}{#ff0000}* Si el personaje registrado es de clase Sanador, no puedes cambiar de personaje durante la Liga de Batalla de Equipos.{/}	버튼을 선택 후 해제{nl}{nl} {nl}{@st61}{s18}교체 캐릭터에 목록에 나타는 캐릭터 목록{/}{nl} - 캐릭터 Lv 460 이상인 캐릭터{nl}{#ff0000}*등록된 캐릭터가 팀 배틀 리그 참여 조건을 충족하지 못 한 경우,{nl}팀 배틀 리그 진행 중 캐릭터 교체가 불가합니다{/}{nl}{#ff0000}*등록된 캐릭터가 힐러 클래스이면 팀 배틀리그 진행 중 캐릭터 교체가 불가합니다{/}				
UI_20211021_004989	{@st43}Selección de Personaje{/}	{@st43}캐릭터 선택{/}				
UI_20211021_004990	{@st61}{s18}Selección de Personaje{/}{nl}- Después de registrar el Personaje a cambiar, inicia sesión con el personaje correspondiente{nl}Por favor verifica si el equipo y la configuración cumplen la condición de cambio de personaje.{nl}{#ff0000}*Cuando el personaje registrado no ha cumplido la condición de participación de la Liga de Batalla de Equipos, {nl}cambiar de personaje durante la Liga de Batalla de Equipos no está disponible.{/}{nl}- El registro de cambio de personaje se guarda por personaje.	{@st61}{s18}캐릭터 선택{/}{nl}- 교체 캐릭터 등록 후 해당 캐릭터로 접속하여 {nl}장비 및 관련 세팅이 교체 캐릭터의 조건을 충족하는지 1회 이상 확인이 필요합니다.{nl}{#ff0000}*등록된 캐릭터가 팀 배틀 리그 참여 조건을 충족하지 못 한 경우,{nl}팀 배틀 리그 진행 중 캐릭터 교체가 불가합니다{/}{nl}- 교체 캐릭터 등록은 캐릭터 단위로 저장됩니다.				
UI_20211021_004991	{s6} {nl}{/}{@st41d}{img colony_point_pic 24 24}Info del Campo de Batalla.{nl}{/}	{s6} {nl}{/}{@st41d}{img colony_point_pic 24 24}전장 정보{nl}{/}				
UI_20211021_004992	※ Abandonó el Territorio del Gremio	※ 콜로니 지역에서 벗어남				
UI_20211021_004993	Info del Territorio del Gremio.	콜로니 지역 정보				
UI_20211021_004994	%s{@st42}{s14}{#ffff00}Cancelar{/}	%s{@st42}{s14}{#ffff00}취소{/}				
UI_20211021_004995	Multiplicar	배수				
UI_20211021_004996	{s24}Invitación de Contenido	{s24}콘텐츠 초대장				
UI_20211021_004997	¡Has alcanzado Puntaje de Equipo {#0033FF}460{/}!{nl}Ahora puedes jugar en	기어 스코어 {#0033FF}460{/} 를 달성하셨네요!{nl}이제 				
UI_20211021_004998	{#0033FF}Mazmorra Emocionante{/}	{#0033FF}짱짱 재밌는 던전{/}				
UI_20211021_004999	contenido.{nl}¡Se otorgará recompensa x10 y una recompensa adicional por completar el contenido por primera vez si eres un salvador nuevo o que regresa!{nl}¿Deseas participar ahora?{nl}{nl}{nl}{#FF3333}※Incluso si	 콘텐츠를 이용하실 수 있습니다.{nl}신규, 복귀 구원자이실 때 최초 클리어 시 콘텐츠 보상 10배와 추가 보상 혜택이 있습니다!{nl}지금 참여하시겠습니까?{nl}{nl}{nl}{#FF3333}※ 				
UI_20211021_005000	es seleccionado,	를 선택하셔도 인벤토리의 				
UI_20211021_005001	Invitación de Contenido	콘텐츠 초대장				
UI_20211021_005002	el objeto en el inventario te permite verificar de nuevo al usarlo.{/}	 아이템을 사용하여 다시 확인하실 수 있습니다.{/}				
UI_20211021_005003	No	아니요				
UI_20211021_005004	{ol}{s24}Recompensa de Contenido{/}	{ol}{s24}콘텐츠 보상{/}				
UI_20211021_005005	{@st66d}{s22}Recompensa Básica del contenido x%s + recompensa adicional otorgada{/}	{@st66d}{s22}해당 콘텐츠의 기본보상 %s배 + 추가 보상 지급{/}				
UI_20211021_005006	{@st66d}{s20}Lista de Recompensas Adicionales{/}	{@st66d}{s20}추가 보상 리스트{/}				
UI_20211021_005007	{@st66d}{s19}{#FF3333}※ Se excluye la recompensa que se puede obtener por probabilidad{/}	{@st66d}{s19}{#FF3333}※ 확률적으로 획득할 수 있는 보상 아이템은 제외됩니다{/}				
UI_20211021_005008	{@st66d}{s19}{#FF3333}※ Esta recompensa se puede recibir una vez por contenido y equipo{/}	{@st66d}{s19}{#FF3333}※ 해당 보상은 콘텐츠당 1회(팀당) 수령할 수 있습니다{/}				
UI_20211021_005009	{img icon_item_silver 24 24}{@st41b}Consume %s de Plata{nl}Eliminar carta{/}	{img icon_item_silver 24 24}{@st41b}%s실버 소모{nl}카드 해제하기{/}	UI_20180320_003015	{img icon_item_silver 24 24}{@st41b}Consume %s de Plata{nl}Desequipar carta sin disminución de nivel{/}	{img icon_item_silver 24 24}{@st41b}%s실버 소모{nl}레벨 감소없이 카드 해제하기{/}	
UI_20211021_005010	{@st43b}{s20}Configuración de Chat de Grupo	{@st43b}{s20}채팅방 설정				
UI_20211021_005011	{@st66b}{s16}Nombre	{@st66b}{s16}이름				
UI_20211021_005012	{@st66b}{s16}Privado	{@st66b}{s16}비공개				
UI_20211021_005013	Contraseña (4 ~ 8 letras)	비밀번호 (최소 4자 ~ 최대 8자)				
UI_20211021_005014	{@st66b}Verificar	{@st66b}확인				
UI_20211021_005015	{@st66b}{s18}Ingresa el nombre del nuevo Chat de Grupo	{@st66b}{s18}새 채팅방의 이름을 입력하세요				
UI_20211021_005016	{@st66b}{s18} Contraseña (4 ~ 8 letras)	{@st66b}{s18}비밀번호 (최소 4자 ~ 최대 8자)				
UI_20211021_005017	{@st66b}Crear	{@st66b}만들기				
UI_20211021_005018	¿Eres nuevo en la Comunidad del Gremio?	길드 커뮤니티는 처음이신가요?				
UI_20211021_005019	¡Selecciona el Chat de Gremio para participar!	옆의 길드 채팅방을 선택해 참여하세요!				
UI_20211021_005020	{@st41b}{s16}{b}Distribución de Fondos	{@st41b}{s16}{b}적립금 분배				
UI_20211021_005021	{@st66b}{s16}Tienda de la Liga de Batalla de Equipos	{@st66b}{s16}팀 배틀리그 상점				
UI_20211021_005022	{@st66b}{s16}Registrar Personaje a Cambiar	{@st66b}{s16}교체 캐릭터 등록				
UI_20211021_005023	{@st66b}{s16}Recompensa de Ranking de Clase	{@st66b}{s16}클래스 순위 보상				
UI_20211021_005024	{@st66b}Diosa{/}	{@st66b}가디스{/}				
UI_20211021_005025	{@st66b}Gema de Habilidad{/}	{@st66b}스킬 젬{/}	UI_20181017_003533	{@st66b}Gemas de Monstruo{/}	{@st66b}몬스터 젬{/}	
UI_20211021_005026	{@st66b}Gema Cian{/}	{@st66b}시안 젬{/}				
UI_20211021_005027	{@st66b}Gema Magenta{/}	{@st66b}마젠타 젬{/}				
UI_20211021_005028	{@st66b}Gema Negra{/}	{@st66b}블랙 젬{/}				
UI_20211021_005029	{@st66b}Gema Aether{/}	{@st66b}에테르 젬{/}				
UI_20211021_005030	Lupa Gratuita de Sandra	산드라의 무료 감정 돋보기				
UI_20211021_005031	Info del Campo de Batalla de Guerras Territoriales del Gremio.	길드 콜로니전 전장 정보				
UI_20211021_005032	{@st43b}{s20}Lista de Monturas	{@st43b}{s20}탈 것 목록				
UI_20211021_005033	{@st59b}Invocar Montura{nl}{@st59s}[Seleccionar Montura]{nl} - Selecciona el retrato de la Lista de Monturas{nl} * Usa la	{@st59b}탈 것 소환{nl}{@st59s}[탈 것 선택]{nl} - 탈 것 목록에서 해당 탈 것의 초상화 선택{nl} *탈 것은 				
UI_20211021_005034	Vale de Montura	탈 것 등록증				
UI_20211021_005035	para registrar de modo que pueda aparecer en la lista{nl}{nl} {nl}[Eliminar Montura]{nl} - Vuelve a seleccionar el retrato seleccionado en la lista para eliminar la selección{nl}{nl} {nl}[Invocar Montura]{nl} - Selecciona la Montura que deseas y usa la habilidad Invocar Montura.{nl} - No se puede usar la habilidad en condiciones especiales como estar montado en el compañero/durante combate/durante Heroic Tale/Incapacitado para Combate, etc{nl} * La clase con atributo de Montar Compañero solo recibe el efecto de la Montura mientras está montada en el compañero{nl}{nl} {nl}[Eliminar Montura Invocada]{nl} - Invoca la Montura y vuelve a usar la habilidad Invocar Montura para eliminarla{nl} - Se elimina cuando el personaje está incapacitado para combate{nl} - Se elimina al entrar en Heroic Tale{nl}{nl} {nl}[Efecto de la Montura]{nl} - Puedes ver los detalles al pasar el mouse sobre la Montura registrada	 아이템을 사용하여 등록되어야 목록에 등장{nl}{nl} {nl}[탈 것 선택 해제]{nl} - 탈 것 목록에서 선택된 탈 것의 초상화를 다시 선택하여 해제 가능{nl}{nl} {nl}[탈 것 소환하기]{nl} - 원하는 탈 것을 선택후 탈 것 소환 스킬을 사용{nl} - 컴패니언에 탑승한 상태/전투 중/영웅담 진행 중/사망 등, 특수한 상태에서는 스킬 사용 불가{nl} * 컴패니언 탑승 특성을 보유한 클래스는 컴패니언에 탑승한 상태에서 탈 것의 효과만 적용{nl}{nl} {nl}[탈 것 소환 해제하기]{nl} - 탈 것을 소환한 상태에서 탈 것 소환 스킬 재사용으로 해제{nl} - 캐릭터 사망 시, 해제{nl} - 영웅담 콘텐츠 진입 시, 해제{nl}{nl} {nl}[탈 것의 효과]{nl} - 등록된 탈 것에 마우스를 가져다 대면 세부 내용 표기				
UI_20211021_005036	{@st43b}{s16}Efecto Actualmente Aplicado	{@st43b}{s16}적용중인 효과				
UI_20211021_005037	{@st59b}Lista de Monturas{/}	{@st59b}탈 것 목록{/}				
UI_20211021_005038	{#FD9310}{s16}{ol}Misiones Principales{/}	{#FD9310}{s16}{ol}메인 퀘스트{/}	UI_20190612_003894	{s16}{ol} Misiones Principales	{s16}{ol}메인 퀘스트	
UI_20211021_005039	{s16}{ol}Submisiones{/}	{#0C6BFA}{s16}{ol}서브 퀘스트{/}	UI_20190612_003895	{s16}{ol} Submisiones	{s16}{ol}서브 퀘스트	
UI_20211021_005040	{#54AE17}{s16}{ol}Misiones Repetibles{/}	{#54AE17}{s16}{ol}반복 퀘스트{/}	UI_20190612_003896	{s16}{ol} Misiones Repetibles	{s16}{ol}반복 퀘스트	
UI_20211021_005041	{#76683C}{s16}{ol}Misiones de Grupo	{#76683C}{s16}{ol}파티 퀘스트	UI_20190612_003897	{s16}{ol} Misiones de Grupo	{s16}{ol}파티 퀘스트	
UI_20211021_005042	{#BD1854}{s16}{ol}Misión de Solicitud{/}	{#BD1854}{s16}{ol}의뢰 퀘스트{/}	UI_20190612_003898	{s16}{ol} Misiones de Insignia Hethran	{s16}{ol}증표 퀘스트	
UI_20211021_005043	Combinar Gema de Habilidad	스킬 젬 합성				
UI_20211021_005044	{@st59b}Combinar Gema de Habilidad{nl} {nl}{@st59s} - Consume 5 gemas de habilidad de cualquier tipo para recibir 1 gema de habilidad de entre todas las gemas de habilidad por probabilidad.{nl} - La probabilidad de la clase de gema de habilidad se determina según la gema de habilidad ingresada.{nl} - Se otorgará 1 Fragmento de Gema de Habilidad adicional después de la combinación.{nl} - Usa 10 Fragmentos de Gema de Habilidad para recibir 1 Caja de Selección de Gema de Habilidad.	{@st59b}스킬 젬 합성{nl} {nl}{@st59s} - 종류에 상관없이 스킬 젬 5개를 소모하여 전체 스킬 젬 중 스킬 젬 1개를 균등 확률로 획득할 수 있습니다.{nl} - 재료로 투입한 스킬 젬의 클래스 계열에 따라 획득할 스킬 젬의 계열 별 확률이 결정됩니다.{nl} - 합성 완료 후 추가적으로 스킬 젬 파편을 1개 획득합니다.{nl} - 스킬 젬 파편을 10개 모아서 사용하면 스킬 젬 선택 상자를 1개 획득합니다.				
UI_20211021_005045	Resultado Esperado	예상 결과				
UI_20211021_005046	{@st43}{s22}No hay Recompensa de Ranking de Clase{nl}para un árbol de clase básico {nl}{nl}Por favor selecciona otra clase y verifica la recompensa.	{@st43}{s22}기본 계열 클래스에는{nl}클래스 순위 보상이 없습니다.{nl}다른 클래스를선택하여 보상을 확인하세요				
UI_20211021_005047	{@st41b}Punto Medio	{@st41b}중앙 시점				
UI_20211021_005048	Equipo 1	1 팀				
UI_20211021_005049	Equipo 2	2 팀				
UI_20211021_005050	{@st41}Detalle	{@st41}세부 사항				
UI_20211021_005051	{@st41b}Regresarás al área de entrada en %s segundo(s)...{/}	{@st41b}%s초 후 입장 지역으로 돌아갑니다...{/}				
UI_20211021_005052	{@st43}Detalles del Resultado{/}	{@st43}결과 세부 정보{/}				
UI_20211021_005053	Equipo 1	1팀				
UI_20211021_005054	Daño Infligido	준 피해량				
UI_20211021_005055	Daño Recibido	받은 피해량				
UI_20211021_005056	Curación Otorgada	준 힐량				
UI_20211021_005057	Curación Recibida	받은 힐량				
UI_20211021_005058	Equipo 2	2팀				
UI_20211021_005059	{@st66b}Mover{/}	{@st66b}이동하기{/}				
UI_20211021_005060	Tipo y Nombre	계열 및 이름	UI_20160224_002120	Nombre y Clase	이름 및 클래스	
UI_20211021_005061	Nombre del Chat de Grupo	채팅방 이름				
UI_20211021_005062	Mostrar el mensaje al Chat de Grupo, presiona Enter	채팅 창에 메시지를 표시하고, 				
UI_20211021_005063	/<Nombre del Chat de Grupo> <Contenido>	/<채팅방 이름 일부> <할말>				
UI_20211021_005064	para enviar mensaje.	을 입력하여 바로 메시지를 보낼 수 있습니다.				
UI_20211021_005065	{@st66d}<Desconocido>{/}	{@st66d}<알수없음>{/}				
UI_20211021_005066	{@st59}Se eliminó el personaje registrado.{/}	{@st59}등록된 캐릭터를 해제합니다.{/}				
UI_20211021_005067	{@st42b}{s14}{ds}[Efecto] : %s	{@st42b}{s14}{ds}[효과] : %s				
UI_20211021_005068	Probar Efecto de Montura	테스트용 기본 탈 것 효과				
UI_20211021_005069	Retirada	퇴각				
UI_20211021_005070	Sin Autoridad	권한 없음				
UI_20211104_005071	{@st66d}{s21}Recompensa Básica del contenido x%s + recompensa adicional otorgada{/}	{@st66d}{s21}해당 콘텐츠의 기본보상 %s배 + 추가 보상 지급{/}				
UI_20211104_005072	{@st66d}{s19}Lista de Recompensas Adicionales{/}	{@st66d}{s19}추가 보상 리스트{/}	UI_20211021_005006	{@st66d}{s20}Lista de Recompensas Adicionales{/}	{@st66d}{s20}추가 보상 리스트{/}	
UI_20211104_005073	{@st66d}{s18}{#FF3333}※ Se excluye la recompensa que se puede obtener por probabilidad{/}	{@st66d}{s18}{#FF3333}※ 확률적으로 획득할 수 있는 보상 아이템은 제외됩니다{/}				
UI_20211104_005074	{@st66d}{s18}{#FF3333}※ Esta recompensa se puede recibir una vez por contenido y equipo{/}	{@st66d}{s18}{#FF3333}※ 해당 보상은 콘텐츠당 1회(팀당) 수령할 수 있습니다{/}	UI_20211021_005008	{@st66d}{s19}{#FF3333}※ Esta recompensa se puede recibir una vez por contenido y equipo{/}	{@st66d}{s19}{#FF3333}※ 해당 보상은 콘텐츠당 1회(팀당) 수령할 수 있습니다{/}	
UI_20211104_005075	{@st41}Crea el tipo de objeto seleccionado.{/}	{@st41}선택한 종류의 아이템을 생성합니다.{/}	UI_20210913_004976	{@st41}Registra el tipo de objeto seleccionado en el almacén de equipo.{/}	{@st41}선택한 종류의 아이템을 보관함에서 활성화 시킵니다.{/}	
UI_20211217_005076	{@st59}Cerrar{/}	{@st59}업적/모험일지를 닫습니다{/}	UI_20150317_000311	{@st59}Cerrar{/}	{@st59}모험일지를 닫습니다{/}	
UI_20211217_005077	{@st43b}Título	{@st43b}타이틀				
UI_20211217_005078	{@st59}Diario de Aventuras{/}	{@st59}모험 일지{/}				
UI_20211217_005079	{@st59}Logro Principal{/}	{@st59}주요 업적{/}				
UI_20211217_005080	{@st59}Logro de Contenidos{/}	{@st59}콘텐츠 업적{/}				
UI_20211217_005081	{@st59}Logro Especial{/}	{@st59}특별 업적{/}				
UI_20211217_005082	{@st59}Logro de Evento{/}	{@st59}이벤트 업적{/}				
UI_20211217_005083	Nv. de Logro: %s / Nv. de Equipo: %s	업적 레벨: %s / 팀 레벨: %s				
UI_20211217_005084	{@st41b}Estado de Logro Actual	{@st41b}업적 현황				
UI_20211217_005085	{@st41b}Intercambio de Objeto de Logro	{@st41b}업적 교환 이벤트				
UI_20211217_005086	Próxima Renovación: %s día(s) %s:%s:%s	다음 갱신까지: %s일 %s:%s:%s				
UI_20211217_005087	{@st41b}Logro con Alto Progreso	{@st41b}진행도가 높은 업적				
UI_20211217_005088	{@st41b}Nuevo Logro	{@st41b}신규 업적				
UI_20211217_005089	Recompensa de Nivel de Logro	업적 레벨 달성 보상				
UI_20211217_005090	Buscar	검색				
UI_20211217_005091	Categoría Principal	메인 카테고리				
UI_20211217_005092	Subcategoría	서브 카테고리				
UI_20211217_005093	Busca el Logro por recompensa{nl}o por el nombre del Logro.	보상 또는 업적 명칭으로{nl}업적을 검색할 수 있습니다.				
UI_20211217_005094	Logro Principal	주요 업적				
UI_20211217_005095	Ocultar Logros Completados	완료된 업적 표시하지 않기				
UI_20211217_005096	{@st66b}{s16}Recibir Todo de Una Vez	{@st66b}{s16}보상 일괄 수령				
UI_20211217_005097	No hay Logros en esta categoría.	해당 카테고리의 업적이 없습니다.				
UI_20211217_005098	Logro de Contenidos	콘텐츠 업적				
UI_20211217_005099	Logro Especial	특별 업적				
UI_20211217_005100	Logro de Evento	이벤트 업적				
UI_20211217_005101	Coloca el traje de cabello al que deseas extraer las estadísticas.	옵션을 추출할 헤어 코스튬을 올려주세요.				
UI_20211217_005102	{@st59}Cerrar{/}	{@st59}헤어 코스튬 옵션 이전 UI를 닫습니다{/}				
UI_20211217_005103	{@st43}Transferir Estadística de Cosmético de Cabello{/}	{@st43}헤어 코스튬 옵션 이전{/}				
UI_20211217_005104	{@st42}Reubicador de Estadísticas	{@st42}옵션 이전 소재				
UI_20211217_005105	{@st42}Las estadísticas del Traje de Cabello se transfieren a	{@st42}옵션이 이전되는 헤어 코스튬				
UI_20211217_005106	Coloca el Reubicador de Estadísticas de Traje de Cabello.{nl} {nl}{#ffffff}El traje de cabello al que se le extrajo la estadística se eliminará después de extraer las estadísticas.	헤어 코스튬 옵션 이전 소재를 넣어주세요.{nl} {nl}{#ffffff}옵션 이전 후 옵션이 추출된 헤어 코스튬은 소멸합니다.				
UI_20211217_005107	{@st43b}{s16}Lista de Logros	{@st43b}{s16}업적 목록				
UI_20211217_005108	{@st41b}Objetos Vendidos{/}	{@st41b}판매 아이템{/} 				
UI_20211217_005109	{@st59}Logro/Diario de Aventuras(F4){/}	{@st59}업적/모험일지 (F4){/}	UI_20150317_000729	{@st59}Diario de Aventuras (F4){/}	{@st59}모험일지 (F4){/}	
UI_20211217_005110	{@st66d}{s18}Objeto Popular{/}	{@st66d}{s18}HOT 아이템{/}	UI_20161107_002425	{@st66d}{s18}Top 5 Más Vendidos{/}	{@st66d}{s18}인기 아이템 Top5{/}	
UI_20211217_005111	Rastrear	추적하기				
UI_20211217_005112	Lista de Recompensas de Logro	업적 보상 목록				
UI_20211217_005113	Período : %s día(s) %s:%s:%s	기간제 : %s일 %s:%s:%s				
UI_20211217_005114	El logro está disponible tras recibir la Solicitud del Maestro.	해당 업적은 마스터 의뢰를 수령 후 진행하실 수 있습니다.				
UI_20211217_005115	Recompensa de Logro	업적 보상				
UI_20211217_005116	EXP de Logro	업적 EXP				
UI_20211217_005117	Recompensa de 125K DMG de Jefe Semanal {img green_up_arrow 14 14}%s	주간 보스 레이드 125K 대미지 보상 획득량 {img green_up_arrow 14 14}%s	UI_20210809_004965	Ganancia de Recompensa de 500K de Daño de Incursión de Jefe Semanal {img green_up_arrow 14 14}%s	주간 보스 레이드 500K 대미지 보상 획득량 {img green_up_arrow 14 14}%s	
UI_20220103_005118	Coloca el Reubicador de Estadísticas de Traje de Cabello.{nl} {nl}{#ffffff}{b}El traje de cabello al que se le extrajo la estadística se eliminará después de extraer las estadísticas.	헤어 코스튬 옵션 이전 소재를 넣어주세요.{nl} {nl}{#ffffff}{b}옵션 이전 후 옵션이 추출된 헤어 코스튬은 소멸합니다.	UI_20211217_005106	Coloca el Reubicador de Estadísticas de Traje de Cabello.{nl} {nl}{#ffffff}El traje de cabello al que se le extrajo la estadística se eliminará después de extraer las estadísticas.	헤어 코스튬 옵션 이전 소재를 넣어주세요.{nl} {nl}{#ffffff}옵션 이전 후 옵션이 추출된 헤어 코스튬은 소멸합니다.	
UI_20220107_005119	es requerido.{nl} {nl}  - Todas las estadísticas excepto la estadística de despertar se transfieren al cambiar el tipo de equipo.{nl}(La estadística de despertar aplicada al equipo se elimina al cambiar el tipo.){nl} {nl}  - La estadística fija aplicada se elimina al cambiar el tipo de armadura.{nl} {nl}  - La propiedad de comercio no cambia cuando se cambia el tipo de arma.{/}	가 필요합니다.{nl} {nl}  - 장비 계열 변경 시 각성 옵션을 제외한 모든 옵션이 이전됩니다.{nl}(아이템에 부여된 각성 옵션은 계열 변경 시 사라집니다.){nl} {nl}  - 방어구 계열 변경 시 부여된 고정 옵션이 제거됩니다.{nl} {nl}  - 장비 계열 변경 시 거래 속성이 변경되지 않습니다.{/}	UI_20210809_004826	es requerido.{nl} {nl}  - Todas las estadísticas excepto la estadística de despertar se transfieren al cambiar el tipo de equipo.{nl}(La estadística de despertar aplicada al equipo se elimina al cambiar el tipo.){nl} {nl}  - La propiedad de comercio no cambia cuando se cambia el tipo de arma.{/}	가 필요합니다.{nl} {nl}  - 장비 계열 변경 시 각성 옵션을 제외한 모든 옵션이 이전됩니다.{nl}(아이템에 부여된 각성 옵션은 계열 변경 시 사라집니다.){nl} {nl}  - 장비 계열 변경 시 거래 속성이 변경되지 않습니다.{/}	
UI_20220204_005120	{@st41b}Identificar Fórmula{/}	{@st41b}조제법 감정{/}				
UI_20220204_005121	{@st59}Cerrar ventana de Identificar Fórmula.{/}	{@st59}조제법 감정 창을 닫습니다.{/}				
UI_20220204_005122	{@st59}Coloca una Fórmula para Identificar{/}	{@st59}감정할 조제법을 올려주세요{/}				
UI_20220204_005123	{@st42b}Costo : {img %s 24 24} x %s %s{/}	{@st42b}비용 : {img %s 24 24} %s %s개{/}				
UI_20220204_005124	{@st42b}Fórmula en curso.{/}	{@st42b}현재 조제를 진행중인 조제법입니다.{/}				
UI_20220204_005125	{@st41b}Identificar	{@st41b}감정				
UI_20220204_005126	{@st41b}Continuar	{@st41b}계속하기				
UI_20220204_005127	{@st41b}{s20}Misión de Arqueología [Nv.470]	{@st41b}{s20}[Lv.470] 고고학 임무				
UI_20220204_005128	{s17}Objeto Necesario: %s(%s)	{s17}필요 아이템 : %s(%s)개				
UI_20220204_005129	Pergamino de Extracción [Arca Nv10]	[10레벨 아크] 추출 스크롤				
UI_20220204_005130	{@st66}Usar para extraer Pergamino de Subida de Nivel de Arca (Nv.10).{/}	{@st66}사용 시 아크 레벨업 스크롤(10레벨)을 추출합니다.{/}				
UI_20220204_005131	Extraer Pergamino	스크롤 추출				
UI_20220204_005132	{@sti1c}{s14}%s Tiempo restante de la Oleada{/}	{@sti1c}{s14}%s 웨이브 남은 시간{/}				
UI_20220204_005133	{@sti1c}{s14}Habilidad de Grupo	{@sti1c}{s14}파티 스킬				
UI_20220204_005134	{@st204_magenta}%s veces	{@st204_magenta}%s회				
UI_20220204_005135	Uno{nl}Dos{nl}Tres{nl}Cuatro{nl}Cinco	하나{nl}두울{nl}세엣{nl}네엣{nl}다섯				
UI_20220204_005136	{@st41b}{s20}Fragmentar Pendiente	{@st41b}{s20}귀걸이 파편화				
UI_20220204_005137	Fragmentar	파편화				
UI_20220204_005138	{@st43}{s18}Se pueden recibir hasta %s fragmentos.	{@st43}{s18}최대 %s개의 파편을 획득할 수 있습니다.				
UI_20220204_005139	{@st43}{s24}Ranking de Puntaje de Equipo	{@st43}{s24}기어스코어 랭킹				
UI_20220204_005140	{@st66b}{s16}Nombre del Personaje	{@st66b}{s16}캐릭터명				
UI_20220204_005141	{@st66b}{s16}Puntaje de Equipo	{@st66b}{s16}기어스코어				
UI_20220204_005142	.{nl} {nl}{s20}Crear{nl} {s18}- Crea equipo de rango Diosa con ingredientes obtenidos de la incursión de la Diosa.{nl} {nl}{s20}Sucesión{nl} {s18}- Crea equipo del siguiente nivel con equipo de rango Leyenda Nv.440 o superior.{nl}Puedes transferir parcialmente la estadística del equipo usado para la fabricación según las condiciones.{nl} {nl}{s20}Cambio de Tipo{nl} {s18}- Usando un nivel de equipo apropiado 	로 개방할 수 있습니다.{nl} {nl}{s20}제작{nl} {s18}- 가디스 레이드에서 획득한 재료로 가디스 장비를 제작할 수 있습니다.{nl} {nl}{s20}계승{nl} {s18}- Lv.440 레전드 등급 이상의 장비로 다음 레벨의 장비를 제작합니다.{nl}제작 시 조건에 따라 제작에 사용 된 장비 옵션의 일부를 이전할 수 있습니다.{nl} {nl}{s20}계열 변경{nl} {s18}- 장비 레벨에 맞는 	UI_20210809_004762	.{nl} {nl}{s20}Crear{nl} {s18}- Crea equipo de rango Diosa con ingredientes obtenidos de la incursión de la Diosa.{nl} {nl}{s20}Sucesión{nl} {s18}- Crea equipo de rango Diosa usando equipo de rango Leyenda Nv.440 como ingrediente.{nl}Puedes transferir parcialmente el valor de mejora y encantamiento al equipo de rango Diosa según la etapa de mejora y trascendencia del equipo de rango Leyenda usado como ingrediente.{nl} {nl}{s20}Cambio de Tipo{nl} {s18}- Usando un nivel de equipo apropiado 	로 개방할 수 있습니다.{nl} {nl}{s20}제작{nl} {s18}- 가디스 레이드에서 획득한 재료로 가디스 장비를 제작할 수 있습니다.{nl} {nl}{s20}계승{nl} {s18}- Lv.440 레전드 등급 장비를 재료로 가디스 장비를 제작합니다.{nl}제작 시 레전드 등급 장비의 강화, 초월 단계에 따라 강화, 인챈트 옵션 수치를 일부 이전할 수 있습니다.{nl} {nl}{s20}계열 변경{nl} {s18}- 장비 레벨에 맞는 	
UI_20220204_005143	{@sti1c}{s17}※Condición para la Sucesión{nl} - Equipo Leyenda Nv.440{nl}   ** TRA 8 o superior{nl} {nl}※Estadística y valor que se pueden transferir{nl} - Arma/Armadura Leyenda Nv.440 con valor MEJ 10 o menor o TRA 9 o menor{nl}   **No se puede transferir{nl} - Arma/Armadura Leyenda Nv.440 con valor MEJ 11 o superior o TRA 10 o superior{nl}   **Transfiere el 66% de [MEJ], [Estadística de Encantamiento] {nl} - Accesorio Leyenda Nv.440{nl}   **Transfiere el 50% de [MEJ]{nl} {nl} {nl}{#11cc88} ※El valor máximo de MEJ transferido al suceder Arma/Armadura Leyenda Nv.440 es 14.{nl} ※ Se otorgará Ayuda de Mejora [Nv.460] para equipo con valor MEJ 21 o superior al suceder Arma/Armadura Leyenda Nv.440. {nl}{/}{/}	{@sti1c}{s17}※계승 가능 조건{nl} - Lv.440 레전드 등급 장비{nl}   **초월 단계 8이상{nl} {nl}※계승 시 이전되는 옵션 및 수치{nl} - Lv.440 레전드 등급 강화 수치 +11 미만 또는 초월 단계 10미만인 무기/방어구{nl}   **이전되지 않음{nl} - Lv.440 레전드 등급 강화 수치 +11 이상, 초월 단계 10인 무기/방어구{nl}   **[강화], [인챈트 옵션] 각 66.6% 이전{nl} - Lv.440 레전드 등급 액세서리{nl}   **[강화] 50% 이전{nl} {nl} {nl}{#11cc88} ※Lv.440 레전드 등급 무기/방어구 계승 시 이전되는 강화 수치는 최대 +14입니다.{nl} ※Lv.440 레전드 등급 무기/방어구 계승 시 강화 수치가 +21을 초과하는 장비는 [Lv.460] 강화 보조제(거래불가)가 지급됩니다. {nl}{/}{/}				
UI_20220204_005144	{@st66b}Puedes obtener uno de los objetos{nl}según cada probabilidad.{/}	 {@st66b}사용 시 각 확률에 따라{nl}구성 아이템 중 1종을 획득할 수 있습니다.{/}				
UI_20220204_005145	Fabricar Consumible	재화 생산	UI_20210809_004834	Reputación de Fabricación	명성도 생산	
UI_20220204_005146	{img NOTICE_Dm_! 30 30}{@st43}{s16}Solicitud de Mazmorra{/}	{img NOTICE_Dm_! 30 30}{@st43}{s16}던전 적용 사항{/}				
UI_20220204_005147	Registro de Completado	클리어 기록				
UI_20220204_005148	{nl}{s18} Ayuda de la Batalla en la Guarida de Sulivinas{/}{nl} {nl}[Ranking de Batalla de Bloqueo]{nl} Los rankings de Batalla de Bloqueo se cuentan hasta el valor decimal para que el gremio más rápido en completar el contenido{nl}quede clasificado más alto. {nl} {nl}[Recibir Recompensas de Batalla de Bloqueo]{nl} Las recompensas de Batalla de Bloqueo se otorgarán después de las 7 PM del domingo, y el maestro de gremio autorizado{nl}puede	{nl}{s18}봉쇄전 도움말{/}{nl} {nl}[봉쇄전 순위 정산]{nl} 봉쇄전 순위는 소숫점까지 계산되어 가장 빨리 콘텐츠를{nl}클리어한 길드가 높은 순위에 랭크되는 방식으로 진행됩니다.{nl} {nl}[봉쇄전 보상 수령]{nl} 봉쇄전 보상 수령은 일요일 오후 7시 이후, 길드 마스터 권한이 있는{nl}플레이어가 	UI_20210115_004582	{nl}{s18}Sobre la Batalla de Bloqueo{/}{nl} {nl}[Autoridad para Participar]{nl}Solo los Gremios que asediaron un territorio en GTW pueden participar en la batalla.{nl}*Misión de Gremio: Participa automáticamente al avanzar con el Ser Antiguo(Boruta)/Santuario Demoníaco(Giltine){nl} {nl}[Ranking de Batalla de Bloqueo]{nl} Los rankings de Batalla de Bloqueo se cuentan hasta el valor decimal para que el gremio más rápido en completar el contenido{nl}quede clasificado más alto. {nl} {nl}[Recibir recompensas de Batalla de Bloqueo]{nl} Las recompensas de Batalla de Bloqueo se otorgarán después de las 7 PM del domingo, y el maestro de gremio autorizado{nl}puede	{nl}{s18}봉쇄전 도움말{/}{nl} {nl}[봉쇄전 참여 권한]{nl}봉쇄전은 길드 콜로니전 스팟 점령 길드만 참여가능합니다.{nl}*길드 퀘스트 : 고대의 존재(보루타)/마신의 성소(길티네)를 진행할 경우 자동으로 참여{nl} {nl}[봉쇄전 순위 정산]{nl} 봉쇄전 순위는 소숫점까지 계산되어 가장 빨리 콘텐츠를{nl}클리어한 길드가 높은 순위에 랭크되는 방식으로 진행됩니다.{nl} {nl}[봉쇄전 보상 수령]{nl} 봉쇄전 보상 수령은 일요일 오후 7시 이후, 길드 마스터 권한이 있는{nl}플레이어가 	
UI_20220204_005149	{@st59}Pendiente{/}	{@st59}귀걸이{/}				
UI_20220204_005150	{@st59}Fabricación de Arcanum{/}	{@st59}비약 연성술{/}				
UI_20220204_005151	{@st59}Noticias{/}	{@st59}뉴스{/}				
UI_20220204_005152	{@st59}Tienda de Token de Diosa{/}	{@st59}여신의 증표 상점{/}				
UI_20220204_005153	{@st59}Tablón de Vivienda Personal{/}	{@st59}개인 하우징 게시판{/}				
UI_20220204_005154	{@st59}Mercado{/}	{@st59}마켓{/}				
UI_20220204_005155	{@st59}Buscar Grupo{/}	{@st59}파티 찾기{/}				
UI_20220204_005156	{@st59}Tienda de Insignias de Mercenario{/}	{@st59}용병단 증표 상점{/}				
UI_20220204_005157	{@st59}Abrir Tablones{/}	{@st59}게시판 펼쳐보기{/}				
UI_20220204_005158	{@st59}Abrir Tiendas{/}	{@st59}상점 펼쳐보기{/}				
UI_20220204_005159	{@st59}Tienda de TP{/}	{@st59}TP상점{/}				
UI_20220204_005160	{@st59}Cambiar Nombre del Preajuste Actual{/}	{@st59}현재 프리셋의 이름을 변경합니다{/}				
UI_20220204_005161	{@st66b}Traer	{@st66b}가져오기				
UI_20220204_005162	{@st59}Trae la información de la carta actualmente equipada al preajuste actual{/}	{@st59}현재 장착한 카드 정보를 현재 프리셋에 가져옵니다{/}				
UI_20220204_005163	{@st66b}Aplicar	{@st66b}적용				
UI_20220204_005164	{@st59}Cambia la carta equipada con la información del preajuste actual{nl}{#FFFF00}※ No aplica a cartas que no estén en el inventario{/}{/}	{@st59}현재 프리셋 정보로 장착 카드를 변경합니다{nl}{#FFFF00}※ 인벤토리에 없는 카드는 적용되지 않습니다{/}{/}				
UI_20220204_005165	{@st43}Preajuste de Álbum de Cartas de Color{/}	{@st43}컬러 카드첩 프리셋{/}				
UI_20220204_005166	{@st59}Cerrar Preajuste de Álbum de Cartas de Color{/}	{@st59}컬러 카드첩 프리셋을 종료합니다{/}				
UI_20220204_005167	{@st66b}Preajuste	{@st66b}프리셋				
UI_20220204_005168	{@st59}Tablón de Búsqueda de Grupo{/}	{@st59}파티 찾기 게시판{/}				
UI_20220204_005169	{@st59}Información del Grupo (F6){/}	{@st59}파티 정보 (F6){/}				
UI_20220204_005170	{@st43}{s24}Tablón de Búsqueda de Grupo	{@st43}{s24}파티 찾기 게시판				
UI_20220204_005171	{@st59}Cerrar Tablón de Búsqueda de Grupo{/}	{@st59}파티 찾기 게시판을 닫습니다{/}				
UI_20220204_005172	{@ps1_1}{s20}Buscar	{@ps1_1}{s20}조회				
UI_20220204_005173	{@st106_lbr}{s20}Registrar	{@st106_lbr}{s20}등록				
UI_20220204_005174	Nombre del Grupo	파티이름				
UI_20220204_005175	{@st43b}{s20}Solicitar Participación	{@st43b}{s20}참가신청				
UI_20220204_005176	{@ps1_1}{s16}Condición para Unirse al Grupo	{@ps1_1}{s16}파티 참가 조건				
UI_20220204_005177	{@sti1c}{s16}Tasa de Logro de Atributo(%)	{@sti1c}{s16}특성 달성률(%)				
UI_20220204_005178	{@sti1c}{s16}Puntaje de Equipo	{@sti1c}{s16}기어 스코어				
UI_20220204_005179	{@sti1c}{s16}Nivel Res Sacrae	{@sti1c}{s16}성물 레벨				
UI_20220204_005180	{@st105_y_16}{s14}{@st43b}{s20} 19:59 {@st105_y_16}{s14} restantes hasta la eliminación del reclutamiento	{@st105_y_16}{s14}모집 공고 자동 삭제까지{@st43b}{s20} 19:59 {@st105_y_16}{s14}남았습니다				
UI_20220204_005181	{img ps_icon_input 20 20}{@st66b}{s16}Título de Reclutamiento	{img ps_icon_input 20 20}{@st66b}{s16}공고 제목				
UI_20220204_005182	Por favor ingresa el título del Reclutamiento de Grupo	파티공고 제목을 입력해주세요				
UI_20220204_005183	{img ps_icon_input 20 20}{@st66b}{s16}Condición para Unirse al Grupo	{img ps_icon_input 20 20}{@st66b}{s16}파티 참가 조건				
UI_20220204_005184	Registrar Reclutamiento de Grupo	파티 모집 공고 등록				
UI_20220204_005185	{@st43}Fabricación de Arcanum{/}	{@st43}비약 연성술{/}				
UI_20220204_005186	{@st59}Cerrar la ventana de Fabricación de Arcanum{/}	{@st59}비약 연성술 창을 닫습니다{/}				
UI_20220204_005187	{@st59}Haz clic para ver la Ayuda de Preparación de Arcanum{/}	{@st59}비약 연성술 도움말을 보려면 클릭하세요{/}				
UI_20220204_005188	{@st43}{s18}Tiempo Restante ({@st47}{s18}%s{/}{/}){/}{/}	{@st43}{s18}남은 시간 ({@st47}{s18}%s{/}{/}){/}{/}				
UI_20220204_005189	Nivel de Completado	완성도				
UI_20220204_005190	Neutralizar Restante	남은 중화 횟수				
UI_20220204_005191	{@sti1c}{s14}Material{/}{/}	{@sti1c}{s14}합성 재료{/}{/}				
UI_20220204_005192	{@st59}Material{/}	{@st59}합성 재료{/}				
UI_20220204_005193	{@sti1c}{s11}Neutralizador{/}{/}	{@sti1c}{s14}중화제{/}{/}				
UI_20220204_005194	{@st59}Neutralizador{/}	{@st59}중화제{/}				
UI_20220204_005195	{@st59}Inserta el Material de Combinación{/}	{@st59}합성 재료를 올려주세요{/}				
UI_20220204_005196	{@st59}Iniciar Combinación{/}	{@st59}합성 시작{/}				
UI_20220204_005197	{@st59}Inserta el Neutralizador{/}	{@st59}중화제를 올려주세요{/}				
UI_20220204_005198	{@st45tw2}Récord Personal Más Alto	{@st45tw2}개인 최고 기록				
UI_20220204_005199	{@st45tw2}Amigo	{@st45tw2}친구				
UI_20220204_005200	{@st43}{#ffcc33}{s14}¡Récord Más Alto!	{@st43}{#ffcc33}{s14}최고 기록 경신!				
UI_20220204_005201	{@st202}Estado del Cupón▶{/}	{@st202}보유 쿠폰 ▶{/}				
UI_20220204_005202	{@st202}Consumir Cupón ▶{/}	{@st202}쿠폰 소모 ▶{/}				
UI_20220204_005203	{@st43}Vender Suministro de Ayuda{/}	{@st43}구호 물품 판매{/}				
UI_20220204_005204	{@st41b}Vender{/}	{@st41b}판매{/}				
UI_20220204_005205	{@st59}Grupo{/}	{@st59}파티{/}				
UI_20220204_005206	{@st66b}Número Máximo de Partículas(%s){/}	{@st66b}최대 파티클 개수(%s){/}				
UI_20220204_005207	{@st59}Afecta enormemente el rendimiento. Si es muy bajo, algunos efectos pueden no verse. Se aplica tras reiniciar.{/}	{@st59}성능에 큰 영향을 미칩니다. 너무 적으면 일부 효과가 안보일 수 있습니다. 재시작 후 적용됩니다.{/}				
UI_20220204_005208	Pergamino de Eliminación de Vínculo de Accesorio de Diosa	가디스 액세서리 귀속 해제 스크롤				
UI_20220204_005209	{@st66}Usar para eliminar el Vínculo.{/}	{@st66}사용 시 귀속 상태가 해제됩니다.{/}				
UI_20220204_005210	Eliminar Vínculo	귀속 해제				
UI_20220204_005211	Pergamino de Eliminación de Vínculo del Pendiente de Llama de Fuego	화염불꽃 귀걸이 귀속 해제 스크롤				
UI_20220204_005212	{@st66}Se necesita Pergamino x%s para eliminar el vínculo.{/}	{@st66}귀속 해제를 위해 %s개의 스크롤이 필요합니다.{/}				
UI_20220204_005213	{@st66}Se necesita el mismo rango y número de pergamino para eliminar el vínculo.{/}	{@st66}귀속 해제를 위해 등급과 같은 수의 스크롤이 필요합니다.{/}				
UI_20220204_005214	Pergamino de Eliminación de Vínculo de Equipo de Vasilisa	바실리사 장비 귀속 해제 스크롤				
UI_20220204_005215	{@st43}{s16}Daño del Grupo{/}	{@st43}{s16}파티 대미지{/}				
UI_20220204_005216	{@st43}{s28}Resultado de la Batalla	{@st43}{s28}전투 결과				
UI_20220204_005217	{@st43}{s22}Registro	{@st43}{s22}기록				
UI_20220204_005218	{@st43}{s22}Detalles	{@st43}{s22}세부 정보				
UI_20220204_005219	{@st43}{s15}{#FFFF00}Tiempo de Batalla{nl} {#FFFFFF}{s17}%s	{@st43}{s15}{#FFFF00}전투 시간{nl} {#FFFFFF}{s17}%s				
UI_20220204_005220	48 segundos	48초				
UI_20220204_005221	{@st43}{s15}{#FFFF00}Daño Total{nl} {#FFFFFF}{s17}%s	{@st43}{s15}{#FFFF00}총 피해량{nl} {#FFFFFF}{s17}%s				
UI_20220204_005222	{@st43}{s15}{#FFFF00}Récord Más Alto Anterior{nl} {#FFFFFF}{s17}%s	{@st43}{s15}{#FFFF00}이전 최고 기록{nl} {#FFFFFF}{s17}%s				
UI_20220204_005223	{@st43}{s17}{#FFFF00}Daño Total Esta Semana{nl} {#FFFFFF}{s18}%s	{@st43}{s17}{#FFFF00}이번 주 누적 피해량{nl} {#FFFFFF}{s18}%s				
UI_20220204_005224	{@st42b}{s18}Fin{/}	{@st42b}{s18}종료하기{/}				
UI_20220204_005225	{s16}{#FF0000} %s restante hasta que termine el conteo.	{s16}{#FF0000}집계 종료까지 %s 남았습니다.				
UI_20220204_005226	5 Días 5 Horas 38 Minutos 49 Segundos	5일 5시간 38분 49초				
UI_20220204_005227	{@st100cream_24}Arqueología	{@st100cream_24}고고학				
UI_20220204_005228	{@st101lightbrown_16}Área de Excavación	{@st101lightbrown_16}발굴 가능 지역				
UI_20220204_005229	Cerrar la ventana del mapa de Arqueología.	고고학 맵 정보창을 닫습니다.				
UI_20220204_005230	Consultar Info de Arqueología.	고고학 정보를 확인합니다.				
UI_20220204_005231	{@st101lightbrown_16}Arqueología	{@st101lightbrown_16}고고학				
UI_20220204_005232	{s24}{b}Crear un nuevo personaje{/}{/}	{s24}{b}신규 캐릭터를 생성합니다{/}{/}				
UI_20220204_005233	{/}{s20}{b}[%s]{/}{nl}se puede seleccionar una vez que se cumplan las siguientes condiciones.{/}	{/}{s20}{b}[%s]{/}은{nl}다음 조건을 충족해야 선택할 수 있습니다.{/}				
UI_20220204_005234	Ganar +%s	획득 +%s				
UI_20220204_005235	{@sti1c}{s14}Objeto Solo para Líder de Grupo	{@sti1c}{s14}파티장 전용 아이템				
UI_20220204_005236	Cantidad	사용 횟수				
UI_20220204_005237	460 nombredepersonaje	460 캐릭터이름				
UI_20220204_005238	460 nombre de personaje	460 캐릭터 이름				
UI_20220204_005239	Gorila	고릴라는				
UI_20220204_005240	Plátano	바나나				
UI_20220204_005241	{@st43}{s16}Muestra el factor actualmente aplicado a la mazmorra.{/}	{@st43}{s16}현재 던전에 적용된 요소를 나타냅니다.{/}				
UI_20220426_005242	{@st43}{s22}Gloria de la Diosa{/}	{@st43}{s22}여신의 축복{/}				
UI_20220426_005243	Omitir Animación	애니메이션 스킵				
UI_20220426_005244	{nl}{img %s 40 40}{@st42b}{s20}Abrir	{nl}{img %s 40 40}{@st42b}{s20}캡슐 개봉   				
UI_20220426_005245	La cantidad máxima de puntos que se puede ganar se reinicia cada lunes a las 6 AM, hora del servidor.{nl}Los puntos se pueden ganar de la siguiente manera:{nl} {nl}- Conectarse al juego: 10 puntos (5 puntos adicionales para jugadores en un gremio y jugadores bajo efectos de token){nl} - Pesca exitosa: 1 punto por captura.{nl}- Incursión Leyenda: 35 puntos{nl}- Mazmorra de Nivel: 10 puntos{nl}(Los puntos se pueden omitir al salir justo después de completar la Mazmorra de Nivel.){nl}- Misión Diaria: 10 puntos{nl}- Liga de Batalla de Equipos : 50 puntos (Otorgados sin importar victoria o derrota){nl}- Incursión Res Sacrae: Emparejamiento Automático: 20 puntos{nl}- Incursión Res Sacrae: Emparejamiento Automático (Difícil) : 30 puntos	획득 가능한 포인트량은 매주 월요일 6시에 초기화됩니다.{nl}포인트는 아래의 방법으로 획득할 수 있습니다.{nl} {nl}- 접속 : 10 포인트 (PC방 접속 중, 길드 가입 중, 토큰 적용 중일 시 각 5 포인트 추가 획득){nl}- 낚시 성공 : 1회 당 1 포인트{nl}- 레전드 레이드 : 35 포인트{nl}- 레벨 던전 : 10 포인트{nl}(레벨 던전을 클리어하여 빠르게 퇴장했을 경우, 포인트 지급이 누락될 수 있습니다.){nl}- 일일 퀘스트 : 10 포인트{nl}- 팀 배틀리그 : 50 포인트 (종료 후 승패에 관계없이 지급){nl}- 성물 레이드: 자동 매칭 : 20 포인트{nl}- 성물 레이드: 자동 매칭(Hard) : 30 포인트	UI_20210809_004743	La cantidad máxima de puntos que se puede ganar se reinicia cada lunes a las 6 AM, hora del servidor.{nl}Los puntos se pueden ganar de la siguiente manera:{nl} {nl}- Conectarse al juego: 10 puntos (5 puntos adicionales para jugadores en un gremio y jugadores bajo efectos de token){nl} - Pesca exitosa: 1 punto por captura.{nl}- Incursión Leyenda: 35 puntos{nl}{nl}*Nido de Velcoffer : 100 puntos{nl}*Torre de la Tierra : 25 puntos cada 5º piso{nl}- Misión de Defensa Cuesta Arriba: 10 puntos{nl}- Mazmorra de Nivel: 10 puntos{nl}(Los puntos se pueden omitir al salir justo después de completar la Mazmorra de Nivel.){nl}- Misión Diaria: 10 puntos{nl}- Liga de Batalla de Equipos : 50 puntos (Otorgados sin importar victoria o derrota){nl}- Incursión Res Sacrae: Emparejamiento Automático: 20 puntos{nl}- Incursión Res Sacrae: Emparejamiento Automático (Difícil) : 30 puntos	획득 가능한 포인트량은 매주 월요일 6시에 초기화됩니다.{nl}포인트는 아래의 방법으로 획득할 수 있습니다.{nl} {nl}- 접속 : 10 포인트 (PC방 접속 중, 길드 가입 중, 토큰 적용 중일 시 각 5 포인트 추가 획득){nl}- 낚시 성공 : 1회 당 1 포인트{nl}- 레전드 레이드 : 35 포인트{nl}*벨코퍼의 둥지 : 100 포인트{nl}*대지의 탑 : 5층 단위로 25 포인트{nl}- 업힐 디펜스 미션 : 10 포인트{nl}- 레벨 던전 : 10 포인트{nl}(레벨 던전을 클리어하여 빠르게 퇴장했을 경우, 포인트 지급이 누락될 수 있습니다.){nl}- 일일 퀘스트 : 10 포인트{nl}- 팀 배틀리그 : 50 포인트 (종료 후 승패에 관계없이 지급){nl}- 성물 레이드: 자동 매칭 : 20 포인트{nl}- 성물 레이드: 자동 매칭(Hard) : 30 포인트	
UI_20220426_005246	{@st43b}{s16}Lista de Contenidos	{@st43b}{s16}콘텐츠 리스트				
UI_20220426_005247	{@st43}Heredar Nivel de Carta de Diosa{/}	{@st43}여신 카드 레벨 전승{/}				
UI_20220426_005248	Por favor coloca la carta original. 	원본 카드를 올려주세요				
UI_20220426_005249	{@st59}Cerrar{/}	{@st59}여신 카드 레벨 전승을 닫습니다{/}	UI_20210809_004756	{@st59}Cerrar{/}	{@st59}여신 카드 복사를 닫습니다{/}	
UI_20220426_005250	Heredar Nivel de Carta de Diosa	여신 카드 레벨 전승				
UI_20220426_005251	{#ff0000}※ El nivel de la carta original se conservará al heredar el nivel de la carta de Diosa.	{#ff0000}※ 여신 카드 레벨 전승 시 원본 카드의 레벨은 유지됩니다.				
UI_20220426_005252	{@st41b}Heredar	{@st41b}전승	UI_20210809_004758	{@st41b}Copiar	{@st41b}복사	
UI_20220426_005253	{@st66d}{#ffcc33}{s18}Nv.%s{/}{/}{/}	{@st66d}{#ffcc33}{s18}%s레벨{/}{/}{/}				
UI_20220426_005254	{@st59}Info del Peregrino{/}	{@st59}순례자 정보{/}				
UI_20220426_005255	{@st59}Abrir Grupo{/}	{@st59}파티 펼쳐보기{/}				
UI_20220426_005256	NombreGrupoPeregrino	순례자그룹이름				
UI_20220426_005257	{@st41}{s20}Salir	{@st41}{s20}나가기				
UI_20220426_005258	{@st41}{s18}Lista de Peregrinos	{@st41}{s18}순례자 목록				
UI_20220426_005259	Número de Muertes : 0	사망 횟수 : 0				
UI_20220426_005260	{@st59}Puedes ver la información de la prueba de la temporada actual.	{@st59}현재 시즌의 시련 정보를 확인할 수 있습니다.				
UI_20220426_005261	{@st41}{s20}Info de Prueba	{@st41}{s20}시련 정보				
UI_20220426_005262	Por favor selecciona la información de Prueba. 	시련 정보를 선택해주세요 .				
UI_20220426_005263	Disminuir el Nivel de Rango de Prueba	시련 랭크 레벨을 낮춥니다.				
UI_20220426_005264	Aumentar el Nivel de Rango de Prueba	시련 랭크 레벨을 올립니다.				
UI_20220426_005265	{@st59}Peregrino, selecciona la prueba.	{@st59}순례자, 시련을 선택합니다.				
UI_20220426_005266	{@st41}{s20}Prueba	{@st41}{s20}시련				
UI_20220426_005267	Seleccionar Peregrino	순례자 선택				
UI_20220426_005268	NombrePeregrinoMáx.7	순례자명최대7				
UI_20220426_005269	Seleccionar Penalización	페널티 선택				
UI_20220426_005270	{@st41}{s18}Listo	{@st41}{s18}준비 완료				
UI_20220426_005271	Pergamino de Mejora de Gema Res Sacrae	성물 젬 강화 스크롤				
UI_20220426_005272	{@st43b}{s24}Info del Peregrino{/}	{@st43b}{s24}순례자 정보{/} 				
UI_20220426_005273	{@st59}Cerrar{/}	{@st59}순례자를 종료합니다{/}				
UI_20220426_005274	Mensaje Extremo de Diosa	여신의 전언 익스트림				
UI_20220426_005275	{img current_group_mark 16 16}{@ps1_1}{s16} Grupo Actual	{img current_group_mark 16 16}{@ps1_1}{s16} 현재 그룹				
UI_20220426_005276	Nombre del Grupo	그룹 이름				
UI_20220426_005277	Disolver	해제하기				
UI_20220426_005278	Salir	탈퇴하기				
UI_20220426_005279	Crear Grupo	그룹 생성				
UI_20220426_005280	{@st202}{s16}Nombre del Grupo{/}	{@st202}{s16}그룹 명{/}				
UI_20220426_005281	{@st202}{s16}Tiempo de Juego{/}	{@st202}{s16}플레이 시간{/}				
UI_20220426_005282	Rango de Prueba	{@st202}{s16}시련 단계{/}				
UI_20220426_005283	{@ps2}{s14}Registro de Partida	{@ps2}{s14}플레이 기록				
UI_20220426_005284	Si hay un registro de haber jugado el contenido en esta temporada,{nl}se mostrará la mejor puntuación del grupo actual durante esta temporada.	해당 시즌의 플레이 기록이 존재할 경우,{nl}현재 그룹의 해당 시즌 최고 기록이 표시됩니다.				
UI_20220426_005285	Nombre del Grupo	그룹명				
UI_20220426_005286	{@42b}{s14}Período de Ranking{nl}%s ~ %s	{@42b}{s14}랭킹 기간{nl}%s ~ %s				
UI_20220426_005287	{@st66b}Resolución de Efecto de Piedra de Evolución(%s){/}	{@st66b}진화석 이펙트 선명도(%s){/}				
UI_20220426_005288	No hay objetos para usar.	사용할 수 있는 아이템이 없습니다.	ETC_20150317_001734	Indeciso	미정	
UI_20220426_005289	{@st42}{s20}Nombre del Escuadrón	{@st42}{s20}스쿼드 이름				
UI_20220614_005290	La cantidad máxima de puntos que se puede ganar se reinicia cada lunes a las 6 AM, hora del servidor.{nl}Los puntos se pueden ganar de la siguiente manera:{nl} {nl}- Conectarse al juego: 10 puntos (5 puntos adicionales para jugadores en un gremio y jugadores bajo efectos de token){nl} - Pesca exitosa: 1 punto por captura.{nl}- Incursión Leyenda: 35 puntos{nl}- Mazmorra de Nivel: 10 puntos{nl}(Los puntos se pueden omitir al salir justo después de completar la Mazmorra de Nivel.){nl}- Misión Diaria: 10 puntos{nl}- Liga de Batalla de Equipos : 50 puntos (Otorgados sin importar victoria o derrota){nl}- Incursión Res Sacrae (Normal): 20 puntos{nl}- Incursión Res Sacrae (Difícil) : 30 puntos	획득 가능한 포인트량은 매주 월요일 6시에 초기화됩니다.{nl}포인트는 아래의 방법으로 획득할 수 있습니다.{nl} {nl}- 접속 : 10 포인트 (PC방 접속 중, 길드 가입 중, 토큰 적용 중일 시 각 5 포인트 추가 획득){nl}- 낚시 성공 : 1회 당 1 포인트{nl}- 레전드 레이드 : 35 포인트{nl}- 레벨 던전 : 10 포인트{nl}(레벨 던전을 클리어하여 빠르게 퇴장했을 경우, 포인트 지급이 누락될 수 있습니다.){nl}- 일일 퀘스트 : 10 포인트{nl}- 팀 배틀리그 : 50 포인트 (종료 후 승패에 관계없이 지급){nl}- 성물 레이드(Normal) : 20 포인트{nl}- 성물 레이드(Hard) : 30 포인트	UI_20220426_005245	La cantidad máxima de puntos que se puede ganar se reinicia cada lunes a las 6 AM, hora del servidor.{nl}Los puntos se pueden ganar de la siguiente manera:{nl} {nl}- Conectarse al juego: 10 puntos (5 puntos adicionales para jugadores en un gremio y jugadores bajo efectos de token){nl} - Pesca exitosa: 1 punto por captura.{nl}- Incursión Leyenda: 35 puntos{nl}- Mazmorra de Nivel: 10 puntos{nl}(Los puntos se pueden omitir al salir justo después de completar la Mazmorra de Nivel.){nl}- Misión Diaria: 10 puntos{nl}- Liga de Batalla de Equipos : 50 puntos (Otorgados sin importar victoria o derrota){nl}- Incursión Res Sacrae: Emparejamiento Automático: 20 puntos{nl}- Incursión Res Sacrae: Emparejamiento Automático (Difícil) : 30 puntos	획득 가능한 포인트량은 매주 월요일 6시에 초기화됩니다.{nl}포인트는 아래의 방법으로 획득할 수 있습니다.{nl} {nl}- 접속 : 10 포인트 (PC방 접속 중, 길드 가입 중, 토큰 적용 중일 시 각 5 포인트 추가 획득){nl}- 낚시 성공 : 1회 당 1 포인트{nl}- 레전드 레이드 : 35 포인트{nl}- 레벨 던전 : 10 포인트{nl}(레벨 던전을 클리어하여 빠르게 퇴장했을 경우, 포인트 지급이 누락될 수 있습니다.){nl}- 일일 퀘스트 : 10 포인트{nl}- 팀 배틀리그 : 50 포인트 (종료 후 승패에 관계없이 지급){nl}- 성물 레이드: 자동 매칭 : 20 포인트{nl}- 성물 레이드: 자동 매칭(Hard) : 30 포인트	
UI_20220614_005291	{@st106_lbr}{s20}Equipo	{@st106_lbr}{s20}장비				
UI_20220614_005292	{@st106_lbr}{s20}Apariencia	{@st106_lbr}{s20}외형				
UI_20220614_005293	{@st41b}{s20}Fragmentar Objeto	{@st41b}{s20}아이템 파편화	UI_20220204_005136	{@st41b}{s20}Fragmentar Pendiente	{@st41b}{s20}귀걸이 파편화	
UI_20220614_005294	{@st59}Gema de Habilidad{/}	{@st59}스킬 젬{/}				
UI_20220614_005295	{@st59}Gema Res Sacrae{/}	{@st59}성물 젬{/}				
UI_20220614_005296	{@st202}{s18}Probabilidad Básica{/}{/}	{@st202}{s18}기본 확률{/}{/}				
UI_20220614_005297	{@st202}{s18}Probabilidad Ajustada por Fallo{/}{/}	{@st202}{s18}누적 실패 보정{/}{/}				
UI_20220614_005298	{@st202}{s18}Probabilidad de Éxito{/}{/}	{@st202}{s18}성공 확률{/}{/}				
UI_20220614_005299	{@st202}Estado del Cupón{/}	{@st202}보유 쿠폰{/}				
UI_20220614_005300	{@st202}{s16}Omitir Confirmación	{@st202}{s16}확인 생략				
UI_20220614_005301	%s Ingresa palabra clave de búsqueda (Ejemplo: %s )	%s 검색 키워드 입력 (예시: %s )				
UI_20220614_005302	Palabra Clave	키워드				
UI_20220614_005303	{@st59}Selecciona la clase dentro de la clase principal{/}	{@st59}계열 내 세부직업을 선택하세요{/}				
UI_20220614_005304	Todos de la Clase Seleccionada	해당 클래스 전체				
UI_20220614_005305	{@st66b}{s16}Cian	{@st66b}{s16}시안				
UI_20220614_005306	Cian	시안				
UI_20220614_005307	{@st66b}{s16}Magenta	{@st66b}{s16}마젠타				
UI_20220614_005308	Magenta	마젠타				
UI_20220614_005309	{@st66b}{s16}Negro	{@st66b}{s16}블랙				
UI_20220614_005310	{img star_mark 20 20}Progreso de Colección{img star_mark 20 20}	★수집 달성도★				
UI_20220614_005311	{@st41}{s18}Clase Seleccionada : {@st45ty}{s20}%s{@st41}{s18}/%s{/}	{@st41}{s18}선택 계열 : {@st45ty}{s20}%s{@st41}{s18}/%s{/}				
UI_20220614_005312	{@st41}{s18}Todo: {@st45ty}{s20}%s{@st41}{s18}/%s{/}	{@st41}{s18}전체: {@st45ty}{s20}%s{@st41}{s18}/%s{/}				
UI_20220614_005313	Reiniciar Estadística del Objeto	아이템 옵션 재설정				
UI_20220614_005314	{@st43b}{s18}Estadística Disponible	{@st43b}{s18}선택 가능 옵션				
UI_20220614_005315	Reiniciar	재설정				
UI_20220614_005316	{@st66b}* El grupo de estadística (color) no cambia al reiniciar,{nl} y solo cambia el tipo y valor de la estadística.{/}	{@st66b}* 재설정시 옵션 그룹(색상)은 유지되며, {nl}세부 옵션과 옵션 수치만 변경 가능합니다.{/}				
UI_20220614_005317	Estadística Reiniciable	재설정 가능 옵션				
UI_20220614_005318	Muestra una lista de estadísticas reiniciables.	재설정 가능한 옵션 목록을 보여줍니다.				
UI_20220614_005319	Pergamino de Eliminación de Vínculo del Cinturón de Perspicacia	통찰의 허리띠 귀속 해제 스크롤				
UI_20220614_005320	{@st59}Cinturón{/}	{@st59}허리띠{/}				
UI_20220614_005321	{@st59}Equipar Equipo (Alt+Z){/}	{@st59}해당 번호로 장비를 장착합니다(Alt+Z){/}				
UI_20220614_005322	Estadística Reiniciable	재설정 가능 옵션 보기				
UI_20220622_005323	La cantidad máxima de puntos que se puede ganar se reinicia cada lunes a las 6 AM, hora del servidor.{nl}Los puntos se pueden ganar de la siguiente manera:{nl} {nl}- Conectarse al juego: 10 puntos (5 puntos adicionales para jugadores en un gremio y jugadores bajo efectos de token){nl} - Pesca exitosa: 1 punto por captura.{nl}- Incursión Leyenda/Diosa: 35 puntos{nl}- Mazmorra de Nivel: 10 puntos{nl}(Los puntos se pueden omitir al salir justo después de completar la Mazmorra de Nivel.){nl}- Misión Diaria: 10 puntos{nl}- Liga de Batalla de Equipos : 50 puntos (Otorgados sin importar victoria o derrota){nl}- Incursión Res Sacrae (Normal): 20 puntos{nl}- Incursión Res Sacrae (Difícil) : 30 puntos	획득 가능한 포인트량은 매주 월요일 6시에 초기화됩니다.{nl}포인트는 아래의 방법으로 획득할 수 있습니다.{nl} {nl}- 접속 : 10 포인트 (PC방 접속 중, 길드 가입 중, 토큰 적용 중일 시 각 5 포인트 추가 획득){nl}- 낚시 성공 : 1회 당 1 포인트{nl}- 레전드/가디스 레이드 : 35 포인트{nl}- 레벨 던전 : 10 포인트{nl}(레벨 던전을 클리어하여 빠르게 퇴장했을 경우, 포인트 지급이 누락될 수 있습니다.){nl}- 일일 퀘스트 : 10 포인트{nl}- 팀 배틀리그 : 50 포인트 (종료 후 승패에 관계없이 지급){nl}- 성물 레이드(Normal) : 20 포인트{nl}- 성물 레이드(Hard) : 30 포인트	UI_20220614_005290	La cantidad máxima de puntos que se puede ganar se reinicia cada lunes a las 6 AM, hora del servidor.{nl}Los puntos se pueden ganar de la siguiente manera:{nl} {nl}- Conectarse al juego: 10 puntos (5 puntos adicionales para jugadores en un gremio y jugadores bajo efectos de token){nl} - Pesca exitosa: 1 punto por captura.{nl}- Incursión Leyenda: 35 puntos{nl}- Mazmorra de Nivel: 10 puntos{nl}(Los puntos se pueden omitir al salir justo después de completar la Mazmorra de Nivel.){nl}- Misión Diaria: 10 puntos{nl}- Liga de Batalla de Equipos : 50 puntos (Otorgados sin importar victoria o derrota){nl}- Incursión Res Sacrae (Normal): 20 puntos{nl}- Incursión Res Sacrae (Difícil) : 30 puntos	획득 가능한 포인트량은 매주 월요일 6시에 초기화됩니다.{nl}포인트는 아래의 방법으로 획득할 수 있습니다.{nl} {nl}- 접속 : 10 포인트 (PC방 접속 중, 길드 가입 중, 토큰 적용 중일 시 각 5 포인트 추가 획득){nl}- 낚시 성공 : 1회 당 1 포인트{nl}- 레전드 레이드 : 35 포인트{nl}- 레벨 던전 : 10 포인트{nl}(레벨 던전을 클리어하여 빠르게 퇴장했을 경우, 포인트 지급이 누락될 수 있습니다.){nl}- 일일 퀘스트 : 10 포인트{nl}- 팀 배틀리그 : 50 포인트 (종료 후 승패에 관계없이 지급){nl}- 성물 레이드(Normal) : 20 포인트{nl}- 성물 레이드(Hard) : 30 포인트	
UI_20220823_005324	{@st41}{s18}Cantidad Básica: {@st45ty}{s20}%s{/}{/} / {@st41}{s18}Catalizador Nv.480: {@st45ty}{s20}%s{/}{/} / {@st41}{s18}Catalizador Nv.460: {@st45ty}{s20}%s{/}	{@st41}{s18}기본 횟수: {@st45ty}{s20}%s{/}{/} / {@st41}{s18}Lv.480 촉매제: {@st45ty}{s20}%s{/}{/} / {@st41}{s18}Lv.460 촉매제: {@st45ty}{s20}%s{/}				
UI_20220823_005325	{@st41b}{s24}Transferir Nivel de Mejora	{@st41b}{s24}강화레벨 이전				
UI_20220823_005326	{@st201}[Transferir Nivel de Mejora]{/}{/} Consume {@st66d_y}{s16} Gema Aether [Nv.460]{/}{/}, para transferir el nivel de Mejora a la {@st66d_y}{s16} Gema Aether [Nv.480]{/}{/}{nl} - Solo se puede usar como material la Gema Aether [Nv.460] con {@st66d_y} {s16}nivel máximo de Mejora{/}{/}.{nl} - La Gema Aether se transferirá {@st66d_y}{s16}sin ninguna reducción en el nivel de Mejora{/}{/}.{nl} - Se puede aplicar a cualquier Gema Aether{@st66d_y}{s16}sin importar que la estadística no sea igual{/}{/} al tipo de Gema Aether [Nv.460] a consumir. 	{@st201}[강화레벨 이전]{/}{/} {@st66d_y}{s16} [Lv.460] 에테르 젬{/}{/}을 소비하여,{@st66d_y}{s16} [Lv.480] 에테르 젬{/}{/}에 강화레벨 이전을 진행합니다.{nl} - {@st66d_y}{s16}최대 강화레벨에 도달한{/}{/} [Lv.460] 에테르 젬에 한하여 재료로 사용될 수 있습니다. {nl} - 에테르 젬은{@st66d_y}{s16}강화레벨 감소 없이{/}{/} 온전히 이전됩니다.{nl} - 소비 될 [Lv.460] 에테르 젬의 종류와 {@st66d_y}{s16}동일한 능력치 젬이 아니어도 제약없이 모두 적용{/}{/} 가능합니다.				
UI_20220823_005327	{@st43b}{s20}%s{/}{/}{nl}{#FF4242}{s22}Destruir{/}{/}	{@st43b}{s20}%s{/}{/}{nl}{#FF4242}{s22}파괴{/}{/}				
UI_20220823_005328	{@st43b}{s20}Coloca el objeto{nl} Consume:{@st66d_y} [Gema Aether Nv.460]	{@st43b}{s20}아이템을 올려주세요{nl} 소비:{@st66d_y} [Lv.460 에테르 젬]				
UI_20220823_005329	{@st43b}{s20}%s{/}{/}{nl}{#1FFF22}{s22}Mejorar{/}{/}	{@st43b}{s20}%s{/}{/}{nl}{#1FFF22}{s22}강화{/}{/}				
UI_20220823_005330	{@st43b}{s20}Coloca el objeto{nl} Mejora:{@st66d_y} [Gema Aether Nv.480]	{@st43b}{s20}아이템을 올려주세요{nl} 강화:{@st66d_y} [Lv.480 에테르 젬]				
UI_20220823_005331	{s18}El nivel de mejora cambia a {@st66d_y}{s20} [ Nv %s →Nv %s ]{/}{/}{s18} {/}.{/}	{s18}강화레벨이{@st66d_y}{s20} [ %s Lv →%s Lv ]{/}{/}{s18}로 {/} 변경됩니다.{/} 				
UI_20220823_005332	Reiniciar Ranura	슬롯 초기화				
UI_20220823_005333	{@st41b}Tienda de Temporada Anterior	{@st41b}지난 시즌 상점				
UI_20220823_005334	Número de Monedas por Contenido	콘텐츠별 코인 지급 개수	UI_20200206_004166	Lista de Misiones de Contenido	콘텐츠 미션 목록	
UI_20220823_005335	{@st43}Fragmentar Objeto{/}	{@st43}아이템 파편화{/}				
UI_20220823_005336	{@st59}Finalizar fragmentación de objeto.{/}	{@st59}아이템 파편화를 종료합니다.{/}				
UI_20220823_005337	{@st59b}Fragmentación de Objeto{nl}{@st59s} {nl} - Muestra los objetos que se pueden fragmentar del inventario ({#ffe400}excepto el objeto bloqueado{/}). Selecciona la {#ffe400}pestaña de categoría de objeto{/} para elegir el objeto a fragmentar.	{@st59b}아이템 파편화{nl}{@st59s} {nl} - 인벤토리에 보유중인 파편화 대상 아이템({#ffe400}잠금 아이템 제외{/})을 보여줍니다. {nl} - {#ffe400}아이템 분류 탭{/}을 선택하여 파편화 하실 아이템들을 정해주세요.				
UI_20220823_005338	{@st66b}{s16}Pendiente	{@st66b}{s16}귀걸이				
UI_20220823_005339	{@st66b}{s16}Cinturón	{@st66b}{s16}허리띠				
UI_20220823_005340	{@st66b}{s16}Gema de Habilidad	{@st66b}{s16}스킬 젬				
UI_20220823_005341	{@st66b}{s16}Ichor de Diosa	{@st66b}{s16}가디스 아이커				
UI_20220823_005342	{@st59}Ichor de Diosa{/}	{@st59}가디스 아이커{/}				
UI_20220823_005343	{@st41}{s20} Filtro{/}{/} {@st66b}{s20}| {/}{/}{@st45ty}{s20}%s{/}{/}	{@st41}{s20} 필터{/}{/} {@st66b}{s20}| {/}{/}{@st45ty}{s20}%s{/}{/}				
UI_20220823_005344	{@st42_gray}{s18}Rango 1{/}{/}{@st66b}{s22}|{/}{/}	{@st42_gray}{s18}1등급{/}{/}{@st66b}{s22}|{/}{/}				
UI_20220823_005345	{@st41}Rango 2{/} {@st66b}{s22}|{/}{/}	{@st41}2등급{/} {@st66b}{s22}|{/}{/}				
UI_20220823_005346	{@st41}{#0e7fe8}Rango 3{/}{/}{@st66b}{s22}|{/}{/}	{@st41}{#0e7fe8}3등급{/}{/}{@st66b}{s22}|{/}{/}				
UI_20220823_005347	{@st41}{#ffa800}Rango 4 o superior{/}{/}	{@st41}{#ffa800}4등급 이상{/}{/}				
UI_20220823_005348	{@st41}Normal{/} {@st66b}{s22}|{/}{/}	{@st41}일반{/} {@st66b}{s22}|{/}{/}				
UI_20220823_005349	{@st41}{#0e7fe8}Avanzado{/}{/} {@st66b}{s22}|{/}{/}	{@st41}{#0e7fe8}상급{/}{/} {@st66b}{s22}|{/}{/}				
UI_20220823_005350	{@st41}{#ffa800}Superior{/}{/}	{@st41}{#ffa800}최상급{/}{/}				
UI_20220823_005351	{@st41}{s16}  Clase: %s{/}	{@st41}{s16}  직업: %s{/}				
UI_20220823_005352	Clase ▼	계열 ▼				
UI_20220823_005353	Estadística Aleatoria ▼	랜덤 옵션 ▼				
UI_20220823_005354	{@st41}{#0e7fe8}Avanzado{/}{/}	{@st41}{#0e7fe8}상급{/}{/}				
UI_20220823_005355	{@st61}{s24}Gestión de Equipo de Rango Diosa{/}{s18}{nl} {nl}{s20}Forjar{nl} {s18}- Mejorar : Puedes intentar mejorar usando {#ffff11}Ingredientes del equipo y el Token de Diosa como ingrediente básico{/}, y {#ffff11}aumentar la probabilidad de mejora usando Ayuda de Mejora como ingrediente adicional{/}.{nl}El valor de mejora no disminuye al fallar y la Probabilidad Ajustada aumenta según el número total de fallos.{nl}(La Probabilidad Ajustada se reinicia cuando la mejora tiene éxito.){nl}  - Encantar : Aplica estadísticas de encantamiento usando la Joya de Encantamiento de Diosa con el nivel de equipo apropiado.{nl}  - Trascendencia : Aumenta la etapa de trascendencia del equipo consumiendo Gema Bendita de la Diosa. La etapa máxima de Trascendencia es 10. {nl}  - Evolucionar : Usa {#22aaff}Token de Diosa, Gema Bendita de la Diosa, Ingrediente del equipo, y Piedra de Evolución con el nivel de equipo apropiado{/} para evolucionar el arma de rango Diosa{nl}(Sin embargo, las armaduras no pueden evolucionar y la etapa de Trascendencia del arma de rango Diosa a evolucionar debe ser 10.){nl}El {#22aaff}ataque básico del arma aumenta un 5% al evolucionar{/} y el efecto de evolución se aplica a la apariencia del arma.{nl} {nl}{s20}Grabar{nl} {s18}- Guardar Grabado : Puedes guardar la estadística aleatoria del equipo de rango Diosa equipado en el grabado.{nl}{#ffff11}Se usa la Piedra de Grabado del nivel de equipo apropiado{/} para guardar el grabado y se requiere al menos una piedra por intento.{nl}  - Aplicar Grabado : Aplica el grabado guardado al equipo actual. Se consume Token de Diosa al aplicar el grabado.{nl}. - Ichor : Puedes guardar el Ichor de Estadística Aleatoria de Armadura Nv.430, Ichor de Diosa como grabado. Esto se guardará con 100% de probabilidad y {#ffff11}el ichor guardado será destruido{/}.{nl} {nl}{s20}Engarce{nl}{s18}  - Armadura : Se pueden abrir 2 engarces normales. Se consume Token de Diosa para abrir un engarce normal.{nl}. - Arma: Se pueden abrir 2 engarces normales y 1 engarce de Gema Aether.{nl}Se consume Token de Diosa para abrir un engarce normal y el engarce de Gema Aether se puede abrir con un nivel de equipo apropiado	{@st61}{s24}가디스 장비 관리 시스템{/}{s18}{nl} {nl}{s20}재련{nl} {s18}- 강화 : {#ffff11}장비의 제작 재료와 여신의 증표를 기본 재료{/}로 강화를 시도할 수 있으며, {#ffff11}추가 재료로 강화 보조제를 사용하여 강화 확률을 상승{/}시킬 수 있습니다.{nl}강화 실패시 강화 수치가 하락하지 않으며, 누적 실패 횟수에 따른 확률 보정이 증가합니다.{nl}(누적 실패에 따른 확률 보정은 강화 성공시 초기화됩니다.){nl}  - 인챈트 : 장비 레벨에 맞는 가디스 인챈트 쥬얼을 사용하여 인챈트 옵션을 부여할 수 있습니다.{nl}  - 초월 : 여신의 축복석을 사용하여 해당 장비의 초월 단계를 증가시킬 수 있습니다. 초월 단계는 10이 최대입니다. {nl}  - 진화 : {#22aaff}여신의 증표, 여신의 축복석, 장비의 제작 재료, 장비 레벨에 맞는 진화석{/}을 사용하여 가디스 등급 무기를 진화시킵니다{nl}(단, 방어구는 진화할 수 없으며, 진화하려는 가디스 등급 무기는 초월 단계가 10이어야 합니다.){nl}{#22aaff}진화 시 무기의 기본 공격력의 5%가 상승{/}하며, 무기 외형에 진화 이펙트가 추가됩니다.{nl} {nl}{s20}각인{nl} {s18}- 각인 저장 : 장착하고 있는 가디스 등급 장비의 랜덤 옵션을 각인에 저장합니다.{nl}각인 저장에는 {#ffff11}장비 레벨에 맞는 각인석이 사용{/}되며, 저장 시도마다 최소 1개를 필요로 합니다.{nl}  - 각인 부여 : 저장된 각인을 장착 중인 장비에 부여합니다. 각인 부여 시 여신의 증표가 소모됩니다.{nl}  - 아이커 : Lv.430 방어구 랜덤 옵션 아이커, 가디스 아이커를 각인에 저장합니다. 100%확률로 저장되며 {#ffff11}저장 시 아이커는 소멸{/}합니다.{nl} {nl}{s20}소켓 관리{nl}{s18}  - 방어구 : 총 2개의 일반 소켓을 개방할 수 있습니다. 일반 소켓 개방에는 여신의 증표가 소모됩니다.{nl}  - 무기 : 총 2개의 일반 소켓과 1개의 에테르 젬 소켓을 개방할 수 있습니다.{nl}일반 소켓 개방에는 여신의 증표가 소모되며, 에테르 젬 소켓은 장비 레벨에 알맞는 	UI_20210809_004760	{@st61}{s24}Gestión de Equipo de Diosa{/}{s18}{nl} {nl}{s20}Forjar{nl} {s18}- Mejorar : Puedes intentar mejorar usando {#ffff11}Ingredientes del equipo y el Token de Diosa como ingrediente básico{/}, y {#ffff11}aumentar la probabilidad de mejora usando Ayuda de Mejora como ingrediente adicional.{nl}El valor de mejora no disminuye al fallar y la Probabilidad Ajustada aumenta según el número total de fallos.{nl}(La Probabilidad Ajustada se reinicia cuando la mejora tiene éxito.){nl}  - Encantar : Aplica estadísticas de encantamiento usando la Joya de Encantamiento de Diosa con el nivel de equipo apropiado.{nl}  - Trascendencia : Aumenta la etapa de trascendencia del equipo consumiendo Gema Bendita de la Diosa. La etapa máxima de Trascendencia es 10. {nl}  - Evolucionar : Usa {#22aaff}Token de Diosa, Gema Bendita de la Diosa, Ingrediente del equipo, y Piedra de Evolución con el nivel de equipo apropiado{/} para evolucionar el arma de rango Diosa{nl}(Sin embargo, las armaduras no pueden evolucionar y la etapa de Trascendencia del arma de rango Diosa a evolucionar debe ser 10.){nl}El {#22aaff}ataque básico del arma aumenta un 5% al evolucionar{/} y el efecto de evolución se aplica a la apariencia del arma.{nl} {nl}{s20}Grabar{nl} {s18}- Guardar Grabado : Puedes guardar la estadística aleatoria del equipo de rango Diosa equipado en el grabado.{nl}{#ffff11}Se usa la Piedra de Grabado del nivel de equipo apropiado{/} para guardar el grabado y se requiere al menos una piedra por intento.{nl}  - Aplicar Grabado : Aplica el grabado guardado al equipo actual. Se consume Token de Diosa al aplicar el grabado.{nl}. - Ichor : Puedes guardar el Ichor de Estadística Aleatoria de Armadura Nv.430 como grabado. Esto se guardará con 100% de probabilidad y {#ffff11}el ichor de estadística aleatoria guardado será destruido{/}.{nl} {nl}{s20}Engarce{nl}{s18}  - Armadura : Se pueden abrir 2 engarces normales. Se consume Token de Diosa para abrir un engarce normal.{nl}. - Arma: Se pueden abrir 2 engarces normales y 1 engarce de Gema Aether.{nl}Se consume Token de Diosa para abrir un engarce normal y el engarce de Gema Aether se puede abrir con un nivel de equipo apropiado	{@st61}{s24}가디스 장비 관리 시스템{/}{s18}{nl} {nl}{s20}재련{nl} {s18}- 강화 : {#ffff11}장비의 제작 재료와 여신의 증표를 기본 재료{/}로 강화를 시도할 수 있으며, {#ffff11}추가 재료로 강화 보조제를 사용하여 강화 확률을 상승{/}시킬 수 있습니다.{nl}강화 실패시 강화 수치가 하락하지 않으며, 누적 실패 횟수에 따른 확률 보정이 증가합니다.{nl}(누적 실패에 따른 확률 보정은 강화 성공시 초기화됩니다.){nl}  - 인챈트 : 장비 레벨에 맞는 가디스 인챈트 쥬얼을 사용하여 인챈트 옵션을 부여할 수 있습니다.{nl}  - 초월 : 여신의 축복석을 사용하여 해당 장비의 초월 단계를 증가시킬 수 있습니다. 초월 단계는 10이 최대입니다. {nl}  - 진화 : {#22aaff}여신의 증표, 여신의 축복석, 장비의 제작 재료, 장비 레벨에 맞는 진화석{/}을 사용하여 가디스 등급 무기를 진화시킵니다{nl}(단, 방어구는 진화할 수 없으며, 진화하려는 가디스 등급 무기는 초월 단계가 10이어야 합니다.){nl}{#22aaff}진화 시 무기의 기본 공격력의 5%가 상승{/}하며, 무기 외형에 진화 이펙트가 추가됩니다.{nl} {nl}{s20}각인{nl} {s18}- 각인 저장 : 장착하고 있는 가디스 등급 장비의 랜덤 옵션을 각인에 저장합니다.{nl}각인 저장에는 {#ffff11}장비 레벨에 맞는 각인석이 사용{/}되며, 저장 시도마다 최소 1개를 필요로 합니다.{nl}  - 각인 부여 : 저장된 각인을 장착 중인 장비에 부여합니다. 각인 부여 시 여신의 증표가 소모됩니다.{nl}  - 아이커 : Lv.430 방어구 랜덤 옵션 아이커를 각인에 저장합니다. 100%확률로 저장되며 {#ffff11}저장 시 랜덤 옵션 아이커는 소멸{/}합니다.{nl} {nl}{s20}소켓 관리{nl}{s18}  - 방어구 : 총 2개의 일반 소켓을 개방할 수 있습니다. 일반 소켓 개방에는 여신의 증표가 소모됩니다.{nl}  - 무기 : 총 2개의 일반 소켓과 1개의 에테르 젬 소켓을 개방할 수 있습니다.{nl}일반 소켓 개방에는 여신의 증표가 소모되며, 에테르 젬 소켓은 장비 레벨에 알맞는 	
UI_20220823_005356	{@st42}{s24}{#33ff33}Probabilidad Ajustada por Fallo:{/}{/}{/}	{@st42}{s24}{#33ff33}누적 실패 보정:{/}{/}{/}	UI_20210809_004779	{@st42}{s24}Probabilidad Ajustada por Fallo:{/}{/}	{@st42}{s24}누적 실패 보정:{/}{/}	
UI_20220823_005357	Seleccionar Parte a guardar	저장 부위 선택				
UI_20220823_005358	{@sti1c}{s18} - Solo se pueden guardar como grabado {#aa9911}el Ichor de Estadística Aleatoria de Armadura Nv.430, Ichor de Diosa{/}.{nl} {nl}  - No se requiere Piedra de Grabado al guardar {#aa991}el Ichor de Estadística Aleatoria de Armadura Nv.430, Ichor de Diosa{/} y se guarda con 100% de probabilidad.{/}	{@sti1c}{s18} - {#aa9911}Lv.430 방어구 랜덤 옵션 아이커, 가디스 아이커{/}만 각인에 저장할 수 있습니다.{nl} {nl}  -{#aa991}Lv.430 방어구 랜덤 옵션 아이커, 가디스 아이커{/}를 각인에 저장할 때에는 각인석이 필요하지 않으며, 100% 확률로 저장 됩니다.{/}	UI_20210809_004801	{@sti1c}{s18} - Solo se puede guardar como grabado {#aa9911}el Ichor de Estadística Aleatoria de Armadura Nv.430{/}.{nl} {nl}  - No se requiere Piedra de Grabado al guardar {#aa991}el Ichor de Estadística Aleatoria de Armadura Nv.430{/} y se guarda con 100% de probabilidad.{/}	{@sti1c}{s18} - {#aa9911}Lv.430 방어구 랜덤 옵션 아이커{/}만 각인에 저장할 수 있습니다.{nl} {nl}  -{#aa991}Lv.430 방어구 랜덤 옵션 아이커{/}를 각인에 저장할 때에는 각인석이 필요하지 않으며, 100% 확률로 저장 됩니다.{/}	
UI_20220823_005359	{@sti1c}{s17}※Condición para la Sucesión{nl} - Equipo Leyenda Nv.440{nl}   ** TRA 8 o superior{nl}- Equipo de Rango Diosa (MEJ 20 o superior){nl} {nl}※Estadística y valor que se pueden transferir{nl} - Arma/Armadura Leyenda Nv.440 con valor MEJ 10 o menor o TRA 9 o menor{nl}   **No se puede transferir{nl} - Arma/Armadura Leyenda Nv.440 con valor MEJ 11 o superior o TRA 10 o superior{nl}   **Transfiere el 66% de [MEJ], [Estadística de Encantamiento] {nl} - Accesorio Leyenda Nv.440, Equipo de Rango Diosa{nl}   **Transfiere el 50% de [MEJ]{nl} {nl} {nl}{#11cc88} ※El valor máximo de MEJ transferido al suceder Arma/Armadura Leyenda Nv.440 es 14.{nl} ※ Se otorgará Ayuda de Mejora [Nv.460] para equipo con valor MEJ 21 o superior al suceder Arma/Armadura Leyenda Nv.440. {nl}{/}{/}{nl}{@sti1c}{s17}{#FF0000}La Apariencia del Arma también se sucede si el tipo de arma es el mismo.{/}{/}{/}	{@sti1c}{s17}※계승 가능 조건{nl} - Lv.440 레전드 등급 장비  **초월 단계 8이상{nl}- 가디스 등급 장비(20강 이상) {nl} {nl}※계승 시 이전되는 옵션 및 수치{nl} - Lv.440 레전드 등급 강화 수치 +11 미만 또는 초월 단계 10미만인 무기/방어구 {#FF0000}**이전되지 않음{/}{nl} - Lv.440 레전드 등급 강화 수치 +11 이상, 초월 단계 10인 무기/방어구{nl}   {#FF0000}**[강화], [인챈트 옵션] 각 66.6% 이전{/}{nl} - Lv.440 레전드 등급 액세서리, 가디스 등급 장비{#FF0000}(20강 이상){/}{nl}   {#FF0000}**[강화] 50% 이전{/}{nl} {nl} {nl}{#11cc88} ※Lv.440 레전드 등급 무기/방어구 계승 시 이전되는 강화 수치는 최대 +14입니다.{nl} ※Lv.440 레전드 등급 무기/방어구 계승 시 강화 수치가 +21을 초과하는 장비는 [Lv.460] 강화 보조제(거래불가)가 지급됩니다. {nl}{/}{/}{nl}{@sti1c}{s17}{#FF0000}무기의 종류가 같다면 외형변경 효과도 계승됩니다.{/}{/}{/}	UI_20220204_005143	{@sti1c}{s17}※Condición para la Sucesión{nl} - Equipo Leyenda Nv.440{nl}   ** TRA 8 o superior{nl} {nl}※Estadística y valor que se pueden transferir{nl} - Arma/Armadura Leyenda Nv.440 con valor MEJ 10 o menor o TRA 9 o menor{nl}   **No se puede transferir{nl} - Arma/Armadura Leyenda Nv.440 con valor MEJ 11 o superior o TRA 10 o superior{nl}   **Transfiere el 66% de [MEJ], [Estadística de Encantamiento] {nl} - Accesorio Leyenda Nv.440{nl}   **Transfiere el 50% de [MEJ]{nl} {nl} {nl}{#11cc88} ※El valor máximo de MEJ transferido al suceder Arma/Armadura Leyenda Nv.440 es 14.{nl} ※ Se otorgará Ayuda de Mejora [Nv.460] para equipo con valor MEJ 21 o superior al suceder Arma/Armadura Leyenda Nv.440. {nl}{/}{/}	{@sti1c}{s17}※계승 가능 조건{nl} - Lv.440 레전드 등급 장비{nl}   **초월 단계 8이상{nl} {nl}※계승 시 이전되는 옵션 및 수치{nl} - Lv.440 레전드 등급 강화 수치 +11 미만 또는 초월 단계 10미만인 무기/방어구{nl}   **이전되지 않음{nl} - Lv.440 레전드 등급 강화 수치 +11 이상, 초월 단계 10인 무기/방어구{nl}   **[강화], [인챈트 옵션] 각 66.6% 이전{nl} - Lv.440 레전드 등급 액세서리{nl}   **[강화] 50% 이전{nl} {nl} {nl}{#11cc88} ※Lv.440 레전드 등급 무기/방어구 계승 시 이전되는 강화 수치는 최대 +14입니다.{nl} ※Lv.440 레전드 등급 무기/방어구 계승 시 강화 수치가 +21을 초과하는 장비는 [Lv.460] 강화 보조제(거래불가)가 지급됩니다. {nl}{/}{/}	
UI_20220823_005360	{@st43}{s24}Guía Obligatoria	{@st43}{s24}필수 가이드				
UI_20220823_005361	{@st59}Cerrar la Guía Obligatoria{/}	{@st59}필수 가이드를 닫습니다{/}				
UI_20220823_005362	Completa la Última Revelación - Finaliza la Misión avanzando en la misión del Episodio 12-1,{nl}y recibe las Recompensas del Episodio	Episode 12 - 1 퀘스트를 통해 마지막 계시 - 사명의 완성 이야기를 진행하고,{nl}에피소드 클리어 보상을 획득하세요				
UI_20220823_005363	{@st63}{s18}Recompensa de Completado	{@st63}{s18}완료 보상				
UI_20220823_005364	{@st66d_y}{s18}Número actual abierto: %s{/}{/}	{@st66d_y}{s18}현재 개봉 횟수: %s{/}{/}				
UI_20220823_005365	Límite de Mazmorra	던전 제한				
UI_20220823_005366	{@st59}Recibe todas las recompensas en el mensaje seleccionado.{/}	{@st59}선택한 메세지의 보상을 일괄 수령합니다.{/}				
UI_20220823_005367	{@st41b}{s18}Seleccionar desde el Almacén de Equipo	{@st41b}{s18}보관함에서 선택				
UI_20220823_005368	{@st41b}{s18}Reiniciar	{@st41b}{s18}재설정				
UI_20220823_005369	{@st41b}{s18}Confirmar	{@st41b}{s18}결정				
UI_20220823_005370	{@st41}{s20}Seleccionar Clase Particular	{@st41}{s20}세부 클래스 선택하기				
UI_20220823_005371	{@st59}Tree of Savior es un juego donde combinas 3 clases particulares {nl}para hacer crecer a tu propio personaje.{nl}Puedes elegir la combinación de clases recomendada abajo{nl}o combinarlas según tu elección haciendo clic en el botón de la esquina inferior derecha.{/}	{@st59}트리 오브 세이비어는 총 3개의 세부 클래스를 조합하여{nl}자신만의 캐릭터를 육성하는 게임입니다.{nl}준비된 클래스의 수가 많으므로, 아래 제시되는 추천 조합을 선택하시거나,{nl}오른쪽 하단의 수동 선택 버튼을 눌러 직접 구성하실 수 있습니다.{/}				
UI_20220823_005372	{@st59}Detalles{/}	{@st59}설명{/}				
UI_20220823_005373	{@sti1c}{s16}Detalles de Clase {img js_icon_detail 22 20}{/}{/}	{@sti1c}{s16}클래스 세부 정보 {img js_icon_detail 22 20}{/}{/}				
UI_20220823_005374	{@sti1c}{s16}Combinación de Clase {img js_icon_list 22 20}{/}{/}	{@sti1c}{s16}클래스 구성 {img js_icon_list 22 20}{/}{/}				
UI_20220823_005375	{@sti1c}{s16}Vista Previa {img js_icon_preview 22 20}{/}{/}	{@sti1c}{s16}미리 보기 {img js_icon_preview 22 20}{/}{/}				
UI_20220823_005376	{@st41}{s20}Seleccionar{/}{/}	{@st41}{s20}선택 완료하기{/}{/}				
UI_20220823_005377	{@s41}{s16}Regresar{/}{/}	{@s41}{s16}돌아가기{/}{/}				
UI_20220823_005378	Detalles del Vale de Creación Especial	스페셜 생성권 사용 안내				
UI_20220823_005379	{@st59}El Vale de Creación Especial es un vale especial de salto que se otorga solo una vez durante el período.{nl}Por favor úsalo con cuidado.{/}	{@st59}스페셜 생성권은 기간 한정으로 1회 제공하는 특수한 점핑권입니다.{nl}사용하실 때 유의하여 사용해주시길 바랍니다.{/}				
UI_20220823_005380	{@st59}Si cierras la ventana, aparecerá de nuevo al volver a iniciar sesión.{/}	{@st59}창을 닫을 경우, 재접속 시 팝업 됩니다.{/}				
UI_20220823_005381	Vale de Creación Especial	스페셜 생성권				
UI_20220823_005382	{@ps1_3}{s16}El Vale de Creación Especial es una oportunidad especial{nl}para crear un personaje especial durante el período.{nl}Puedes seleccionar una combinación de clases{nl}que generalmente hace el juego más agradable.{nl} {nl} El equipo y la configuración{nl}adecuados para la clase seleccionada ya están listos.{nl}Se recomienda para todos los usuarios.{/}{/}	{@ps1_3}{s16}스페셜 생성권은 기간 한정으로 제공되는{nl}특별한 캐릭터 생성 기회이며,{nl}일반적으로 게임을 즐기는데 적합한 클래스 조합들{nl}중 하나를 선택하실 수 있습니다.{nl} {nl}Lv460 의 캐릭터와,{nl}선택하신 클래스 조합에 필요한 적정 수준의{nl}장비와 셋팅이 모두 완료되어 있습니다.{nl}모든 유저에게 추천합니다.{/}{/}				
UI_20220823_005383	{@st41}{s22}Usar Vale de Creación Especial{/}{/}	{@st41}{s22}스페셜 생성권을 사용{/}{/}				
UI_20220823_005384	Crear Normalmente	일반 생성				
UI_20220823_005385	{@ps1_3}{s16}Crea el personaje de forma normal.{nl}Para usar el Vale de Creación Especial después,{nl}necesitas crear un nuevo personaje.{nl} {nl}Te recomendamos usar el Vale de Creación Especial{nl}si no estás familiarizado con el juego.{/}{/}	{@ps1_3}{s16}기존의 방식대로 캐릭터를 생성합니다.{nl}이후 스페셜 생성권을 사용하기 위해선{nl}캐릭터를 새로 생성해야만 합니다.{nl} {nl}아직 게임에 익숙하지 않다면{nl}스페셜 생성권 사용을 권장합니다.{/}{/}				
UI_20220823_005386	{@st41}{s22}No Usar	{@st41}{s22}사용하지 않음				
UI_20220823_005387	Pergamino de Eliminación de Vínculo de Equipo Reservoir/Falouros 	변질자, 팔로우로스 장비 귀속 해제 스크롤				
UI_20220823_005388	{@st41b}{s18}  Estadística Aleatoria	{@st41b}{s18}  랜덤 옵션	UI_20210318_004714	{@st41b}{s18}  Ichor Aleatorio	{@st41b}{s18}  랜덤 아이커	
UI_20220823_005389	{@st42}{s16}Actual:{/}{/}	{@st42}{s16}현재 보유량{/}{/}				
UI_20220823_005390	Carbonero Colilargo{nl}que usa el pico como herramienta principal de ataque	부리를 주력으로{nl}사용하는 오목눈이				
UI_20220823_005391	Probar el Traje de Clase	직업 코스튬 입어보기				
UI_20220823_005392	Completa todas las misiones del Episodio 12-1	에피소드 12 - 1 퀘스트를 모두 완료하기				
UI_20220930_005393	Registrar Traje	코스튬 등록				
UI_20220930_005394	{@st66b}{s14}※{#ff0100}El objeto registrado será destruido{/},{nl}y al hacer clic derecho en el objeto en la colección,{nl}puedes crear este traje{nl}con un estado {#0001ff}vinculado al equipo{/}.	{@st66b}{s14}※{#ff0100}등록에 사용된 아이템은 소멸{/}되며,{nl}코스튬 컬렉션에서 우클릭 시{nl}해당 코스튬 아이템을{nl}{#0001ff}팀 귀속 상태로 생성{/}할 수 있습니다.				
UI_20220930_005395	{@st59}Apariencia de Arma{/}	{@st59}무기 외형{/}				
UI_20220930_005396	{@st59}Abrir Registro de Trajes.{/}	{@st59}코스튬 등록 창을 엽니다.{/}				
UI_20221125_005397	{@st43}Cambio de Clase	{@st43}클래스 변경				
UI_20221125_005398	Transmutar Estadística del Objeto	아이템 옵션 연성				
UI_20221125_005399	{@st41b}{s18}Transmutación	{@st41b}{s18}연성 시도				
UI_20221125_005400	{@st66b}* Al transmutar, la estadística aumenta en un 1% del valor máximo de la estadística objetivo. {nl}El material requerido aumenta a medida que aumenta el número de intentos de transmutación.{/}	{@st66b}* 연성 시, 대상 옵션의 최댓값의 1%만큼 능력치가 상승합니다. {nl}연성 횟수가 증가할수록 요구 재료량이 증가합니다.{/}				
UI_20221125_005401	{@st66b}{s16}Hombrera	{@st66b}{s16}어깨보호구				
UI_20221125_005402	{@st59}Hombrera de la Ferocidad{/}	{@st59}맹렬의 어깨보호구{/}				
UI_20221125_005403	{@st43}Heredar Nivel de Carta de Diosa{/}	{@st43}가디스 카드 레벨 전승{/}				
UI_20221125_005404	{@st59}Cerrar{/}	{@st59}가디스 카드 레벨 전승을 닫습니다{/}	UI_20220426_005249	{@st59}Cerrar{/}	{@st59}여신 카드 레벨 전승을 닫습니다{/}	
UI_20221125_005405	Heredar Nivel de Carta de Diosa	가디스 카드 레벨 전승				
UI_20221125_005406	{#ff0000}※ El nivel de la carta original se conservará al heredar el nivel de la carta de Diosa.	{#ff0000}※ 가디스 카드 레벨 전승 시 원본 카드의 레벨은 유지됩니다.	UI_20220426_005251	{#ff0000}※ El nivel de la carta original se conservará al heredar el nivel de la carta de Diosa.	{#ff0000}※ 여신 카드 레벨 전승 시 원본 카드의 레벨은 유지됩니다.	
UI_20221125_005407	{@st43b}{s24}Ranura de Carta de Diosa	{@st43b}{s24}가디스 카드 슬롯	UI_20210115_004575	{@st43b}{s24}Siguiendo a la Diosa	{@st43b}{s24}여신 추종	
UI_20221125_005408	Batalla de Bloqueo de Giltine	길티네 봉쇄전	ETC_20150317_007162	Giltine	길티네	
UI_20221125_005409	{@st66b}Baubas{/}	{@st66b}바우바스{/}				
UI_20221125_005410	Batalla de Bloqueo de Baubas	바우바스 봉쇄전				
UI_20221125_005411	{@st41}{s22}Cambio de Clase	{@st41}{s22}클래스 변경				
UI_20221125_005412	{@st41}{s22}Cambiar{/}{/}{nl}	{@st41}{s22}변경{/}{/}{nl}				
UI_20221125_005413	Seleccionar Todo	모두선택				
UI_20221125_005414	{@st41}{s18} Filtro{/}{/} {@st66b}{s20}| {/}{/}{@st45ty}{s18}Tipo{/}{/}	{@st41}{s18} 필터{/}{/} {@st66b}{s20}| {/}{/}{@st45ty}{s18}종류{/}{/}				
UI_20221125_005415	{@st41}{#78FAFF}Cian{/}	{@st41}{#78FAFF}시안{/}				
UI_20221125_005416	{@st41}{#f562ed}Magenta{/}{/}	{@st41}{#f562ed}마젠타{/}{/}				
UI_20221125_005417	{@st45}{s18}Negro{/}{/}	{@st45}{s18}블랙{/}{/}				
UI_20221125_005418	{@st41}{s18} Filtro{/}{/} {@st66b}{s20}| {/}{/}{@st45ty}{s18}Rango{/}{/}	{@st41}{s18} 필터{/}{/} {@st66b}{s20}| {/}{/}{@st45ty}{s18}등급{/}{/}				
UI_20221125_005419	{@st41}{#FFA800}Leyenda{/}	{@st41}{#FFA800}레전드{/}				
UI_20221125_005420	{@st41}{#78FAFF}Diosa{/}{/}	{@st41}{#78FAFF}가디스{/}{/}				
UI_20221125_005421	{@st66b}{s20}Instantánea{/}	{@st66b}{s20}클래스 스냅샷{/}				
UI_20221125_005422	{@st59}Inicia la configuración de Instantánea.{/}	{@st59}스냅샷 설정을 시작합니다.{/}				
UI_20221125_005423	Pergamino de Gema de Habilidad	스킬 젬 변환 스크롤				
UI_20221125_005424	Establecer Instantánea de Clase	스킬 스냅샷 설정하기				
UI_20221125_005425	{@st59}Cerrar{/}	{@st59}스냅샷 설정 창을 닫습니다{/}				
UI_20221125_005426	{@st41}{s20}Total: {@st45ty}{s22}%s{@st41}{s20}/30{/}	{@st41}{s20}전체: {@st45ty}{s22}%s{@st41}{s20}/30{/}				
UI_20221125_005427	{@st41}{s18}*Ingresa el nombre del conjunto y haz clic en guardar.{/}{/}	{@st41}{s18}*프리셋 명을 입력 후,저장버튼을 눌러주세요.{/}{/}				
UI_20221125_005428	{@st41}{s20}Entrar{/}{/}	{@st41}{s20}입력창{/}{/}				
UI_20221125_005429	Guardar	프리셋 저장				
UI_20221125_005430	Puntos de Habilidad/Atributo Distribuidos (Total: {@st45ty}{s18}%s{/}{/} puntos de habilidad distribuidos)	스킬 및 특성포인트 투자 정보(총: {@st45ty}{s18}%s{/}{/} 스킬 포인트 투자)				
UI_20221125_005431	Cambiar Nombre	프리셋 이름변경				
UI_20221125_005432	Aplicar Conjunto	프리셋 적용				
UI_20221125_005433	Eliminar Conjunto	프리셋 삭제				
UI_20221125_005434	{@st59}Hombrera{/}	{@st59}어깨보호구{/}				
UI_20221125_005435	{@st59}Guardar como instantánea de clase{/}	{@st59}프리셋으로 저장합니다{/}				
UI_20221125_005436	Ver/Guardar	보기/저장				
UI_20221125_005437	{@st59}Verifica habilidades e info de atributos.{/}	{@st59}스킬 및 특성 정보를 확인합니다.{/}				
UI_20221125_005438	{@st66b}{s18}Conj. %s{/}{/}	 {@st66b}{s18}프리셋.%s{/}{/}				
UI_20221125_005439	Selecciona la clase a cambiar	변경 할 직업선택				
UI_20221125_005440	Habilidad/Atributo	스킬/특성 명				
UI_20230130_005441	Antes de alcanzar el {@st42b}{#ffd800}{s18}nivel máximo(%s),{nl}puedes usar esto sin costo alguno.{/}	{@st42b}{#ffd800}{s18}최고 레벨(%s)을 달성하기 전까지{nl} 자유롭게 이용 가능합니다.{/}				
UI_20230130_005442	Los accesorios vinculados al personaje creados desde el Almacén de Equipo{nl} pueden cambiar de tipo desde la {#FF0000}[ventana de Gestión de Equipo de Diosa]{/}.	장비 보관함에서 생성된 장신구(캐릭터 귀속)는{nl} {#FF0000}[가디스 장비 관리창]{/}에서 계열 변경이 가능합니다.				
UI_20230130_005443	{@st43}{s24}Transferir Nivel de Carta Leyenda	{@st43}{s24}레전드 카드 레벨 이전				
UI_20230130_005444	{@st59}Cerrar{/}	{@st59}레전드 카드 레벨 이전 창을 닫습니다{/}				
UI_20230130_005445	{#ff0000}※ Al transferir el nivel de la Carta Leyenda, su nivel se reiniciará a 1.	{#ff0000}※ 레전드 카드 레벨 이전 시 원본 카드의 레벨은 초기화됩니다.				
UI_20230130_005446	{@st41b}Transferir{/}	{@st41b}이전{/}				
UI_20230130_005447	{@st43}{s24}Transmutar Sello de Jurate	{@st43}{s24}유라테 인장 연성				
UI_20230130_005448	{@st59}Cerrar{/}	{@st59}유라테 인장 연성 창을 닫습니다{/}				
UI_20230130_005449	Sello de Material	재료 인장				
UI_20230130_005450	Sello de Jurate	유라테 인장				
UI_20230130_005451	{@st41b}Transmutar{/}	{@st41b}연성{/}				
UI_20230130_005452	{@st66b}Incursión de Jefe del Gremio	{@st66b}길드 보스 레이드				
UI_20230130_005453	{@st66b}Misión del Gremio{/}	{@st66b}길드 미션{/}				
UI_20230130_005454	{@st66b}Batalla de Bloqueo{/}	{@st66b}봉쇄전{/}				
UI_20230130_005455	{@st66d}Completado Automático	{@st66d}자동 소탕				
UI_20230130_005456	{s17}{#050505}Completado Automático	{s17}{#050505}자동 소탕				
UI_20230130_005457	{@st41}{#ffd800}{s18}Reiniciar Estadística{/}	{@st41}{#ffd800}{s18}스텟 초기화{/}				
UI_20230130_005458	{@st59}La estadística se reinicia.{/}	{@st59}스텟 초기화를 진행합니다.{/}				
UI_20230130_005459	{@st100white_16}Si haces clic en la región mientras mantienes presionada la tecla Shift, puedes usar el Viaje por Token.	{@st100white_16}키보드의 Shift 키를 누른 상태에서 지역을 클릭하면 토큰 이동을 이용할 수 있습니다.	UI_20200826_004491	{@st100white_16}Si haces clic en la región mientras mantienes presionada la tecla shift, puedes usar el Viaje por Token.	{@st100white_16}키보드의 쉬프트 키를 누른 상태에서 지역을 클릭하면 토큰 이동을 이용할 수 있습니다.	
UI_20230130_005460	Ingresar Código de Transferencia	이관코드 입력				
UI_20230130_005461	{@st43}{s30}{#f0dcaa}¡Ingresa el Código de Transferencia!	{@st43}{s30}{#f0dcaa}이관 코드 입력!				
UI_20230130_005462	{@st59}Cerrar{/}	{@st59}이관 코드 입력을 닫습니다{/}				
UI_20230130_005463	{@st59}Transfiere el equipo según el código ingresado{/}	{@st59}입력한 코드로 팀을 이관합니다{/}				
UI_20230130_005464	{@st41b}Ingresar Código de Transferencia{/}	{@st41b}이관 코드 입력{/}				
UI_20230130_005465	{@st59}Abrir Ventana de Código de Transferencia{/}	{@st59}이관 코드 창을 엽니다{/}				
UI_20230130_005466	{@st41}{#ffd800}{s18}Reiniciar{/}	{@st41}{#ffd800}{s18}스킬 초기화{/}				
UI_20230130_005467	{@st59}La habilidad se reinicia. *Gratis si el nivel del personaje no es el máximo{/}	{@st59}스킬 초기화를 진행합니다. *캐릭터 최대 레벨이 아닐 경우 무료{/}				
UI_20230130_005468	{@st41}{#ffd800}{s18}Reiniciar{/}	{@st41}{#ffd800}{s18}특성 초기화{/}				
UI_20230130_005469	{@st59}El atributo se reinicia. *Gratis si el nivel del personaje no es el máximo{/}	{@st59}특성 초기화를 진행합니다. *캐릭터 최대 레벨이 아닐 경우 무료{/}				
UI_20230308_005470	%s %s Actual:{@st66d_y}%s{/}	%s  보유 %s:{@st66d_y}%s{/}	UI_20200710_004355	%s Actual:{@st66d_y}%s{/}	보유 %s:{@st66d_y}%s{/}	
UI_20230308_005471	{@st59}Menú{/}	{@st59}전체 메뉴{/}				
UI_20230308_005472	Límite Semanal de Adquisición de Insignia de Mercenario {img green_up_arrow 16 16}100,000	용병단 증표 주간 획득량 제한 {img green_up_arrow 16 16}100,000				
UI_20230308_005473	Límite Máx. de Posesión de Monedas TOS {img green_up_arrow 16 16}40,000	TOS 주화 최대 보유량 제한 {img green_up_arrow 16 16}40,000				
UI_20230308_005474	Moneda TOS obtenida {img green_up_arrow 14 14}150%	TOS 주화 획득량 {img green_up_arrow 14 14}150%				
UI_20230313_005475	Antes de alcanzar el {@st42b}{#ffd800}{s18}nivel máximo(%s), puedes usar esto sin costo alguno.{/}	{@st42b}{#ffd800}{s18}최고 레벨(%s)을 달성하기 전까지, 자유롭게 이용 가능합니다.{/}			
UI_20230424_005476	{@st59}Establecer idioma de traducción objetivo{/}	{@st59}번역 목표 언어 설정{/}				
UI_20230424_005477	{@st43}Transmutación de Habilidad{/}	{@st43}스킬 연성{/}				
UI_20230424_005478	{@st59}Cerrar{/}	{@st59}바카리네 스킬 연성 창을 닫습니다.{/}				
UI_20230424_005479	{@st59b}{s20}Sistema de Transmutación de Habilidad{/}{nl}{@st59s} {nl} - Encanta una habilidad aleatoria en una Armadura de Diosa [Nv.480].({#ffe400}(Advertencia){/}) Mostrar. {nl} - {#ffe400} Se proporcionará un máximo de 1 ranura de encantamiento.{/}	{@st59b}{s20}스킬 연성 시스템{/}{nl}{@st59s} {nl} - [Lv.480] 이상의 가디스 방어구 아이템에 랜덤 스킬 인챈트를 부여합니다.({#ffe400}(주의사항){/})을 보여줍니다. {nl} - {#ffe400}최대 1개의 인챈트 슬롯이 주어집니다.{/}				
UI_20230424_005480	Seleccionar 1 (Original)	선택 1 (기존)				
UI_20230424_005481	[Actual]	[현재]				
UI_20230424_005482	{@st41}{s22}Conservar{/}{/}{nl}	{@st41}{s22}유지{/}{/}{nl}				
UI_20230424_005483	Seleccionar 2 (Añadir)	선택 2 (추가)				
UI_20230424_005484	[Cambio disponible]	[변경 가능]				
UI_20230424_005485	{@st66d}{s20}Transmutación de Habilidad{/}	{@st66d}{s20}스킬 연성{/}				
UI_20230424_005486	{@sti1c}{s17}※Condición para la Sucesión{nl} - Equipo Leyenda Nv.440{nl}   ** TRA 8 o superior{nl}- Equipo de Rango Diosa (MEJ 20 o superior){nl} {nl}※Estadística y valor que se pueden transferir{nl} - Arma/Armadura Leyenda Nv.440 con valor MEJ 10 o menor o TRA 9 o menor {#FF0000}**No se puede transferir{nl} - Arma/Armadura Leyenda Nv.440 con valor MEJ 11 o superior o TRA 10 o superior{nl}  {#FF0000}**Transfiere el 66% de [MEJ], [Estadística de Encantamiento] {nl} - Accesorio Leyenda Nv.440, Equipo de Rango Diosa Nv.460 o superior{#FF0000}(MEJ 20 o superior){/}{nl}  {FF0000}**Transfiere el 50% de [MEJ]{/}{nl}- Equipo de Diosa de Crecimiento{FF0000}{ENH 20}{/}{nl}  {#FF0000}**[MEJ] No se puede transferir{/} {nl}{#11cc88} ※El valor máximo de MEJ transferido al suceder Arma/Armadura Leyenda Nv.440 es 14.{nl} ※ Se otorgará Ayuda de Mejora [Nv.460] (No comerciable) para equipo con valor MEJ 21 o superior al suceder Arma/Armadura Leyenda Nv.440. {nl}{/}{/}{nl}{@sti1c}{s17}{#FF0000}La Apariencia del Arma también se sucede si el tipo de arma es el mismo.{/}{/}{/}	{@sti1c}{s17}※계승 가능 조건{nl} * Lv.440 레전드 등급 장비 - 초월 단계 8이상{nl}* Lv.460 이상 가디스 등급 장비 - 20강 이상 {nl}* 성장 가디스 장비(수호자 시리즈) - 20강  {nl} {nl}※계승 시 이전되는 옵션 및 수치{nl} - Lv.440 레전드 등급 강화 수치 +11 미만 또는 초월 단계 10미만인 무기/방어구 {#FF0000}**이전되지 않음{/}{nl} - Lv.440 레전드 등급 강화 수치 +11 이상, 초월 단계 10인 무기/방어구{nl}   {#FF0000}**[강화], [인챈트 옵션] 각 66.6% 이전{/}{nl} - Lv.440 레전드 등급 액세서리, Lv.460 이상 가디스 등급 장비{#FF0000}(20강 이상){/}{nl}   {#FF0000}**[강화] 50% 이전{/}{nl}- 성장 가디스 장비{#FF0000}(20강){/}{nl}   {#FF0000}**[강화] 이전되지 않음{/} {nl}{#11cc88} ※Lv.440 레전드 등급 무기/방어구 계승 시 이전되는 강화 수치는 최대 +14입니다.{nl} ※Lv.440 레전드 등급 무기/방어구 계승 시 강화 수치가 +21을 초과하는 장비는 [Lv.460] 강화 보조제(거래불가)가 지급됩니다. {nl}{/}{/}{nl}{@sti1c}{s17}{#FF0000}무기의 종류가 같다면 외형변경 효과도 계승됩니다.{/}{/}{/}	UI_20220823_005359	{@sti1c}{s17}※Condición para la Sucesión{nl} - Equipo Leyenda Nv.440{nl}   ** TRA 8 o superior{nl}- Equipo de Rango Diosa (MEJ 20 o superior){nl} {nl}※Estadística y valor que se pueden transferir{nl} - Arma/Armadura Leyenda Nv.440 con valor MEJ 10 o menor o TRA 9 o menor{nl}   **No se puede transferir{nl} - Arma/Armadura Leyenda Nv.440 con valor MEJ 11 o superior o TRA 10 o superior{nl}   **Transfiere el 66% de [MEJ], [Estadística de Encantamiento] {nl} - Accesorio Leyenda Nv.440, Equipo de Rango Diosa{nl}   **Transfiere el 50% de [MEJ]{nl} {nl} {nl}{#11cc88} ※El valor máximo de MEJ transferido al suceder Arma/Armadura Leyenda Nv.440 es 14.{nl} ※ Se otorgará Ayuda de Mejora [Nv.460] para equipo con valor MEJ 21 o superior al suceder Arma/Armadura Leyenda Nv.440. {nl}{/}{/}{nl}{@sti1c}{s17}{#FF0000}La Apariencia del Arma también se sucede si el tipo de arma es el mismo.{/}{/}{/}	{@sti1c}{s17}※계승 가능 조건{nl} - Lv.440 레전드 등급 장비  **초월 단계 8이상{nl}- 가디스 등급 장비(20강 이상) {nl} {nl}※계승 시 이전되는 옵션 및 수치{nl} - Lv.440 레전드 등급 강화 수치 +11 미만 또는 초월 단계 10미만인 무기/방어구 {#FF0000}**이전되지 않음{/}{nl} - Lv.440 레전드 등급 강화 수치 +11 이상, 초월 단계 10인 무기/방어구{nl}   {#FF0000}**[강화], [인챈트 옵션] 각 66.6% 이전{/}{nl} - Lv.440 레전드 등급 액세서리, 가디스 등급 장비{#FF0000}(20강 이상){/}{nl}   {#FF0000}**[강화] 50% 이전{/}{nl} {nl} {nl}{#11cc88} ※Lv.440 레전드 등급 무기/방어구 계승 시 이전되는 강화 수치는 최대 +14입니다.{nl} ※Lv.440 레전드 등급 무기/방어구 계승 시 강화 수치가 +21을 초과하는 장비는 [Lv.460] 강화 보조제(거래불가)가 지급됩니다. {nl}{/}{/}{nl}{@sti1c}{s17}{#FF0000}무기의 종류가 같다면 외형변경 효과도 계승됩니다.{/}{/}{/}	
UI_20230424_005487	Haz doble clic para revelar una casilla que te permite fijar el fotograma.	더블 클릭하면 프레임을 고정할 수 있는 체크 박스가 나타납니다.				
UI_20230424_005488	Fijar fotograma.	프레임을 고정합니다.				
UI_20230424_005489	Valor Aplicado: %s	적용될 수치: %s				
UI_20230424_005490	{@st66}Valor después de uso: %s{/}	{@st66}사용 후 변경될 수치 : %s{/}				
UI_20230424_005491	{s20}Valor actual:{#FF0000}%s{/}{/}	{s20}현재 수치:{#FF0000}%s{/}{/}				
UI_20230424_005492	{@st43}Transmutación Mágica{/}	{@st43}마력 연성{/}				
UI_20230424_005493	{@st59}Cerrar la ventana de Transmutación Mágica{/}	{@st59}마력 연성 창을 닫습니다.{/}				
UI_20230424_005494	{@st59b}{s20}Sistema de Transmutación Mágica{/}{nl}{@st59s} {nl} - Encanta una habilidad aleatoria en un Arma/Armadura de Diosa [Nv.480].({#ffe400}(Advertencia){/}) Mostrar. {nl} - {#ffe400} Se proporcionará 2 ranuras de encantamiento por equipo.{/}	{@st59b}{s20}마력 연성 시스템{/}{nl}{@st59s} {nl} - [Lv.480]가디스 무기/방어구 아이템에 스킬 인챈트를 부여합니다.({#ffe400}(주의사항){/})을 보여줍니다. {nl} - {#ffe400}장비 마다 최대2개의 인챈트 슬롯이 주어집니다.{/}				
UI_20230424_005495	{@st59}Coloca los objetos ingrediente.{/}	{@st59}재료 아이템을 올립니다.{/}				
UI_20230424_005496	Selecciona el pergamino de transmutación.	연성 스크롤을 올려주세요.				
UI_20230424_005497	Selecciona ranura	슬롯 선택				
UI_20230424_005498	{@st59}Registra el pergamino de transmutación en la ranura actual.{/}	{@st59}해당 슬롯에 연성 주문서를 등록합니다.{/}				
UI_20230424_005499	{@st66d}{s20}Transmutación{/}	{@st66d}{s20}연성{/}				
UI_20230424_005500	{@st66b}Mostrar solo chat regional{/}	{@st66b}같은 지역 채팅만 보기{/}				
UI_20230424_005501	Tras la configuración, el chat {b}{ol}Normal{/}{/}, {#dae0f}{b}{ol}Grito{/}{/}{/} de usuarios de otras regiones no se mostrará.	설정시 같은 지역의 클라이언트를 사용하지 않는 유저의 {b}{ol}일반{/}{/}, {#da6e0f}{b}{ol}외침{/}{/}{/} 채팅은 표시되지 않습니다.				
UI_20230424_005502	{@st43}{s24}Compra de TP{/}	{@st43}{s24}TP 구입{/}				
UI_20230424_005503	{@st41b}Total de Índice gastado :{/}	{@st41b}총 소모 TOC : {/}				
UI_20230424_005504	¿Confirmar compra?	구입하시겠습니까?				
UI_20230424_005505	Una vez comprado, no puedes revertirlo	구입 시 원래의 아이템으로 되돌릴 수 없습니다.				
UI_20230424_005506	Socket	젬 소켓	ETC_20150317_001758	Engarce	소켓	
UI_20230424_005507	Engarce de Habilidad	스킬 소켓				
UI_20230424_005508	{@st66d}Reiniciar{/}	{@st66d}초기화{/}				
UI_20230424_005509	Índice Actual{/}	  보유 TOC{/}				
UI_20230424_005510	Índice Comprado	  구매 TOC				
UI_20230424_005511	Índice después de la compra{/}	  구매 후 TOC{/}				
UI_20230424_005512	Índice Gastado	소비 TOC				
UI_20230424_005513	TP Obtenido	획득 TP				
UI_20230424_005514	Nombre de objeto PRUEBA 12345678	아이템 이름 TEST 12345678				
UI_20230424_005515	Requisitos	요구량				
UI_20230424_005516	Cantidad actual en la bolsa : %s	가방 내 보유량 : %s 				
UI_20230424_005517	Cantidad actual : %s	보유량 : %s				
UI_20230424_005518	Nombre1	명칭1				
UI_20230508_005519	{@st59}Se requiere Carta Leyenda Nv10.{/}	{@st59}레전드 카드 10성이 필요합니다.{/}	UI_20210115_004572	{@st59}Se requiere una Carta Leyenda Nv10 distinta a la Carta de Boruta.{/}	{@st59}보루타 카드를 제외한 레전드 카드 10성이 필요합니다.{/}
UI_20230515_005520	{@st42}Establecer diseño de HUD{/}	{@st42}HUD 스킨 설정{/}				
UI_20230516_005521	{@st66b}Ver HP/SP/STA Bajo los Personajes{/}	{@st66b}캐릭터 아래에 HP, SP, STA 보기{/}	UI_20180629_003333	{@st66b}Ver HP/SP Bajo los Personajes{/}	{@st66b}캐릭터 아래에 HP, SP 보기{/}
UI_20230516_005522	{@st66b}Mostrar cuando un miembro del gremio inicia sesión{/}	{@st66b}길드원 접속 알림 허용{/}			
UI_20230516_005523	{@st66b}Rechazar Duelo Amistoso{/}	{@st66b}친선 대결 거절{/}			
UI_20230516_005524	{@st66b}Rechazar Comercio Personal{/}	{@st66b}개인 거래 거절{/}			
UI_20230522_005525	Objeto de Tienda de TP	TP상점 아이템명					
UI_20230605_005526	{img test_cooltime 25 25}{s18}Los puntos se reinician cada 1 de enero/abril/julio/octubre, 00:00 hora del servidor.	{img test_cooltime 25 25}{s18}1월/4월/7월/10월 1일 오전 0시에 보유하고 있는 포인트가 초기화됩니다.	INTL_20191216_000377	{img test_cooltime 25 25}{s18}Los puntos se reinician cada trimestre.	{img test_cooltime 25 25}{s18}매 분기마다 포인트 초기화가 진행됩니다.	
UI_20230626_005527	Pergamino de Eliminación de Vínculo de Equipo	장비 귀속 해제 스크롤			
UI_20230626_005528	{@st66}Usar para eliminar el Vínculo de Personaje.{/}	{@st66}사용 시 캐릭터 귀속 상태가 해제됩니다.{/}			
UI_20230904_005529	{@st201}[Transferir Nivel de Mejora]{/}{/} Consume {@st66d_y}{s16}Gema Aether de un rango inferior{/}{/} para transferir el nivel de Mejora a la {@st66d_y}{s16}Gema Aether del siguiente rango{/}{/}{nl} - Solo se puede usar como material la Gema Aether del siguiente rango con {@st66d_y} {s16}nivel máximo de Mejora{/}{/}.{nl} - La Gema Aether se transferirá {@st66d_y}{s16}sin ninguna reducción en el nivel de Mejora{/}{/}.{nl} - Se puede aplicar a cualquier Gema Aether{@st66d_y}{s16}sin importar que la estadística no sea igual{/}{/} a la Gema Aether de rango inferior a consumir. 	{@st201}[강화레벨 이전]{/}{/} {@st66d_y}{s16} 한 등급 낮은 에테르 젬{/}{/}을 소비하여,{@st66d_y}{s16} 다읍 등급의 에테르 젬{/}{/}에 강화레벨 이전을 진행합니다.{nl} - {@st66d_y}{s16}최대 강화레벨에 도달한{/}{/} 에테르 젬에 한하여 재료로 사용될 수 있습니다. {nl} - 에테르 젬은{@st66d_y}{s16}강화레벨 감소 없이{/}{/} 온전히 이전됩니다.{nl} - 소비될 낮은 등급의 에테르 젬의 종류와 {@st66d_y}{s16}동일한 능력치 젬이 아니어도 제약없이 모두 적용{/}{/} 가능합니다.	UI_20220823_005326	{@st201}[Transferir Nivel de Mejora]{/}{/} Consume {@st66d_y}{s16} Gema Aether [Nv.460]{/}{/}, para transferir el nivel de Mejora a la {@st66d_y}{s16} Gema Aether [Nv.480]{/}{/}{nl} - Solo se puede usar como material la Gema Aether [Nv.460] con {@st66d_y} {s16}nivel máximo de Mejora{/}{/}.{nl} - La Gema Aether se transferirá {@st66d_y}{s16}sin ninguna reducción en el nivel de Mejora{/}{/}.{nl} - Se puede aplicar a cualquier Gema Aether{@st66d_y}{s16}sin importar que la estadística no sea igual{/}{/} al tipo de Gema Aether [Nv.460] a consumir. 	{@st201}[강화레벨 이전]{/}{/} {@st66d_y}{s16} [Lv.460] 에테르 젬{/}{/}을 소비하여,{@st66d_y}{s16} [Lv.480] 에테르 젬{/}{/}에 강화레벨 이전을 진행합니다.{nl} - {@st66d_y}{s16}최대 강화레벨에 도달한{/}{/} [Lv.460] 에테르 젬에 한하여 재료로 사용될 수 있습니다. {nl} - 에테르 젬은{@st66d_y}{s16}강화레벨 감소 없이{/}{/} 온전히 이전됩니다.{nl} - 소비 될 [Lv.460] 에테르 젬의 종류와 {@st66d_y}{s16}동일한 능력치 젬이 아니어도 제약없이 모두 적용{/}{/} 가능합니다.
UI_20230904_005530	{@st43b}{s20}Coloca el objeto{nl} Gema Aether de Rango Inferior	{@st43b}{s20}아이템을 올려주세요{nl} 낮은 등급 에테르 젬	UI_20220823_005328	{@st43b}{s20}Coloca el objeto{nl} Consume:{@st66d_y} [Gema Aether Nv.460]	{@st43b}{s20}아이템을 올려주세요{nl} 소비:{@st66d_y} [Lv.460 에테르 젬]
UI_20230904_005531	{@st43b}{s20}Coloca el objeto{nl} Gema Aether del Siguiente Rango	{@st43b}{s20}아이템을 올려주세요{nl} 다음 등급 에테르 젬	UI_20220823_005330	{@st43b}{s20}Coloca el objeto{nl} Mejora:{@st66d_y} [Gema Aether Nv.480]	{@st43b}{s20}아이템을 올려주세요{nl} 강화:{@st66d_y} [Lv.480 에테르 젬]
UI_20230904_005532	{@st66b}Guardar Grabado(Ichor)	{@st66b}각인 저장(아이커)	UI_20210809_004794	{@st66b}Ichor	{@st66b}아이커
UI_20230904_005533	{@st43b}{s22}Objetos Disponibles de la Ruleta Popo	{@st43b}{s22}포포 룰렛 획득 가능 아이템	UI_20200429_004256	{@st43b}{s22}Objetos Disponibles de la Ruleta de Diosa	{@st43b}{s22}여신의 룰렛 획득 가능 아이템
UI_20230904_005534	{@st66b}Dragón Caído{/}	{@st66b}타락한 드라군{/}	UI_20210115_004579	{@st66b}Boruta{/}	{@st66b}보루타{/}
UI_20230904_005535	Batalla de Bloqueo del Dragón Caído 	타락한 드라군 봉쇄전	UI_20210115_004580	Batalla en la Guarida de Sulivinas	보루타 봉쇄전
UI_20230904_005536	{@st59}Popo Boost{/}	{@st59}포포 부스트{/}			
UI_20230904_005537	Guía Avanzada	성장 가이드			
UI_20230904_005538	{@st66d_y}{s16}Ruleta Popolion	{@st66d_y}{s16}포포리온 룰렛			
UI_20230904_005539	※ El Puntaje de Equipo de {#FFFF00}Arma/Armadura/Accesorio{/} que no sea del evento no se reflejará.	※ 이벤트 장비가 아닌 {#FFFF00}무기/방어구/액세서리{/}의 기어 스코어는 이벤트에 반영되지 않습니다.			
UI_20230904_005540	Del evento Popo Boost, {nl}{#FFFF00}se otorgará una recompensa{/} cada vez que el personaje que participa en el evento {#FFFF00}alcance cierto Puntaje de Equipo{/} con el equipo del evento.{nl}{nl}¡Inicia el evento y obtén las recompensas!	포포 부스트 이벤트란, 이벤트에 참여한 캐릭터가{nl}{#FFFF00}특정 기어 스코어를 달성{/}할 때마다 {#FFFF00}보상을 지원{/}하는 이벤트 입니다.{nl}{nl}이벤트를 시작하고 보상을 획득하세요.			
UI_20230904_005541	Condición : {#FFFF00}Nv.459{/} o menor,{#FFFF00}Puntaje de Equipo 7999{/} o menor	참여 조건 : {#FFFF00}Lv.460{/} 미만,{#FFFF00}기어스코어 8000{/}미만			
UI_20230904_005542	{#FFFF00}SOLO UN personaje puede participar en el evento Popo Boost por equipo.{nl}El personaje elegido para participar en el evento no se puede cambiar.	{#FFFF00}포포 부스트 이벤트는 팀당 1개의 캐릭터만 참여 가능합니다.{nl}포포 부스트 이벤트의 참여 캐릭터는 변경할 수 없습니다.			
UI_20230904_005543	Cerrar	포포 부스트 UI를 닫습니다			
UI_20230904_005544	{@st43}Fabricar Carta de Slogutis{/}	{@st43}슬로거티스 카드 제작{/}			
UI_20230904_005545	{@st59}Se requiere Carta de Giltine Nv10.{/}	{@st59}길티네 카드 10성이 필요합니다.{/}			
UI_20230904_005546	{@st100white_16}Consume todos los objetos de abajo y obtén {@st204_purple}{s17}[Nv10] Carta de Slogutis{/}{/}{@st100white_16}. {nl} {nl} - {@st100white_16}{@st66d_y}{s17}Anillo del Caos{/}{/} x20{nl} {nl} - {@st59}{@st66d_y}{s17}[Nv10] Carta de Giltine{/}{/}{@st100white_16}x1{nl} {nl} - {@st204_green}Aleatorio{/}{/}{@st66d_y}{s17}[Nv10] Carta Leyenda{/}{/}{@st100white_16}x1{/}{/}	{@st100white_16}아래 아이템을 모두 소모하여 {@st204_purple}{s17}[LV10] 슬로거티스 카드{/}{/}{@st100white_16}를 획득합니다. {nl} {nl} - {@st100white_16}{@st66d_y}{s17}혼돈의 고리{/}{/}  20개{nl} {nl} - {@st59}{@st66d_y}{s17}[LV10] 길티네 카드{/}{/}{@st100white_16}1개{nl} {nl} - {@st204_green}임의의 {/}{/}{@st66d_y}{s17}[LV10] 레전드 카드{/}{/}{@st100white_16}1개{/}{/}			
UI_20230904_005547	{@st59}Cerrar.{/}	{@st59}슬로거티스 카드 제작 UI를 닫습니다.{/}			
UI_20230904_005548	{@st42}Configuración de Skin de Daño{/}	{@st42}대미지 스킨 설정{/}			
UI_20230925_005549	{@st43}{#FF0000}{s15}※Las skins solo se pueden obtener de las recompensas de la semana pasada.	{@st43}{#FF0000}{s15}※스킨은 지난주차 보상에서만 획득할 수 있습니다.				
UI_20231113_005550	{@st41b}{s16}Reiniciar	{@st41b}{s16}초기화				
UI_20231113_005551	{@st59}Cerrar{/}	{@st59}옵션 창을 닫습니다.{/}				
UI_20231113_005552	Detener cuando el rango sube	랭크 업 시 정지				
UI_20231113_005553	{@st66}{s16}{nl}Configuración	{@st66}{s16}{nl}설정				
UI_20231113_005554	{@st43b}{s18}Estadística Objetivo	{@st43b}{s18}목표 옵션				
UI_20231113_005555	{@st41b}{s18}Pergaminos Actuales: %s{/}	{@st41b}{s18}현재 스크롤 보유 개수: %s개				
UI_20231113_005556	Pergamino de Encantamiento Avanzado	고급 마법 부여 스크롤				
UI_20231113_005557	Repetir: 0	반복 : 0				
UI_20231204_005558	{@st59}Recuperar TP{/}	{@st59}TP수령함{/}				
UI_20231204_005559	{@st66d_y}{s16}Misión de Guía	{@st66d_y}{s16}가이드 퀘스트				
UI_20231204_005560	Del evento Popo Boost, {nl}{#FFFF00}se otorgará una recompensa{/} cada vez que el personaje que participa en el evento {#FFFF00}alcance cierto Puntaje de Equipo{/} con el equipo del evento.{nl}{nl}¡Inicia el evento y obtén las recompensas!	포포 부스트 이벤트란, 이벤트에 참여한 캐릭터가{nl}{#FFFF00}특정 기어스코어를 달성{/}할 때마다 {#FFFF00}보상을 지원{/}하는 이벤트 입니다.{nl}{nl}이벤트를 시작하고 보상을 획득하세요.	UI_20230904_005540	Del evento Popo Boost, {nl}{#FFFF00}se otorgará una recompensa{/} cada vez que el personaje que participa en el evento {#FFFF00}alcance cierto Gear Score{/} con el equipo del evento.{nl}{nl}¡Inicia el evento y obtén las recompensas!	포포 부스트 이벤트란, 이벤트에 참여한 캐릭터가{nl}{#FFFF00}특정 기어 스코어를 달성{/}할 때마다 {#FFFF00}보상을 지원{/}하는 이벤트 입니다.{nl}{nl}이벤트를 시작하고 보상을 획득하세요.	
UI_20231204_005561	Requisito: {#FFFF00}Nv.9{/} o menor	참여 조건 : {#FFFF00}Lv.10{/} 미만	UI_20230904_005541	Condición : {#FFFF00}Nv.459{/} o menor,{#FFFF00}Gear Score 7999{/} o menor	참여 조건 : {#FFFF00}Lv.460{/} 미만,{#FFFF00}기어스코어 8000{/}미만	
UI_20231218_005562	{@st43}{s24}Mercado Negro - Token de Diosa (Lada)	{@st43}{s24}블랙 마켓 - 여신의 증표(라다)				
UI_20231218_005563	{@st43}{s24}Moneda M	{@st43}{s24}M 주화				
UI_20231218_005564	{@st43}{s32}Puja Más Alta	{@st43}{s32}최고 입찰가				
UI_20231218_005565	{@st43}{s24}%s Moneda	{@st43}{s24}%s 주화				
UI_20231218_005566	{@st43}{s24}Moneda(s) Actual(es){nl}%s	{@st43}{s24}보유 주화{nl}%s				
UI_20231218_005567	{@st43}{s18}Restante : %s	{@st43}{s18}남은 시간 : %s				
UI_20231218_005568	{@st43}{s40}Sin Info de Subasta en Curso	{@st43}{s40}진행중인 경매 정보 없음				
UI_20231218_005569	{@st43}{s24}Récord Más Alto Actual{nl}%s	{@st43}{s24}현재 최고가{nl}%s				
UI_20231218_005570	{@st43}{s24}Mi Puja{nl}%s	{@st43}{s24}나의 입찰가{nl}%s				
UI_20231218_005571	{@st43}{s40}Sin Info de Puja	{@st43}{s40}입찰 정보 없음				
UI_20231218_005572	{@st66b}Subasta en Curso{/}	{@st66b}진행중인 경매{/}				
UI_20231218_005573	{@st66b}Horario de Subasta{/}	{@st66b}경매 일정{/}				
UI_20231218_005574	{@st66b}Mi Estado de Subasta{/}	{@st66b}나의 경매 현황{/}				
UI_20231218_005575	{@st43}Lista de Desmantelamiento{/}	{@st43}분해 목록{/}				
UI_20231218_005576	{@st41b}Total de Fragmentos de Memoria de Snigo ganados : {/}	{@st41b}총 스니고의 기억조각 획득량 : {/}				
UI_20231218_005577	¿Deseas desmantelar el objeto en Fragmento de Memoria de Snigo?	해당 아이템을 스니고의 기억조각으로 분해하시겠습니까?				
UI_20231218_005578	{@st43}{s24}Tienda de Desmantelamiento de Objeto Temático [Fragmento de Memoria de Snigo]	{@st43}{s24}[스니고의 기억] 테마 상품 분해 상점				
UI_20231218_005579	{@st43}{s24}Carrito{/}	{@st43}{s24}장바구니{/}				
UI_20231218_005580	{@st43}{s24}Carrito{/}{@st66d}Desmantelar Todo{/}	{@st66d}일괄 분해{/}				
UI_20231218_005581	  [Fragmento de Memoria de Snigo]{/}	  [스니고의 기억조각]{/}				
UI_20231218_005582	  desmantelado, [Fragmento de Memoria de Snigo]{/} 	  분해 후 [스니고의 기억조각]{/}				
UI_20231218_005583	[Fragmento de Memoria de Snigo] al desmantelar	분해 시 [스니고의 기억조각]				
UI_20231218_005584	Objeto de Memoria de Snigo en tu posesión	보유 중인 스니고의 기억 테마 상품				
UI_20231218_005585	Lista de Objetos que se pueden Desmantelar	분해 가능한 상품 목록				
UI_20231218_005586	{@st43}{s22}{#FFFF00}Hasta el Inicio: %s	{@st43}{s22}{#FFFF00}시작까지 %s				
UI_20231218_005587	{@st42}{s16}  Fragmento de Memoria de Snigo {/}{img icon_item_sniego_memorypiece 20 20}{/}	{@st42}{s16}  스니고의 기억조각 {/}{img icon_item_sniego_memorypiece 20 20}{/}				
UI_20231218_005588	{@st42b}{s16}Agregar al Carrito{/}	{@st42b}{s16}장바구니 추가{/}				
UI_20240108_005589	Mostrar Info de Patrón	패턴 정보를 표시합니다.				
UI_20240108_005590	{@st43b}{s20}Info de Patrón Semanal	{@st43b}{s20}패턴 정보	UI_20200320_004212	{@st43b}{s20}Información de Patrón Semanal	{@st43b}{s20}주간 패턴 정보	
UI_20240108_005591	{@st59}Cerrar{/}	{@st59}패턴 정보 창을 닫습니다{/}	UI_20200320_004213	{@st59}Cerrar{/}	{@st59}주간 패턴 정보 창을 닫습니다{/}	
UI_20240205_005592	{@st43}Mejorar Accesorio{/}	{@st43}장신구 업그레이드{/}				
UI_20240205_005593	{@st59}Cerrar.{/}	{@st59}장신구 업그레이드 창을 닫습니다.{/}				
UI_20240205_005594	{@st59b}{s20}Sistema de Mejora de Accesorio{/}{nl}{@st59s} {nl} - Mejora Accesorio.	{@st59b}{s20}장신구 업그레이드 시스템{/}{nl}{@st59s} {nl} - 장신구를 업그레이드 합니다.				
UI_20240205_005595	{@st43}{s18}Antes{nl}%s{/}{nl}{@st43}{s18}%s	{@st43}{s18}기존{nl}%s{/}{nl}{@st43}{s18}%s				
UI_20240205_005596	{@st43}{s18}Después{nl}%s{/}{nl}{@st43}{s18}%s	{@st43}{s18}결과{nl}%s{/}{nl}{@st43}{s18}%s				
UI_20240205_005597	{@st66d}{s20}Ejecutar{/}	{@st66d}{s20}실행{/}				
UI_20240205_005598	{@st66b}{s16}Diosa/Dios Demonio	{@st66b}{s16}여신/마신				
UI_20240205_005599	{@st66b}{s16}Tesoro de Diosa	{@st66b}{s16}여신의 보구				
UI_20240205_005600	Tesoro de Diosa	여신의 보구				
UI_20240205_005601	{@st43}{s24}Info de Probabilidad	{@st43}{s24}확률 정보				
UI_20240205_005602	{@st43}{s16}%sx	{@st43}{s16}%s개				
UI_20240401_005603	{@st66b}Cerrar	{@st66b}닫기				
UI_20240401_005604	{st16}Fruto (Anfitrión)	{st16}열매 (초대한 팀)				
UI_20240401_005605	{st16}Semilla (Invitado)	{st16}씨앗 (초대받은 팀)				
UI_20240401_005606	ABCDEFG	가나다라마바사아				
UI_20240401_005607	Solo la Semilla (Invitado) puede hacer clic en [Recibir Recompensas],{nl} y la recompensa se otorga tanto al Fruto (Anfitrión) como a la Semilla.	[보상받기] 버튼은 해당 미션을 완료한 씨앗(초대받은 팀)만 누를 수 있고,{nl}보상은 열매(초대한 팀)와 씨앗 모두에게 지급됩니다.				
UI_20240401_005608	{@st59}Evento de Invita a tus Amigos{/}	{@st59}친구 초대 이벤트{/}				
UI_20240401_005609	{@st41}{s20}Tasa de Éxito :{@st43} %s%	{@st41}{s20}성공 확률 :{@st43} %s%				
UI_20240401_005610	{@st43}{s22}Recibir Recompensas	{@st43}{s22}보상받기				
UI_20240403_005611	{@st43}{s16}Recibir Recompensas	{@st43}{s16}보상받기	UI_20240401_005610	{@st43}{s22}Recibir Recompensas	{@st43}{s22}보상받기	
UI_20240415_005612	La cantidad máxima de puntos que se puede ganar se reinicia cada lunes a las 6 AM, hora del servidor.{nl}Los puntos se pueden ganar de la siguiente manera:{nl} {nl}- Conectarse al juego: 10 puntos (5 puntos adicionales para jugadores en un gremio y jugadores bajo efectos de token){nl} - Pesca exitosa: 1 punto por captura.{nl}- Incursión Leyenda/Diosa: 35 puntos{nl}- Mazmorra de Nivel: 10 puntos{nl}(Los puntos se pueden omitir al salir justo después de completar la Mazmorra de Nivel.){nl}- Misión Diaria: 10 puntos{nl}- Liga de Batalla de Equipos : 50 puntos (Otorgados sin importar victoria o derrota){nl}- Incursión Res Sacrae (Normal): 20 puntos{nl}- Incursión Res Sacrae (Difícil) : 30 puntos	획득 가능한 포인트량은 매주 월요일 6시에 초기화됩니다.{nl}포인트는 아래의 방법으로 획득할 수 있습니다.{nl} {nl}- 접속 : 10 포인트 (길드 가입 중, 토큰 적용 중일 시 각 5 포인트 추가 획득){nl}- 낚시 성공 : 1회 당 1 포인트{nl}- 레전드/가디스 레이드 : 35 포인트{nl}- 레벨 던전 : 10 포인트{nl}(레벨 던전을 클리어하여 빠르게 퇴장했을 경우, 포인트 지급이 누락될 수 있습니다.){nl}- 일일 퀘스트 : 10 포인트{nl}- 팀 배틀리그 : 50 포인트 (종료 후 승패에 관계없이 지급){nl}- 성물 레이드(Normal) : 20 포인트{nl}- 성물 레이드(Hard) : 30 포인트	UI_20220622_005323	La cantidad máxima de puntos que se puede ganar se reinicia cada lunes a las 6 AM, hora del servidor.{nl}Los puntos se pueden ganar de la siguiente manera:{nl} {nl}- Conectarse al juego: 10 puntos (5 puntos adicionales para jugadores en un gremio y jugadores bajo efectos de token){nl} - Pesca exitosa: 1 punto por captura.{nl}- Incursión Leyenda/Diosa: 35 puntos{nl}- Mazmorra de Nivel: 10 puntos{nl}(Los puntos se pueden omitir al salir justo después de completar la Mazmorra de Nivel.){nl}- Misión Diaria: 10 puntos{nl}- Liga de Batalla de Equipos : 50 puntos (Otorgados sin importar victoria o derrota){nl}- Incursión Res Sacrae (Normal): 20 puntos{nl}- Incursión Res Sacrae (Difícil) : 30 puntos	획득 가능한 포인트량은 매주 월요일 6시에 초기화됩니다.{nl}포인트는 아래의 방법으로 획득할 수 있습니다.{nl} {nl}- 접속 : 10 포인트 (PC방 접속 중, 길드 가입 중, 토큰 적용 중일 시 각 5 포인트 추가 획득){nl}- 낚시 성공 : 1회 당 1 포인트{nl}- 레전드/가디스 레이드 : 35 포인트{nl}- 레벨 던전 : 10 포인트{nl}(레벨 던전을 클리어하여 빠르게 퇴장했을 경우, 포인트 지급이 누락될 수 있습니다.){nl}- 일일 퀘스트 : 10 포인트{nl}- 팀 배틀리그 : 50 포인트 (종료 후 승패에 관계없이 지급){nl}- 성물 레이드(Normal) : 20 포인트{nl}- 성물 레이드(Hard) : 30 포인트	
UI_20240422_005613	{@st66b}{s18}Campo{/}	{@st66b}{s18}필드{/}			
UI_20240422_005614	{@st66b}{s18}Equipo{/}	{@st66b}{s18}장비{/}			
UI_20240422_005615	{@st66b}{s18}Traje{/}	{@st66b}{s18}코스튬{/}			
UI_20240422_005616	{@st68}{s16}Info de Colección{/}	{@st68}{s16}컬렉션 정보{/}			
UI_20240422_005617	{@st68b}{s20}Completado(%s){/}	{@st68b}{s20}완성(%s){/}			
UI_20240701_005618	Cerrar.	큐폴 강화창을 닫습니다.				
UI_20240701_005619	{@st100white_16}{#ffa800}Amistad	{@st100white_16}{#ffa800}호감도				
UI_20240701_005620	{@st100white_16}{#ffa800}Rango	{@st100white_16}{#ffa800}등급				
UI_20240701_005621	{@st100white_16}{#ffa800}Mostrar Solo Poseídos	{@st100white_16}{#ffa800}보유 큐폴만 보기				
UI_20240701_005622	{img icon_item_kupole_gachaticket 20 20} {@st66d}{s18}%s/%s{nl}Girar de Nuevo{/}	{img icon_item_kupole_gachaticket 20 20} {@st66d}{s18}%s/%s{nl}한 번 더 영입{/}				
UI_20240701_005623	{@st66d}{s18}Cerrar	{@st66d}{s18}종료				
UI_20240701_005624	{@st43}{s24}Kupole	{@st43}{s24}큐폴				
UI_20240701_005625	Equipo	팀 편성				
UI_20240701_005626	{@st66d}{s20}Bono Total de Kupole	{@st66d}{s20}총 보유 효과				
UI_20240701_005627	{@st66d}{s16}Acompañar	{@st66d}{s16}동행 효과				
UI_20240701_005628	{@st66d}{s16}Poseído	{@st66d}{s16}보유 효과				
UI_20240701_005629	{@st43}{s20}Activo	{@st43}{s20}액티브 스킬				
UI_20240701_005630	{@st43}{s20}Pasivo	{@st43}{s20}패시브 스킬				
UI_20240701_005631	{@st42}Ver Ilustración{/}	{@st42}일러스트 보기{/}				
UI_20240701_005632	{@st66d}{s23}Seleccionar	{@st66d}{s23}셀렉트				
UI_20240701_005633	{@st59b}Clic izquierdo para abrir la ventana de Reclutamiento de Kupole.{/}	{@st59b}마우스 좌클릭으로 큐폴 확정 영입 창을 켭니다.{/}				
UI_20240701_005634	{@st66d}{s20}Reclutamiento Garantizado	{@st66d}{s20}확정 영입				
UI_20240701_005635	{@st66d}{s23}Extracción Individual	{@st66d}{s23}단차				
UI_20240701_005636	{@st59b}Clic izquierdo para reclutar Kupole 1 vez.{/}	{@st59b}마우스 좌클릭으로 큐폴 영입을 1회 실행합니다.{/}				
UI_20240701_005637	{@st66d}{s20}Reclutar 1 vez	{@st66d}{s20}큐폴 영입 1회				
UI_20240701_005638	{@st66d}{s20}Extracción Múltiple	{@st66d}{s20}연차				
UI_20240701_005639	{@st59b}Clic izquierdo para reclutar Kupole 10 veces.{/}	{@st59b}마우스 좌클릭으로 큐폴 영입을 10회 실행합니다.{/}				
UI_20240701_005640	{@st66d}{s20}Reclutar 10+1	{@st66d}{s20}큐폴 영입 10회 + 1				
UI_20240701_005641	{@st66b}Gestión de Kupole{/}	{@st66b}큐폴 관리{/}				
UI_20240701_005642	{@st66b}Reclutamiento de Kupole{/}	{@st66b}큐폴 영입{/}				
UI_20240701_005643	{@st66d}{s24}Acompañar	{@st66d}{s24}동행				
UI_20240701_005644	{@st66d}{s24}Eliminar	{@st66d}{s24}해제				
UI_20240701_005645	Cerrar.	큐폴 UI를 닫습니다.				
UI_20240701_005646	{@st66d}{s22}Habilidad	{@st66d}{s22}스킬				
UI_20240701_005647	{@st66d}{s22}Efecto	{@st66d}{s22}효과				
UI_20240701_005648	{@st66d}{s22}Info del Objeto	{@st66d}{s22}아이템 정보				
UI_20240701_005649	{@st66d}{s22}Acompañar	{@st66d}{s22}동행 효과				
UI_20240701_005650	{@st66d}{s22}Poseído	{@st66d}{s22}보유 효과				
UI_20240701_005651	{@st66d}{s20}Reclutar	{@st66d}{s20}영입				
UI_20240701_005652	{@st66d}{s24}Reclutamiento Garantizado	{@st66d}{s24}큐폴 확정 영입				
UI_20240701_005653	Cerrar.	픽업 UI를 닫습니다.				
UI_20240701_005654	Ruta	루타				
UI_20240701_005655	{@st66d}{s20}Confirmar	{@st66d}{s20}확인				
UI_20240701_005656	{@st66d}{s20}UR	{@st66d}{s20}UR등급				
UI_20240701_005657	{@st66d}{s20}SR	{@st66d}{s20}SR등급				
UI_20240701_005658	{@st66d}{s20}R	{@st66d}{s20}R등급				
UI_20240701_005659	{@st66d}{s24}Mostrar Tasa de Reclutamiento	{@st66d}{s24}영입 확률 표시				
UI_20240701_005660	Cerrar.	확률 UI를 닫습니다.				
UI_20240701_005661	{@st66d}{s20}Regalo de Mano	{@st66d}{s20}선물 주기				
UI_20240701_005662	{@st66d}{s20}Cancelar	{@st66d}{s20}취소				
UI_20240701_005663	{@st42b}{s24}{#FFFF00}Acompañar{/}{nl}{@st42b}{s16} - %s	{@st42b}{s24}{#FFFF00}동행 효과{/}{nl}{@st42b}{s16} - %s				
UI_20240701_005664	{@st42b}{s24}{#FFFF00}Poseído{/}{nl}{@st42b}{s16} - %s	{@st42b}{s24}{#FFFF00}보유 효과{/}{nl}{@st42b}{s16} - %s				
UI_20240701_005665	{@st42b}{s24}{#FFFF00}Activo{/}{nl}{@st42b}{s16} - %s	{@st42b}{s24}{#FFFF00}스킬{/}{nl}{@st42b}{s16} - %s				
UI_20240701_005666	{@st66d}{s20}Amistad ARRIBA	{@st66d}{s20}호감도 상승				
UI_20240701_005667	{@st66d}{s24}Aviso	{@st66d}{s24}알림				
UI_20240701_005668	{@st42}{s18}Poseído	{@st42}{s18}보유중				
UI_20240722_005669	Museo de Moda	복각				
UI_20240722_005670	{@st59}Cerrar.{/}	{@st59}현재 창을 닫습니다.{/}				
UI_20240722_005671	{@st42b}{s16}Seleccionar{/}	{@st42b}{s16}선택{/}				
UI_20240909_005672	{@st43}Mejora de Equipo{/}	{@st43}장비 업그레이드{/}				
UI_20240909_005673	{@st59}Cerrar.{/}	{@st59}장비 업그레이드 창을 닫습니다.{/}				
UI_20240909_005674	{@st59b}{s20}Sistema de Mejora de Equipo{/}{nl}{@st59s} {nl} - Mejora tu equipo.	{@st59b}{s20}장비 업그레이드 시스템{/}{nl}{@st59s} {nl} - 장비를 업그레이드 합니다.				
UI_20240909_005675	{@st59b}Uso Automático de Pociones{nl}{@st59s} - La función de uso automático solo opera en Kupole equipado en la ranura principal.{nl} - Se activa al hacer clic izquierdo en el botón de Activar/Desactivar de abajo.{nl} - Cuando está activado, usa automáticamente la poción en cada tiempo de reutilización.{nl} - No se puede usar en el Pueblo ni en la Liga de Batalla de Equipos{/}	{@st59b}포션 자동사용{nl}{@st59s} - 메인 슬롯에 장착한 큐폴만 자동사용 기능 동작.{nl} - 아래 On/Off 버튼 좌클릭 시 작동.{nl} - 활성화 시 재사용 대기시간 마다 자동 사용.{nl} - 마을, 팀 배틀 리그에서는 기능 사용불가{/}				
UI_20240909_005676	Condiciones de participación: Menos de {#FFFF00}Nv.%s{/}	참여 조건 : {#FFFF00}Lv.%s{/} 미만				
UI_20240909_005677	{@st66b}[Recompensa de Completado]{nl}Mejora la {#003997}"Gema Aether"{/} a través del NPC Kupole que aparece al completar.{nl}La Tasa de Mejora aumenta cuanto más alta es la etapa.{nl} {nl}[Recompensa de Temporada]{nl}{@st66b}Los 3 mejores jugadores del ranking por árbol de clase reciben un{nl}{#003997} "Quemador de Incienso Dimensional"{/} {#003997}y el objeto "Recompensa de Temporada"{/}por el ranking de la semana anterior. Todos los jugadores que participaron durante la semana reciben un conjunto de{nl}{#003997} "Insignia de Mercenario"{/}{nl}según su puntuación.{nl} {nl}{s13}La semana comienza cada lunes a las 06:00 (hora del servidor).{nl}{nl}{s13}{#003997}La entrada está limitada de 5 a 6 AM cada lunes{/}{nl} {nl}{s13}{#8e0000}Los jugadores que llegan al top 3 de más de un árbol de clase reciben solo las recompensas correspondientes a su ranking más alto.{nl} {nl}Cuando un jugador es excluido de un ranking de árbol de clase por entradas múltiples, el jugador siguiente ocupa su lugar en ese ranking.	{@st66b}[클리어 보상]{nl}클리어 시 생성되는 큐폴 NPC를 통해 {#003997}"에테르 젬"{/}을 강화할 수 있습니다.{nl}스테이지가 높을 수록 강화 확률이 증가합니다.{nl} {nl}[시즌 보상]{nl}직업군별 랭킹 TOP 3 구원자분들에게는{nl}{#003997} "차원의 향로"{/}아이템과 {#003997} "시즌 보상"{/}아이템을 전 시즌 랭킹 보상으로 지급하며 시즌에 참여한 구원자 분들께는 자신의 기록에 비례한 수량의{nl}{#003997} "용병단 증표"{/}{nl}를 보상으로 지급합니다.{nl} {nl}{s13}시즌은 매주 월요일 06시에 초기화 됩니다{nl}{nl}{s13}{#003997}매주 월요일 05시~06시 입장이 제한됩니다{/}{nl} {nl}{s13}{#8e0000}각 직업군 TOP3 순위에 오른 구원자분이 다른 직업군 TOP3 순위에도 오른 경우 가장 높은 순위의 보상 1회만 받게 됩니다.{nl} {nl}위와 같은 상황에서 제외된 구원자분을 대신하여 해당 직업군의 다음 순위의 구원자분이 랭킹 보상을 지급받게 됩니다.	UI_20210809_004887	{@st66b}[Recompensa de Completado]{nl}Mejora la {#003997}"Gema Aether"{/} a través del NPC Kupole que aparece al completar.{nl}La Tasa de Mejora aumenta cuanto más alta es la etapa.{nl} {nl}[Recompensa de Temporada]{nl}{@st66b}Los 3 mejores jugadores del ranking por árbol de clase reciben un{nl}{#003997} "Quemador de Incienso Dimensional"{/}por el ranking de la semana anterior. Todos los jugadores que participaron durante la semana reciben un conjunto de{nl}{#003997} "Insignia de Mercenario"{/}{nl}según su puntuación.{nl} {nl}{s13}La semana comienza cada lunes a las 06:00 (hora del servidor).{nl}{nl}{s13}{#003997}La entrada está limitada de 5 a 6 AM cada lunes{/}{nl} {nl}{s13}{#8e0000}Los jugadores que llegan al top 3 de más de un árbol de clase reciben solo las recompensas correspondientes a su ranking más alto.{nl} {nl}Cuando un jugador es excluido de un ranking de árbol de clase por entradas múltiples, el jugador siguiente ocupa su lugar en ese ranking.	{@st66b}[클리어 보상]{nl}클리어 시 생성되는 큐폴 NPC를 통해 {#003997}"에테르 젬"{/}을 강화할 수 있습니다.{nl}스테이지가 높을 수록 강화 확률이 증가합니다.{nl} {nl}[시즌 보상]{nl}직업군별 랭킹 TOP 3 구원자분들에게는{nl}{#003997} "차원의 향로"{/}아이템을 전 시즌 랭킹 보상으로 지급하며 시즌에 참여한 구원자 분들께는 자신의 기록에 비례한 수량의{nl}{#003997} "용병단 증표"{/}{nl}를 보상으로 지급합니다.{nl} {nl}{s13}시즌은 매주 월요일 06시에 초기화 됩니다{nl}{nl}{s13}{#003997}매주 월요일 05시~06시 입장이 제한됩니다{/}{nl} {nl}{s13}{#8e0000}각 직업군 TOP3 순위에 오른 구원자분이 다른 직업군 TOP3 순위에도 오른 경우 가장 높은 순위의 보상 1회만 받게 됩니다.{nl} {nl}위와 같은 상황에서 제외된 구원자분을 대신하여 해당 직업군의 다음 순위의 구원자분이 랭킹 보상을 지급받게 됩니다.	
UI_20240911_005678	Logros de Crecimiento 	성장 목표															
UI_20240911_005679	※ La sucesión de Equipos de {#FFFF00}Arma/Armadura/Accesorio{/} que no sean del evento no se reflejará.	※ 이벤트 장비가 아닌 {#FFFF00}무기/방어구/액세서리{/}의 계승은 이벤트에 반영되지 않습니다.	UI_20230904_005539	※ El Gear Score de {#FFFF00}Arma/Armadura/Accesorio{/} que no sea del evento no se reflejará.	※ 이벤트 장비가 아닌 {#FFFF00}무기/방어구/액세서리{/}의 기어 스코어는 이벤트에 반영되지 않습니다.												
UI_20240926_005680	{@st43}{s24}Mercado Negro - Token de Diosa (Jurate)	{@st43}{s24}블랙 마켓 - 여신의 증표(유라테)	UI_20231218_005562	{@st43}{s24}Mercado Negro - Token de Diosa (Lada)	{@st43}{s24}블랙 마켓 - 여신의 증표(라다)
UI_20240926_005681	Obtenlos mediante pestaña.{nl} {nl}[Límite de entrada para Batalla de Bloqueo]{nl} Puedes entrar a la Batalla de Bloqueo una vez que hayas alcanzado el nivel máximo. 	탭을 통해 획득할 수 있습니다.{nl} {nl}[봉쇄전 입장 제한]{nl} 봉쇄전 입장은 최대 레벨 달성시에만 입장 가능합니다.	UI_20200710_004382	obténlos mediante pestaña.	탭을 통해 획득할 수 있습니다.
UI_20241205_005682	{@st41b}{s20}{img %s 35 35} %s{nl}Sortear Regalo	{@st41b}{s20}{img %s 35 35} %s{nl}선물 뽑기				
UI_20241205_005683	Tiempo restante {nl}%s/180 segundos	남은 시간{nl}%s/180초				
UI_20241205_005684	{@st41b}{s18}%s veces	{@st41b}{s18}%s회				
UI_20241209_005685	{@st41b}{s20}{img %s 40 40} %s{nl}Sorteo de Regalo	{@st41b}{s20}{img %s 40 40} %s{nl}선물 뽑기				
UI_20241209_005686	Tiempo restante {nl}%s/300 segundos	남은 시간{nl}%s/300초				
UI_20241209_005687	{@st41b}{s18}%s ronda	{@st41b}{s18}%s회차				
UI_20250212_005688	{@st66b}[Recompensa de Completado]{nl}Mejora la {#003997}"Gema Aether"{/} a través del NPC Kupole que aparece al completar.{nl}La Tasa de Mejora aumenta cuanto más alta es la etapa.{nl} {nl}[Recompensa de Temporada]{nl}{@st66b}Los 3 mejores jugadores del ranking por árbol de clase reciben un{nl}{#003997} "Quemador de Incienso Dimensional"{/} {#003997}y el objeto "Recompensa de Temporada (Fragmento de Ichor de Diosa Avanzado II [Nv.520], Cubo Aleatorio Bendito de Jurate A)"{/}por el ranking de la semana anterior. Todos los jugadores que participaron durante la semana reciben un conjunto de{nl}{#003997} "Insignia de Mercenario"{/}{nl}según su puntuación.{nl} {nl}{s13}La semana comienza cada lunes a las 06:00 (hora del servidor).{nl}{nl}{s13}{#003997}La entrada está limitada de 5 a 6 AM cada lunes{/}{nl} {nl}{s13}{#8e0000}Los jugadores que llegan al top 3 de más de un árbol de clase reciben solo las recompensas correspondientes a su ranking más alto.{nl} {nl}Cuando un jugador es excluido de un ranking de árbol de clase por entradas múltiples, el jugador siguiente ocupa su lugar en ese ranking.	{@st66b}[클리어 보상]{nl}클리어 시 생성되는 큐폴 NPC를 통해 {#003997}"에테르 젬"{/}을 강화할 수 있습니다.{nl}스테이지가 높을 수록 강화 확률이 증가합니다.{nl} {nl}[시즌 보상]{nl}직업군별 랭킹 TOP 3 구원자분들에게는{nl}{#003997} "차원의 향로"{/}아이템과 {#003997} "시즌 보상([Lv.520] 상급 가디스 아이커 파편 II, 축복받은 유라테의 랜덤 큐브 A)"{/}아이템을 전 시즌 랭킹 보상으로 지급하며 시즌에 참여한 구원자 분들께는 자신의 기록에 비례한 수량의{nl}{#003997} "용병단 증표"{/}{nl}를 보상으로 지급합니다.{nl} {nl}{s13}시즌은 매주 월요일 06시에 초기화 됩니다{nl}{nl}{s13}{#003997}매주 월요일 05시~06시 입장이 제한됩니다{/}{nl} {nl}{s13}{#8e0000}각 직업군 TOP3 순위에 오른 구원자분이 다른 직업군 TOP3 순위에도 오른 경우 가장 높은 순위의 보상 1회만 받게 됩니다.{nl} {nl}위와 같은 상황에서 제외된 구원자분을 대신하여 해당 직업군의 다음 순위의 구원자분이 랭킹 보상을 지급받게 됩니다.	UI_20240909_005677	{@st66b}[Recompensa de Completado]{nl}Mejora la {#003997}"Gema Aether"{/} a través del NPC Kupole que aparece al completar.{nl}La Tasa de Mejora aumenta cuanto más alta es la etapa.{nl} {nl}[Recompensa de Temporada]{nl}{@st66b}Los 3 mejores jugadores del ranking por árbol de clase reciben un{nl}{#003997} "Quemador de Incienso Dimensional"{/} {#003997}y el objeto "Recompensa de Temporada"{/}por el ranking de la semana anterior. Todos los jugadores que participaron durante la semana reciben un conjunto de{nl}{#003997} "Insignia de Mercenario"{/}{nl}según su puntuación.{nl} {nl}{s13}La semana comienza cada lunes a las 06:00 (hora del servidor).{nl}{nl}{s13}{#003997}La entrada está limitada de 5 a 6 AM cada lunes{/}{nl} {nl}{s13}{#8e0000}Los jugadores que llegan al top 3 de más de un árbol de clase reciben solo las recompensas correspondientes a su ranking más alto.{nl} {nl}Cuando un jugador es excluido de un ranking de árbol de clase por entradas múltiples, el jugador siguiente ocupa su lugar en ese ranking.	{@st66b}[클리어 보상]{nl}클리어 시 생성되는 큐폴 NPC를 통해 {#003997}"에테르 젬"{/}을 강화할 수 있습니다.{nl}스테이지가 높을 수록 강화 확률이 증가합니다.{nl} {nl}[시즌 보상]{nl}직업군별 랭킹 TOP 3 구원자분들에게는{nl}{#003997} "차원의 향로"{/}아이템과 {#003997} "시즌 보상"{/}아이템을 전 시즌 랭킹 보상으로 지급하며 시즌에 참여한 구원자 분들께는 자신의 기록에 비례한 수량의{nl}{#003997} "용병단 증표"{/}{nl}를 보상으로 지급합니다.{nl} {nl}{s13}시즌은 매주 월요일 06시에 초기화 됩니다{nl}{nl}{s13}{#003997}매주 월요일 05시~06시 입장이 제한됩니다{/}{nl} {nl}{s13}{#8e0000}각 직업군 TOP3 순위에 오른 구원자분이 다른 직업군 TOP3 순위에도 오른 경우 가장 높은 순위의 보상 1회만 받게 됩니다.{nl} {nl}위와 같은 상황에서 제외된 구원자분을 대신하여 해당 직업군의 다음 순위의 구원자분이 랭킹 보상을 지급받게 됩니다.		
UI_20250710_005689	@st43}{s22}Soporte de Exhibición de Reliquias{/}	{@st43}{s22}유물 전시대{/}				
UI_20250710_005690	{@st59}Cerrar Soporte de Exhibición de Reliquias{/}	{@st59}유물 전시대를 닫습니다{/}				
UI_20250710_005691	{@st66d}{s18}Pasiva	{@st66d}{s18}패시브 효과				
UI_20250710_005692	{@st66d}{s18}Costo: %s/%s	{@st66d}{s18}코스트: %s/%s				
UI_20250710_005693	{@st66d}{s18}Hasta la Siguiente Etapa : %s{img icon_item_event_archeology_coin 45 45}	{@st66d}{s18}다음 단계 까지 : %s{img icon_item_event_archeology_coin 45 45}				
UI_20250710_005694	{@st42}Aumento de Rango del Soporte de Exhibición	{@st42}전시대 등급 상승				
UI_20250710_005695	{@st42}Reiniciar	{@st42}리셋				
UI_20250710_005696	{@st41b}{s20}Tablón de Buscados	{@st41b}{s20}지명수배 게시판	UI_20210809_004740	{@st41b}{s20}Usar Orden	{@st41b}{s20}지령서 사용	
UI_20250710_005697	Usar Directiva	지령서 사용	ETC_20150317_001917	Activado	사용	
UI_20250710_005698	Caza del Pez Dorado	황금 개복치 사냥				
UI_20250710_005699	{@st42}Completado	{@st42}조제 완료				
UI_20250711_005700	{@st66d}Fabricación Terminada	{@st66d}조제 종료	UI_20250710_005699	{@st42}Completado	{@st42}조제 완료	
UI_20250711_005701	{@st43}{s22}Soporte de Exhibición de Arqueología{/}	{@st43}{s22}고고학 전시대{/}	UI_20250710_005689	@st43}{s22}Soporte de Exhibición de Reliquias{/}	{@st43}{s22}유물 전시대{/}	
UI_20250711_005702	{@st66d}{s18}Hasta la Siguiente Etapa : %s{img icon_item_event_archeology_coin 40 40}	{@st66d}{s18}다음 단계 까지 : %s{img icon_item_event_archeology_coin 40 40}	UI_20250710_005693	{@st66d}{s18}Hasta la Siguiente Etapa : %s{img icon_item_event_archeology_coin 45 45}	{@st66d}{s18}다음 단계 까지 : %s{img icon_item_event_archeology_coin 45 45}	
UI_20250826_005703	Estado del Buff del Jefe Final	최종 보스 버프 현황				
UI_20250826_005704	Estado de Selección de Buff/Penalización	버프/패널티 선택 현황				
UI_20250826_005705	Selección de Buff/Penalización	버프/패널티 선택				
UI_20250826_005706	Cancelar Selección	선택 취소				
UI_20250826_005707	{@st59}Cancelar Selección de Buff/Penalización.{nl}No se puede recibir el efecto una vez cancelado.{/}	{@st59}버프/패널티 선택을 취소합니다.{nl}선택 취소시 선택지의 효과를 적용받지 못합니다.{/}				
UI_20250826_005708	Tiempo Restante: %s segundos	남은 시간 : %s초				
UI_20250826_005709	%sÁrea	%s구역				
UI_20250826_005710	{@st61}{s24}Gestión de Equipo de Rango Diosa{/}{s18}{nl} {nl}{s20}Forjar{nl} {s18}- Mejorar : Puedes intentar mejorar usando {#ffff11}Ingredientes del equipo y el Token de Diosa como ingrediente básico{/}, y {#ffff11}aumentar la probabilidad de mejora usando Ayuda de Mejora como ingrediente adicional.{nl}El valor de mejora no disminuye al fallar y la Probabilidad Ajustada aumenta según el número total de fallos.{nl}(La Probabilidad Ajustada se reinicia cuando la mejora tiene éxito.){nl}  - Encantar : Aplica estadísticas de encantamiento usando la Joya de Encantamiento de Diosa con el nivel de equipo apropiado.{nl}  - Trascendencia : Aumenta la etapa de trascendencia del equipo consumiendo Gema Bendita de la Diosa. La etapa máxima de Trascendencia es 10. {nl}  - Evolucionar : Usa {#22aaff}Token de Diosa, Gema Bendita de la Diosa, Ingrediente del equipo, y Piedra de Evolución con el nivel de equipo apropiado{/} para evolucionar el arma de rango Diosa{nl}(Sin embargo, las armaduras no pueden evolucionar y la etapa de Trascendencia del arma de rango Diosa a evolucionar debe ser 10.){nl}El {#22aaff}ataque básico del arma aumenta al evolucionar{/} y el efecto de evolución se aplica a la apariencia del arma.{nl} {nl}{s20}Grabar{nl} {s18}- Guardar Grabado : Puedes guardar la estadística aleatoria del equipo de rango Diosa equipado en el grabado.{nl}{#ffff11}Se usa la Piedra de Grabado del nivel de equipo apropiado{/} para guardar el grabado y se requiere al menos una piedra por intento.{nl}  - Aplicar Grabado : Aplica el grabado guardado al equipo actual. Se consume Token de Diosa al aplicar el grabado.{nl}. - Ichor : Puedes guardar el Ichor de Estadística Aleatoria de Armadura Nv.430, Ichor de Diosa como grabado. Esto se guardará con 100% de probabilidad y {#ffff11}el ichor guardado será destruido{/}.{nl} {nl}{s20}Engarce{nl}{s18}  - Armadura : Se pueden abrir 2 engarces normales. Se consume Token de Diosa para abrir un engarce normal.{nl}. - Arma: Se pueden abrir 2 engarces normales y 1 engarce de Gema Aether.{nl}Se consume Token de Diosa para abrir un engarce normal y el engarce de Gema Aether se puede abrir con un nivel de equipo apropiado 	{@st61}{s24}가디스 장비 관리 시스템{/}{s18}{nl} {nl}{s20}재련{nl} {s18}- 강화 : {#ffff11}장비의 제작 재료와 여신의 증표를 기본 재료{/}로 강화를 시도할 수 있으며, {#ffff11}추가 재료로 강화 보조제를 사용하여 강화 확률을 상승{/}시킬 수 있습니다.{nl}강화 실패시 강화 수치가 하락하지 않으며, 누적 실패 횟수에 따른 확률 보정이 증가합니다.{nl}(누적 실패에 따른 확률 보정은 강화 성공시 초기화됩니다.){nl}  - 인챈트 : 장비 레벨에 맞는 가디스 인챈트 쥬얼을 사용하여 인챈트 옵션을 부여할 수 있습니다.{nl}  - 초월 : 여신의 축복석을 사용하여 해당 장비의 초월 단계를 증가시킬 수 있습니다. 초월 단계는 10이 최대입니다. {nl}  - 진화 : {#22aaff}여신의 증표, 여신의 축복석, 장비의 제작 재료, 장비 레벨에 맞는 진화석{/}을 사용하여 가디스 등급 무기를 진화시킵니다{nl}(단, 방어구는 진화할 수 없으며, 진화하려는 가디스 등급 무기는 초월 단계가 10이어야 합니다.){nl}{#22aaff}진화 시 무기의 기본 공격력이 상승{/}하며, 무기 외형에 진화 이펙트가 추가됩니다.{nl} {nl}{s20}각인{nl} {s18}- 각인 저장 : 장착하고 있는 가디스 등급 장비의 랜덤 옵션을 각인에 저장합니다.{nl}각인 저장에는 {#ffff11}장비 레벨에 맞는 각인석이 사용{/}되며, 저장 시도마다 최소 1개를 필요로 합니다.{nl}  - 각인 부여 : 저장된 각인을 장착 중인 장비에 부여합니다. 각인 부여 시 여신의 증표가 소모됩니다.{nl}  - 아이커 : Lv.430 방어구 랜덤 옵션 아이커, 가디스 아이커를 각인에 저장합니다. 100%확률로 저장되며 {#ffff11}저장 시 아이커는 소멸{/}합니다.{nl} {nl}{s20}소켓 관리{nl}{s18}  - 방어구 : 총 2개의 일반 소켓을 개방할 수 있습니다. 일반 소켓 개방에는 여신의 증표가 소모됩니다.{nl}  - 무기 : 총 2개의 일반 소켓과 1개의 에테르 젬 소켓을 개방할 수 있습니다.{nl}일반 소켓 개방에는 여신의 증표가 소모되며, 에테르 젬 소켓은 장비 레벨에 알맞는 	UI_20220823_005355	{@st61}{s24}Gestión de Equipo de Rango Diosa{/}{s18}{nl} {nl}{s20}Forjar{nl} {s18}- Mejorar : Puedes intentar mejorar usando {#ffff11}Ingredientes del equipo y el Token de Diosa como ingrediente básico{/}, y {#ffff11}aumentar la probabilidad de mejora usando Ayuda de Mejora como ingrediente adicional{/}.{nl}El valor de mejora no disminuye al fallar y la Probabilidad Ajustada aumenta según el número total de fallos.{nl}(La Probabilidad Ajustada se reinicia cuando la mejora tiene éxito.){nl}  - Encantar : Aplica estadísticas de encantamiento usando la Joya de Encantamiento de Diosa con el nivel de equipo apropiado.{nl}  - Trascendencia : Aumenta la etapa de trascendencia del equipo consumiendo Gema Bendita de la Diosa. La etapa máxima de Trascendencia es 10. {nl}  - Evolucionar : Usa {#22aaff}Token de Diosa, Gema Bendita de la Diosa, Ingrediente del equipo, y Piedra de Evolución con el nivel de equipo apropiado{/} para evolucionar el arma de rango Diosa{nl}(Sin embargo, las armaduras no pueden evolucionar y la etapa de Trascendencia del arma de rango Diosa a evolucionar debe ser 10.){nl}El {#22aaff}ataque básico del arma aumenta un 5% al evolucionar{/} y el efecto de evolución se aplica a la apariencia del arma.{nl} {nl}{s20}Grabar{nl} {s18}- Guardar Grabado : Puedes guardar la estadística aleatoria del equipo de rango Diosa equipado en el grabado.{nl}{#ffff11}Se usa la Piedra de Grabado del nivel de equipo apropiado{/} para guardar el grabado y se requiere al menos una piedra por intento.{nl}  - Aplicar Grabado : Aplica el grabado guardado al equipo actual. Se consume Token de Diosa al aplicar el grabado.{nl}. - Ichor : Puedes guardar el Ichor de Estadística Aleatoria de Armadura Nv.430, Ichor de Diosa como grabado. Esto se guardará con 100% de probabilidad y {#ffff11}el ichor guardado será destruido{/}.{nl} {nl}{s20}Engarce{nl}{s18}  - Armadura : Se pueden abrir 2 engarces normales. Se consume Token de Diosa para abrir un engarce normal.{nl}. - Arma: Se pueden abrir 2 engarces normales y 1 engarce de Gema Aether.{nl}Se consume Token de Diosa para abrir un engarce normal y el engarce de Gema Aether se puede abrir con un nivel de equipo apropiado	{@st61}{s24}가디스 장비 관리 시스템{/}{s18}{nl} {nl}{s20}재련{nl} {s18}- 강화 : {#ffff11}장비의 제작 재료와 여신의 증표를 기본 재료{/}로 강화를 시도할 수 있으며, {#ffff11}추가 재료로 강화 보조제를 사용하여 강화 확률을 상승{/}시킬 수 있습니다.{nl}강화 실패시 강화 수치가 하락하지 않으며, 누적 실패 횟수에 따른 확률 보정이 증가합니다.{nl}(누적 실패에 따른 확률 보정은 강화 성공시 초기화됩니다.){nl}  - 인챈트 : 장비 레벨에 맞는 가디스 인챈트 쥬얼을 사용하여 인챈트 옵션을 부여할 수 있습니다.{nl}  - 초월 : 여신의 축복석을 사용하여 해당 장비의 초월 단계를 증가시킬 수 있습니다. 초월 단계는 10이 최대입니다. {nl}  - 진화 : {#22aaff}여신의 증표, 여신의 축복석, 장비의 제작 재료, 장비 레벨에 맞는 진화석{/}을 사용하여 가디스 등급 무기를 진화시킵니다{nl}(단, 방어구는 진화할 수 없으며, 진화하려는 가디스 등급 무기는 초월 단계가 10이어야 합니다.){nl}{#22aaff}진화 시 무기의 기본 공격력의 5%가 상승{/}하며, 무기 외형에 진화 이펙트가 추가됩니다.{nl} {nl}{s20}각인{nl} {s18}- 각인 저장 : 장착하고 있는 가디스 등급 장비의 랜덤 옵션을 각인에 저장합니다.{nl}각인 저장에는 {#ffff11}장비 레벨에 맞는 각인석이 사용{/}되며, 저장 시도마다 최소 1개를 필요로 합니다.{nl}  - 각인 부여 : 저장된 각인을 장착 중인 장비에 부여합니다. 각인 부여 시 여신의 증표가 소모됩니다.{nl}  - 아이커 : Lv.430 방어구 랜덤 옵션 아이커, 가디스 아이커를 각인에 저장합니다. 100%확률로 저장되며 {#ffff11}저장 시 아이커는 소멸{/}합니다.{nl} {nl}{s20}소켓 관리{nl}{s18}  - 방어구 : 총 2개의 일반 소켓을 개방할 수 있습니다. 일반 소켓 개방에는 여신의 증표가 소모됩니다.{nl}  - 무기 : 총 2개의 일반 소켓과 1개의 에테르 젬 소켓을 개방할 수 있습니다.{nl}일반 소켓 개방에는 여신의 증표가 소모되며, 에테르 젬 소켓은 장비 레벨에 알맞는 	
UI_20250826_005711	{@st66b}Hermanas Arachne{/}	{@st66b}아라크네 자매{/}	UI_20210115_004581	{@st66b}Giltine{/}	{@st66b}길티네{/}	
UI_20250826_005712	Batalla de Bloqueo de las Hermanas Arachne	아라크네 자매 봉쇄전	UI_20221125_005408	Batalla de Bloqueo de Giltine	길티네 봉쇄전	
UI_20250826_005713	{s16}{ol}{#FFFFFF}Lista de Recompensas	{s16}{ol}{#FFFFFF}보상 목록	UI_20200710_004385	{s16}{ol}{#FFFFFF}Recibir recompensas	{s16}{ol}{#FFFFFF}보상 수령	
UI_20250826_005714	{@st59}Menú de Estado del Reino Infernal{/}	{@st59}마족 소굴 상태 창{/}				
UI_20250826_005715	Gestión del Núcleo	코어 관리				
UI_20250826_005716	{@st61}{s24}Gestión del Núcleo{/}{s18}{nl}	{@st61}{s24}코어 관리 시스템{/}{s18}{nl}				
UI_20250826_005717	{@st66b}Materiales de Despertar{/}	{@st66b}해방 소재 관련{/}				
UI_20250826_005718	{@st66b}Despertar{/}	{@st66b}해방{/}				
UI_20250826_005719	Materiales Forjables	재련 가능 아이템				
UI_20250826_005720	{img sysmenu_inv 25 25} En Posesión. 	{img sysmenu_inv 25 25}  보유 수량				
UI_20250826_005721	{@59}Atrás{/}	{@59}클릭시 이전페이지로{/}				
UI_20250826_005722	Fabricación de Objeto por Forjado	제련으로 생성할 아이템				
UI_20250826_005723	[Nv.540] Piedra de Despertar	[Lv.540] 해방석				
UI_20250826_005724	Puntos Requeridos	생성에 필요한 포인트				
UI_20250826_005725	Materiales Poseídos	보유 재료				
UI_20250826_005726	Cantidad Usada	사용량				
UI_20250826_005727	Forjar	제련하기				
UI_20250826_005728	Despertar	해방하기				
UI_20250826_005729	{@st42}{s20}Nivel de Despertar: %s/%s{/}	{@st42}{s20}해방 단계 : %s/%s{/}				
UI_20250826_005730	Puntos Requeridos	해방에 필요한 포인트				
UI_20250826_005731	Colocar Objeto del Núcleo	코어 아이템을 올려주세요				
UI_20250826_005732	Fragmentar un núcleo devuelve el 60% de los materiales gastados en el despertar.	분해 시 코어 아이템은 파괴되며,해방 단계에 사용한 소재의 60%를 돌려받을 수 있습니다.				
UI_20250826_005733	{@st59}Núcleo{/}	{@st59}코어{/}				
UI_20250826_005734	{@st59}Gestión del Núcleo{/}	{@st59}코어 관리{/}				
UI_20250826_005735	[Nv.540] Cristal Aether	[Lv.540] 에테르 크리스탈				
UI_20250826_005736	{@st59}Ingresa la Cantidad{/}	{@st59}사용할 개수를 입력합니다.{/}				
UI_20250826_005737	Nombre del Buff	버프 이름				
UI_20250826_005738	Descripción del Buff	버프 설명				
UI_20250826_005739	Selección	선택지				
UI_20250826_005740	{@st56}%s(Etapa %s){/}	{@st56}%s(%s단계){/}				
UI_20250826_005741	Nombre de la Penalización	패널티 이름				
UI_20250826_005742	Descripción de Selección de Buff	버프 선택지 설명				
UI_20250826_005743	Descripción de Selección de Penalización 	패널티 선택지 설명				
UI_20250826_005744	Nombre de la Selección	선택지 이름				
UI_20250826_005745	{@st42_red}Etapa %s{/}	{@st42_red}%s단계{/}				
UI_20250901_005746	Selección Aleatoria	랜덤 선택			
UI_20250901_005747	{@st59}Selecciona aleatoriamente Buff/Penalizaciones.	{@st59}버프/패널티를 랜덤하게 선택합니다.			
UI_20250902_005748	{@st66b}[Recompensa de Completado]{nl}Mejora la {#003997}"Gema Aether"{/} a través del NPC Kupole que aparece al completar.{nl}La Tasa de Mejora aumenta cuanto más alta es la etapa.{nl} {nl}[Recompensa de Temporada]{nl}{@st66b}Los 3 mejores jugadores del ranking por árbol de clase reciben un{nl}{#003997} "Quemador de Incienso Dimensional"{/} {#003997}y el objeto "Recompensa de Temporada (Fragmento de Ichor de Diosa Avanzado II [Nv.540], Cubo Aleatorio Bendito de Austeja A)"{/}por el ranking de la semana anterior. Todos los jugadores que participaron durante la semana reciben un conjunto de{nl}{#003997} "Insignia de Mercenario"{/}{nl}según su puntuación.{nl} {nl}{s13}La semana comienza cada lunes a las 06:00 (hora del servidor).{nl}{nl}{s13}{#003997}La entrada está limitada de 5 a 6 AM cada lunes{/}{nl} {nl}{s13}{#8e0000}Los jugadores que llegan al top 3 de más de un árbol de clase reciben solo las recompensas correspondientes a su ranking más alto.{nl} {nl}Cuando un jugador es excluido de un ranking de árbol de clase por entradas múltiples, el jugador siguiente ocupa su lugar en ese ranking.	{@st66b}[클리어 보상]{nl}클리어 시 생성되는 큐폴 NPC를 통해 {#003997}"에테르 젬"{/}을 강화할 수 있습니다.{nl}스테이지가 높을 수록 강화 확률이 증가합니다.{nl} {nl}[시즌 보상]{nl}직업군별 랭킹 TOP 3 구원자분들에게는{nl}{#003997} "차원의 향로"{/}아이템과 {#003997} "시즌 보상([Lv.540] 상급 가디스 아이커(방어구) 파편 II, [Lv.540] 상급 가디스 아이커(무기) 파편 II, 축복받은 [아우스테야]의 랜덤 큐브 A)"{/}아이템을 전 시즌 랭킹 보상으로 지급하며 시즌에 참여한 구원자 분들께는 자신의 기록에 비례한 수량의{nl}{#003997} "용병단 증표"{/}{nl}를 보상으로 지급합니다.{nl} {nl}{s13}시즌은 매주 월요일 06시에 초기화 됩니다{nl}{nl}{s13}{#003997}매주 월요일 05시~06시 입장이 제한됩니다{/}{nl} {nl}{s13}{#8e0000}각 직업군 TOP3 순위에 오른 구원자분이 다른 직업군 TOP3 순위에도 오른 경우 가장 높은 순위의 보상 1회만 받게 됩니다.{nl} {nl}위와 같은 상황에서 제외된 구원자분을 대신하여 해당 직업군의 다음 순위의 구원자분이 랭킹 보상을 지급받게 됩니다.	UI_20250212_005688	{@st66b}[Recompensa de Completado]{nl}Mejora la {#003997}"Gema Aether"{/} a través del NPC Kupole que aparece al completar.{nl}La Tasa de Mejora aumenta cuanto más alta es la etapa.{nl} {nl}[Recompensa de Temporada]{nl}{@st66b}Los 3 mejores jugadores del ranking por árbol de clase reciben un{nl}{#003997} "Quemador de Incienso Dimensional"{/} {#003997}y el objeto "Recompensa de Temporada (Fragmento de Ichor de Diosa Avanzado II [Nv.520], Cubo Aleatorio Bendito de Jurate A)"{/}por el ranking de la semana anterior. Todos los jugadores que participaron durante la semana reciben un conjunto de{nl}{#003997} "Insignia de Mercenario"{/}{nl}según su puntuación.{nl} {nl}{s13}La semana comienza cada lunes a las 06:00 (hora del servidor).{nl}{nl}{s13}{#003997}La entrada está limitada de 5 a 6 AM cada lunes{/}{nl} {nl}{s13}{#8e0000}Los jugadores que llegan al top 3 de más de un árbol de clase reciben solo las recompensas correspondientes a su ranking más alto.{nl} {nl}Cuando un jugador es excluido de un ranking de árbol de clase por entradas múltiples, el jugador siguiente ocupa su lugar en ese ranking.	{@st66b}[클리어 보상]{nl}클리어 시 생성되는 큐폴 NPC를 통해 {#003997}"에테르 젬"{/}을 강화할 수 있습니다.{nl}스테이지가 높을 수록 강화 확률이 증가합니다.{nl} {nl}[시즌 보상]{nl}직업군별 랭킹 TOP 3 구원자분들에게는{nl}{#003997} "차원의 향로"{/}아이템과 {#003997} "시즌 보상([Lv.520] 상급 가디스 아이커 파편 II, 축복받은 유라테의 랜덤 큐브 A)"{/}아이템을 전 시즌 랭킹 보상으로 지급하며 시즌에 참여한 구원자 분들께는 자신의 기록에 비례한 수량의{nl}{#003997} "용병단 증표"{/}{nl}를 보상으로 지급합니다.{nl} {nl}{s13}시즌은 매주 월요일 06시에 초기화 됩니다{nl}{nl}{s13}{#003997}매주 월요일 05시~06시 입장이 제한됩니다{/}{nl} {nl}{s13}{#8e0000}각 직업군 TOP3 순위에 오른 구원자분이 다른 직업군 TOP3 순위에도 오른 경우 가장 높은 순위의 보상 1회만 받게 됩니다.{nl} {nl}위와 같은 상황에서 제외된 구원자분을 대신하여 해당 직업군의 다음 순위의 구원자분이 랭킹 보상을 지급받게 됩니다.
UI_20250905_005749	Estado	현황				
UI_20250905_005750	{@st42b}{s12}{ol}%s{/}Área	{@st42b}{s12}{ol}%s{/}구역				
UI_20251209_005751	{@st66b}{s18}Evento{/}	{@st66b}{s18}이벤트{/}				
UI_20251209_005752	{@st59}Contenidos del Gremio{/}	{@st59}길드 콘텐츠{/}				
UI_20251209_005753	Intercambio de Puntos	포인트 변환				
UI_20251209_005754	Tiempo Restante{nl}%s/300 	남은 시간{nl}%s/300	UI_20241209_005686	Tiempo restante {nl}%s/300 segundos	남은 시간{nl}%s/300초	
UI_20251209_005755	{@st43}Contenidos del Gremio{/}	{@st43}길드 콘텐츠{/}				
UI_20251209_005756	{@st59b}Contenidos del Gremio{nl}{@st59s}Las funciones de Crecimiento del Gremio, Misión del Gremio y Torre del Gremio están disponibles.{nl} - Crecimiento del Gremio : Crecimiento del Gremio, Atributo del Gremio y expansión del Punto de Encuentro del Gremio.{nl} - Misión del Gremio : Puedes verificar y entrar a la Incursión de Jefe del Gremio, Misión del Gremio, Batalla de Bloqueo (Info de Ranking).{nl} - Función de Torre : Buff de Reducción de Tiempo de Fabricación y moverse al Punto de Encuentro del Gremio. Estado y Control de la Torre del Gremio disponibles.{/}	{@st59b}길드 콘텐츠{nl}{@st59s}길드 성장과 길드 퀘스트 및 길드 타워의 기능들을 사용할 수 있습니다.{nl} - 길드 성장 : 길드 성장, 길드 특성, 길드 아지트 확장을 할 수 있습니다.{nl} - 길드 퀘스트 : 길드 보스 레이드, 길드 미션, 봉쇄전(봉쇄전 랭킹 정보)을 확인하고 참여가능합니다.{nl} - 타워 기능 : 제작 시간 감소 버프 획득 및 길드 아지트로 이동이 가능하며 길드 타워의 상태와 조작이 가능합니다.{/}				
UI_20251209_005757	{@st59}Cerrar Ventana de Contenidos del Gremio{/}	{@st59}길드 콘텐츠 창을 닫습니다{/}				
UI_20251209_005758	Actividad del Gremio	길드 활동				
UI_20251209_005759	{@st43}Misión del Gremio{/}	{@st43}길드 퀘스트{/}				
UI_20251209_005760	{@st43}Función de Torre{/}	{@st43}타워 기능{/}				
UI_20251209_005761	Ventana Detallada	세부 화면				
UI_20251209_005762	Ranking de Contribución de Crecimiento	성장 기여도 랭킹				
UI_20251209_005763	Punto de Atributo Disponible: %sp	사용 가능한 특성 포인트 : %sp				
UI_20251209_005764	Materiales Necesarios para Expansión	확장에 필요한 재료				
UI_20251209_005765	Nv. y Info de Expansión del Punto de Encuentro del Gremio 	길드 아지트 확장 단계 정보				
UI_20251209_005766	Recompensa de Incursión del Jefe del Gremio	길드 보스 레이드 보상				
UI_20251209_005767	{@st43}Atrás{/}	{@st43}뒤로{/}				
UI_20251209_005768	{@st43}Iniciar{/}	{@st43}시작 하기{/}				
UI_20251209_005769	Recompensa de Misión del Gremio	길드 미션 보상				
UI_20251209_005770	{@st43}Rango{/}	{@st43}랭크{/}				
UI_20251209_005771	Recompensa de Batalla de Bloqueo	봉쇄전 보상				
UI_20251209_005772	Info de Recompensa de Ranking de Batalla de Bloqueo	봉쇄전 랭킹 보상 정보				
UI_20251209_005773	Explicación del Buff de Reducción de Tiempo de Fabricación	제작 시간 감소 버프 설명				
UI_20251209_005774	{s16}{ol}{#FFFFFF}Recibir Buff	{s16}{ol}{#FFFFFF}버프 받기				
UI_20251209_005775	{s16}{ol}{#FFFFFF}Mover al Punto de Encuentro del Gremio	{s16}{ol}{#FFFFFF}아지트로 이동				
UI_20251209_005776	0Día 0Hora 0Min	0일 0시간 0분				
UI_20251209_005777	{s16}{ol}{#FFFFFF}Eliminar Torre del Gremio	{s16}{ol}{#FFFFFF}길드 타워 제거				
UI_20251209_005778	{@st42b}{s18}{#ffcc33}※Se pueden desmantelar trajes obtenidos de la Caja de la Suerte del 10º Aniv. e intercambiar por Monedas Glaciales.{nl} {nl}※Los trajes que no se pueden comerciar personalmente ni poner en el Mercado no se pueden desmantelar.{/}	{@st42b}{s18}{#ffcc33}※10주년 행운 상자를 통해 획득한 코스튬을 분해하여 빙하 주화를 획득할 수 있습니다.{nl} {nl}※개인/마켓 거래가 불가능한 코스튬은 분해가 불가능합니다.{/}				
UI_20251209_005779	{@st41b}%s Actual: %s{/}	{@st41b}현재 %s: %s{/}	UI_20201030_004536	{@st41b}Puntos Actuales: %s{/}	{@st41b}현재 포인트: %s{/}	
UI_20251209_005780	{@st41b}Obtener %s: {#ec0000}%s{/}{/}	{@st41b}획득 %s: {#ec0000}%s{/}{/}	UI_20201030_004537	{@st41b}Puntos Obtenidos: {#ec0000}%s{/}{/}	{@st41b}획득 포인트: {#ec0000}%s{/}{/}	
UI_20251209_005781	{@st41b}Total %s: {@st66d_y}%s{/}{/}	{@st41b}총 %s: {@st66d_y}%s{/}{/}	UI_20201030_004538	{@st41b}Puntos Totales: {@st66d_y}%s{/}{/}	{@st41b}총 포인트: {@st66d_y}%s{/}{/}	
UI_20251209_005782	{@st59}Menú de Contenidos{/}	{@st59}콘텐츠 메뉴{/}				
UI_20251209_005783	Aumento de Nivel de Atributo	특성 레벨 증가				
UI_20251209_005784	Nombre de Misión del Gremio	길드 퀘스트 이름				
UI_20251209_005785	Nombre de la Instalación	시설 이름				
UI_20251209_005786	Efecto de la Instalación	시설 효과				
UI_20251217_005787	{#ff0000}Los objetos comprados en la Tienda Glacial no son comerciables y{nl} solo van al almacén de equipo.	{#ff0000}빙하 주화 상점에서 획득하는 아이템은 팀 창고{nl} 이동만 가능합니다.				
UI_20251218_005788	{#ff0000}Los objetos de la Tienda Glacial no son comerciables y solo van al almacén de equipo.	{#ff0000}빙하 주화 상점에서 획득하는 아이템은 팀 창고 이동만 가능합니다.
UI_20251222_005789	{@st42}Físico	{@st42}물
UI_20251222_005790	{@st42}Magia	{@st42}마
UI_20251222_005791	{@st42}Curar	{@st42}힐
UI_20251229_005792	{@st41b}Identificación de Reliquia{/}	{@st41b}유물 감정{/}			
UI_20251229_005793	{@st59}Cerrar Ventana de Identificar.{/}	{@st59}감정 창을 닫습니다.{/}			
UI_20251229_005794	{@st59}Por favor coloca una reliquia para identificar.{/}	{@st59}감정할 유물을 올려주세요{/}			
UI_20251229_005795	{@st41b}Identificar{/}	{@st41b}감정하기			
UI_20260206_005796	{@st43}Mejora de Carta de Incursión{/}	{@st43}레이드 카드 강화{/}
UI_20260206_005797	Carta de Incursión	레이드 카드
UI_20260206_005798	{@st100white_16}Consume todos los objetos y mejora {@st204_purple}{s17} %s {/}{/}{@st100white_16}. {nl} {nl} - {@st100white_16}{@st66d_y}{s17}%s{/}{/}%s cantidad{nl} {nl} - {@st59}{@st66d_y}{s17}%s{/}{/}{@st100white_16}{nl} {nl}	{@st100white_16}아래 아이템을 모두 소모하여 {@st204_purple}{s17} %s {/}{/}{@st100white_16}를 강화합니다. {nl} {nl} - {@st100white_16}{@st66d_y}{s17}%s{/}{/}%s개{nl} {nl} - {@st59}{@st66d_y}{s17}%s{/}{/}{@st100white_16}{nl} {nl}
UI_20260206_005799	{@st59}Cerrar UI de Fabricación de Carta de Incursión.{/}	{@st59}레이드 카드 제작 UI를 닫습니다.{/}
UI_20260206_005800	{@st59}Info del Gremio (Alt + G){/}	{@st59}길드 정보 (Alt + G){/}
UI_20260206_005801	{@st59}Contenidos del Gremio (Alt + H){/}	{@st59}길드 콘텐츠 (Alt + H){/}
UI_20260206_005802	{@st59}Vestuario del Gremio (Alt + D){/}	{@st59}길드 드레스 룸 (Alt + D){/}
UI_20260206_005803	{@st44}Contenidos del Gremio{/}	{@st44}길드 콘텐츠{/}
UI_20260206_005804	{@st44}Menú de Contenidos del Gremio{/}	{@st44}길드 콘텐츠 메뉴{/}
UI_20260206_005805	{@st44}Actividad del Gremio{/}	{@st44}길드 활동{/}
UI_20260206_005806	{@st44}Misión del Gremio{/}	{@st44}길드 퀘스트{/}
UI_20260206_005807	{@st44}Función de Torre{/}	{@st44}타워 기능{/}
UI_20260206_005808	Detalles del Menú	메뉴 상세
UI_20260206_005809	Tasa de Logro : %s%	달성률 : %s%
UI_20260206_005810	[Ranking de Contribución de Crecimiento]	[성장 기여도 랭킹]
UI_20260206_005811	Materiales Necesarios para Expansión	확장 필요재료
UI_20260206_005812	Nv. e Info del Punto de Encuentro del Gremio 	길드 아지트 단계 정보
UI_20260206_005813	Iniciar	시작 하기
UI_20260206_005814	Info del Jefe de Batalla de Bloqueo	봉쇄전 보스 정보
UI_20260206_005815	Eliminar Torre del Gremio	길드 타워 제거
UI_20260206_005816	{@st43}Vestuario del Gremio{/}	{@st43}길드 드레스 룸{/}
UI_20260206_005817	{@st59b}Vestuario del Gremio{nl}{@st59s}Registra trajes por grados, y a medida que aumenta el nivel, el efecto de Dignidad del Gremio aumenta.{nl} - Registrar Objeto de Traje (Clic izquierdo){nl} - Vista previa o recuperar (Clic derecho){nl} * Solo se pueden recuperar al inventario los trajes de nivel máximo.{/}	{@st59b}길드 드레스 룸{nl}{@st59s}등급별로 코스튬을 등록하여 레벨이 높아질 수록 길드 위엄의 효과가 증가합니다.{nl} - 코스튬 아이템 등록(마우스 왼쪽 클릭){nl} - 미리보기 및 인벤토리로 가져오기(마우스 오른쪽 클릭){nl} * 인벤토리로 가져오기의 경우 최대 레벨 달성시에 가능합니다.{/}
UI_20260206_005818	{@st59}Cerrar Ventana de Vestuario del Gremio{/}	{@st59}길드 드레스 룸 창을 닫습니다{/}
UI_20260206_005819	{@st59}Buscar por nombre de traje.{/}	{@st59}코스튬 이름으로 검색 합니다.{/}
UI_20260206_005820	Rango S	S등급
UI_20260206_005821	Rango A	A등급
UI_20260206_005822	Rango B	B등급
UI_20260206_005823	{@st59}Filtrar/Ordenar{/}	{@st59}필터/정렬 설정{/}
UI_20260206_005824	{@st68b}Nombre(Ascendente){/}	{@st68b}이름(오름차순){/}
UI_20260206_005825	{@st68b}Nivel(Ascendente){/}	{@st68b}레벨(오름차순){/}
UI_20260206_005826	{@st68b}Nombre(Descendente){/}	{@st68b}이름(내림차순){/}
UI_20260206_005827	{@st68b}Nivel(Descendente){/}	{@st68b}레벨(내림차순){/}
UI_20260206_005828	{@st68b}No Registrado(%s){/}	{@st68b}미등록(%s){/}
UI_20260206_005829	{@st68b}Probarse{/}	{@st68b}입어보기 가능{/}
UI_20260206_005830	Efecto de Dignidad del Gremio	길드 위엄 효과
UI_20260206_005831	{@st68b}Daño Físico{/}	{@st68b}물리 공격력{/}
UI_20260206_005832	{@st68b}Daño Mágico{/}	{@st68b}마법 공격력{/}
UI_20260206_005833	{@st68b}FUE{/}	{@st68b}힘{/}
UI_20260206_005834	{@st68b}INT{/}	{@st68b}지능{/}
UI_20260206_005835	{@st68b}CON{/}	{@st68b}체력{/}
UI_20260206_005836	{@st68b}DES{/}	{@st68b}민첩{/}
UI_20260206_005837	{@st68b}SPR{/}	{@st68b}정신{/}
UI_20260206_005838	{@st68b}Ataque Crítico Físico{/}	{@st68b}물리 치명타 공격력{/}
UI_20260206_005839	{@st68b}Ataque Crítico Mágico{/}	{@st68b}마법 치명타 공격력{/}
UI_20260206_005840	{@st68b}Defensa Física{/}	{@st68b}물리 방어력{/}
UI_20260206_005841	{@st68b}Daño Mágico{/}	{@st68b}마법 방어력{/}
UI_20260206_005842	{@st68b}Bloqueo{/}	{@st68b}블록{/}
UI_20260206_005843	{@st68b}Penetración de Bloqueo{/}	{@st68b}블록 관통{/}
UI_20260206_005844	{@st68b}Resistencia a Crítico{/}	{@st68b}치명타 저항{/}
UI_20260206_005845	{@st68b}Tasa de Golpe Crítico{/}	{@st68b}치명타 발생{/}
UI_20260206_005846	{@st68b}Precisión{/}	{@st68b}명중{/}
UI_20260206_005847	{@st68b}Evasión{/}	{@st68b}회피{/}
UI_20260206_005848	{@st59}Puedes ver la Dignidad del Efecto del Gremio.{/}	{@st59}길드의 위엄 효과를 볼 수 있습니다.{/}
UI_20260206_005849	{@st59}Selecciona la pose para el personaje de vista previa.{/}	{@st59}미리보기 캐릭터의 포즈를 선택합니다.{/}
UI_20260206_005850	{@st59}Rota el personaje de vista previa a la izquierda.{/}	{@st59}미리보기 캐릭터를 왼쪽으로 회전시킵니다.{/}
UI_20260206_005851	{@st59}Rota el personaje de vista previa a la derecha.{/}	{@st59}미리보기 상태의 캐릭터를 오른쪽으로 회전시킵니다.{/}
UI_20260206_005852	{@st43}Dignidad del Efecto del Gremio{/}	{@st43}길드의 위험 효과{/}
UI_20260206_005853	{@st59b}Dignidad del Efecto del Gremio{nl}{@st59s} Puedes ver todas las estadísticas aplicadas de la Dignidad del Efecto del Gremio.	{@st59b}길드 위엄 효과{nl}{@st59s}길드 위엄 효과의 총합을 볼 수 있습니다.
UI_20260206_005854	{@st59}Cerrar Ventana de Dignidad del Efecto del Gremio{/}	{@st59}길드의 위엄 효과 창을 닫습니다{/}
UI_20260206_005855	{@st68b}{s24}Completado(%s){/}	{@st68b}{s24}완성(%s){/}
UI_20260206_005856	{@st43}Seleccionar Gesto{/}	{@st43}제스처 선택{/}
UI_20260206_005857	{@st59b}Seleccionar Gesto{nl}{@st59s}Selecciona el gesto para el personaje de vista previa. 	{@st59b}제스처 선택{nl}{@st59s}미리보기 캐릭터의 제스처를 선택할 수 있습니다.
UI_20260206_005858	{@st59}Cerrar Ventana de Selección de Gesto{/}	{@st59}제스처 선택 창을 닫습니다{/}
UI_20260206_005859	{@st59}Gremio{/}	{@st59}길드{/}
UI_20260206_005860	%s 	%s명
UI_20260206_005861	%s Mín.	%s분
UI_20260206_005862	%s Ticket	%s장
UI_20260206_005863	{@st59}Registrar Traje.{/}	{@st59}코스튬 아이템을 등록합니다.{/}
UI_20260206_005864	{@st59}Vista Previa del Traje{/}	{@st59}코스튬 미리보기{/}
UI_20260206_005865	{@st59}Mover al Inventario{/}	{@st59}인벤토리 가져오기{/}
UI_20260206_005866	Cantidad Prestada : %s	대여 횟수 : %s
UI_20260206_005867	Contribución : %s	기여도 : %s
UI_20260209_005868	{@st59}Ordenar/Filtrar{/}	{@st59}정렬/필터 설정{/}			
UI_20260209_005869	Eliminar Todo	모두 해제			
UI_20260209_005870	{@st68b}Completado{/}	{@st68b}완성{/}	UI_20170313_002539	{@st68b}Completado(%s){/}	{@st68b}완성(%s){/}
UI_20260209_005871	{@st68b}No Registrado{/}	{@st68b}미등록{/}			
UI_20260209_005872	{@st68b}Incompleto{/}	{@st68b}미완성{/}			
UI_20260209_005873	{@st43}Dignidad del Efecto del Gremio{/}	{@st43}길드의 위엄 효과{/}			
UI_20260209_005874	{@st55_hero_count}{s21}Completado : %s{/}	{@st55_hero_count}{s21}완성 : %s{/}			
UI_20260209_005875	{@st59}Vestuario del Gremio (Alt + D){/}	{@st59}길드 드레스룸 (Alt + D){/}	UI_20260206_005802	{@st59}Vestuario del Gremio (Alt + D){/}	{@st59}길드 드레스 룸 (Alt + D){/}
UI_20260209_005876	{@st43}Vestuario del Gremio{/}	{@st43}길드 드레스룸{/}	UI_20260206_005816	{@st43}Vestuario del Gremio{/}	{@st43}길드 드레스 룸{/}
UI_20260209_005877	{@st59b}Vestuario del Gremio{nl}{@st59s}Registra trajes por grados, y a medida que aumenta el nivel, el efecto de Dignidad del Gremio aumenta.{nl} - Registrar Objeto de Traje (Clic izquierdo){nl} - Vista previa o recuperar (Clic derecho){nl} * Solo se pueden recuperar al inventario los trajes de nivel máximo.{/} 	{@st59b}길드 드레스룸{nl}{@st59s}등급별로 코스튬을 등록하여 레벨이 높아질 수록 길드 위엄의 효과가 증가합니다.{nl} - 코스튬 아이템 등록(마우스 왼쪽 클릭){nl} - 미리보기 및 인벤토리로 가져오기(마우스 오른쪽 클릭){nl} * 인벤토리로 가져오기의 경우 최대 레벨 달성시에 가능합니다.{/}	UI_20260206_005817	{@st59b}Vestuario del Gremio{nl}{@st59s}Registra trajes por grados, y a medida que aumenta el nivel, el efecto de Dignidad del Gremio aumenta.{nl} - Registrar Objeto de Traje (Clic izquierdo){nl} - Vista previa o recuperar (Clic derecho){nl} * Solo se pueden recuperar al inventario los trajes de nivel máximo.{/}	{@st59b}길드 드레스 룸{nl}{@st59s}등급별로 코스튬을 등록하여 레벨이 높아질 수록 길드 위엄의 효과가 증가합니다.{nl} - 코스튬 아이템 등록(마우스 왼쪽 클릭){nl} - 미리보기 및 인벤토리로 가져오기(마우스 오른쪽 클릭){nl} * 인벤토리로 가져오기의 경우 최대 레벨 달성시에 가능합니다.{/}
UI_20260209_005878	{@st59}Cerrar Ventana de Vestuario del Gremio{/} 	{@st59}길드 드레스룸 창을 닫습니다{/}	UI_20260206_005818	{@st59}Cerrar Ventana de Vestuario del Gremio{/}	{@st59}길드 드레스 룸 창을 닫습니다{/}
UI_20260220_005879	{img NOTICE_Dm_! 30 30}{@st43}{s16}Límite de Adquisición de Plata{/}	{img NOTICE_Dm_! 30 30}{@st43}{s16}실버 획득 제한{/}				
UI_20260220_005880	{@st43}{s16}En mazmorras de nivel inferior, obtendrás el doble de materiales en lugar de Plata.{/}	{@st43}{s16}낮은 레벨의 던전에서는 실버 대신 소재를 2배로 얻습니다.{/}				
UI_20260504_005881	Coloca el Traje de Cabello para extraer estadísticas. {nl}Este Traje {#ff0000}{b}se destruirá después de extraer las estadísticas.	옵션을 추출할 헤어 코스튬을 올려주세요 {nl}해당 코스튬은 {#ff0000}{b}옵션이 추출되고 소멸됩니다			
UI_20260504_005882	Coloca el Traje de Cabello para aplicar estadísticas.{nl}Las estadísticas extraídas {#ff0000}{b}se transferirán a este Traje.	옵션을 이전할 헤어 코스튬을 올려주세요 {nl}해당 코스튬으로 {#ff0000}{b}추출된 옵션이 이전됩니다			
UI_20260511_005883	{b}{#000000}Selecciona el Traje del que deseas extraer estadísticas. {nl}Las estadísticas del siguiente traje serán extraídas {#ff0000}y destruidas.	{b}{#000000}옵션을 추출할 헤어 코스튬을 올려주세요. {nl}해당 코스튬은 {#ff0000}옵션이 추출되고 소멸됩니다.			
UI_20260511_005884	{b}{#000000}Selecciona el traje al que deseas aplicar las estadísticas. {nl}Las estadísticas se {#ff0000}{b}aplicarán al siguiente traje.	{b}{#000000}옵션을 이전할 헤어 코스튬을 올려주세요. {nl}해당 코스튬으로 {#ff0000}{b}추출된 옵션이 이전됩니다.			
UI_20260529_005885	{s14}※Acumula hasta %s puntos y se reinicia cada trimestre (1 de enero, 1 de abril, 1 de julio, 1 de octubre a las 00:00).	{s14}※최대 %s포인트까지 누적되며, 매 분기(1,4,7,10월 1일 00시)마다 초기화 됩니다.				
